起报时间,预报时间,实际功率 (MW),PureLSTM预测功率 (MW)
2019-02-22,2019-02-23 00:00:00,0.351562,0.23977888
2019-02-22,2019-02-23 00:15:00,0.520312,0.32281768
2019-02-22,2019-02-23 00:30:00,0.734766,0.4706174
2019-02-22,2019-02-23 00:45:00,0.994922,0.6382061
2019-02-22,2019-02-23 01:00:00,1.241016,0.8137949
2019-02-22,2019-02-23 01:15:00,1.480078,0.99483883
2019-02-22,2019-02-23 01:30:00,1.712109,1.1627635
2019-02-22,2019-02-23 01:45:00,2.003906,1.3690126
2019-02-22,2019-02-23 02:00:00,2.267578,1.539713
2019-02-22,2019-02-23 02:15:00,2.576953,1.7292969
2019-02-22,2019-02-23 02:30:00,2.784375,1.8867067
2019-02-22,2019-02-23 02:45:00,3.005859,2.064776
2019-02-22,2019-02-23 03:00:00,3.128906,2.2211382
2019-02-22,2019-02-23 03:15:00,3.174609,2.3747401
2019-02-22,2019-02-23 03:30:00,3.364453,2.4713695
2019-02-22,2019-02-23 03:45:00,3.455859,2.605787
2019-02-22,2019-02-23 04:00:00,3.533203,2.6727269
2019-02-22,2019-02-23 04:15:00,3.614062,2.7830188
2019-02-22,2019-02-23 04:30:00,3.607031,2.7950356
2019-02-22,2019-02-23 04:45:00,3.3433589999999995,2.8213415
2019-02-22,2019-02-23 05:00:00,3.4066410000000005,2.839856
2019-02-22,2019-02-23 05:15:00,3.571875,2.7896504
2019-02-22,2019-02-23 05:30:00,3.494531,2.7756202
2019-02-22,2019-02-23 05:45:00,3.290625,2.681286
2019-02-22,2019-02-23 06:00:00,3.353906,2.5872824
2019-02-22,2019-02-23 06:15:00,3.2449220000000003,2.4972544
2019-02-22,2019-02-23 06:30:00,2.946094,2.3701391
2019-02-22,2019-02-23 06:45:00,2.960156,2.2185984
2019-02-22,2019-02-23 07:00:00,2.633203,2.0345855
2019-02-22,2019-02-23 07:15:00,2.387109,1.8227423
2019-02-22,2019-02-23 07:30:00,2.102344,1.649453
2019-02-22,2019-02-23 07:45:00,1.919531,1.4242651
2019-02-22,2019-02-23 08:00:00,1.508203,1.1787997
2019-02-22,2019-02-23 08:15:00,1.272656,1.0223069
2019-02-22,2019-02-23 08:30:00,1.037109,0.8430626
2019-02-22,2019-02-23 08:45:00,0.713672,0.69853306
2019-02-22,2019-02-23 09:00:00,0.4710939999999999,0.50995356
2019-02-22,2019-02-23 09:15:00,0.319922,0.4084603
2019-02-22,2019-02-23 09:30:00,0.186328,0.28759277
2019-02-22,2019-02-23 09:45:00,0.014062,0.18219517
2019-02-22,2019-02-23 10:00:00,0.0,0.06320017
2019-02-22,2019-02-23 10:15:00,0.0,0.050372835
2019-02-22,2019-02-23 10:30:00,0.0,0.012989501
2019-02-22,2019-02-23 10:45:00,0.0,0.037597306
2019-02-22,2019-02-23 11:00:00,0.0,0.05204989
2019-02-22,2019-02-23 11:15:00,0.0,0.04074313
2019-02-22,2019-02-23 11:30:00,0.0,0.03505587
2019-02-22,2019-02-23 11:45:00,0.0,0.0631346
2019-02-22,2019-02-23 12:00:00,0.0,0.05022738
2019-02-22,2019-02-23 12:15:00,0.0,0.07565339
2019-02-22,2019-02-23 12:30:00,0.0,0.08102856
2019-02-22,2019-02-23 12:45:00,0.0,0.057350572
2019-02-22,2019-02-23 13:00:00,0.0,0.012840455
2019-02-22,2019-02-23 13:15:00,0.0,0.05013523
2019-02-22,2019-02-23 13:30:00,0.0,0.030332126
2019-02-22,2019-02-23 13:45:00,0.0,0.04023374
2019-02-22,2019-02-23 14:00:00,0.0,0.020130366
2019-02-22,2019-02-23 14:15:00,0.0,-0.03221181
2019-02-22,2019-02-23 14:30:00,0.0,-0.01666678
2019-02-22,2019-02-23 14:45:00,0.0,-0.017343407
2019-02-22,2019-02-23 15:00:00,0.0,-0.036316227
2019-02-22,2019-02-23 15:15:00,0.0,-0.012722973
2019-02-22,2019-02-23 15:30:00,0.0,-0.015050164
2019-02-22,2019-02-23 15:45:00,0.0,-0.019467894
2019-02-22,2019-02-23 16:00:00,0.0,-0.0058033294
2019-02-22,2019-02-23 16:15:00,0.0,0.01575249
2019-02-22,2019-02-23 16:30:00,0.0,0.0295446
2019-02-22,2019-02-23 16:45:00,0.0,0.025234394
2019-02-22,2019-02-23 17:00:00,0.0,0.03186311
2019-02-22,2019-02-23 17:15:00,0.0,0.029423783
2019-02-22,2019-02-23 17:30:00,0.0,0.0086702015
2019-02-22,2019-02-23 17:45:00,0.0,0.0025751812
2019-02-22,2019-02-23 18:00:00,0.0,-0.02287951
2019-02-22,2019-02-23 18:15:00,0.0,-0.02448493
2019-02-22,2019-02-23 18:30:00,0.0,-0.012838316
2019-02-22,2019-02-23 18:45:00,0.0,-0.008037563
2019-02-22,2019-02-23 19:00:00,0.0,0.013175622
2019-02-22,2019-02-23 19:15:00,0.0,0.013603704
2019-02-22,2019-02-23 19:30:00,0.0,0.0137034105
2019-02-22,2019-02-23 19:45:00,0.0,-0.0102039
2019-02-22,2019-02-23 20:00:00,0.0,0.014625538
2019-02-22,2019-02-23 20:15:00,0.0,0.011116727
2019-02-22,2019-02-23 20:30:00,0.0,0.017598825
2019-02-22,2019-02-23 20:45:00,0.0,0.035508208
2019-02-22,2019-02-23 21:00:00,0.0,0.022206873
2019-02-22,2019-02-23 21:15:00,0.0,0.01284239
2019-02-22,2019-02-23 21:30:00,0.0,0.03758208
2019-02-22,2019-02-23 21:45:00,0.0,0.05607114
2019-02-22,2019-02-23 22:00:00,0.0,0.05051784
2019-02-22,2019-02-23 22:15:00,0.0,0.045753833
2019-02-22,2019-02-23 22:30:00,0.0,0.059762083
2019-02-22,2019-02-23 22:45:00,0.0,0.054095987
2019-02-22,2019-02-23 23:00:00,0.0,0.08012338
2019-02-22,2019-02-23 23:15:00,0.035156,0.09823913
2019-02-22,2019-02-23 23:30:00,0.133594,0.1369367
2019-02-22,2019-02-23 23:45:00,0.228516,0.19806607
2019-02-23,2019-02-24 00:00:00,0.400781,0.45758173
2019-02-23,2019-02-24 00:15:00,0.573047,0.60190475
2019-02-23,2019-02-24 00:30:00,0.769922,0.7719222
2019-02-23,2019-02-24 00:45:00,0.95625,1.0102576
2019-02-23,2019-02-24 01:00:00,1.209375,1.2339871
2019-02-23,2019-02-24 01:15:00,1.466016,1.4263918
2019-02-23,2019-02-24 01:30:00,1.613672,1.6294752
2019-02-23,2019-02-24 01:45:00,1.880859,1.8354143
2019-02-23,2019-02-24 02:00:00,2.077734,1.9666241
2019-02-23,2019-02-24 02:15:00,1.996875,2.113713
2019-02-23,2019-02-24 02:30:00,2.358984,2.208908
2019-02-23,2019-02-24 02:45:00,2.580469,2.3382862
2019-02-23,2019-02-24 03:00:00,2.351953,2.4690883
2019-02-23,2019-02-24 03:15:00,2.053125,2.5199373
2019-02-23,2019-02-24 03:30:00,2.264062,2.553607
2019-02-23,2019-02-24 03:45:00,1.958203,2.5465071
2019-02-23,2019-02-24 04:00:00,1.497656,2.579905
2019-02-23,2019-02-24 04:15:00,1.634766,2.5781922
2019-02-23,2019-02-24 04:30:00,2.141016,2.3932347
2019-02-23,2019-02-24 04:45:00,1.923047,2.339696
2019-02-23,2019-02-24 05:00:00,2.489063,2.1864216
2019-02-23,2019-02-24 05:15:00,2.242969,2.016412
2019-02-23,2019-02-24 05:30:00,1.610156,1.9624542
2019-02-23,2019-02-24 05:45:00,1.996875,1.7969587
2019-02-23,2019-02-24 06:00:00,1.469531,1.5469555
2019-02-23,2019-02-24 06:15:00,1.314844,1.4078059
2019-02-23,2019-02-24 06:30:00,1.381641,1.2351415
2019-02-23,2019-02-24 06:45:00,1.29375,1.0653286
2019-02-23,2019-02-24 07:00:00,1.142578,0.8392999
2019-02-23,2019-02-24 07:15:00,1.163672,0.6522338
2019-02-23,2019-02-24 07:30:00,1.117969,0.43849573
2019-02-23,2019-02-24 07:45:00,1.082812,0.28916934
2019-02-23,2019-02-24 08:00:00,0.8085939999999999,0.18257011
2019-02-23,2019-02-24 08:15:00,0.6152340000000001,0.07999966
2019-02-23,2019-02-24 08:30:00,0.464063,0.023412092
2019-02-23,2019-02-24 08:45:00,0.333984,0.032880735
2019-02-23,2019-02-24 09:00:00,0.2355469999999999,0.0426234
2019-02-23,2019-02-24 09:15:00,0.16875,0.02741581
2019-02-23,2019-02-24 09:30:00,0.126563,0.03876514
2019-02-23,2019-02-24 09:45:00,0.0210939999999999,0.056001432
2019-02-23,2019-02-24 10:00:00,0.0,0.07800942
2019-02-23,2019-02-24 10:15:00,0.0,0.086141124
2019-02-23,2019-02-24 10:30:00,0.0,0.17083883
2019-02-23,2019-02-24 10:45:00,0.0,0.14792085
2019-02-23,2019-02-24 11:00:00,0.0,0.16522409
2019-02-23,2019-02-24 11:15:00,0.0,0.14269038
2019-02-23,2019-02-24 11:30:00,0.0,0.15919505
2019-02-23,2019-02-24 11:45:00,0.0,0.1325149
2019-02-23,2019-02-24 12:00:00,0.0,0.15329991
2019-02-23,2019-02-24 12:15:00,0.0,0.15703571
2019-02-23,2019-02-24 12:30:00,0.0,0.09106493
2019-02-23,2019-02-24 12:45:00,0.0,0.06837751
2019-02-23,2019-02-24 13:00:00,0.0,0.03574655
2019-02-23,2019-02-24 13:15:00,0.0,0.0060564424
2019-02-23,2019-02-24 13:30:00,0.0,0.038776908
2019-02-23,2019-02-24 13:45:00,0.0,-0.00976664
2019-02-23,2019-02-24 14:00:00,0.0,-0.02234563
2019-02-23,2019-02-24 14:15:00,0.0,-0.040161025
2019-02-23,2019-02-24 14:30:00,0.0,-0.048801187
2019-02-23,2019-02-24 14:45:00,0.0,0.002591456
2019-02-23,2019-02-24 15:00:00,0.0,-0.0013219406
2019-02-23,2019-02-24 15:15:00,0.0,-0.007467431
2019-02-23,2019-02-24 15:30:00,0.0,-0.020830037
2019-02-23,2019-02-24 15:45:00,0.0,-0.024470076
2019-02-23,2019-02-24 16:00:00,0.0,-0.02477257
2019-02-23,2019-02-24 16:15:00,0.0,0.014810672
2019-02-23,2019-02-24 16:30:00,0.0,0.007322789
2019-02-23,2019-02-24 16:45:00,0.0,-0.017161237
2019-02-23,2019-02-24 17:00:00,0.0,0.028606588
2019-02-23,2019-02-24 17:15:00,0.0,0.038255293
2019-02-23,2019-02-24 17:30:00,0.0,0.04483862
2019-02-23,2019-02-24 17:45:00,0.0,0.015390762
2019-02-23,2019-02-24 18:00:00,0.0,0.03168929
2019-02-23,2019-02-24 18:15:00,0.0,0.05841901
2019-02-23,2019-02-24 18:30:00,0.0,0.09910988
2019-02-23,2019-02-24 18:45:00,0.0,0.095211364
2019-02-23,2019-02-24 19:00:00,0.0,0.11200237
2019-02-23,2019-02-24 19:15:00,0.0,0.102963224
2019-02-23,2019-02-24 19:30:00,0.0,0.11258143
2019-02-23,2019-02-24 19:45:00,0.0,0.0864623
2019-02-23,2019-02-24 20:00:00,0.0,0.08683995
2019-02-23,2019-02-24 20:15:00,0.0,0.04367325
2019-02-23,2019-02-24 20:30:00,0.0,0.04218157
2019-02-23,2019-02-24 20:45:00,0.0,0.051126365
2019-02-23,2019-02-24 21:00:00,0.0,-0.00097015005
2019-02-23,2019-02-24 21:15:00,0.0,0.067987785
2019-02-23,2019-02-24 21:30:00,0.0,0.118781984
2019-02-23,2019-02-24 21:45:00,0.0,0.11724927
2019-02-23,2019-02-24 22:00:00,0.0,0.12681733
2019-02-23,2019-02-24 22:15:00,0.0,0.18466967
2019-02-23,2019-02-24 22:30:00,0.0,0.19495001
2019-02-23,2019-02-24 22:45:00,0.0,0.21919942
2019-02-23,2019-02-24 23:00:00,0.0,0.25136027
2019-02-23,2019-02-24 23:15:00,0.007031,0.33598065
2019-02-23,2019-02-24 23:30:00,0.091406,0.39152965
2019-02-23,2019-02-24 23:45:00,0.214453,0.51073045
2019-02-24,2019-02-25 00:00:00,0.267188,0.45601833
2019-02-24,2019-02-25 00:15:00,0.478125,0.5730196
2019-02-24,2019-02-25 00:30:00,0.573047,0.75219464
2019-02-24,2019-02-25 00:45:00,0.727734,0.95273924
2019-02-24,2019-02-25 01:00:00,1.008984,1.152668
2019-02-24,2019-02-25 01:15:00,1.226953,1.3525558
2019-02-24,2019-02-25 01:30:00,1.430859,1.5306389
2019-02-24,2019-02-25 01:45:00,1.666406,1.7352139
2019-02-24,2019-02-25 02:00:00,1.85625,1.898276
2019-02-24,2019-02-25 02:15:00,2.109375,2.0778916
2019-02-24,2019-02-25 02:30:00,2.211328,2.2123928
2019-02-24,2019-02-25 02:45:00,2.327344,2.3692498
2019-02-24,2019-02-25 03:00:00,2.397656,2.5039926
2019-02-24,2019-02-25 03:15:00,2.548828,2.6280892
2019-02-24,2019-02-25 03:30:00,2.608594,2.696611
2019-02-24,2019-02-25 03:45:00,2.707031,2.7888188
2019-02-24,2019-02-25 04:00:00,2.742188,2.8284295
2019-02-24,2019-02-25 04:15:00,2.794922,2.9046717
2019-02-24,2019-02-25 04:30:00,2.777344,2.8801029
2019-02-24,2019-02-25 04:45:00,2.707031,2.8778827
2019-02-24,2019-02-25 05:00:00,2.668359,2.853167
2019-02-24,2019-02-25 05:15:00,2.626172,2.7697709
2019-02-24,2019-02-25 05:30:00,2.288672,2.7266276
2019-02-24,2019-02-25 05:45:00,2.496094,2.613715
2019-02-24,2019-02-25 06:00:00,2.496094,2.485294
2019-02-24,2019-02-25 06:15:00,2.373047,2.380441
2019-02-24,2019-02-25 06:30:00,2.246484,2.2276866
2019-02-24,2019-02-25 06:45:00,2.042578,2.0676656
2019-02-24,2019-02-25 07:00:00,1.901953,1.867973
2019-02-24,2019-02-25 07:15:00,1.736719,1.6509361
2019-02-24,2019-02-25 07:30:00,1.469531,1.4629188
2019-02-24,2019-02-25 07:45:00,0.8578129999999999,1.2449472
2019-02-24,2019-02-25 08:00:00,1.163672,1.0102707
2019-02-24,2019-02-25 08:15:00,0.601172,0.8525291
2019-02-24,2019-02-25 08:30:00,0.6574220000000001,0.6798713
2019-02-24,2019-02-25 08:45:00,0.523828,0.55282444
2019-02-24,2019-02-25 09:00:00,0.376172,0.3867116
2019-02-24,2019-02-25 09:15:00,0.151172,0.30013207
2019-02-24,2019-02-25 09:30:00,0.098438,0.20321432
2019-02-24,2019-02-25 09:45:00,0.0105469999999999,0.1152264
2019-02-24,2019-02-25 10:00:00,0.0,0.017160146
2019-02-24,2019-02-25 10:15:00,0.0,0.00857994
2019-02-24,2019-02-25 10:30:00,0.0,-0.0067042443
2019-02-24,2019-02-25 10:45:00,0.0,0.021008113
2019-02-24,2019-02-25 11:00:00,0.0,0.04355791
2019-02-24,2019-02-25 11:15:00,0.0,0.0359037
2019-02-24,2019-02-25 11:30:00,0.0,0.035589106
2019-02-24,2019-02-25 11:45:00,0.0,0.056876075
2019-02-24,2019-02-25 12:00:00,0.0,0.050314557
2019-02-24,2019-02-25 12:15:00,0.0,0.07987973
2019-02-24,2019-02-25 12:30:00,0.0,0.07770476
2019-02-24,2019-02-25 12:45:00,0.0,0.057761457
2019-02-24,2019-02-25 13:00:00,0.0,0.02482236
2019-02-24,2019-02-25 13:15:00,0.0,0.05269072
2019-02-24,2019-02-25 13:30:00,0.0,0.040408295
2019-02-24,2019-02-25 13:45:00,0.0,0.049588345
2019-02-24,2019-02-25 14:00:00,0.0,0.0318155
2019-02-24,2019-02-25 14:15:00,0.0,-0.011843517
2019-02-24,2019-02-25 14:30:00,0.0,0.002859054
2019-02-24,2019-02-25 14:45:00,0.0,0.004725531
2019-02-24,2019-02-25 15:00:00,0.0,-0.014192601
2019-02-24,2019-02-25 15:15:00,0.0,0.006258488
2019-02-24,2019-02-25 15:30:00,0.0,0.00031825333
2019-02-24,2019-02-25 15:45:00,0.0,-0.005714363
2019-02-24,2019-02-25 16:00:00,0.0,-0.0018967635
2019-02-24,2019-02-25 16:15:00,0.0,0.015682762
2019-02-24,2019-02-25 16:30:00,0.0,0.023827026
2019-02-24,2019-02-25 16:45:00,0.0,0.017285304
2019-02-24,2019-02-25 17:00:00,0.0,0.021078872
2019-02-24,2019-02-25 17:15:00,0.0,0.022641499
2019-02-24,2019-02-25 17:30:00,0.0,0.00077793887
2019-02-24,2019-02-25 17:45:00,0.0,-0.008555476
2019-02-24,2019-02-25 18:00:00,0.0,-0.028819991
2019-02-24,2019-02-25 18:15:00,0.0,-0.028616916
2019-02-24,2019-02-25 18:30:00,0.0,-0.01319344
2019-02-24,2019-02-25 18:45:00,0.0,-0.005447547
2019-02-24,2019-02-25 19:00:00,0.0,0.010317679
2019-02-24,2019-02-25 19:15:00,0.0,0.016066896
2019-02-24,2019-02-25 19:30:00,0.0,0.01164929
2019-02-24,2019-02-25 19:45:00,0.0,-0.016396713
2019-02-24,2019-02-25 20:00:00,0.0,0.0070972056
2019-02-24,2019-02-25 20:15:00,0.0,0.0067422055
2019-02-24,2019-02-25 20:30:00,0.0,0.01756932
2019-02-24,2019-02-25 20:45:00,0.0,0.037671868
2019-02-24,2019-02-25 21:00:00,0.0,0.026959686
2019-02-24,2019-02-25 21:15:00,0.0,0.024757754
2019-02-24,2019-02-25 21:30:00,0.0,0.058692183
2019-02-24,2019-02-25 21:45:00,0.0,0.07840937
2019-02-24,2019-02-25 22:00:00,0.0,0.077295065
2019-02-24,2019-02-25 22:15:00,0.0,0.074655466
2019-02-24,2019-02-25 22:30:00,0.0,0.09223762
2019-02-24,2019-02-25 22:45:00,0.0,0.09954395
2019-02-24,2019-02-25 23:00:00,0.0,0.14159516
2019-02-24,2019-02-25 23:15:00,0.0,0.18708593
2019-02-24,2019-02-25 23:30:00,0.05625,0.24699125
2019-02-24,2019-02-25 23:45:00,0.203906,0.33383027
2019-02-25,2019-02-26 00:00:00,0.239063,0.31044358
2019-02-25,2019-02-26 00:15:00,0.2847659999999999,0.3586678
2019-02-25,2019-02-26 00:30:00,0.330469,0.4458327
2019-02-25,2019-02-26 00:45:00,0.566016,0.54169345
2019-02-25,2019-02-26 01:00:00,0.727734,0.6263839
2019-02-25,2019-02-26 01:15:00,0.805078,0.7242565
2019-02-25,2019-02-26 01:30:00,0.931641,0.8249262
2019-02-25,2019-02-26 01:45:00,1.086328,0.9602412
2019-02-25,2019-02-26 02:00:00,1.698047,1.0742353
2019-02-25,2019-02-26 02:15:00,1.501172,1.2086711
2019-02-25,2019-02-26 02:30:00,1.318359,1.3227179
2019-02-25,2019-02-26 02:45:00,1.096875,1.4506124
2019-02-25,2019-02-26 03:00:00,0.980859,1.5782739
2019-02-25,2019-02-26 03:15:00,1.388672,1.6916419
2019-02-25,2019-02-26 03:30:00,1.7015619999999998,1.7687694
2019-02-25,2019-02-26 03:45:00,1.771875,1.8706989
2019-02-25,2019-02-26 04:00:00,1.986328,1.9465126
2019-02-25,2019-02-26 04:15:00,1.655859,2.0624225
2019-02-25,2019-02-26 04:30:00,1.884375,2.0661685
2019-02-25,2019-02-26 04:45:00,1.771875,2.125796
2019-02-25,2019-02-26 05:00:00,2.130469,2.1463518
2019-02-25,2019-02-26 05:15:00,1.905469,2.1028583
2019-02-25,2019-02-26 05:30:00,1.708594,2.070953
2019-02-25,2019-02-26 05:45:00,1.490625,2.0055835
2019-02-25,2019-02-26 06:00:00,1.571484,1.9012082
2019-02-25,2019-02-26 06:15:00,1.669922,1.8285141
2019-02-25,2019-02-26 06:30:00,1.525781,1.7307565
2019-02-25,2019-02-26 06:45:00,1.564453,1.6235307
2019-02-25,2019-02-26 07:00:00,1.342969,1.4693608
2019-02-25,2019-02-26 07:15:00,1.353516,1.310927
2019-02-25,2019-02-26 07:30:00,1.2375,1.1937693
2019-02-25,2019-02-26 07:45:00,0.980859,1.0272307
2019-02-25,2019-02-26 08:00:00,0.931641,0.8594072
2019-02-25,2019-02-26 08:15:00,0.914062,0.7531536
2019-02-25,2019-02-26 08:30:00,0.675,0.65916824
2019-02-25,2019-02-26 08:45:00,0.537891,0.57845217
2019-02-25,2019-02-26 09:00:00,0.407813,0.45825845
2019-02-25,2019-02-26 09:15:00,0.2953119999999999,0.38524783
2019-02-25,2019-02-26 09:30:00,0.151172,0.303406
2019-02-25,2019-02-26 09:45:00,0.045703,0.22391516
2019-02-25,2019-02-26 10:00:00,0.0,0.13171788
2019-02-25,2019-02-26 10:15:00,0.0,0.099885084
2019-02-25,2019-02-26 10:30:00,0.0,0.0887216
2019-02-25,2019-02-26 10:45:00,0.0,0.085801415
2019-02-25,2019-02-26 11:00:00,0.0,0.11300897
2019-02-25,2019-02-26 11:15:00,0.0,0.08242751
2019-02-25,2019-02-26 11:30:00,0.0,0.053891
2019-02-25,2019-02-26 11:45:00,0.0,0.08228704
2019-02-25,2019-02-26 12:00:00,0.0,0.054050703
2019-02-25,2019-02-26 12:15:00,0.0,0.08326818
2019-02-25,2019-02-26 12:30:00,0.0,0.06211927
2019-02-25,2019-02-26 12:45:00,0.0,0.050537467
2019-02-25,2019-02-26 13:00:00,0.0,0.0131125385
2019-02-25,2019-02-26 13:15:00,0.0,0.041700404
2019-02-25,2019-02-26 13:30:00,0.0,0.026526172
2019-02-25,2019-02-26 13:45:00,0.0,0.01720288
2019-02-25,2019-02-26 14:00:00,0.0,0.0036771551
2019-02-25,2019-02-26 14:15:00,0.0,-0.03828348
2019-02-25,2019-02-26 14:30:00,0.0,-0.02323163
2019-02-25,2019-02-26 14:45:00,0.0,-0.024442134
2019-02-25,2019-02-26 15:00:00,0.0,-0.023541693
2019-02-25,2019-02-26 15:15:00,0.0,-0.0017792805
2019-02-25,2019-02-26 15:30:00,0.0,-0.014039276
2019-02-25,2019-02-26 15:45:00,0.0,-0.01658053
2019-02-25,2019-02-26 16:00:00,0.0,-0.00711239
2019-02-25,2019-02-26 16:15:00,0.0,0.0048127277
2019-02-25,2019-02-26 16:30:00,0.0,0.009779932
2019-02-25,2019-02-26 16:45:00,0.0,0.019928403
2019-02-25,2019-02-26 17:00:00,0.0,0.028866243
2019-02-25,2019-02-26 17:15:00,0.0,0.03246686
2019-02-25,2019-02-26 17:30:00,0.0,0.020693503
2019-02-25,2019-02-26 17:45:00,0.0,0.0073365127
2019-02-25,2019-02-26 18:00:00,0.0,-0.01598797
2019-02-25,2019-02-26 18:15:00,0.0,-0.025239825
2019-02-25,2019-02-26 18:30:00,0.0,-0.014360904
2019-02-25,2019-02-26 18:45:00,0.0,-0.0049387286
2019-02-25,2019-02-26 19:00:00,0.0,0.023111429
2019-02-25,2019-02-26 19:15:00,0.0,0.05393657
2019-02-25,2019-02-26 19:30:00,0.0,0.05294206
2019-02-25,2019-02-26 19:45:00,0.0,0.050756343
2019-02-25,2019-02-26 20:00:00,0.0,0.06309605
2019-02-25,2019-02-26 20:15:00,0.0,0.06300626
2019-02-25,2019-02-26 20:30:00,0.0,0.060378548
2019-02-25,2019-02-26 20:45:00,0.0,0.07676954
2019-02-25,2019-02-26 21:00:00,0.0,0.06365379
2019-02-25,2019-02-26 21:15:00,0.0,0.05946354
2019-02-25,2019-02-26 21:30:00,0.0,0.08333875
2019-02-25,2019-02-26 21:45:00,0.0,0.10531012
2019-02-25,2019-02-26 22:00:00,0.0,0.106362656
2019-02-25,2019-02-26 22:15:00,0.0,0.096755184
2019-02-25,2019-02-26 22:30:00,0.0,0.11454272
2019-02-25,2019-02-26 22:45:00,0.0,0.14062048
2019-02-25,2019-02-26 23:00:00,0.0,0.15798175
2019-02-25,2019-02-26 23:15:00,0.0,0.18487597
2019-02-25,2019-02-26 23:30:00,0.123047,0.21845257
2019-02-25,2019-02-26 23:45:00,0.2074219999999999,0.26544708
2019-02-26,2019-02-27 00:00:00,0.253125,0.2536247
2019-02-26,2019-02-27 00:15:00,0.467578,0.28654557
2019-02-26,2019-02-27 00:30:00,0.689062,0.33774468
2019-02-26,2019-02-27 00:45:00,0.460547,0.3957287
2019-02-26,2019-02-27 01:00:00,0.537891,0.43820676
2019-02-26,2019-02-27 01:15:00,0.6574220000000001,0.4928205
2019-02-26,2019-02-27 01:30:00,0.8578129999999999,0.5588385
2019-02-26,2019-02-27 01:45:00,1.058203,0.6479735
2019-02-26,2019-02-27 02:00:00,1.6523439999999998,0.7155329
2019-02-26,2019-02-27 02:15:00,1.620703,0.80490494
2019-02-26,2019-02-27 02:30:00,2.133984,0.8667369
2019-02-26,2019-02-27 02:45:00,2.172656,0.94217837
2019-02-26,2019-02-27 03:00:00,2.475,1.028503
2019-02-26,2019-02-27 03:15:00,2.671875,1.0793734
2019-02-26,2019-02-27 03:30:00,2.390625,1.1240648
2019-02-26,2019-02-27 03:45:00,2.594531,1.1494042
2019-02-26,2019-02-27 04:00:00,2.949609,1.2028633
2019-02-26,2019-02-27 04:15:00,3.033984,1.2638469
2019-02-26,2019-02-27 04:30:00,2.735156,1.2283887
2019-02-26,2019-02-27 04:45:00,3.009375,1.274601
2019-02-26,2019-02-27 05:00:00,2.225391,1.251414
2019-02-26,2019-02-27 05:15:00,3.209765,1.2002367
2019-02-26,2019-02-27 05:30:00,3.005859,1.1701242
2019-02-26,2019-02-27 05:45:00,2.903906,1.1393613
2019-02-26,2019-02-27 06:00:00,2.925,1.0241694
2019-02-26,2019-02-27 06:15:00,2.851172,0.98400056
2019-02-26,2019-02-27 06:30:00,2.664844,0.93130237
2019-02-26,2019-02-27 06:45:00,2.545312,0.8795794
2019-02-26,2019-02-27 07:00:00,2.373047,0.77003163
2019-02-26,2019-02-27 07:15:00,2.176172,0.68776256
2019-02-26,2019-02-27 07:30:00,1.986328,0.619227
2019-02-26,2019-02-27 07:45:00,1.838672,0.54170454
2019-02-26,2019-02-27 08:00:00,1.546875,0.46723625
2019-02-26,2019-02-27 08:15:00,1.328906,0.41539088
2019-02-26,2019-02-27 08:30:00,1.026562,0.41138387
2019-02-26,2019-02-27 08:45:00,0.776953,0.3923138
2019-02-26,2019-02-27 09:00:00,0.5167970000000001,0.36147365
2019-02-26,2019-02-27 09:15:00,0.341016,0.339246
2019-02-26,2019-02-27 09:30:00,0.196875,0.3253973
2019-02-26,2019-02-27 09:45:00,0.0210939999999999,0.29310593
2019-02-26,2019-02-27 10:00:00,0.0,0.24007519
2019-02-26,2019-02-27 10:15:00,0.0,0.212792
2019-02-26,2019-02-27 10:30:00,0.0,0.24191865
2019-02-26,2019-02-27 10:45:00,0.0,0.22393277
2019-02-26,2019-02-27 11:00:00,0.0,0.25469097
2019-02-26,2019-02-27 11:15:00,0.0,0.21409218
2019-02-26,2019-02-27 11:30:00,0.0,0.18362774
2019-02-26,2019-02-27 11:45:00,0.0,0.20617606
2019-02-26,2019-02-27 12:00:00,0.0,0.18715349
2019-02-26,2019-02-27 12:15:00,0.0,0.21357995
2019-02-26,2019-02-27 12:30:00,0.0,0.17421591
2019-02-26,2019-02-27 12:45:00,0.0,0.18167336
2019-02-26,2019-02-27 13:00:00,0.0,0.15381548
2019-02-26,2019-02-27 13:15:00,0.0,0.15867987
2019-02-26,2019-02-27 13:30:00,0.0,0.16626358
2019-02-26,2019-02-27 13:45:00,0.0,0.13791578
2019-02-26,2019-02-27 14:00:00,0.0,0.12052287
2019-02-26,2019-02-27 14:15:00,0.0,0.08766768
2019-02-26,2019-02-27 14:30:00,0.0,0.09778566
2019-02-26,2019-02-27 14:45:00,0.0,0.096663624
2019-02-26,2019-02-27 15:00:00,0.0,0.09941777
2019-02-26,2019-02-27 15:15:00,0.0,0.10272058
2019-02-26,2019-02-27 15:30:00,0.0,0.07336212
2019-02-26,2019-02-27 15:45:00,0.0,0.060771693
2019-02-26,2019-02-27 16:00:00,0.0,0.047109514
2019-02-26,2019-02-27 16:15:00,0.0,0.0606538
2019-02-26,2019-02-27 16:30:00,0.0,0.047457438
2019-02-26,2019-02-27 16:45:00,0.0,0.051783197
2019-02-26,2019-02-27 17:00:00,0.0,0.05378502
2019-02-26,2019-02-27 17:15:00,0.0,0.064958364
2019-02-26,2019-02-27 17:30:00,0.0,0.06067598
2019-02-26,2019-02-27 17:45:00,0.0,0.0263046
2019-02-26,2019-02-27 18:00:00,0.0,0.012298018
2019-02-26,2019-02-27 18:15:00,0.0,0.0015029177
2019-02-26,2019-02-27 18:30:00,0.0,0.010925175
2019-02-26,2019-02-27 18:45:00,0.0,0.012614831
2019-02-26,2019-02-27 19:00:00,0.0,0.021206107
2019-02-26,2019-02-27 19:15:00,0.0,0.051571976
2019-02-26,2019-02-27 19:30:00,0.0,0.040265877
2019-02-26,2019-02-27 19:45:00,0.0,0.034248527
2019-02-26,2019-02-27 20:00:00,0.0,0.03904718
2019-02-26,2019-02-27 20:15:00,0.0,0.040325668
2019-02-26,2019-02-27 20:30:00,0.0,0.04076556
2019-02-26,2019-02-27 20:45:00,0.0,0.05737728
2019-02-26,2019-02-27 21:00:00,0.0,0.047977943
2019-02-26,2019-02-27 21:15:00,0.0,0.049374364
2019-02-26,2019-02-27 21:30:00,0.0,0.078798145
2019-02-26,2019-02-27 21:45:00,0.0,0.09938598
2019-02-26,2019-02-27 22:00:00,0.0,0.10992945
2019-02-26,2019-02-27 22:15:00,0.0,0.09860318
2019-02-26,2019-02-27 22:30:00,0.0,0.11338468
2019-02-26,2019-02-27 22:45:00,0.0,0.15634961
2019-02-26,2019-02-27 23:00:00,0.0,0.16151488
2019-02-26,2019-02-27 23:15:00,0.038672,0.18931094
2019-02-26,2019-02-27 23:30:00,0.084375,0.21046719
2019-02-26,2019-02-27 23:45:00,0.242578,0.255718
2019-02-27,2019-02-28 00:00:00,0.348047,0.30154178
2019-02-27,2019-02-28 00:15:00,0.4992189999999999,0.33798337
2019-02-27,2019-02-28 00:30:00,0.643359,0.38251477
2019-02-27,2019-02-28 00:45:00,0.805078,0.43153024
2019-02-27,2019-02-28 01:00:00,0.991406,0.4634024
2019-02-27,2019-02-28 01:15:00,1.132031,0.5056535
2019-02-27,2019-02-28 01:30:00,1.3359379999999998,0.5576206
2019-02-27,2019-02-28 01:45:00,1.480078,0.6252123
2019-02-27,2019-02-28 02:00:00,1.532812,0.67315936
2019-02-27,2019-02-28 02:15:00,1.634766,0.7403997
2019-02-27,2019-02-28 02:30:00,1.810547,0.7826024
2019-02-27,2019-02-28 02:45:00,1.683984,0.8330922
2019-02-27,2019-02-28 03:00:00,1.638281,0.8961615
2019-02-27,2019-02-28 03:15:00,1.683984,0.92632973
2019-02-27,2019-02-28 03:30:00,1.947656,0.9480065
2019-02-27,2019-02-28 03:45:00,1.965234,0.9534232
2019-02-27,2019-02-28 04:00:00,2.133984,0.9878969
2019-02-27,2019-02-28 04:15:00,1.859766,1.0282398
2019-02-27,2019-02-28 04:30:00,1.385156,0.98758614
2019-02-27,2019-02-28 04:45:00,1.276172,1.0237539
2019-02-27,2019-02-28 05:00:00,1.381641,0.9956945
2019-02-27,2019-02-28 05:15:00,1.986328,0.9493987
2019-02-27,2019-02-28 05:30:00,2.186719,0.91942364
2019-02-27,2019-02-28 05:45:00,2.102344,0.9029659
2019-02-27,2019-02-28 06:00:00,2.003906,0.8038498
2019-02-27,2019-02-28 06:15:00,1.828125,0.7798291
2019-02-27,2019-02-28 06:30:00,1.6875,0.7453398
2019-02-27,2019-02-28 06:45:00,1.648828,0.71727335
2019-02-27,2019-02-28 07:00:00,1.553906,0.6365055
2019-02-27,2019-02-28 07:15:00,1.455469,0.5844802
2019-02-27,2019-02-28 07:30:00,1.392187,0.54218805
2019-02-27,2019-02-28 07:45:00,1.170703,0.4960533
2019-02-27,2019-02-28 08:00:00,1.075781,0.45305076
2019-02-27,2019-02-28 08:15:00,0.889453,0.42598212
2019-02-27,2019-02-28 08:30:00,0.710156,0.44507346
2019-02-27,2019-02-28 08:45:00,0.541406,0.43845704
2019-02-27,2019-02-28 09:00:00,0.4148439999999999,0.42803788
2019-02-27,2019-02-28 09:15:00,0.246094,0.41424286
2019-02-27,2019-02-28 09:30:00,0.140625,0.41035864
2019-02-27,2019-02-28 09:45:00,0.05625,0.38596272
2019-02-27,2019-02-28 10:00:00,0.0,0.3344004
2019-02-27,2019-02-28 10:15:00,0.0,0.30443338
2019-02-27,2019-02-28 10:30:00,0.0,0.3290225
2019-02-27,2019-02-28 10:45:00,0.0,0.3070829
2019-02-27,2019-02-28 11:00:00,0.0,0.3338643
2019-02-27,2019-02-28 11:15:00,0.0,0.28614193
2019-02-27,2019-02-28 11:30:00,0.0,0.25177667
2019-02-27,2019-02-28 11:45:00,0.0,0.27091247
2019-02-27,2019-02-28 12:00:00,0.0,0.25575647
2019-02-27,2019-02-28 12:15:00,0.0,0.27769315
2019-02-27,2019-02-28 12:30:00,0.0,0.2341978
2019-02-27,2019-02-28 12:45:00,0.0,0.2455003
2019-02-27,2019-02-28 13:00:00,0.0,0.22204033
2019-02-27,2019-02-28 13:15:00,0.0,0.21848287
2019-02-27,2019-02-28 13:30:00,0.0,0.22401896
2019-02-27,2019-02-28 13:45:00,0.0,0.1892416
2019-02-27,2019-02-28 14:00:00,0.0,0.16456674
2019-02-27,2019-02-28 14:15:00,0.0,0.12871161
2019-02-27,2019-02-28 14:30:00,0.0,0.13400403
2019-02-27,2019-02-28 14:45:00,0.0,0.12554085
2019-02-27,2019-02-28 15:00:00,0.0,0.124408245
2019-02-27,2019-02-28 15:15:00,0.0,0.11858626
2019-02-27,2019-02-28 15:30:00,0.0,0.084303595
2019-02-27,2019-02-28 15:45:00,0.0,0.0644533
2019-02-27,2019-02-28 16:00:00,0.0,0.045687355
2019-02-27,2019-02-28 16:15:00,0.0,0.054143228
2019-02-27,2019-02-28 16:30:00,0.0,0.0343635
2019-02-27,2019-02-28 16:45:00,0.0,0.035770867
2019-02-27,2019-02-28 17:00:00,0.0,0.038866162
2019-02-27,2019-02-28 17:15:00,0.0,0.0499159
2019-02-27,2019-02-28 17:30:00,0.0,0.051467042
2019-02-27,2019-02-28 17:45:00,0.0,0.020061543
2019-02-27,2019-02-28 18:00:00,0.0,0.0071686828
2019-02-27,2019-02-28 18:15:00,0.0,0.00092669576
2019-02-27,2019-02-28 18:30:00,0.0,0.011491521
2019-02-27,2019-02-28 18:45:00,0.0,0.015106828
2019-02-27,2019-02-28 19:00:00,0.0,0.021382764
2019-02-27,2019-02-28 19:15:00,0.0,0.048247065
2019-02-27,2019-02-28 19:30:00,0.0,0.037170127
2019-02-27,2019-02-28 19:45:00,0.0,0.03547179
2019-02-27,2019-02-28 20:00:00,0.0,0.035717826
2019-02-27,2019-02-28 20:15:00,0.0,0.040211394
2019-02-27,2019-02-28 20:30:00,0.0,0.04199845
2019-02-27,2019-02-28 20:45:00,0.0,0.060296003
2019-02-27,2019-02-28 21:00:00,0.0,0.054431647
2019-02-27,2019-02-28 21:15:00,0.0,0.05938194
2019-02-27,2019-02-28 21:30:00,0.0,0.09189711
2019-02-27,2019-02-28 21:45:00,0.0,0.11324321
2019-02-27,2019-02-28 22:00:00,0.0,0.1255869
2019-02-27,2019-02-28 22:15:00,0.0,0.12001866
2019-02-27,2019-02-28 22:30:00,0.0,0.14239976
2019-02-27,2019-02-28 22:45:00,0.0,0.18723953
2019-02-27,2019-02-28 23:00:00,0.0,0.19839452
2019-02-27,2019-02-28 23:15:00,0.045703,0.2318413
2019-02-27,2019-02-28 23:30:00,0.119531,0.2574925
2019-02-27,2019-02-28 23:45:00,0.246094,0.30383247
2019-02-28,2019-03-01 00:00:00,0.400781,0.46053115
2019-02-28,2019-03-01 00:15:00,0.611719,0.6034266
2019-02-28,2019-03-01 00:30:00,0.769922,0.8106407
2019-02-28,2019-03-01 00:45:00,1.040625,1.0521951
2019-02-28,2019-03-01 01:00:00,1.223437,1.2968223
2019-02-28,2019-03-01 01:15:00,1.434375,1.530785
2019-02-28,2019-03-01 01:30:00,1.437891,1.7386601
2019-02-28,2019-03-01 01:45:00,1.627734,1.9677266
2019-02-28,2019-03-01 02:00:00,1.824609,2.1428373
2019-02-28,2019-03-01 02:15:00,1.9125,2.331414
2019-02-28,2019-03-01 02:30:00,1.986328,2.4652019
2019-02-28,2019-03-01 02:45:00,2.439844,2.6296737
2019-02-28,2019-03-01 03:00:00,2.450391,2.7688382
2019-02-28,2019-03-01 03:15:00,2.591016,2.8850472
2019-02-28,2019-03-01 03:30:00,2.583984,2.9455056
2019-02-28,2019-03-01 03:45:00,2.654297,3.0207112
2019-02-28,2019-03-01 04:00:00,2.612109,3.0514474
2019-02-28,2019-03-01 04:15:00,2.64375,3.103446
2019-02-28,2019-03-01 04:30:00,2.605078,3.0453432
2019-02-28,2019-03-01 04:45:00,2.555859,3.019707
2019-02-28,2019-03-01 05:00:00,2.591016,2.9664268
2019-02-28,2019-03-01 05:15:00,2.664844,2.8621328
2019-02-28,2019-03-01 05:30:00,2.707031,2.8285253
2019-02-28,2019-03-01 05:45:00,2.819531,2.7012558
2019-02-28,2019-03-01 06:00:00,2.622656,2.5535696
2019-02-28,2019-03-01 06:15:00,2.608594,2.4437945
2019-02-28,2019-03-01 06:30:00,2.348438,2.2790415
2019-02-28,2019-03-01 06:45:00,2.299219,2.105738
2019-02-28,2019-03-01 07:00:00,2.000391,1.8930469
2019-02-28,2019-03-01 07:15:00,2.042578,1.662882
2019-02-28,2019-03-01 07:30:00,1.6875,1.4490894
2019-02-28,2019-03-01 07:45:00,1.634766,1.2214946
2019-02-28,2019-03-01 08:00:00,1.40625,0.98081857
2019-02-28,2019-03-01 08:15:00,1.191797,0.81310326
2019-02-28,2019-03-01 08:30:00,0.8578129999999999,0.6293255
2019-02-28,2019-03-01 08:45:00,0.724219,0.5068301
2019-02-28,2019-03-01 09:00:00,0.61875,0.34414285
2019-02-28,2019-03-01 09:15:00,0.4148439999999999,0.25892133
2019-02-28,2019-03-01 09:30:00,0.2355469999999999,0.16656294
2019-02-28,2019-03-01 09:45:00,0.052734,0.08849641
2019-02-28,2019-03-01 10:00:00,0.0,0.0040261215
2019-02-28,2019-03-01 10:15:00,0.0,0.0025138988
2019-02-28,2019-03-01 10:30:00,0.0,0.0008610616
2019-02-28,2019-03-01 10:45:00,0.0,0.022954423
2019-02-28,2019-03-01 11:00:00,0.0,0.04221134
2019-02-28,2019-03-01 11:15:00,0.0,0.03814287
2019-02-28,2019-03-01 11:30:00,0.0,0.049322847
2019-02-28,2019-03-01 11:45:00,0.0,0.06217581
2019-02-28,2019-03-01 12:00:00,0.0,0.06928555
2019-02-28,2019-03-01 12:15:00,0.0,0.093676716
2019-02-28,2019-03-01 12:30:00,0.0,0.08565142
2019-02-28,2019-03-01 12:45:00,0.0,0.0662629
2019-02-28,2019-03-01 13:00:00,0.0,0.031906564
2019-02-28,2019-03-01 13:15:00,0.0,0.052204203
2019-02-28,2019-03-01 13:30:00,0.0,0.04761821
2019-02-28,2019-03-01 13:45:00,0.0,0.05555006
2019-02-28,2019-03-01 14:00:00,0.0,0.036617856
2019-02-28,2019-03-01 14:15:00,0.0,0.000550956
2019-02-28,2019-03-01 14:30:00,0.0,0.013029334
2019-02-28,2019-03-01 14:45:00,0.0,0.024064297
2019-02-28,2019-03-01 15:00:00,0.0,-0.0004358186
2019-02-28,2019-03-01 15:15:00,0.0,0.014345637
2019-02-28,2019-03-01 15:30:00,0.0,0.008796408
2019-02-28,2019-03-01 15:45:00,0.0,0.0023159985
2019-02-28,2019-03-01 16:00:00,0.0,0.0026326883
2019-02-28,2019-03-01 16:15:00,0.0,0.023795217
2019-02-28,2019-03-01 16:30:00,0.0,0.030815143
2019-02-28,2019-03-01 16:45:00,0.0,0.012063257
2019-02-28,2019-03-01 17:00:00,0.0,0.017550597
2019-02-28,2019-03-01 17:15:00,0.0,0.018318906
2019-02-28,2019-03-01 17:30:00,0.0,-0.0058251387
2019-02-28,2019-03-01 17:45:00,0.0,-0.017583558
2019-02-28,2019-03-01 18:00:00,0.0,-0.030065063
2019-02-28,2019-03-01 18:15:00,0.0,-0.021892652
2019-02-28,2019-03-01 18:30:00,0.0,-0.002765479
2019-02-28,2019-03-01 18:45:00,0.0,0.0030658322
2019-02-28,2019-03-01 19:00:00,0.0,0.017458545
2019-02-28,2019-03-01 19:15:00,0.0,0.010350434
2019-02-28,2019-03-01 19:30:00,0.0,0.008253764
2019-02-28,2019-03-01 19:45:00,0.0,-0.02608311
2019-02-28,2019-03-01 20:00:00,0.0,0.0017359909
2019-02-28,2019-03-01 20:15:00,0.0,-0.0066231997
2019-02-28,2019-03-01 20:30:00,0.0,0.009012075
2019-02-28,2019-03-01 20:45:00,0.0,0.031596497
2019-02-28,2019-03-01 21:00:00,0.0,0.01635692
2019-02-28,2019-03-01 21:15:00,0.0,0.026788296
2019-02-28,2019-03-01 21:30:00,0.0,0.06572832
2019-02-28,2019-03-01 21:45:00,0.0,0.07957497
2019-02-28,2019-03-01 22:00:00,0.0,0.075683266
2019-02-28,2019-03-01 22:15:00,0.0,0.08299317
2019-02-28,2019-03-01 22:30:00,0.0,0.09438865
2019-02-28,2019-03-01 22:45:00,0.0,0.09229112
2019-02-28,2019-03-01 23:00:00,0.0,0.13377874
2019-02-28,2019-03-01 23:15:00,0.0,0.1887077
2019-02-28,2019-03-01 23:30:00,0.161719,0.2518839
2019-02-28,2019-03-01 23:45:00,0.270703,0.3545826
2019-05-25,2019-05-26 00:00:00,1.6734369999999998,1.666805
2019-05-25,2019-05-26 00:15:00,1.958203,1.8819199
2019-05-25,2019-05-26 00:30:00,1.599609,2.1372728
2019-05-25,2019-05-26 00:45:00,2.0882810000000003,2.3604476
2019-05-25,2019-05-26 01:00:00,2.612109,2.5548046
2019-05-25,2019-05-26 01:15:00,2.784375,2.7360954
2019-05-25,2019-05-26 01:30:00,2.661328,2.8298135
2019-05-25,2019-05-26 01:45:00,3.012891,2.9660752
2019-05-25,2019-05-26 02:00:00,3.4875,3.110481
2019-05-25,2019-05-26 02:15:00,1.954687,3.225491
2019-05-25,2019-05-26 02:30:00,3.255469,3.1935627
2019-05-25,2019-05-26 02:45:00,3.561328,3.2351398
2019-05-25,2019-05-26 03:00:00,1.965234,3.295427
2019-05-25,2019-05-26 03:15:00,2.337891,3.3055675
2019-05-25,2019-05-26 03:30:00,2.5101560000000003,3.2601504
2019-05-25,2019-05-26 03:45:00,2.123437,3.2507153
2019-05-25,2019-05-26 04:00:00,3.294141,3.2026248
2019-05-25,2019-05-26 04:15:00,3.266016,3.2028327
2019-05-25,2019-05-26 04:30:00,2.373047,3.176002
2019-05-25,2019-05-26 04:45:00,3.779297,3.125209
2019-05-25,2019-05-26 05:00:00,3.491015,3.0818267
2019-05-25,2019-05-26 05:15:00,3.287109,2.9980767
2019-05-25,2019-05-26 05:30:00,2.696484,2.9923716
2019-05-25,2019-05-26 05:45:00,1.395703,2.920382
2019-05-25,2019-05-26 06:00:00,2.647266,2.8163548
2019-05-25,2019-05-26 06:15:00,1.7613279999999998,2.787692
2019-05-25,2019-05-26 06:30:00,2.967187,2.7150986
2019-05-25,2019-05-26 06:45:00,2.896875,2.6537912
2019-05-25,2019-05-26 07:00:00,2.657812,2.5639524
2019-05-25,2019-05-26 07:15:00,2.661328,2.3912175
2019-05-25,2019-05-26 07:30:00,2.489063,2.3244145
2019-05-25,2019-05-26 07:45:00,0.485156,2.122412
2019-05-25,2019-05-26 08:00:00,0.5273439999999999,1.8537928
2019-05-25,2019-05-26 08:15:00,0.780469,1.6848754
2019-05-25,2019-05-26 08:30:00,0.249609,1.4508198
2019-05-25,2019-05-26 08:45:00,1.202344,1.2803297
2019-05-25,2019-05-26 09:00:00,1.276172,1.0214957
2019-05-25,2019-05-26 09:15:00,1.233984,0.85564893
2019-05-25,2019-05-26 09:30:00,0.917578,0.69004834
2019-05-25,2019-05-26 09:45:00,0.460547,0.518659
2019-05-25,2019-05-26 10:00:00,0.428906,0.3509299
2019-05-25,2019-05-26 10:15:00,0.551953,0.25476858
2019-05-25,2019-05-26 10:30:00,0.052734,0.18852445
2019-05-25,2019-05-26 10:45:00,0.0,0.13454695
2019-05-25,2019-05-26 11:00:00,0.0,0.08734368
2019-05-25,2019-05-26 11:15:00,0.0,0.04625226
2019-05-25,2019-05-26 11:30:00,0.0,0.02013154
2019-05-25,2019-05-26 11:45:00,0.0,0.044823967
2019-05-25,2019-05-26 12:00:00,0.0,-0.027247488
2019-05-25,2019-05-26 12:15:00,0.0,0.0039641345
2019-05-25,2019-05-26 12:30:00,0.0,-0.00625569
2019-05-25,2019-05-26 12:45:00,0.0,-0.001070597
2019-05-25,2019-05-26 13:00:00,0.0,-0.057078615
2019-05-25,2019-05-26 13:15:00,0.0,-0.046917677
2019-05-25,2019-05-26 13:30:00,0.0,-0.06564405
2019-05-25,2019-05-26 13:45:00,0.0,-0.03238065
2019-05-25,2019-05-26 14:00:00,0.0,-0.055343077
2019-05-25,2019-05-26 14:15:00,0.0,-0.047439992
2019-05-25,2019-05-26 14:30:00,0.0,-0.056587573
2019-05-25,2019-05-26 14:45:00,0.0,-0.05937416
2019-05-25,2019-05-26 15:00:00,0.0,-0.015406193
2019-05-25,2019-05-26 15:15:00,0.0,-0.0055395584
2019-05-25,2019-05-26 15:30:00,0.0,-0.015457466
2019-05-25,2019-05-26 15:45:00,0.0,-0.035210487
2019-05-25,2019-05-26 16:00:00,0.0,-0.06579157
2019-05-25,2019-05-26 16:15:00,0.0,-0.057978358
2019-05-25,2019-05-26 16:30:00,0.0,-0.045156047
2019-05-25,2019-05-26 16:45:00,0.0,-0.065706104
2019-05-25,2019-05-26 17:00:00,0.0,-0.07957691
2019-05-25,2019-05-26 17:15:00,0.0,-0.06803794
2019-05-25,2019-05-26 17:30:00,0.0,-0.052992634
2019-05-25,2019-05-26 17:45:00,0.0,-0.09115303
2019-05-25,2019-05-26 18:00:00,0.0,-0.07270619
2019-05-25,2019-05-26 18:15:00,0.0,-0.10531305
2019-05-25,2019-05-26 18:30:00,0.0,-0.04259064
2019-05-25,2019-05-26 18:45:00,0.0,-0.08073256
2019-05-25,2019-05-26 19:00:00,0.0,-0.077200994
2019-05-25,2019-05-26 19:15:00,0.0,-0.02727292
2019-05-25,2019-05-26 19:30:00,0.0,-0.027462127
2019-05-25,2019-05-26 19:45:00,0.0,-0.03510893
2019-05-25,2019-05-26 20:00:00,0.0,0.021272935
2019-05-25,2019-05-26 20:15:00,0.0,0.048795138
2019-05-25,2019-05-26 20:30:00,0.0,0.10642936
2019-05-25,2019-05-26 20:45:00,0.0,0.060872305
2019-05-25,2019-05-26 21:00:00,0.0,0.07566738
2019-05-25,2019-05-26 21:15:00,0.014062,0.073561
2019-05-25,2019-05-26 21:30:00,0.0210939999999999,0.16956198
2019-05-25,2019-05-26 21:45:00,0.175781,0.2587852
2019-05-25,2019-05-26 22:00:00,0.291797,0.39135522
2019-05-25,2019-05-26 22:15:00,0.467578,0.54579926
2019-05-25,2019-05-26 22:30:00,0.569531,0.71885467
2019-05-25,2019-05-26 22:45:00,1.030078,0.91379756
2019-05-25,2019-05-26 23:00:00,1.395703,1.1216625
2019-05-25,2019-05-26 23:15:00,1.427344,1.2966135
2019-05-25,2019-05-26 23:30:00,1.85625,1.4825461
2019-05-25,2019-05-26 23:45:00,2.158594,1.7221673
2019-05-26,2019-05-27 00:00:00,1.887891,1.6019068
2019-05-26,2019-05-27 00:15:00,1.863281,1.8214597
2019-05-26,2019-05-27 00:30:00,2.7,2.098463
2019-05-26,2019-05-27 00:45:00,2.939062,2.3335052
2019-05-26,2019-05-27 01:00:00,3.550781,2.5419226
2019-05-26,2019-05-27 01:15:00,3.842578,2.7437143
2019-05-26,2019-05-27 01:30:00,3.842578,2.853745
2019-05-26,2019-05-27 01:45:00,4.232812,3.008438
2019-05-26,2019-05-27 02:00:00,4.545703,3.1884322
2019-05-26,2019-05-27 02:15:00,4.682812,3.334117
2019-05-26,2019-05-27 02:30:00,4.633594,3.3250148
2019-05-26,2019-05-27 02:45:00,4.7390620000000006,3.3939583
2019-05-26,2019-05-27 03:00:00,4.900780999999999,3.4753082
2019-05-26,2019-05-27 03:15:00,4.964062,3.5118945
2019-05-26,2019-05-27 03:30:00,4.925391,3.4867594
2019-05-26,2019-05-27 03:45:00,4.865625,3.512382
2019-05-26,2019-05-27 04:00:00,4.798828,3.4630504
2019-05-26,2019-05-27 04:15:00,4.616015,3.4739428
2019-05-26,2019-05-27 04:30:00,4.503516,3.4862342
2019-05-26,2019-05-27 04:45:00,4.3875,3.4303207
2019-05-26,2019-05-27 05:00:00,4.2785150000000005,3.43004
2019-05-26,2019-05-27 05:15:00,4.362891,3.3665345
2019-05-26,2019-05-27 05:30:00,4.187109,3.3729365
2019-05-26,2019-05-27 05:45:00,4.169531,3.3207755
2019-05-26,2019-05-27 06:00:00,3.941015,3.254724
2019-05-26,2019-05-27 06:15:00,3.642187,3.238655
2019-05-26,2019-05-27 06:30:00,3.476953,3.188389
2019-05-26,2019-05-27 06:45:00,2.728125,3.1560354
2019-05-26,2019-05-27 07:00:00,1.219922,3.087683
2019-05-26,2019-05-27 07:15:00,3.888281,2.934292
2019-05-26,2019-05-27 07:30:00,3.592969,2.9083366
2019-05-26,2019-05-27 07:45:00,3.469922,2.7074647
2019-05-26,2019-05-27 08:00:00,2.5101560000000003,2.418348
2019-05-26,2019-05-27 08:15:00,2.017969,2.2441585
2019-05-26,2019-05-27 08:30:00,2.169141,1.9581021
2019-05-26,2019-05-27 08:45:00,2.211328,1.7314175
2019-05-26,2019-05-27 09:00:00,0.935156,1.4038353
2019-05-26,2019-05-27 09:15:00,1.40625,1.1885977
2019-05-26,2019-05-27 09:30:00,1.086328,0.9747649
2019-05-26,2019-05-27 09:45:00,0.952734,0.7443739
2019-05-26,2019-05-27 10:00:00,0.643359,0.5062845
2019-05-26,2019-05-27 10:15:00,0.587109,0.3867839
2019-05-26,2019-05-27 10:30:00,0.485156,0.25780612
2019-05-26,2019-05-27 10:45:00,0.407813,0.203993
2019-05-26,2019-05-27 11:00:00,0.200391,0.120484464
2019-05-26,2019-05-27 11:15:00,0.007031,0.06300235
2019-05-26,2019-05-27 11:30:00,0.0,0.023297077
2019-05-26,2019-05-27 11:45:00,0.0,0.045664597
2019-05-26,2019-05-27 12:00:00,0.0,-0.04615319
2019-05-26,2019-05-27 12:15:00,0.0,-0.016934419
2019-05-26,2019-05-27 12:30:00,0.0,-0.0050724656
2019-05-26,2019-05-27 12:45:00,0.0,-0.010891308
2019-05-26,2019-05-27 13:00:00,0.0,-0.072279304
2019-05-26,2019-05-27 13:15:00,0.0,-0.044245813
2019-05-26,2019-05-27 13:30:00,0.0,-0.06869836
2019-05-26,2019-05-27 13:45:00,0.0,-0.030856252
2019-05-26,2019-05-27 14:00:00,0.0,-0.05127261
2019-05-26,2019-05-27 14:15:00,0.0,-0.05837611
2019-05-26,2019-05-27 14:30:00,0.0,-0.0713687
2019-05-26,2019-05-27 14:45:00,0.0,-0.080444224
2019-05-26,2019-05-27 15:00:00,0.0,-0.037450112
2019-05-26,2019-05-27 15:15:00,0.0,-0.03139264
2019-05-26,2019-05-27 15:30:00,0.0,-0.0325571
2019-05-26,2019-05-27 15:45:00,0.0,-0.05737337
2019-05-26,2019-05-27 16:00:00,0.0,-0.082140505
2019-05-26,2019-05-27 16:15:00,0.0,-0.06431433
2019-05-26,2019-05-27 16:30:00,0.0,-0.04966933
2019-05-26,2019-05-27 16:45:00,0.0,-0.061764065
2019-05-26,2019-05-27 17:00:00,0.0,-0.06982578
2019-05-26,2019-05-27 17:15:00,0.0,-0.066030696
2019-05-26,2019-05-27 17:30:00,0.0,-0.040057287
2019-05-26,2019-05-27 17:45:00,0.0,-0.083524995
2019-05-26,2019-05-27 18:00:00,0.0,-0.07048476
2019-05-26,2019-05-27 18:15:00,0.0,-0.110463284
2019-05-26,2019-05-27 18:30:00,0.0,-0.056554407
2019-05-26,2019-05-27 18:45:00,0.0,-0.11062834
2019-05-26,2019-05-27 19:00:00,0.0,-0.12162034
2019-05-26,2019-05-27 19:15:00,0.0,-0.081119
2019-05-26,2019-05-27 19:30:00,0.0,-0.08976081
2019-05-26,2019-05-27 19:45:00,0.0,-0.107241206
2019-05-26,2019-05-27 20:00:00,0.0,-0.04297288
2019-05-26,2019-05-27 20:15:00,0.0,-0.0036369928
2019-05-26,2019-05-27 20:30:00,0.0,0.057017714
2019-05-26,2019-05-27 20:45:00,0.0,0.0043575275
2019-05-26,2019-05-27 21:00:00,0.0,0.02659946
2019-05-26,2019-05-27 21:15:00,0.0421879999999999,0.0058644367
2019-05-26,2019-05-27 21:30:00,0.175781,0.093402825
2019-05-26,2019-05-27 21:45:00,0.225,0.17813195
2019-05-26,2019-05-27 22:00:00,0.330469,0.3127476
2019-05-26,2019-05-27 22:15:00,0.478125,0.4558549
2019-05-26,2019-05-27 22:30:00,0.703125,0.63958234
2019-05-26,2019-05-27 22:45:00,0.935156,0.8255479
2019-05-26,2019-05-27 23:00:00,1.226953,1.0519729
2019-05-26,2019-05-27 23:15:00,1.539844,1.2087556
2019-05-26,2019-05-27 23:30:00,1.85625,1.405036
2019-05-26,2019-05-27 23:45:00,2.123437,1.6481351
2019-05-27,2019-05-28 00:00:00,2.411719,2.2317793
2019-05-27,2019-05-28 00:15:00,2.6824220000000003,2.4700775
2019-05-27,2019-05-28 00:30:00,2.921484,2.772491
2019-05-27,2019-05-28 00:45:00,3.164062,3.014647
2019-05-27,2019-05-28 01:00:00,3.371484,3.2730677
2019-05-27,2019-05-28 01:15:00,3.578906,3.483302
2019-05-27,2019-05-28 01:30:00,3.719531,3.620909
2019-05-27,2019-05-28 01:45:00,3.895312,3.8004718
2019-05-27,2019-05-28 02:00:00,4.004297,3.975253
2019-05-27,2019-05-28 02:15:00,3.9375,4.1367683
2019-05-27,2019-05-28 02:30:00,4.018358999999999,4.1103287
2019-05-27,2019-05-28 02:45:00,4.095703,4.1908183
2019-05-27,2019-05-28 03:00:00,4.130859,4.2705407
2019-05-27,2019-05-28 03:15:00,4.229297,4.2875295
2019-05-27,2019-05-28 03:30:00,4.257422,4.2823553
2019-05-27,2019-05-28 03:45:00,4.267969,4.275654
2019-05-27,2019-05-28 04:00:00,4.215234,4.2553086
2019-05-27,2019-05-28 04:15:00,4.225781,4.265355
2019-05-27,2019-05-28 04:30:00,4.123828,4.2692213
2019-05-27,2019-05-28 04:45:00,4.10625,4.206111
2019-05-27,2019-05-28 05:00:00,4.1625,4.17529
2019-05-27,2019-05-28 05:15:00,4.141406,4.0810876
2019-05-27,2019-05-28 05:30:00,4.123828,4.0675607
2019-05-27,2019-05-28 05:45:00,4.088672,4.0235887
2019-05-27,2019-05-28 06:00:00,4.011328,3.9003112
2019-05-27,2019-05-28 06:15:00,3.969141000000001,3.8672729
2019-05-27,2019-05-28 06:30:00,3.979687,3.8119416
2019-05-27,2019-05-28 06:45:00,3.846094,3.7914128
2019-05-27,2019-05-28 07:00:00,3.761719,3.6962283
2019-05-27,2019-05-28 07:15:00,3.614062,3.5283587
2019-05-27,2019-05-28 07:30:00,3.4242190000000003,3.4868622
2019-05-27,2019-05-28 07:45:00,3.216797,3.267418
2019-05-27,2019-05-28 08:00:00,3.026953,2.9488735
2019-05-27,2019-05-28 08:15:00,2.770312,2.7376556
2019-05-27,2019-05-28 08:30:00,2.53125,2.400667
2019-05-27,2019-05-28 08:45:00,2.267578,2.1344535
2019-05-27,2019-05-28 09:00:00,1.96875,1.7722746
2019-05-27,2019-05-28 09:15:00,1.6734369999999998,1.5161363
2019-05-27,2019-05-28 09:30:00,1.367578,1.2789259
2019-05-27,2019-05-28 09:45:00,1.06875,1.0092769
2019-05-27,2019-05-28 10:00:00,0.801562,0.71818286
2019-05-27,2019-05-28 10:15:00,0.548437,0.55077696
2019-05-27,2019-05-28 10:30:00,0.267188,0.39878356
2019-05-27,2019-05-28 10:45:00,0.158203,0.31967115
2019-05-27,2019-05-28 11:00:00,0.101953,0.2197433
2019-05-27,2019-05-28 11:15:00,0.014062,0.12777115
2019-05-27,2019-05-28 11:30:00,0.0,0.06360172
2019-05-27,2019-05-28 11:45:00,0.0,0.09163338
2019-05-27,2019-05-28 12:00:00,0.0,-0.03291712
2019-05-27,2019-05-28 12:15:00,0.0,0.0059293713
2019-05-27,2019-05-28 12:30:00,0.0,0.020247437
2019-05-27,2019-05-28 12:45:00,0.0,0.0096145915
2019-05-27,2019-05-28 13:00:00,0.0,-0.06342454
2019-05-27,2019-05-28 13:15:00,0.0,-0.025426358
2019-05-27,2019-05-28 13:30:00,0.0,-0.0103701865
2019-05-27,2019-05-28 13:45:00,0.0,-0.00756187
2019-05-27,2019-05-28 14:00:00,0.0,-0.0069695995
2019-05-27,2019-05-28 14:15:00,0.0,0.010363932
2019-05-27,2019-05-28 14:30:00,0.0,0.005598855
2019-05-27,2019-05-28 14:45:00,0.0,-0.009413286
2019-05-27,2019-05-28 15:00:00,0.0,0.055616435
2019-05-27,2019-05-28 15:15:00,0.0,0.072933584
2019-05-27,2019-05-28 15:30:00,0.0,0.055297278
2019-05-27,2019-05-28 15:45:00,0.0,0.02340742
2019-05-27,2019-05-28 16:00:00,0.0,-0.019150423
2019-05-27,2019-05-28 16:15:00,0.0,-0.006070392
2019-05-27,2019-05-28 16:30:00,0.0,0.018063283
2019-05-27,2019-05-28 16:45:00,0.0,0.046903726
2019-05-27,2019-05-28 17:00:00,0.0,0.026954213
2019-05-27,2019-05-28 17:15:00,0.0,0.06766365
2019-05-27,2019-05-28 17:30:00,0.0,0.097707
2019-05-27,2019-05-28 17:45:00,0.0,0.04213149
2019-05-27,2019-05-28 18:00:00,0.0,0.10620917
2019-05-27,2019-05-28 18:15:00,0.0,0.046949383
2019-05-27,2019-05-28 18:30:00,0.0,0.102240935
2019-05-27,2019-05-28 18:45:00,0.0,0.059142653
2019-05-27,2019-05-28 19:00:00,0.0,0.0058443146
2019-05-27,2019-05-28 19:15:00,0.0,0.071964055
2019-05-27,2019-05-28 19:30:00,0.0,0.034914497
2019-05-27,2019-05-28 19:45:00,0.0,-0.020542812
2019-05-27,2019-05-28 20:00:00,0.0,0.017556604
2019-05-27,2019-05-28 20:15:00,0.0,0.05646581
2019-05-27,2019-05-28 20:30:00,0.0,0.08615719
2019-05-27,2019-05-28 20:45:00,0.0,0.0028581074
2019-05-27,2019-05-28 21:00:00,0.0,0.038767897
2019-05-27,2019-05-28 21:15:00,0.0035159999999999,0.011067635
2019-05-27,2019-05-28 21:30:00,0.077344,0.11572809
2019-05-27,2019-05-28 21:45:00,0.140625,0.22204997
2019-05-27,2019-05-28 22:00:00,0.256641,0.4276498
2019-05-27,2019-05-28 22:15:00,0.39375,0.55709785
2019-05-27,2019-05-28 22:30:00,0.6082029999999999,0.76038265
2019-05-27,2019-05-28 22:45:00,0.8507809999999999,1.0306729
2019-05-27,2019-05-28 23:00:00,1.107422,1.2716708
2019-05-27,2019-05-28 23:15:00,1.399219,1.4823134
2019-05-27,2019-05-28 23:30:00,1.6875,1.7040881
2019-05-27,2019-05-28 23:45:00,1.979297,2.00065
2019-05-28,2019-05-29 00:00:00,2.264062,2.198963
2019-05-28,2019-05-29 00:15:00,2.538281,2.4146414
2019-05-28,2019-05-29 00:30:00,2.78789,2.7109623
2019-05-28,2019-05-29 00:45:00,3.009375,2.9419863
2019-05-28,2019-05-29 01:00:00,3.223828,3.1658425
2019-05-28,2019-05-29 01:15:00,3.434766,3.3804455
2019-05-28,2019-05-29 01:30:00,3.6,3.4940054
2019-05-28,2019-05-29 01:45:00,3.708984,3.6683285
2019-05-28,2019-05-29 02:00:00,3.839062,3.8593204
2019-05-28,2019-05-29 02:15:00,3.909375,4.0356326
2019-05-28,2019-05-29 02:30:00,3.986719,3.9938478
2019-05-28,2019-05-29 02:45:00,4.032422,4.0816016
2019-05-28,2019-05-29 03:00:00,4.05,4.1729727
2019-05-28,2019-05-29 03:15:00,4.071094,4.2056284
2019-05-28,2019-05-29 03:30:00,4.085156,4.2289495
2019-05-28,2019-05-29 03:45:00,4.064063,4.220046
2019-05-28,2019-05-29 04:00:00,4.028906,4.2117205
2019-05-28,2019-05-29 04:15:00,4.014843,4.1995044
2019-05-28,2019-05-29 04:30:00,4.102734,4.2295237
2019-05-28,2019-05-29 04:45:00,4.074609,4.15335
2019-05-28,2019-05-29 05:00:00,4.120312,4.1228685
2019-05-28,2019-05-29 05:15:00,4.099219000000001,4.0095205
2019-05-28,2019-05-29 05:30:00,4.057030999999999,3.9869778
2019-05-28,2019-05-29 05:45:00,4.1097660000000005,3.9477735
2019-05-28,2019-05-29 06:00:00,4.130859,3.816827
2019-05-28,2019-05-29 06:15:00,3.744141,3.7914572
2019-05-28,2019-05-29 06:30:00,3.948047,3.7622583
2019-05-28,2019-05-29 06:45:00,3.796875,3.7776952
2019-05-28,2019-05-29 07:00:00,3.3855470000000003,3.6927996
2019-05-28,2019-05-29 07:15:00,3.779297,3.562618
2019-05-28,2019-05-29 07:30:00,3.5648440000000003,3.5680258
2019-05-28,2019-05-29 07:45:00,3.128906,3.3966858
2019-05-28,2019-05-29 08:00:00,2.295703,3.0917609
2019-05-28,2019-05-29 08:15:00,3.216797,2.9091544
2019-05-28,2019-05-29 08:30:00,2.657812,2.5795898
2019-05-28,2019-05-29 08:45:00,2.545312,2.31603
2019-05-28,2019-05-29 09:00:00,2.130469,1.9495137
2019-05-28,2019-05-29 09:15:00,1.835156,1.6902922
2019-05-28,2019-05-29 09:30:00,1.543359,1.4585884
2019-05-28,2019-05-29 09:45:00,0.8085939999999999,1.155993
2019-05-28,2019-05-29 10:00:00,0.400781,0.8322913
2019-05-28,2019-05-29 10:15:00,0.418359,0.65523225
2019-05-28,2019-05-29 10:30:00,0.379687,0.48212683
2019-05-28,2019-05-29 10:45:00,0.182812,0.38582072
2019-05-28,2019-05-29 11:00:00,0.119531,0.24717271
2019-05-28,2019-05-29 11:15:00,0.0421879999999999,0.14467336
2019-05-28,2019-05-29 11:30:00,0.0,0.06985167
2019-05-28,2019-05-29 11:45:00,0.0,0.086668275
2019-05-28,2019-05-29 12:00:00,0.0,-0.05932585
2019-05-28,2019-05-29 12:15:00,0.0,-0.021169936
2019-05-28,2019-05-29 12:30:00,0.0,-0.010177316
2019-05-28,2019-05-29 12:45:00,0.0,-0.011538226
2019-05-28,2019-05-29 13:00:00,0.0,-0.094212204
2019-05-28,2019-05-29 13:15:00,0.0,-0.039932728
2019-05-28,2019-05-29 13:30:00,0.0,-0.036898743
2019-05-28,2019-05-29 13:45:00,0.0,-0.017947035
2019-05-28,2019-05-29 14:00:00,0.0,-0.021671224
2019-05-28,2019-05-29 14:15:00,0.0,-0.0037176877
2019-05-28,2019-05-29 14:30:00,0.0,-0.0034420246
2019-05-28,2019-05-29 14:45:00,0.0,-0.026025418
2019-05-28,2019-05-29 15:00:00,0.0,0.045296326
2019-05-28,2019-05-29 15:15:00,0.0,0.050309785
2019-05-28,2019-05-29 15:30:00,0.0,0.03034694
2019-05-28,2019-05-29 15:45:00,0.0,-0.013962654
2019-05-28,2019-05-29 16:00:00,0.0,-0.068817735
2019-05-28,2019-05-29 16:15:00,0.0,-0.051415153
2019-05-28,2019-05-29 16:30:00,0.0,-0.028092336
2019-05-28,2019-05-29 16:45:00,0.0,-0.007937321
2019-05-28,2019-05-29 17:00:00,0.0,-0.029548673
2019-05-28,2019-05-29 17:15:00,0.0,0.009507931
2019-05-28,2019-05-29 17:30:00,0.0,0.045763504
2019-05-28,2019-05-29 17:45:00,0.0,-0.026346428
2019-05-28,2019-05-29 18:00:00,0.0,0.050490845
2019-05-28,2019-05-29 18:15:00,0.0,-0.022306208
2019-05-28,2019-05-29 18:30:00,0.0,0.065368466
2019-05-28,2019-05-29 18:45:00,0.0,0.01925087
2019-05-28,2019-05-29 19:00:00,0.0,-0.028167764
2019-05-28,2019-05-29 19:15:00,0.0,0.061951667
2019-05-28,2019-05-29 19:30:00,0.0,0.03256677
2019-05-28,2019-05-29 19:45:00,0.0,-0.019559288
2019-05-28,2019-05-29 20:00:00,0.0,0.05687768
2019-05-28,2019-05-29 20:15:00,0.0,0.09813708
2019-05-28,2019-05-29 20:30:00,0.0,0.15677103
2019-05-28,2019-05-29 20:45:00,0.0,0.07348615
2019-05-28,2019-05-29 21:00:00,0.0,0.13222125
2019-05-28,2019-05-29 21:15:00,0.0,0.08142989
2019-05-28,2019-05-29 21:30:00,0.0,0.1976248
2019-05-28,2019-05-29 21:45:00,0.193359,0.3118668
2019-05-28,2019-05-29 22:00:00,0.302344,0.5145373
2019-05-28,2019-05-29 22:15:00,0.439453,0.6482799
2019-05-28,2019-05-29 22:30:00,0.481641,0.85149723
2019-05-28,2019-05-29 22:45:00,0.583594,1.1285303
2019-05-28,2019-05-29 23:00:00,0.984375,1.3728588
2019-05-28,2019-05-29 23:15:00,0.812109,1.5496124
2019-05-28,2019-05-29 23:30:00,1.364062,1.7564638
2019-05-28,2019-05-29 23:45:00,1.434375,2.0472038
2019-05-29,2019-05-30 00:00:00,1.930078,2.0211027
2019-05-29,2019-05-30 00:15:00,2.383594,2.2523198
2019-05-29,2019-05-30 00:30:00,2.446875,2.548505
2019-05-29,2019-05-30 00:45:00,2.707031,2.7898183
2019-05-29,2019-05-30 01:00:00,3.058594,3.0247777
2019-05-29,2019-05-30 01:15:00,3.266016,3.2403781
2019-05-29,2019-05-30 01:30:00,3.4875,3.3633697
2019-05-29,2019-05-30 01:45:00,3.666797,3.5360303
2019-05-29,2019-05-30 02:00:00,3.863672,3.7207782
2019-05-29,2019-05-30 02:15:00,3.909375,3.883763
2019-05-29,2019-05-30 02:30:00,3.99375,3.857358
2019-05-29,2019-05-30 02:45:00,3.877734,3.9297702
2019-05-29,2019-05-30 03:00:00,4.158983999999999,4.0036592
2019-05-29,2019-05-30 03:15:00,4.187109,4.0271883
2019-05-29,2019-05-30 03:30:00,4.081641,4.0064855
2019-05-29,2019-05-30 03:45:00,4.092187,4.0057282
2019-05-29,2019-05-30 04:00:00,3.891797,3.9547968
2019-05-29,2019-05-30 04:15:00,3.779297,3.953027
2019-05-29,2019-05-30 04:30:00,2.900391,3.9544919
2019-05-29,2019-05-30 04:45:00,3.378515,3.8850045
2019-05-29,2019-05-30 05:00:00,3.009375,3.8581865
2019-05-29,2019-05-30 05:15:00,4.074609,3.762735
2019-05-29,2019-05-30 05:30:00,3.91289,3.7460587
2019-05-29,2019-05-30 05:45:00,3.730078,3.6884215
2019-05-29,2019-05-30 06:00:00,3.308203,3.5885487
2019-05-29,2019-05-30 06:15:00,3.877734,3.5627718
2019-05-29,2019-05-30 06:30:00,2.267578,3.5036182
2019-05-29,2019-05-30 06:45:00,1.357031,3.481488
2019-05-29,2019-05-30 07:00:00,2.664844,3.3909366
2019-05-29,2019-05-30 07:15:00,2.506641,3.23595
2019-05-29,2019-05-30 07:30:00,3.476953,3.2033956
2019-05-29,2019-05-30 07:45:00,3.153516,2.9984434
2019-05-29,2019-05-30 08:00:00,2.9636720000000003,2.6845443
2019-05-29,2019-05-30 08:15:00,2.626172,2.4968863
2019-05-29,2019-05-30 08:30:00,2.323828,2.1802526
2019-05-29,2019-05-30 08:45:00,2.035547,1.9425802
2019-05-29,2019-05-30 09:00:00,1.715625,1.5854391
2019-05-29,2019-05-30 09:15:00,1.480078,1.3570408
2019-05-29,2019-05-30 09:30:00,1.241016,1.134076
2019-05-29,2019-05-30 09:45:00,0.910547,0.88371736
2019-05-29,2019-05-30 10:00:00,0.713672,0.61337674
2019-05-29,2019-05-30 10:15:00,0.523828,0.47581363
2019-05-29,2019-05-30 10:30:00,0.379687,0.33524734
2019-05-29,2019-05-30 10:45:00,0.256641,0.2702936
2019-05-29,2019-05-30 11:00:00,0.154687,0.18833709
2019-05-29,2019-05-30 11:15:00,0.014062,0.11671637
2019-05-29,2019-05-30 11:30:00,0.0,0.062113572
2019-05-29,2019-05-30 11:45:00,0.0,0.08930841
2019-05-29,2019-05-30 12:00:00,0.0,-0.019351069
2019-05-29,2019-05-30 12:15:00,0.0,0.01830936
2019-05-29,2019-05-30 12:30:00,0.0,0.030248838
2019-05-29,2019-05-30 12:45:00,0.0,0.029072322
2019-05-29,2019-05-30 13:00:00,0.0,-0.036063854
2019-05-29,2019-05-30 13:15:00,0.0,-0.0008325036
2019-05-29,2019-05-30 13:30:00,0.0,-0.008974135
2019-05-29,2019-05-30 13:45:00,0.0,0.018339481
2019-05-29,2019-05-30 14:00:00,0.0,0.0006632129
2019-05-29,2019-05-30 14:15:00,0.0,0.008948169
2019-05-29,2019-05-30 14:30:00,0.0,-0.0018305533
2019-05-29,2019-05-30 14:45:00,0.0,-0.02194302
2019-05-29,2019-05-30 15:00:00,0.0,0.02543574
2019-05-29,2019-05-30 15:15:00,0.0,0.034762077
2019-05-29,2019-05-30 15:30:00,0.0,0.016838005
2019-05-29,2019-05-30 15:45:00,0.0,-0.010114605
2019-05-29,2019-05-30 16:00:00,0.0,-0.05619093
2019-05-29,2019-05-30 16:15:00,0.0,-0.044747677
2019-05-29,2019-05-30 16:30:00,0.0,-0.02137474
2019-05-29,2019-05-30 16:45:00,0.0,-0.013949486
2019-05-29,2019-05-30 17:00:00,0.0,-0.033489227
2019-05-29,2019-05-30 17:15:00,0.0,0.00046828584
2019-05-29,2019-05-30 17:30:00,0.0,0.028741723
2019-05-29,2019-05-30 17:45:00,0.0,-0.016824054
2019-05-29,2019-05-30 18:00:00,0.0,0.027259298
2019-05-29,2019-05-30 18:15:00,0.0,-0.016636657
2019-05-29,2019-05-30 18:30:00,0.0,0.050212465
2019-05-29,2019-05-30 18:45:00,0.0,0.008143894
2019-05-29,2019-05-30 19:00:00,0.0,-0.011516129
2019-05-29,2019-05-30 19:15:00,0.0,0.051659048
2019-05-29,2019-05-30 19:30:00,0.0,0.02722181
2019-05-29,2019-05-30 19:45:00,0.0,-0.004057915
2019-05-29,2019-05-30 20:00:00,0.0,0.056967385
2019-05-29,2019-05-30 20:15:00,0.0,0.0981
2019-05-29,2019-05-30 20:30:00,0.0,0.15433009
2019-05-29,2019-05-30 20:45:00,0.0,0.08784302
2019-05-29,2019-05-30 21:00:00,0.0,0.12434331
2019-05-29,2019-05-30 21:15:00,0.024609,0.09109929
2019-05-29,2019-05-30 21:30:00,0.0,0.19421613
2019-05-29,2019-05-30 21:45:00,0.189844,0.2987135
2019-05-29,2019-05-30 22:00:00,0.298828,0.45692432
2019-05-29,2019-05-30 22:15:00,0.460547,0.5913543
2019-05-29,2019-05-30 22:30:00,0.660937,0.7836893
2019-05-29,2019-05-30 22:45:00,0.8648440000000001,1.0144259
2019-05-29,2019-05-30 23:00:00,1.156641,1.2445118
2019-05-29,2019-05-30 23:15:00,1.434375,1.4262258
2019-05-29,2019-05-30 23:30:00,1.712109,1.6294159
2019-05-29,2019-05-30 23:45:00,2.014453,1.8954601
2019-05-30,2019-05-31 00:00:00,2.2605470000000003,1.5158688
2019-05-30,2019-05-31 00:15:00,2.5101560000000003,1.734507
2019-05-30,2019-05-31 00:30:00,2.766797,2.0188613
2019-05-30,2019-05-31 00:45:00,2.998828,2.2587924
2019-05-30,2019-05-31 01:00:00,3.230859,2.4883325
2019-05-30,2019-05-31 01:15:00,3.438281,2.707362
2019-05-30,2019-05-31 01:30:00,3.568359,2.8247855
2019-05-30,2019-05-31 01:45:00,3.744141,3.003941
2019-05-30,2019-05-31 02:00:00,3.902344,3.1966121
2019-05-30,2019-05-31 02:15:00,4.014843,3.338503
2019-05-30,2019-05-31 02:30:00,4.095703,3.3418074
2019-05-30,2019-05-31 02:45:00,4.169531,3.408848
2019-05-30,2019-05-31 03:00:00,4.232812,3.4725616
2019-05-30,2019-05-31 03:15:00,4.222266,3.5127385
2019-05-30,2019-05-31 03:30:00,4.169531,3.487348
2019-05-30,2019-05-31 03:45:00,4.201172,3.5202022
2019-05-30,2019-05-31 04:00:00,4.225781,3.4732447
2019-05-30,2019-05-31 04:15:00,4.144922,3.4722114
2019-05-30,2019-05-31 04:30:00,4.201172,3.5168252
2019-05-30,2019-05-31 04:45:00,4.092187,3.4732592
2019-05-30,2019-05-31 05:00:00,4.014843,3.4725726
2019-05-30,2019-05-31 05:15:00,4.046484,3.4156651
2019-05-30,2019-05-31 05:30:00,4.05,3.431938
2019-05-30,2019-05-31 05:45:00,3.91289,3.3612127
2019-05-30,2019-05-31 06:00:00,4.000781,3.2929075
2019-05-30,2019-05-31 06:15:00,3.941015,3.240813
2019-05-30,2019-05-31 06:30:00,3.898828,3.167872
2019-05-30,2019-05-31 06:45:00,3.863672,3.0747359
2019-05-30,2019-05-31 07:00:00,3.716016,2.9627142
2019-05-30,2019-05-31 07:15:00,2.988281,2.751137
2019-05-30,2019-05-31 07:30:00,2.460938,2.6287694
2019-05-30,2019-05-31 07:45:00,2.882812,2.39036
2019-05-30,2019-05-31 08:00:00,1.6804689999999998,2.0672522
2019-05-30,2019-05-31 08:15:00,1.026562,1.8484367
2019-05-30,2019-05-31 08:30:00,1.360547,1.5554363
2019-05-30,2019-05-31 08:45:00,1.248047,1.2886636
2019-05-30,2019-05-31 09:00:00,2.341406,1.0050471
2019-05-30,2019-05-31 09:15:00,1.648828,0.8188759
2019-05-30,2019-05-31 09:30:00,1.089844,0.6449015
2019-05-30,2019-05-31 09:45:00,0.7558590000000001,0.441142
2019-05-30,2019-05-31 10:00:00,0.875391,0.258215
2019-05-30,2019-05-31 10:15:00,0.28125,0.19223723
2019-05-30,2019-05-31 10:30:00,0.326953,0.11046212
2019-05-30,2019-05-31 10:45:00,0.221484,0.112888426
2019-05-30,2019-05-31 11:00:00,0.130078,0.0447706
2019-05-30,2019-05-31 11:15:00,0.0,0.03424365
2019-05-30,2019-05-31 11:30:00,0.0,0.04168168
2019-05-30,2019-05-31 11:45:00,0.0,0.071251646
2019-05-30,2019-05-31 12:00:00,0.0,0.010677205
2019-05-30,2019-05-31 12:15:00,0.0,0.03593596
2019-05-30,2019-05-31 12:30:00,0.0,0.049521804
2019-05-30,2019-05-31 12:45:00,0.0,0.05035435
2019-05-30,2019-05-31 13:00:00,0.0,-0.017133048
2019-05-30,2019-05-31 13:15:00,0.0,-0.009295269
2019-05-30,2019-05-31 13:30:00,0.0,-0.050911725
2019-05-30,2019-05-31 13:45:00,0.0,0.0073332414
2019-05-30,2019-05-31 14:00:00,0.0,-0.012034165
2019-05-30,2019-05-31 14:15:00,0.0,-0.04283367
2019-05-30,2019-05-31 14:30:00,0.0,-0.041489344
2019-05-30,2019-05-31 14:45:00,0.0,-0.05016428
2019-05-30,2019-05-31 15:00:00,0.0,-0.013520417
2019-05-30,2019-05-31 15:15:00,0.0,0.001317414
2019-05-30,2019-05-31 15:30:00,0.0,0.009283541
2019-05-30,2019-05-31 15:45:00,0.0,-0.019310907
2019-05-30,2019-05-31 16:00:00,0.0,-0.034363624
2019-05-30,2019-05-31 16:15:00,0.0,-0.0055074613
2019-05-30,2019-05-31 16:30:00,0.0,0.018479967
2019-05-30,2019-05-31 16:45:00,0.0,-0.013344377
2019-05-30,2019-05-31 17:00:00,0.0,-0.012225964
2019-05-30,2019-05-31 17:15:00,0.0,-0.008343677
2019-05-30,2019-05-31 17:30:00,0.0,0.011725499
2019-05-30,2019-05-31 17:45:00,0.0,-0.034365885
2019-05-30,2019-05-31 18:00:00,0.0,-0.020056996
2019-05-30,2019-05-31 18:15:00,0.0,-0.09049065
2019-05-30,2019-05-31 18:30:00,0.0,-0.023069004
2019-05-30,2019-05-31 18:45:00,0.0,-0.0877471
2019-05-30,2019-05-31 19:00:00,0.0,-0.10479315
2019-05-30,2019-05-31 19:15:00,0.0,-0.068444096
2019-05-30,2019-05-31 19:30:00,0.0,-0.069286965
2019-05-30,2019-05-31 19:45:00,0.0,-0.09771649
2019-05-30,2019-05-31 20:00:00,0.0,-0.035615936
2019-05-30,2019-05-31 20:15:00,0.0,-0.022640057
2019-05-30,2019-05-31 20:30:00,0.0,0.052843876
2019-05-30,2019-05-31 20:45:00,0.0,0.014242309
2019-05-30,2019-05-31 21:00:00,0.0,0.026995692
2019-05-30,2019-05-31 21:15:00,0.0,0.015384507
2019-05-30,2019-05-31 21:30:00,0.0,0.11224219
2019-05-30,2019-05-31 21:45:00,0.0,0.19575274
2019-05-30,2019-05-31 22:00:00,0.077344,0.33003616
2019-05-30,2019-05-31 22:15:00,0.16875,0.48897713
2019-05-30,2019-05-31 22:30:00,0.344531,0.6763699
2019-05-30,2019-05-31 22:45:00,0.298828,0.86288524
2019-05-30,2019-05-31 23:00:00,0.351562,1.0999135
2019-05-30,2019-05-31 23:15:00,0.2953119999999999,1.2606239
2019-05-30,2019-05-31 23:30:00,0.523828,1.4686288
2019-05-30,2019-05-31 23:45:00,0.833203,1.723785
2019-05-31,2019-06-01 00:00:00,0.794531,2.252144
2019-05-31,2019-06-01 00:15:00,0.523828,2.472821
2019-05-31,2019-06-01 00:30:00,0.418359,2.7712963
2019-05-31,2019-06-01 00:45:00,0.369141,3.0119524
2019-05-31,2019-06-01 01:00:00,1.283203,3.233675
2019-05-31,2019-06-01 01:15:00,2.025,3.4387054
2019-05-31,2019-06-01 01:30:00,3.241406,3.561774
2019-05-31,2019-06-01 01:45:00,3.491015,3.7269723
2019-05-31,2019-06-01 02:00:00,3.765234,3.9150176
2019-05-31,2019-06-01 02:15:00,3.877734,4.101195
2019-05-31,2019-06-01 02:30:00,3.986719,4.061154
2019-05-31,2019-06-01 02:45:00,4.134375,4.1448326
2019-05-31,2019-06-01 03:00:00,4.201172,4.248032
2019-05-31,2019-06-01 03:15:00,4.282031,4.2753706
2019-05-31,2019-06-01 03:30:00,4.2785150000000005,4.2806754
2019-05-31,2019-06-01 03:45:00,4.264453,4.2680726
2019-05-31,2019-06-01 04:00:00,4.362891,4.2379246
2019-05-31,2019-06-01 04:15:00,4.275,4.2346363
2019-05-31,2019-06-01 04:30:00,4.148438,4.2311473
2019-05-31,2019-06-01 04:45:00,4.355859,4.146197
2019-05-31,2019-06-01 05:00:00,4.369922,4.1161103
2019-05-31,2019-06-01 05:15:00,2.439844,4.0051727
2019-05-31,2019-06-01 05:30:00,4.246875,3.9937203
2019-05-31,2019-06-01 05:45:00,1.567969,3.9629776
2019-05-31,2019-06-01 06:00:00,1.6523439999999998,3.843285
2019-05-31,2019-06-01 06:15:00,4.33125,3.8427932
2019-05-31,2019-06-01 06:30:00,3.863672,3.8286285
2019-05-31,2019-06-01 06:45:00,2.091797,3.8793042
2019-05-31,2019-06-01 07:00:00,1.346484,3.8232338
2019-05-31,2019-06-01 07:15:00,3.329297,3.7334816
2019-05-31,2019-06-01 07:30:00,3.125391,3.7934663
2019-05-31,2019-06-01 07:45:00,2.953125,3.6366613
2019-05-31,2019-06-01 08:00:00,2.696484,3.3664577
2019-05-31,2019-06-01 08:15:00,2.408203,3.2146947
2019-05-31,2019-06-01 08:30:00,2.190234,2.8917525
2019-05-31,2019-06-01 08:45:00,1.923047,2.6587923
2019-05-31,2019-06-01 09:00:00,1.645312,2.2586985
2019-05-31,2019-06-01 09:15:00,1.388672,1.975975
2019-05-31,2019-06-01 09:30:00,1.082812,1.7095747
2019-05-31,2019-06-01 09:45:00,0.8824219999999999,1.392493
2019-05-31,2019-06-01 10:00:00,0.660937,1.0309533
2019-05-31,2019-06-01 10:15:00,0.478125,0.81691104
2019-05-31,2019-06-01 10:30:00,0.323438,0.6035
2019-05-31,2019-06-01 10:45:00,0.210938,0.46165305
2019-05-31,2019-06-01 11:00:00,0.105469,0.32424572
2019-05-31,2019-06-01 11:15:00,0.0,0.19150719
2019-05-31,2019-06-01 11:30:00,0.0,0.08631323
2019-05-31,2019-06-01 11:45:00,0.0,0.09763412
2019-05-31,2019-06-01 12:00:00,0.0,-0.051302608
2019-05-31,2019-06-01 12:15:00,0.0,-0.015492032
2019-05-31,2019-06-01 12:30:00,0.0,0.0028391373
2019-05-31,2019-06-01 12:45:00,0.0,-0.0058504045
2019-05-31,2019-06-01 13:00:00,0.0,-0.07952193
2019-05-31,2019-06-01 13:15:00,0.0,-0.021520657
2019-05-31,2019-06-01 13:30:00,0.0,-0.0059662415
2019-05-31,2019-06-01 13:45:00,0.0,-0.004480648
2019-05-31,2019-06-01 14:00:00,0.0,-0.00541759
2019-05-31,2019-06-01 14:15:00,0.0,0.014877911
2019-05-31,2019-06-01 14:30:00,0.0,-0.0021890923
2019-05-31,2019-06-01 14:45:00,0.0,-0.026744308
2019-05-31,2019-06-01 15:00:00,0.0,0.03309604
2019-05-31,2019-06-01 15:15:00,0.0,0.034434646
2019-05-31,2019-06-01 15:30:00,0.0,0.0093829585
2019-05-31,2019-06-01 15:45:00,0.0,-0.028061803
2019-05-31,2019-06-01 16:00:00,0.0,-0.080162846
2019-05-31,2019-06-01 16:15:00,0.0,-0.06969579
2019-05-31,2019-06-01 16:30:00,0.0,-0.04696619
2019-05-31,2019-06-01 16:45:00,0.0,-0.014408226
2019-05-31,2019-06-01 17:00:00,0.0,-0.037554797
2019-05-31,2019-06-01 17:15:00,0.0,0.00040182876
2019-05-31,2019-06-01 17:30:00,0.0,0.035914604
2019-05-31,2019-06-01 17:45:00,0.0,-0.024789358
2019-05-31,2019-06-01 18:00:00,0.0,0.03233448
2019-05-31,2019-06-01 18:15:00,0.0,-0.00893961
2019-05-31,2019-06-01 18:30:00,0.0,0.051041882
2019-05-31,2019-06-01 18:45:00,0.0,0.0034472095
2019-05-31,2019-06-01 19:00:00,0.0,-0.039203674
2019-05-31,2019-06-01 19:15:00,0.0,0.030142343
2019-05-31,2019-06-01 19:30:00,0.0,-0.009397608
2019-05-31,2019-06-01 19:45:00,0.0,-0.05088864
2019-05-31,2019-06-01 20:00:00,0.0,0.007075314
2019-05-31,2019-06-01 20:15:00,0.0,0.061594035
2019-05-31,2019-06-01 20:30:00,0.0,0.10154108
2019-05-31,2019-06-01 20:45:00,0.0,0.011369758
2019-05-31,2019-06-01 21:00:00,0.0,0.06556154
2019-05-31,2019-06-01 21:15:00,0.0,0.018209036
2019-05-31,2019-06-01 21:30:00,0.080859,0.12409357
2019-05-31,2019-06-01 21:45:00,0.165234,0.23608056
2019-05-31,2019-06-01 22:00:00,0.2847659999999999,0.42375425
2019-05-31,2019-06-01 22:15:00,0.4148439999999999,0.5499873
2019-05-31,2019-06-01 22:30:00,0.541406,0.7511162
2019-05-31,2019-06-01 22:45:00,0.776953,1.0046393
2019-05-31,2019-06-01 23:00:00,0.987891,1.2437946
2019-05-31,2019-06-01 23:15:00,1.241016,1.4242418
2019-05-31,2019-06-01 23:30:00,1.364062,1.6301081
2019-05-31,2019-06-01 23:45:00,1.582031,1.9067796
2018-08-25,2018-08-26 00:00:00,1.286719,1.375139
2018-08-25,2018-08-26 00:15:00,1.504687,1.5954905
2018-08-25,2018-08-26 00:30:00,1.747266,1.8810761
2018-08-25,2018-08-26 00:45:00,1.916016,2.1484323
2018-08-25,2018-08-26 01:00:00,2.169141,2.4213924
2018-08-25,2018-08-26 01:15:00,2.309766,2.6505845
2018-08-25,2018-08-26 01:30:00,2.636719,2.8290894
2018-08-25,2018-08-26 01:45:00,2.770312,3.0339468
2018-08-25,2018-08-26 02:00:00,2.872266,3.2333112
2018-08-25,2018-08-26 02:15:00,3.086719,3.4085386
2018-08-25,2018-08-26 02:30:00,3.188672,3.4632075
2018-08-25,2018-08-26 02:45:00,3.181641,3.566966
2018-08-25,2018-08-26 03:00:00,3.325781,3.6706972
2018-08-25,2018-08-26 03:15:00,3.378515,3.7425318
2018-08-25,2018-08-26 03:30:00,3.357422,3.7170553
2018-08-25,2018-08-26 03:45:00,3.3890620000000005,3.7970765
2018-08-25,2018-08-26 04:00:00,3.403125,3.764738
2018-08-25,2018-08-26 04:15:00,3.448828,3.8124847
2018-08-25,2018-08-26 04:30:00,3.427734,3.8133972
2018-08-25,2018-08-26 04:45:00,3.396094,3.7750533
2018-08-25,2018-08-26 05:00:00,3.273047,3.8068502
2018-08-25,2018-08-26 05:15:00,3.403125,3.763863
2018-08-25,2018-08-26 05:30:00,3.364453,3.7947698
2018-08-25,2018-08-26 05:45:00,2.974219,3.742628
2018-08-25,2018-08-26 06:00:00,3.058594,3.7057676
2018-08-25,2018-08-26 06:15:00,2.063672,3.6902673
2018-08-25,2018-08-26 06:30:00,2.882812,3.64156
2018-08-25,2018-08-26 06:45:00,2.443359,3.6076264
2018-08-25,2018-08-26 07:00:00,2.239453,3.544464
2018-08-25,2018-08-26 07:15:00,2.373047,3.3959777
2018-08-25,2018-08-26 07:30:00,2.151562,3.3547425
2018-08-25,2018-08-26 07:45:00,1.993359,3.133779
2018-08-25,2018-08-26 08:00:00,1.7824220000000002,2.8753173
2018-08-25,2018-08-26 08:15:00,1.578516,2.7156231
2018-08-25,2018-08-26 08:30:00,1.392187,2.4176967
2018-08-25,2018-08-26 08:45:00,1.019531,2.1738813
2018-08-25,2018-08-26 09:00:00,0.45,1.8315134
2018-08-25,2018-08-26 09:15:00,0.4253909999999999,1.5636177
2018-08-25,2018-08-26 09:30:00,0.379687,1.2820803
2018-08-25,2018-08-26 09:45:00,0.298828,1.0191315
2018-08-25,2018-08-26 10:00:00,0.291797,0.7348712
2018-08-25,2018-08-26 10:15:00,0.175781,0.5720393
2018-08-25,2018-08-26 10:30:00,0.024609,0.37302157
2018-08-25,2018-08-26 10:45:00,0.0,0.2790853
2018-08-25,2018-08-26 11:00:00,0.0,0.1843403
2018-08-25,2018-08-26 11:15:00,0.0,0.09461806
2018-08-25,2018-08-26 11:30:00,0.0,0.037709437
2018-08-25,2018-08-26 11:45:00,0.0,0.048102506
2018-08-25,2018-08-26 12:00:00,0.0,-0.015938303
2018-08-25,2018-08-26 12:15:00,0.0,0.0020783169
2018-08-25,2018-08-26 12:30:00,0.0,0.026252814
2018-08-25,2018-08-26 12:45:00,0.0,0.011527239
2018-08-25,2018-08-26 13:00:00,0.0,-0.036057804
2018-08-25,2018-08-26 13:15:00,0.0,0.0045043915
2018-08-25,2018-08-26 13:30:00,0.0,-0.0050306576
2018-08-25,2018-08-26 13:45:00,0.0,0.012054452
2018-08-25,2018-08-26 14:00:00,0.0,0.011863968
2018-08-25,2018-08-26 14:15:00,0.0,-0.010959741
2018-08-25,2018-08-26 14:30:00,0.0,-0.015097075
2018-08-25,2018-08-26 14:45:00,0.0,-0.018222328
2018-08-25,2018-08-26 15:00:00,0.0,0.008113114
2018-08-25,2018-08-26 15:15:00,0.0,0.026608307
2018-08-25,2018-08-26 15:30:00,0.0,0.027704211
2018-08-25,2018-08-26 15:45:00,0.0,0.0018725673
2018-08-25,2018-08-26 16:00:00,0.0,0.012890371
2018-08-25,2018-08-26 16:15:00,0.0,0.017030379
2018-08-25,2018-08-26 16:30:00,0.0,0.032712072
2018-08-25,2018-08-26 16:45:00,0.0,0.032799266
2018-08-25,2018-08-26 17:00:00,0.0,0.044507854
2018-08-25,2018-08-26 17:15:00,0.0,0.03707063
2018-08-25,2018-08-26 17:30:00,0.0,0.05260418
2018-08-25,2018-08-26 17:45:00,0.0,0.03867426
2018-08-25,2018-08-26 18:00:00,0.0,0.028328044
2018-08-25,2018-08-26 18:15:00,0.0,0.0061192783
2018-08-25,2018-08-26 18:30:00,0.0,0.01988898
2018-08-25,2018-08-26 18:45:00,0.0,-0.025741732
2018-08-25,2018-08-26 19:00:00,0.0,-0.038319115
2018-08-25,2018-08-26 19:15:00,0.0,-0.044068374
2018-08-25,2018-08-26 19:30:00,0.0,-0.048161924
2018-08-25,2018-08-26 19:45:00,0.0,-0.059283756
2018-08-25,2018-08-26 20:00:00,0.0,-0.04387884
2018-08-25,2018-08-26 20:15:00,0.0,-0.014925357
2018-08-25,2018-08-26 20:30:00,0.0,0.006113682
2018-08-25,2018-08-26 20:45:00,0.0,-0.038427833
2018-08-25,2018-08-26 21:00:00,0.0,-0.04470303
2018-08-25,2018-08-26 21:15:00,0.0,-0.04725354
2018-08-25,2018-08-26 21:30:00,0.0,0.009407278
2018-08-25,2018-08-26 21:45:00,0.0,0.056625266
2018-08-25,2018-08-26 22:00:00,0.0,0.14397754
2018-08-25,2018-08-26 22:15:00,0.0,0.24784066
2018-08-25,2018-08-26 22:30:00,0.203906,0.40434492
2018-08-25,2018-08-26 22:45:00,0.319922,0.51561624
2018-08-25,2018-08-26 23:00:00,0.460547,0.7027229
2018-08-25,2018-08-26 23:15:00,0.632812,0.86796206
2018-08-25,2018-08-26 23:30:00,0.8824219999999999,1.0586567
2018-08-25,2018-08-26 23:45:00,1.125,1.271682
2018-08-26,2018-08-27 00:00:00,1.297266,1.1427139
2018-08-26,2018-08-27 00:15:00,1.18125,1.333018
2018-08-26,2018-08-27 00:30:00,1.887891,1.5238496
2018-08-26,2018-08-27 00:45:00,2.021484,1.7567909
2018-08-26,2018-08-27 01:00:00,2.285156,1.930199
2018-08-26,2018-08-27 01:15:00,2.478516,2.082707
2018-08-26,2018-08-27 01:30:00,2.657812,2.2139752
2018-08-26,2018-08-27 01:45:00,2.844141,2.3113596
2018-08-26,2018-08-27 02:00:00,3.121875,2.3525984
2018-08-26,2018-08-27 02:15:00,3.287109,2.4075522
2018-08-26,2018-08-27 02:30:00,2.309766,2.430091
2018-08-26,2018-08-27 02:45:00,3.427734,2.4276552
2018-08-26,2018-08-27 03:00:00,2.211328,2.432163
2018-08-26,2018-08-27 03:15:00,3.469922,2.4239328
2018-08-26,2018-08-27 03:30:00,3.15,2.3078377
2018-08-26,2018-08-27 03:45:00,3.410156,2.256834
2018-08-26,2018-08-27 04:00:00,4.151953,2.1644163
2018-08-26,2018-08-27 04:15:00,3.670312000000001,2.1218662
2018-08-26,2018-08-27 04:30:00,3.596484,1.9872102
2018-08-26,2018-08-27 04:45:00,3.723047,1.8983313
2018-08-26,2018-08-27 05:00:00,2.580469,1.7798287
2018-08-26,2018-08-27 05:15:00,2.696484,1.6749191
2018-08-26,2018-08-27 05:30:00,4.310156,1.5826452
2018-08-26,2018-08-27 05:45:00,2.844141,1.4621683
2018-08-26,2018-08-27 06:00:00,3.4839839999999995,1.3381524
2018-08-26,2018-08-27 06:15:00,3.596484,1.2683196
2018-08-26,2018-08-27 06:30:00,3.336328,1.1450272
2018-08-26,2018-08-27 06:45:00,3.3679690000000004,1.0598649
2018-08-26,2018-08-27 07:00:00,3.026953,0.99443763
2018-08-26,2018-08-27 07:15:00,3.055078,0.8866424
2018-08-26,2018-08-27 07:30:00,2.896875,0.81016177
2018-08-26,2018-08-27 07:45:00,2.735156,0.7279037
2018-08-26,2018-08-27 08:00:00,2.376562,0.6354653
2018-08-26,2018-08-27 08:15:00,1.7015619999999998,0.5963134
2018-08-26,2018-08-27 08:30:00,2.288672,0.5349983
2018-08-26,2018-08-27 08:45:00,2.014453,0.51388776
2018-08-26,2018-08-27 09:00:00,0.6679689999999999,0.43895125
2018-08-26,2018-08-27 09:15:00,0.569531,0.38292912
2018-08-26,2018-08-27 09:30:00,0.569531,0.30976188
2018-08-26,2018-08-27 09:45:00,0.492188,0.26716492
2018-08-26,2018-08-27 10:00:00,0.428906,0.20069411
2018-08-26,2018-08-27 10:15:00,0.158203,0.14853117
2018-08-26,2018-08-27 10:30:00,0.035156,0.11645122
2018-08-26,2018-08-27 10:45:00,0.0,0.08716248
2018-08-26,2018-08-27 11:00:00,0.0,0.11000794
2018-08-26,2018-08-27 11:15:00,0.0,0.061107416
2018-08-26,2018-08-27 11:30:00,0.0,0.021485679
2018-08-26,2018-08-27 11:45:00,0.0,0.019334404
2018-08-26,2018-08-27 12:00:00,0.0,0.03338146
2018-08-26,2018-08-27 12:15:00,0.0,0.053111516
2018-08-26,2018-08-27 12:30:00,0.0,0.034499004
2018-08-26,2018-08-27 12:45:00,0.0,0.034097258
2018-08-26,2018-08-27 13:00:00,0.0,0.043372158
2018-08-26,2018-08-27 13:15:00,0.0,0.05113801
2018-08-26,2018-08-27 13:30:00,0.0,0.051230967
2018-08-26,2018-08-27 13:45:00,0.0,0.05270257
2018-08-26,2018-08-27 14:00:00,0.0,0.034237497
2018-08-26,2018-08-27 14:15:00,0.0,0.042648826
2018-08-26,2018-08-27 14:30:00,0.0,0.050229874
2018-08-26,2018-08-27 14:45:00,0.0,0.057700593
2018-08-26,2018-08-27 15:00:00,0.0,0.056720156
2018-08-26,2018-08-27 15:15:00,0.0,0.073649846
2018-08-26,2018-08-27 15:30:00,0.0,0.06628743
2018-08-26,2018-08-27 15:45:00,0.0,0.06325394
2018-08-26,2018-08-27 16:00:00,0.0,0.06479539
2018-08-26,2018-08-27 16:15:00,0.0,0.044016156
2018-08-26,2018-08-27 16:30:00,0.0,0.039021503
2018-08-26,2018-08-27 16:45:00,0.0,0.018089702
2018-08-26,2018-08-27 17:00:00,0.0,0.02063079
2018-08-26,2018-08-27 17:15:00,0.0,0.009525626
2018-08-26,2018-08-27 17:30:00,0.0,-0.008647651
2018-08-26,2018-08-27 17:45:00,0.0,0.008515622
2018-08-26,2018-08-27 18:00:00,0.0,-0.022670714
2018-08-26,2018-08-27 18:15:00,0.0,0.007446774
2018-08-26,2018-08-27 18:30:00,0.0,0.004007506
2018-08-26,2018-08-27 18:45:00,0.0,0.023571938
2018-08-26,2018-08-27 19:00:00,0.0,0.049746256
2018-08-26,2018-08-27 19:15:00,0.0,0.039029937
2018-08-26,2018-08-27 19:30:00,0.0,0.035252295
2018-08-26,2018-08-27 19:45:00,0.0,0.059195817
2018-08-26,2018-08-27 20:00:00,0.0,0.042034745
2018-08-26,2018-08-27 20:15:00,0.0,0.04828023
2018-08-26,2018-08-27 20:30:00,0.0,0.048617538
2018-08-26,2018-08-27 20:45:00,0.0,0.06714339
2018-08-26,2018-08-27 21:00:00,0.0,0.05196434
2018-08-26,2018-08-27 21:15:00,0.0,0.079634435
2018-08-26,2018-08-27 21:30:00,0.0,0.12914528
2018-08-26,2018-08-27 21:45:00,0.0,0.16386195
2018-08-26,2018-08-27 22:00:00,0.0035159999999999,0.21211766
2018-08-26,2018-08-27 22:15:00,0.0,0.28997463
2018-08-26,2018-08-27 22:30:00,0.196875,0.39040843
2018-08-26,2018-08-27 22:45:00,0.319922,0.45098668
2018-08-26,2018-08-27 23:00:00,0.341016,0.58122313
2018-08-26,2018-08-27 23:15:00,0.551953,0.74526674
2018-08-26,2018-08-27 23:30:00,0.566016,0.8817431
2018-08-26,2018-08-27 23:45:00,0.73125,1.0387971
2018-08-27,2018-08-28 00:00:00,0.935156,1.2224711
2018-08-27,2018-08-28 00:15:00,1.873828,1.4163239
2018-08-27,2018-08-28 00:30:00,1.226953,1.6008017
2018-08-27,2018-08-28 00:45:00,1.466016,1.8313551
2018-08-27,2018-08-28 01:00:00,1.750781,1.9886309
2018-08-27,2018-08-28 01:15:00,2.742188,2.1260893
2018-08-27,2018-08-28 01:30:00,2.844141,2.242366
2018-08-27,2018-08-28 01:45:00,3.065625,2.3168125
2018-08-27,2018-08-28 02:00:00,3.258984,2.3334131
2018-08-27,2018-08-28 02:15:00,3.4066410000000005,2.3676014
2018-08-27,2018-08-28 02:30:00,3.6,2.3705652
2018-08-27,2018-08-28 02:45:00,3.628125,2.345815
2018-08-27,2018-08-28 03:00:00,3.659765,2.334294
2018-08-27,2018-08-28 03:15:00,3.733594,2.314022
2018-08-27,2018-08-28 03:30:00,3.789844,2.181507
2018-08-27,2018-08-28 03:45:00,3.782812,2.1190708
2018-08-27,2018-08-28 04:00:00,3.867188,2.0141077
2018-08-27,2018-08-28 04:15:00,3.825,1.9618418
2018-08-27,2018-08-28 04:30:00,3.786328,1.8235757
2018-08-27,2018-08-28 04:45:00,3.796875,1.7289915
2018-08-27,2018-08-28 05:00:00,3.744141,1.6105106
2018-08-27,2018-08-28 05:15:00,3.652734,1.5128881
2018-08-27,2018-08-28 05:30:00,3.628125,1.4285413
2018-08-27,2018-08-28 05:45:00,3.596484,1.3162801
2018-08-27,2018-08-28 06:00:00,3.515625,1.2035854
2018-08-27,2018-08-28 06:15:00,3.434766,1.1490952
2018-08-27,2018-08-28 06:30:00,3.325781,1.0425457
2018-08-27,2018-08-28 06:45:00,3.185156,0.9738469
2018-08-27,2018-08-28 07:00:00,3.016406,0.9341566
2018-08-27,2018-08-28 07:15:00,2.840625,0.84501135
2018-08-27,2018-08-28 07:30:00,2.629688,0.78637064
2018-08-27,2018-08-28 07:45:00,2.425781,0.722007
2018-08-27,2018-08-28 08:00:00,2.183203,0.64329785
2018-08-27,2018-08-28 08:15:00,1.916016,0.6199052
2018-08-27,2018-08-28 08:30:00,1.6804689999999998,0.5675906
2018-08-27,2018-08-28 08:45:00,1.444922,0.5528946
2018-08-27,2018-08-28 09:00:00,1.149609,0.48265928
2018-08-27,2018-08-28 09:15:00,0.924609,0.42476526
2018-08-27,2018-08-28 09:30:00,0.678516,0.34646437
2018-08-27,2018-08-28 09:45:00,0.478125,0.30430657
2018-08-27,2018-08-28 10:00:00,0.302344,0.23482725
2018-08-27,2018-08-28 10:15:00,0.161719,0.17502716
2018-08-27,2018-08-28 10:30:00,0.038672,0.13279667
2018-08-27,2018-08-28 10:45:00,0.0,0.09633117
2018-08-27,2018-08-28 11:00:00,0.0,0.11472409
2018-08-27,2018-08-28 11:15:00,0.0,0.05866735
2018-08-27,2018-08-28 11:30:00,0.0,0.0124344295
2018-08-27,2018-08-28 11:45:00,0.0,0.010507956
2018-08-27,2018-08-28 12:00:00,0.0,0.026032949
2018-08-27,2018-08-28 12:15:00,0.0,0.04409323
2018-08-27,2018-08-28 12:30:00,0.0,0.029021665
2018-08-27,2018-08-28 12:45:00,0.0,0.030770414
2018-08-27,2018-08-28 13:00:00,0.0,0.042350613
2018-08-27,2018-08-28 13:15:00,0.0,0.054514483
2018-08-27,2018-08-28 13:30:00,0.0,0.057544637
2018-08-27,2018-08-28 13:45:00,0.0,0.0580709
2018-08-27,2018-08-28 14:00:00,0.0,0.03915055
2018-08-27,2018-08-28 14:15:00,0.0,0.054635834
2018-08-27,2018-08-28 14:30:00,0.0,0.06001799
2018-08-27,2018-08-28 14:45:00,0.0,0.06865565
2018-08-27,2018-08-28 15:00:00,0.0,0.06897168
2018-08-27,2018-08-28 15:15:00,0.0,0.084160805
2018-08-27,2018-08-28 15:30:00,0.0,0.077214
2018-08-27,2018-08-28 15:45:00,0.0,0.07425487
2018-08-27,2018-08-28 16:00:00,0.0,0.075809784
2018-08-27,2018-08-28 16:15:00,0.0,0.053721275
2018-08-27,2018-08-28 16:30:00,0.0,0.049487364
2018-08-27,2018-08-28 16:45:00,0.0,0.023149822
2018-08-27,2018-08-28 17:00:00,0.0,0.026683487
2018-08-27,2018-08-28 17:15:00,0.0,0.0103989085
2018-08-27,2018-08-28 17:30:00,0.0,-0.006333134
2018-08-27,2018-08-28 17:45:00,0.0,0.0188125
2018-08-27,2018-08-28 18:00:00,0.0,-0.010775924
2018-08-27,2018-08-28 18:15:00,0.0,0.029444462
2018-08-27,2018-08-28 18:30:00,0.0,0.028014604
2018-08-27,2018-08-28 18:45:00,0.0,0.051356103
2018-08-27,2018-08-28 19:00:00,0.0,0.08307025
2018-08-27,2018-08-28 19:15:00,0.0,0.06840751
2018-08-27,2018-08-28 19:30:00,0.0,0.067122936
2018-08-27,2018-08-28 19:45:00,0.0,0.09979005
2018-08-27,2018-08-28 20:00:00,0.0,0.07843377
2018-08-27,2018-08-28 20:15:00,0.0,0.0831895
2018-08-27,2018-08-28 20:30:00,0.0,0.08122167
2018-08-27,2018-08-28 20:45:00,0.0,0.09972365
2018-08-27,2018-08-28 21:00:00,0.0,0.08302095
2018-08-27,2018-08-28 21:15:00,0.0,0.10972082
2018-08-27,2018-08-28 21:30:00,0.0,0.15929046
2018-08-27,2018-08-28 21:45:00,0.0,0.19851759
2018-08-27,2018-08-28 22:00:00,0.0,0.26008022
2018-08-27,2018-08-28 22:15:00,0.0,0.3536331
2018-08-27,2018-08-28 22:30:00,0.0,0.4657374
2018-08-27,2018-08-28 22:45:00,0.217969,0.53145105
2018-08-27,2018-08-28 23:00:00,0.316406,0.6744669
2018-08-27,2018-08-28 23:15:00,0.305859,0.84430146
2018-08-27,2018-08-28 23:30:00,0.28125,0.9846533
2018-08-27,2018-08-28 23:45:00,0.400781,1.145897
2018-08-28,2018-08-29 00:00:00,0.288281,0.97431195
2018-08-28,2018-08-29 00:15:00,0.520312,1.1830363
2018-08-28,2018-08-29 00:30:00,0.759375,1.4450164
2018-08-28,2018-08-29 00:45:00,1.086328,1.7126842
2018-08-28,2018-08-29 01:00:00,1.381641,1.9925692
2018-08-28,2018-08-29 01:15:00,2.566406,2.221286
2018-08-28,2018-08-29 01:30:00,2.387109,2.4152617
2018-08-28,2018-08-29 01:45:00,2.292187,2.6310205
2018-08-28,2018-08-29 02:00:00,2.439844,2.8316197
2018-08-28,2018-08-29 02:15:00,2.759766,3.0040398
2018-08-28,2018-08-29 02:30:00,3.782812,3.0993202
2018-08-28,2018-08-29 02:45:00,3.786328,3.2183661
2018-08-28,2018-08-29 03:00:00,3.772265,3.330982
2018-08-28,2018-08-29 03:15:00,3.638672,3.4257169
2018-08-28,2018-08-29 03:30:00,3.754687,3.3967724
2018-08-28,2018-08-29 03:45:00,3.779297,3.515245
2018-08-28,2018-08-29 04:00:00,3.670312000000001,3.4876664
2018-08-28,2018-08-29 04:15:00,3.614062,3.5572672
2018-08-28,2018-08-29 04:30:00,3.726562,3.5532997
2018-08-28,2018-08-29 04:45:00,3.294141,3.532156
2018-08-28,2018-08-29 05:00:00,3.575391,3.5870018
2018-08-28,2018-08-29 05:15:00,3.4628910000000004,3.5744996
2018-08-28,2018-08-29 05:30:00,3.329297,3.6290045
2018-08-28,2018-08-29 05:45:00,3.438281,3.5690727
2018-08-28,2018-08-29 06:00:00,3.589453,3.5653749
2018-08-28,2018-08-29 06:15:00,3.5015620000000003,3.5480325
2018-08-28,2018-08-29 06:30:00,3.375,3.4959373
2018-08-28,2018-08-29 06:45:00,3.255469,3.4344387
2018-08-28,2018-08-29 07:00:00,3.086719,3.377031
2018-08-28,2018-08-29 07:15:00,2.925,3.212607
2018-08-28,2018-08-29 07:30:00,2.6824220000000003,3.1451488
2018-08-28,2018-08-29 07:45:00,2.460938,2.9087245
2018-08-28,2018-08-29 08:00:00,2.197266,2.6507857
2018-08-28,2018-08-29 08:15:00,1.982812,2.4957318
2018-08-28,2018-08-29 08:30:00,1.6945310000000002,2.210236
2018-08-28,2018-08-29 08:45:00,1.395703,1.9752198
2018-08-28,2018-08-29 09:00:00,1.198828,1.6463702
2018-08-28,2018-08-29 09:15:00,0.949219,1.3895799
2018-08-28,2018-08-29 09:30:00,0.720703,1.1029346
2018-08-28,2018-08-29 09:45:00,0.488672,0.86670965
2018-08-28,2018-08-29 10:00:00,0.316406,0.611226
2018-08-28,2018-08-29 10:15:00,0.172266,0.4736937
2018-08-28,2018-08-29 10:30:00,0.038672,0.2838261
2018-08-28,2018-08-29 10:45:00,0.0,0.20494615
2018-08-28,2018-08-29 11:00:00,0.0,0.12837008
2018-08-28,2018-08-29 11:15:00,0.0,0.055102944
2018-08-28,2018-08-29 11:30:00,0.0,0.012429224
2018-08-28,2018-08-29 11:45:00,0.0,0.024827627
2018-08-28,2018-08-29 12:00:00,0.0,-0.007658243
2018-08-28,2018-08-29 12:15:00,0.0,0.0033889
2018-08-28,2018-08-29 12:30:00,0.0,0.031230222
2018-08-28,2018-08-29 12:45:00,0.0,0.012369784
2018-08-28,2018-08-29 13:00:00,0.0,-0.029208817
2018-08-28,2018-08-29 13:15:00,0.0,0.007288223
2018-08-28,2018-08-29 13:30:00,0.0,-0.01030377
2018-08-28,2018-08-29 13:45:00,0.0,0.009984324
2018-08-28,2018-08-29 14:00:00,0.0,0.004670308
2018-08-28,2018-08-29 14:15:00,0.0,-0.026765952
2018-08-28,2018-08-29 14:30:00,0.0,-0.032108445
2018-08-28,2018-08-29 14:45:00,0.0,-0.025438292
2018-08-28,2018-08-29 15:00:00,0.0,-0.012688859
2018-08-28,2018-08-29 15:15:00,0.0,0.0073213903
2018-08-28,2018-08-29 15:30:00,0.0,0.019141287
2018-08-28,2018-08-29 15:45:00,0.0,0.0029693355
2018-08-28,2018-08-29 16:00:00,0.0,0.034129646
2018-08-28,2018-08-29 16:15:00,0.0,0.04018514
2018-08-28,2018-08-29 16:30:00,0.0,0.054324206
2018-08-28,2018-08-29 16:45:00,0.0,0.04264121
2018-08-28,2018-08-29 17:00:00,0.0,0.06545484
2018-08-28,2018-08-29 17:15:00,0.0,0.039490037
2018-08-28,2018-08-29 17:30:00,0.0,0.04727
2018-08-28,2018-08-29 17:45:00,0.0,0.048042938
2018-08-28,2018-08-29 18:00:00,0.0,0.016006364
2018-08-28,2018-08-29 18:15:00,0.0,0.011566085
2018-08-28,2018-08-29 18:30:00,0.0,0.008769867
2018-08-28,2018-08-29 18:45:00,0.0,-0.033457298
2018-08-28,2018-08-29 19:00:00,0.0,-0.02597505
2018-08-28,2018-08-29 19:15:00,0.0,-0.059558965
2018-08-28,2018-08-29 19:30:00,0.0,-0.045819838
2018-08-28,2018-08-29 19:45:00,0.0,-0.040925838
2018-08-28,2018-08-29 20:00:00,0.0,-0.03322373
2018-08-28,2018-08-29 20:15:00,0.0,-0.013928747
2018-08-28,2018-08-29 20:30:00,0.0,0.0022089267
2018-08-28,2018-08-29 20:45:00,0.0,-0.023111306
2018-08-28,2018-08-29 21:00:00,0.0,-0.043803822
2018-08-28,2018-08-29 21:15:00,0.0,-0.023425939
2018-08-28,2018-08-29 21:30:00,0.0,0.02031513
2018-08-28,2018-08-29 21:45:00,0.0,0.04797136
2018-08-28,2018-08-29 22:00:00,0.0,0.10381478
2018-08-28,2018-08-29 22:15:00,0.0,0.20791444
2018-08-28,2018-08-29 22:30:00,0.200391,0.34950972
2018-08-28,2018-08-29 22:45:00,0.344531,0.4080196
2018-08-28,2018-08-29 23:00:00,0.464063,0.56801933
2018-08-28,2018-08-29 23:15:00,0.632812,0.7165519
2018-08-28,2018-08-29 23:30:00,0.959766,0.88383913
2018-08-28,2018-08-29 23:45:00,0.914062,1.0648062
2018-08-29,2018-08-30 00:00:00,0.935156,0.514456
2018-08-29,2018-08-30 00:15:00,0.734766,0.7042997
2018-08-29,2018-08-30 00:30:00,1.6945310000000002,0.94657385
2018-08-29,2018-08-30 00:45:00,1.033594,1.2190596
2018-08-29,2018-08-30 01:00:00,1.374609,1.5166326
2018-08-29,2018-08-30 01:15:00,2.348438,1.7594308
2018-08-29,2018-08-30 01:30:00,1.469531,1.9803675
2018-08-29,2018-08-30 01:45:00,1.522266,2.2261686
2018-08-29,2018-08-30 02:00:00,1.437891,2.4333346
2018-08-29,2018-08-30 02:15:00,1.286719,2.6197743
2018-08-29,2018-08-30 02:30:00,1.1953120000000002,2.7707608
2018-08-29,2018-08-30 02:45:00,1.223437,2.927873
2018-08-29,2018-08-30 03:00:00,1.821094,3.0663025
2018-08-29,2018-08-30 03:15:00,1.409766,3.2053938
2018-08-29,2018-08-30 03:30:00,0.959766,3.2101877
2018-08-29,2018-08-30 03:45:00,1.001953,3.3720334
2018-08-29,2018-08-30 04:00:00,0.998438,3.3790433
2018-08-29,2018-08-30 04:15:00,1.255078,3.477945
2018-08-29,2018-08-30 04:30:00,1.891406,3.4850717
2018-08-29,2018-08-30 04:45:00,1.318359,3.4833772
2018-08-29,2018-08-30 05:00:00,1.244531,3.5501919
2018-08-29,2018-08-30 05:15:00,1.332422,3.559878
2018-08-29,2018-08-30 05:30:00,1.230469,3.6345534
2018-08-29,2018-08-30 05:45:00,0.938672,3.5625644
2018-08-29,2018-08-30 06:00:00,0.977344,3.571438
2018-08-29,2018-08-30 06:15:00,1.286719,3.541178
2018-08-29,2018-08-30 06:30:00,1.167187,3.4782772
2018-08-29,2018-08-30 06:45:00,1.163672,3.3711302
2018-08-29,2018-08-30 07:00:00,0.935156,3.2971706
2018-08-29,2018-08-30 07:15:00,0.892969,3.0954928
2018-08-29,2018-08-30 07:30:00,1.005469,2.9750452
2018-08-29,2018-08-30 07:45:00,1.849219,2.7129252
2018-08-29,2018-08-30 08:00:00,1.089844,2.4378033
2018-08-29,2018-08-30 08:15:00,1.494141,2.2664506
2018-08-29,2018-08-30 08:30:00,0.963281,1.9864287
2018-08-29,2018-08-30 08:45:00,0.537891,1.7446706
2018-08-29,2018-08-30 09:00:00,0.249609,1.4334046
2018-08-29,2018-08-30 09:15:00,0.161719,1.1890637
2018-08-29,2018-08-30 09:30:00,0.0421879999999999,0.9036628
2018-08-29,2018-08-30 09:45:00,0.052734,0.686065
2018-08-29,2018-08-30 10:00:00,0.0105469999999999,0.45699695
2018-08-29,2018-08-30 10:15:00,0.0,0.34732613
2018-08-29,2018-08-30 10:30:00,0.0,0.17380734
2018-08-29,2018-08-30 10:45:00,0.0,0.11695713
2018-08-29,2018-08-30 11:00:00,0.0,0.049622416
2018-08-29,2018-08-30 11:15:00,0.0,-0.002152181
2018-08-29,2018-08-30 11:30:00,0.0,-0.02448522
2018-08-29,2018-08-30 11:45:00,0.0,-0.005284264
2018-08-29,2018-08-30 12:00:00,0.0,-0.009351768
2018-08-29,2018-08-30 12:15:00,0.0,0.00094122166
2018-08-29,2018-08-30 12:30:00,0.0,0.036202982
2018-08-29,2018-08-30 12:45:00,0.0,0.012336698
2018-08-29,2018-08-30 13:00:00,0.0,-0.029524889
2018-08-29,2018-08-30 13:15:00,0.0,0.011440371
2018-08-29,2018-08-30 13:30:00,0.0,-0.012962959
2018-08-29,2018-08-30 13:45:00,0.0,0.012942878
2018-08-29,2018-08-30 14:00:00,0.0,0.0020026423
2018-08-29,2018-08-30 14:15:00,0.0,-0.04299506
2018-08-29,2018-08-30 14:30:00,0.0,-0.04031032
2018-08-29,2018-08-30 14:45:00,0.0,-0.027049763
2018-08-29,2018-08-30 15:00:00,0.0,-0.02859416
2018-08-29,2018-08-30 15:15:00,0.0,-0.0059587522
2018-08-29,2018-08-30 15:30:00,0.0,0.012665816
2018-08-29,2018-08-30 15:45:00,0.0,-0.0030947193
2018-08-29,2018-08-30 16:00:00,0.0,0.043225173
2018-08-29,2018-08-30 16:15:00,0.0,0.05327042
2018-08-29,2018-08-30 16:30:00,0.0,0.06870683
2018-08-29,2018-08-30 16:45:00,0.0,0.042930085
2018-08-29,2018-08-30 17:00:00,0.0,0.0715877
2018-08-29,2018-08-30 17:15:00,0.0,0.032960124
2018-08-29,2018-08-30 17:30:00,0.0,0.028565973
2018-08-29,2018-08-30 17:45:00,0.0,0.037703555
2018-08-29,2018-08-30 18:00:00,0.0,-0.004541838
2018-08-29,2018-08-30 18:15:00,0.0,-0.00293765
2018-08-29,2018-08-30 18:30:00,0.0,-0.011110678
2018-08-29,2018-08-30 18:45:00,0.0,-0.03944584
2018-08-29,2018-08-30 19:00:00,0.0,-0.023651317
2018-08-29,2018-08-30 19:15:00,0.0,-0.07628336
2018-08-29,2018-08-30 19:30:00,0.0,-0.045474753
2018-08-29,2018-08-30 19:45:00,0.0,-0.043614365
2018-08-29,2018-08-30 20:00:00,0.0,-0.038436268
2018-08-29,2018-08-30 20:15:00,0.0,-0.03594057
2018-08-29,2018-08-30 20:30:00,0.0,-0.029585337
2018-08-29,2018-08-30 20:45:00,0.0,-0.03808168
2018-08-29,2018-08-30 21:00:00,0.0,-0.07310296
2018-08-29,2018-08-30 21:15:00,0.0,-0.0402432
2018-08-29,2018-08-30 21:30:00,0.0,-0.010297597
2018-08-29,2018-08-30 21:45:00,0.0,-0.0015060863
2018-08-29,2018-08-30 22:00:00,0.0,0.02983668
2018-08-29,2018-08-30 22:15:00,0.0,0.12170626
2018-08-29,2018-08-30 22:30:00,0.024609,0.22835523
2018-08-29,2018-08-30 22:45:00,0.077344,0.23928963
2018-08-29,2018-08-30 23:00:00,0.2636719999999999,0.35526
2018-08-29,2018-08-30 23:15:00,0.239063,0.47401774
2018-08-29,2018-08-30 23:30:00,0.291797,0.60670376
2018-08-29,2018-08-30 23:45:00,0.309375,0.7577508
2018-08-30,2018-08-31 00:00:00,0.4113279999999999,1.146266
2018-08-30,2018-08-31 00:15:00,0.573047,1.3736708
2018-08-30,2018-08-31 00:30:00,0.537891,1.6461139
2018-08-30,2018-08-31 00:45:00,0.481641,1.9228444
2018-08-30,2018-08-31 01:00:00,1.128516,2.2098024
2018-08-30,2018-08-31 01:15:00,1.191797,2.442548
2018-08-30,2018-08-31 01:30:00,1.276172,2.636676
2018-08-30,2018-08-31 01:45:00,0.569531,2.8424246
2018-08-30,2018-08-31 02:00:00,0.467578,3.022097
2018-08-30,2018-08-31 02:15:00,0.485156,3.1865995
2018-08-30,2018-08-31 02:30:00,0.966797,3.2669544
2018-08-30,2018-08-31 02:45:00,1.817578,3.3814049
2018-08-30,2018-08-31 03:00:00,2.091797,3.4814363
2018-08-30,2018-08-31 03:15:00,1.7226560000000002,3.567488
2018-08-30,2018-08-31 03:30:00,1.093359,3.544293
2018-08-30,2018-08-31 03:45:00,1.146094,3.642046
2018-08-30,2018-08-31 04:00:00,1.364062,3.6153796
2018-08-30,2018-08-31 04:15:00,1.374609,3.6886084
2018-08-30,2018-08-31 04:30:00,1.132031,3.6811137
2018-08-30,2018-08-31 04:45:00,0.580078,3.6586833
2018-08-30,2018-08-31 05:00:00,0.7875,3.6965034
2018-08-30,2018-08-31 05:15:00,0.710156,3.674455
2018-08-30,2018-08-31 05:30:00,0.555469,3.7057395
2018-08-30,2018-08-31 05:45:00,0.632812,3.6489677
2018-08-30,2018-08-31 06:00:00,1.110937,3.6239989
2018-08-30,2018-08-31 06:15:00,1.082812,3.599871
2018-08-30,2018-08-31 06:30:00,0.921094,3.5366786
2018-08-30,2018-08-31 06:45:00,0.840234,3.4651103
2018-08-30,2018-08-31 07:00:00,0.639844,3.3970022
2018-08-30,2018-08-31 07:15:00,0.762891,3.2145324
2018-08-30,2018-08-31 07:30:00,0.878906,3.1377835
2018-08-30,2018-08-31 07:45:00,0.629297,2.8893166
2018-08-30,2018-08-31 08:00:00,0.446484,2.6084437
2018-08-30,2018-08-31 08:15:00,0.362109,2.4337285
2018-08-30,2018-08-31 08:30:00,0.379687,2.1353595
2018-08-30,2018-08-31 08:45:00,0.428906,1.8971887
2018-08-30,2018-08-31 09:00:00,0.302344,1.5606683
2018-08-30,2018-08-31 09:15:00,0.214453,1.3112197
2018-08-30,2018-08-31 09:30:00,0.189844,1.0368645
2018-08-30,2018-08-31 09:45:00,0.049219,0.7987614
2018-08-30,2018-08-31 10:00:00,0.049219,0.54943097
2018-08-30,2018-08-31 10:15:00,0.0105469999999999,0.40772313
2018-08-30,2018-08-31 10:30:00,0.0,0.23549818
2018-08-30,2018-08-31 10:45:00,0.0,0.17275399
2018-08-30,2018-08-31 11:00:00,0.0,0.095678866
2018-08-30,2018-08-31 11:15:00,0.0,0.026407804
2018-08-30,2018-08-31 11:30:00,0.0,-0.015427406
2018-08-30,2018-08-31 11:45:00,0.0,0.0017891154
2018-08-30,2018-08-31 12:00:00,0.0,-0.04675863
2018-08-30,2018-08-31 12:15:00,0.0,-0.022046428
2018-08-30,2018-08-31 12:30:00,0.0,0.006987788
2018-08-30,2018-08-31 12:45:00,0.0,-0.017550185
2018-08-30,2018-08-31 13:00:00,0.0,-0.054070227
2018-08-30,2018-08-31 13:15:00,0.0,-0.01916392
2018-08-30,2018-08-31 13:30:00,0.0,-0.03802621
2018-08-30,2018-08-31 13:45:00,0.0,-0.025132589
2018-08-30,2018-08-31 14:00:00,0.0,-0.023881508
2018-08-30,2018-08-31 14:15:00,0.0,-0.052875027
2018-08-30,2018-08-31 14:30:00,0.0,-0.05946107
2018-08-30,2018-08-31 14:45:00,0.0,-0.056983434
2018-08-30,2018-08-31 15:00:00,0.0,-0.02893661
2018-08-30,2018-08-31 15:15:00,0.0,-0.008592017
2018-08-30,2018-08-31 15:30:00,0.0,0.0018341333
2018-08-30,2018-08-31 15:45:00,0.0,-0.018753326
2018-08-30,2018-08-31 16:00:00,0.0,0.0044824583
2018-08-30,2018-08-31 16:15:00,0.0,0.001162855
2018-08-30,2018-08-31 16:30:00,0.0,0.008161219
2018-08-30,2018-08-31 16:45:00,0.0,0.009027588
2018-08-30,2018-08-31 17:00:00,0.0,0.026923103
2018-08-30,2018-08-31 17:15:00,0.0,0.006185735
2018-08-30,2018-08-31 17:30:00,0.0,0.016560407
2018-08-30,2018-08-31 17:45:00,0.0,0.010574824
2018-08-30,2018-08-31 18:00:00,0.0,-0.0011899727
2018-08-30,2018-08-31 18:15:00,0.0,-0.014938113
2018-08-30,2018-08-31 18:30:00,0.0,-0.0026233883
2018-08-30,2018-08-31 18:45:00,0.0,-0.035450514
2018-08-30,2018-08-31 19:00:00,0.0,-0.043262783
2018-08-30,2018-08-31 19:15:00,0.0,-0.055315915
2018-08-30,2018-08-31 19:30:00,0.0,-0.05661465
2018-08-30,2018-08-31 19:45:00,0.0,-0.073686466
2018-08-30,2018-08-31 20:00:00,0.0,-0.062600315
2018-08-30,2018-08-31 20:15:00,0.0,-0.047258973
2018-08-30,2018-08-31 20:30:00,0.0,-0.0455745
2018-08-30,2018-08-31 20:45:00,0.0,-0.0945379
2018-08-30,2018-08-31 21:00:00,0.0,-0.11730988
2018-08-30,2018-08-31 21:15:00,0.0,-0.11210837
2018-08-30,2018-08-31 21:30:00,0.0,-0.06822061
2018-08-30,2018-08-31 21:45:00,0.0,-0.034796685
2018-08-30,2018-08-31 22:00:00,0.0,0.042877126
2018-08-30,2018-08-31 22:15:00,0.0,0.14685991
2018-08-30,2018-08-31 22:30:00,0.0,0.28684554
2018-08-30,2018-08-31 22:45:00,0.052734,0.38264295
2018-08-30,2018-08-31 23:00:00,0.070312,0.5506122
2018-08-30,2018-08-31 23:15:00,0.253125,0.721176
2018-08-30,2018-08-31 23:30:00,0.457031,0.90080637
2018-08-30,2018-08-31 23:45:00,0.7910159999999999,1.1048418
2018-08-31,2018-09-01 00:00:00,0.727734,0.44165972
2018-08-31,2018-09-01 00:15:00,0.534375,0.54205614
2018-08-31,2018-09-01 00:30:00,2.819531,0.64065087
2018-08-31,2018-09-01 00:45:00,2.102344,0.78183866
2018-08-31,2018-09-01 01:00:00,1.402734,0.8856594
2018-08-31,2018-09-01 01:15:00,2.844141,0.98398757
2018-08-31,2018-09-01 01:30:00,3.3609370000000003,1.0802885
2018-08-31,2018-09-01 01:45:00,4.000781,1.1657861
2018-08-31,2018-09-01 02:00:00,2.647266,1.2195854
2018-08-31,2018-09-01 02:15:00,2.141016,1.2985305
2018-08-31,2018-09-01 02:30:00,2.186719,1.3651469
2018-08-31,2018-09-01 02:45:00,2.464453,1.4224076
2018-08-31,2018-09-01 03:00:00,3.638672,1.497299
2018-08-31,2018-09-01 03:15:00,3.6,1.5552323
2018-08-31,2018-09-01 03:30:00,2.925,1.5499139
2018-08-31,2018-09-01 03:45:00,1.863281,1.5971328
2018-08-31,2018-09-01 04:00:00,4.447266,1.5947182
2018-08-31,2018-09-01 04:15:00,4.078125,1.6493341
2018-08-31,2018-09-01 04:30:00,2.446875,1.5943347
2018-08-31,2018-09-01 04:45:00,2.696484,1.60074
2018-08-31,2018-09-01 05:00:00,2.559375,1.585959
2018-08-31,2018-09-01 05:15:00,3.491015,1.554885
2018-08-31,2018-09-01 05:30:00,2.436328,1.5354959
2018-08-31,2018-09-01 05:45:00,2.320312,1.4764541
2018-08-31,2018-09-01 06:00:00,2.8230470000000003,1.3888946
2018-08-31,2018-09-01 06:15:00,2.4011720000000003,1.3436148
2018-08-31,2018-09-01 06:30:00,1.18125,1.2684588
2018-08-31,2018-09-01 06:45:00,0.513281,1.1903267
2018-08-31,2018-09-01 07:00:00,0.119531,1.1033127
2018-08-31,2018-09-01 07:15:00,0.203906,0.9910899
2018-08-31,2018-09-01 07:30:00,0.365625,0.91094774
2018-08-31,2018-09-01 07:45:00,0.664453,0.7985645
2018-08-31,2018-09-01 08:00:00,0.372656,0.679079
2018-08-31,2018-09-01 08:15:00,0.365625,0.6163121
2018-08-31,2018-09-01 08:30:00,0.246094,0.5356998
2018-08-31,2018-09-01 08:45:00,0.446484,0.4923944
2018-08-31,2018-09-01 09:00:00,0.348047,0.3871989
2018-08-31,2018-09-01 09:15:00,0.217969,0.32308334
2018-08-31,2018-09-01 09:30:00,0.316406,0.2450907
2018-08-31,2018-09-01 09:45:00,0.16875,0.19104396
2018-08-31,2018-09-01 10:00:00,0.130078,0.11984215
2018-08-31,2018-09-01 10:15:00,0.007031,0.08131772
2018-08-31,2018-09-01 10:30:00,0.024609,0.06617687
2018-08-31,2018-09-01 10:45:00,0.0,0.05784282
2018-08-31,2018-09-01 11:00:00,0.0,0.08772391
2018-08-31,2018-09-01 11:15:00,0.0,0.064537734
2018-08-31,2018-09-01 11:30:00,0.0,0.041700155
2018-08-31,2018-09-01 11:45:00,0.0,0.058975685
2018-08-31,2018-09-01 12:00:00,0.0,0.0690019
2018-08-31,2018-09-01 12:15:00,0.0,0.10303688
2018-08-31,2018-09-01 12:30:00,0.0,0.10471403
2018-08-31,2018-09-01 12:45:00,0.0,0.09061871
2018-08-31,2018-09-01 13:00:00,0.0,0.09453659
2018-08-31,2018-09-01 13:15:00,0.0,0.10760904
2018-08-31,2018-09-01 13:30:00,0.0,0.10787891
2018-08-31,2018-09-01 13:45:00,0.0,0.099777356
2018-08-31,2018-09-01 14:00:00,0.0,0.09409406
2018-08-31,2018-09-01 14:15:00,0.0,0.075868726
2018-08-31,2018-09-01 14:30:00,0.0,0.07048678
2018-08-31,2018-09-01 14:45:00,0.0,0.080284685
2018-08-31,2018-09-01 15:00:00,0.0,0.07417068
2018-08-31,2018-09-01 15:15:00,0.0,0.08448548
2018-08-31,2018-09-01 15:30:00,0.0,0.07886785
2018-08-31,2018-09-01 15:45:00,0.0,0.08201772
2018-08-31,2018-09-01 16:00:00,0.0,0.085181914
2018-08-31,2018-09-01 16:15:00,0.0,0.078660026
2018-08-31,2018-09-01 16:30:00,0.0,0.06789606
2018-08-31,2018-09-01 16:45:00,0.0,0.0574009
2018-08-31,2018-09-01 17:00:00,0.0,0.0644728
2018-08-31,2018-09-01 17:15:00,0.0,0.036860064
2018-08-31,2018-09-01 17:30:00,0.0,0.0158151
2018-08-31,2018-09-01 17:45:00,0.0,0.019790428
2018-08-31,2018-09-01 18:00:00,0.0,-0.017694827
2018-08-31,2018-09-01 18:15:00,0.0,0.007899258
2018-08-31,2018-09-01 18:30:00,0.0,0.0002703137
2018-08-31,2018-09-01 18:45:00,0.0,0.008032008
2018-08-31,2018-09-01 19:00:00,0.0,0.033677366
2018-08-31,2018-09-01 19:15:00,0.0,0.03565573
2018-08-31,2018-09-01 19:30:00,0.0,0.037133053
2018-08-31,2018-09-01 19:45:00,0.0,0.054932892
2018-08-31,2018-09-01 20:00:00,0.0,0.054448187
2018-08-31,2018-09-01 20:15:00,0.0,0.059803233
2018-08-31,2018-09-01 20:30:00,0.0,0.05678254
2018-08-31,2018-09-01 20:45:00,0.0,0.07448926
2018-08-31,2018-09-01 21:00:00,0.0,0.057489127
2018-08-31,2018-09-01 21:15:00,0.0,0.07794598
2018-08-31,2018-09-01 21:30:00,0.0,0.1107131
2018-08-31,2018-09-01 21:45:00,0.0,0.14202496
2018-08-31,2018-09-01 22:00:00,0.0,0.17519034
2018-08-31,2018-09-01 22:15:00,0.0,0.22796127
2018-08-31,2018-09-01 22:30:00,0.0632809999999999,0.30704555
2018-08-31,2018-09-01 22:45:00,0.0,0.34191713
2018-08-31,2018-09-01 23:00:00,0.098438,0.42847484
2018-08-31,2018-09-01 23:15:00,0.098438,0.5123314
2018-08-31,2018-09-01 23:30:00,0.105469,0.5935221
2018-08-31,2018-09-01 23:45:00,0.39375,0.6740739
2018-11-24,2018-11-25 00:00:00,0.274219,0.16883442
2018-11-24,2018-11-25 00:15:00,0.481641,0.2033417
2018-11-24,2018-11-25 00:30:00,0.706641,0.25958154
2018-11-24,2018-11-25 00:45:00,0.921094,0.3239366
2018-11-24,2018-11-25 01:00:00,1.103906,0.38287458
2018-11-24,2018-11-25 01:15:00,1.255078,0.4509973
2018-11-24,2018-11-25 01:30:00,1.483594,0.53543353
2018-11-24,2018-11-25 01:45:00,1.6875,0.64146465
2018-11-24,2018-11-25 02:00:00,1.877344,0.72217524
2018-11-24,2018-11-25 02:15:00,2.11289,0.8239143
2018-11-24,2018-11-25 02:30:00,2.316797,0.89123803
2018-11-24,2018-11-25 02:45:00,2.499609,0.9707077
2018-11-24,2018-11-25 03:00:00,2.5875,1.0551956
2018-11-24,2018-11-25 03:15:00,2.636719,1.0946445
2018-11-24,2018-11-25 03:30:00,2.752734,1.1369916
2018-11-24,2018-11-25 03:45:00,2.770312,1.1376027
2018-11-24,2018-11-25 04:00:00,2.7914060000000003,1.1871401
2018-11-24,2018-11-25 04:15:00,2.75625,1.2205302
2018-11-24,2018-11-25 04:30:00,2.75625,1.1631925
2018-11-24,2018-11-25 04:45:00,2.654297,1.1887088
2018-11-24,2018-11-25 05:00:00,2.559375,1.1317298
2018-11-24,2018-11-25 05:15:00,2.4011720000000003,1.0652962
2018-11-24,2018-11-25 05:30:00,2.2289060000000003,1.0183012
2018-11-24,2018-11-25 05:45:00,2.116406,0.976323
2018-11-24,2018-11-25 06:00:00,2.003906,0.83654636
2018-11-24,2018-11-25 06:15:00,1.768359,0.77781326
2018-11-24,2018-11-25 06:30:00,1.606641,0.7119146
2018-11-24,2018-11-25 06:45:00,1.409766,0.65144193
2018-11-24,2018-11-25 07:00:00,1.184766,0.5290895
2018-11-24,2018-11-25 07:15:00,1.005469,0.4451734
2018-11-24,2018-11-25 07:30:00,0.7875,0.36322546
2018-11-24,2018-11-25 07:45:00,0.5976560000000001,0.30039743
2018-11-24,2018-11-25 08:00:00,0.418359,0.23912042
2018-11-24,2018-11-25 08:15:00,0.256641,0.1844709
2018-11-24,2018-11-25 08:30:00,0.1371089999999999,0.19391577
2018-11-24,2018-11-25 08:45:00,0.028125,0.18422787
2018-11-24,2018-11-25 09:00:00,0.0,0.1881819
2018-11-24,2018-11-25 09:15:00,0.0,0.19070971
2018-11-24,2018-11-25 09:30:00,0.0,0.21207051
2018-11-24,2018-11-25 09:45:00,0.0,0.20778546
2018-11-24,2018-11-25 10:00:00,0.0,0.18354847
2018-11-24,2018-11-25 10:15:00,0.0,0.1750862
2018-11-24,2018-11-25 10:30:00,0.0,0.23377669
2018-11-24,2018-11-25 10:45:00,0.0,0.23148131
2018-11-24,2018-11-25 11:00:00,0.0,0.2748424
2018-11-24,2018-11-25 11:15:00,0.0,0.24798189
2018-11-24,2018-11-25 11:30:00,0.0,0.22990055
2018-11-24,2018-11-25 11:45:00,0.0,0.25325927
2018-11-24,2018-11-25 12:00:00,0.0,0.24181284
2018-11-24,2018-11-25 12:15:00,0.0,0.27452376
2018-11-24,2018-11-25 12:30:00,0.0,0.2369266
2018-11-24,2018-11-25 12:45:00,0.0,0.24581413
2018-11-24,2018-11-25 13:00:00,0.0,0.22469218
2018-11-24,2018-11-25 13:15:00,0.0,0.2157327
2018-11-24,2018-11-25 13:30:00,0.0,0.23616892
2018-11-24,2018-11-25 13:45:00,0.0,0.19832776
2018-11-24,2018-11-25 14:00:00,0.0,0.17648436
2018-11-24,2018-11-25 14:15:00,0.0,0.14038177
2018-11-24,2018-11-25 14:30:00,0.0,0.1441541
2018-11-24,2018-11-25 14:45:00,0.0,0.14222984
2018-11-24,2018-11-25 15:00:00,0.0,0.14081812
2018-11-24,2018-11-25 15:15:00,0.0,0.13705692
2018-11-24,2018-11-25 15:30:00,0.0,0.10151635
2018-11-24,2018-11-25 15:45:00,0.0,0.084554076
2018-11-24,2018-11-25 16:00:00,0.0,0.061030053
2018-11-24,2018-11-25 16:15:00,0.0,0.08491428
2018-11-24,2018-11-25 16:30:00,0.0,0.061586585
2018-11-24,2018-11-25 16:45:00,0.0,0.07103818
2018-11-24,2018-11-25 17:00:00,0.0,0.071320266
2018-11-24,2018-11-25 17:15:00,0.0,0.08872885
2018-11-24,2018-11-25 17:30:00,0.0,0.08864326
2018-11-24,2018-11-25 17:45:00,0.0,0.03979749
2018-11-24,2018-11-25 18:00:00,0.0,0.030093497
2018-11-24,2018-11-25 18:15:00,0.0,0.018836655
2018-11-24,2018-11-25 18:30:00,0.0,0.028091308
2018-11-24,2018-11-25 18:45:00,0.0,0.021226559
2018-11-24,2018-11-25 19:00:00,0.0,0.013317589
2018-11-24,2018-11-25 19:15:00,0.0,0.040568616
2018-11-24,2018-11-25 19:30:00,0.0,0.02540389
2018-11-24,2018-11-25 19:45:00,0.0,0.009109806
2018-11-24,2018-11-25 20:00:00,0.0,0.0120977005
2018-11-24,2018-11-25 20:15:00,0.0,0.018926978
2018-11-24,2018-11-25 20:30:00,0.0,0.021758998
2018-11-24,2018-11-25 20:45:00,0.0,0.033209987
2018-11-24,2018-11-25 21:00:00,0.0,0.021346016
2018-11-24,2018-11-25 21:15:00,0.0,0.022450356
2018-11-24,2018-11-25 21:30:00,0.0,0.05343977
2018-11-24,2018-11-25 21:45:00,0.0,0.064128295
2018-11-24,2018-11-25 22:00:00,0.0,0.074548885
2018-11-24,2018-11-25 22:15:00,0.0,0.057556037
2018-11-24,2018-11-25 22:30:00,0.0,0.06880457
2018-11-24,2018-11-25 22:45:00,0.0,0.11309593
2018-11-24,2018-11-25 23:00:00,0.0,0.11175416
2018-11-24,2018-11-25 23:15:00,0.0,0.13399906
2018-11-24,2018-11-25 23:30:00,0.0,0.14521295
2018-11-24,2018-11-25 23:45:00,0.098438,0.19611368
2018-11-25,2018-11-26 00:00:00,0.225,0.2470515
2018-11-25,2018-11-26 00:15:00,0.355078,0.3056722
2018-11-25,2018-11-26 00:30:00,0.537891,0.4013617
2018-11-25,2018-11-26 00:45:00,0.734766,0.5105034
2018-11-25,2018-11-26 01:00:00,1.177734,0.60760546
2018-11-25,2018-11-26 01:15:00,1.209375,0.72012174
2018-11-25,2018-11-26 01:30:00,1.167187,0.8365753
2018-11-25,2018-11-26 01:45:00,1.360547,0.9784248
2018-11-25,2018-11-26 02:00:00,1.483594,1.0952353
2018-11-25,2018-11-26 02:15:00,1.233984,1.2354227
2018-11-25,2018-11-26 02:30:00,1.986328,1.331806
2018-11-25,2018-11-26 02:45:00,1.944141,1.4499223
2018-11-25,2018-11-26 03:00:00,2.010937,1.5734344
2018-11-25,2018-11-26 03:15:00,2.1199220000000003,1.6494137
2018-11-25,2018-11-26 03:30:00,2.130469,1.7261717
2018-11-25,2018-11-26 03:45:00,2.320312,1.7594122
2018-11-25,2018-11-26 04:00:00,2.278125,1.8341246
2018-11-25,2018-11-26 04:15:00,2.366016,1.8961334
2018-11-25,2018-11-26 04:30:00,2.144531,1.8500417
2018-11-25,2018-11-26 04:45:00,2.583984,1.8755189
2018-11-25,2018-11-26 05:00:00,2.467969,1.8223095
2018-11-25,2018-11-26 05:15:00,2.334375,1.735673
2018-11-25,2018-11-26 05:30:00,1.982812,1.6704944
2018-11-25,2018-11-26 05:45:00,1.972266,1.5934433
2018-11-25,2018-11-26 06:00:00,1.7226560000000002,1.4110236
2018-11-25,2018-11-26 06:15:00,1.666406,1.3078005
2018-11-25,2018-11-26 06:30:00,0.773438,1.1862086
2018-11-25,2018-11-26 06:45:00,0.970312,1.071311
2018-11-25,2018-11-26 07:00:00,0.61875,0.87892085
2018-11-25,2018-11-26 07:15:00,0.664453,0.72381395
2018-11-25,2018-11-26 07:30:00,0.474609,0.58002037
2018-11-25,2018-11-26 07:45:00,0.333984,0.4491532
2018-11-25,2018-11-26 08:00:00,0.277734,0.32111663
2018-11-25,2018-11-26 08:15:00,0.1476559999999999,0.20940898
2018-11-25,2018-11-26 08:30:00,0.0632809999999999,0.1546359
2018-11-25,2018-11-26 08:45:00,0.0,0.11404702
2018-11-25,2018-11-26 09:00:00,0.0,0.07463462
2018-11-25,2018-11-26 09:15:00,0.0,0.054622438
2018-11-25,2018-11-26 09:30:00,0.0,0.058960907
2018-11-25,2018-11-26 09:45:00,0.0,0.03483716
2018-11-25,2018-11-26 10:00:00,0.0,0.0048501226
2018-11-25,2018-11-26 10:15:00,0.0,-0.0017681288
2018-11-25,2018-11-26 10:30:00,0.0,0.063079186
2018-11-25,2018-11-26 10:45:00,0.0,0.07218255
2018-11-25,2018-11-26 11:00:00,0.0,0.120328315
2018-11-25,2018-11-26 11:15:00,0.0,0.10718463
2018-11-25,2018-11-26 11:30:00,0.0,0.09670842
2018-11-25,2018-11-26 11:45:00,0.0,0.11941339
2018-11-25,2018-11-26 12:00:00,0.0,0.0992213
2018-11-25,2018-11-26 12:15:00,0.0,0.14272855
2018-11-25,2018-11-26 12:30:00,0.0,0.11243766
2018-11-25,2018-11-26 12:45:00,0.0,0.11012758
2018-11-25,2018-11-26 13:00:00,0.0,0.08796684
2018-11-25,2018-11-26 13:15:00,0.0,0.094986476
2018-11-25,2018-11-26 13:30:00,0.0,0.1134463
2018-11-25,2018-11-26 13:45:00,0.0,0.089753136
2018-11-25,2018-11-26 14:00:00,0.0,0.08228089
2018-11-25,2018-11-26 14:15:00,0.0,0.048646875
2018-11-25,2018-11-26 14:30:00,0.0,0.06104604
2018-11-25,2018-11-26 14:45:00,0.0,0.06621599
2018-11-25,2018-11-26 15:00:00,0.0,0.067747384
2018-11-25,2018-11-26 15:15:00,0.0,0.07842352
2018-11-25,2018-11-26 15:30:00,0.0,0.05270228
2018-11-25,2018-11-26 15:45:00,0.0,0.044440985
2018-11-25,2018-11-26 16:00:00,0.0,0.027421346
2018-11-25,2018-11-26 16:15:00,0.0,0.055548765
2018-11-25,2018-11-26 16:30:00,0.0,0.04309592
2018-11-25,2018-11-26 16:45:00,0.0,0.058905587
2018-11-25,2018-11-26 17:00:00,0.0,0.057684176
2018-11-25,2018-11-26 17:15:00,0.0,0.07403748
2018-11-25,2018-11-26 17:30:00,0.0,0.06382176
2018-11-25,2018-11-26 17:45:00,0.0,0.018919079
2018-11-25,2018-11-26 18:00:00,0.0,0.00949789
2018-11-25,2018-11-26 18:15:00,0.0,-0.003259854
2018-11-25,2018-11-26 18:30:00,0.0,0.010652145
2018-11-25,2018-11-26 18:45:00,0.0,0.007984027
2018-11-25,2018-11-26 19:00:00,0.0,0.0034187748
2018-11-25,2018-11-26 19:15:00,0.0,0.042970084
2018-11-25,2018-11-26 19:30:00,0.0,0.027783753
2018-11-25,2018-11-26 19:45:00,0.0,0.0014185605
2018-11-25,2018-11-26 20:00:00,0.0,0.013786245
2018-11-25,2018-11-26 20:15:00,0.0,0.019127132
2018-11-25,2018-11-26 20:30:00,0.0,0.022415709
2018-11-25,2018-11-26 20:45:00,0.0,0.032209672
2018-11-25,2018-11-26 21:00:00,0.0,0.021979272
2018-11-25,2018-11-26 21:15:00,0.0,0.016501274
2018-11-25,2018-11-26 21:30:00,0.0,0.05233831
2018-11-25,2018-11-26 21:45:00,0.0,0.06652597
2018-11-25,2018-11-26 22:00:00,0.0,0.079815045
2018-11-25,2018-11-26 22:15:00,0.0,0.060912263
2018-11-25,2018-11-26 22:30:00,0.0,0.0714461
2018-11-25,2018-11-26 22:45:00,0.0,0.11742342
2018-11-25,2018-11-26 23:00:00,0.0,0.12910287
2018-11-25,2018-11-26 23:15:00,0.0,0.15508349
2018-11-25,2018-11-26 23:30:00,0.0,0.1819244
2018-11-25,2018-11-26 23:45:00,0.0035159999999999,0.24766332
2018-11-26,2018-11-27 00:00:00,0.225,0.20532003
2018-11-26,2018-11-27 00:15:00,0.383203,0.26818496
2018-11-26,2018-11-27 00:30:00,0.502734,0.3717572
2018-11-26,2018-11-27 00:45:00,0.766406,0.49372292
2018-11-26,2018-11-27 01:00:00,0.903516,0.6065516
2018-11-26,2018-11-27 01:15:00,1.321875,0.7341599
2018-11-26,2018-11-27 01:30:00,1.040625,0.8640578
2018-11-26,2018-11-27 01:45:00,1.469531,1.0192571
2018-11-26,2018-11-27 02:00:00,1.494141,1.1464057
2018-11-26,2018-11-27 02:15:00,1.778906,1.299212
2018-11-26,2018-11-27 02:30:00,1.835156,1.4027807
2018-11-26,2018-11-27 02:45:00,2.0882810000000003,1.5340983
2018-11-26,2018-11-27 03:00:00,2.046094,1.669619
2018-11-26,2018-11-27 03:15:00,2.165625,1.7527872
2018-11-26,2018-11-27 03:30:00,2.239453,1.842878
2018-11-26,2018-11-27 03:45:00,2.334375,1.8786072
2018-11-26,2018-11-27 04:00:00,2.411719,1.9598376
2018-11-26,2018-11-27 04:15:00,2.527734,2.0200646
2018-11-26,2018-11-27 04:30:00,2.517187,1.9694777
2018-11-26,2018-11-27 04:45:00,2.608594,1.9877247
2018-11-26,2018-11-27 05:00:00,2.598047,1.9269557
2018-11-26,2018-11-27 05:15:00,2.520703,1.8334696
2018-11-26,2018-11-27 05:30:00,2.1375,1.7712276
2018-11-26,2018-11-27 05:45:00,1.835156,1.687563
2018-11-26,2018-11-27 06:00:00,1.6417970000000002,1.491778
2018-11-26,2018-11-27 06:15:00,1.473047,1.3799165
2018-11-26,2018-11-27 06:30:00,1.311328,1.2492772
2018-11-26,2018-11-27 06:45:00,1.163672,1.1227969
2018-11-26,2018-11-27 07:00:00,0.935156,0.91432613
2018-11-26,2018-11-27 07:15:00,0.878906,0.7463626
2018-11-26,2018-11-27 07:30:00,0.6152340000000001,0.5865298
2018-11-26,2018-11-27 07:45:00,0.4710939999999999,0.44639838
2018-11-26,2018-11-27 08:00:00,0.362109,0.30691418
2018-11-26,2018-11-27 08:15:00,0.3375,0.18366282
2018-11-26,2018-11-27 08:30:00,0.133594,0.116250224
2018-11-26,2018-11-27 08:45:00,0.049219,0.071590185
2018-11-26,2018-11-27 09:00:00,0.0,0.029418474
2018-11-26,2018-11-27 09:15:00,0.0,0.012045828
2018-11-26,2018-11-27 09:30:00,0.0,0.022432292
2018-11-26,2018-11-27 09:45:00,0.0,0.0011540643
2018-11-26,2018-11-27 10:00:00,0.0,-0.024114706
2018-11-26,2018-11-27 10:15:00,0.0,-0.023946516
2018-11-26,2018-11-27 10:30:00,0.0,0.04913658
2018-11-26,2018-11-27 10:45:00,0.0,0.06364247
2018-11-26,2018-11-27 11:00:00,0.0,0.11078695
2018-11-26,2018-11-27 11:15:00,0.0,0.102714285
2018-11-26,2018-11-27 11:30:00,0.0,0.097690046
2018-11-26,2018-11-27 11:45:00,0.0,0.11739992
2018-11-26,2018-11-27 12:00:00,0.0,0.097574495
2018-11-26,2018-11-27 12:15:00,0.0,0.14126359
2018-11-26,2018-11-27 12:30:00,0.0,0.113120005
2018-11-26,2018-11-27 12:45:00,0.0,0.10552196
2018-11-26,2018-11-27 13:00:00,0.0,0.08158268
2018-11-26,2018-11-27 13:15:00,0.0,0.08700998
2018-11-26,2018-11-27 13:30:00,0.0,0.109523855
2018-11-26,2018-11-27 13:45:00,0.0,0.08433497
2018-11-26,2018-11-27 14:00:00,0.0,0.07878327
2018-11-26,2018-11-27 14:15:00,0.0,0.044766154
2018-11-26,2018-11-27 14:30:00,0.0,0.05561631
2018-11-26,2018-11-27 14:45:00,0.0,0.06457115
2018-11-26,2018-11-27 15:00:00,0.0,0.06421182
2018-11-26,2018-11-27 15:15:00,0.0,0.07337064
2018-11-26,2018-11-27 15:30:00,0.0,0.049298074
2018-11-26,2018-11-27 15:45:00,0.0,0.04137795
2018-11-26,2018-11-27 16:00:00,0.0,0.022905556
2018-11-26,2018-11-27 16:15:00,0.0,0.057085693
2018-11-26,2018-11-27 16:30:00,0.0,0.044089362
2018-11-26,2018-11-27 16:45:00,0.0,0.05932684
2018-11-26,2018-11-27 17:00:00,0.0,0.0581746
2018-11-26,2018-11-27 17:15:00,0.0,0.07357207
2018-11-26,2018-11-27 17:30:00,0.0,0.06222655
2018-11-26,2018-11-27 17:45:00,0.0,0.012918435
2018-11-26,2018-11-27 18:00:00,0.0,0.0077986466
2018-11-26,2018-11-27 18:15:00,0.0,-0.0027558089
2018-11-26,2018-11-27 18:30:00,0.0,0.013221998
2018-11-26,2018-11-27 18:45:00,0.0,0.007230531
2018-11-26,2018-11-27 19:00:00,0.0,-0.0026923555
2018-11-26,2018-11-27 19:15:00,0.0,0.033772834
2018-11-26,2018-11-27 19:30:00,0.0,0.016843025
2018-11-26,2018-11-27 19:45:00,0.0,-0.017573806
2018-11-26,2018-11-27 20:00:00,0.0,-0.0009413451
2018-11-26,2018-11-27 20:15:00,0.0,0.0029783063
2018-11-26,2018-11-27 20:30:00,0.0,0.007989952
2018-11-26,2018-11-27 20:45:00,0.0,0.015855962
2018-11-26,2018-11-27 21:00:00,0.0,0.0049677803
2018-11-26,2018-11-27 21:15:00,0.0,-0.0013633785
2018-11-26,2018-11-27 21:30:00,0.0,0.036266435
2018-11-26,2018-11-27 21:45:00,0.0,0.048853777
2018-11-26,2018-11-27 22:00:00,0.0,0.06405117
2018-11-26,2018-11-27 22:15:00,0.0,0.045686923
2018-11-26,2018-11-27 22:30:00,0.0,0.052874453
2018-11-26,2018-11-27 22:45:00,0.0,0.09540711
2018-11-26,2018-11-27 23:00:00,0.0,0.106495485
2018-11-26,2018-11-27 23:15:00,0.0,0.12705933
2018-11-26,2018-11-27 23:30:00,0.014062,0.15116872
2018-11-26,2018-11-27 23:45:00,0.108984,0.21976799
2018-11-27,2018-11-28 00:00:00,0.214453,0.016548056
2018-11-27,2018-11-28 00:15:00,0.362109,0.02525082
2018-11-27,2018-11-28 00:30:00,0.5273439999999999,0.036530405
2018-11-27,2018-11-28 00:45:00,0.699609,0.061796997
2018-11-27,2018-11-28 01:00:00,0.854297,0.08026905
2018-11-27,2018-11-28 01:15:00,1.040625,0.10546684
2018-11-27,2018-11-28 01:30:00,1.279688,0.15182216
2018-11-27,2018-11-28 01:45:00,1.473047,0.21736842
2018-11-27,2018-11-28 02:00:00,1.6523439999999998,0.2562785
2018-11-27,2018-11-28 02:15:00,1.821094,0.32082632
2018-11-27,2018-11-28 02:30:00,1.979297,0.37126234
2018-11-27,2018-11-28 02:45:00,2.1199220000000003,0.4361965
2018-11-27,2018-11-28 03:00:00,2.176172,0.5113989
2018-11-27,2018-11-28 03:15:00,2.323828,0.554003
2018-11-27,2018-11-28 03:30:00,2.383594,0.60240805
2018-11-27,2018-11-28 03:45:00,2.415234,0.63149935
2018-11-27,2018-11-28 04:00:00,2.41875,0.68713874
2018-11-27,2018-11-28 04:15:00,2.482031,0.74856746
2018-11-27,2018-11-28 04:30:00,2.464453,0.72481745
2018-11-27,2018-11-28 04:45:00,2.380078,0.780969
2018-11-27,2018-11-28 05:00:00,2.344922,0.7814389
2018-11-27,2018-11-28 05:15:00,2.19375,0.76627517
2018-11-27,2018-11-28 05:30:00,2.074219,0.787797
2018-11-27,2018-11-28 05:45:00,1.954687,0.79612285
2018-11-27,2018-11-28 06:00:00,1.764844,0.7295307
2018-11-27,2018-11-28 06:15:00,1.606641,0.73223513
2018-11-27,2018-11-28 06:30:00,1.529297,0.73644155
2018-11-27,2018-11-28 06:45:00,1.371094,0.7204167
2018-11-27,2018-11-28 07:00:00,1.160156,0.66525996
2018-11-27,2018-11-28 07:15:00,0.987891,0.62946707
2018-11-27,2018-11-28 07:30:00,0.783984,0.6061414
2018-11-27,2018-11-28 07:45:00,0.576563,0.5667885
2018-11-27,2018-11-28 08:00:00,0.4253909999999999,0.5173795
2018-11-27,2018-11-28 08:15:00,0.260156,0.5014359
2018-11-27,2018-11-28 08:30:00,0.1371089999999999,0.5236108
2018-11-27,2018-11-28 08:45:00,0.038672,0.5143304
2018-11-27,2018-11-28 09:00:00,0.0,0.48697442
2018-11-27,2018-11-28 09:15:00,0.0,0.4788515
2018-11-27,2018-11-28 09:30:00,0.0,0.46931285
2018-11-27,2018-11-28 09:45:00,0.0,0.44315973
2018-11-27,2018-11-28 10:00:00,0.0,0.38305187
2018-11-27,2018-11-28 10:15:00,0.0,0.3612261
2018-11-27,2018-11-28 10:30:00,0.0,0.3794776
2018-11-27,2018-11-28 10:45:00,0.0,0.35726362
2018-11-27,2018-11-28 11:00:00,0.0,0.3684772
2018-11-27,2018-11-28 11:15:00,0.0,0.31622493
2018-11-27,2018-11-28 11:30:00,0.0,0.2804525
2018-11-27,2018-11-28 11:45:00,0.0,0.29876462
2018-11-27,2018-11-28 12:00:00,0.0,0.2815677
2018-11-27,2018-11-28 12:15:00,0.0,0.29129356
2018-11-27,2018-11-28 12:30:00,0.0,0.25259274
2018-11-27,2018-11-28 12:45:00,0.0,0.25550774
2018-11-27,2018-11-28 13:00:00,0.0,0.21708287
2018-11-27,2018-11-28 13:15:00,0.0,0.21475703
2018-11-27,2018-11-28 13:30:00,0.0,0.22201836
2018-11-27,2018-11-28 13:45:00,0.0,0.18408002
2018-11-27,2018-11-28 14:00:00,0.0,0.16156855
2018-11-27,2018-11-28 14:15:00,0.0,0.1297695
2018-11-27,2018-11-28 14:30:00,0.0,0.13425867
2018-11-27,2018-11-28 14:45:00,0.0,0.13527338
2018-11-27,2018-11-28 15:00:00,0.0,0.13694736
2018-11-27,2018-11-28 15:15:00,0.0,0.12938681
2018-11-27,2018-11-28 15:30:00,0.0,0.103955306
2018-11-27,2018-11-28 15:45:00,0.0,0.09096358
2018-11-27,2018-11-28 16:00:00,0.0,0.07863551
2018-11-27,2018-11-28 16:15:00,0.0,0.094454534
2018-11-27,2018-11-28 16:30:00,0.0,0.07935935
2018-11-27,2018-11-28 16:45:00,0.0,0.07625735
2018-11-27,2018-11-28 17:00:00,0.0,0.08131064
2018-11-27,2018-11-28 17:15:00,0.0,0.08568368
2018-11-27,2018-11-28 17:30:00,0.0,0.086240724
2018-11-27,2018-11-28 17:45:00,0.0,0.045106504
2018-11-27,2018-11-28 18:00:00,0.0,0.03896381
2018-11-27,2018-11-28 18:15:00,0.0,0.029431993
2018-11-27,2018-11-28 18:30:00,0.0,0.032261398
2018-11-27,2018-11-28 18:45:00,0.0,0.023077646
2018-11-27,2018-11-28 19:00:00,0.0,0.023740694
2018-11-27,2018-11-28 19:15:00,0.0,0.03261113
2018-11-27,2018-11-28 19:30:00,0.0,0.01626853
2018-11-27,2018-11-28 19:45:00,0.0,0.0065223
2018-11-27,2018-11-28 20:00:00,0.0,0.012611827
2018-11-27,2018-11-28 20:15:00,0.0,0.003512761
2018-11-27,2018-11-28 20:30:00,0.0,0.0015826663
2018-11-27,2018-11-28 20:45:00,0.0,0.015402037
2018-11-27,2018-11-28 21:00:00,0.0,0.0050188066
2018-11-27,2018-11-28 21:15:00,0.0,0.004705244
2018-11-27,2018-11-28 21:30:00,0.0,0.024839684
2018-11-27,2018-11-28 21:45:00,0.0,0.043363106
2018-11-27,2018-11-28 22:00:00,0.0,0.058425862
2018-11-27,2018-11-28 22:15:00,0.0,0.053248588
2018-11-27,2018-11-28 22:30:00,0.0,0.06430022
2018-11-27,2018-11-28 22:45:00,0.0,0.0961318
2018-11-27,2018-11-28 23:00:00,0.0,0.08802737
2018-11-27,2018-11-28 23:15:00,0.0,0.0960063
2018-11-27,2018-11-28 23:30:00,0.0210939999999999,0.097218856
2018-11-27,2018-11-28 23:45:00,0.031641,0.12508051
2018-11-28,2018-11-29 00:00:00,0.239063,0.15906851
2018-11-28,2018-11-29 00:15:00,0.397266,0.19671483
2018-11-28,2018-11-29 00:30:00,0.583594,0.2621449
2018-11-28,2018-11-29 00:45:00,0.769922,0.33878815
2018-11-28,2018-11-29 01:00:00,0.924609,0.40640825
2018-11-28,2018-11-29 01:15:00,1.128516,0.48736197
2018-11-28,2018-11-29 01:30:00,1.332422,0.5810692
2018-11-28,2018-11-29 01:45:00,1.515234,0.6998012
2018-11-28,2018-11-29 02:00:00,1.683984,0.79386187
2018-11-28,2018-11-29 02:15:00,1.817578,0.9119768
2018-11-28,2018-11-29 02:30:00,1.986328,0.9933717
2018-11-28,2018-11-29 02:45:00,2.067188,1.0931185
2018-11-28,2018-11-29 03:00:00,2.218359,1.1992527
2018-11-28,2018-11-29 03:15:00,2.348438,1.2590144
2018-11-28,2018-11-29 03:30:00,2.39414,1.3242954
2018-11-28,2018-11-29 03:45:00,2.348438,1.3456423
2018-11-28,2018-11-29 04:00:00,2.460938,1.413239
2018-11-28,2018-11-29 04:15:00,2.436328,1.4677708
2018-11-28,2018-11-29 04:30:00,2.3695310000000003,1.420281
2018-11-28,2018-11-29 04:45:00,2.323828,1.454107
2018-11-28,2018-11-29 05:00:00,2.25,1.4059545
2018-11-28,2018-11-29 05:15:00,2.144531,1.3358967
2018-11-28,2018-11-29 05:30:00,2.091797,1.2874047
2018-11-28,2018-11-29 05:45:00,1.958203,1.2339013
2018-11-28,2018-11-29 06:00:00,1.824609,1.0775529
2018-11-28,2018-11-29 06:15:00,1.627734,1.0027944
2018-11-28,2018-11-29 06:30:00,1.40625,0.9175296
2018-11-28,2018-11-29 06:45:00,1.342969,0.834124
2018-11-28,2018-11-29 07:00:00,1.06875,0.68219876
2018-11-28,2018-11-29 07:15:00,0.8964840000000001,0.56745154
2018-11-28,2018-11-29 07:30:00,0.699609,0.4601682
2018-11-28,2018-11-29 07:45:00,0.5097659999999999,0.36623597
2018-11-28,2018-11-29 08:00:00,0.358594,0.2728925
2018-11-28,2018-11-29 08:15:00,0.217969,0.19313012
2018-11-28,2018-11-29 08:30:00,0.108984,0.17491782
2018-11-28,2018-11-29 08:45:00,0.0,0.15220857
2018-11-28,2018-11-29 09:00:00,0.0,0.1330747
2018-11-28,2018-11-29 09:15:00,0.0,0.12508325
2018-11-28,2018-11-29 09:30:00,0.0,0.13667099
2018-11-28,2018-11-29 09:45:00,0.0,0.12159976
2018-11-28,2018-11-29 10:00:00,0.0,0.09351595
2018-11-28,2018-11-29 10:15:00,0.0,0.08516017
2018-11-28,2018-11-29 10:30:00,0.0,0.14682727
2018-11-28,2018-11-29 10:45:00,0.0,0.14835185
2018-11-28,2018-11-29 11:00:00,0.0,0.19258778
2018-11-28,2018-11-29 11:15:00,0.0,0.17175587
2018-11-28,2018-11-29 11:30:00,0.0,0.15658028
2018-11-28,2018-11-29 11:45:00,0.0,0.18109931
2018-11-28,2018-11-29 12:00:00,0.0,0.16427998
2018-11-28,2018-11-29 12:15:00,0.0,0.2026559
2018-11-28,2018-11-29 12:30:00,0.0,0.16957147
2018-11-28,2018-11-29 12:45:00,0.0,0.17352505
2018-11-28,2018-11-29 13:00:00,0.0,0.15096395
2018-11-28,2018-11-29 13:15:00,0.0,0.1519192
2018-11-28,2018-11-29 13:30:00,0.0,0.1725874
2018-11-28,2018-11-29 13:45:00,0.0,0.14276232
2018-11-28,2018-11-29 14:00:00,0.0,0.13014662
2018-11-28,2018-11-29 14:15:00,0.0,0.09727935
2018-11-28,2018-11-29 14:30:00,0.0,0.10642031
2018-11-28,2018-11-29 14:45:00,0.0,0.110637434
2018-11-28,2018-11-29 15:00:00,0.0,0.113144115
2018-11-28,2018-11-29 15:15:00,0.0,0.11739566
2018-11-28,2018-11-29 15:30:00,0.0,0.08775362
2018-11-28,2018-11-29 15:45:00,0.0,0.07689554
2018-11-28,2018-11-29 16:00:00,0.0,0.05716482
2018-11-28,2018-11-29 16:15:00,0.0,0.08319082
2018-11-28,2018-11-29 16:30:00,0.0,0.06561162
2018-11-28,2018-11-29 16:45:00,0.0,0.077479914
2018-11-28,2018-11-29 17:00:00,0.0,0.07656128
2018-11-28,2018-11-29 17:15:00,0.0,0.09176531
2018-11-28,2018-11-29 17:30:00,0.0,0.08567121
2018-11-28,2018-11-29 17:45:00,0.0,0.037310325
2018-11-28,2018-11-29 18:00:00,0.0,0.02781371
2018-11-28,2018-11-29 18:15:00,0.0,0.014118036
2018-11-28,2018-11-29 18:30:00,0.0,0.02458797
2018-11-28,2018-11-29 18:45:00,0.0,0.018643497
2018-11-28,2018-11-29 19:00:00,0.0,0.013005714
2018-11-28,2018-11-29 19:15:00,0.0,0.046503253
2018-11-28,2018-11-29 19:30:00,0.0,0.03066544
2018-11-28,2018-11-29 19:45:00,0.0,0.009459703
2018-11-28,2018-11-29 20:00:00,0.0,0.017964482
2018-11-28,2018-11-29 20:15:00,0.0,0.02167505
2018-11-28,2018-11-29 20:30:00,0.0,0.0233852
2018-11-28,2018-11-29 20:45:00,0.0,0.033277716
2018-11-28,2018-11-29 21:00:00,0.0,0.020920815
2018-11-28,2018-11-29 21:15:00,0.0,0.017080665
2018-11-28,2018-11-29 21:30:00,0.0,0.047506407
2018-11-28,2018-11-29 21:45:00,0.0,0.06051426
2018-11-28,2018-11-29 22:00:00,0.0,0.073075555
2018-11-28,2018-11-29 22:15:00,0.0,0.05454308
2018-11-28,2018-11-29 22:30:00,0.0,0.06346812
2018-11-28,2018-11-29 22:45:00,0.0,0.10914718
2018-11-28,2018-11-29 23:00:00,0.0,0.11035745
2018-11-28,2018-11-29 23:15:00,0.0,0.13008541
2018-11-28,2018-11-29 23:30:00,0.014062,0.1445212
2018-11-28,2018-11-29 23:45:00,0.105469,0.19773163
2018-11-29,2018-11-30 00:00:00,0.225,0.11261123
2018-11-29,2018-11-30 00:15:00,0.355078,0.15910341
2018-11-29,2018-11-30 00:30:00,0.513281,0.23409204
2018-11-29,2018-11-30 00:45:00,0.675,0.32497808
2018-11-29,2018-11-30 01:00:00,0.8261719999999999,0.41076204
2018-11-29,2018-11-30 01:15:00,0.95625,0.5075588
2018-11-29,2018-11-30 01:30:00,0.984375,0.61842746
2018-11-29,2018-11-30 01:45:00,0.917578,0.7504457
2018-11-29,2018-11-30 02:00:00,1.191797,0.8556069
2018-11-29,2018-11-30 02:15:00,1.276172,0.98539037
2018-11-29,2018-11-30 02:30:00,1.599609,1.0729747
2018-11-29,2018-11-30 02:45:00,1.958203,1.1800224
2018-11-29,2018-11-30 03:00:00,2.063672,1.2925506
2018-11-29,2018-11-30 03:15:00,2.214844,1.3501343
2018-11-29,2018-11-30 03:30:00,2.235937,1.4189895
2018-11-29,2018-11-30 03:45:00,2.323828,1.4309069
2018-11-29,2018-11-30 04:00:00,2.323828,1.5003941
2018-11-29,2018-11-30 04:15:00,2.30625,1.5428566
2018-11-29,2018-11-30 04:30:00,2.323828,1.482505
2018-11-29,2018-11-30 04:45:00,2.017969,1.5024092
2018-11-29,2018-11-30 05:00:00,1.589062,1.4362628
2018-11-29,2018-11-30 05:15:00,1.975781,1.3563665
2018-11-29,2018-11-30 05:30:00,1.6804689999999998,1.3009344
2018-11-29,2018-11-30 05:45:00,1.525781,1.238213
2018-11-29,2018-11-30 06:00:00,1.669922,1.0612844
2018-11-29,2018-11-30 06:15:00,1.490625,0.97052145
2018-11-29,2018-11-30 06:30:00,1.416797,0.8714833
2018-11-29,2018-11-30 06:45:00,0.980859,0.7771221
2018-11-29,2018-11-30 07:00:00,0.8507809999999999,0.6088321
2018-11-29,2018-11-30 07:15:00,0.573047,0.48378792
2018-11-29,2018-11-30 07:30:00,0.379687,0.36280337
2018-11-29,2018-11-30 07:45:00,0.242578,0.26851553
2018-11-29,2018-11-30 08:00:00,0.246094,0.17353159
2018-11-29,2018-11-30 08:15:00,0.175781,0.08536157
2018-11-29,2018-11-30 08:30:00,0.035156,0.062472075
2018-11-29,2018-11-30 08:45:00,0.0105469999999999,0.042818706
2018-11-29,2018-11-30 09:00:00,0.0,0.03346926
2018-11-29,2018-11-30 09:15:00,0.0,0.035102144
2018-11-29,2018-11-30 09:30:00,0.0,0.06311694
2018-11-29,2018-11-30 09:45:00,0.0,0.060055327
2018-11-29,2018-11-30 10:00:00,0.0,0.046077378
2018-11-29,2018-11-30 10:15:00,0.0,0.04600955
2018-11-29,2018-11-30 10:30:00,0.0,0.12450361
2018-11-29,2018-11-30 10:45:00,0.0,0.13334729
2018-11-29,2018-11-30 11:00:00,0.0,0.18508568
2018-11-29,2018-11-30 11:15:00,0.0,0.1724708
2018-11-29,2018-11-30 11:30:00,0.0,0.16301978
2018-11-29,2018-11-30 11:45:00,0.0,0.18644433
2018-11-29,2018-11-30 12:00:00,0.0,0.17200272
2018-11-29,2018-11-30 12:15:00,0.0,0.21509117
2018-11-29,2018-11-30 12:30:00,0.0,0.1840921
2018-11-29,2018-11-30 12:45:00,0.0,0.18410543
2018-11-29,2018-11-30 13:00:00,0.0,0.16511013
2018-11-29,2018-11-30 13:15:00,0.0,0.15960316
2018-11-29,2018-11-30 13:30:00,0.0,0.18763535
2018-11-29,2018-11-30 13:45:00,0.0,0.15082319
2018-11-29,2018-11-30 14:00:00,0.0,0.13888139
2018-11-29,2018-11-30 14:15:00,0.0,0.10631735
2018-11-29,2018-11-30 14:30:00,0.0,0.110274695
2018-11-29,2018-11-30 14:45:00,0.0,0.11471502
2018-11-29,2018-11-30 15:00:00,0.0,0.11428105
2018-11-29,2018-11-30 15:15:00,0.0,0.11527583
2018-11-29,2018-11-30 15:30:00,0.0,0.0845865
2018-11-29,2018-11-30 15:45:00,0.0,0.07409414
2018-11-29,2018-11-30 16:00:00,0.0,0.050207138
2018-11-29,2018-11-30 16:15:00,0.0,0.082930624
2018-11-29,2018-11-30 16:30:00,0.0,0.061699502
2018-11-29,2018-11-30 16:45:00,0.0,0.07930964
2018-11-29,2018-11-30 17:00:00,0.0,0.07792935
2018-11-29,2018-11-30 17:15:00,0.0,0.09569323
2018-11-29,2018-11-30 17:30:00,0.0,0.09080462
2018-11-29,2018-11-30 17:45:00,0.0,0.03514448
2018-11-29,2018-11-30 18:00:00,0.0,0.030752677
2018-11-29,2018-11-30 18:15:00,0.0,0.02125594
2018-11-29,2018-11-30 18:30:00,0.0,0.031780027
2018-11-29,2018-11-30 18:45:00,0.0,0.021789571
2018-11-29,2018-11-30 19:00:00,0.0,0.007521749
2018-11-29,2018-11-30 19:15:00,0.0,0.040433396
2018-11-29,2018-11-30 19:30:00,0.0,0.021808458
2018-11-29,2018-11-30 19:45:00,0.0,-0.005750781
2018-11-29,2018-11-30 20:00:00,0.0,0.0028542394
2018-11-29,2018-11-30 20:15:00,0.0,0.008398324
2018-11-29,2018-11-30 20:30:00,0.0,0.010487422
2018-11-29,2018-11-30 20:45:00,0.0,0.016327498
2018-11-29,2018-11-30 21:00:00,0.0,0.0035007866
2018-11-29,2018-11-30 21:15:00,0.0,-0.0003866033
2018-11-29,2018-11-30 21:30:00,0.0,0.032908276
2018-11-29,2018-11-30 21:45:00,0.0,0.041411735
2018-11-29,2018-11-30 22:00:00,0.0,0.05727704
2018-11-29,2018-11-30 22:15:00,0.0,0.039401688
2018-11-29,2018-11-30 22:30:00,0.0,0.050101526
2018-11-29,2018-11-30 22:45:00,0.0,0.09717405
2018-11-29,2018-11-30 23:00:00,0.0,0.1005983
2018-11-29,2018-11-30 23:15:00,0.0,0.118846916
2018-11-29,2018-11-30 23:30:00,0.0,0.1313492
2018-11-29,2018-11-30 23:45:00,0.0,0.19167292
2018-11-30,2018-12-01 00:00:00,0.007031,0.16262192
2018-11-30,2018-12-01 00:15:00,0.049219,0.2016713
2018-11-30,2018-12-01 00:30:00,0.0,0.26212773
2018-11-30,2018-12-01 00:45:00,0.108984,0.33078876
2018-11-30,2018-12-01 01:00:00,0.0105469999999999,0.397454
2018-11-30,2018-12-01 01:15:00,0.108984,0.47149745
2018-11-30,2018-12-01 01:30:00,0.1371089999999999,0.5630887
2018-11-30,2018-12-01 01:45:00,0.130078,0.67343754
2018-11-30,2018-12-01 02:00:00,0.151172,0.7577893
2018-11-30,2018-12-01 02:15:00,0.239063,0.8619238
2018-11-30,2018-12-01 02:30:00,0.165234,0.9290217
2018-11-30,2018-12-01 02:45:00,0.151172,1.0064172
2018-11-30,2018-12-01 03:00:00,0.232031,1.0869449
2018-11-30,2018-12-01 03:15:00,0.2355469999999999,1.118591
2018-11-30,2018-12-01 03:30:00,0.214453,1.1548252
2018-11-30,2018-12-01 03:45:00,0.305859,1.1422744
2018-11-30,2018-12-01 04:00:00,0.372656,1.1871225
2018-11-30,2018-12-01 04:15:00,0.372656,1.2058333
2018-11-30,2018-12-01 04:30:00,0.569531,1.1376635
2018-11-30,2018-12-01 04:45:00,0.576563,1.151361
2018-11-30,2018-12-01 05:00:00,0.530859,1.07898
2018-11-30,2018-12-01 05:15:00,0.418359,1.0058366
2018-11-30,2018-12-01 05:30:00,0.5097659999999999,0.94846106
2018-11-30,2018-12-01 05:45:00,0.61875,0.90190554
2018-11-30,2018-12-01 06:00:00,0.8085939999999999,0.752044
2018-11-30,2018-12-01 06:15:00,0.629297,0.6845241
2018-11-30,2018-12-01 06:30:00,0.446484,0.61092037
2018-11-30,2018-12-01 06:45:00,0.330469,0.5478807
2018-11-30,2018-12-01 07:00:00,0.256641,0.4212795
2018-11-30,2018-12-01 07:15:00,0.140625,0.33708584
2018-11-30,2018-12-01 07:30:00,0.175781,0.25119874
2018-11-30,2018-12-01 07:45:00,0.024609,0.19555797
2018-11-30,2018-12-01 08:00:00,0.052734,0.14183015
2018-11-30,2018-12-01 08:15:00,0.0,0.0866983
2018-11-30,2018-12-01 08:30:00,0.0,0.10100977
2018-11-30,2018-12-01 08:45:00,0.0,0.095421515
2018-11-30,2018-12-01 09:00:00,0.0,0.11511921
2018-11-30,2018-12-01 09:15:00,0.0,0.12684914
2018-11-30,2018-12-01 09:30:00,0.0,0.16254291
2018-11-30,2018-12-01 09:45:00,0.0,0.17036685
2018-11-30,2018-12-01 10:00:00,0.0,0.15889241
2018-11-30,2018-12-01 10:15:00,0.0,0.1565077
2018-11-30,2018-12-01 10:30:00,0.0,0.22716972
2018-11-30,2018-12-01 10:45:00,0.0,0.23166758
2018-11-30,2018-12-01 11:00:00,0.0,0.28219017
2018-11-30,2018-12-01 11:15:00,0.0,0.26158008
2018-11-30,2018-12-01 11:30:00,0.0,0.24838324
2018-11-30,2018-12-01 11:45:00,0.0,0.27288517
2018-11-30,2018-12-01 12:00:00,0.0,0.26511756
2018-11-30,2018-12-01 12:15:00,0.0,0.30220893
2018-11-30,2018-12-01 12:30:00,0.0,0.26572075
2018-11-30,2018-12-01 12:45:00,0.0,0.27518734
2018-11-30,2018-12-01 13:00:00,0.0,0.25901195
2018-11-30,2018-12-01 13:15:00,0.0,0.24362797
2018-11-30,2018-12-01 13:30:00,0.0,0.26834837
2018-11-30,2018-12-01 13:45:00,0.0,0.22415325
2018-11-30,2018-12-01 14:00:00,0.0,0.19917826
2018-11-30,2018-12-01 14:15:00,0.0,0.16127656
2018-11-30,2018-12-01 14:30:00,0.0,0.1600638
2018-11-30,2018-12-01 14:45:00,0.0,0.1551328
2018-11-30,2018-12-01 15:00:00,0.0,0.15096152
2018-11-30,2018-12-01 15:15:00,0.0,0.14299637
2018-11-30,2018-12-01 15:30:00,0.0,0.10371993
2018-11-30,2018-12-01 15:45:00,0.0,0.08370285
2018-11-30,2018-12-01 16:00:00,0.0,0.055693056
2018-11-30,2018-12-01 16:15:00,0.0,0.08230688
2018-11-30,2018-12-01 16:30:00,0.0,0.053605646
2018-11-30,2018-12-01 16:45:00,0.0,0.06694039
2018-11-30,2018-12-01 17:00:00,0.0,0.067450404
2018-11-30,2018-12-01 17:15:00,0.0,0.088208966
2018-11-30,2018-12-01 17:30:00,0.0,0.09143031
2018-11-30,2018-12-01 17:45:00,0.0,0.038412835
2018-11-30,2018-12-01 18:00:00,0.0,0.031086281
2018-11-30,2018-12-01 18:15:00,0.0,0.02209013
2018-11-30,2018-12-01 18:30:00,0.0,0.03213696
2018-11-30,2018-12-01 18:45:00,0.0,0.023311254
2018-11-30,2018-12-01 19:00:00,0.0,0.009087956
2018-11-30,2018-12-01 19:15:00,0.0,0.036022004
2018-11-30,2018-12-01 19:30:00,0.0,0.020201597
2018-11-30,2018-12-01 19:45:00,0.0,0.001781338
2018-11-30,2018-12-01 20:00:00,0.0,0.002766549
2018-11-30,2018-12-01 20:15:00,0.0,0.014048329
2018-11-30,2018-12-01 20:30:00,0.0,0.017663676
2018-11-30,2018-12-01 20:45:00,0.0,0.026996557
2018-11-30,2018-12-01 21:00:00,0.0,0.014712118
2018-11-30,2018-12-01 21:15:00,0.0,0.017048404
2018-11-30,2018-12-01 21:30:00,0.0,0.04996009
2018-11-30,2018-12-01 21:45:00,0.0,0.056395732
2018-11-30,2018-12-01 22:00:00,0.0,0.06741942
2018-11-30,2018-12-01 22:15:00,0.0,0.049717434
2018-11-30,2018-12-01 22:30:00,0.0,0.063114114
2018-11-30,2018-12-01 22:45:00,0.0,0.10921237
2018-11-30,2018-12-01 23:00:00,0.0,0.10885675
2018-11-30,2018-12-01 23:15:00,0.0,0.13195086
2018-11-30,2018-12-01 23:30:00,0.0,0.14178112
2018-11-30,2018-12-01 23:45:00,0.0,0.19677554
