起报时间,预报时间,实际功率 (MW),预测功率 (MW)
2018-08-25,2018-08-26 00:00:00,1.286719,1.6631675
2018-08-25,2018-08-26 00:15:00,1.504687,1.7631146
2018-08-25,2018-08-26 00:30:00,1.747266,1.9966842
2018-08-25,2018-08-26 00:45:00,1.916016,2.2497513
2018-08-25,2018-08-26 01:00:00,2.169141,2.5302832
2018-08-25,2018-08-26 01:15:00,2.309766,2.747816
2018-08-25,2018-08-26 01:30:00,2.636719,2.9600358
2018-08-25,2018-08-26 01:45:00,2.770312,3.1941326
2018-08-25,2018-08-26 02:00:00,2.872266,3.3509622
2018-08-25,2018-08-26 02:15:00,3.086719,3.4223588
2018-08-25,2018-08-26 02:30:00,3.188672,3.5298548
2018-08-25,2018-08-26 02:45:00,3.181641,3.545275
2018-08-25,2018-08-26 03:00:00,3.325781,3.6776938
2018-08-25,2018-08-26 03:15:00,3.378515,3.7714512
2018-08-25,2018-08-26 03:30:00,3.357422,3.865586
2018-08-25,2018-08-26 03:45:00,3.3890620000000005,3.8998187
2018-08-25,2018-08-26 04:00:00,3.403125,3.8540657
2018-08-25,2018-08-26 04:15:00,3.448828,3.8941183
2018-08-25,2018-08-26 04:30:00,3.427734,3.8236234
2018-08-25,2018-08-26 04:45:00,3.396094,3.8858914
2018-08-25,2018-08-26 05:00:00,3.273047,3.7937992
2018-08-25,2018-08-26 05:15:00,3.403125,3.74667
2018-08-25,2018-08-26 05:30:00,3.364453,3.7188742
2018-08-25,2018-08-26 05:45:00,2.974219,3.704595
2018-08-25,2018-08-26 06:00:00,3.058594,3.6435642
2018-08-25,2018-08-26 06:15:00,2.063672,3.490113
2018-08-25,2018-08-26 06:30:00,2.882812,3.3381512
2018-08-25,2018-08-26 06:45:00,2.443359,3.2155137
2018-08-25,2018-08-26 07:00:00,2.239453,3.0027685
2018-08-25,2018-08-26 07:15:00,2.373047,2.7999294
2018-08-25,2018-08-26 07:30:00,2.151562,2.5560782
2018-08-25,2018-08-26 07:45:00,1.993359,2.4052894
2018-08-25,2018-08-26 08:00:00,1.7824220000000002,2.1929376
2018-08-25,2018-08-26 08:15:00,1.578516,1.8586612
2018-08-25,2018-08-26 08:30:00,1.392187,1.6471817
2018-08-25,2018-08-26 08:45:00,1.019531,1.3839548
2018-08-25,2018-08-26 09:00:00,0.45,1.2310156
2018-08-25,2018-08-26 09:15:00,0.4253909999999999,0.9000869
2018-08-25,2018-08-26 09:30:00,0.379687,0.7456158
2018-08-25,2018-08-26 09:45:00,0.298828,0.58442503
2018-08-25,2018-08-26 10:00:00,0.291797,0.4644185
2018-08-25,2018-08-26 10:15:00,0.175781,0.24800871
2018-08-25,2018-08-26 10:30:00,0.024609,0.17864531
2018-08-25,2018-08-26 10:45:00,0.0,0.116285585
2018-08-25,2018-08-26 11:00:00,0.0,0.027562317
2018-08-25,2018-08-26 11:15:00,0.0,0.057031374
2018-08-25,2018-08-26 11:30:00,0.0,-0.042205457
2018-08-25,2018-08-26 11:45:00,0.0,-0.12720117
2018-08-25,2018-08-26 12:00:00,0.0,-0.10465821
2018-08-25,2018-08-26 12:15:00,0.0,-0.13359065
2018-08-25,2018-08-26 12:30:00,0.0,-0.17324013
2018-08-25,2018-08-26 12:45:00,0.0,-0.21411857
2018-08-25,2018-08-26 13:00:00,0.0,-0.22399639
2018-08-25,2018-08-26 13:15:00,0.0,-0.19607359
2018-08-25,2018-08-26 13:30:00,0.0,-0.22112289
2018-08-25,2018-08-26 13:45:00,0.0,-0.20672454
2018-08-25,2018-08-26 14:00:00,0.0,-0.24787779
2018-08-25,2018-08-26 14:15:00,0.0,-0.26072192
2018-08-25,2018-08-26 14:30:00,0.0,-0.16947517
2018-08-25,2018-08-26 14:45:00,0.0,-0.09624192
2018-08-25,2018-08-26 15:00:00,0.0,-0.13278407
2018-08-25,2018-08-26 15:15:00,0.0,-0.083106525
2018-08-25,2018-08-26 15:30:00,0.0,-0.15234093
2018-08-25,2018-08-26 15:45:00,0.0,-0.08279752
2018-08-25,2018-08-26 16:00:00,0.0,-0.13613035
2018-08-25,2018-08-26 16:15:00,0.0,-0.037648764
2018-08-25,2018-08-26 16:30:00,0.0,-0.10604416
2018-08-25,2018-08-26 16:45:00,0.0,-0.04171201
2018-08-25,2018-08-26 17:00:00,0.0,-0.0340794
2018-08-25,2018-08-26 17:15:00,0.0,0.021399017
2018-08-25,2018-08-26 17:30:00,0.0,0.040073562
2018-08-25,2018-08-26 17:45:00,0.0,0.098560534
2018-08-25,2018-08-26 18:00:00,0.0,0.047341004
2018-08-25,2018-08-26 18:15:00,0.0,0.08751863
2018-08-25,2018-08-26 18:30:00,0.0,0.09774367
2018-08-25,2018-08-26 18:45:00,0.0,0.053001925
2018-08-25,2018-08-26 19:00:00,0.0,0.05112776
2018-08-25,2018-08-26 19:15:00,0.0,0.044131406
2018-08-25,2018-08-26 19:30:00,0.0,0.03433711
2018-08-25,2018-08-26 19:45:00,0.0,-0.061761092
2018-08-25,2018-08-26 20:00:00,0.0,-0.015960194
2018-08-25,2018-08-26 20:15:00,0.0,-0.062104806
2018-08-25,2018-08-26 20:30:00,0.0,-0.051085867
2018-08-25,2018-08-26 20:45:00,0.0,-0.14124666
2018-08-25,2018-08-26 21:00:00,0.0,-0.14194216
2018-08-25,2018-08-26 21:15:00,0.0,-0.21903306
2018-08-25,2018-08-26 21:30:00,0.0,-0.111588545
2018-08-25,2018-08-26 21:45:00,0.0,-0.18874751
2018-08-25,2018-08-26 22:00:00,0.0,-0.117407195
2018-08-25,2018-08-26 22:15:00,0.0,-0.010821209
2018-08-25,2018-08-26 22:30:00,0.203906,0.043216016
2018-08-25,2018-08-26 22:45:00,0.319922,0.18238744
2018-08-25,2018-08-26 23:00:00,0.460547,0.2610768
2018-08-25,2018-08-26 23:15:00,0.632812,0.36369953
2018-08-25,2018-08-26 23:30:00,0.8824219999999999,0.5614349
2018-08-25,2018-08-26 23:45:00,1.125,0.86987734
2018-08-26,2018-08-27 00:00:00,1.297266,1.6706867
2018-08-26,2018-08-27 00:15:00,1.18125,1.8517746
2018-08-26,2018-08-27 00:30:00,1.887891,2.2160618
2018-08-26,2018-08-27 00:45:00,2.021484,2.578171
2018-08-26,2018-08-27 01:00:00,2.285156,2.9426935
2018-08-26,2018-08-27 01:15:00,2.478516,3.287412
2018-08-26,2018-08-27 01:30:00,2.657812,3.5964968
2018-08-26,2018-08-27 01:45:00,2.844141,3.9120288
2018-08-26,2018-08-27 02:00:00,3.121875,4.2105007
2018-08-26,2018-08-27 02:15:00,3.287109,4.337512
2018-08-26,2018-08-27 02:30:00,2.309766,4.5673184
2018-08-26,2018-08-27 02:45:00,3.427734,4.584981
2018-08-26,2018-08-27 03:00:00,2.211328,4.8170505
2018-08-26,2018-08-27 03:15:00,3.469922,4.9739394
2018-08-26,2018-08-27 03:30:00,3.15,5.0954185
2018-08-26,2018-08-27 03:45:00,3.410156,5.1972036
2018-08-26,2018-08-27 04:00:00,4.151953,5.172865
2018-08-26,2018-08-27 04:15:00,3.670312000000001,5.278674
2018-08-26,2018-08-27 04:30:00,3.596484,5.2395773
2018-08-26,2018-08-27 04:45:00,3.723047,5.3089504
2018-08-26,2018-08-27 05:00:00,2.580469,5.143383
2018-08-26,2018-08-27 05:15:00,2.696484,5.0982146
2018-08-26,2018-08-27 05:30:00,4.310156,5.0784783
2018-08-26,2018-08-27 05:45:00,2.844141,4.994297
2018-08-26,2018-08-27 06:00:00,3.4839839999999995,4.8485875
2018-08-26,2018-08-27 06:15:00,3.596484,4.671668
2018-08-26,2018-08-27 06:30:00,3.336328,4.514512
2018-08-26,2018-08-27 06:45:00,3.3679690000000004,4.3753796
2018-08-26,2018-08-27 07:00:00,3.026953,3.920687
2018-08-26,2018-08-27 07:15:00,3.055078,3.6976795
2018-08-26,2018-08-27 07:30:00,2.896875,3.3573565
2018-08-26,2018-08-27 07:45:00,2.735156,3.1115432
2018-08-26,2018-08-27 08:00:00,2.376562,2.8290951
2018-08-26,2018-08-27 08:15:00,1.7015619999999998,2.3679085
2018-08-26,2018-08-27 08:30:00,2.288672,2.1210592
2018-08-26,2018-08-27 08:45:00,2.014453,1.7749729
2018-08-26,2018-08-27 09:00:00,0.6679689999999999,1.4960136
2018-08-26,2018-08-27 09:15:00,0.569531,1.1604024
2018-08-26,2018-08-27 09:30:00,0.569531,0.8644899
2018-08-26,2018-08-27 09:45:00,0.492188,0.7563228
2018-08-26,2018-08-27 10:00:00,0.428906,0.6119243
2018-08-26,2018-08-27 10:15:00,0.158203,0.29309502
2018-08-26,2018-08-27 10:30:00,0.035156,0.22231033
2018-08-26,2018-08-27 10:45:00,0.0,0.1672906
2018-08-26,2018-08-27 11:00:00,0.0,0.055955064
2018-08-26,2018-08-27 11:15:00,0.0,-0.012354784
2018-08-26,2018-08-27 11:30:00,0.0,-0.01315836
2018-08-26,2018-08-27 11:45:00,0.0,-0.070703015
2018-08-26,2018-08-27 12:00:00,0.0,-0.08223766
2018-08-26,2018-08-27 12:15:00,0.0,-0.08979577
2018-08-26,2018-08-27 12:30:00,0.0,-0.05709421
2018-08-26,2018-08-27 12:45:00,0.0,-0.13967054
2018-08-26,2018-08-27 13:00:00,0.0,-0.15861943
2018-08-26,2018-08-27 13:15:00,0.0,-0.07468318
2018-08-26,2018-08-27 13:30:00,0.0,-0.055592198
2018-08-26,2018-08-27 13:45:00,0.0,-0.117004104
2018-08-26,2018-08-27 14:00:00,0.0,-0.16236317
2018-08-26,2018-08-27 14:15:00,0.0,-0.14266609
2018-08-26,2018-08-27 14:30:00,0.0,-0.11047083
2018-08-26,2018-08-27 14:45:00,0.0,-0.023600888
2018-08-26,2018-08-27 15:00:00,0.0,-0.18151891
2018-08-26,2018-08-27 15:15:00,0.0,-0.057174504
2018-08-26,2018-08-27 15:30:00,0.0,-0.11412213
2018-08-26,2018-08-27 15:45:00,0.0,-0.054517064
2018-08-26,2018-08-27 16:00:00,0.0,-0.13908301
2018-08-26,2018-08-27 16:15:00,0.0,-0.060697913
2018-08-26,2018-08-27 16:30:00,0.0,-0.10418447
2018-08-26,2018-08-27 16:45:00,0.0,-0.06356163
2018-08-26,2018-08-27 17:00:00,0.0,-0.07381991
2018-08-26,2018-08-27 17:15:00,0.0,-0.006453024
2018-08-26,2018-08-27 17:30:00,0.0,-0.006154986
2018-08-26,2018-08-27 17:45:00,0.0,-0.016092122
2018-08-26,2018-08-27 18:00:00,0.0,0.0011792558
2018-08-26,2018-08-27 18:15:00,0.0,0.048365597
2018-08-26,2018-08-27 18:30:00,0.0,0.038610503
2018-08-26,2018-08-27 18:45:00,0.0,0.02189313
2018-08-26,2018-08-27 19:00:00,0.0,0.04665288
2018-08-26,2018-08-27 19:15:00,0.0,-0.0032658926
2018-08-26,2018-08-27 19:30:00,0.0,0.008880539
2018-08-26,2018-08-27 19:45:00,0.0,-0.04450265
2018-08-26,2018-08-27 20:00:00,0.0,-0.07209006
2018-08-26,2018-08-27 20:15:00,0.0,-0.06529154
2018-08-26,2018-08-27 20:30:00,0.0,-0.036342278
2018-08-26,2018-08-27 20:45:00,0.0,-0.2095843
2018-08-26,2018-08-27 21:00:00,0.0,-0.18745361
2018-08-26,2018-08-27 21:15:00,0.0,-0.23244356
2018-08-26,2018-08-27 21:30:00,0.0,-0.2032405
2018-08-26,2018-08-27 21:45:00,0.0,-0.23633671
2018-08-26,2018-08-27 22:00:00,0.0035159999999999,-0.21651049
2018-08-26,2018-08-27 22:15:00,0.0,-0.108749166
2018-08-26,2018-08-27 22:30:00,0.196875,-0.0916914
2018-08-26,2018-08-27 22:45:00,0.319922,0.036981765
2018-08-26,2018-08-27 23:00:00,0.341016,0.12853414
2018-08-26,2018-08-27 23:15:00,0.551953,0.27094093
2018-08-26,2018-08-27 23:30:00,0.566016,0.54471755
2018-08-26,2018-08-27 23:45:00,0.73125,0.84729314
2018-08-27,2018-08-28 00:00:00,0.935156,1.7266349
2018-08-27,2018-08-28 00:15:00,1.873828,1.8392749
2018-08-27,2018-08-28 00:30:00,1.226953,2.0952601
2018-08-27,2018-08-28 00:45:00,1.466016,2.3260791
2018-08-27,2018-08-28 01:00:00,1.750781,2.5747373
2018-08-27,2018-08-28 01:15:00,2.742188,2.7549622
2018-08-27,2018-08-28 01:30:00,2.844141,2.954398
2018-08-27,2018-08-28 01:45:00,3.065625,3.1571553
2018-08-27,2018-08-28 02:00:00,3.258984,3.2948215
2018-08-27,2018-08-28 02:15:00,3.4066410000000005,3.3741488
2018-08-27,2018-08-28 02:30:00,3.6,3.428501
2018-08-27,2018-08-28 02:45:00,3.628125,3.4172976
2018-08-27,2018-08-28 03:00:00,3.659765,3.5331497
2018-08-27,2018-08-28 03:15:00,3.733594,3.631448
2018-08-27,2018-08-28 03:30:00,3.789844,3.674664
2018-08-27,2018-08-28 03:45:00,3.782812,3.701634
2018-08-27,2018-08-28 04:00:00,3.867188,3.6290221
2018-08-27,2018-08-28 04:15:00,3.825,3.6582744
2018-08-27,2018-08-28 04:30:00,3.786328,3.6125922
2018-08-27,2018-08-28 04:45:00,3.796875,3.6795533
2018-08-27,2018-08-28 05:00:00,3.744141,3.5506778
2018-08-27,2018-08-28 05:15:00,3.652734,3.4518764
2018-08-27,2018-08-28 05:30:00,3.628125,3.434321
2018-08-27,2018-08-28 05:45:00,3.596484,3.3865979
2018-08-27,2018-08-28 06:00:00,3.515625,3.3267756
2018-08-27,2018-08-28 06:15:00,3.434766,3.1349518
2018-08-27,2018-08-28 06:30:00,3.325781,3.019649
2018-08-27,2018-08-28 06:45:00,3.185156,2.9078655
2018-08-27,2018-08-28 07:00:00,3.016406,2.5967588
2018-08-27,2018-08-28 07:15:00,2.840625,2.4325848
2018-08-27,2018-08-28 07:30:00,2.629688,2.1756413
2018-08-27,2018-08-28 07:45:00,2.425781,2.004107
2018-08-27,2018-08-28 08:00:00,2.183203,1.815537
2018-08-27,2018-08-28 08:15:00,1.916016,1.4755515
2018-08-27,2018-08-28 08:30:00,1.6804689999999998,1.2686514
2018-08-27,2018-08-28 08:45:00,1.444922,1.057434
2018-08-27,2018-08-28 09:00:00,1.149609,0.91591036
2018-08-27,2018-08-28 09:15:00,0.924609,0.62790036
2018-08-27,2018-08-28 09:30:00,0.678516,0.48881537
2018-08-27,2018-08-28 09:45:00,0.478125,0.3755148
2018-08-27,2018-08-28 10:00:00,0.302344,0.27413017
2018-08-27,2018-08-28 10:15:00,0.161719,0.10009541
2018-08-27,2018-08-28 10:30:00,0.038672,0.05932322
2018-08-27,2018-08-28 10:45:00,0.0,0.027975883
2018-08-27,2018-08-28 11:00:00,0.0,-0.0377356
2018-08-27,2018-08-28 11:15:00,0.0,-0.006692167
2018-08-27,2018-08-28 11:30:00,0.0,-0.03256416
2018-08-27,2018-08-28 11:45:00,0.0,-0.08600469
2018-08-27,2018-08-28 12:00:00,0.0,-0.06354007
2018-08-27,2018-08-28 12:15:00,0.0,-0.09941571
2018-08-27,2018-08-28 12:30:00,0.0,-0.12413941
2018-08-27,2018-08-28 12:45:00,0.0,-0.14019087
2018-08-27,2018-08-28 13:00:00,0.0,-0.15213336
2018-08-27,2018-08-28 13:15:00,0.0,-0.10973669
2018-08-27,2018-08-28 13:30:00,0.0,-0.15399563
2018-08-27,2018-08-28 13:45:00,0.0,-0.16940948
2018-08-27,2018-08-28 14:00:00,0.0,-0.22325467
2018-08-27,2018-08-28 14:15:00,0.0,-0.21261524
2018-08-27,2018-08-28 14:30:00,0.0,-0.12663826
2018-08-27,2018-08-28 14:45:00,0.0,-0.13350832
2018-08-27,2018-08-28 15:00:00,0.0,-0.1677272
2018-08-27,2018-08-28 15:15:00,0.0,-0.08308176
2018-08-27,2018-08-28 15:30:00,0.0,-0.1759923
2018-08-27,2018-08-28 15:45:00,0.0,-0.09958659
2018-08-27,2018-08-28 16:00:00,0.0,-0.1747678
2018-08-27,2018-08-28 16:15:00,0.0,-0.062526025
2018-08-27,2018-08-28 16:30:00,0.0,-0.1520576
2018-08-27,2018-08-28 16:45:00,0.0,-0.053848904
2018-08-27,2018-08-28 17:00:00,0.0,-0.08991389
2018-08-27,2018-08-28 17:15:00,0.0,0.0011627316
2018-08-27,2018-08-28 17:30:00,0.0,0.021680422
2018-08-27,2018-08-28 17:45:00,0.0,0.08731338
2018-08-27,2018-08-28 18:00:00,0.0,0.028208917
2018-08-27,2018-08-28 18:15:00,0.0,0.06976986
2018-08-27,2018-08-28 18:30:00,0.0,0.10562434
2018-08-27,2018-08-28 18:45:00,0.0,0.06552243
2018-08-27,2018-08-28 19:00:00,0.0,0.063335866
2018-08-27,2018-08-28 19:15:00,0.0,0.04776134
2018-08-27,2018-08-28 19:30:00,0.0,0.033015694
2018-08-27,2018-08-28 19:45:00,0.0,-0.010013334
2018-08-27,2018-08-28 20:00:00,0.0,-0.021260878
2018-08-27,2018-08-28 20:15:00,0.0,-0.08660503
2018-08-27,2018-08-28 20:30:00,0.0,-0.057220936
2018-08-27,2018-08-28 20:45:00,0.0,-0.17336224
2018-08-27,2018-08-28 21:00:00,0.0,-0.21779458
2018-08-27,2018-08-28 21:15:00,0.0,-0.25504768
2018-08-27,2018-08-28 21:30:00,0.0,-0.18633305
2018-08-27,2018-08-28 21:45:00,0.0,-0.2253682
2018-08-27,2018-08-28 22:00:00,0.0,-0.20638691
2018-08-27,2018-08-28 22:15:00,0.0,-0.06917685
2018-08-27,2018-08-28 22:30:00,0.0,-0.020900322
2018-08-27,2018-08-28 22:45:00,0.217969,0.046184074
2018-08-27,2018-08-28 23:00:00,0.316406,0.14093573
2018-08-27,2018-08-28 23:15:00,0.305859,0.25646368
2018-08-27,2018-08-28 23:30:00,0.28125,0.45777324
2018-08-27,2018-08-28 23:45:00,0.400781,0.74122
2018-08-28,2018-08-29 00:00:00,0.288281,1.5502037
2018-08-28,2018-08-29 00:15:00,0.520312,1.6777945
2018-08-28,2018-08-29 00:30:00,0.759375,2.0155602
2018-08-28,2018-08-29 00:45:00,1.086328,2.3099551
2018-08-28,2018-08-29 01:00:00,1.381641,2.6325722
2018-08-28,2018-08-29 01:15:00,2.566406,2.9346685
2018-08-28,2018-08-29 01:30:00,2.387109,3.2315402
2018-08-28,2018-08-29 01:45:00,2.292187,3.5428214
2018-08-28,2018-08-29 02:00:00,2.439844,3.7801762
2018-08-28,2018-08-29 02:15:00,2.759766,3.8960538
2018-08-28,2018-08-29 02:30:00,3.782812,4.0684786
2018-08-28,2018-08-29 02:45:00,3.786328,4.1599774
2018-08-28,2018-08-29 03:00:00,3.772265,4.3339057
2018-08-28,2018-08-29 03:15:00,3.638672,4.46007
2018-08-28,2018-08-29 03:30:00,3.754687,4.600406
2018-08-28,2018-08-29 03:45:00,3.779297,4.66056
2018-08-28,2018-08-29 04:00:00,3.670312000000001,4.661179
2018-08-28,2018-08-29 04:15:00,3.614062,4.705385
2018-08-28,2018-08-29 04:30:00,3.726562,4.693361
2018-08-28,2018-08-29 04:45:00,3.294141,4.782866
2018-08-28,2018-08-29 05:00:00,3.575391,4.6188993
2018-08-28,2018-08-29 05:15:00,3.4628910000000004,4.589728
2018-08-28,2018-08-29 05:30:00,3.329297,4.571712
2018-08-28,2018-08-29 05:45:00,3.438281,4.505828
2018-08-28,2018-08-29 06:00:00,3.589453,4.469864
2018-08-28,2018-08-29 06:15:00,3.5015620000000003,4.2675953
2018-08-28,2018-08-29 06:30:00,3.375,4.088717
2018-08-28,2018-08-29 06:45:00,3.255469,3.9828234
2018-08-28,2018-08-29 07:00:00,3.086719,3.6167707
2018-08-28,2018-08-29 07:15:00,2.925,3.4099562
2018-08-28,2018-08-29 07:30:00,2.6824220000000003,3.097628
2018-08-28,2018-08-29 07:45:00,2.460938,2.896527
2018-08-28,2018-08-29 08:00:00,2.197266,2.6095617
2018-08-28,2018-08-29 08:15:00,1.982812,2.2112808
2018-08-28,2018-08-29 08:30:00,1.6945310000000002,1.9696085
2018-08-28,2018-08-29 08:45:00,1.395703,1.6741455
2018-08-28,2018-08-29 09:00:00,1.198828,1.4141723
2018-08-28,2018-08-29 09:15:00,0.949219,1.0382844
2018-08-28,2018-08-29 09:30:00,0.720703,0.79482806
2018-08-28,2018-08-29 09:45:00,0.488672,0.6726775
2018-08-28,2018-08-29 10:00:00,0.316406,0.5139895
2018-08-28,2018-08-29 10:15:00,0.172266,0.2491247
2018-08-28,2018-08-29 10:30:00,0.038672,0.15167741
2018-08-28,2018-08-29 10:45:00,0.0,0.059738297
2018-08-28,2018-08-29 11:00:00,0.0,-0.01218499
2018-08-28,2018-08-29 11:15:00,0.0,-0.035113353
2018-08-28,2018-08-29 11:30:00,0.0,-0.060997576
2018-08-28,2018-08-29 11:45:00,0.0,-0.08520346
2018-08-28,2018-08-29 12:00:00,0.0,-0.12036076
2018-08-28,2018-08-29 12:15:00,0.0,-0.11710119
2018-08-28,2018-08-29 12:30:00,0.0,-0.102163844
2018-08-28,2018-08-29 12:45:00,0.0,-0.14238898
2018-08-28,2018-08-29 13:00:00,0.0,-0.14795892
2018-08-28,2018-08-29 13:15:00,0.0,-0.1100623
2018-08-28,2018-08-29 13:30:00,0.0,-0.09887749
2018-08-28,2018-08-29 13:45:00,0.0,-0.14739367
2018-08-28,2018-08-29 14:00:00,0.0,-0.22392303
2018-08-28,2018-08-29 14:15:00,0.0,-0.14337736
2018-08-28,2018-08-29 14:30:00,0.0,-0.09151159
2018-08-28,2018-08-29 14:45:00,0.0,-0.055521235
2018-08-28,2018-08-29 15:00:00,0.0,-0.11859932
2018-08-28,2018-08-29 15:15:00,0.0,-0.046434708
2018-08-28,2018-08-29 15:30:00,0.0,-0.12039858
2018-08-28,2018-08-29 15:45:00,0.0,-0.06346238
2018-08-28,2018-08-29 16:00:00,0.0,-0.09536495
2018-08-28,2018-08-29 16:15:00,0.0,-0.011909737
2018-08-28,2018-08-29 16:30:00,0.0,-0.029833224
2018-08-28,2018-08-29 16:45:00,0.0,0.0098694945
2018-08-28,2018-08-29 17:00:00,0.0,0.027581666
2018-08-28,2018-08-29 17:15:00,0.0,0.10913394
2018-08-28,2018-08-29 17:30:00,0.0,0.12326932
2018-08-28,2018-08-29 17:45:00,0.0,0.17860927
2018-08-28,2018-08-29 18:00:00,0.0,0.11197608
2018-08-28,2018-08-29 18:15:00,0.0,0.19336545
2018-08-28,2018-08-29 18:30:00,0.0,0.17737475
2018-08-28,2018-08-29 18:45:00,0.0,0.1848698
2018-08-28,2018-08-29 19:00:00,0.0,0.1321845
2018-08-28,2018-08-29 19:15:00,0.0,0.11849018
2018-08-28,2018-08-29 19:30:00,0.0,0.10684266
2018-08-28,2018-08-29 19:45:00,0.0,0.00950931
2018-08-28,2018-08-29 20:00:00,0.0,0.063276716
2018-08-28,2018-08-29 20:15:00,0.0,0.022592282
2018-08-28,2018-08-29 20:30:00,0.0,0.03361759
2018-08-28,2018-08-29 20:45:00,0.0,-0.10226938
2018-08-28,2018-08-29 21:00:00,0.0,-0.06337755
2018-08-28,2018-08-29 21:15:00,0.0,-0.12203844
2018-08-28,2018-08-29 21:30:00,0.0,-0.10345305
2018-08-28,2018-08-29 21:45:00,0.0,-0.10551192
2018-08-28,2018-08-29 22:00:00,0.0,-0.08980111
2018-08-28,2018-08-29 22:15:00,0.0,0.011249724
2018-08-28,2018-08-29 22:30:00,0.200391,0.07062053
2018-08-28,2018-08-29 22:45:00,0.344531,0.16054861
2018-08-28,2018-08-29 23:00:00,0.464063,0.2476044
2018-08-28,2018-08-29 23:15:00,0.632812,0.36773703
2018-08-28,2018-08-29 23:30:00,0.959766,0.5665615
2018-08-28,2018-08-29 23:45:00,0.914062,0.8376318
2018-08-29,2018-08-30 00:00:00,0.935156,1.0922688
2018-08-29,2018-08-30 00:15:00,0.734766,1.2138659
2018-08-29,2018-08-30 00:30:00,1.6945310000000002,1.4287448
2018-08-29,2018-08-30 00:45:00,1.033594,1.6566321
2018-08-29,2018-08-30 01:00:00,1.374609,1.9814559
2018-08-29,2018-08-30 01:15:00,2.348438,2.2386143
2018-08-29,2018-08-30 01:30:00,1.469531,2.4795017
2018-08-29,2018-08-30 01:45:00,1.522266,2.7362587
2018-08-29,2018-08-30 02:00:00,1.437891,2.9733322
2018-08-29,2018-08-30 02:15:00,1.286719,3.1094193
2018-08-29,2018-08-30 02:30:00,1.1953120000000002,3.272035
2018-08-29,2018-08-30 02:45:00,1.223437,3.354087
2018-08-29,2018-08-30 03:00:00,1.821094,3.51379
2018-08-29,2018-08-30 03:15:00,1.409766,3.698007
2018-08-29,2018-08-30 03:30:00,0.959766,3.8237822
2018-08-29,2018-08-30 03:45:00,1.001953,3.9209082
2018-08-29,2018-08-30 04:00:00,0.998438,3.9256601
2018-08-29,2018-08-30 04:15:00,1.255078,4.0195694
2018-08-29,2018-08-30 04:30:00,1.891406,4.0198503
2018-08-29,2018-08-30 04:45:00,1.318359,4.0959506
2018-08-29,2018-08-30 05:00:00,1.244531,3.9995217
2018-08-29,2018-08-30 05:15:00,1.332422,3.9575584
2018-08-29,2018-08-30 05:30:00,1.230469,3.9490702
2018-08-29,2018-08-30 05:45:00,0.938672,3.8956416
2018-08-29,2018-08-30 06:00:00,0.977344,3.8735147
2018-08-29,2018-08-30 06:15:00,1.286719,3.734139
2018-08-29,2018-08-30 06:30:00,1.167187,3.567777
2018-08-29,2018-08-30 06:45:00,1.163672,3.504961
2018-08-29,2018-08-30 07:00:00,0.935156,3.2205799
2018-08-29,2018-08-30 07:15:00,0.892969,3.0509944
2018-08-29,2018-08-30 07:30:00,1.005469,2.8079066
2018-08-29,2018-08-30 07:45:00,1.849219,2.629835
2018-08-29,2018-08-30 08:00:00,1.089844,2.4055676
2018-08-29,2018-08-30 08:15:00,1.494141,2.067263
2018-08-29,2018-08-30 08:30:00,0.963281,1.8445734
2018-08-29,2018-08-30 08:45:00,0.537891,1.5544878
2018-08-29,2018-08-30 09:00:00,0.249609,1.3564708
2018-08-29,2018-08-30 09:15:00,0.161719,1.0378677
2018-08-29,2018-08-30 09:30:00,0.0421879999999999,0.8227043
2018-08-29,2018-08-30 09:45:00,0.052734,0.6876502
2018-08-29,2018-08-30 10:00:00,0.0105469999999999,0.5396115
2018-08-29,2018-08-30 10:15:00,0.0,0.3110324
2018-08-29,2018-08-30 10:30:00,0.0,0.19568881
2018-08-29,2018-08-30 10:45:00,0.0,0.13033445
2018-08-29,2018-08-30 11:00:00,0.0,0.009604243
2018-08-29,2018-08-30 11:15:00,0.0,0.025991017
2018-08-29,2018-08-30 11:30:00,0.0,-0.03728118
2018-08-29,2018-08-30 11:45:00,0.0,-0.08498399
2018-08-29,2018-08-30 12:00:00,0.0,-0.082572825
2018-08-29,2018-08-30 12:15:00,0.0,-0.08607812
2018-08-29,2018-08-30 12:30:00,0.0,-0.10787047
2018-08-29,2018-08-30 12:45:00,0.0,-0.10550415
2018-08-29,2018-08-30 13:00:00,0.0,-0.08099588
2018-08-29,2018-08-30 13:15:00,0.0,-0.057364568
2018-08-29,2018-08-30 13:30:00,0.0,-0.05859256
2018-08-29,2018-08-30 13:45:00,0.0,-0.08104102
2018-08-29,2018-08-30 14:00:00,0.0,-0.11906835
2018-08-29,2018-08-30 14:15:00,0.0,-0.104125254
2018-08-29,2018-08-30 14:30:00,0.0,-0.015506352
2018-08-29,2018-08-30 14:45:00,0.0,0.03459238
2018-08-29,2018-08-30 15:00:00,0.0,-0.074036114
2018-08-29,2018-08-30 15:15:00,0.0,-0.0042855972
2018-08-29,2018-08-30 15:30:00,0.0,-0.07778146
2018-08-29,2018-08-30 15:45:00,0.0,0.0073250937
2018-08-29,2018-08-30 16:00:00,0.0,-0.109667055
2018-08-29,2018-08-30 16:15:00,0.0,-0.03826922
2018-08-29,2018-08-30 16:30:00,0.0,-0.060857657
2018-08-29,2018-08-30 16:45:00,0.0,-0.052385654
2018-08-29,2018-08-30 17:00:00,0.0,-0.050393403
2018-08-29,2018-08-30 17:15:00,0.0,0.041820016
2018-08-29,2018-08-30 17:30:00,0.0,0.02954606
2018-08-29,2018-08-30 17:45:00,0.0,0.053621344
2018-08-29,2018-08-30 18:00:00,0.0,-0.010242845
2018-08-29,2018-08-30 18:15:00,0.0,0.07372278
2018-08-29,2018-08-30 18:30:00,0.0,0.063516565
2018-08-29,2018-08-30 18:45:00,0.0,0.03770596
2018-08-29,2018-08-30 19:00:00,0.0,0.059147812
2018-08-29,2018-08-30 19:15:00,0.0,0.02925722
2018-08-29,2018-08-30 19:30:00,0.0,0.03213806
2018-08-29,2018-08-30 19:45:00,0.0,-0.013880231
2018-08-29,2018-08-30 20:00:00,0.0,-0.013403057
2018-08-29,2018-08-30 20:15:00,0.0,-0.022285428
2018-08-29,2018-08-30 20:30:00,0.0,0.0049593905
2018-08-29,2018-08-30 20:45:00,0.0,-0.093897566
2018-08-29,2018-08-30 21:00:00,0.0,-0.094655015
2018-08-29,2018-08-30 21:15:00,0.0,-0.15781264
2018-08-29,2018-08-30 21:30:00,0.0,-0.08666712
2018-08-29,2018-08-30 21:45:00,0.0,-0.16903403
2018-08-29,2018-08-30 22:00:00,0.0,-0.13332686
2018-08-29,2018-08-30 22:15:00,0.0,-0.07170363
2018-08-29,2018-08-30 22:30:00,0.024609,-0.044256717
2018-08-29,2018-08-30 22:45:00,0.077344,0.065561704
2018-08-29,2018-08-30 23:00:00,0.2636719999999999,0.020309903
2018-08-29,2018-08-30 23:15:00,0.239063,0.10636866
2018-08-29,2018-08-30 23:30:00,0.291797,0.25613305
2018-08-29,2018-08-30 23:45:00,0.309375,0.5313129
2018-08-30,2018-08-31 00:00:00,0.4113279999999999,1.6966989
2018-08-30,2018-08-31 00:15:00,0.573047,1.8691306
2018-08-30,2018-08-31 00:30:00,0.537891,2.1446009
2018-08-30,2018-08-31 00:45:00,0.481641,2.415608
2018-08-30,2018-08-31 01:00:00,1.128516,2.7630959
2018-08-30,2018-08-31 01:15:00,1.191797,3.0498922
2018-08-30,2018-08-31 01:30:00,1.276172,3.2557852
2018-08-30,2018-08-31 01:45:00,0.569531,3.5674438
2018-08-30,2018-08-31 02:00:00,0.467578,3.8227222
2018-08-30,2018-08-31 02:15:00,0.485156,3.891685
2018-08-30,2018-08-31 02:30:00,0.966797,4.0635705
2018-08-30,2018-08-31 02:45:00,1.817578,4.1115313
2018-08-30,2018-08-31 03:00:00,2.091797,4.267336
2018-08-30,2018-08-31 03:15:00,1.7226560000000002,4.3793383
2018-08-30,2018-08-31 03:30:00,1.093359,4.4851613
2018-08-30,2018-08-31 03:45:00,1.146094,4.6030364
2018-08-30,2018-08-31 04:00:00,1.364062,4.530071
2018-08-30,2018-08-31 04:15:00,1.374609,4.6254835
2018-08-30,2018-08-31 04:30:00,1.132031,4.59302
2018-08-30,2018-08-31 04:45:00,0.580078,4.626199
2018-08-30,2018-08-31 05:00:00,0.7875,4.549821
2018-08-30,2018-08-31 05:15:00,0.710156,4.4869723
2018-08-30,2018-08-31 05:30:00,0.555469,4.4476037
2018-08-30,2018-08-31 05:45:00,0.632812,4.385187
2018-08-30,2018-08-31 06:00:00,1.110937,4.3245244
2018-08-30,2018-08-31 06:15:00,1.082812,4.1593275
2018-08-30,2018-08-31 06:30:00,0.921094,3.9900744
2018-08-30,2018-08-31 06:45:00,0.840234,3.90443
2018-08-30,2018-08-31 07:00:00,0.639844,3.580238
2018-08-30,2018-08-31 07:15:00,0.762891,3.3590264
2018-08-30,2018-08-31 07:30:00,0.878906,3.0786731
2018-08-30,2018-08-31 07:45:00,0.629297,2.8856878
2018-08-30,2018-08-31 08:00:00,0.446484,2.6746626
2018-08-30,2018-08-31 08:15:00,0.362109,2.275217
2018-08-30,2018-08-31 08:30:00,0.379687,1.9854841
2018-08-30,2018-08-31 08:45:00,0.428906,1.753676
2018-08-30,2018-08-31 09:00:00,0.302344,1.469404
2018-08-30,2018-08-31 09:15:00,0.214453,1.1775038
2018-08-30,2018-08-31 09:30:00,0.189844,0.918937
2018-08-30,2018-08-31 09:45:00,0.049219,0.7662936
2018-08-30,2018-08-31 10:00:00,0.049219,0.6138689
2018-08-30,2018-08-31 10:15:00,0.0105469999999999,0.33633608
2018-08-30,2018-08-31 10:30:00,0.0,0.20676911
2018-08-30,2018-08-31 10:45:00,0.0,0.134613
2018-08-30,2018-08-31 11:00:00,0.0,0.07666295
2018-08-30,2018-08-31 11:15:00,0.0,0.008871342
2018-08-30,2018-08-31 11:30:00,0.0,-0.02503493
2018-08-30,2018-08-31 11:45:00,0.0,-0.08373346
2018-08-30,2018-08-31 12:00:00,0.0,-0.08687554
2018-08-30,2018-08-31 12:15:00,0.0,-0.06374459
2018-08-30,2018-08-31 12:30:00,0.0,-0.09133891
2018-08-30,2018-08-31 12:45:00,0.0,-0.1219583
2018-08-30,2018-08-31 13:00:00,0.0,-0.14012367
2018-08-30,2018-08-31 13:15:00,0.0,-0.069716215
2018-08-30,2018-08-31 13:30:00,0.0,-0.061608437
2018-08-30,2018-08-31 13:45:00,0.0,-0.06280088
2018-08-30,2018-08-31 14:00:00,0.0,-0.09797589
2018-08-30,2018-08-31 14:15:00,0.0,-0.07857672
2018-08-30,2018-08-31 14:30:00,0.0,-0.024527954
2018-08-30,2018-08-31 14:45:00,0.0,0.05745282
2018-08-30,2018-08-31 15:00:00,0.0,-0.1124465
2018-08-30,2018-08-31 15:15:00,0.0,-0.024363251
2018-08-30,2018-08-31 15:30:00,0.0,-0.04498719
2018-08-30,2018-08-31 15:45:00,0.0,-0.026208114
2018-08-30,2018-08-31 16:00:00,0.0,-0.14611265
2018-08-30,2018-08-31 16:15:00,0.0,-0.03885894
2018-08-30,2018-08-31 16:30:00,0.0,-0.04253838
2018-08-30,2018-08-31 16:45:00,0.0,-0.046809964
2018-08-30,2018-08-31 17:00:00,0.0,-0.050677214
2018-08-30,2018-08-31 17:15:00,0.0,0.03822089
2018-08-30,2018-08-31 17:30:00,0.0,0.009056537
2018-08-30,2018-08-31 17:45:00,0.0,0.099812105
2018-08-30,2018-08-31 18:00:00,0.0,0.073327504
2018-08-30,2018-08-31 18:15:00,0.0,0.06469266
2018-08-30,2018-08-31 18:30:00,0.0,0.11722844
2018-08-30,2018-08-31 18:45:00,0.0,0.12599677
2018-08-30,2018-08-31 19:00:00,0.0,0.1364905
2018-08-30,2018-08-31 19:15:00,0.0,0.08175428
2018-08-30,2018-08-31 19:30:00,0.0,0.093321614
2018-08-30,2018-08-31 19:45:00,0.0,0.017825129
2018-08-30,2018-08-31 20:00:00,0.0,0.022461385
2018-08-30,2018-08-31 20:15:00,0.0,-0.028790424
2018-08-30,2018-08-31 20:30:00,0.0,0.019055562
2018-08-30,2018-08-31 20:45:00,0.0,-0.101345465
2018-08-30,2018-08-31 21:00:00,0.0,-0.1944435
2018-08-30,2018-08-31 21:15:00,0.0,-0.23013048
2018-08-30,2018-08-31 21:30:00,0.0,-0.16307187
2018-08-30,2018-08-31 21:45:00,0.0,-0.2429379
2018-08-30,2018-08-31 22:00:00,0.0,-0.22902985
2018-08-30,2018-08-31 22:15:00,0.0,-0.1285239
2018-08-30,2018-08-31 22:30:00,0.0,-0.1326988
2018-08-30,2018-08-31 22:45:00,0.052734,-0.02582689
2018-08-30,2018-08-31 23:00:00,0.070312,0.008579219
2018-08-30,2018-08-31 23:15:00,0.253125,0.15249838
2018-08-30,2018-08-31 23:30:00,0.457031,0.3772849
2018-08-30,2018-08-31 23:45:00,0.7910159999999999,0.68468004
2018-08-31,2018-09-01 00:00:00,0.727734,0.631248
2018-08-31,2018-09-01 00:15:00,0.534375,0.682544
2018-08-31,2018-09-01 00:30:00,2.819531,0.7385305
2018-08-31,2018-09-01 00:45:00,2.102344,0.88121915
2018-08-31,2018-09-01 01:00:00,1.402734,0.95385087
2018-08-31,2018-09-01 01:15:00,2.844141,1.0386311
2018-08-31,2018-09-01 01:30:00,3.3609370000000003,1.0957092
2018-08-31,2018-09-01 01:45:00,4.000781,1.2114745
2018-08-31,2018-09-01 02:00:00,2.647266,1.2552674
2018-08-31,2018-09-01 02:15:00,2.141016,1.2509127
2018-08-31,2018-09-01 02:30:00,2.186719,1.2623594
2018-08-31,2018-09-01 02:45:00,2.464453,1.2766969
2018-08-31,2018-09-01 03:00:00,3.638672,1.3060781
2018-08-31,2018-09-01 03:15:00,3.6,1.3093853
2018-08-31,2018-09-01 03:30:00,2.925,1.325838
2018-08-31,2018-09-01 03:45:00,1.863281,1.3596866
2018-08-31,2018-09-01 04:00:00,4.447266,1.3223127
2018-08-31,2018-09-01 04:15:00,4.078125,1.3352212
2018-08-31,2018-09-01 04:30:00,2.446875,1.304836
2018-08-31,2018-09-01 04:45:00,2.696484,1.3284678
2018-08-31,2018-09-01 05:00:00,2.559375,1.2574807
2018-08-31,2018-09-01 05:15:00,3.491015,1.2395643
2018-08-31,2018-09-01 05:30:00,2.436328,1.2333137
2018-08-31,2018-09-01 05:45:00,2.320312,1.2159218
2018-08-31,2018-09-01 06:00:00,2.8230470000000003,1.2020272
2018-08-31,2018-09-01 06:15:00,2.4011720000000003,1.1063993
2018-08-31,2018-09-01 06:30:00,1.18125,1.0858194
2018-08-31,2018-09-01 06:45:00,0.513281,1.0501475
2018-08-31,2018-09-01 07:00:00,0.119531,0.9678855
2018-08-31,2018-09-01 07:15:00,0.203906,0.90775
2018-08-31,2018-09-01 07:30:00,0.365625,0.8044467
2018-08-31,2018-09-01 07:45:00,0.664453,0.75774634
2018-08-31,2018-09-01 08:00:00,0.372656,0.6910385
2018-08-31,2018-09-01 08:15:00,0.365625,0.5546534
2018-08-31,2018-09-01 08:30:00,0.246094,0.50688785
2018-08-31,2018-09-01 08:45:00,0.446484,0.41628906
2018-08-31,2018-09-01 09:00:00,0.348047,0.3709527
2018-08-31,2018-09-01 09:15:00,0.217969,0.21917948
2018-08-31,2018-09-01 09:30:00,0.316406,0.16945568
2018-08-31,2018-09-01 09:45:00,0.16875,0.16387285
2018-08-31,2018-09-01 10:00:00,0.130078,0.106347956
2018-08-31,2018-09-01 10:15:00,0.007031,0.017567901
2018-08-31,2018-09-01 10:30:00,0.024609,0.0128013315
2018-08-31,2018-09-01 10:45:00,0.0,-0.022465644
2018-08-31,2018-09-01 11:00:00,0.0,-0.047298856
2018-08-31,2018-09-01 11:15:00,0.0,-0.022648247
2018-08-31,2018-09-01 11:30:00,0.0,-0.06810059
2018-08-31,2018-09-01 11:45:00,0.0,-0.10247817
2018-08-31,2018-09-01 12:00:00,0.0,-0.11960726
2018-08-31,2018-09-01 12:15:00,0.0,-0.063388765
2018-08-31,2018-09-01 12:30:00,0.0,-0.09035934
2018-08-31,2018-09-01 12:45:00,0.0,-0.08703348
2018-08-31,2018-09-01 13:00:00,0.0,-0.115627
2018-08-31,2018-09-01 13:15:00,0.0,-0.06753817
2018-08-31,2018-09-01 13:30:00,0.0,-0.13168125
2018-08-31,2018-09-01 13:45:00,0.0,-0.11090309
2018-08-31,2018-09-01 14:00:00,0.0,-0.09349663
2018-08-31,2018-09-01 14:15:00,0.0,-0.100363865
2018-08-31,2018-09-01 14:30:00,0.0,-0.06907702
2018-08-31,2018-09-01 14:45:00,0.0,-0.08649277
2018-08-31,2018-09-01 15:00:00,0.0,-0.10840879
2018-08-31,2018-09-01 15:15:00,0.0,-0.091504835
2018-08-31,2018-09-01 15:30:00,0.0,-0.10547102
2018-08-31,2018-09-01 15:45:00,0.0,-0.1036376
2018-08-31,2018-09-01 16:00:00,0.0,-0.14774454
2018-08-31,2018-09-01 16:15:00,0.0,-0.07448702
2018-08-31,2018-09-01 16:30:00,0.0,-0.1298885
2018-08-31,2018-09-01 16:45:00,0.0,-0.11239303
2018-08-31,2018-09-01 17:00:00,0.0,-0.09021021
2018-08-31,2018-09-01 17:15:00,0.0,-0.05771722
2018-08-31,2018-09-01 17:30:00,0.0,-0.046935678
2018-08-31,2018-09-01 17:45:00,0.0,-0.009282142
2018-08-31,2018-09-01 18:00:00,0.0,-0.050860506
2018-08-31,2018-09-01 18:15:00,0.0,-0.039313443
2018-08-31,2018-09-01 18:30:00,0.0,0.011678794
2018-08-31,2018-09-01 18:45:00,0.0,-0.012749761
2018-08-31,2018-09-01 19:00:00,0.0,-0.023051044
2018-08-31,2018-09-01 19:15:00,0.0,-0.018729901
2018-08-31,2018-09-01 19:30:00,0.0,-0.03487813
2018-08-31,2018-09-01 19:45:00,0.0,-0.053351182
2018-08-31,2018-09-01 20:00:00,0.0,-0.043536305
2018-08-31,2018-09-01 20:15:00,0.0,-0.09091023
2018-08-31,2018-09-01 20:30:00,0.0,-0.059326287
2018-08-31,2018-09-01 20:45:00,0.0,-0.10764888
2018-08-31,2018-09-01 21:00:00,0.0,-0.14724268
2018-08-31,2018-09-01 21:15:00,0.0,-0.10984834
2018-08-31,2018-09-01 21:30:00,0.0,-0.041404773
2018-08-31,2018-09-01 21:45:00,0.0,-0.07176123
2018-08-31,2018-09-01 22:00:00,0.0,-0.021843528
2018-08-31,2018-09-01 22:15:00,0.0,0.056846716
2018-08-31,2018-09-01 22:30:00,0.0632809999999999,0.02274999
2018-08-31,2018-09-01 22:45:00,0.0,0.118273765
2018-08-31,2018-09-01 23:00:00,0.098438,0.14965576
2018-08-31,2018-09-01 23:15:00,0.098438,0.20003654
2018-08-31,2018-09-01 23:30:00,0.105469,0.2951866
2018-08-31,2018-09-01 23:45:00,0.39375,0.38864467
2018-11-24,2018-11-25 00:00:00,0.274219,0.5127807
2018-11-24,2018-11-25 00:15:00,0.481641,0.5870578
2018-11-24,2018-11-25 00:30:00,0.706641,0.76015323
2018-11-24,2018-11-25 00:45:00,0.921094,0.92961407
2018-11-24,2018-11-25 01:00:00,1.103906,1.1333194
2018-11-24,2018-11-25 01:15:00,1.255078,1.2812045
2018-11-24,2018-11-25 01:30:00,1.483594,1.4682851
2018-11-24,2018-11-25 01:45:00,1.6875,1.6674324
2018-11-24,2018-11-25 02:00:00,1.877344,1.8440374
2018-11-24,2018-11-25 02:15:00,2.11289,1.9598448
2018-11-24,2018-11-25 02:30:00,2.316797,2.104194
2018-11-24,2018-11-25 02:45:00,2.499609,2.2060833
2018-11-24,2018-11-25 03:00:00,2.5875,2.3212683
2018-11-24,2018-11-25 03:15:00,2.636719,2.4193008
2018-11-24,2018-11-25 03:30:00,2.752734,2.5281157
2018-11-24,2018-11-25 03:45:00,2.770312,2.610345
2018-11-24,2018-11-25 04:00:00,2.7914060000000003,2.588338
2018-11-24,2018-11-25 04:15:00,2.75625,2.63733
2018-11-24,2018-11-25 04:30:00,2.75625,2.5888355
2018-11-24,2018-11-25 04:45:00,2.654297,2.5591404
2018-11-24,2018-11-25 05:00:00,2.559375,2.493266
2018-11-24,2018-11-25 05:15:00,2.4011720000000003,2.3957925
2018-11-24,2018-11-25 05:30:00,2.2289060000000003,2.3249123
2018-11-24,2018-11-25 05:45:00,2.116406,2.2025845
2018-11-24,2018-11-25 06:00:00,2.003906,2.1029978
2018-11-24,2018-11-25 06:15:00,1.768359,1.918352
2018-11-24,2018-11-25 06:30:00,1.606641,1.7300129
2018-11-24,2018-11-25 06:45:00,1.409766,1.585223
2018-11-24,2018-11-25 07:00:00,1.184766,1.3243315
2018-11-24,2018-11-25 07:15:00,1.005469,1.2282542
2018-11-24,2018-11-25 07:30:00,0.7875,1.0023067
2018-11-24,2018-11-25 07:45:00,0.5976560000000001,0.8665988
2018-11-24,2018-11-25 08:00:00,0.418359,0.71044135
2018-11-24,2018-11-25 08:15:00,0.256641,0.5585417
2018-11-24,2018-11-25 08:30:00,0.1371089999999999,0.42074493
2018-11-24,2018-11-25 08:45:00,0.028125,0.32105497
2018-11-24,2018-11-25 09:00:00,0.0,0.20187478
2018-11-24,2018-11-25 09:15:00,0.0,0.11934043
2018-11-24,2018-11-25 09:30:00,0.0,0.04309382
2018-11-24,2018-11-25 09:45:00,0.0,0.07104744
2018-11-24,2018-11-25 10:00:00,0.0,-0.025806984
2018-11-24,2018-11-25 10:15:00,0.0,-0.04569833
2018-11-24,2018-11-25 10:30:00,0.0,-0.0008968582
2018-11-24,2018-11-25 10:45:00,0.0,-0.048373125
2018-11-24,2018-11-25 11:00:00,0.0,-0.030678248
2018-11-24,2018-11-25 11:15:00,0.0,-0.032354664
2018-11-24,2018-11-25 11:30:00,0.0,0.019208794
2018-11-24,2018-11-25 11:45:00,0.0,-0.015679203
2018-11-24,2018-11-25 12:00:00,0.0,-0.03154494
2018-11-24,2018-11-25 12:15:00,0.0,0.026393073
2018-11-24,2018-11-25 12:30:00,0.0,-0.028371334
2018-11-24,2018-11-25 12:45:00,0.0,-0.011941207
2018-11-24,2018-11-25 13:00:00,0.0,-0.0646166
2018-11-24,2018-11-25 13:15:00,0.0,-0.047755722
2018-11-24,2018-11-25 13:30:00,0.0,-0.053909414
2018-11-24,2018-11-25 13:45:00,0.0,-0.08468053
2018-11-24,2018-11-25 14:00:00,0.0,-0.121097244
2018-11-24,2018-11-25 14:15:00,0.0,-0.12012265
2018-11-24,2018-11-25 14:30:00,0.0,-0.14924565
2018-11-24,2018-11-25 14:45:00,0.0,-0.1507241
2018-11-24,2018-11-25 15:00:00,0.0,-0.13104163
2018-11-24,2018-11-25 15:15:00,0.0,-0.12676427
2018-11-24,2018-11-25 15:30:00,0.0,-0.11830197
2018-11-24,2018-11-25 15:45:00,0.0,-0.076384306
2018-11-24,2018-11-25 16:00:00,0.0,-0.10615989
2018-11-24,2018-11-25 16:15:00,0.0,-0.06104566
2018-11-24,2018-11-25 16:30:00,0.0,-0.07461427
2018-11-24,2018-11-25 16:45:00,0.0,-0.04195761
2018-11-24,2018-11-25 17:00:00,0.0,-0.030603139
2018-11-24,2018-11-25 17:15:00,0.0,0.022804689
2018-11-24,2018-11-25 17:30:00,0.0,-0.004311203
2018-11-24,2018-11-25 17:45:00,0.0,0.026758833
2018-11-24,2018-11-25 18:00:00,0.0,0.007218798
2018-11-24,2018-11-25 18:15:00,0.0,0.033547785
2018-11-24,2018-11-25 18:30:00,0.0,0.03096027
2018-11-24,2018-11-25 18:45:00,0.0,0.026262736
2018-11-24,2018-11-25 19:00:00,0.0,0.017950466
2018-11-24,2018-11-25 19:15:00,0.0,-0.0036209752
2018-11-24,2018-11-25 19:30:00,0.0,-0.0022903827
2018-11-24,2018-11-25 19:45:00,0.0,-0.10010441
2018-11-24,2018-11-25 20:00:00,0.0,-0.07576254
2018-11-24,2018-11-25 20:15:00,0.0,-0.13243318
2018-11-24,2018-11-25 20:30:00,0.0,-0.120552406
2018-11-24,2018-11-25 20:45:00,0.0,-0.19124053
2018-11-24,2018-11-25 21:00:00,0.0,-0.19280873
2018-11-24,2018-11-25 21:15:00,0.0,-0.24549492
2018-11-24,2018-11-25 21:30:00,0.0,-0.23089427
2018-11-24,2018-11-25 21:45:00,0.0,-0.22695783
2018-11-24,2018-11-25 22:00:00,0.0,-0.24582481
2018-11-24,2018-11-25 22:15:00,0.0,-0.19553305
2018-11-24,2018-11-25 22:30:00,0.0,-0.22832273
2018-11-24,2018-11-25 22:45:00,0.0,-0.14766282
2018-11-24,2018-11-25 23:00:00,0.0,-0.13125977
2018-11-24,2018-11-25 23:15:00,0.0,-0.08370937
2018-11-24,2018-11-25 23:30:00,0.0,0.02307102
2018-11-24,2018-11-25 23:45:00,0.098438,0.15328659
2018-11-25,2018-11-26 00:00:00,0.225,0.5718132
2018-11-25,2018-11-26 00:15:00,0.355078,0.61735064
2018-11-25,2018-11-26 00:30:00,0.537891,0.7909062
2018-11-25,2018-11-26 00:45:00,0.734766,0.96638644
2018-11-25,2018-11-26 01:00:00,1.177734,1.1763816
2018-11-25,2018-11-26 01:15:00,1.209375,1.3349617
2018-11-25,2018-11-26 01:30:00,1.167187,1.5252872
2018-11-25,2018-11-26 01:45:00,1.360547,1.7337418
2018-11-25,2018-11-26 02:00:00,1.483594,1.9361879
2018-11-25,2018-11-26 02:15:00,1.233984,2.0601153
2018-11-25,2018-11-26 02:30:00,1.986328,2.1571505
2018-11-25,2018-11-26 02:45:00,1.944141,2.264329
2018-11-25,2018-11-26 03:00:00,2.010937,2.3737895
2018-11-25,2018-11-26 03:15:00,2.1199220000000003,2.522728
2018-11-25,2018-11-26 03:30:00,2.130469,2.634186
2018-11-25,2018-11-26 03:45:00,2.320312,2.6798584
2018-11-25,2018-11-26 04:00:00,2.278125,2.6592135
2018-11-25,2018-11-26 04:15:00,2.366016,2.6964161
2018-11-25,2018-11-26 04:30:00,2.144531,2.6864102
2018-11-25,2018-11-26 04:45:00,2.583984,2.637552
2018-11-25,2018-11-26 05:00:00,2.467969,2.529798
2018-11-25,2018-11-26 05:15:00,2.334375,2.4239597
2018-11-25,2018-11-26 05:30:00,1.982812,2.3507717
2018-11-25,2018-11-26 05:45:00,1.972266,2.2178035
2018-11-25,2018-11-26 06:00:00,1.7226560000000002,2.1118848
2018-11-25,2018-11-26 06:15:00,1.666406,1.8951912
2018-11-25,2018-11-26 06:30:00,0.773438,1.6893884
2018-11-25,2018-11-26 06:45:00,0.970312,1.5411196
2018-11-25,2018-11-26 07:00:00,0.61875,1.2767978
2018-11-25,2018-11-26 07:15:00,0.664453,1.1613461
2018-11-25,2018-11-26 07:30:00,0.474609,0.9606473
2018-11-25,2018-11-26 07:45:00,0.333984,0.8067458
2018-11-25,2018-11-26 08:00:00,0.277734,0.6456662
2018-11-25,2018-11-26 08:15:00,0.1476559999999999,0.4749443
2018-11-25,2018-11-26 08:30:00,0.0632809999999999,0.35145912
2018-11-25,2018-11-26 08:45:00,0.0,0.25932908
2018-11-25,2018-11-26 09:00:00,0.0,0.15291373
2018-11-25,2018-11-26 09:15:00,0.0,0.06463398
2018-11-25,2018-11-26 09:30:00,0.0,-0.001989186
2018-11-25,2018-11-26 09:45:00,0.0,0.013265575
2018-11-25,2018-11-26 10:00:00,0.0,-0.022128966
2018-11-25,2018-11-26 10:15:00,0.0,-0.055763863
2018-11-25,2018-11-26 10:30:00,0.0,-0.0038087305
2018-11-25,2018-11-26 10:45:00,0.0,-0.030732494
2018-11-25,2018-11-26 11:00:00,0.0,-0.029569443
2018-11-25,2018-11-26 11:15:00,0.0,-0.035279825
2018-11-25,2018-11-26 11:30:00,0.0,0.028005289
2018-11-25,2018-11-26 11:45:00,0.0,0.022006102
2018-11-25,2018-11-26 12:00:00,0.0,0.020837547
2018-11-25,2018-11-26 12:15:00,0.0,0.063055865
2018-11-25,2018-11-26 12:30:00,0.0,0.04279289
2018-11-25,2018-11-26 12:45:00,0.0,0.032000177
2018-11-25,2018-11-26 13:00:00,0.0,0.030939765
2018-11-25,2018-11-26 13:15:00,0.0,0.0019492964
2018-11-25,2018-11-26 13:30:00,0.0,-0.00042236256
2018-11-25,2018-11-26 13:45:00,0.0,-0.012882511
2018-11-25,2018-11-26 14:00:00,0.0,-0.086290196
2018-11-25,2018-11-26 14:15:00,0.0,-0.08907282
2018-11-25,2018-11-26 14:30:00,0.0,-0.055056445
2018-11-25,2018-11-26 14:45:00,0.0,-0.091136575
2018-11-25,2018-11-26 15:00:00,0.0,-0.051219486
2018-11-25,2018-11-26 15:15:00,0.0,-0.06335544
2018-11-25,2018-11-26 15:30:00,0.0,-0.09126344
2018-11-25,2018-11-26 15:45:00,0.0,-0.061978735
2018-11-25,2018-11-26 16:00:00,0.0,-0.05801708
2018-11-25,2018-11-26 16:15:00,0.0,-0.0075507904
2018-11-25,2018-11-26 16:30:00,0.0,-0.053725515
2018-11-25,2018-11-26 16:45:00,0.0,0.0071518114
2018-11-25,2018-11-26 17:00:00,0.0,-0.026175657
2018-11-25,2018-11-26 17:15:00,0.0,0.046026256
2018-11-25,2018-11-26 17:30:00,0.0,0.037409496
2018-11-25,2018-11-26 17:45:00,0.0,0.06721153
2018-11-25,2018-11-26 18:00:00,0.0,0.04236771
2018-11-25,2018-11-26 18:15:00,0.0,0.05560598
2018-11-25,2018-11-26 18:30:00,0.0,0.038514454
2018-11-25,2018-11-26 18:45:00,0.0,0.04046393
2018-11-25,2018-11-26 19:00:00,0.0,0.020786308
2018-11-25,2018-11-26 19:15:00,0.0,0.014368156
2018-11-25,2018-11-26 19:30:00,0.0,0.013692783
2018-11-25,2018-11-26 19:45:00,0.0,-0.1034086
2018-11-25,2018-11-26 20:00:00,0.0,-0.060908064
2018-11-25,2018-11-26 20:15:00,0.0,-0.1253714
2018-11-25,2018-11-26 20:30:00,0.0,-0.1132919
2018-11-25,2018-11-26 20:45:00,0.0,-0.20374873
2018-11-25,2018-11-26 21:00:00,0.0,-0.16553603
2018-11-25,2018-11-26 21:15:00,0.0,-0.22715797
2018-11-25,2018-11-26 21:30:00,0.0,-0.1945929
2018-11-25,2018-11-26 21:45:00,0.0,-0.20724604
2018-11-25,2018-11-26 22:00:00,0.0,-0.20029368
2018-11-25,2018-11-26 22:15:00,0.0,-0.1335284
2018-11-25,2018-11-26 22:30:00,0.0,-0.1638217
2018-11-25,2018-11-26 22:45:00,0.0,-0.0844181
2018-11-25,2018-11-26 23:00:00,0.0,-0.11987963
2018-11-25,2018-11-26 23:15:00,0.0,-0.049219705
2018-11-25,2018-11-26 23:30:00,0.0,0.056209363
2018-11-25,2018-11-26 23:45:00,0.0035159999999999,0.21189174
2018-11-26,2018-11-27 00:00:00,0.225,0.49907535
2018-11-26,2018-11-27 00:15:00,0.383203,0.55746204
2018-11-26,2018-11-27 00:30:00,0.502734,0.71415913
2018-11-26,2018-11-27 00:45:00,0.766406,0.88462275
2018-11-26,2018-11-27 01:00:00,0.903516,1.1065197
2018-11-26,2018-11-27 01:15:00,1.321875,1.2793705
2018-11-26,2018-11-27 01:30:00,1.040625,1.4538074
2018-11-26,2018-11-27 01:45:00,1.469531,1.6585189
2018-11-26,2018-11-27 02:00:00,1.494141,1.8483766
2018-11-26,2018-11-27 02:15:00,1.778906,1.9773941
2018-11-26,2018-11-27 02:30:00,1.835156,2.0877697
2018-11-26,2018-11-27 02:45:00,2.0882810000000003,2.1895607
2018-11-26,2018-11-27 03:00:00,2.046094,2.2963462
2018-11-26,2018-11-27 03:15:00,2.165625,2.449411
2018-11-26,2018-11-27 03:30:00,2.239453,2.5600204
2018-11-26,2018-11-27 03:45:00,2.334375,2.5940259
2018-11-26,2018-11-27 04:00:00,2.411719,2.5854487
2018-11-26,2018-11-27 04:15:00,2.527734,2.6380305
2018-11-26,2018-11-27 04:30:00,2.517187,2.6179142
2018-11-26,2018-11-27 04:45:00,2.608594,2.5783265
2018-11-26,2018-11-27 05:00:00,2.598047,2.4735143
2018-11-26,2018-11-27 05:15:00,2.520703,2.3708184
2018-11-26,2018-11-27 05:30:00,2.1375,2.295908
2018-11-26,2018-11-27 05:45:00,1.835156,2.1681907
2018-11-26,2018-11-27 06:00:00,1.6417970000000002,2.0754647
2018-11-26,2018-11-27 06:15:00,1.473047,1.8734035
2018-11-26,2018-11-27 06:30:00,1.311328,1.6725104
2018-11-26,2018-11-27 06:45:00,1.163672,1.553306
2018-11-26,2018-11-27 07:00:00,0.935156,1.2866004
2018-11-26,2018-11-27 07:15:00,0.878906,1.1778067
2018-11-26,2018-11-27 07:30:00,0.6152340000000001,0.9857903
2018-11-26,2018-11-27 07:45:00,0.4710939999999999,0.8473445
2018-11-26,2018-11-27 08:00:00,0.362109,0.68972015
2018-11-26,2018-11-27 08:15:00,0.3375,0.51684415
2018-11-26,2018-11-27 08:30:00,0.133594,0.38859707
2018-11-26,2018-11-27 08:45:00,0.049219,0.29337192
2018-11-26,2018-11-27 09:00:00,0.0,0.20059794
2018-11-26,2018-11-27 09:15:00,0.0,0.0863873
2018-11-26,2018-11-27 09:30:00,0.0,0.020315088
2018-11-26,2018-11-27 09:45:00,0.0,0.039451767
2018-11-26,2018-11-27 10:00:00,0.0,-0.024146669
2018-11-26,2018-11-27 10:15:00,0.0,-0.054126408
2018-11-26,2018-11-27 10:30:00,0.0,-0.010024692
2018-11-26,2018-11-27 10:45:00,0.0,-0.035154235
2018-11-26,2018-11-27 11:00:00,0.0,-0.042800978
2018-11-26,2018-11-27 11:15:00,0.0,-0.03508292
2018-11-26,2018-11-27 11:30:00,0.0,0.0143468715
2018-11-26,2018-11-27 11:45:00,0.0,0.004240744
2018-11-26,2018-11-27 12:00:00,0.0,-0.0018288456
2018-11-26,2018-11-27 12:15:00,0.0,0.05027386
2018-11-26,2018-11-27 12:30:00,0.0,0.0020947768
2018-11-26,2018-11-27 12:45:00,0.0,0.016542424
2018-11-26,2018-11-27 13:00:00,0.0,0.023667324
2018-11-26,2018-11-27 13:15:00,0.0,-0.011131744
2018-11-26,2018-11-27 13:30:00,0.0,-0.007485866
2018-11-26,2018-11-27 13:45:00,0.0,-0.030073581
2018-11-26,2018-11-27 14:00:00,0.0,-0.08111617
2018-11-26,2018-11-27 14:15:00,0.0,-0.08911628
2018-11-26,2018-11-27 14:30:00,0.0,-0.05940175
2018-11-26,2018-11-27 14:45:00,0.0,-0.084699154
2018-11-26,2018-11-27 15:00:00,0.0,-0.06041305
2018-11-26,2018-11-27 15:15:00,0.0,-0.06948808
2018-11-26,2018-11-27 15:30:00,0.0,-0.09188162
2018-11-26,2018-11-27 15:45:00,0.0,-0.06389922
2018-11-26,2018-11-27 16:00:00,0.0,-0.08283123
2018-11-26,2018-11-27 16:15:00,0.0,-0.020045402
2018-11-26,2018-11-27 16:30:00,0.0,-0.075113215
2018-11-26,2018-11-27 16:45:00,0.0,-0.015804894
2018-11-26,2018-11-27 17:00:00,0.0,-0.048646957
2018-11-26,2018-11-27 17:15:00,0.0,0.025098106
2018-11-26,2018-11-27 17:30:00,0.0,0.0181279
2018-11-26,2018-11-27 17:45:00,0.0,0.039118163
2018-11-26,2018-11-27 18:00:00,0.0,0.015423819
2018-11-26,2018-11-27 18:15:00,0.0,0.03994258
2018-11-26,2018-11-27 18:30:00,0.0,0.003918952
2018-11-26,2018-11-27 18:45:00,0.0,0.011553739
2018-11-26,2018-11-27 19:00:00,0.0,0.0037409323
2018-11-26,2018-11-27 19:15:00,0.0,-0.017673029
2018-11-26,2018-11-27 19:30:00,0.0,-0.034109656
2018-11-26,2018-11-27 19:45:00,0.0,-0.12048272
2018-11-26,2018-11-27 20:00:00,0.0,-0.0868459
2018-11-26,2018-11-27 20:15:00,0.0,-0.15473852
2018-11-26,2018-11-27 20:30:00,0.0,-0.13485575
2018-11-26,2018-11-27 20:45:00,0.0,-0.22042872
2018-11-26,2018-11-27 21:00:00,0.0,-0.19573268
2018-11-26,2018-11-27 21:15:00,0.0,-0.23249984
2018-11-26,2018-11-27 21:30:00,0.0,-0.21632496
2018-11-26,2018-11-27 21:45:00,0.0,-0.23198503
2018-11-26,2018-11-27 22:00:00,0.0,-0.21973264
2018-11-26,2018-11-27 22:15:00,0.0,-0.16245979
2018-11-26,2018-11-27 22:30:00,0.0,-0.18336193
2018-11-26,2018-11-27 22:45:00,0.0,-0.10327853
2018-11-26,2018-11-27 23:00:00,0.0,-0.15103653
2018-11-26,2018-11-27 23:15:00,0.0,-0.08125008
2018-11-26,2018-11-27 23:30:00,0.014062,0.018316869
2018-11-26,2018-11-27 23:45:00,0.108984,0.17001936
2018-11-27,2018-11-28 00:00:00,0.214453,0.48954114
2018-11-27,2018-11-28 00:15:00,0.362109,0.55897987
2018-11-27,2018-11-28 00:30:00,0.5273439999999999,0.7383176
2018-11-27,2018-11-28 00:45:00,0.699609,0.928904
2018-11-27,2018-11-28 01:00:00,0.854297,1.1509151
2018-11-27,2018-11-28 01:15:00,1.040625,1.3120497
2018-11-27,2018-11-28 01:30:00,1.279688,1.5181261
2018-11-27,2018-11-28 01:45:00,1.473047,1.7391312
2018-11-27,2018-11-28 02:00:00,1.6523439999999998,1.9506493
2018-11-27,2018-11-28 02:15:00,1.821094,2.0789075
2018-11-27,2018-11-28 02:30:00,1.979297,2.2152524
2018-11-27,2018-11-28 02:45:00,2.1199220000000003,2.3435314
2018-11-27,2018-11-28 03:00:00,2.176172,2.4622161
2018-11-27,2018-11-28 03:15:00,2.323828,2.5883832
2018-11-27,2018-11-28 03:30:00,2.383594,2.7044704
2018-11-27,2018-11-28 03:45:00,2.415234,2.7872028
2018-11-27,2018-11-28 04:00:00,2.41875,2.7685795
2018-11-27,2018-11-28 04:15:00,2.482031,2.7775066
2018-11-27,2018-11-28 04:30:00,2.464453,2.7586577
2018-11-27,2018-11-28 04:45:00,2.380078,2.6827497
2018-11-27,2018-11-28 05:00:00,2.344922,2.6147594
2018-11-27,2018-11-28 05:15:00,2.19375,2.4972725
2018-11-27,2018-11-28 05:30:00,2.074219,2.4106553
2018-11-27,2018-11-28 05:45:00,1.954687,2.2678547
2018-11-27,2018-11-28 06:00:00,1.764844,2.1418588
2018-11-27,2018-11-28 06:15:00,1.606641,1.9356388
2018-11-27,2018-11-28 06:30:00,1.529297,1.71858
2018-11-27,2018-11-28 06:45:00,1.371094,1.5603142
2018-11-27,2018-11-28 07:00:00,1.160156,1.298495
2018-11-27,2018-11-28 07:15:00,0.987891,1.1628543
2018-11-27,2018-11-28 07:30:00,0.783984,0.96590245
2018-11-27,2018-11-28 07:45:00,0.576563,0.8083003
2018-11-27,2018-11-28 08:00:00,0.4253909999999999,0.6404754
2018-11-27,2018-11-28 08:15:00,0.260156,0.5063004
2018-11-27,2018-11-28 08:30:00,0.1371089999999999,0.36439598
2018-11-27,2018-11-28 08:45:00,0.038672,0.2716254
2018-11-27,2018-11-28 09:00:00,0.0,0.16207807
2018-11-27,2018-11-28 09:15:00,0.0,0.109115705
2018-11-27,2018-11-28 09:30:00,0.0,0.029918939
2018-11-27,2018-11-28 09:45:00,0.0,0.055500742
2018-11-27,2018-11-28 10:00:00,0.0,0.00066641235
2018-11-27,2018-11-28 10:15:00,0.0,-0.024115868
2018-11-27,2018-11-28 10:30:00,0.0,0.044415798
2018-11-27,2018-11-28 10:45:00,0.0,-0.015490098
2018-11-27,2018-11-28 11:00:00,0.0,0.018160079
2018-11-27,2018-11-28 11:15:00,0.0,-0.011530263
2018-11-27,2018-11-28 11:30:00,0.0,0.080785945
2018-11-27,2018-11-28 11:45:00,0.0,0.03654786
2018-11-27,2018-11-28 12:00:00,0.0,0.03819445
2018-11-27,2018-11-28 12:15:00,0.0,0.07948751
2018-11-27,2018-11-28 12:30:00,0.0,0.0505085
2018-11-27,2018-11-28 12:45:00,0.0,0.04081737
2018-11-27,2018-11-28 13:00:00,0.0,0.010156248
2018-11-27,2018-11-28 13:15:00,0.0,-0.021011742
2018-11-27,2018-11-28 13:30:00,0.0,0.0071888873
2018-11-27,2018-11-28 13:45:00,0.0,-0.007299087
2018-11-27,2018-11-28 14:00:00,0.0,-0.061198004
2018-11-27,2018-11-28 14:15:00,0.0,-0.071100235
2018-11-27,2018-11-28 14:30:00,0.0,-0.067068696
2018-11-27,2018-11-28 14:45:00,0.0,-0.07860315
2018-11-27,2018-11-28 15:00:00,0.0,-0.034162913
2018-11-27,2018-11-28 15:15:00,0.0,-0.06560798
2018-11-27,2018-11-28 15:30:00,0.0,-0.057788305
2018-11-27,2018-11-28 15:45:00,0.0,-0.018234087
2018-11-27,2018-11-28 16:00:00,0.0,-0.016772555
2018-11-27,2018-11-28 16:15:00,0.0,0.026932908
2018-11-27,2018-11-28 16:30:00,0.0,-0.0009415508
2018-11-27,2018-11-28 16:45:00,0.0,0.055011366
2018-11-27,2018-11-28 17:00:00,0.0,0.036151133
2018-11-27,2018-11-28 17:15:00,0.0,0.09886895
2018-11-27,2018-11-28 17:30:00,0.0,0.06700681
2018-11-27,2018-11-28 17:45:00,0.0,0.09335671
2018-11-27,2018-11-28 18:00:00,0.0,0.07176256
2018-11-27,2018-11-28 18:15:00,0.0,0.08630642
2018-11-27,2018-11-28 18:30:00,0.0,0.07005827
2018-11-27,2018-11-28 18:45:00,0.0,0.073843285
2018-11-27,2018-11-28 19:00:00,0.0,0.056754682
2018-11-27,2018-11-28 19:15:00,0.0,0.04274019
2018-11-27,2018-11-28 19:30:00,0.0,0.03776317
2018-11-27,2018-11-28 19:45:00,0.0,-0.10222793
2018-11-27,2018-11-28 20:00:00,0.0,-0.034535937
2018-11-27,2018-11-28 20:15:00,0.0,-0.108782314
2018-11-27,2018-11-28 20:30:00,0.0,-0.10115497
2018-11-27,2018-11-28 20:45:00,0.0,-0.18862207
2018-11-27,2018-11-28 21:00:00,0.0,-0.15229045
2018-11-27,2018-11-28 21:15:00,0.0,-0.2192766
2018-11-27,2018-11-28 21:30:00,0.0,-0.20609193
2018-11-27,2018-11-28 21:45:00,0.0,-0.19789843
2018-11-27,2018-11-28 22:00:00,0.0,-0.21497165
2018-11-27,2018-11-28 22:15:00,0.0,-0.16326502
2018-11-27,2018-11-28 22:30:00,0.0,-0.2013023
2018-11-27,2018-11-28 22:45:00,0.0,-0.098868005
2018-11-27,2018-11-28 23:00:00,0.0,-0.11501506
2018-11-27,2018-11-28 23:15:00,0.0,-0.05349167
2018-11-27,2018-11-28 23:30:00,0.0210939999999999,0.057513837
2018-11-27,2018-11-28 23:45:00,0.031641,0.1830401
2018-11-28,2018-11-29 00:00:00,0.239063,0.5318005
2018-11-28,2018-11-29 00:15:00,0.397266,0.5988918
2018-11-28,2018-11-29 00:30:00,0.583594,0.75604403
2018-11-28,2018-11-29 00:45:00,0.769922,0.9278392
2018-11-28,2018-11-29 01:00:00,0.924609,1.1302071
2018-11-28,2018-11-29 01:15:00,1.128516,1.2847503
2018-11-28,2018-11-29 01:30:00,1.332422,1.4577981
2018-11-28,2018-11-29 01:45:00,1.515234,1.6600425
2018-11-28,2018-11-29 02:00:00,1.683984,1.8370411
2018-11-28,2018-11-29 02:15:00,1.817578,1.952314
2018-11-28,2018-11-29 02:30:00,1.986328,2.0518608
2018-11-28,2018-11-29 02:45:00,2.067188,2.1568642
2018-11-28,2018-11-29 03:00:00,2.218359,2.253821
2018-11-28,2018-11-29 03:15:00,2.348438,2.37355
2018-11-28,2018-11-29 03:30:00,2.39414,2.476474
2018-11-28,2018-11-29 03:45:00,2.348438,2.5182116
2018-11-28,2018-11-29 04:00:00,2.460938,2.501436
2018-11-28,2018-11-29 04:15:00,2.436328,2.536215
2018-11-28,2018-11-29 04:30:00,2.3695310000000003,2.5068867
2018-11-28,2018-11-29 04:45:00,2.323828,2.4633875
2018-11-28,2018-11-29 05:00:00,2.25,2.378994
2018-11-28,2018-11-29 05:15:00,2.144531,2.2705464
2018-11-28,2018-11-29 05:30:00,2.091797,2.203442
2018-11-28,2018-11-29 05:45:00,1.958203,2.088102
2018-11-28,2018-11-29 06:00:00,1.824609,1.9881358
2018-11-28,2018-11-29 06:15:00,1.627734,1.7866302
2018-11-28,2018-11-29 06:30:00,1.40625,1.6077036
2018-11-28,2018-11-29 06:45:00,1.342969,1.4729648
2018-11-28,2018-11-29 07:00:00,1.06875,1.2251492
2018-11-28,2018-11-29 07:15:00,0.8964840000000001,1.115823
2018-11-28,2018-11-29 07:30:00,0.699609,0.92097443
2018-11-28,2018-11-29 07:45:00,0.5097659999999999,0.7828406
2018-11-28,2018-11-29 08:00:00,0.358594,0.63106817
2018-11-28,2018-11-29 08:15:00,0.217969,0.47803965
2018-11-28,2018-11-29 08:30:00,0.108984,0.3390744
2018-11-28,2018-11-29 08:45:00,0.0,0.25147578
2018-11-28,2018-11-29 09:00:00,0.0,0.15279624
2018-11-28,2018-11-29 09:15:00,0.0,0.06362976
2018-11-28,2018-11-29 09:30:00,0.0,-0.0147373015
2018-11-28,2018-11-29 09:45:00,0.0,0.011990751
2018-11-28,2018-11-29 10:00:00,0.0,-0.06156771
2018-11-28,2018-11-29 10:15:00,0.0,-0.08188089
2018-11-28,2018-11-29 10:30:00,0.0,-0.039509058
2018-11-28,2018-11-29 10:45:00,0.0,-0.06882403
2018-11-28,2018-11-29 11:00:00,0.0,-0.05610107
2018-11-28,2018-11-29 11:15:00,0.0,-0.058615893
2018-11-28,2018-11-29 11:30:00,0.0,-0.0007636393
2018-11-28,2018-11-29 11:45:00,0.0,-0.020174932
2018-11-28,2018-11-29 12:00:00,0.0,-0.02713441
2018-11-28,2018-11-29 12:15:00,0.0,0.03104655
2018-11-28,2018-11-29 12:30:00,0.0,-0.019992843
2018-11-28,2018-11-29 12:45:00,0.0,-0.011120802
2018-11-28,2018-11-29 13:00:00,0.0,-0.022480128
2018-11-28,2018-11-29 13:15:00,0.0,-0.03766396
2018-11-28,2018-11-29 13:30:00,0.0,-0.036931828
2018-11-28,2018-11-29 13:45:00,0.0,-0.06116336
2018-11-28,2018-11-29 14:00:00,0.0,-0.10107855
2018-11-28,2018-11-29 14:15:00,0.0,-0.10442396
2018-11-28,2018-11-29 14:30:00,0.0,-0.0968337
2018-11-28,2018-11-29 14:45:00,0.0,-0.10936607
2018-11-28,2018-11-29 15:00:00,0.0,-0.09004655
2018-11-28,2018-11-29 15:15:00,0.0,-0.09488626
2018-11-28,2018-11-29 15:30:00,0.0,-0.10599288
2018-11-28,2018-11-29 15:45:00,0.0,-0.06749416
2018-11-28,2018-11-29 16:00:00,0.0,-0.09250631
2018-11-28,2018-11-29 16:15:00,0.0,-0.032547925
2018-11-28,2018-11-29 16:30:00,0.0,-0.08104572
2018-11-28,2018-11-29 16:45:00,0.0,-0.027812805
2018-11-28,2018-11-29 17:00:00,0.0,-0.03796399
2018-11-28,2018-11-29 17:15:00,0.0,0.024118595
2018-11-28,2018-11-29 17:30:00,0.0,0.005780121
2018-11-28,2018-11-29 17:45:00,0.0,0.040116213
2018-11-28,2018-11-29 18:00:00,0.0,0.01951256
2018-11-28,2018-11-29 18:15:00,0.0,0.037729315
2018-11-28,2018-11-29 18:30:00,0.0,0.019821305
2018-11-28,2018-11-29 18:45:00,0.0,0.027918015
2018-11-28,2018-11-29 19:00:00,0.0,0.0119328275
2018-11-28,2018-11-29 19:15:00,0.0,-0.00782131
2018-11-28,2018-11-29 19:30:00,0.0,-0.013916722
2018-11-28,2018-11-29 19:45:00,0.0,-0.11243208
2018-11-28,2018-11-29 20:00:00,0.0,-0.06884827
2018-11-28,2018-11-29 20:15:00,0.0,-0.14155348
2018-11-28,2018-11-29 20:30:00,0.0,-0.12467408
2018-11-28,2018-11-29 20:45:00,0.0,-0.20961995
2018-11-28,2018-11-29 21:00:00,0.0,-0.20193608
2018-11-28,2018-11-29 21:15:00,0.0,-0.24695571
2018-11-28,2018-11-29 21:30:00,0.0,-0.22662967
2018-11-28,2018-11-29 21:45:00,0.0,-0.23548064
2018-11-28,2018-11-29 22:00:00,0.0,-0.23790571
2018-11-28,2018-11-29 22:15:00,0.0,-0.1750238
2018-11-28,2018-11-29 22:30:00,0.0,-0.20259441
2018-11-28,2018-11-29 22:45:00,0.0,-0.12137029
2018-11-28,2018-11-29 23:00:00,0.0,-0.14157732
2018-11-28,2018-11-29 23:15:00,0.0,-0.07703836
2018-11-28,2018-11-29 23:30:00,0.014062,0.027126055
2018-11-28,2018-11-29 23:45:00,0.105469,0.16943446
2018-11-29,2018-11-30 00:00:00,0.225,0.43483207
2018-11-29,2018-11-30 00:15:00,0.355078,0.49428156
2018-11-29,2018-11-30 00:30:00,0.513281,0.6385189
2018-11-29,2018-11-30 00:45:00,0.675,0.79631096
2018-11-29,2018-11-30 01:00:00,0.8261719999999999,0.9983297
2018-11-29,2018-11-30 01:15:00,0.95625,1.1572448
2018-11-29,2018-11-30 01:30:00,0.984375,1.3259659
2018-11-29,2018-11-30 01:45:00,0.917578,1.5136874
2018-11-29,2018-11-30 02:00:00,1.191797,1.6953818
2018-11-29,2018-11-30 02:15:00,1.276172,1.818971
2018-11-29,2018-11-30 02:30:00,1.599609,1.9298136
2018-11-29,2018-11-30 02:45:00,1.958203,2.026179
2018-11-29,2018-11-30 03:00:00,2.063672,2.1343372
2018-11-29,2018-11-30 03:15:00,2.214844,2.2677739
2018-11-29,2018-11-30 03:30:00,2.235937,2.373389
2018-11-29,2018-11-30 03:45:00,2.323828,2.4170053
2018-11-29,2018-11-30 04:00:00,2.323828,2.414423
2018-11-29,2018-11-30 04:15:00,2.30625,2.4627771
2018-11-29,2018-11-30 04:30:00,2.323828,2.4379416
2018-11-29,2018-11-30 04:45:00,2.017969,2.4103982
2018-11-29,2018-11-30 05:00:00,1.589062,2.314641
2018-11-29,2018-11-30 05:15:00,1.975781,2.2261145
2018-11-29,2018-11-30 05:30:00,1.6804689999999998,2.1683977
2018-11-29,2018-11-30 05:45:00,1.525781,2.0505297
2018-11-29,2018-11-30 06:00:00,1.669922,1.9603447
2018-11-29,2018-11-30 06:15:00,1.490625,1.7799443
2018-11-29,2018-11-30 06:30:00,1.416797,1.5948344
2018-11-29,2018-11-30 06:45:00,0.980859,1.4836907
2018-11-29,2018-11-30 07:00:00,0.8507809999999999,1.230985
2018-11-29,2018-11-30 07:15:00,0.573047,1.135623
2018-11-29,2018-11-30 07:30:00,0.379687,0.9416955
2018-11-29,2018-11-30 07:45:00,0.242578,0.81377405
2018-11-29,2018-11-30 08:00:00,0.246094,0.665311
2018-11-29,2018-11-30 08:15:00,0.175781,0.51203
2018-11-29,2018-11-30 08:30:00,0.035156,0.37677145
2018-11-29,2018-11-30 08:45:00,0.0105469999999999,0.28890967
2018-11-29,2018-11-30 09:00:00,0.0,0.19211127
2018-11-29,2018-11-30 09:15:00,0.0,0.09249642
2018-11-29,2018-11-30 09:30:00,0.0,0.017622486
2018-11-29,2018-11-30 09:45:00,0.0,0.042711046
2018-11-29,2018-11-30 10:00:00,0.0,-0.036145404
2018-11-29,2018-11-30 10:15:00,0.0,-0.06412072
2018-11-29,2018-11-30 10:30:00,0.0,-0.021027854
2018-11-29,2018-11-30 10:45:00,0.0,-0.05970112
2018-11-29,2018-11-30 11:00:00,0.0,-0.049526457
2018-11-29,2018-11-30 11:15:00,0.0,-0.055116277
2018-11-29,2018-11-30 11:30:00,0.0,-0.0049308483
2018-11-29,2018-11-30 11:45:00,0.0,-0.02702425
2018-11-29,2018-11-30 12:00:00,0.0,-0.026052043
2018-11-29,2018-11-30 12:15:00,0.0,0.029753106
2018-11-29,2018-11-30 12:30:00,0.0,-0.0197587
2018-11-29,2018-11-30 12:45:00,0.0,-0.006048624
2018-11-29,2018-11-30 13:00:00,0.0,-0.013220825
2018-11-29,2018-11-30 13:15:00,0.0,-0.031368997
2018-11-29,2018-11-30 13:30:00,0.0,-0.027651416
2018-11-29,2018-11-30 13:45:00,0.0,-0.052583646
2018-11-29,2018-11-30 14:00:00,0.0,-0.099339366
2018-11-29,2018-11-30 14:15:00,0.0,-0.098752186
2018-11-29,2018-11-30 14:30:00,0.0,-0.0906673
2018-11-29,2018-11-30 14:45:00,0.0,-0.11200365
2018-11-29,2018-11-30 15:00:00,0.0,-0.0890167
2018-11-29,2018-11-30 15:15:00,0.0,-0.09121501
2018-11-29,2018-11-30 15:30:00,0.0,-0.10773488
2018-11-29,2018-11-30 15:45:00,0.0,-0.07995324
2018-11-29,2018-11-30 16:00:00,0.0,-0.11197832
2018-11-29,2018-11-30 16:15:00,0.0,-0.050970774
2018-11-29,2018-11-30 16:30:00,0.0,-0.09291478
2018-11-29,2018-11-30 16:45:00,0.0,-0.044575527
2018-11-29,2018-11-30 17:00:00,0.0,-0.06490643
2018-11-29,2018-11-30 17:15:00,0.0,-0.004107192
2018-11-29,2018-11-30 17:30:00,0.0,-0.016923606
2018-11-29,2018-11-30 17:45:00,0.0,0.01207766
2018-11-29,2018-11-30 18:00:00,0.0,-0.013281307
2018-11-29,2018-11-30 18:15:00,0.0,0.015801212
2018-11-29,2018-11-30 18:30:00,0.0,-0.015289317
2018-11-29,2018-11-30 18:45:00,0.0,-0.01034857
2018-11-29,2018-11-30 19:00:00,0.0,-0.016887192
2018-11-29,2018-11-30 19:15:00,0.0,-0.039137196
2018-11-29,2018-11-30 19:30:00,0.0,-0.045088142
2018-11-29,2018-11-30 19:45:00,0.0,-0.12808633
2018-11-29,2018-11-30 20:00:00,0.0,-0.09495175
2018-11-29,2018-11-30 20:15:00,0.0,-0.16004154
2018-11-29,2018-11-30 20:30:00,0.0,-0.14261734
2018-11-29,2018-11-30 20:45:00,0.0,-0.22011344
2018-11-29,2018-11-30 21:00:00,0.0,-0.19528633
2018-11-29,2018-11-30 21:15:00,0.0,-0.23768204
2018-11-29,2018-11-30 21:30:00,0.0,-0.23139812
2018-11-29,2018-11-30 21:45:00,0.0,-0.23792501
2018-11-29,2018-11-30 22:00:00,0.0,-0.23620771
2018-11-29,2018-11-30 22:15:00,0.0,-0.18199141
2018-11-29,2018-11-30 22:30:00,0.0,-0.20123683
2018-11-29,2018-11-30 22:45:00,0.0,-0.13645345
2018-11-29,2018-11-30 23:00:00,0.0,-0.16551553
2018-11-29,2018-11-30 23:15:00,0.0,-0.10470379
2018-11-29,2018-11-30 23:30:00,0.0,-0.013770156
2018-11-29,2018-11-30 23:45:00,0.0,0.12091599
2018-11-30,2018-12-01 00:00:00,0.007031,0.47137645
2018-11-30,2018-12-01 00:15:00,0.049219,0.52399147
2018-11-30,2018-12-01 00:30:00,0.0,0.67247504
2018-11-30,2018-12-01 00:45:00,0.108984,0.8263081
2018-11-30,2018-12-01 01:00:00,0.0105469999999999,1.0257002
2018-11-30,2018-12-01 01:15:00,0.108984,1.1751534
2018-11-30,2018-12-01 01:30:00,0.1371089999999999,1.3431996
2018-11-30,2018-12-01 01:45:00,0.130078,1.5238769
2018-11-30,2018-12-01 02:00:00,0.151172,1.7030897
2018-11-30,2018-12-01 02:15:00,0.239063,1.8160404
2018-11-30,2018-12-01 02:30:00,0.165234,1.9164876
2018-11-30,2018-12-01 02:45:00,0.151172,2.013112
2018-11-30,2018-12-01 03:00:00,0.232031,2.110019
2018-11-30,2018-12-01 03:15:00,0.2355469999999999,2.2267432
2018-11-30,2018-12-01 03:30:00,0.214453,2.328354
2018-11-30,2018-12-01 03:45:00,0.305859,2.3642197
2018-11-30,2018-12-01 04:00:00,0.372656,2.3544836
2018-11-30,2018-12-01 04:15:00,0.372656,2.392048
2018-11-30,2018-12-01 04:30:00,0.569531,2.3591044
2018-11-30,2018-12-01 04:45:00,0.576563,2.3222606
2018-11-30,2018-12-01 05:00:00,0.530859,2.2262208
2018-11-30,2018-12-01 05:15:00,0.418359,2.1363053
2018-11-30,2018-12-01 05:30:00,0.5097659999999999,2.0730886
2018-11-30,2018-12-01 05:45:00,0.61875,1.9513375
2018-11-30,2018-12-01 06:00:00,0.8085939999999999,1.8592298
2018-11-30,2018-12-01 06:15:00,0.629297,1.6806787
2018-11-30,2018-12-01 06:30:00,0.446484,1.4983022
2018-11-30,2018-12-01 06:45:00,0.330469,1.3822778
2018-11-30,2018-12-01 07:00:00,0.256641,1.1375072
2018-11-30,2018-12-01 07:15:00,0.140625,1.046345
2018-11-30,2018-12-01 07:30:00,0.175781,0.8549372
2018-11-30,2018-12-01 07:45:00,0.024609,0.7304452
2018-11-30,2018-12-01 08:00:00,0.052734,0.5853742
2018-11-30,2018-12-01 08:15:00,0.0,0.44715536
2018-11-30,2018-12-01 08:30:00,0.0,0.31902042
2018-11-30,2018-12-01 08:45:00,0.0,0.23739564
2018-11-30,2018-12-01 09:00:00,0.0,0.14739256
2018-11-30,2018-12-01 09:15:00,0.0,0.05842969
2018-11-30,2018-12-01 09:30:00,0.0,-0.011426298
2018-11-30,2018-12-01 09:45:00,0.0,0.020703584
2018-11-30,2018-12-01 10:00:00,0.0,-0.05092042
2018-11-30,2018-12-01 10:15:00,0.0,-0.07656619
2018-11-30,2018-12-01 10:30:00,0.0,-0.029784381
2018-11-30,2018-12-01 10:45:00,0.0,-0.06526012
2018-11-30,2018-12-01 11:00:00,0.0,-0.053569473
2018-11-30,2018-12-01 11:15:00,0.0,-0.057174906
2018-11-30,2018-12-01 11:30:00,0.0,-0.0033205396
2018-11-30,2018-12-01 11:45:00,0.0,-0.024015369
2018-11-30,2018-12-01 12:00:00,0.0,-0.030200137
2018-11-30,2018-12-01 12:15:00,0.0,0.024512151
2018-11-30,2018-12-01 12:30:00,0.0,-0.022763671
2018-11-30,2018-12-01 12:45:00,0.0,-0.013763695
2018-11-30,2018-12-01 13:00:00,0.0,-0.026092924
2018-11-30,2018-12-01 13:15:00,0.0,-0.03964473
2018-11-30,2018-12-01 13:30:00,0.0,-0.03854404
2018-11-30,2018-12-01 13:45:00,0.0,-0.06397427
2018-11-30,2018-12-01 14:00:00,0.0,-0.11311892
2018-11-30,2018-12-01 14:15:00,0.0,-0.10669914
2018-11-30,2018-12-01 14:30:00,0.0,-0.1075538
2018-11-30,2018-12-01 14:45:00,0.0,-0.12568262
2018-11-30,2018-12-01 15:00:00,0.0,-0.09646715
2018-11-30,2018-12-01 15:15:00,0.0,-0.10340595
2018-11-30,2018-12-01 15:30:00,0.0,-0.11842587
2018-11-30,2018-12-01 15:45:00,0.0,-0.08673097
2018-11-30,2018-12-01 16:00:00,0.0,-0.11603862
2018-11-30,2018-12-01 16:15:00,0.0,-0.05992097
2018-11-30,2018-12-01 16:30:00,0.0,-0.0990453
2018-11-30,2018-12-01 16:45:00,0.0,-0.049624905
2018-11-30,2018-12-01 17:00:00,0.0,-0.06884357
2018-11-30,2018-12-01 17:15:00,0.0,-0.008435586
2018-11-30,2018-12-01 17:30:00,0.0,-0.025157196
2018-11-30,2018-12-01 17:45:00,0.0,0.00070493895
2018-11-30,2018-12-01 18:00:00,0.0,-0.020729326
2018-11-30,2018-12-01 18:15:00,0.0,0.0039444542
2018-11-30,2018-12-01 18:30:00,0.0,-0.025286417
2018-11-30,2018-12-01 18:45:00,0.0,-0.019739231
2018-11-30,2018-12-01 19:00:00,0.0,-0.029350765
2018-11-30,2018-12-01 19:15:00,0.0,-0.050292645
2018-11-30,2018-12-01 19:30:00,0.0,-0.05186917
2018-11-30,2018-12-01 19:45:00,0.0,-0.14354354
2018-11-30,2018-12-01 20:00:00,0.0,-0.10510013
2018-11-30,2018-12-01 20:15:00,0.0,-0.17268786
2018-11-30,2018-12-01 20:30:00,0.0,-0.15826727
2018-11-30,2018-12-01 20:45:00,0.0,-0.23487116
2018-11-30,2018-12-01 21:00:00,0.0,-0.2112617
2018-11-30,2018-12-01 21:15:00,0.0,-0.25697556
2018-11-30,2018-12-01 21:30:00,0.0,-0.25087056
2018-11-30,2018-12-01 21:45:00,0.0,-0.2527899
2018-11-30,2018-12-01 22:00:00,0.0,-0.25440797
2018-11-30,2018-12-01 22:15:00,0.0,-0.19747157
2018-11-30,2018-12-01 22:30:00,0.0,-0.21623054
2018-11-30,2018-12-01 22:45:00,0.0,-0.14510149
2018-11-30,2018-12-01 23:00:00,0.0,-0.1701161
2018-11-30,2018-12-01 23:15:00,0.0,-0.107495636
2018-11-30,2018-12-01 23:30:00,0.0,-0.0142609505
2018-11-30,2018-12-01 23:45:00,0.0,0.11792514
2019-02-22,2019-02-23 00:00:00,0.351562,0.2844319
2019-02-22,2019-02-23 00:15:00,0.520312,0.3212592
2019-02-22,2019-02-23 00:30:00,0.734766,0.36170483
2019-02-22,2019-02-23 00:45:00,0.994922,0.48970652
2019-02-22,2019-02-23 01:00:00,1.241016,0.56320405
2019-02-22,2019-02-23 01:15:00,1.480078,0.6788431
2019-02-22,2019-02-23 01:30:00,1.712109,0.7987206
2019-02-22,2019-02-23 01:45:00,2.003906,1.0013887
2019-02-22,2019-02-23 02:00:00,2.267578,1.1161404
2019-02-22,2019-02-23 02:15:00,2.576953,1.2141062
2019-02-22,2019-02-23 02:30:00,2.784375,1.4097025
2019-02-22,2019-02-23 02:45:00,3.005859,1.5157316
2019-02-22,2019-02-23 03:00:00,3.128906,1.6846774
2019-02-22,2019-02-23 03:15:00,3.174609,1.890965
2019-02-22,2019-02-23 03:30:00,3.364453,2.012011
2019-02-22,2019-02-23 03:45:00,3.455859,2.192386
2019-02-22,2019-02-23 04:00:00,3.533203,2.2521505
2019-02-22,2019-02-23 04:15:00,3.614062,2.4281175
2019-02-22,2019-02-23 04:30:00,3.607031,2.4649992
2019-02-22,2019-02-23 04:45:00,3.3433589999999995,2.5875273
2019-02-22,2019-02-23 05:00:00,3.4066410000000005,2.6403158
2019-02-22,2019-02-23 05:15:00,3.571875,2.618195
2019-02-22,2019-02-23 05:30:00,3.494531,2.6235292
2019-02-22,2019-02-23 05:45:00,3.290625,2.6330814
2019-02-22,2019-02-23 06:00:00,3.353906,2.6347659
2019-02-22,2019-02-23 06:15:00,3.2449220000000003,2.4740472
2019-02-22,2019-02-23 06:30:00,2.946094,2.3214073
2019-02-22,2019-02-23 06:45:00,2.960156,2.2526324
2019-02-22,2019-02-23 07:00:00,2.633203,2.0406752
2019-02-22,2019-02-23 07:15:00,2.387109,1.9126332
2019-02-22,2019-02-23 07:30:00,2.102344,1.7422252
2019-02-22,2019-02-23 07:45:00,1.919531,1.5442506
2019-02-22,2019-02-23 08:00:00,1.508203,1.3979927
2019-02-22,2019-02-23 08:15:00,1.272656,1.1529347
2019-02-22,2019-02-23 08:30:00,1.037109,0.937585
2019-02-22,2019-02-23 08:45:00,0.713672,0.8579043
2019-02-22,2019-02-23 09:00:00,0.4710939999999999,0.6614553
2019-02-22,2019-02-23 09:15:00,0.319922,0.45943275
2019-02-22,2019-02-23 09:30:00,0.186328,0.37627473
2019-02-22,2019-02-23 09:45:00,0.014062,0.3124696
2019-02-22,2019-02-23 10:00:00,0.0,0.18225409
2019-02-22,2019-02-23 10:15:00,0.0,0.13689296
2019-02-22,2019-02-23 10:30:00,0.0,0.07954869
2019-02-22,2019-02-23 10:45:00,0.0,0.032584548
2019-02-22,2019-02-23 11:00:00,0.0,-0.01864325
2019-02-22,2019-02-23 11:15:00,0.0,0.00959949
2019-02-22,2019-02-23 11:30:00,0.0,-0.04397408
2019-02-22,2019-02-23 11:45:00,0.0,-0.08170613
2019-02-22,2019-02-23 12:00:00,0.0,-0.07624109
2019-02-22,2019-02-23 12:15:00,0.0,-0.021739965
2019-02-22,2019-02-23 12:30:00,0.0,-0.09977633
2019-02-22,2019-02-23 12:45:00,0.0,-0.050812595
2019-02-22,2019-02-23 13:00:00,0.0,-0.06135123
2019-02-22,2019-02-23 13:15:00,0.0,-0.089316875
2019-02-22,2019-02-23 13:30:00,0.0,-0.094792046
2019-02-22,2019-02-23 13:45:00,0.0,-0.1143801
2019-02-22,2019-02-23 14:00:00,0.0,-0.08076324
2019-02-22,2019-02-23 14:15:00,0.0,-0.08073635
2019-02-22,2019-02-23 14:30:00,0.0,-0.04403572
2019-02-22,2019-02-23 14:45:00,0.0,-0.10486425
2019-02-22,2019-02-23 15:00:00,0.0,-0.13557918
2019-02-22,2019-02-23 15:15:00,0.0,-0.085593104
2019-02-22,2019-02-23 15:30:00,0.0,-0.06731813
2019-02-22,2019-02-23 15:45:00,0.0,-0.07039636
2019-02-22,2019-02-23 16:00:00,0.0,-0.10119219
2019-02-22,2019-02-23 16:15:00,0.0,-0.0006618653
2019-02-22,2019-02-23 16:30:00,0.0,-0.083164155
2019-02-22,2019-02-23 16:45:00,0.0,-0.042277016
2019-02-22,2019-02-23 17:00:00,0.0,-0.05262525
2019-02-22,2019-02-23 17:15:00,0.0,-0.005801292
2019-02-22,2019-02-23 17:30:00,0.0,0.0029225585
2019-02-22,2019-02-23 17:45:00,0.0,0.0845372
2019-02-22,2019-02-23 18:00:00,0.0,0.042065646
2019-02-22,2019-02-23 18:15:00,0.0,0.035170984
2019-02-22,2019-02-23 18:30:00,0.0,0.08849833
2019-02-22,2019-02-23 18:45:00,0.0,0.08753673
2019-02-22,2019-02-23 19:00:00,0.0,0.058584988
2019-02-22,2019-02-23 19:15:00,0.0,0.05736976
2019-02-22,2019-02-23 19:30:00,0.0,0.052231394
2019-02-22,2019-02-23 19:45:00,0.0,-0.0047925436
2019-02-22,2019-02-23 20:00:00,0.0,-0.0017122268
2019-02-22,2019-02-23 20:15:00,0.0,-0.04950156
2019-02-22,2019-02-23 20:30:00,0.0,-0.0027128696
2019-02-22,2019-02-23 20:45:00,0.0,-0.025498541
2019-02-22,2019-02-23 21:00:00,0.0,-0.10717205
2019-02-22,2019-02-23 21:15:00,0.0,-0.047786437
2019-02-22,2019-02-23 21:30:00,0.0,-0.040832277
2019-02-22,2019-02-23 21:45:00,0.0,-0.08081166
2019-02-22,2019-02-23 22:00:00,0.0,-0.09441374
2019-02-22,2019-02-23 22:15:00,0.0,-0.05632485
2019-02-22,2019-02-23 22:30:00,0.0,-0.08323966
2019-02-22,2019-02-23 22:45:00,0.0,-0.124277286
2019-02-22,2019-02-23 23:00:00,0.0,-0.10343453
2019-02-22,2019-02-23 23:15:00,0.035156,-0.12006733
2019-02-22,2019-02-23 23:30:00,0.133594,-0.05040262
2019-02-22,2019-02-23 23:45:00,0.228516,0.04802004
2019-02-23,2019-02-24 00:00:00,0.400781,0.48564035
2019-02-23,2019-02-24 00:15:00,0.573047,0.5637652
2019-02-23,2019-02-24 00:30:00,0.769922,0.6794823
2019-02-23,2019-02-24 00:45:00,0.95625,0.85794693
2019-02-23,2019-02-24 01:00:00,1.209375,1.008998
2019-02-23,2019-02-24 01:15:00,1.466016,1.1328567
2019-02-23,2019-02-24 01:30:00,1.613672,1.3091847
2019-02-23,2019-02-24 01:45:00,1.880859,1.4992594
2019-02-23,2019-02-24 02:00:00,2.077734,1.6749228
2019-02-23,2019-02-24 02:15:00,1.996875,1.7578148
2019-02-23,2019-02-24 02:30:00,2.358984,1.8799701
2019-02-23,2019-02-24 02:45:00,2.580469,1.9490806
2019-02-23,2019-02-24 03:00:00,2.351953,2.0745249
2019-02-23,2019-02-24 03:15:00,2.053125,2.170474
2019-02-23,2019-02-24 03:30:00,2.264062,2.260965
2019-02-23,2019-02-24 03:45:00,1.958203,2.3499875
2019-02-23,2019-02-24 04:00:00,1.497656,2.3888485
2019-02-23,2019-02-24 04:15:00,1.634766,2.4228778
2019-02-23,2019-02-24 04:30:00,2.141016,2.4267936
2019-02-23,2019-02-24 04:45:00,1.923047,2.4276187
2019-02-23,2019-02-24 05:00:00,2.489063,2.396816
2019-02-23,2019-02-24 05:15:00,2.242969,2.3909469
2019-02-23,2019-02-24 05:30:00,1.610156,2.3853564
2019-02-23,2019-02-24 05:45:00,1.996875,2.3494759
2019-02-23,2019-02-24 06:00:00,1.469531,2.3121054
2019-02-23,2019-02-24 06:15:00,1.314844,2.1847765
2019-02-23,2019-02-24 06:30:00,1.381641,2.07565
2019-02-23,2019-02-24 06:45:00,1.29375,2.013834
2019-02-23,2019-02-24 07:00:00,1.142578,1.8568513
2019-02-23,2019-02-24 07:15:00,1.163672,1.7697799
2019-02-23,2019-02-24 07:30:00,1.117969,1.5627096
2019-02-23,2019-02-24 07:45:00,1.082812,1.4629235
2019-02-23,2019-02-24 08:00:00,0.8085939999999999,1.3412124
2019-02-23,2019-02-24 08:15:00,0.6152340000000001,1.1436937
2019-02-23,2019-02-24 08:30:00,0.464063,0.9842166
2019-02-23,2019-02-24 08:45:00,0.333984,0.8731515
2019-02-23,2019-02-24 09:00:00,0.2355469999999999,0.6931619
2019-02-23,2019-02-24 09:15:00,0.16875,0.54865617
2019-02-23,2019-02-24 09:30:00,0.126563,0.41242635
2019-02-23,2019-02-24 09:45:00,0.0210939999999999,0.36114568
2019-02-23,2019-02-24 10:00:00,0.0,0.23862463
2019-02-23,2019-02-24 10:15:00,0.0,0.10606267
2019-02-23,2019-02-24 10:30:00,0.0,0.06796648
2019-02-23,2019-02-24 10:45:00,0.0,-0.02346246
2019-02-23,2019-02-24 11:00:00,0.0,-0.04284287
2019-02-23,2019-02-24 11:15:00,0.0,-0.08611492
2019-02-23,2019-02-24 11:30:00,0.0,-0.10107912
2019-02-23,2019-02-24 11:45:00,0.0,-0.14532572
2019-02-23,2019-02-24 12:00:00,0.0,-0.13675143
2019-02-23,2019-02-24 12:15:00,0.0,-0.108823605
2019-02-23,2019-02-24 12:30:00,0.0,-0.12828444
2019-02-23,2019-02-24 12:45:00,0.0,-0.10927245
2019-02-23,2019-02-24 13:00:00,0.0,-0.15056106
2019-02-23,2019-02-24 13:15:00,0.0,-0.100642905
2019-02-23,2019-02-24 13:30:00,0.0,-0.11647261
2019-02-23,2019-02-24 13:45:00,0.0,-0.102115825
2019-02-23,2019-02-24 14:00:00,0.0,-0.14101855
2019-02-23,2019-02-24 14:15:00,0.0,-0.12235902
2019-02-23,2019-02-24 14:30:00,0.0,-0.13269193
2019-02-23,2019-02-24 14:45:00,0.0,-0.11763653
2019-02-23,2019-02-24 15:00:00,0.0,-0.14470291
2019-02-23,2019-02-24 15:15:00,0.0,-0.13731667
2019-02-23,2019-02-24 15:30:00,0.0,-0.16114998
2019-02-23,2019-02-24 15:45:00,0.0,-0.15160806
2019-02-23,2019-02-24 16:00:00,0.0,-0.22171251
2019-02-23,2019-02-24 16:15:00,0.0,-0.16102424
2019-02-23,2019-02-24 16:30:00,0.0,-0.17941089
2019-02-23,2019-02-24 16:45:00,0.0,-0.19280545
2019-02-23,2019-02-24 17:00:00,0.0,-0.14819548
2019-02-23,2019-02-24 17:15:00,0.0,-0.11647129
2019-02-23,2019-02-24 17:30:00,0.0,-0.124000035
2019-02-23,2019-02-24 17:45:00,0.0,-0.072158694
2019-02-23,2019-02-24 18:00:00,0.0,-0.102440186
2019-02-23,2019-02-24 18:15:00,0.0,-0.081872925
2019-02-23,2019-02-24 18:30:00,0.0,-0.026563443
2019-02-23,2019-02-24 18:45:00,0.0,-0.012003739
2019-02-23,2019-02-24 19:00:00,0.0,-0.03280113
2019-02-23,2019-02-24 19:15:00,0.0,-0.03975134
2019-02-23,2019-02-24 19:30:00,0.0,-0.04156106
2019-02-23,2019-02-24 19:45:00,0.0,-0.0801919
2019-02-23,2019-02-24 20:00:00,0.0,-0.061016556
2019-02-23,2019-02-24 20:15:00,0.0,-0.11234797
2019-02-23,2019-02-24 20:30:00,0.0,-0.10915733
2019-02-23,2019-02-24 20:45:00,0.0,-0.15782194
2019-02-23,2019-02-24 21:00:00,0.0,-0.17093794
2019-02-23,2019-02-24 21:15:00,0.0,-0.2237998
2019-02-23,2019-02-24 21:30:00,0.0,-0.20039727
2019-02-23,2019-02-24 21:45:00,0.0,-0.21768321
2019-02-23,2019-02-24 22:00:00,0.0,-0.2290206
2019-02-23,2019-02-24 22:15:00,0.0,-0.20475738
2019-02-23,2019-02-24 22:30:00,0.0,-0.26215273
2019-02-23,2019-02-24 22:45:00,0.0,-0.18341176
2019-02-23,2019-02-24 23:00:00,0.0,-0.19761941
2019-02-23,2019-02-24 23:15:00,0.007031,-0.15210193
2019-02-23,2019-02-24 23:30:00,0.091406,-0.0668964
2019-02-23,2019-02-24 23:45:00,0.214453,0.05792017
2019-02-24,2019-02-25 00:00:00,0.267188,0.77240896
2019-02-24,2019-02-25 00:15:00,0.478125,0.8637288
2019-02-24,2019-02-25 00:30:00,0.573047,1.0411057
2019-02-24,2019-02-25 00:45:00,0.727734,1.2726045
2019-02-24,2019-02-25 01:00:00,1.008984,1.5004925
2019-02-24,2019-02-25 01:15:00,1.226953,1.7245069
2019-02-24,2019-02-25 01:30:00,1.430859,1.9425459
2019-02-24,2019-02-25 01:45:00,1.666406,2.2058644
2019-02-24,2019-02-25 02:00:00,1.85625,2.435921
2019-02-24,2019-02-25 02:15:00,2.109375,2.5786178
2019-02-24,2019-02-25 02:30:00,2.211328,2.722942
2019-02-24,2019-02-25 02:45:00,2.327344,2.8063638
2019-02-24,2019-02-25 03:00:00,2.397656,2.9768221
2019-02-24,2019-02-25 03:15:00,2.548828,3.176911
2019-02-24,2019-02-25 03:30:00,2.608594,3.306101
2019-02-24,2019-02-25 03:45:00,2.707031,3.3996384
2019-02-24,2019-02-25 04:00:00,2.742188,3.419546
2019-02-24,2019-02-25 04:15:00,2.794922,3.5049167
2019-02-24,2019-02-25 04:30:00,2.777344,3.5331357
2019-02-24,2019-02-25 04:45:00,2.707031,3.5464106
2019-02-24,2019-02-25 05:00:00,2.668359,3.45936
2019-02-24,2019-02-25 05:15:00,2.626172,3.4075541
2019-02-24,2019-02-25 05:30:00,2.288672,3.3648708
2019-02-24,2019-02-25 05:45:00,2.496094,3.2827134
2019-02-24,2019-02-25 06:00:00,2.496094,3.2110708
2019-02-24,2019-02-25 06:15:00,2.373047,3.0184119
2019-02-24,2019-02-25 06:30:00,2.246484,2.8346164
2019-02-24,2019-02-25 06:45:00,2.042578,2.7347083
2019-02-24,2019-02-25 07:00:00,1.901953,2.4114497
2019-02-24,2019-02-25 07:15:00,1.736719,2.2611423
2019-02-24,2019-02-25 07:30:00,1.469531,2.0012195
2019-02-24,2019-02-25 07:45:00,0.8578129999999999,1.8185637
2019-02-24,2019-02-25 08:00:00,1.163672,1.6264969
2019-02-24,2019-02-25 08:15:00,0.601172,1.3178346
2019-02-24,2019-02-25 08:30:00,0.6574220000000001,1.103987
2019-02-24,2019-02-25 08:45:00,0.523828,0.9350218
2019-02-24,2019-02-25 09:00:00,0.376172,0.7148609
2019-02-24,2019-02-25 09:15:00,0.151172,0.5303068
2019-02-24,2019-02-25 09:30:00,0.098438,0.34230107
2019-02-24,2019-02-25 09:45:00,0.0105469999999999,0.27374813
2019-02-24,2019-02-25 10:00:00,0.0,0.18344885
2019-02-24,2019-02-25 10:15:00,0.0,0.02632121
2019-02-24,2019-02-25 10:30:00,0.0,0.010745051
2019-02-24,2019-02-25 10:45:00,0.0,-0.039821006
2019-02-24,2019-02-25 11:00:00,0.0,-0.09561621
2019-02-24,2019-02-25 11:15:00,0.0,-0.11036216
2019-02-24,2019-02-25 11:30:00,0.0,-0.09968239
2019-02-24,2019-02-25 11:45:00,0.0,-0.103180476
2019-02-24,2019-02-25 12:00:00,0.0,-0.08362304
2019-02-24,2019-02-25 12:15:00,0.0,-0.062114272
2019-02-24,2019-02-25 12:30:00,0.0,-0.0795951
2019-02-24,2019-02-25 12:45:00,0.0,-0.06707528
2019-02-24,2019-02-25 13:00:00,0.0,-0.060298912
2019-02-24,2019-02-25 13:15:00,0.0,-0.054396
2019-02-24,2019-02-25 13:30:00,0.0,-0.05075795
2019-02-24,2019-02-25 13:45:00,0.0,-0.07925409
2019-02-24,2019-02-25 14:00:00,0.0,-0.11940851
2019-02-24,2019-02-25 14:15:00,0.0,-0.10620127
2019-02-24,2019-02-25 14:30:00,0.0,-0.068934046
2019-02-24,2019-02-25 14:45:00,0.0,-0.05467903
2019-02-24,2019-02-25 15:00:00,0.0,-0.1313967
2019-02-24,2019-02-25 15:15:00,0.0,-0.08010894
2019-02-24,2019-02-25 15:30:00,0.0,-0.14981903
2019-02-24,2019-02-25 15:45:00,0.0,-0.11189146
2019-02-24,2019-02-25 16:00:00,0.0,-0.17335546
2019-02-24,2019-02-25 16:15:00,0.0,-0.089137845
2019-02-24,2019-02-25 16:30:00,0.0,-0.17292657
2019-02-24,2019-02-25 16:45:00,0.0,-0.13234419
2019-02-24,2019-02-25 17:00:00,0.0,-0.14766823
2019-02-24,2019-02-25 17:15:00,0.0,-0.07514002
2019-02-24,2019-02-25 17:30:00,0.0,-0.09014114
2019-02-24,2019-02-25 17:45:00,0.0,-0.050997812
2019-02-24,2019-02-25 18:00:00,0.0,-0.085144326
2019-02-24,2019-02-25 18:15:00,0.0,-0.052385293
2019-02-24,2019-02-25 18:30:00,0.0,-0.034456816
2019-02-24,2019-02-25 18:45:00,0.0,-0.026665524
2019-02-24,2019-02-25 19:00:00,0.0,-0.028884346
2019-02-24,2019-02-25 19:15:00,0.0,-0.04217079
2019-02-24,2019-02-25 19:30:00,0.0,-0.04140465
2019-02-24,2019-02-25 19:45:00,0.0,-0.09770882
2019-02-24,2019-02-25 20:00:00,0.0,-0.09568848
2019-02-24,2019-02-25 20:15:00,0.0,-0.11207171
2019-02-24,2019-02-25 20:30:00,0.0,-0.09109989
2019-02-24,2019-02-25 20:45:00,0.0,-0.16493383
2019-02-24,2019-02-25 21:00:00,0.0,-0.16519691
2019-02-24,2019-02-25 21:15:00,0.0,-0.19196296
2019-02-24,2019-02-25 21:30:00,0.0,-0.15814148
2019-02-24,2019-02-25 21:45:00,0.0,-0.20709765
2019-02-24,2019-02-25 22:00:00,0.0,-0.1965248
2019-02-24,2019-02-25 22:15:00,0.0,-0.13807862
2019-02-24,2019-02-25 22:30:00,0.0,-0.17344838
2019-02-24,2019-02-25 22:45:00,0.0,-0.09053817
2019-02-24,2019-02-25 23:00:00,0.0,-0.14805983
2019-02-24,2019-02-25 23:15:00,0.0,-0.06606129
2019-02-24,2019-02-25 23:30:00,0.05625,0.040556148
2019-02-24,2019-02-25 23:45:00,0.203906,0.2683354
2019-02-25,2019-02-26 00:00:00,0.239063,0.60177714
2019-02-25,2019-02-26 00:15:00,0.2847659999999999,0.6909408
2019-02-25,2019-02-26 00:30:00,0.330469,0.8355314
2019-02-25,2019-02-26 00:45:00,0.566016,1.0181044
2019-02-25,2019-02-26 01:00:00,0.727734,1.2197845
2019-02-25,2019-02-26 01:15:00,0.805078,1.4016412
2019-02-25,2019-02-26 01:30:00,0.931641,1.5659847
2019-02-25,2019-02-26 01:45:00,1.086328,1.7705526
2019-02-25,2019-02-26 02:00:00,1.698047,1.9311544
2019-02-25,2019-02-26 02:15:00,1.501172,2.031219
2019-02-25,2019-02-26 02:30:00,1.318359,2.1494198
2019-02-25,2019-02-26 02:45:00,1.096875,2.2056108
2019-02-25,2019-02-26 03:00:00,0.980859,2.3247447
2019-02-25,2019-02-26 03:15:00,1.388672,2.4456897
2019-02-25,2019-02-26 03:30:00,1.7015619999999998,2.5279126
2019-02-25,2019-02-26 03:45:00,1.771875,2.586945
2019-02-25,2019-02-26 04:00:00,1.986328,2.5940514
2019-02-25,2019-02-26 04:15:00,1.655859,2.6454277
2019-02-25,2019-02-26 04:30:00,1.884375,2.625427
2019-02-25,2019-02-26 04:45:00,1.771875,2.6425517
2019-02-25,2019-02-26 05:00:00,2.130469,2.555995
2019-02-25,2019-02-26 05:15:00,1.905469,2.499532
2019-02-25,2019-02-26 05:30:00,1.708594,2.4709396
2019-02-25,2019-02-26 05:45:00,1.490625,2.4008567
2019-02-25,2019-02-26 06:00:00,1.571484,2.364674
2019-02-25,2019-02-26 06:15:00,1.669922,2.2046237
2019-02-25,2019-02-26 06:30:00,1.525781,2.087893
2019-02-25,2019-02-26 06:45:00,1.564453,2.019555
2019-02-25,2019-02-26 07:00:00,1.342969,1.770561
2019-02-25,2019-02-26 07:15:00,1.353516,1.6804547
2019-02-25,2019-02-26 07:30:00,1.2375,1.4798114
2019-02-25,2019-02-26 07:45:00,0.980859,1.3651496
2019-02-25,2019-02-26 08:00:00,0.931641,1.2238926
2019-02-25,2019-02-26 08:15:00,0.914062,1.005614
2019-02-25,2019-02-26 08:30:00,0.675,0.8654856
2019-02-25,2019-02-26 08:45:00,0.537891,0.718503
2019-02-25,2019-02-26 09:00:00,0.407813,0.5850339
2019-02-25,2019-02-26 09:15:00,0.2953119999999999,0.4152645
2019-02-25,2019-02-26 09:30:00,0.151172,0.2891316
2019-02-25,2019-02-26 09:45:00,0.045703,0.25104728
2019-02-25,2019-02-26 10:00:00,0.0,0.13831696
2019-02-25,2019-02-26 10:15:00,0.0,0.0329152
2019-02-25,2019-02-26 10:30:00,0.0,0.02873275
2019-02-25,2019-02-26 10:45:00,0.0,-0.031095786
2019-02-25,2019-02-26 11:00:00,0.0,-0.06894158
2019-02-25,2019-02-26 11:15:00,0.0,-0.08197844
2019-02-25,2019-02-26 11:30:00,0.0,-0.06766341
2019-02-25,2019-02-26 11:45:00,0.0,-0.1206306
2019-02-25,2019-02-26 12:00:00,0.0,-0.117479466
2019-02-25,2019-02-26 12:15:00,0.0,-0.09061313
2019-02-25,2019-02-26 12:30:00,0.0,-0.11730528
2019-02-25,2019-02-26 12:45:00,0.0,-0.0873063
2019-02-25,2019-02-26 13:00:00,0.0,-0.11801711
2019-02-25,2019-02-26 13:15:00,0.0,-0.09152744
2019-02-25,2019-02-26 13:30:00,0.0,-0.0858412
2019-02-25,2019-02-26 13:45:00,0.0,-0.12392341
2019-02-25,2019-02-26 14:00:00,0.0,-0.14029464
2019-02-25,2019-02-26 14:15:00,0.0,-0.13592425
2019-02-25,2019-02-26 14:30:00,0.0,-0.12278052
2019-02-25,2019-02-26 14:45:00,0.0,-0.126423
2019-02-25,2019-02-26 15:00:00,0.0,-0.1520541
2019-02-25,2019-02-26 15:15:00,0.0,-0.109651655
2019-02-25,2019-02-26 15:30:00,0.0,-0.15037578
2019-02-25,2019-02-26 15:45:00,0.0,-0.1156317
2019-02-25,2019-02-26 16:00:00,0.0,-0.19208178
2019-02-25,2019-02-26 16:15:00,0.0,-0.11440711
2019-02-25,2019-02-26 16:30:00,0.0,-0.15960638
2019-02-25,2019-02-26 16:45:00,0.0,-0.12820792
2019-02-25,2019-02-26 17:00:00,0.0,-0.13048527
2019-02-25,2019-02-26 17:15:00,0.0,-0.08047346
2019-02-25,2019-02-26 17:30:00,0.0,-0.06560712
2019-02-25,2019-02-26 17:45:00,0.0,-0.033782832
2019-02-25,2019-02-26 18:00:00,0.0,-0.0772731
2019-02-25,2019-02-26 18:15:00,0.0,-0.02184857
2019-02-25,2019-02-26 18:30:00,0.0,-0.031803302
2019-02-25,2019-02-26 18:45:00,0.0,-0.035399873
2019-02-25,2019-02-26 19:00:00,0.0,-0.03400235
2019-02-25,2019-02-26 19:15:00,0.0,-0.05557691
2019-02-25,2019-02-26 19:30:00,0.0,-0.07400786
2019-02-25,2019-02-26 19:45:00,0.0,-0.10679649
2019-02-25,2019-02-26 20:00:00,0.0,-0.10135727
2019-02-25,2019-02-26 20:15:00,0.0,-0.1502892
2019-02-25,2019-02-26 20:30:00,0.0,-0.12778519
2019-02-25,2019-02-26 20:45:00,0.0,-0.21357206
2019-02-25,2019-02-26 21:00:00,0.0,-0.2235357
2019-02-25,2019-02-26 21:15:00,0.0,-0.24806173
2019-02-25,2019-02-26 21:30:00,0.0,-0.24090822
2019-02-25,2019-02-26 21:45:00,0.0,-0.23935571
2019-02-25,2019-02-26 22:00:00,0.0,-0.242863
2019-02-25,2019-02-26 22:15:00,0.0,-0.18978636
2019-02-25,2019-02-26 22:30:00,0.0,-0.20268573
2019-02-25,2019-02-26 22:45:00,0.0,-0.12304157
2019-02-25,2019-02-26 23:00:00,0.0,-0.11929312
2019-02-25,2019-02-26 23:15:00,0.0,-0.059453003
2019-02-25,2019-02-26 23:30:00,0.123047,0.06604322
2019-02-25,2019-02-26 23:45:00,0.2074219999999999,0.21119231
2019-02-26,2019-02-27 00:00:00,0.253125,0.53036606
2019-02-26,2019-02-27 00:15:00,0.467578,0.56747603
2019-02-26,2019-02-27 00:30:00,0.689062,0.67563796
2019-02-26,2019-02-27 00:45:00,0.460547,0.83702564
2019-02-26,2019-02-27 01:00:00,0.537891,0.95975006
2019-02-26,2019-02-27 01:15:00,0.6574220000000001,1.104537
2019-02-26,2019-02-27 01:30:00,0.8578129999999999,1.2482474
2019-02-26,2019-02-27 01:45:00,1.058203,1.4041786
2019-02-26,2019-02-27 02:00:00,1.6523439999999998,1.5576547
2019-02-26,2019-02-27 02:15:00,1.620703,1.6288855
2019-02-26,2019-02-27 02:30:00,2.133984,1.7017231
2019-02-26,2019-02-27 02:45:00,2.172656,1.7582242
2019-02-26,2019-02-27 03:00:00,2.475,1.8492136
2019-02-26,2019-02-27 03:15:00,2.671875,1.9644082
2019-02-26,2019-02-27 03:30:00,2.390625,2.0451233
2019-02-26,2019-02-27 03:45:00,2.594531,2.0855503
2019-02-26,2019-02-27 04:00:00,2.949609,2.0868132
2019-02-26,2019-02-27 04:15:00,3.033984,2.131444
2019-02-26,2019-02-27 04:30:00,2.735156,2.1407359
2019-02-26,2019-02-27 04:45:00,3.009375,2.136603
2019-02-26,2019-02-27 05:00:00,2.225391,2.0624235
2019-02-26,2019-02-27 05:15:00,3.209765,2.008792
2019-02-26,2019-02-27 05:30:00,3.005859,1.9841121
2019-02-26,2019-02-27 05:45:00,2.903906,1.9305235
2019-02-26,2019-02-27 06:00:00,2.925,1.8997293
2019-02-26,2019-02-27 06:15:00,2.851172,1.7333962
2019-02-26,2019-02-27 06:30:00,2.664844,1.6090276
2019-02-26,2019-02-27 06:45:00,2.545312,1.5524496
2019-02-26,2019-02-27 07:00:00,2.373047,1.3631002
2019-02-26,2019-02-27 07:15:00,2.176172,1.2833347
2019-02-26,2019-02-27 07:30:00,1.986328,1.1081913
2019-02-26,2019-02-27 07:45:00,1.838672,0.98719525
2019-02-26,2019-02-27 08:00:00,1.546875,0.8769468
2019-02-26,2019-02-27 08:15:00,1.328906,0.6949275
2019-02-26,2019-02-27 08:30:00,1.026562,0.56202316
2019-02-26,2019-02-27 08:45:00,0.776953,0.4807435
2019-02-26,2019-02-27 09:00:00,0.5167970000000001,0.3546543
2019-02-26,2019-02-27 09:15:00,0.341016,0.21907797
2019-02-26,2019-02-27 09:30:00,0.196875,0.12866133
2019-02-26,2019-02-27 09:45:00,0.0210939999999999,0.104624584
2019-02-26,2019-02-27 10:00:00,0.0,0.03405502
2019-02-26,2019-02-27 10:15:00,0.0,-0.054425105
2019-02-26,2019-02-27 10:30:00,0.0,-0.04560584
2019-02-26,2019-02-27 10:45:00,0.0,-0.06253075
2019-02-26,2019-02-27 11:00:00,0.0,-0.10548506
2019-02-26,2019-02-27 11:15:00,0.0,-0.106766045
2019-02-26,2019-02-27 11:30:00,0.0,-0.08795004
2019-02-26,2019-02-27 11:45:00,0.0,-0.09784516
2019-02-26,2019-02-27 12:00:00,0.0,-0.08316494
2019-02-26,2019-02-27 12:15:00,0.0,-0.049285706
2019-02-26,2019-02-27 12:30:00,0.0,-0.08239485
2019-02-26,2019-02-27 12:45:00,0.0,-0.06012272
2019-02-26,2019-02-27 13:00:00,0.0,-0.0740454
2019-02-26,2019-02-27 13:15:00,0.0,-0.05725846
2019-02-26,2019-02-27 13:30:00,0.0,-0.0751198
2019-02-26,2019-02-27 13:45:00,0.0,-0.091963686
2019-02-26,2019-02-27 14:00:00,0.0,-0.12758346
2019-02-26,2019-02-27 14:15:00,0.0,-0.10891984
2019-02-26,2019-02-27 14:30:00,0.0,-0.1128629
2019-02-26,2019-02-27 14:45:00,0.0,-0.100527704
2019-02-26,2019-02-27 15:00:00,0.0,-0.12542899
2019-02-26,2019-02-27 15:15:00,0.0,-0.1005237
2019-02-26,2019-02-27 15:30:00,0.0,-0.14982295
2019-02-26,2019-02-27 15:45:00,0.0,-0.15288681
2019-02-26,2019-02-27 16:00:00,0.0,-0.18783025
2019-02-26,2019-02-27 16:15:00,0.0,-0.11054761
2019-02-26,2019-02-27 16:30:00,0.0,-0.16545057
2019-02-26,2019-02-27 16:45:00,0.0,-0.13566531
2019-02-26,2019-02-27 17:00:00,0.0,-0.12925965
2019-02-26,2019-02-27 17:15:00,0.0,-0.08046818
2019-02-26,2019-02-27 17:30:00,0.0,-0.08323868
2019-02-26,2019-02-27 17:45:00,0.0,-0.018630205
2019-02-26,2019-02-27 18:00:00,0.0,-0.06336237
2019-02-26,2019-02-27 18:15:00,0.0,-0.03008362
2019-02-26,2019-02-27 18:30:00,0.0,-0.030072907
2019-02-26,2019-02-27 18:45:00,0.0,-0.007292027
2019-02-26,2019-02-27 19:00:00,0.0,-0.032150157
2019-02-26,2019-02-27 19:15:00,0.0,-0.033448532
2019-02-26,2019-02-27 19:30:00,0.0,-0.022166155
2019-02-26,2019-02-27 19:45:00,0.0,-0.079728425
2019-02-26,2019-02-27 20:00:00,0.0,-0.05962065
2019-02-26,2019-02-27 20:15:00,0.0,-0.11551141
2019-02-26,2019-02-27 20:30:00,0.0,-0.10116861
2019-02-26,2019-02-27 20:45:00,0.0,-0.16123188
2019-02-26,2019-02-27 21:00:00,0.0,-0.16788338
2019-02-26,2019-02-27 21:15:00,0.0,-0.19292761
2019-02-26,2019-02-27 21:30:00,0.0,-0.17617832
2019-02-26,2019-02-27 21:45:00,0.0,-0.19676104
2019-02-26,2019-02-27 22:00:00,0.0,-0.1990403
2019-02-26,2019-02-27 22:15:00,0.0,-0.15624326
2019-02-26,2019-02-27 22:30:00,0.0,-0.16609712
2019-02-26,2019-02-27 22:45:00,0.0,-0.12143476
2019-02-26,2019-02-27 23:00:00,0.0,-0.14520954
2019-02-26,2019-02-27 23:15:00,0.038672,-0.09764597
2019-02-26,2019-02-27 23:30:00,0.084375,-0.021028545
2019-02-26,2019-02-27 23:45:00,0.242578,0.120579146
2019-02-27,2019-02-28 00:00:00,0.348047,0.5260263
2019-02-27,2019-02-28 00:15:00,0.4992189999999999,0.614622
2019-02-27,2019-02-28 00:30:00,0.643359,0.69285154
2019-02-27,2019-02-28 00:45:00,0.805078,0.8331921
2019-02-27,2019-02-28 01:00:00,0.991406,0.9935673
2019-02-27,2019-02-28 01:15:00,1.132031,1.1262733
2019-02-27,2019-02-28 01:30:00,1.3359379999999998,1.2235152
2019-02-27,2019-02-28 01:45:00,1.480078,1.3848286
2019-02-27,2019-02-28 02:00:00,1.532812,1.4901851
2019-02-27,2019-02-28 02:15:00,1.634766,1.5571352
2019-02-27,2019-02-28 02:30:00,1.810547,1.6312587
2019-02-27,2019-02-28 02:45:00,1.683984,1.6482918
2019-02-27,2019-02-28 03:00:00,1.638281,1.7266787
2019-02-27,2019-02-28 03:15:00,1.683984,1.8106945
2019-02-27,2019-02-28 03:30:00,1.947656,1.8428391
2019-02-27,2019-02-28 03:45:00,1.965234,1.8920923
2019-02-27,2019-02-28 04:00:00,2.133984,1.8791847
2019-02-27,2019-02-28 04:15:00,1.859766,1.9254174
2019-02-27,2019-02-28 04:30:00,1.385156,1.9069266
2019-02-27,2019-02-28 04:45:00,1.276172,1.9330592
2019-02-27,2019-02-28 05:00:00,1.381641,1.8500099
2019-02-27,2019-02-28 05:15:00,1.986328,1.8150562
2019-02-27,2019-02-28 05:30:00,2.186719,1.8069351
2019-02-27,2019-02-28 05:45:00,2.102344,1.7576969
2019-02-27,2019-02-28 06:00:00,2.003906,1.7338054
2019-02-27,2019-02-28 06:15:00,1.828125,1.6295773
2019-02-27,2019-02-28 06:30:00,1.6875,1.5490787
2019-02-27,2019-02-28 06:45:00,1.648828,1.5051258
2019-02-27,2019-02-28 07:00:00,1.553906,1.3467296
2019-02-27,2019-02-28 07:15:00,1.455469,1.2804372
2019-02-27,2019-02-28 07:30:00,1.392187,1.1482246
2019-02-27,2019-02-28 07:45:00,1.170703,1.0618953
2019-02-27,2019-02-28 08:00:00,1.075781,0.9687745
2019-02-27,2019-02-28 08:15:00,0.889453,0.8014325
2019-02-27,2019-02-28 08:30:00,0.710156,0.6643664
2019-02-27,2019-02-28 08:45:00,0.541406,0.5668672
2019-02-27,2019-02-28 09:00:00,0.4148439999999999,0.47497275
2019-02-27,2019-02-28 09:15:00,0.246094,0.32943147
2019-02-27,2019-02-28 09:30:00,0.140625,0.23294139
2019-02-27,2019-02-28 09:45:00,0.05625,0.21763413
2019-02-27,2019-02-28 10:00:00,0.0,0.11809457
2019-02-27,2019-02-28 10:15:00,0.0,0.047823332
2019-02-27,2019-02-28 10:30:00,0.0,-0.002719028
2019-02-27,2019-02-28 10:45:00,0.0,-0.03805224
2019-02-27,2019-02-28 11:00:00,0.0,-0.05873638
2019-02-27,2019-02-28 11:15:00,0.0,-0.060331617
2019-02-27,2019-02-28 11:30:00,0.0,-0.08292216
2019-02-27,2019-02-28 11:45:00,0.0,-0.12717986
2019-02-27,2019-02-28 12:00:00,0.0,-0.12620668
2019-02-27,2019-02-28 12:15:00,0.0,-0.09715547
2019-02-27,2019-02-28 12:30:00,0.0,-0.13499187
2019-02-27,2019-02-28 12:45:00,0.0,-0.114189364
2019-02-27,2019-02-28 13:00:00,0.0,-0.11295188
2019-02-27,2019-02-28 13:15:00,0.0,-0.10538841
2019-02-27,2019-02-28 13:30:00,0.0,-0.102687724
2019-02-27,2019-02-28 13:45:00,0.0,-0.13209085
2019-02-27,2019-02-28 14:00:00,0.0,-0.14247406
2019-02-27,2019-02-28 14:15:00,0.0,-0.12884259
2019-02-27,2019-02-28 14:30:00,0.0,-0.0924545
2019-02-27,2019-02-28 14:45:00,0.0,-0.12595646
2019-02-27,2019-02-28 15:00:00,0.0,-0.1587233
2019-02-27,2019-02-28 15:15:00,0.0,-0.11894117
2019-02-27,2019-02-28 15:30:00,0.0,-0.14185236
2019-02-27,2019-02-28 15:45:00,0.0,-0.0938968
2019-02-27,2019-02-28 16:00:00,0.0,-0.1957057
2019-02-27,2019-02-28 16:15:00,0.0,-0.1170562
2019-02-27,2019-02-28 16:30:00,0.0,-0.13251288
2019-02-27,2019-02-28 16:45:00,0.0,-0.10661349
2019-02-27,2019-02-28 17:00:00,0.0,-0.11481772
2019-02-27,2019-02-28 17:15:00,0.0,-0.05295677
2019-02-27,2019-02-28 17:30:00,0.0,-0.029713705
2019-02-27,2019-02-28 17:45:00,0.0,0.01201075
2019-02-27,2019-02-28 18:00:00,0.0,-0.021148479
2019-02-27,2019-02-28 18:15:00,0.0,0.009483159
2019-02-27,2019-02-28 18:30:00,0.0,0.025180463
2019-02-27,2019-02-28 18:45:00,0.0,0.01927019
2019-02-27,2019-02-28 19:00:00,0.0,0.02092893
2019-02-27,2019-02-28 19:15:00,0.0,-0.015575031
2019-02-27,2019-02-28 19:30:00,0.0,-0.032539334
2019-02-27,2019-02-28 19:45:00,0.0,-0.03309993
2019-02-27,2019-02-28 20:00:00,0.0,-0.060875084
2019-02-27,2019-02-28 20:15:00,0.0,-0.10903588
2019-02-27,2019-02-28 20:30:00,0.0,-0.09170076
2019-02-27,2019-02-28 20:45:00,0.0,-0.1447716
2019-02-27,2019-02-28 21:00:00,0.0,-0.17757422
2019-02-27,2019-02-28 21:15:00,0.0,-0.20106481
2019-02-27,2019-02-28 21:30:00,0.0,-0.18177667
2019-02-27,2019-02-28 21:45:00,0.0,-0.20544334
2019-02-27,2019-02-28 22:00:00,0.0,-0.1975958
2019-02-27,2019-02-28 22:15:00,0.0,-0.13482437
2019-02-27,2019-02-28 22:30:00,0.0,-0.15473963
2019-02-27,2019-02-28 22:45:00,0.0,-0.10517513
2019-02-27,2019-02-28 23:00:00,0.0,-0.11272935
2019-02-27,2019-02-28 23:15:00,0.045703,-0.04456992
2019-02-27,2019-02-28 23:30:00,0.119531,0.027984401
2019-02-27,2019-02-28 23:45:00,0.246094,0.16545507
2019-02-28,2019-03-01 00:00:00,0.400781,0.6015386
2019-02-28,2019-03-01 00:15:00,0.611719,0.7193783
2019-02-28,2019-03-01 00:30:00,0.769922,0.85658205
2019-02-28,2019-03-01 00:45:00,1.040625,1.0696775
2019-02-28,2019-03-01 01:00:00,1.223437,1.3020813
2019-02-28,2019-03-01 01:15:00,1.434375,1.5172472
2019-02-28,2019-03-01 01:30:00,1.437891,1.7355489
2019-02-28,2019-03-01 01:45:00,1.627734,1.9897734
2019-02-28,2019-03-01 02:00:00,1.824609,2.2221704
2019-02-28,2019-03-01 02:15:00,1.9125,2.377218
2019-02-28,2019-03-01 02:30:00,1.986328,2.5893147
2019-02-28,2019-03-01 02:45:00,2.439844,2.6896207
2019-02-28,2019-03-01 03:00:00,2.450391,2.8916845
2019-02-28,2019-03-01 03:15:00,2.591016,3.1183765
2019-02-28,2019-03-01 03:30:00,2.583984,3.2650292
2019-02-28,2019-03-01 03:45:00,2.654297,3.422657
2019-02-28,2019-03-01 04:00:00,2.612109,3.449598
2019-02-28,2019-03-01 04:15:00,2.64375,3.578871
2019-02-28,2019-03-01 04:30:00,2.605078,3.6064713
2019-02-28,2019-03-01 04:45:00,2.555859,3.6726375
2019-02-28,2019-03-01 05:00:00,2.591016,3.6297524
2019-02-28,2019-03-01 05:15:00,2.664844,3.5954843
2019-02-28,2019-03-01 05:30:00,2.707031,3.5646763
2019-02-28,2019-03-01 05:45:00,2.819531,3.5191548
2019-02-28,2019-03-01 06:00:00,2.622656,3.468262
2019-02-28,2019-03-01 06:15:00,2.608594,3.282402
2019-02-28,2019-03-01 06:30:00,2.348438,3.0913293
2019-02-28,2019-03-01 06:45:00,2.299219,2.9966824
2019-02-28,2019-03-01 07:00:00,2.000391,2.6859715
2019-02-28,2019-03-01 07:15:00,2.042578,2.5252647
2019-02-28,2019-03-01 07:30:00,1.6875,2.2824855
2019-02-28,2019-03-01 07:45:00,1.634766,2.0834417
2019-02-28,2019-03-01 08:00:00,1.40625,1.8833606
2019-02-28,2019-03-01 08:15:00,1.191797,1.560053
2019-02-28,2019-03-01 08:30:00,0.8578129999999999,1.309108
2019-02-28,2019-03-01 08:45:00,0.724219,1.1292062
2019-02-28,2019-03-01 09:00:00,0.61875,0.9006067
2019-02-28,2019-03-01 09:15:00,0.4148439999999999,0.66881615
2019-02-28,2019-03-01 09:30:00,0.2355469999999999,0.5111185
2019-02-28,2019-03-01 09:45:00,0.052734,0.4233667
2019-02-28,2019-03-01 10:00:00,0.0,0.30201417
2019-02-28,2019-03-01 10:15:00,0.0,0.15962332
2019-02-28,2019-03-01 10:30:00,0.0,0.10630737
2019-02-28,2019-03-01 10:45:00,0.0,0.042298373
2019-02-28,2019-03-01 11:00:00,0.0,0.0035136458
2019-02-28,2019-03-01 11:15:00,0.0,-0.022229588
2019-02-28,2019-03-01 11:30:00,0.0,-0.026790848
2019-02-28,2019-03-01 11:45:00,0.0,-0.056175333
2019-02-28,2019-03-01 12:00:00,0.0,-0.01811904
2019-02-28,2019-03-01 12:15:00,0.0,0.007425232
2019-02-28,2019-03-01 12:30:00,0.0,-0.047441225
2019-02-28,2019-03-01 12:45:00,0.0,0.0027914445
2019-02-28,2019-03-01 13:00:00,0.0,-0.002377847
2019-02-28,2019-03-01 13:15:00,0.0,0.011806904
2019-02-28,2019-03-01 13:30:00,0.0,0.020679636
2019-02-28,2019-03-01 13:45:00,0.0,-0.006255114
2019-02-28,2019-03-01 14:00:00,0.0,-0.041965675
2019-02-28,2019-03-01 14:15:00,0.0,-0.036228456
2019-02-28,2019-03-01 14:30:00,0.0,0.0057511716
2019-02-28,2019-03-01 14:45:00,0.0,0.00017628616
2019-02-28,2019-03-01 15:00:00,0.0,-0.083589114
2019-02-28,2019-03-01 15:15:00,0.0,-0.02093673
2019-02-28,2019-03-01 15:30:00,0.0,-0.06558177
2019-02-28,2019-03-01 15:45:00,0.0,-0.04120781
2019-02-28,2019-03-01 16:00:00,0.0,-0.10551408
2019-02-28,2019-03-01 16:15:00,0.0,-0.007972279
2019-02-28,2019-03-01 16:30:00,0.0,-0.0852802
2019-02-28,2019-03-01 16:45:00,0.0,-0.04993135
2019-02-28,2019-03-01 17:00:00,0.0,-0.06699302
2019-02-28,2019-03-01 17:15:00,0.0,0.02098969
2019-02-28,2019-03-01 17:30:00,0.0,0.019654756
2019-02-28,2019-03-01 17:45:00,0.0,0.07320567
2019-02-28,2019-03-01 18:00:00,0.0,0.02902606
2019-02-28,2019-03-01 18:15:00,0.0,0.06510733
2019-02-28,2019-03-01 18:30:00,0.0,0.08593974
2019-02-28,2019-03-01 18:45:00,0.0,0.10537495
2019-02-28,2019-03-01 19:00:00,0.0,0.080071695
2019-02-28,2019-03-01 19:15:00,0.0,0.059179697
2019-02-28,2019-03-01 19:30:00,0.0,0.05678188
2019-02-28,2019-03-01 19:45:00,0.0,0.014155689
2019-02-28,2019-03-01 20:00:00,0.0,-0.019709773
2019-02-28,2019-03-01 20:15:00,0.0,-0.04225173
2019-02-28,2019-03-01 20:30:00,0.0,-0.0035432996
2019-02-28,2019-03-01 20:45:00,0.0,-0.07815019
2019-02-28,2019-03-01 21:00:00,0.0,-0.10337104
2019-02-28,2019-03-01 21:15:00,0.0,-0.11034856
2019-02-28,2019-03-01 21:30:00,0.0,-0.097455226
2019-02-28,2019-03-01 21:45:00,0.0,-0.14886421
2019-02-28,2019-03-01 22:00:00,0.0,-0.1591035
2019-02-28,2019-03-01 22:15:00,0.0,-0.09819928
2019-02-28,2019-03-01 22:30:00,0.0,-0.11560295
2019-02-28,2019-03-01 22:45:00,0.0,-0.09066105
2019-02-28,2019-03-01 23:00:00,0.0,-0.13208157
2019-02-28,2019-03-01 23:15:00,0.0,-0.078929104
2019-02-28,2019-03-01 23:30:00,0.161719,0.03618218
2019-02-28,2019-03-01 23:45:00,0.270703,0.22591266
2019-05-25,2019-05-26 00:00:00,1.6734369999999998,1.8601246
2019-05-25,2019-05-26 00:15:00,1.958203,1.9409577
2019-05-25,2019-05-26 00:30:00,1.599609,2.2118545
2019-05-25,2019-05-26 00:45:00,2.0882810000000003,2.2436388
2019-05-25,2019-05-26 01:00:00,2.612109,2.4274206
2019-05-25,2019-05-26 01:15:00,2.784375,2.54186
2019-05-25,2019-05-26 01:30:00,2.661328,2.6212413
2019-05-25,2019-05-26 01:45:00,3.012891,2.657403
2019-05-25,2019-05-26 02:00:00,3.4875,2.6800573
2019-05-25,2019-05-26 02:15:00,1.954687,2.7159822
2019-05-25,2019-05-26 02:30:00,3.255469,2.8348205
2019-05-25,2019-05-26 02:45:00,3.561328,2.7687337
2019-05-25,2019-05-26 03:00:00,1.965234,2.750732
2019-05-25,2019-05-26 03:15:00,2.337891,2.8157432
2019-05-25,2019-05-26 03:30:00,2.5101560000000003,2.816954
2019-05-25,2019-05-26 03:45:00,2.123437,2.869983
2019-05-25,2019-05-26 04:00:00,3.294141,2.7989852
2019-05-25,2019-05-26 04:15:00,3.266016,2.8442748
2019-05-25,2019-05-26 04:30:00,2.373047,2.8847797
2019-05-25,2019-05-26 04:45:00,3.779297,2.9197743
2019-05-25,2019-05-26 05:00:00,3.491015,2.8724413
2019-05-25,2019-05-26 05:15:00,3.287109,2.8351846
2019-05-25,2019-05-26 05:30:00,2.696484,2.8034449
2019-05-25,2019-05-26 05:45:00,1.395703,2.7510765
2019-05-25,2019-05-26 06:00:00,2.647266,2.7307823
2019-05-25,2019-05-26 06:15:00,1.7613279999999998,2.651805
2019-05-25,2019-05-26 06:30:00,2.967187,2.4854882
2019-05-25,2019-05-26 06:45:00,2.896875,2.503816
2019-05-25,2019-05-26 07:00:00,2.657812,2.3117568
2019-05-25,2019-05-26 07:15:00,2.661328,2.1431148
2019-05-25,2019-05-26 07:30:00,2.489063,1.9527886
2019-05-25,2019-05-26 07:45:00,0.485156,1.8615878
2019-05-25,2019-05-26 08:00:00,0.5273439999999999,1.6289221
2019-05-25,2019-05-26 08:15:00,0.780469,1.3627203
2019-05-25,2019-05-26 08:30:00,0.249609,1.2904503
2019-05-25,2019-05-26 08:45:00,1.202344,1.0808198
2019-05-25,2019-05-26 09:00:00,1.276172,0.9473999
2019-05-25,2019-05-26 09:15:00,1.233984,0.68713075
2019-05-25,2019-05-26 09:30:00,0.917578,0.6508472
2019-05-25,2019-05-26 09:45:00,0.460547,0.49448994
2019-05-25,2019-05-26 10:00:00,0.428906,0.36588183
2019-05-25,2019-05-26 10:15:00,0.551953,0.21495786
2019-05-25,2019-05-26 10:30:00,0.052734,0.21694662
2019-05-25,2019-05-26 10:45:00,0.0,0.14534819
2019-05-25,2019-05-26 11:00:00,0.0,0.13187352
2019-05-25,2019-05-26 11:15:00,0.0,0.14595707
2019-05-25,2019-05-26 11:30:00,0.0,0.11968423
2019-05-25,2019-05-26 11:45:00,0.0,0.0446283
2019-05-25,2019-05-26 12:00:00,0.0,0.009160585
2019-05-25,2019-05-26 12:15:00,0.0,0.106975354
2019-05-25,2019-05-26 12:30:00,0.0,0.009694875
2019-05-25,2019-05-26 12:45:00,0.0,0.034557603
2019-05-25,2019-05-26 13:00:00,0.0,-0.0009841204
2019-05-25,2019-05-26 13:15:00,0.0,0.037306968
2019-05-25,2019-05-26 13:30:00,0.0,-0.04540587
2019-05-25,2019-05-26 13:45:00,0.0,-0.026770232
2019-05-25,2019-05-26 14:00:00,0.0,0.020446068
2019-05-25,2019-05-26 14:15:00,0.0,-0.014323251
2019-05-25,2019-05-26 14:30:00,0.0,0.03428834
2019-05-25,2019-05-26 14:45:00,0.0,0.09119941
2019-05-25,2019-05-26 15:00:00,0.0,0.019673582
2019-05-25,2019-05-26 15:15:00,0.0,-0.008141858
2019-05-25,2019-05-26 15:30:00,0.0,0.055834994
2019-05-25,2019-05-26 15:45:00,0.0,0.104533315
2019-05-25,2019-05-26 16:00:00,0.0,-0.016112119
2019-05-25,2019-05-26 16:15:00,0.0,0.047184914
2019-05-25,2019-05-26 16:30:00,0.0,0.043387715
2019-05-25,2019-05-26 16:45:00,0.0,0.08623173
2019-05-25,2019-05-26 17:00:00,0.0,0.06847551
2019-05-25,2019-05-26 17:15:00,0.0,0.15158485
2019-05-25,2019-05-26 17:30:00,0.0,0.1386313
2019-05-25,2019-05-26 17:45:00,0.0,0.16145891
2019-05-25,2019-05-26 18:00:00,0.0,0.101379216
2019-05-25,2019-05-26 18:15:00,0.0,0.16454501
2019-05-25,2019-05-26 18:30:00,0.0,0.1581648
2019-05-25,2019-05-26 18:45:00,0.0,0.16429006
2019-05-25,2019-05-26 19:00:00,0.0,0.14828834
2019-05-25,2019-05-26 19:15:00,0.0,0.1375732
2019-05-25,2019-05-26 19:30:00,0.0,0.15970652
2019-05-25,2019-05-26 19:45:00,0.0,0.07652423
2019-05-25,2019-05-26 20:00:00,0.0,0.09722358
2019-05-25,2019-05-26 20:15:00,0.0,0.033231568
2019-05-25,2019-05-26 20:30:00,0.0,0.02705959
2019-05-25,2019-05-26 20:45:00,0.0,0.011055293
2019-05-25,2019-05-26 21:00:00,0.0,-0.02635974
2019-05-25,2019-05-26 21:15:00,0.014062,-0.01733046
2019-05-25,2019-05-26 21:30:00,0.0210939999999999,0.1745561
2019-05-25,2019-05-26 21:45:00,0.175781,0.1221529
2019-05-25,2019-05-26 22:00:00,0.291797,0.19018282
2019-05-25,2019-05-26 22:15:00,0.467578,0.20052996
2019-05-25,2019-05-26 22:30:00,0.569531,0.43752718
2019-05-25,2019-05-26 22:45:00,1.030078,0.5247054
2019-05-25,2019-05-26 23:00:00,1.395703,0.62014127
2019-05-25,2019-05-26 23:15:00,1.427344,0.71368575
2019-05-25,2019-05-26 23:30:00,1.85625,0.89911115
2019-05-25,2019-05-26 23:45:00,2.158594,1.1682473
2019-05-26,2019-05-27 00:00:00,1.887891,1.9262946
2019-05-26,2019-05-27 00:15:00,1.863281,1.9614319
2019-05-26,2019-05-27 00:30:00,2.7,2.1089866
2019-05-26,2019-05-27 00:45:00,2.939062,2.2542968
2019-05-26,2019-05-27 01:00:00,3.550781,2.3805895
2019-05-26,2019-05-27 01:15:00,3.842578,2.4492161
2019-05-26,2019-05-27 01:30:00,3.842578,2.5992823
2019-05-26,2019-05-27 01:45:00,4.232812,2.6893477
2019-05-26,2019-05-27 02:00:00,4.545703,2.7228904
2019-05-26,2019-05-27 02:15:00,4.682812,2.7046878
2019-05-26,2019-05-27 02:30:00,4.633594,2.6548588
2019-05-26,2019-05-27 02:45:00,4.7390620000000006,2.6437669
2019-05-26,2019-05-27 03:00:00,4.900780999999999,2.7040865
2019-05-26,2019-05-27 03:15:00,4.964062,2.7192447
2019-05-26,2019-05-27 03:30:00,4.925391,2.7332964
2019-05-26,2019-05-27 03:45:00,4.865625,2.727967
2019-05-26,2019-05-27 04:00:00,4.798828,2.672219
2019-05-26,2019-05-27 04:15:00,4.616015,2.6537278
2019-05-26,2019-05-27 04:30:00,4.503516,2.6256642
2019-05-26,2019-05-27 04:45:00,4.3875,2.7127843
2019-05-26,2019-05-27 05:00:00,4.2785150000000005,2.6000683
2019-05-26,2019-05-27 05:15:00,4.362891,2.5551407
2019-05-26,2019-05-27 05:30:00,4.187109,2.573339
2019-05-26,2019-05-27 05:45:00,4.169531,2.569419
2019-05-26,2019-05-27 06:00:00,3.941015,2.540302
2019-05-26,2019-05-27 06:15:00,3.642187,2.438783
2019-05-26,2019-05-27 06:30:00,3.476953,2.3541427
2019-05-26,2019-05-27 06:45:00,2.728125,2.2786849
2019-05-26,2019-05-27 07:00:00,1.219922,2.1574702
2019-05-26,2019-05-27 07:15:00,3.888281,2.0094862
2019-05-26,2019-05-27 07:30:00,3.592969,1.8819392
2019-05-26,2019-05-27 07:45:00,3.469922,1.7649338
2019-05-26,2019-05-27 08:00:00,2.5101560000000003,1.6235377
2019-05-26,2019-05-27 08:15:00,2.017969,1.3701962
2019-05-26,2019-05-27 08:30:00,2.169141,1.2578821
2019-05-26,2019-05-27 08:45:00,2.211328,1.0852638
2019-05-26,2019-05-27 09:00:00,0.935156,1.0197775
2019-05-26,2019-05-27 09:15:00,1.40625,0.7769045
2019-05-26,2019-05-27 09:30:00,1.086328,0.6800732
2019-05-26,2019-05-27 09:45:00,0.952734,0.5064238
2019-05-26,2019-05-27 10:00:00,0.643359,0.45299834
2019-05-26,2019-05-27 10:15:00,0.587109,0.28956485
2019-05-26,2019-05-27 10:30:00,0.485156,0.23804717
2019-05-26,2019-05-27 10:45:00,0.407813,0.21182397
2019-05-26,2019-05-27 11:00:00,0.200391,0.10811911
2019-05-26,2019-05-27 11:15:00,0.007031,0.17527793
2019-05-26,2019-05-27 11:30:00,0.0,0.060636774
2019-05-26,2019-05-27 11:45:00,0.0,-0.01631437
2019-05-26,2019-05-27 12:00:00,0.0,0.019253626
2019-05-26,2019-05-27 12:15:00,0.0,-0.06410358
2019-05-26,2019-05-27 12:30:00,0.0,-0.096637614
2019-05-26,2019-05-27 12:45:00,0.0,-0.09652018
2019-05-26,2019-05-27 13:00:00,0.0,-0.10319707
2019-05-26,2019-05-27 13:15:00,0.0,-0.0853712
2019-05-26,2019-05-27 13:30:00,0.0,-0.12774402
2019-05-26,2019-05-27 13:45:00,0.0,-0.13541259
2019-05-26,2019-05-27 14:00:00,0.0,-0.11622902
2019-05-26,2019-05-27 14:15:00,0.0,-0.1446563
2019-05-26,2019-05-27 14:30:00,0.0,-0.052629404
2019-05-26,2019-05-27 14:45:00,0.0,-0.021577599
2019-05-26,2019-05-27 15:00:00,0.0,0.018097838
2019-05-26,2019-05-27 15:15:00,0.0,0.06297531
2019-05-26,2019-05-27 15:30:00,0.0,-0.079101235
2019-05-26,2019-05-27 15:45:00,0.0,-0.014806917
2019-05-26,2019-05-27 16:00:00,0.0,-0.039778538
2019-05-26,2019-05-27 16:15:00,0.0,0.03195624
2019-05-26,2019-05-27 16:30:00,0.0,-0.02408051
2019-05-26,2019-05-27 16:45:00,0.0,0.02466383
2019-05-26,2019-05-27 17:00:00,0.0,0.0162517
2019-05-26,2019-05-27 17:15:00,0.0,0.06272695
2019-05-26,2019-05-27 17:30:00,0.0,0.076518424
2019-05-26,2019-05-27 17:45:00,0.0,0.15842964
2019-05-26,2019-05-27 18:00:00,0.0,0.048308127
2019-05-26,2019-05-27 18:15:00,0.0,0.10911686
2019-05-26,2019-05-27 18:30:00,0.0,0.15360872
2019-05-26,2019-05-27 18:45:00,0.0,0.0810685
2019-05-26,2019-05-27 19:00:00,0.0,0.08496904
2019-05-26,2019-05-27 19:15:00,0.0,0.12980807
2019-05-26,2019-05-27 19:30:00,0.0,0.118596174
2019-05-26,2019-05-27 19:45:00,0.0,0.07473149
2019-05-26,2019-05-27 20:00:00,0.0,0.05163475
2019-05-26,2019-05-27 20:15:00,0.0,0.037460357
2019-05-26,2019-05-27 20:30:00,0.0,0.057665236
2019-05-26,2019-05-27 20:45:00,0.0,-0.01622081
2019-05-26,2019-05-27 21:00:00,0.0,-0.030885695
2019-05-26,2019-05-27 21:15:00,0.0421879999999999,-0.08806399
2019-05-26,2019-05-27 21:30:00,0.175781,0.04915156
2019-05-26,2019-05-27 21:45:00,0.225,-0.038056742
2019-05-26,2019-05-27 22:00:00,0.330469,0.023237657
2019-05-26,2019-05-27 22:15:00,0.478125,0.13222277
2019-05-26,2019-05-27 22:30:00,0.703125,0.20487958
2019-05-26,2019-05-27 22:45:00,0.935156,0.28360492
2019-05-26,2019-05-27 23:00:00,1.226953,0.373376
2019-05-26,2019-05-27 23:15:00,1.539844,0.49340937
2019-05-26,2019-05-27 23:30:00,1.85625,0.5784889
2019-05-26,2019-05-27 23:45:00,2.123437,0.8458157
2019-05-27,2019-05-28 00:00:00,2.411719,2.7863052
2019-05-27,2019-05-28 00:15:00,2.6824220000000003,2.910704
2019-05-27,2019-05-28 00:30:00,2.921484,3.1952019
2019-05-27,2019-05-28 00:45:00,3.164062,3.431684
2019-05-27,2019-05-28 01:00:00,3.371484,3.676531
2019-05-27,2019-05-28 01:15:00,3.578906,3.8497407
2019-05-27,2019-05-28 01:30:00,3.719531,3.9927766
2019-05-27,2019-05-28 01:45:00,3.895312,4.151646
2019-05-27,2019-05-28 02:00:00,4.004297,4.1785674
2019-05-27,2019-05-28 02:15:00,3.9375,4.156841
2019-05-27,2019-05-28 02:30:00,4.018358999999999,4.2377934
2019-05-27,2019-05-28 02:45:00,4.095703,4.1753454
2019-05-27,2019-05-28 03:00:00,4.130859,4.1828923
2019-05-27,2019-05-28 03:15:00,4.229297,4.1801233
2019-05-27,2019-05-28 03:30:00,4.257422,4.188432
2019-05-27,2019-05-28 03:45:00,4.267969,4.195469
2019-05-27,2019-05-28 04:00:00,4.215234,4.1002827
2019-05-27,2019-05-28 04:15:00,4.225781,4.1019645
2019-05-27,2019-05-28 04:30:00,4.123828,3.989276
2019-05-27,2019-05-28 04:45:00,4.10625,4.0383873
2019-05-27,2019-05-28 05:00:00,4.1625,3.9241304
2019-05-27,2019-05-28 05:15:00,4.141406,3.897772
2019-05-27,2019-05-28 05:30:00,4.123828,3.7964752
2019-05-27,2019-05-28 05:45:00,4.088672,3.8297145
2019-05-27,2019-05-28 06:00:00,4.011328,3.7378945
2019-05-27,2019-05-28 06:15:00,3.969141000000001,3.546159
2019-05-27,2019-05-28 06:30:00,3.979687,3.4447808
2019-05-27,2019-05-28 06:45:00,3.846094,3.3026538
2019-05-27,2019-05-28 07:00:00,3.761719,3.0742962
2019-05-27,2019-05-28 07:15:00,3.614062,2.8408546
2019-05-27,2019-05-28 07:30:00,3.4242190000000003,2.6243026
2019-05-27,2019-05-28 07:45:00,3.216797,2.4462006
2019-05-27,2019-05-28 08:00:00,3.026953,2.2266483
2019-05-27,2019-05-28 08:15:00,2.770312,1.9342525
2019-05-27,2019-05-28 08:30:00,2.53125,1.671185
2019-05-27,2019-05-28 08:45:00,2.267578,1.4416393
2019-05-27,2019-05-28 09:00:00,1.96875,1.3235283
2019-05-27,2019-05-28 09:15:00,1.6734369999999998,0.9424395
2019-05-27,2019-05-28 09:30:00,1.367578,0.8135569
2019-05-27,2019-05-28 09:45:00,1.06875,0.61203337
2019-05-27,2019-05-28 10:00:00,0.801562,0.5201794
2019-05-27,2019-05-28 10:15:00,0.548437,0.33963054
2019-05-27,2019-05-28 10:30:00,0.267188,0.19231543
2019-05-27,2019-05-28 10:45:00,0.158203,0.17514439
2019-05-27,2019-05-28 11:00:00,0.101953,0.10973285
2019-05-27,2019-05-28 11:15:00,0.014062,0.12157839
2019-05-27,2019-05-28 11:30:00,0.0,0.07777056
2019-05-27,2019-05-28 11:45:00,0.0,-0.07001623
2019-05-27,2019-05-28 12:00:00,0.0,-0.071287595
2019-05-27,2019-05-28 12:15:00,0.0,-0.041495908
2019-05-27,2019-05-28 12:30:00,0.0,-0.090858564
2019-05-27,2019-05-28 12:45:00,0.0,-0.11607107
2019-05-27,2019-05-28 13:00:00,0.0,-0.2402286
2019-05-27,2019-05-28 13:15:00,0.0,-0.15231895
2019-05-27,2019-05-28 13:30:00,0.0,-0.15546004
2019-05-27,2019-05-28 13:45:00,0.0,-0.17730866
2019-05-27,2019-05-28 14:00:00,0.0,-0.23944934
2019-05-27,2019-05-28 14:15:00,0.0,-0.23940827
2019-05-27,2019-05-28 14:30:00,0.0,-0.1348491
2019-05-27,2019-05-28 14:45:00,0.0,-0.08262982
2019-05-27,2019-05-28 15:00:00,0.0,-0.13772734
2019-05-27,2019-05-28 15:15:00,0.0,-0.07582877
2019-05-27,2019-05-28 15:30:00,0.0,-0.06870404
2019-05-27,2019-05-28 15:45:00,0.0,-0.09859354
2019-05-27,2019-05-28 16:00:00,0.0,-0.13548553
2019-05-27,2019-05-28 16:15:00,0.0,-0.010920196
2019-05-27,2019-05-28 16:30:00,0.0,-0.087087795
2019-05-27,2019-05-28 16:45:00,0.0,-0.021633036
2019-05-27,2019-05-28 17:00:00,0.0,-0.02594168
2019-05-27,2019-05-28 17:15:00,0.0,0.001628034
2019-05-27,2019-05-28 17:30:00,0.0,0.08794221
2019-05-27,2019-05-28 17:45:00,0.0,0.16115516
2019-05-27,2019-05-28 18:00:00,0.0,0.11108576
2019-05-27,2019-05-28 18:15:00,0.0,0.09428294
2019-05-27,2019-05-28 18:30:00,0.0,0.094304204
2019-05-27,2019-05-28 18:45:00,0.0,0.16755839
2019-05-27,2019-05-28 19:00:00,0.0,0.07230797
2019-05-27,2019-05-28 19:15:00,0.0,0.053909525
2019-05-27,2019-05-28 19:30:00,0.0,0.05129234
2019-05-27,2019-05-28 19:45:00,0.0,-0.046147823
2019-05-27,2019-05-28 20:00:00,0.0,0.051598784
2019-05-27,2019-05-28 20:15:00,0.0,-0.040375438
2019-05-27,2019-05-28 20:30:00,0.0,0.017035414
2019-05-27,2019-05-28 20:45:00,0.0,-0.11278036
2019-05-27,2019-05-28 21:00:00,0.0,-0.15283272
2019-05-27,2019-05-28 21:15:00,0.0035159999999999,-0.19800927
2019-05-27,2019-05-28 21:30:00,0.077344,-0.06272442
2019-05-27,2019-05-28 21:45:00,0.140625,-0.064341776
2019-05-27,2019-05-28 22:00:00,0.256641,-0.0002180739
2019-05-27,2019-05-28 22:15:00,0.39375,0.22382422
2019-05-27,2019-05-28 22:30:00,0.6082029999999999,0.3242563
2019-05-27,2019-05-28 22:45:00,0.8507809999999999,0.4854034
2019-05-27,2019-05-28 23:00:00,1.107422,0.7217048
2019-05-27,2019-05-28 23:15:00,1.399219,0.8930409
2019-05-27,2019-05-28 23:30:00,1.6875,1.168592
2019-05-27,2019-05-28 23:45:00,1.979297,1.5291454
2019-05-28,2019-05-29 00:00:00,2.264062,2.7348773
2019-05-28,2019-05-29 00:15:00,2.538281,2.9052088
2019-05-28,2019-05-29 00:30:00,2.78789,3.1812372
2019-05-28,2019-05-29 00:45:00,3.009375,3.4156973
2019-05-28,2019-05-29 01:00:00,3.223828,3.7417653
2019-05-28,2019-05-29 01:15:00,3.434766,3.9695354
2019-05-28,2019-05-29 01:30:00,3.6,4.1326785
2019-05-28,2019-05-29 01:45:00,3.708984,4.35661
2019-05-28,2019-05-29 02:00:00,3.839062,4.4885044
2019-05-28,2019-05-29 02:15:00,3.909375,4.4521713
2019-05-28,2019-05-29 02:30:00,3.986719,4.5253863
2019-05-28,2019-05-29 02:45:00,4.032422,4.5622115
2019-05-28,2019-05-29 03:00:00,4.05,4.622876
2019-05-28,2019-05-29 03:15:00,4.071094,4.6522584
2019-05-28,2019-05-29 03:30:00,4.085156,4.791315
2019-05-28,2019-05-29 03:45:00,4.064063,4.8456283
2019-05-28,2019-05-29 04:00:00,4.028906,4.737405
2019-05-28,2019-05-29 04:15:00,4.014843,4.7760096
2019-05-28,2019-05-29 04:30:00,4.102734,4.709211
2019-05-28,2019-05-29 04:45:00,4.074609,4.7829185
2019-05-28,2019-05-29 05:00:00,4.120312,4.7235675
2019-05-28,2019-05-29 05:15:00,4.099219000000001,4.684679
2019-05-28,2019-05-29 05:30:00,4.057030999999999,4.636223
2019-05-28,2019-05-29 05:45:00,4.1097660000000005,4.6606116
2019-05-28,2019-05-29 06:00:00,4.130859,4.571934
2019-05-28,2019-05-29 06:15:00,3.744141,4.3840933
2019-05-28,2019-05-29 06:30:00,3.948047,4.2770596
2019-05-28,2019-05-29 06:45:00,3.796875,4.1131725
2019-05-28,2019-05-29 07:00:00,3.3855470000000003,3.8865747
2019-05-28,2019-05-29 07:15:00,3.779297,3.629802
2019-05-28,2019-05-29 07:30:00,3.5648440000000003,3.342597
2019-05-28,2019-05-29 07:45:00,3.128906,3.1364074
2019-05-28,2019-05-29 08:00:00,2.295703,2.896135
2019-05-28,2019-05-29 08:15:00,3.216797,2.5601146
2019-05-28,2019-05-29 08:30:00,2.657812,2.257421
2019-05-28,2019-05-29 08:45:00,2.545312,1.9398293
2019-05-28,2019-05-29 09:00:00,2.130469,1.7602528
2019-05-28,2019-05-29 09:15:00,1.835156,1.4007571
2019-05-28,2019-05-29 09:30:00,1.543359,1.2346762
2019-05-28,2019-05-29 09:45:00,0.8085939999999999,0.9630283
2019-05-28,2019-05-29 10:00:00,0.400781,0.8919765
2019-05-28,2019-05-29 10:15:00,0.418359,0.5293949
2019-05-28,2019-05-29 10:30:00,0.379687,0.40335613
2019-05-28,2019-05-29 10:45:00,0.182812,0.34587827
2019-05-28,2019-05-29 11:00:00,0.119531,0.26914042
2019-05-28,2019-05-29 11:15:00,0.0421879999999999,0.15987805
2019-05-28,2019-05-29 11:30:00,0.0,0.08925547
2019-05-28,2019-05-29 11:45:00,0.0,-0.070266314
2019-05-28,2019-05-29 12:00:00,0.0,-0.06469801
2019-05-28,2019-05-29 12:15:00,0.0,-0.10102805
2019-05-28,2019-05-29 12:30:00,0.0,-0.07764019
2019-05-28,2019-05-29 12:45:00,0.0,-0.2058186
2019-05-28,2019-05-29 13:00:00,0.0,-0.3251722
2019-05-28,2019-05-29 13:15:00,0.0,-0.2071124
2019-05-28,2019-05-29 13:30:00,0.0,-0.18812072
2019-05-28,2019-05-29 13:45:00,0.0,-0.22722197
2019-05-28,2019-05-29 14:00:00,0.0,-0.20176668
2019-05-28,2019-05-29 14:15:00,0.0,-0.19869874
2019-05-28,2019-05-29 14:30:00,0.0,-0.1377643
2019-05-28,2019-05-29 14:45:00,0.0,0.06850488
2019-05-28,2019-05-29 15:00:00,0.0,-0.044320952
2019-05-28,2019-05-29 15:15:00,0.0,0.04269765
2019-05-28,2019-05-29 15:30:00,0.0,0.034261048
2019-05-28,2019-05-29 15:45:00,0.0,-0.0016677437
2019-05-28,2019-05-29 16:00:00,0.0,-0.03875806
2019-05-28,2019-05-29 16:15:00,0.0,0.12133386
2019-05-28,2019-05-29 16:30:00,0.0,0.093090616
2019-05-28,2019-05-29 16:45:00,0.0,0.06362293
2019-05-28,2019-05-29 17:00:00,0.0,0.070297405
2019-05-28,2019-05-29 17:15:00,0.0,0.14287741
2019-05-28,2019-05-29 17:30:00,0.0,0.19002959
2019-05-28,2019-05-29 17:45:00,0.0,0.23724723
2019-05-28,2019-05-29 18:00:00,0.0,0.18697819
2019-05-28,2019-05-29 18:15:00,0.0,0.13155147
2019-05-28,2019-05-29 18:30:00,0.0,0.15760967
2019-05-28,2019-05-29 18:45:00,0.0,0.16950789
2019-05-28,2019-05-29 19:00:00,0.0,0.09957724
2019-05-28,2019-05-29 19:15:00,0.0,0.1231645
2019-05-28,2019-05-29 19:30:00,0.0,0.17194381
2019-05-28,2019-05-29 19:45:00,0.0,-0.00064197957
2019-05-28,2019-05-29 20:00:00,0.0,0.060793113
2019-05-28,2019-05-29 20:15:00,0.0,0.031961333
2019-05-28,2019-05-29 20:30:00,0.0,0.09817716
2019-05-28,2019-05-29 20:45:00,0.0,-0.03824752
2019-05-28,2019-05-29 21:00:00,0.0,-0.10994247
2019-05-28,2019-05-29 21:15:00,0.0,-0.17611262
2019-05-28,2019-05-29 21:30:00,0.0,0.0013246975
2019-05-28,2019-05-29 21:45:00,0.193359,-0.1045054
2019-05-28,2019-05-29 22:00:00,0.302344,-0.010095912
2019-05-28,2019-05-29 22:15:00,0.439453,0.13906522
2019-05-28,2019-05-29 22:30:00,0.481641,0.2184723
2019-05-28,2019-05-29 22:45:00,0.583594,0.5047809
2019-05-28,2019-05-29 23:00:00,0.984375,0.6385182
2019-05-28,2019-05-29 23:15:00,0.812109,0.7621727
2019-05-28,2019-05-29 23:30:00,1.364062,1.1124126
2019-05-28,2019-05-29 23:45:00,1.434375,1.4245421
2019-05-29,2019-05-30 00:00:00,1.930078,2.5210235
2019-05-29,2019-05-30 00:15:00,2.383594,2.703648
2019-05-29,2019-05-30 00:30:00,2.446875,2.9678273
2019-05-29,2019-05-30 00:45:00,2.707031,3.2167282
2019-05-29,2019-05-30 01:00:00,3.058594,3.4961145
2019-05-29,2019-05-30 01:15:00,3.266016,3.681101
2019-05-29,2019-05-30 01:30:00,3.4875,3.8800428
2019-05-29,2019-05-30 01:45:00,3.666797,4.026059
2019-05-29,2019-05-30 02:00:00,3.863672,4.1407976
2019-05-29,2019-05-30 02:15:00,3.909375,4.17341
2019-05-29,2019-05-30 02:30:00,3.99375,4.262368
2019-05-29,2019-05-30 02:45:00,3.877734,4.254821
2019-05-29,2019-05-30 03:00:00,4.158983999999999,4.307933
2019-05-29,2019-05-30 03:15:00,4.187109,4.33939
2019-05-29,2019-05-30 03:30:00,4.081641,4.3775783
2019-05-29,2019-05-30 03:45:00,4.092187,4.439698
2019-05-29,2019-05-30 04:00:00,3.891797,4.3530607
2019-05-29,2019-05-30 04:15:00,3.779297,4.378854
2019-05-29,2019-05-30 04:30:00,2.900391,4.320802
2019-05-29,2019-05-30 04:45:00,3.378515,4.405498
2019-05-29,2019-05-30 05:00:00,3.009375,4.3028045
2019-05-29,2019-05-30 05:15:00,4.074609,4.2481565
2019-05-29,2019-05-30 05:30:00,3.91289,4.2747917
2019-05-29,2019-05-30 05:45:00,3.730078,4.249955
2019-05-29,2019-05-30 06:00:00,3.308203,4.2018647
2019-05-29,2019-05-30 06:15:00,3.877734,4.0802803
2019-05-29,2019-05-30 06:30:00,2.267578,3.9411862
2019-05-29,2019-05-30 06:45:00,1.357031,3.8608422
2019-05-29,2019-05-30 07:00:00,2.664844,3.6509676
2019-05-29,2019-05-30 07:15:00,2.506641,3.4162383
2019-05-29,2019-05-30 07:30:00,3.476953,3.1745565
2019-05-29,2019-05-30 07:45:00,3.153516,2.9475887
2019-05-29,2019-05-30 08:00:00,2.9636720000000003,2.7299933
2019-05-29,2019-05-30 08:15:00,2.626172,2.3890183
2019-05-29,2019-05-30 08:30:00,2.323828,2.1109405
2019-05-29,2019-05-30 08:45:00,2.035547,1.8058376
2019-05-29,2019-05-30 09:00:00,1.715625,1.6538619
2019-05-29,2019-05-30 09:15:00,1.480078,1.2400047
2019-05-29,2019-05-30 09:30:00,1.241016,1.0633638
2019-05-29,2019-05-30 09:45:00,0.910547,0.82598895
2019-05-29,2019-05-30 10:00:00,0.713672,0.68314755
2019-05-29,2019-05-30 10:15:00,0.523828,0.4082903
2019-05-29,2019-05-30 10:30:00,0.379687,0.26419953
2019-05-29,2019-05-30 10:45:00,0.256641,0.20686832
2019-05-29,2019-05-30 11:00:00,0.154687,0.09983267
2019-05-29,2019-05-30 11:15:00,0.014062,0.113520496
2019-05-29,2019-05-30 11:30:00,0.0,-0.005335527
2019-05-29,2019-05-30 11:45:00,0.0,-0.16708863
2019-05-29,2019-05-30 12:00:00,0.0,-0.13507806
2019-05-29,2019-05-30 12:15:00,0.0,-0.15879308
2019-05-29,2019-05-30 12:30:00,0.0,-0.18684553
2019-05-29,2019-05-30 12:45:00,0.0,-0.23501869
2019-05-29,2019-05-30 13:00:00,0.0,-0.2837214
2019-05-29,2019-05-30 13:15:00,0.0,-0.18608469
2019-05-29,2019-05-30 13:30:00,0.0,-0.2350841
2019-05-29,2019-05-30 13:45:00,0.0,-0.23328927
2019-05-29,2019-05-30 14:00:00,0.0,-0.21507077
2019-05-29,2019-05-30 14:15:00,0.0,-0.24317726
2019-05-29,2019-05-30 14:30:00,0.0,-0.1460832
2019-05-29,2019-05-30 14:45:00,0.0,-0.015876126
2019-05-29,2019-05-30 15:00:00,0.0,-0.13281833
2019-05-29,2019-05-30 15:15:00,0.0,-0.047301583
2019-05-29,2019-05-30 15:30:00,0.0,-0.09705815
2019-05-29,2019-05-30 15:45:00,0.0,-0.052186683
2019-05-29,2019-05-30 16:00:00,0.0,-0.15614279
2019-05-29,2019-05-30 16:15:00,0.0,-0.040410735
2019-05-29,2019-05-30 16:30:00,0.0,-0.0989795
2019-05-29,2019-05-30 16:45:00,0.0,-0.0661993
2019-05-29,2019-05-30 17:00:00,0.0,-0.047173012
2019-05-29,2019-05-30 17:15:00,0.0,-0.010712348
2019-05-29,2019-05-30 17:30:00,0.0,0.025412306
2019-05-29,2019-05-30 17:45:00,0.0,0.063369095
2019-05-29,2019-05-30 18:00:00,0.0,0.027403405
2019-05-29,2019-05-30 18:15:00,0.0,0.06492067
2019-05-29,2019-05-30 18:30:00,0.0,0.073440254
2019-05-29,2019-05-30 18:45:00,0.0,0.067690454
2019-05-29,2019-05-30 19:00:00,0.0,0.05498536
2019-05-29,2019-05-30 19:15:00,0.0,0.05925327
2019-05-29,2019-05-30 19:30:00,0.0,0.053779244
2019-05-29,2019-05-30 19:45:00,0.0,0.025522463
2019-05-29,2019-05-30 20:00:00,0.0,0.00653446
2019-05-29,2019-05-30 20:15:00,0.0,-0.02494834
2019-05-29,2019-05-30 20:30:00,0.0,0.017373914
2019-05-29,2019-05-30 20:45:00,0.0,-0.084456235
2019-05-29,2019-05-30 21:00:00,0.0,-0.14604764
2019-05-29,2019-05-30 21:15:00,0.024609,-0.16843824
2019-05-29,2019-05-30 21:30:00,0.0,-0.036418032
2019-05-29,2019-05-30 21:45:00,0.189844,-0.16313782
2019-05-29,2019-05-30 22:00:00,0.298828,-0.06413914
2019-05-29,2019-05-30 22:15:00,0.460547,0.059629064
2019-05-29,2019-05-30 22:30:00,0.660937,0.1638719
2019-05-29,2019-05-30 22:45:00,0.8648440000000001,0.32254827
2019-05-29,2019-05-30 23:00:00,1.156641,0.46917734
2019-05-29,2019-05-30 23:15:00,1.434375,0.5881369
2019-05-29,2019-05-30 23:30:00,1.712109,0.8375599
2019-05-29,2019-05-30 23:45:00,2.014453,1.2026392
2019-05-30,2019-05-31 00:00:00,2.2605470000000003,2.0763927
2019-05-30,2019-05-31 00:15:00,2.5101560000000003,2.1949737
2019-05-30,2019-05-31 00:30:00,2.766797,2.4476025
2019-05-30,2019-05-31 00:45:00,2.998828,2.6470094
2019-05-30,2019-05-31 01:00:00,3.230859,2.8920448
2019-05-30,2019-05-31 01:15:00,3.438281,3.0015366
2019-05-30,2019-05-31 01:30:00,3.568359,3.208882
2019-05-30,2019-05-31 01:45:00,3.744141,3.3608897
2019-05-30,2019-05-31 02:00:00,3.902344,3.450461
2019-05-30,2019-05-31 02:15:00,4.014843,3.5070028
2019-05-30,2019-05-31 02:30:00,4.095703,3.5268104
2019-05-30,2019-05-31 02:45:00,4.169531,3.582039
2019-05-30,2019-05-31 03:00:00,4.232812,3.6480317
2019-05-30,2019-05-31 03:15:00,4.222266,3.6787055
2019-05-30,2019-05-31 03:30:00,4.169531,3.7430804
2019-05-30,2019-05-31 03:45:00,4.201172,3.781485
2019-05-30,2019-05-31 04:00:00,4.225781,3.7409687
2019-05-30,2019-05-31 04:15:00,4.144922,3.7379928
2019-05-30,2019-05-31 04:30:00,4.201172,3.6815357
2019-05-30,2019-05-31 04:45:00,4.092187,3.7817564
2019-05-30,2019-05-31 05:00:00,4.014843,3.7156098
2019-05-30,2019-05-31 05:15:00,4.046484,3.6610122
2019-05-30,2019-05-31 05:30:00,4.05,3.7042217
2019-05-30,2019-05-31 05:45:00,3.91289,3.6812258
2019-05-30,2019-05-31 06:00:00,4.000781,3.6583009
2019-05-30,2019-05-31 06:15:00,3.941015,3.5673194
2019-05-30,2019-05-31 06:30:00,3.898828,3.4439456
2019-05-30,2019-05-31 06:45:00,3.863672,3.3421714
2019-05-30,2019-05-31 07:00:00,3.716016,3.1442945
2019-05-30,2019-05-31 07:15:00,2.988281,2.9840496
2019-05-30,2019-05-31 07:30:00,2.460938,2.7698808
2019-05-30,2019-05-31 07:45:00,2.882812,2.5829198
2019-05-30,2019-05-31 08:00:00,1.6804689999999998,2.4164317
2019-05-30,2019-05-31 08:15:00,1.026562,2.1221776
2019-05-30,2019-05-31 08:30:00,1.360547,1.8788791
2019-05-30,2019-05-31 08:45:00,1.248047,1.62131
2019-05-30,2019-05-31 09:00:00,2.341406,1.4960418
2019-05-30,2019-05-31 09:15:00,1.648828,1.1776386
2019-05-30,2019-05-31 09:30:00,1.089844,1.0234562
2019-05-30,2019-05-31 09:45:00,0.7558590000000001,0.77537966
2019-05-30,2019-05-31 10:00:00,0.875391,0.6396898
2019-05-30,2019-05-31 10:15:00,0.28125,0.4228302
2019-05-30,2019-05-31 10:30:00,0.326953,0.32035723
2019-05-30,2019-05-31 10:45:00,0.221484,0.23241863
2019-05-30,2019-05-31 11:00:00,0.130078,0.15926404
2019-05-30,2019-05-31 11:15:00,0.0,0.1615779
2019-05-30,2019-05-31 11:30:00,0.0,0.065153435
2019-05-30,2019-05-31 11:45:00,0.0,-0.068107836
2019-05-30,2019-05-31 12:00:00,0.0,-0.06332737
2019-05-30,2019-05-31 12:15:00,0.0,-0.12743789
2019-05-30,2019-05-31 12:30:00,0.0,-0.114245206
2019-05-30,2019-05-31 12:45:00,0.0,-0.1777244
2019-05-30,2019-05-31 13:00:00,0.0,-0.22648549
2019-05-30,2019-05-31 13:15:00,0.0,-0.15255499
2019-05-30,2019-05-31 13:30:00,0.0,-0.19499254
2019-05-30,2019-05-31 13:45:00,0.0,-0.16861483
2019-05-30,2019-05-31 14:00:00,0.0,-0.15461804
2019-05-30,2019-05-31 14:15:00,0.0,-0.19563876
2019-05-30,2019-05-31 14:30:00,0.0,-0.11961095
2019-05-30,2019-05-31 14:45:00,0.0,-0.036662348
2019-05-30,2019-05-31 15:00:00,0.0,-0.04778363
2019-05-30,2019-05-31 15:15:00,0.0,0.041674785
2019-05-30,2019-05-31 15:30:00,0.0,-0.060982198
2019-05-30,2019-05-31 15:45:00,0.0,0.0044730147
2019-05-30,2019-05-31 16:00:00,0.0,-0.03842629
2019-05-30,2019-05-31 16:15:00,0.0,0.0030980217
2019-05-30,2019-05-31 16:30:00,0.0,-0.0059102364
2019-05-30,2019-05-31 16:45:00,0.0,0.021378752
2019-05-30,2019-05-31 17:00:00,0.0,0.033093408
2019-05-30,2019-05-31 17:15:00,0.0,0.06359574
2019-05-30,2019-05-31 17:30:00,0.0,0.063554645
2019-05-30,2019-05-31 17:45:00,0.0,0.1672331
2019-05-30,2019-05-31 18:00:00,0.0,0.061527688
2019-05-30,2019-05-31 18:15:00,0.0,0.10672533
2019-05-30,2019-05-31 18:30:00,0.0,0.17913175
2019-05-30,2019-05-31 18:45:00,0.0,0.094483696
2019-05-30,2019-05-31 19:00:00,0.0,0.10588684
2019-05-30,2019-05-31 19:15:00,0.0,0.13509811
2019-05-30,2019-05-31 19:30:00,0.0,0.16051485
2019-05-30,2019-05-31 19:45:00,0.0,0.1251817
2019-05-30,2019-05-31 20:00:00,0.0,0.11179618
2019-05-30,2019-05-31 20:15:00,0.0,0.10830654
2019-05-30,2019-05-31 20:30:00,0.0,0.14378104
2019-05-30,2019-05-31 20:45:00,0.0,0.051557194
2019-05-30,2019-05-31 21:00:00,0.0,0.020967603
2019-05-30,2019-05-31 21:15:00,0.0,-0.045748137
2019-05-30,2019-05-31 21:30:00,0.0,0.10607756
2019-05-30,2019-05-31 21:45:00,0.0,0.008580166
2019-05-30,2019-05-31 22:00:00,0.077344,0.06929372
2019-05-30,2019-05-31 22:15:00,0.16875,0.16018549
2019-05-30,2019-05-31 22:30:00,0.344531,0.24584807
2019-05-30,2019-05-31 22:45:00,0.298828,0.36968353
2019-05-30,2019-05-31 23:00:00,0.351562,0.49873877
2019-05-30,2019-05-31 23:15:00,0.2953119999999999,0.60779816
2019-05-30,2019-05-31 23:30:00,0.523828,0.78252506
2019-05-30,2019-05-31 23:45:00,0.833203,1.0720896
2019-05-31,2019-06-01 00:00:00,0.794531,2.6382394
2019-05-31,2019-06-01 00:15:00,0.523828,2.847747
2019-05-31,2019-06-01 00:30:00,0.418359,3.1363199
2019-05-31,2019-06-01 00:45:00,0.369141,3.431056
2019-05-31,2019-06-01 01:00:00,1.283203,3.721098
2019-05-31,2019-06-01 01:15:00,2.025,3.9647899
2019-05-31,2019-06-01 01:30:00,3.241406,4.1480074
2019-05-31,2019-06-01 01:45:00,3.491015,4.3291883
2019-05-31,2019-06-01 02:00:00,3.765234,4.469876
2019-05-31,2019-06-01 02:15:00,3.877734,4.442825
2019-05-31,2019-06-01 02:30:00,3.986719,4.5425525
2019-05-31,2019-06-01 02:45:00,4.134375,4.575286
2019-05-31,2019-06-01 03:00:00,4.201172,4.633519
2019-05-31,2019-06-01 03:15:00,4.282031,4.6221056
2019-05-31,2019-06-01 03:30:00,4.2785150000000005,4.673955
2019-05-31,2019-06-01 03:45:00,4.264453,4.6883593
2019-05-31,2019-06-01 04:00:00,4.362891,4.574027
2019-05-31,2019-06-01 04:15:00,4.275,4.616162
2019-05-31,2019-06-01 04:30:00,4.148438,4.509829
2019-05-31,2019-06-01 04:45:00,4.355859,4.602556
2019-05-31,2019-06-01 05:00:00,4.369922,4.464349
2019-05-31,2019-06-01 05:15:00,2.439844,4.4165716
2019-05-31,2019-06-01 05:30:00,4.246875,4.412487
2019-05-31,2019-06-01 05:45:00,1.567969,4.4128356
2019-05-31,2019-06-01 06:00:00,1.6523439999999998,4.380776
2019-05-31,2019-06-01 06:15:00,4.33125,4.187602
2019-05-31,2019-06-01 06:30:00,3.863672,4.078288
2019-05-31,2019-06-01 06:45:00,2.091797,4.0326877
2019-05-31,2019-06-01 07:00:00,1.346484,3.769023
2019-05-31,2019-06-01 07:15:00,3.329297,3.55071
2019-05-31,2019-06-01 07:30:00,3.125391,3.280792
2019-05-31,2019-06-01 07:45:00,2.953125,3.0734632
2019-05-31,2019-06-01 08:00:00,2.696484,2.8582118
2019-05-31,2019-06-01 08:15:00,2.408203,2.449282
2019-05-31,2019-06-01 08:30:00,2.190234,2.2118042
2019-05-31,2019-06-01 08:45:00,1.923047,1.906304
2019-05-31,2019-06-01 09:00:00,1.645312,1.7276293
2019-05-31,2019-06-01 09:15:00,1.388672,1.29533
2019-05-31,2019-06-01 09:30:00,1.082812,1.1026585
2019-05-31,2019-06-01 09:45:00,0.8824219999999999,0.8519031
2019-05-31,2019-06-01 10:00:00,0.660937,0.7128711
2019-05-31,2019-06-01 10:15:00,0.478125,0.39271373
2019-05-31,2019-06-01 10:30:00,0.323438,0.20616435
2019-05-31,2019-06-01 10:45:00,0.210938,0.15385112
2019-05-31,2019-06-01 11:00:00,0.105469,0.05901875
2019-05-31,2019-06-01 11:15:00,0.0,0.0075068115
2019-05-31,2019-06-01 11:30:00,0.0,-0.06644101
2019-05-31,2019-06-01 11:45:00,0.0,-0.20104784
2019-05-31,2019-06-01 12:00:00,0.0,-0.20523185
2019-05-31,2019-06-01 12:15:00,0.0,-0.20944235
2019-05-31,2019-06-01 12:30:00,0.0,-0.28592402
2019-05-31,2019-06-01 12:45:00,0.0,-0.3125042
2019-05-31,2019-06-01 13:00:00,0.0,-0.33822086
2019-05-31,2019-06-01 13:15:00,0.0,-0.23332731
2019-05-31,2019-06-01 13:30:00,0.0,-0.25453168
2019-05-31,2019-06-01 13:45:00,0.0,-0.29117858
2019-05-31,2019-06-01 14:00:00,0.0,-0.27118373
2019-05-31,2019-06-01 14:15:00,0.0,-0.23230019
2019-05-31,2019-06-01 14:30:00,0.0,-0.17289887
2019-05-31,2019-06-01 14:45:00,0.0,-0.020074885
2019-05-31,2019-06-01 15:00:00,0.0,-0.18609951
2019-05-31,2019-06-01 15:15:00,0.0,-0.06209692
2019-05-31,2019-06-01 15:30:00,0.0,-0.09943877
2019-05-31,2019-06-01 15:45:00,0.0,-0.06341406
2019-05-31,2019-06-01 16:00:00,0.0,-0.18870223
2019-05-31,2019-06-01 16:15:00,0.0,-0.038885925
2019-05-31,2019-06-01 16:30:00,0.0,-0.11745983
2019-05-31,2019-06-01 16:45:00,0.0,-0.0568419
2019-05-31,2019-06-01 17:00:00,0.0,-0.072410576
2019-05-31,2019-06-01 17:15:00,0.0,0.013315531
2019-05-31,2019-06-01 17:30:00,0.0,0.028281502
2019-05-31,2019-06-01 17:45:00,0.0,0.08423924
2019-05-31,2019-06-01 18:00:00,0.0,0.037273128
2019-05-31,2019-06-01 18:15:00,0.0,0.04716406
2019-05-31,2019-06-01 18:30:00,0.0,0.035366707
2019-05-31,2019-06-01 18:45:00,0.0,0.07820378
2019-05-31,2019-06-01 19:00:00,0.0,0.0026809082
2019-05-31,2019-06-01 19:15:00,0.0,-0.0035553514
2019-05-31,2019-06-01 19:30:00,0.0,0.037573665
2019-05-31,2019-06-01 19:45:00,0.0,-0.04586866
2019-05-31,2019-06-01 20:00:00,0.0,0.0019090673
2019-05-31,2019-06-01 20:15:00,0.0,-0.07632329
2019-05-31,2019-06-01 20:30:00,0.0,-0.02346492
2019-05-31,2019-06-01 20:45:00,0.0,-0.124219395
2019-05-31,2019-06-01 21:00:00,0.0,-0.26350233
2019-05-31,2019-06-01 21:15:00,0.0,-0.22248818
2019-05-31,2019-06-01 21:30:00,0.080859,-0.112416215
2019-05-31,2019-06-01 21:45:00,0.165234,-0.19596413
2019-05-31,2019-06-01 22:00:00,0.2847659999999999,-0.15349792
2019-05-31,2019-06-01 22:15:00,0.4148439999999999,0.009288582
2019-05-31,2019-06-01 22:30:00,0.541406,0.17065203
2019-05-31,2019-06-01 22:45:00,0.776953,0.3016041
2019-05-31,2019-06-01 23:00:00,0.987891,0.47248393
2019-05-31,2019-06-01 23:15:00,1.241016,0.6113257
2019-05-31,2019-06-01 23:30:00,1.364062,0.9318049
2019-05-31,2019-06-01 23:45:00,1.582031,1.2634703
