起报时间,预报时间,实际功率 (MW),BiFusionModel预测功率 (MW)
2019-02-22,2019-02-23 00:00:00,0.351562,0.20495933
2019-02-22,2019-02-23 00:15:00,0.520312,0.25900108
2019-02-22,2019-02-23 00:30:00,0.734766,0.36511204
2019-02-22,2019-02-23 00:45:00,0.994922,0.4665082
2019-02-22,2019-02-23 01:00:00,1.241016,0.612042
2019-02-22,2019-02-23 01:15:00,1.480078,0.7379204
2019-02-22,2019-02-23 01:30:00,1.712109,0.91465974
2019-02-22,2019-02-23 01:45:00,2.003906,1.0507098
2019-02-22,2019-02-23 02:00:00,2.267578,1.1959375
2019-02-22,2019-02-23 02:15:00,2.576953,1.337079
2019-02-22,2019-02-23 02:30:00,2.784375,1.484442
2019-02-22,2019-02-23 02:45:00,3.005859,1.6013412
2019-02-22,2019-02-23 03:00:00,3.128906,1.7203288
2019-02-22,2019-02-23 03:15:00,3.174609,1.7839864
2019-02-22,2019-02-23 03:30:00,3.364453,1.8573498
2019-02-22,2019-02-23 03:45:00,3.455859,1.9190435
2019-02-22,2019-02-23 04:00:00,3.533203,1.9372693
2019-02-22,2019-02-23 04:15:00,3.614062,1.9570198
2019-02-22,2019-02-23 04:30:00,3.607031,1.9703041
2019-02-22,2019-02-23 04:45:00,3.3433589999999995,1.9596927
2019-02-22,2019-02-23 05:00:00,3.4066410000000005,1.9145498
2019-02-22,2019-02-23 05:15:00,3.571875,1.9538678
2019-02-22,2019-02-23 05:30:00,3.494531,1.9209646
2019-02-22,2019-02-23 05:45:00,3.290625,1.8856856
2019-02-22,2019-02-23 06:00:00,3.353906,1.8185946
2019-02-22,2019-02-23 06:15:00,3.2449220000000003,1.743073
2019-02-22,2019-02-23 06:30:00,2.946094,1.6636924
2019-02-22,2019-02-23 06:45:00,2.960156,1.5858955
2019-02-22,2019-02-23 07:00:00,2.633203,1.4815242
2019-02-22,2019-02-23 07:15:00,2.387109,1.3649625
2019-02-22,2019-02-23 07:30:00,2.102344,1.2474304
2019-02-22,2019-02-23 07:45:00,1.919531,1.1237156
2019-02-22,2019-02-23 08:00:00,1.508203,1.0051523
2019-02-22,2019-02-23 08:15:00,1.272656,0.8568457
2019-02-22,2019-02-23 08:30:00,1.037109,0.740624
2019-02-22,2019-02-23 08:45:00,0.713672,0.6192267
2019-02-22,2019-02-23 09:00:00,0.4710939999999999,0.49382752
2019-02-22,2019-02-23 09:15:00,0.319922,0.42495817
2019-02-22,2019-02-23 09:30:00,0.186328,0.31144896
2019-02-22,2019-02-23 09:45:00,0.014062,0.24755503
2019-02-22,2019-02-23 10:00:00,0.0,0.15588298
2019-02-22,2019-02-23 10:15:00,0.0,0.08129096
2019-02-22,2019-02-23 10:30:00,0.0,0.04657247
2019-02-22,2019-02-23 10:45:00,0.0,0.0062309485
2019-02-22,2019-02-23 11:00:00,0.0,-0.024439018
2019-02-22,2019-02-23 11:15:00,0.0,-0.022651333
2019-02-22,2019-02-23 11:30:00,0.0,-0.031886723
2019-02-22,2019-02-23 11:45:00,0.0,-0.016721457
2019-02-22,2019-02-23 12:00:00,0.0,-0.0032651108
2019-02-22,2019-02-23 12:15:00,0.0,0.0031306844
2019-02-22,2019-02-23 12:30:00,0.0,0.0351451
2019-02-22,2019-02-23 12:45:00,0.0,0.0364158
2019-02-22,2019-02-23 13:00:00,0.0,0.040670317
2019-02-22,2019-02-23 13:15:00,0.0,0.044615503
2019-02-22,2019-02-23 13:30:00,0.0,0.037756
2019-02-22,2019-02-23 13:45:00,0.0,0.023037545
2019-02-22,2019-02-23 14:00:00,0.0,0.026567219
2019-02-22,2019-02-23 14:15:00,0.0,0.019599821
2019-02-22,2019-02-23 14:30:00,0.0,0.015889684
2019-02-22,2019-02-23 14:45:00,0.0,0.0076853815
2019-02-22,2019-02-23 15:00:00,0.0,-0.0020723913
2019-02-22,2019-02-23 15:15:00,0.0,0.0111959
2019-02-22,2019-02-23 15:30:00,0.0,0.012162367
2019-02-22,2019-02-23 15:45:00,0.0,0.026734596
2019-02-22,2019-02-23 16:00:00,0.0,0.027348634
2019-02-22,2019-02-23 16:15:00,0.0,0.02811322
2019-02-22,2019-02-23 16:30:00,0.0,0.041046437
2019-02-22,2019-02-23 16:45:00,0.0,0.05286539
2019-02-22,2019-02-23 17:00:00,0.0,0.063969895
2019-02-22,2019-02-23 17:15:00,0.0,0.04863552
2019-02-22,2019-02-23 17:30:00,0.0,0.03835863
2019-02-22,2019-02-23 17:45:00,0.0,0.040705346
2019-02-22,2019-02-23 18:00:00,0.0,0.020107321
2019-02-22,2019-02-23 18:15:00,0.0,0.007272154
2019-02-22,2019-02-23 18:30:00,0.0,-0.012465935
2019-02-22,2019-02-23 18:45:00,0.0,-0.03255752
2019-02-22,2019-02-23 19:00:00,0.0,-0.05554775
2019-02-22,2019-02-23 19:15:00,0.0,-0.06501731
2019-02-22,2019-02-23 19:30:00,0.0,-0.085789725
2019-02-22,2019-02-23 19:45:00,0.0,-0.08283854
2019-02-22,2019-02-23 20:00:00,0.0,-0.08283797
2019-02-22,2019-02-23 20:15:00,0.0,-0.08774982
2019-02-22,2019-02-23 20:30:00,0.0,-0.0888052
2019-02-22,2019-02-23 20:45:00,0.0,-0.09184571
2019-02-22,2019-02-23 21:00:00,0.0,-0.078696415
2019-02-22,2019-02-23 21:15:00,0.0,-0.05894642
2019-02-22,2019-02-23 21:30:00,0.0,-0.038587455
2019-02-22,2019-02-23 21:45:00,0.0,-0.030595403
2019-02-22,2019-02-23 22:00:00,0.0,-0.016836861
2019-02-22,2019-02-23 22:15:00,0.0,-0.025565209
2019-02-22,2019-02-23 22:30:00,0.0,-0.00996167
2019-02-22,2019-02-23 22:45:00,0.0,0.04218466
2019-02-22,2019-02-23 23:00:00,0.0,0.036144193
2019-02-22,2019-02-23 23:15:00,0.035156,0.069164686
2019-02-22,2019-02-23 23:30:00,0.133594,0.12487737
2019-02-22,2019-02-23 23:45:00,0.228516,0.16014032
2019-02-23,2019-02-24 00:00:00,0.400781,0.43528512
2019-02-23,2019-02-24 00:15:00,0.573047,0.57097393
2019-02-23,2019-02-24 00:30:00,0.769922,0.7450795
2019-02-23,2019-02-24 00:45:00,0.95625,0.9341666
2019-02-23,2019-02-24 01:00:00,1.209375,1.15485
2019-02-23,2019-02-24 01:15:00,1.466016,1.377454
2019-02-23,2019-02-24 01:30:00,1.613672,1.6279067
2019-02-23,2019-02-24 01:45:00,1.880859,1.8190086
2019-02-23,2019-02-24 02:00:00,2.077734,2.0539703
2019-02-23,2019-02-24 02:15:00,1.996875,2.1995819
2019-02-23,2019-02-24 02:30:00,2.358984,2.4146307
2019-02-23,2019-02-24 02:45:00,2.580469,2.510173
2019-02-23,2019-02-24 03:00:00,2.351953,2.6795018
2019-02-23,2019-02-24 03:15:00,2.053125,2.72747
2019-02-23,2019-02-24 03:30:00,2.264062,2.8361986
2019-02-23,2019-02-24 03:45:00,1.958203,2.8626158
2019-02-23,2019-02-24 04:00:00,1.497656,2.8575053
2019-02-23,2019-02-24 04:15:00,1.634766,2.8820982
2019-02-23,2019-02-24 04:30:00,2.141016,2.924892
2019-02-23,2019-02-24 04:45:00,1.923047,2.8917434
2019-02-23,2019-02-24 05:00:00,2.489063,2.7862995
2019-02-23,2019-02-24 05:15:00,2.242969,2.8342092
2019-02-23,2019-02-24 05:30:00,1.610156,2.799784
2019-02-23,2019-02-24 05:45:00,1.996875,2.7080054
2019-02-23,2019-02-24 06:00:00,1.469531,2.6164494
2019-02-23,2019-02-24 06:15:00,1.314844,2.50639
2019-02-23,2019-02-24 06:30:00,1.381641,2.3539727
2019-02-23,2019-02-24 06:45:00,1.29375,2.2088463
2019-02-23,2019-02-24 07:00:00,1.142578,2.0970047
2019-02-23,2019-02-24 07:15:00,1.163672,1.8958161
2019-02-23,2019-02-24 07:30:00,1.117969,1.7090213
2019-02-23,2019-02-24 07:45:00,1.082812,1.474875
2019-02-23,2019-02-24 08:00:00,0.8085939999999999,1.291905
2019-02-23,2019-02-24 08:15:00,0.6152340000000001,1.0557892
2019-02-23,2019-02-24 08:30:00,0.464063,0.85850656
2019-02-23,2019-02-24 08:45:00,0.333984,0.67572755
2019-02-23,2019-02-24 09:00:00,0.2355469999999999,0.48353752
2019-02-23,2019-02-24 09:15:00,0.16875,0.36293298
2019-02-23,2019-02-24 09:30:00,0.126563,0.19566552
2019-02-23,2019-02-24 09:45:00,0.0210939999999999,0.08965541
2019-02-23,2019-02-24 10:00:00,0.0,-0.015853971
2019-02-23,2019-02-24 10:15:00,0.0,-0.1097239
2019-02-23,2019-02-24 10:30:00,0.0,-0.13231339
2019-02-23,2019-02-24 10:45:00,0.0,-0.16189466
2019-02-23,2019-02-24 11:00:00,0.0,-0.19028121
2019-02-23,2019-02-24 11:15:00,0.0,-0.15103301
2019-02-23,2019-02-24 11:30:00,0.0,-0.14710768
2019-02-23,2019-02-24 11:45:00,0.0,-0.12683035
2019-02-23,2019-02-24 12:00:00,0.0,-0.10080783
2019-02-23,2019-02-24 12:15:00,0.0,-0.078804724
2019-02-23,2019-02-24 12:30:00,0.0,-0.018377421
2019-02-23,2019-02-24 12:45:00,0.0,-0.04406107
2019-02-23,2019-02-24 13:00:00,0.0,-0.018696107
2019-02-23,2019-02-24 13:15:00,0.0,-0.010113082
2019-02-23,2019-02-24 13:30:00,0.0,-0.020037552
2019-02-23,2019-02-24 13:45:00,0.0,-0.03555697
2019-02-23,2019-02-24 14:00:00,0.0,-0.050173413
2019-02-23,2019-02-24 14:15:00,0.0,-0.035818066
2019-02-23,2019-02-24 14:30:00,0.0,-0.053058535
2019-02-23,2019-02-24 14:45:00,0.0,-0.02061791
2019-02-23,2019-02-24 15:00:00,0.0,-0.030546496
2019-02-23,2019-02-24 15:15:00,0.0,-0.05143332
2019-02-23,2019-02-24 15:30:00,0.0,-0.007922693
2019-02-23,2019-02-24 15:45:00,0.0,-0.00812299
2019-02-23,2019-02-24 16:00:00,0.0,-0.019789131
2019-02-23,2019-02-24 16:15:00,0.0,0.021365749
2019-02-23,2019-02-24 16:30:00,0.0,0.04030645
2019-02-23,2019-02-24 16:45:00,0.0,0.021840865
2019-02-23,2019-02-24 17:00:00,0.0,0.03136365
2019-02-23,2019-02-24 17:15:00,0.0,0.03505786
2019-02-23,2019-02-24 17:30:00,0.0,0.06826002
2019-02-23,2019-02-24 17:45:00,0.0,0.061029162
2019-02-23,2019-02-24 18:00:00,0.0,0.06496224
2019-02-23,2019-02-24 18:15:00,0.0,0.049780488
2019-02-23,2019-02-24 18:30:00,0.0,0.048734967
2019-02-23,2019-02-24 18:45:00,0.0,0.021338126
2019-02-23,2019-02-24 19:00:00,0.0,0.014312969
2019-02-23,2019-02-24 19:15:00,0.0,0.041128233
2019-02-23,2019-02-24 19:30:00,0.0,0.024788
2019-02-23,2019-02-24 19:45:00,0.0,0.04411329
2019-02-23,2019-02-24 20:00:00,0.0,-0.011305266
2019-02-23,2019-02-24 20:15:00,0.0,-0.04226267
2019-02-23,2019-02-24 20:30:00,0.0,-0.058327276
2019-02-23,2019-02-24 20:45:00,0.0,-0.04139195
2019-02-23,2019-02-24 21:00:00,0.0,-0.10516675
2019-02-23,2019-02-24 21:15:00,0.0,-0.06792355
2019-02-23,2019-02-24 21:30:00,0.0,-0.11005865
2019-02-23,2019-02-24 21:45:00,0.0,-0.12420761
2019-02-23,2019-02-24 22:00:00,0.0,-0.0813615
2019-02-23,2019-02-24 22:15:00,0.0,-0.17946011
2019-02-23,2019-02-24 22:30:00,0.0,-0.15037452
2019-02-23,2019-02-24 22:45:00,0.0,-0.07625205
2019-02-23,2019-02-24 23:00:00,0.0,-0.11213501
2019-02-23,2019-02-24 23:15:00,0.007031,-0.10020139
2019-02-23,2019-02-24 23:30:00,0.091406,-0.0032303804
2019-02-23,2019-02-24 23:45:00,0.214453,0.029131731
2019-02-24,2019-02-25 00:00:00,0.267188,0.40925807
2019-02-24,2019-02-25 00:15:00,0.478125,0.56366
2019-02-24,2019-02-25 00:30:00,0.573047,0.77030754
2019-02-24,2019-02-25 00:45:00,0.727734,0.9739365
2019-02-24,2019-02-25 01:00:00,1.008984,1.215239
2019-02-24,2019-02-25 01:15:00,1.226953,1.4480889
2019-02-24,2019-02-25 01:30:00,1.430859,1.7084798
2019-02-24,2019-02-25 01:45:00,1.666406,1.9193308
2019-02-24,2019-02-25 02:00:00,1.85625,2.1595662
2019-02-24,2019-02-25 02:15:00,2.109375,2.3223584
2019-02-24,2019-02-25 02:30:00,2.211328,2.5322766
2019-02-24,2019-02-25 02:45:00,2.327344,2.6482708
2019-02-24,2019-02-25 03:00:00,2.397656,2.824454
2019-02-24,2019-02-25 03:15:00,2.548828,2.875871
2019-02-24,2019-02-25 03:30:00,2.608594,2.972161
2019-02-24,2019-02-25 03:45:00,2.707031,2.989515
2019-02-24,2019-02-25 04:00:00,2.742188,2.974144
2019-02-24,2019-02-25 04:15:00,2.794922,2.984662
2019-02-24,2019-02-25 04:30:00,2.777344,3.005269
2019-02-24,2019-02-25 04:45:00,2.707031,2.9620824
2019-02-24,2019-02-25 05:00:00,2.668359,2.838302
2019-02-24,2019-02-25 05:15:00,2.626172,2.8533561
2019-02-24,2019-02-25 05:30:00,2.288672,2.7814982
2019-02-24,2019-02-25 05:45:00,2.496094,2.6636183
2019-02-24,2019-02-25 06:00:00,2.496094,2.5415852
2019-02-24,2019-02-25 06:15:00,2.373047,2.3859267
2019-02-24,2019-02-25 06:30:00,2.246484,2.2271981
2019-02-24,2019-02-25 06:45:00,2.042578,2.0377598
2019-02-24,2019-02-25 07:00:00,1.901953,1.9094622
2019-02-24,2019-02-25 07:15:00,1.736719,1.7027735
2019-02-24,2019-02-25 07:30:00,1.469531,1.5108106
2019-02-24,2019-02-25 07:45:00,0.8578129999999999,1.2712873
2019-02-24,2019-02-25 08:00:00,1.163672,1.090263
2019-02-24,2019-02-25 08:15:00,0.601172,0.8810561
2019-02-24,2019-02-25 08:30:00,0.6574220000000001,0.7001332
2019-02-24,2019-02-25 08:45:00,0.523828,0.5428749
2019-02-24,2019-02-25 09:00:00,0.376172,0.38603532
2019-02-24,2019-02-25 09:15:00,0.151172,0.29806867
2019-02-24,2019-02-25 09:30:00,0.098438,0.1650215
2019-02-24,2019-02-25 09:45:00,0.0105469999999999,0.09497347
2019-02-24,2019-02-25 10:00:00,0.0,0.019955289
2019-02-24,2019-02-25 10:15:00,0.0,-0.034018822
2019-02-24,2019-02-25 10:30:00,0.0,-0.030470287
2019-02-24,2019-02-25 10:45:00,0.0,-0.05323973
2019-02-24,2019-02-25 11:00:00,0.0,-0.065314904
2019-02-24,2019-02-25 11:15:00,0.0,-0.024185523
2019-02-24,2019-02-25 11:30:00,0.0,-0.014379354
2019-02-24,2019-02-25 11:45:00,0.0,-0.0048950273
2019-02-24,2019-02-25 12:00:00,0.0,0.011944705
2019-02-24,2019-02-25 12:15:00,0.0,0.027661713
2019-02-24,2019-02-25 12:30:00,0.0,0.06701359
2019-02-24,2019-02-25 12:45:00,0.0,0.046077836
2019-02-24,2019-02-25 13:00:00,0.0,0.049263015
2019-02-24,2019-02-25 13:15:00,0.0,0.0437594
2019-02-24,2019-02-25 13:30:00,0.0,0.023487931
2019-02-24,2019-02-25 13:45:00,0.0,-0.008947428
2019-02-24,2019-02-25 14:00:00,0.0,-0.011469732
2019-02-24,2019-02-25 14:15:00,0.0,-0.013049497
2019-02-24,2019-02-25 14:30:00,0.0,-0.042502023
2019-02-24,2019-02-25 14:45:00,0.0,-0.009075322
2019-02-24,2019-02-25 15:00:00,0.0,-0.041935556
2019-02-24,2019-02-25 15:15:00,0.0,-0.04540624
2019-02-24,2019-02-25 15:30:00,0.0,-0.02212554
2019-02-24,2019-02-25 15:45:00,0.0,-0.013302898
2019-02-24,2019-02-25 16:00:00,0.0,-0.0273796
2019-02-24,2019-02-25 16:15:00,0.0,0.0007563557
2019-02-24,2019-02-25 16:30:00,0.0,0.006243201
2019-02-24,2019-02-25 16:45:00,0.0,-0.00011647479
2019-02-24,2019-02-25 17:00:00,0.0,0.003953991
2019-02-24,2019-02-25 17:15:00,0.0,0.005323336
2019-02-24,2019-02-25 17:30:00,0.0,0.02174691
2019-02-24,2019-02-25 17:45:00,0.0,0.024022046
2019-02-24,2019-02-25 18:00:00,0.0,0.02379099
2019-02-24,2019-02-25 18:15:00,0.0,0.016357342
2019-02-24,2019-02-25 18:30:00,0.0,0.013204143
2019-02-24,2019-02-25 18:45:00,0.0,-0.0015906596
2019-02-24,2019-02-25 19:00:00,0.0,-0.00080466055
2019-02-24,2019-02-25 19:15:00,0.0,0.02938823
2019-02-24,2019-02-25 19:30:00,0.0,0.022696283
2019-02-24,2019-02-25 19:45:00,0.0,0.046277363
2019-02-24,2019-02-25 20:00:00,0.0,0.0073044053
2019-02-24,2019-02-25 20:15:00,0.0,-0.02213217
2019-02-24,2019-02-25 20:30:00,0.0,-0.038573112
2019-02-24,2019-02-25 20:45:00,0.0,-0.028979534
2019-02-24,2019-02-25 21:00:00,0.0,-0.08069144
2019-02-24,2019-02-25 21:15:00,0.0,-0.06449473
2019-02-24,2019-02-25 21:30:00,0.0,-0.10275497
2019-02-24,2019-02-25 21:45:00,0.0,-0.12754595
2019-02-24,2019-02-25 22:00:00,0.0,-0.09438116
2019-02-24,2019-02-25 22:15:00,0.0,-0.18226822
2019-02-24,2019-02-25 22:30:00,0.0,-0.16396424
2019-02-24,2019-02-25 22:45:00,0.0,-0.084117115
2019-02-24,2019-02-25 23:00:00,0.0,-0.11789279
2019-02-24,2019-02-25 23:15:00,0.0,-0.08391429
2019-02-24,2019-02-25 23:30:00,0.05625,0.019136298
2019-02-24,2019-02-25 23:45:00,0.203906,0.06644424
2019-02-25,2019-02-26 00:00:00,0.239063,0.41803163
2019-02-25,2019-02-26 00:15:00,0.2847659999999999,0.53232646
2019-02-25,2019-02-26 00:30:00,0.330469,0.67884594
2019-02-25,2019-02-26 00:45:00,0.566016,0.8406527
2019-02-25,2019-02-26 01:00:00,0.727734,1.0199671
2019-02-25,2019-02-26 01:15:00,0.805078,1.1914964
2019-02-25,2019-02-26 01:30:00,0.931641,1.3951753
2019-02-25,2019-02-26 01:45:00,1.086328,1.5623682
2019-02-25,2019-02-26 02:00:00,1.698047,1.7478436
2019-02-25,2019-02-26 02:15:00,1.501172,1.864486
2019-02-25,2019-02-26 02:30:00,1.318359,2.0327475
2019-02-25,2019-02-26 02:45:00,1.096875,2.1190355
2019-02-25,2019-02-26 03:00:00,0.980859,2.23341
2019-02-25,2019-02-26 03:15:00,1.388672,2.2682486
2019-02-25,2019-02-26 03:30:00,1.7015619999999998,2.3398278
2019-02-25,2019-02-26 03:45:00,1.771875,2.3474867
2019-02-25,2019-02-26 04:00:00,1.986328,2.3266432
2019-02-25,2019-02-26 04:15:00,1.655859,2.327127
2019-02-25,2019-02-26 04:30:00,1.884375,2.325328
2019-02-25,2019-02-26 04:45:00,1.771875,2.2774603
2019-02-25,2019-02-26 05:00:00,2.130469,2.1777697
2019-02-25,2019-02-26 05:15:00,1.905469,2.1859188
2019-02-25,2019-02-26 05:30:00,1.708594,2.128469
2019-02-25,2019-02-26 05:45:00,1.490625,2.0298197
2019-02-25,2019-02-26 06:00:00,1.571484,1.9403327
2019-02-25,2019-02-26 06:15:00,1.669922,1.8073155
2019-02-25,2019-02-26 06:30:00,1.525781,1.6739973
2019-02-25,2019-02-26 06:45:00,1.564453,1.531902
2019-02-25,2019-02-26 07:00:00,1.342969,1.4115406
2019-02-25,2019-02-26 07:15:00,1.353516,1.2420703
2019-02-25,2019-02-26 07:30:00,1.2375,1.0726483
2019-02-25,2019-02-26 07:45:00,0.980859,0.8876762
2019-02-25,2019-02-26 08:00:00,0.931641,0.74926627
2019-02-25,2019-02-26 08:15:00,0.914062,0.57565403
2019-02-25,2019-02-26 08:30:00,0.675,0.43000558
2019-02-25,2019-02-26 08:45:00,0.537891,0.30645555
2019-02-25,2019-02-26 09:00:00,0.407813,0.17701456
2019-02-25,2019-02-26 09:15:00,0.2953119999999999,0.116225645
2019-02-25,2019-02-26 09:30:00,0.151172,0.012149133
2019-02-25,2019-02-26 09:45:00,0.045703,-0.042921145
2019-02-25,2019-02-26 10:00:00,0.0,-0.10032129
2019-02-25,2019-02-26 10:15:00,0.0,-0.14538077
2019-02-25,2019-02-26 10:30:00,0.0,-0.14045595
2019-02-25,2019-02-26 10:45:00,0.0,-0.14780612
2019-02-25,2019-02-26 11:00:00,0.0,-0.14378533
2019-02-25,2019-02-26 11:15:00,0.0,-0.09984466
2019-02-25,2019-02-26 11:30:00,0.0,-0.08889125
2019-02-25,2019-02-26 11:45:00,0.0,-0.06903031
2019-02-25,2019-02-26 12:00:00,0.0,-0.045718167
2019-02-25,2019-02-26 12:15:00,0.0,-0.017865425
2019-02-25,2019-02-26 12:30:00,0.0,0.02903861
2019-02-25,2019-02-26 12:45:00,0.0,0.010991899
2019-02-25,2019-02-26 13:00:00,0.0,0.031773094
2019-02-25,2019-02-26 13:15:00,0.0,0.02997587
2019-02-25,2019-02-26 13:30:00,0.0,0.023477694
2019-02-25,2019-02-26 13:45:00,0.0,0.006134956
2019-02-25,2019-02-26 14:00:00,0.0,0.0016587113
2019-02-25,2019-02-26 14:15:00,0.0,0.005417055
2019-02-25,2019-02-26 14:30:00,0.0,-0.012549547
2019-02-25,2019-02-26 14:45:00,0.0,0.021242894
2019-02-25,2019-02-26 15:00:00,0.0,0.015232828
2019-02-25,2019-02-26 15:15:00,0.0,0.0035065475
2019-02-25,2019-02-26 15:30:00,0.0,0.030329512
2019-02-25,2019-02-26 15:45:00,0.0,0.048990767
2019-02-25,2019-02-26 16:00:00,0.0,0.046296064
2019-02-25,2019-02-26 16:15:00,0.0,0.072015986
2019-02-25,2019-02-26 16:30:00,0.0,0.08398746
2019-02-25,2019-02-26 16:45:00,0.0,0.086024486
2019-02-25,2019-02-26 17:00:00,0.0,0.083423965
2019-02-25,2019-02-26 17:15:00,0.0,0.081770405
2019-02-25,2019-02-26 17:30:00,0.0,0.0930995
2019-02-25,2019-02-26 17:45:00,0.0,0.09404891
2019-02-25,2019-02-26 18:00:00,0.0,0.079306915
2019-02-25,2019-02-26 18:15:00,0.0,0.061700545
2019-02-25,2019-02-26 18:30:00,0.0,0.039566617
2019-02-25,2019-02-26 18:45:00,0.0,0.019440878
2019-02-25,2019-02-26 19:00:00,0.0,0.0016533721
2019-02-25,2019-02-26 19:15:00,0.0,0.0177699
2019-02-25,2019-02-26 19:30:00,0.0,0.0056530447
2019-02-25,2019-02-26 19:45:00,0.0,0.01972958
2019-02-25,2019-02-26 20:00:00,0.0,-0.02384868
2019-02-25,2019-02-26 20:15:00,0.0,-0.046686348
2019-02-25,2019-02-26 20:30:00,0.0,-0.053739525
2019-02-25,2019-02-26 20:45:00,0.0,-0.053276367
2019-02-25,2019-02-26 21:00:00,0.0,-0.09144286
2019-02-25,2019-02-26 21:15:00,0.0,-0.070025995
2019-02-25,2019-02-26 21:30:00,0.0,-0.09589323
2019-02-25,2019-02-26 21:45:00,0.0,-0.10507332
2019-02-25,2019-02-26 22:00:00,0.0,-0.06994407
2019-02-25,2019-02-26 22:15:00,0.0,-0.13285665
2019-02-25,2019-02-26 22:30:00,0.0,-0.11042635
2019-02-25,2019-02-26 22:45:00,0.0,-0.030746443
2019-02-25,2019-02-26 23:00:00,0.0,-0.044724397
2019-02-25,2019-02-26 23:15:00,0.0,-0.003358943
2019-02-25,2019-02-26 23:30:00,0.123047,0.08947468
2019-02-25,2019-02-26 23:45:00,0.2074219999999999,0.121502504
2019-02-26,2019-02-27 00:00:00,0.253125,0.33654878
2019-02-26,2019-02-27 00:15:00,0.467578,0.44980985
2019-02-26,2019-02-27 00:30:00,0.689062,0.5969274
2019-02-26,2019-02-27 00:45:00,0.460547,0.76520133
2019-02-26,2019-02-27 01:00:00,0.537891,0.95211834
2019-02-26,2019-02-27 01:15:00,0.6574220000000001,1.1325756
2019-02-26,2019-02-27 01:30:00,0.8578129999999999,1.3388485
2019-02-26,2019-02-27 01:45:00,1.058203,1.5183768
2019-02-26,2019-02-27 02:00:00,1.6523439999999998,1.7113487
2019-02-26,2019-02-27 02:15:00,1.620703,1.8390175
2019-02-26,2019-02-27 02:30:00,2.133984,2.0049274
2019-02-26,2019-02-27 02:45:00,2.172656,2.1049902
2019-02-26,2019-02-27 03:00:00,2.475,2.2288003
2019-02-26,2019-02-27 03:15:00,2.671875,2.2605822
2019-02-26,2019-02-27 03:30:00,2.390625,2.3261383
2019-02-26,2019-02-27 03:45:00,2.594531,2.3341274
2019-02-26,2019-02-27 04:00:00,2.949609,2.3138313
2019-02-26,2019-02-27 04:15:00,3.033984,2.2949557
2019-02-26,2019-02-27 04:30:00,2.735156,2.2880976
2019-02-26,2019-02-27 04:45:00,3.009375,2.2284527
2019-02-26,2019-02-27 05:00:00,2.225391,2.1122985
2019-02-26,2019-02-27 05:15:00,3.209765,2.0865839
2019-02-26,2019-02-27 05:30:00,3.005859,1.9947037
2019-02-26,2019-02-27 05:45:00,2.903906,1.8661027
2019-02-26,2019-02-27 06:00:00,2.925,1.7559135
2019-02-26,2019-02-27 06:15:00,2.851172,1.5859827
2019-02-26,2019-02-27 06:30:00,2.664844,1.4409022
2019-02-26,2019-02-27 06:45:00,2.545312,1.2582694
2019-02-26,2019-02-27 07:00:00,2.373047,1.1184851
2019-02-26,2019-02-27 07:15:00,2.176172,0.9385562
2019-02-26,2019-02-27 07:30:00,1.986328,0.76608795
2019-02-26,2019-02-27 07:45:00,1.838672,0.5807558
2019-02-26,2019-02-27 08:00:00,1.546875,0.44777155
2019-02-26,2019-02-27 08:15:00,1.328906,0.29672238
2019-02-26,2019-02-27 08:30:00,1.026562,0.16431011
2019-02-26,2019-02-27 08:45:00,0.776953,0.072727755
2019-02-26,2019-02-27 09:00:00,0.5167970000000001,-0.028280346
2019-02-26,2019-02-27 09:15:00,0.341016,-0.05214543
2019-02-26,2019-02-27 09:30:00,0.196875,-0.11977141
2019-02-26,2019-02-27 09:45:00,0.0210939999999999,-0.14618511
2019-02-26,2019-02-27 10:00:00,0.0,-0.16158247
2019-02-26,2019-02-27 10:15:00,0.0,-0.17503148
2019-02-26,2019-02-27 10:30:00,0.0,-0.1468823
2019-02-26,2019-02-27 10:45:00,0.0,-0.1419008
2019-02-26,2019-02-27 11:00:00,0.0,-0.10715303
2019-02-26,2019-02-27 11:15:00,0.0,-0.0541137
2019-02-26,2019-02-27 11:30:00,0.0,-0.03466717
2019-02-26,2019-02-27 11:45:00,0.0,-0.012979574
2019-02-26,2019-02-27 12:00:00,0.0,0.012795438
2019-02-26,2019-02-27 12:15:00,0.0,0.045080137
2019-02-26,2019-02-27 12:30:00,0.0,0.0822238
2019-02-26,2019-02-27 12:45:00,0.0,0.07041373
2019-02-26,2019-02-27 13:00:00,0.0,0.08294353
2019-02-26,2019-02-27 13:15:00,0.0,0.06823231
2019-02-26,2019-02-27 13:30:00,0.0,0.058838543
2019-02-26,2019-02-27 13:45:00,0.0,0.031493675
2019-02-26,2019-02-27 14:00:00,0.0,0.040656585
2019-02-26,2019-02-27 14:15:00,0.0,0.030695727
2019-02-26,2019-02-27 14:30:00,0.0,0.008041513
2019-02-26,2019-02-27 14:45:00,0.0,0.036957588
2019-02-26,2019-02-27 15:00:00,0.0,0.016763976
2019-02-26,2019-02-27 15:15:00,0.0,0.017063526
2019-02-26,2019-02-27 15:30:00,0.0,0.028704545
2019-02-26,2019-02-27 15:45:00,0.0,0.058778927
2019-02-26,2019-02-27 16:00:00,0.0,0.053900853
2019-02-26,2019-02-27 16:15:00,0.0,0.06883532
2019-02-26,2019-02-27 16:30:00,0.0,0.07589309
2019-02-26,2019-02-27 16:45:00,0.0,0.09321409
2019-02-26,2019-02-27 17:00:00,0.0,0.07835609
2019-02-26,2019-02-27 17:15:00,0.0,0.07848237
2019-02-26,2019-02-27 17:30:00,0.0,0.0799341
2019-02-26,2019-02-27 17:45:00,0.0,0.08589574
2019-02-26,2019-02-27 18:00:00,0.0,0.061988275
2019-02-26,2019-02-27 18:15:00,0.0,0.04757653
2019-02-26,2019-02-27 18:30:00,0.0,0.033008095
2019-02-26,2019-02-27 18:45:00,0.0,0.012668398
2019-02-26,2019-02-27 19:00:00,0.0,-0.0016572659
2019-02-26,2019-02-27 19:15:00,0.0,0.01597919
2019-02-26,2019-02-27 19:30:00,0.0,0.010224963
2019-02-26,2019-02-27 19:45:00,0.0,0.02081491
2019-02-26,2019-02-27 20:00:00,0.0,-0.004100135
2019-02-26,2019-02-27 20:15:00,0.0,-0.035141494
2019-02-26,2019-02-27 20:30:00,0.0,-0.040537074
2019-02-26,2019-02-27 20:45:00,0.0,-0.047378108
2019-02-26,2019-02-27 21:00:00,0.0,-0.10289787
2019-02-26,2019-02-27 21:15:00,0.0,-0.09894274
2019-02-26,2019-02-27 21:30:00,0.0,-0.1507496
2019-02-26,2019-02-27 21:45:00,0.0,-0.186446
2019-02-26,2019-02-27 22:00:00,0.0,-0.17626642
2019-02-26,2019-02-27 22:15:00,0.0,-0.26624286
2019-02-26,2019-02-27 22:30:00,0.0,-0.26325944
2019-02-26,2019-02-27 22:45:00,0.0,-0.20442069
2019-02-26,2019-02-27 23:00:00,0.0,-0.23744352
2019-02-26,2019-02-27 23:15:00,0.038672,-0.19689861
2019-02-26,2019-02-27 23:30:00,0.084375,-0.106607385
2019-02-26,2019-02-27 23:45:00,0.242578,-0.09025607
2019-02-27,2019-02-28 00:00:00,0.348047,0.43231088
2019-02-27,2019-02-28 00:15:00,0.4992189999999999,0.5401366
2019-02-27,2019-02-28 00:30:00,0.643359,0.6825726
2019-02-27,2019-02-28 00:45:00,0.805078,0.8454044
2019-02-27,2019-02-28 01:00:00,0.991406,1.0443038
2019-02-27,2019-02-28 01:15:00,1.132031,1.218076
2019-02-27,2019-02-28 01:30:00,1.3359379999999998,1.4293708
2019-02-27,2019-02-28 01:45:00,1.480078,1.5921943
2019-02-27,2019-02-28 02:00:00,1.532812,1.7835503
2019-02-27,2019-02-28 02:15:00,1.634766,1.905667
2019-02-27,2019-02-28 02:30:00,1.810547,2.0726557
2019-02-27,2019-02-28 02:45:00,1.683984,2.1595106
2019-02-27,2019-02-28 03:00:00,1.638281,2.2845826
2019-02-27,2019-02-28 03:15:00,1.683984,2.3122132
2019-02-27,2019-02-28 03:30:00,1.947656,2.38621
2019-02-27,2019-02-28 03:45:00,1.965234,2.402772
2019-02-27,2019-02-28 04:00:00,2.133984,2.3853004
2019-02-27,2019-02-28 04:15:00,1.859766,2.3829434
2019-02-27,2019-02-28 04:30:00,1.385156,2.3897676
2019-02-27,2019-02-28 04:45:00,1.276172,2.3423629
2019-02-27,2019-02-28 05:00:00,1.381641,2.2405972
2019-02-27,2019-02-28 05:15:00,1.986328,2.279874
2019-02-27,2019-02-28 05:30:00,2.186719,2.236577
2019-02-27,2019-02-28 05:45:00,2.102344,2.167376
2019-02-27,2019-02-28 06:00:00,2.003906,2.1015427
2019-02-27,2019-02-28 06:15:00,1.828125,1.9940498
2019-02-27,2019-02-28 06:30:00,1.6875,1.87791
2019-02-27,2019-02-28 06:45:00,1.648828,1.7800437
2019-02-27,2019-02-28 07:00:00,1.553906,1.66897
2019-02-27,2019-02-28 07:15:00,1.455469,1.5231698
2019-02-27,2019-02-28 07:30:00,1.392187,1.361449
2019-02-27,2019-02-28 07:45:00,1.170703,1.1841049
2019-02-27,2019-02-28 08:00:00,1.075781,1.043947
2019-02-27,2019-02-28 08:15:00,0.889453,0.8451396
2019-02-27,2019-02-28 08:30:00,0.710156,0.6866454
2019-02-27,2019-02-28 08:45:00,0.541406,0.5190418
2019-02-27,2019-02-28 09:00:00,0.4148439999999999,0.35462618
2019-02-27,2019-02-28 09:15:00,0.246094,0.25229216
2019-02-27,2019-02-28 09:30:00,0.140625,0.10504792
2019-02-27,2019-02-28 09:45:00,0.05625,0.0076239705
2019-02-27,2019-02-28 10:00:00,0.0,-0.080262974
2019-02-27,2019-02-28 10:15:00,0.0,-0.1752582
2019-02-27,2019-02-28 10:30:00,0.0,-0.19971439
2019-02-27,2019-02-28 10:45:00,0.0,-0.22526109
2019-02-27,2019-02-28 11:00:00,0.0,-0.24207737
2019-02-27,2019-02-28 11:15:00,0.0,-0.20680295
2019-02-27,2019-02-28 11:30:00,0.0,-0.20755938
2019-02-27,2019-02-28 11:45:00,0.0,-0.18066616
2019-02-27,2019-02-28 12:00:00,0.0,-0.15037356
2019-02-27,2019-02-28 12:15:00,0.0,-0.13062192
2019-02-27,2019-02-28 12:30:00,0.0,-0.061815552
2019-02-27,2019-02-28 12:45:00,0.0,-0.07359248
2019-02-27,2019-02-28 13:00:00,0.0,-0.038672492
2019-02-27,2019-02-28 13:15:00,0.0,-0.027086634
2019-02-27,2019-02-28 13:30:00,0.0,-0.017812146
2019-02-27,2019-02-28 13:45:00,0.0,-0.029616838
2019-02-27,2019-02-28 14:00:00,0.0,-0.033010513
2019-02-27,2019-02-28 14:15:00,0.0,-0.021429818
2019-02-27,2019-02-28 14:30:00,0.0,-0.031909134
2019-02-27,2019-02-28 14:45:00,0.0,0.0021915408
2019-02-27,2019-02-28 15:00:00,0.0,0.0017045317
2019-02-27,2019-02-28 15:15:00,0.0,-0.015568633
2019-02-27,2019-02-28 15:30:00,0.0,0.021009535
2019-02-27,2019-02-28 15:45:00,0.0,0.01980123
2019-02-27,2019-02-28 16:00:00,0.0,0.020035885
2019-02-27,2019-02-28 16:15:00,0.0,0.04709812
2019-02-27,2019-02-28 16:30:00,0.0,0.068318956
2019-02-27,2019-02-28 16:45:00,0.0,0.071558684
2019-02-27,2019-02-28 17:00:00,0.0,0.068874694
2019-02-27,2019-02-28 17:15:00,0.0,0.080454394
2019-02-27,2019-02-28 17:30:00,0.0,0.106964104
2019-02-27,2019-02-28 17:45:00,0.0,0.104817614
2019-02-27,2019-02-28 18:00:00,0.0,0.101280235
2019-02-27,2019-02-28 18:15:00,0.0,0.09682001
2019-02-27,2019-02-28 18:30:00,0.0,0.08171641
2019-02-27,2019-02-28 18:45:00,0.0,0.063860014
2019-02-27,2019-02-28 19:00:00,0.0,0.04651798
2019-02-27,2019-02-28 19:15:00,0.0,0.07237112
2019-02-27,2019-02-28 19:30:00,0.0,0.054712206
2019-02-27,2019-02-28 19:45:00,0.0,0.06533516
2019-02-27,2019-02-28 20:00:00,0.0,0.015807914
2019-02-27,2019-02-28 20:15:00,0.0,-0.012752004
2019-02-27,2019-02-28 20:30:00,0.0,-0.01429335
2019-02-27,2019-02-28 20:45:00,0.0,-0.021139696
2019-02-27,2019-02-28 21:00:00,0.0,-0.071857736
2019-02-27,2019-02-28 21:15:00,0.0,-0.058628894
2019-02-27,2019-02-28 21:30:00,0.0,-0.08325214
2019-02-27,2019-02-28 21:45:00,0.0,-0.09096347
2019-02-27,2019-02-28 22:00:00,0.0,-0.064749666
2019-02-27,2019-02-28 22:15:00,0.0,-0.1351441
2019-02-27,2019-02-28 22:30:00,0.0,-0.1163742
2019-02-27,2019-02-28 22:45:00,0.0,-0.049198687
2019-02-27,2019-02-28 23:00:00,0.0,-0.06440284
2019-02-27,2019-02-28 23:15:00,0.045703,-0.0488528
2019-02-27,2019-02-28 23:30:00,0.119531,0.036461465
2019-02-27,2019-02-28 23:45:00,0.246094,0.06580481
2019-02-28,2019-03-01 00:00:00,0.400781,0.32564855
2019-02-28,2019-03-01 00:15:00,0.611719,0.46423703
2019-02-28,2019-03-01 00:30:00,0.769922,0.6471151
2019-02-28,2019-03-01 00:45:00,1.040625,0.8403493
2019-02-28,2019-03-01 01:00:00,1.223437,1.0673922
2019-02-28,2019-03-01 01:15:00,1.434375,1.2954547
2019-02-28,2019-03-01 01:30:00,1.437891,1.558899
2019-02-28,2019-03-01 01:45:00,1.627734,1.7609533
2019-02-28,2019-03-01 02:00:00,1.824609,1.9937581
2019-02-28,2019-03-01 02:15:00,1.9125,2.1637335
2019-02-28,2019-03-01 02:30:00,1.986328,2.38233
2019-02-28,2019-03-01 02:45:00,2.439844,2.4897664
2019-02-28,2019-03-01 03:00:00,2.450391,2.6631355
2019-02-28,2019-03-01 03:15:00,2.591016,2.7230139
2019-02-28,2019-03-01 03:30:00,2.583984,2.828912
2019-02-28,2019-03-01 03:45:00,2.654297,2.8654265
2019-02-28,2019-03-01 04:00:00,2.612109,2.8716352
2019-02-28,2019-03-01 04:15:00,2.64375,2.8948615
2019-02-28,2019-03-01 04:30:00,2.605078,2.928507
2019-02-28,2019-03-01 04:45:00,2.555859,2.9042447
2019-02-28,2019-03-01 05:00:00,2.591016,2.818658
2019-02-28,2019-03-01 05:15:00,2.664844,2.8608158
2019-02-28,2019-03-01 05:30:00,2.707031,2.8268726
2019-02-28,2019-03-01 05:45:00,2.819531,2.7514193
2019-02-28,2019-03-01 06:00:00,2.622656,2.645708
2019-02-28,2019-03-01 06:15:00,2.608594,2.541856
2019-02-28,2019-03-01 06:30:00,2.348438,2.4044688
2019-02-28,2019-03-01 06:45:00,2.299219,2.2645452
2019-02-28,2019-03-01 07:00:00,2.000391,2.152406
2019-02-28,2019-03-01 07:15:00,2.042578,1.9634316
2019-02-28,2019-03-01 07:30:00,1.6875,1.7787961
2019-02-28,2019-03-01 07:45:00,1.634766,1.5664122
2019-02-28,2019-03-01 08:00:00,1.40625,1.3864344
2019-02-28,2019-03-01 08:15:00,1.191797,1.163544
2019-02-28,2019-03-01 08:30:00,0.8578129999999999,0.9787179
2019-02-28,2019-03-01 08:45:00,0.724219,0.81028813
2019-02-28,2019-03-01 09:00:00,0.61875,0.6300697
2019-02-28,2019-03-01 09:15:00,0.4148439999999999,0.5172582
2019-02-28,2019-03-01 09:30:00,0.2355469999999999,0.36311457
2019-02-28,2019-03-01 09:45:00,0.052734,0.26947147
2019-02-28,2019-03-01 10:00:00,0.0,0.1622999
2019-02-28,2019-03-01 10:15:00,0.0,0.0772975
2019-02-28,2019-03-01 10:30:00,0.0,0.0539469
2019-02-28,2019-03-01 10:45:00,0.0,0.0136218
2019-02-28,2019-03-01 11:00:00,0.0,-0.021923782
2019-02-28,2019-03-01 11:15:00,0.0,0.003126158
2019-02-28,2019-03-01 11:30:00,0.0,0.00062781374
2019-02-28,2019-03-01 11:45:00,0.0,0.010337564
2019-02-28,2019-03-01 12:00:00,0.0,0.026005039
2019-02-28,2019-03-01 12:15:00,0.0,0.039268434
2019-02-28,2019-03-01 12:30:00,0.0,0.07568239
2019-02-28,2019-03-01 12:45:00,0.0,0.04616813
2019-02-28,2019-03-01 13:00:00,0.0,0.052125853
2019-02-28,2019-03-01 13:15:00,0.0,0.052375406
2019-02-28,2019-03-01 13:30:00,0.0,0.019345392
2019-02-28,2019-03-01 13:45:00,0.0,-0.00018836366
2019-02-28,2019-03-01 14:00:00,0.0,-0.026167858
2019-02-28,2019-03-01 14:15:00,0.0,-0.028963562
2019-02-28,2019-03-01 14:30:00,0.0,-0.04778734
2019-02-28,2019-03-01 14:45:00,0.0,-0.035695747
2019-02-28,2019-03-01 15:00:00,0.0,-0.050606865
2019-02-28,2019-03-01 15:15:00,0.0,-0.06468598
2019-02-28,2019-03-01 15:30:00,0.0,-0.03218268
2019-02-28,2019-03-01 15:45:00,0.0,-0.019232126
2019-02-28,2019-03-01 16:00:00,0.0,-0.02951277
2019-02-28,2019-03-01 16:15:00,0.0,0.010560854
2019-02-28,2019-03-01 16:30:00,0.0,0.02769485
2019-02-28,2019-03-01 16:45:00,0.0,0.011040045
2019-02-28,2019-03-01 17:00:00,0.0,0.044549394
2019-02-28,2019-03-01 17:15:00,0.0,0.036413092
2019-02-28,2019-03-01 17:30:00,0.0,0.06086451
2019-02-28,2019-03-01 17:45:00,0.0,0.06444773
2019-02-28,2019-03-01 18:00:00,0.0,0.06901018
2019-02-28,2019-03-01 18:15:00,0.0,0.048599735
2019-02-28,2019-03-01 18:30:00,0.0,0.049519666
2019-02-28,2019-03-01 18:45:00,0.0,0.023528947
2019-02-28,2019-03-01 19:00:00,0.0,0.025062531
2019-02-28,2019-03-01 19:15:00,0.0,0.037815288
2019-02-28,2019-03-01 19:30:00,0.0,0.0231606
2019-02-28,2019-03-01 19:45:00,0.0,0.046243683
2019-02-28,2019-03-01 20:00:00,0.0,-0.0038316112
2019-02-28,2019-03-01 20:15:00,0.0,-0.018463204
2019-02-28,2019-03-01 20:30:00,0.0,-0.04650701
2019-02-28,2019-03-01 20:45:00,0.0,-0.026396379
2019-02-28,2019-03-01 21:00:00,0.0,-0.06797463
2019-02-28,2019-03-01 21:15:00,0.0,-0.022282721
2019-02-28,2019-03-01 21:30:00,0.0,-0.050549865
2019-02-28,2019-03-01 21:45:00,0.0,-0.0593948
2019-02-28,2019-03-01 22:00:00,0.0,-0.025077233
2019-02-28,2019-03-01 22:15:00,0.0,-0.0972724
2019-02-28,2019-03-01 22:30:00,0.0,-0.0749982
2019-02-28,2019-03-01 22:45:00,0.0,-0.006838517
2019-02-28,2019-03-01 23:00:00,0.0,-0.0378569
2019-02-28,2019-03-01 23:15:00,0.0,-0.026036128
2019-02-28,2019-03-01 23:30:00,0.161719,0.058228433
2019-02-28,2019-03-01 23:45:00,0.270703,0.09797657
2019-05-25,2019-05-26 00:00:00,1.6734369999999998,1.5620842
2019-05-25,2019-05-26 00:15:00,1.958203,1.7428749
2019-05-25,2019-05-26 00:30:00,1.599609,1.923297
2019-05-25,2019-05-26 00:45:00,2.0882810000000003,2.0988984
2019-05-25,2019-05-26 01:00:00,2.612109,2.3306382
2019-05-25,2019-05-26 01:15:00,2.784375,2.443889
2019-05-25,2019-05-26 01:30:00,2.661328,2.5972805
2019-05-25,2019-05-26 01:45:00,3.012891,2.7208476
2019-05-25,2019-05-26 02:00:00,3.4875,2.8129282
2019-05-25,2019-05-26 02:15:00,1.954687,2.8460789
2019-05-25,2019-05-26 02:30:00,3.255469,2.8564332
2019-05-25,2019-05-26 02:45:00,3.561328,2.8844597
2019-05-25,2019-05-26 03:00:00,1.965234,2.8371382
2019-05-25,2019-05-26 03:15:00,2.337891,2.8058455
2019-05-25,2019-05-26 03:30:00,2.5101560000000003,2.7508144
2019-05-25,2019-05-26 03:45:00,2.123437,2.677429
2019-05-25,2019-05-26 04:00:00,3.294141,2.5541127
2019-05-25,2019-05-26 04:15:00,3.266016,2.5210705
2019-05-25,2019-05-26 04:30:00,2.373047,2.4520006
2019-05-25,2019-05-26 04:45:00,3.779297,2.4357898
2019-05-25,2019-05-26 05:00:00,3.491015,2.3256166
2019-05-25,2019-05-26 05:15:00,3.287109,2.2952862
2019-05-25,2019-05-26 05:30:00,2.696484,2.2816226
2019-05-25,2019-05-26 05:45:00,1.395703,2.2138596
2019-05-25,2019-05-26 06:00:00,2.647266,2.1238134
2019-05-25,2019-05-26 06:15:00,1.7613279999999998,1.9517078
2019-05-25,2019-05-26 06:30:00,2.967187,1.8798406
2019-05-25,2019-05-26 06:45:00,2.896875,1.704727
2019-05-25,2019-05-26 07:00:00,2.657812,1.5856597
2019-05-25,2019-05-26 07:15:00,2.661328,1.4391471
2019-05-25,2019-05-26 07:30:00,2.489063,1.2443875
2019-05-25,2019-05-26 07:45:00,0.485156,1.0572356
2019-05-25,2019-05-26 08:00:00,0.5273439999999999,0.8407677
2019-05-25,2019-05-26 08:15:00,0.780469,0.6633746
2019-05-25,2019-05-26 08:30:00,0.249609,0.47907194
2019-05-25,2019-05-26 08:45:00,1.202344,0.31244335
2019-05-25,2019-05-26 09:00:00,1.276172,0.1422627
2019-05-25,2019-05-26 09:15:00,1.233984,0.02528008
2019-05-25,2019-05-26 09:30:00,0.917578,-0.07025703
2019-05-25,2019-05-26 09:45:00,0.460547,-0.18994929
2019-05-25,2019-05-26 10:00:00,0.428906,-0.16523229
2019-05-25,2019-05-26 10:15:00,0.551953,-0.25273636
2019-05-25,2019-05-26 10:30:00,0.052734,-0.2184912
2019-05-25,2019-05-26 10:45:00,0.0,-0.28113794
2019-05-25,2019-05-26 11:00:00,0.0,-0.21653444
2019-05-25,2019-05-26 11:15:00,0.0,-0.20118085
2019-05-25,2019-05-26 11:30:00,0.0,-0.11338472
2019-05-25,2019-05-26 11:45:00,0.0,-0.13141593
2019-05-25,2019-05-26 12:00:00,0.0,-0.08516819
2019-05-25,2019-05-26 12:15:00,0.0,-0.057819445
2019-05-25,2019-05-26 12:30:00,0.0,-0.0028606483
2019-05-25,2019-05-26 12:45:00,0.0,0.015255358
2019-05-25,2019-05-26 13:00:00,0.0,0.011515923
2019-05-25,2019-05-26 13:15:00,0.0,0.03596101
2019-05-25,2019-05-26 13:30:00,0.0,-0.027729312
2019-05-25,2019-05-26 13:45:00,0.0,-0.06348246
2019-05-25,2019-05-26 14:00:00,0.0,0.0009395139
2019-05-25,2019-05-26 14:15:00,0.0,-0.019280313
2019-05-25,2019-05-26 14:30:00,0.0,-0.025119277
2019-05-25,2019-05-26 14:45:00,0.0,-0.005346154
2019-05-25,2019-05-26 15:00:00,0.0,-0.05984905
2019-05-25,2019-05-26 15:15:00,0.0,0.0006735827
2019-05-25,2019-05-26 15:30:00,0.0,-0.021303818
2019-05-25,2019-05-26 15:45:00,0.0,-0.02199672
2019-05-25,2019-05-26 16:00:00,0.0,0.07273872
2019-05-25,2019-05-26 16:15:00,0.0,0.07001508
2019-05-25,2019-05-26 16:30:00,0.0,0.04640468
2019-05-25,2019-05-26 16:45:00,0.0,0.050882425
2019-05-25,2019-05-26 17:00:00,0.0,0.04862158
2019-05-25,2019-05-26 17:15:00,0.0,0.0772067
2019-05-25,2019-05-26 17:30:00,0.0,0.010322504
2019-05-25,2019-05-26 17:45:00,0.0,0.0336614
2019-05-25,2019-05-26 18:00:00,0.0,0.002844569
2019-05-25,2019-05-26 18:15:00,0.0,-0.022984555
2019-05-25,2019-05-26 18:30:00,0.0,-0.08987457
2019-05-25,2019-05-26 18:45:00,0.0,-0.16275351
2019-05-25,2019-05-26 19:00:00,0.0,-0.17923024
2019-05-25,2019-05-26 19:15:00,0.0,-0.1959955
2019-05-25,2019-05-26 19:30:00,0.0,-0.21381982
2019-05-25,2019-05-26 19:45:00,0.0,-0.2164354
2019-05-25,2019-05-26 20:00:00,0.0,-0.28369918
2019-05-25,2019-05-26 20:15:00,0.0,-0.29474002
2019-05-25,2019-05-26 20:30:00,0.0,-0.28206167
2019-05-25,2019-05-26 20:45:00,0.0,-0.27120885
2019-05-25,2019-05-26 21:00:00,0.0,-0.30641487
2019-05-25,2019-05-26 21:15:00,0.014062,-0.31380457
2019-05-25,2019-05-26 21:30:00,0.0210939999999999,-0.3306359
2019-05-25,2019-05-26 21:45:00,0.175781,-0.28461188
2019-05-25,2019-05-26 22:00:00,0.291797,-0.18827136
2019-05-25,2019-05-26 22:15:00,0.467578,-0.18675685
2019-05-25,2019-05-26 22:30:00,0.569531,-0.08184984
2019-05-25,2019-05-26 22:45:00,1.030078,0.13621677
2019-05-25,2019-05-26 23:00:00,1.395703,0.24561661
2019-05-25,2019-05-26 23:15:00,1.427344,0.47753015
2019-05-25,2019-05-26 23:30:00,1.85625,0.7006407
2019-05-25,2019-05-26 23:45:00,2.158594,0.82162756
2019-05-26,2019-05-27 00:00:00,1.887891,1.722514
2019-05-26,2019-05-27 00:15:00,1.863281,1.8852412
2019-05-26,2019-05-27 00:30:00,2.7,2.1324928
2019-05-26,2019-05-27 00:45:00,2.939062,2.2495944
2019-05-26,2019-05-27 01:00:00,3.550781,2.50787
2019-05-26,2019-05-27 01:15:00,3.842578,2.60298
2019-05-26,2019-05-27 01:30:00,3.842578,2.8115916
2019-05-26,2019-05-27 01:45:00,4.232812,2.93116
2019-05-26,2019-05-27 02:00:00,4.545703,3.0124164
2019-05-26,2019-05-27 02:15:00,4.682812,3.0910704
2019-05-26,2019-05-27 02:30:00,4.633594,3.1544292
2019-05-26,2019-05-27 02:45:00,4.7390620000000006,3.187109
2019-05-26,2019-05-27 03:00:00,4.900780999999999,3.2236063
2019-05-26,2019-05-27 03:15:00,4.964062,3.168128
2019-05-26,2019-05-27 03:30:00,4.925391,3.1177046
2019-05-26,2019-05-27 03:45:00,4.865625,3.082306
2019-05-26,2019-05-27 04:00:00,4.798828,2.9864562
2019-05-26,2019-05-27 04:15:00,4.616015,2.9598932
2019-05-26,2019-05-27 04:30:00,4.503516,2.9185221
2019-05-26,2019-05-27 04:45:00,4.3875,2.8760278
2019-05-26,2019-05-27 05:00:00,4.2785150000000005,2.7582936
2019-05-26,2019-05-27 05:15:00,4.362891,2.7905314
2019-05-26,2019-05-27 05:30:00,4.187109,2.733247
2019-05-26,2019-05-27 05:45:00,4.169531,2.6818202
2019-05-26,2019-05-27 06:00:00,3.941015,2.6011734
2019-05-26,2019-05-27 06:15:00,3.642187,2.4867818
2019-05-26,2019-05-27 06:30:00,3.476953,2.3853881
2019-05-26,2019-05-27 06:45:00,2.728125,2.2799308
2019-05-26,2019-05-27 07:00:00,1.219922,2.191776
2019-05-26,2019-05-27 07:15:00,3.888281,2.078707
2019-05-26,2019-05-27 07:30:00,3.592969,1.9268898
2019-05-26,2019-05-27 07:45:00,3.469922,1.7785189
2019-05-26,2019-05-27 08:00:00,2.5101560000000003,1.5927166
2019-05-26,2019-05-27 08:15:00,2.017969,1.4159058
2019-05-26,2019-05-27 08:30:00,2.169141,1.2188959
2019-05-26,2019-05-27 08:45:00,2.211328,1.0221516
2019-05-26,2019-05-27 09:00:00,0.935156,0.8478919
2019-05-26,2019-05-27 09:15:00,1.40625,0.7030829
2019-05-26,2019-05-27 09:30:00,1.086328,0.5513314
2019-05-26,2019-05-27 09:45:00,0.952734,0.40486023
2019-05-26,2019-05-27 10:00:00,0.643359,0.3095767
2019-05-26,2019-05-27 10:15:00,0.587109,0.201303
2019-05-26,2019-05-27 10:30:00,0.485156,0.16722485
2019-05-26,2019-05-27 10:45:00,0.407813,0.09102013
2019-05-26,2019-05-27 11:00:00,0.200391,0.07090618
2019-05-26,2019-05-27 11:15:00,0.007031,0.054838937
2019-05-26,2019-05-27 11:30:00,0.0,0.067714565
2019-05-26,2019-05-27 11:45:00,0.0,0.034421705
2019-05-26,2019-05-27 12:00:00,0.0,0.04638266
2019-05-26,2019-05-27 12:15:00,0.0,0.04324377
2019-05-26,2019-05-27 12:30:00,0.0,0.117968045
2019-05-26,2019-05-27 12:45:00,0.0,0.118786305
2019-05-26,2019-05-27 13:00:00,0.0,0.11624989
2019-05-26,2019-05-27 13:15:00,0.0,0.13604173
2019-05-26,2019-05-27 13:30:00,0.0,0.10467308
2019-05-26,2019-05-27 13:45:00,0.0,0.07435598
2019-05-26,2019-05-27 14:00:00,0.0,0.09530777
2019-05-26,2019-05-27 14:15:00,0.0,0.08884154
2019-05-26,2019-05-27 14:30:00,0.0,0.040401794
2019-05-26,2019-05-27 14:45:00,0.0,0.056895785
2019-05-26,2019-05-27 15:00:00,0.0,-0.001085596
2019-05-26,2019-05-27 15:15:00,0.0,0.02071165
2019-05-26,2019-05-27 15:30:00,0.0,-0.009523877
2019-05-26,2019-05-27 15:45:00,0.0,-0.025092982
2019-05-26,2019-05-27 16:00:00,0.0,0.008372194
2019-05-26,2019-05-27 16:15:00,0.0,0.031435765
2019-05-26,2019-05-27 16:30:00,0.0,0.020730065
2019-05-26,2019-05-27 16:45:00,0.0,0.019284159
2019-05-26,2019-05-27 17:00:00,0.0,0.0014447935
2019-05-26,2019-05-27 17:15:00,0.0,0.051811006
2019-05-26,2019-05-27 17:30:00,0.0,0.0029197808
2019-05-26,2019-05-27 17:45:00,0.0,0.03010572
2019-05-26,2019-05-27 18:00:00,0.0,0.039435044
2019-05-26,2019-05-27 18:15:00,0.0,0.02267073
2019-05-26,2019-05-27 18:30:00,0.0,0.00043648726
2019-05-26,2019-05-27 18:45:00,0.0,-0.0021349494
2019-05-26,2019-05-27 19:00:00,0.0,-0.018019423
2019-05-26,2019-05-27 19:15:00,0.0,-0.0008393911
2019-05-26,2019-05-27 19:30:00,0.0,-0.018376064
2019-05-26,2019-05-27 19:45:00,0.0,-0.018679904
2019-05-26,2019-05-27 20:00:00,0.0,-0.040618807
2019-05-26,2019-05-27 20:15:00,0.0,-0.0057517476
2019-05-26,2019-05-27 20:30:00,0.0,-0.010037638
2019-05-26,2019-05-27 20:45:00,0.0,-0.052331824
2019-05-26,2019-05-27 21:00:00,0.0,-0.033511326
2019-05-26,2019-05-27 21:15:00,0.0421879999999999,-0.051346526
2019-05-26,2019-05-27 21:30:00,0.175781,-0.010047201
2019-05-26,2019-05-27 21:45:00,0.225,0.054120038
2019-05-26,2019-05-27 22:00:00,0.330469,0.115973346
2019-05-26,2019-05-27 22:15:00,0.478125,0.19846469
2019-05-26,2019-05-27 22:30:00,0.703125,0.27398157
2019-05-26,2019-05-27 22:45:00,0.935156,0.47231352
2019-05-26,2019-05-27 23:00:00,1.226953,0.6095671
2019-05-26,2019-05-27 23:15:00,1.539844,0.80160904
2019-05-26,2019-05-27 23:30:00,1.85625,0.9859681
2019-05-26,2019-05-27 23:45:00,2.123437,1.1901655
2019-05-27,2019-05-28 00:00:00,2.411719,2.1410663
2019-05-27,2019-05-28 00:15:00,2.6824220000000003,2.4022717
2019-05-27,2019-05-28 00:30:00,2.921484,2.6760645
2019-05-27,2019-05-28 00:45:00,3.164062,2.881659
2019-05-27,2019-05-28 01:00:00,3.371484,3.1541162
2019-05-27,2019-05-28 01:15:00,3.578906,3.308457
2019-05-27,2019-05-28 01:30:00,3.719531,3.5379982
2019-05-27,2019-05-28 01:45:00,3.895312,3.6614938
2019-05-27,2019-05-28 02:00:00,4.004297,3.7672045
2019-05-27,2019-05-28 02:15:00,3.9375,3.830894
2019-05-27,2019-05-28 02:30:00,4.018358999999999,3.8963892
2019-05-27,2019-05-28 02:45:00,4.095703,3.8866937
2019-05-27,2019-05-28 03:00:00,4.130859,3.904633
2019-05-27,2019-05-28 03:15:00,4.229297,3.8563948
2019-05-27,2019-05-28 03:30:00,4.257422,3.8235123
2019-05-27,2019-05-28 03:45:00,4.267969,3.771018
2019-05-27,2019-05-28 04:00:00,4.215234,3.6791291
2019-05-27,2019-05-28 04:15:00,4.225781,3.697208
2019-05-27,2019-05-28 04:30:00,4.123828,3.6874442
2019-05-27,2019-05-28 04:45:00,4.10625,3.6665096
2019-05-27,2019-05-28 05:00:00,4.1625,3.5490303
2019-05-27,2019-05-28 05:15:00,4.141406,3.6021214
2019-05-27,2019-05-28 05:30:00,4.123828,3.615916
2019-05-27,2019-05-28 05:45:00,4.088672,3.5736575
2019-05-27,2019-05-28 06:00:00,4.011328,3.4678183
2019-05-27,2019-05-28 06:15:00,3.969141000000001,3.3451574
2019-05-27,2019-05-28 06:30:00,3.979687,3.217933
2019-05-27,2019-05-28 06:45:00,3.846094,3.0407674
2019-05-27,2019-05-28 07:00:00,3.761719,2.9060276
2019-05-27,2019-05-28 07:15:00,3.614062,2.6893482
2019-05-27,2019-05-28 07:30:00,3.4242190000000003,2.4642417
2019-05-27,2019-05-28 07:45:00,3.216797,2.1938202
2019-05-27,2019-05-28 08:00:00,3.026953,1.9081485
2019-05-27,2019-05-28 08:15:00,2.770312,1.6285418
2019-05-27,2019-05-28 08:30:00,2.53125,1.3441477
2019-05-27,2019-05-28 08:45:00,2.267578,1.093017
2019-05-27,2019-05-28 09:00:00,1.96875,0.8229306
2019-05-27,2019-05-28 09:15:00,1.6734369999999998,0.65709466
2019-05-27,2019-05-28 09:30:00,1.367578,0.46853054
2019-05-27,2019-05-28 09:45:00,1.06875,0.2947999
2019-05-27,2019-05-28 10:00:00,0.801562,0.22681248
2019-05-27,2019-05-28 10:15:00,0.548437,0.10102144
2019-05-27,2019-05-28 10:30:00,0.267188,0.11433306
2019-05-27,2019-05-28 10:45:00,0.158203,0.029037798
2019-05-27,2019-05-28 11:00:00,0.101953,0.029489335
2019-05-27,2019-05-28 11:15:00,0.014062,0.037625957
2019-05-27,2019-05-28 11:30:00,0.0,0.101240315
2019-05-27,2019-05-28 11:45:00,0.0,0.05985167
2019-05-27,2019-05-28 12:00:00,0.0,0.08988424
2019-05-27,2019-05-28 12:15:00,0.0,0.11221106
2019-05-27,2019-05-28 12:30:00,0.0,0.17105381
2019-05-27,2019-05-28 12:45:00,0.0,0.17069185
2019-05-27,2019-05-28 13:00:00,0.0,0.14543453
2019-05-27,2019-05-28 13:15:00,0.0,0.17643735
2019-05-27,2019-05-28 13:30:00,0.0,0.07599197
2019-05-27,2019-05-28 13:45:00,0.0,0.047120307
2019-05-27,2019-05-28 14:00:00,0.0,0.033639107
2019-05-27,2019-05-28 14:15:00,0.0,0.022061551
2019-05-27,2019-05-28 14:30:00,0.0,-0.015714098
2019-05-27,2019-05-28 14:45:00,0.0,-0.022699602
2019-05-27,2019-05-28 15:00:00,0.0,-0.096306585
2019-05-27,2019-05-28 15:15:00,0.0,-0.07005314
2019-05-27,2019-05-28 15:30:00,0.0,-0.08329571
2019-05-27,2019-05-28 15:45:00,0.0,-0.075881995
2019-05-27,2019-05-28 16:00:00,0.0,-0.027404537
2019-05-27,2019-05-28 16:15:00,0.0,0.03897852
2019-05-27,2019-05-28 16:30:00,0.0,0.029562006
2019-05-27,2019-05-28 16:45:00,0.0,-0.015300232
2019-05-27,2019-05-28 17:00:00,0.0,0.042053346
2019-05-27,2019-05-28 17:15:00,0.0,0.07552875
2019-05-27,2019-05-28 17:30:00,0.0,0.041009247
2019-05-27,2019-05-28 17:45:00,0.0,0.08222339
2019-05-27,2019-05-28 18:00:00,0.0,0.1035984
2019-05-27,2019-05-28 18:15:00,0.0,0.067229524
2019-05-27,2019-05-28 18:30:00,0.0,0.06679781
2019-05-27,2019-05-28 18:45:00,0.0,0.02331004
2019-05-27,2019-05-28 19:00:00,0.0,0.030478856
2019-05-27,2019-05-28 19:15:00,0.0,0.0296729
2019-05-27,2019-05-28 19:30:00,0.0,-0.008061924
2019-05-27,2019-05-28 19:45:00,0.0,-0.000856638
2019-05-27,2019-05-28 20:00:00,0.0,-0.11045204
2019-05-27,2019-05-28 20:15:00,0.0,-0.078131795
2019-05-27,2019-05-28 20:30:00,0.0,-0.13045412
2019-05-27,2019-05-28 20:45:00,0.0,-0.13720205
2019-05-27,2019-05-28 21:00:00,0.0,-0.19422424
2019-05-27,2019-05-28 21:15:00,0.0035159999999999,-0.1477946
2019-05-27,2019-05-28 21:30:00,0.077344,-0.14947116
2019-05-27,2019-05-28 21:45:00,0.140625,-0.07913248
2019-05-27,2019-05-28 22:00:00,0.256641,0.036366552
2019-05-27,2019-05-28 22:15:00,0.39375,0.09112779
2019-05-27,2019-05-28 22:30:00,0.6082029999999999,0.241234
2019-05-27,2019-05-28 22:45:00,0.8507809999999999,0.53073937
2019-05-27,2019-05-28 23:00:00,1.107422,0.7003868
2019-05-27,2019-05-28 23:15:00,1.399219,0.9356326
2019-05-27,2019-05-28 23:30:00,1.6875,1.1995
2019-05-27,2019-05-28 23:45:00,1.979297,1.4355634
2019-05-28,2019-05-29 00:00:00,2.264062,2.458489
2019-05-28,2019-05-29 00:15:00,2.538281,2.720393
2019-05-28,2019-05-29 00:30:00,2.78789,3.059973
2019-05-28,2019-05-29 00:45:00,3.009375,3.2497072
2019-05-28,2019-05-29 01:00:00,3.223828,3.5851176
2019-05-28,2019-05-29 01:15:00,3.434766,3.7409317
2019-05-28,2019-05-29 01:30:00,3.6,4.019936
2019-05-28,2019-05-29 01:45:00,3.708984,4.1554055
2019-05-28,2019-05-29 02:00:00,3.839062,4.2996087
2019-05-28,2019-05-29 02:15:00,3.909375,4.380129
2019-05-28,2019-05-29 02:30:00,3.986719,4.511055
2019-05-28,2019-05-29 02:45:00,4.032422,4.5706863
2019-05-28,2019-05-29 03:00:00,4.05,4.6473236
2019-05-28,2019-05-29 03:15:00,4.071094,4.606317
2019-05-28,2019-05-29 03:30:00,4.085156,4.6057587
2019-05-28,2019-05-29 03:45:00,4.064063,4.576999
2019-05-28,2019-05-29 04:00:00,4.028906,4.4796658
2019-05-28,2019-05-29 04:15:00,4.014843,4.511361
2019-05-28,2019-05-29 04:30:00,4.102734,4.5000525
2019-05-28,2019-05-29 04:45:00,4.074609,4.4867077
2019-05-28,2019-05-29 05:00:00,4.120312,4.3352594
2019-05-28,2019-05-29 05:15:00,4.099219000000001,4.4735255
2019-05-28,2019-05-29 05:30:00,4.057030999999999,4.4104767
2019-05-28,2019-05-29 05:45:00,4.1097660000000005,4.3733087
2019-05-28,2019-05-29 06:00:00,4.130859,4.278987
2019-05-28,2019-05-29 06:15:00,3.744141,4.1682825
2019-05-28,2019-05-29 06:30:00,3.948047,4.00623
2019-05-28,2019-05-29 06:45:00,3.796875,3.8637261
2019-05-28,2019-05-29 07:00:00,3.3855470000000003,3.7474542
2019-05-28,2019-05-29 07:15:00,3.779297,3.5295098
2019-05-28,2019-05-29 07:30:00,3.5648440000000003,3.3010087
2019-05-28,2019-05-29 07:45:00,3.128906,2.9951742
2019-05-28,2019-05-29 08:00:00,2.295703,2.713318
2019-05-28,2019-05-29 08:15:00,3.216797,2.376448
2019-05-28,2019-05-29 08:30:00,2.657812,2.0547168
2019-05-28,2019-05-29 08:45:00,2.545312,1.723472
2019-05-28,2019-05-29 09:00:00,2.130469,1.4202149
2019-05-28,2019-05-29 09:15:00,1.835156,1.192835
2019-05-28,2019-05-29 09:30:00,1.543359,0.8981527
2019-05-28,2019-05-29 09:45:00,0.8085939999999999,0.6881245
2019-05-28,2019-05-29 10:00:00,0.400781,0.4554019
2019-05-28,2019-05-29 10:15:00,0.418359,0.2904345
2019-05-28,2019-05-29 10:30:00,0.379687,0.22178908
2019-05-28,2019-05-29 10:45:00,0.182812,0.091464445
2019-05-28,2019-05-29 11:00:00,0.119531,4.799107e-05
2019-05-28,2019-05-29 11:15:00,0.0421879999999999,-0.03238887
2019-05-28,2019-05-29 11:30:00,0.0,-0.060403593
2019-05-28,2019-05-29 11:45:00,0.0,-0.090244375
2019-05-28,2019-05-29 12:00:00,0.0,-0.09550143
2019-05-28,2019-05-29 12:15:00,0.0,-0.10736001
2019-05-28,2019-05-29 12:30:00,0.0,-0.005803494
2019-05-28,2019-05-29 12:45:00,0.0,-0.0140657555
2019-05-28,2019-05-29 13:00:00,0.0,-0.02193018
2019-05-28,2019-05-29 13:15:00,0.0,0.012167675
2019-05-28,2019-05-29 13:30:00,0.0,0.011099259
2019-05-28,2019-05-29 13:45:00,0.0,-0.021217896
2019-05-28,2019-05-29 14:00:00,0.0,-0.018205334
2019-05-28,2019-05-29 14:15:00,0.0,0.012593762
2019-05-28,2019-05-29 14:30:00,0.0,-0.053124726
2019-05-28,2019-05-29 14:45:00,0.0,-0.027388735
2019-05-28,2019-05-29 15:00:00,0.0,-0.10791333
2019-05-28,2019-05-29 15:15:00,0.0,-0.11608372
2019-05-28,2019-05-29 15:30:00,0.0,-0.1455686
2019-05-28,2019-05-29 15:45:00,0.0,-0.16922782
2019-05-28,2019-05-29 16:00:00,0.0,-0.19124721
2019-05-28,2019-05-29 16:15:00,0.0,-0.14216419
2019-05-28,2019-05-29 16:30:00,0.0,-0.15528797
2019-05-28,2019-05-29 16:45:00,0.0,-0.16940601
2019-05-28,2019-05-29 17:00:00,0.0,-0.19659254
2019-05-28,2019-05-29 17:15:00,0.0,-0.15204358
2019-05-28,2019-05-29 17:30:00,0.0,-0.14918324
2019-05-28,2019-05-29 17:45:00,0.0,-0.1198568
2019-05-28,2019-05-29 18:00:00,0.0,-0.053159025
2019-05-28,2019-05-29 18:15:00,0.0,-0.035002403
2019-05-28,2019-05-29 18:30:00,0.0,-0.047491524
2019-05-28,2019-05-29 18:45:00,0.0,-0.01612183
2019-05-28,2019-05-29 19:00:00,0.0,-0.014604825
2019-05-28,2019-05-29 19:15:00,0.0,0.03685057
2019-05-28,2019-05-29 19:30:00,0.0,0.011886755
2019-05-28,2019-05-29 19:45:00,0.0,0.036438745
2019-05-28,2019-05-29 20:00:00,0.0,-0.02920361
2019-05-28,2019-05-29 20:15:00,0.0,0.006577544
2019-05-28,2019-05-29 20:30:00,0.0,-0.024279522
2019-05-28,2019-05-29 20:45:00,0.0,-0.068446174
2019-05-28,2019-05-29 21:00:00,0.0,-0.053722303
2019-05-28,2019-05-29 21:15:00,0.0,-0.067336254
2019-05-28,2019-05-29 21:30:00,0.0,0.009056507
2019-05-28,2019-05-29 21:45:00,0.193359,0.102708876
2019-05-28,2019-05-29 22:00:00,0.302344,0.23500492
2019-05-28,2019-05-29 22:15:00,0.439453,0.33509928
2019-05-28,2019-05-29 22:30:00,0.481641,0.47626433
2019-05-28,2019-05-29 22:45:00,0.583594,0.77021253
2019-05-28,2019-05-29 23:00:00,0.984375,0.9478914
2019-05-28,2019-05-29 23:15:00,0.812109,1.2001199
2019-05-28,2019-05-29 23:30:00,1.364062,1.4831507
2019-05-28,2019-05-29 23:45:00,1.434375,1.7579976
2019-05-29,2019-05-30 00:00:00,1.930078,2.2341752
2019-05-29,2019-05-30 00:15:00,2.383594,2.4323642
2019-05-29,2019-05-30 00:30:00,2.446875,2.7266583
2019-05-29,2019-05-30 00:45:00,2.707031,2.8595066
2019-05-29,2019-05-30 01:00:00,3.058594,3.1454194
2019-05-29,2019-05-30 01:15:00,3.266016,3.2545073
2019-05-29,2019-05-30 01:30:00,3.4875,3.48956
2019-05-29,2019-05-30 01:45:00,3.666797,3.5987053
2019-05-29,2019-05-30 02:00:00,3.863672,3.6870317
2019-05-29,2019-05-30 02:15:00,3.909375,3.7593186
2019-05-29,2019-05-30 02:30:00,3.99375,3.8367877
2019-05-29,2019-05-30 02:45:00,3.877734,3.8611207
2019-05-29,2019-05-30 03:00:00,4.158983999999999,3.9127457
2019-05-29,2019-05-30 03:15:00,4.187109,3.8501606
2019-05-29,2019-05-30 03:30:00,4.081641,3.8033977
2019-05-29,2019-05-30 03:45:00,4.092187,3.7696702
2019-05-29,2019-05-30 04:00:00,3.891797,3.666557
2019-05-29,2019-05-30 04:15:00,3.779297,3.6634758
2019-05-29,2019-05-30 04:30:00,2.900391,3.6426814
2019-05-29,2019-05-30 04:45:00,3.378515,3.6103542
2019-05-29,2019-05-30 05:00:00,3.009375,3.474908
2019-05-29,2019-05-30 05:15:00,4.074609,3.5578957
2019-05-29,2019-05-30 05:30:00,3.91289,3.5018713
2019-05-29,2019-05-30 05:45:00,3.730078,3.4663286
2019-05-29,2019-05-30 06:00:00,3.308203,3.3777084
2019-05-29,2019-05-30 06:15:00,3.877734,3.2843368
2019-05-29,2019-05-30 06:30:00,2.267578,3.1627238
2019-05-29,2019-05-30 06:45:00,1.357031,3.049357
2019-05-29,2019-05-30 07:00:00,2.664844,2.9651985
2019-05-29,2019-05-30 07:15:00,2.506641,2.8181944
2019-05-29,2019-05-30 07:30:00,3.476953,2.651651
2019-05-29,2019-05-30 07:45:00,3.153516,2.440541
2019-05-29,2019-05-30 08:00:00,2.9636720000000003,2.2154264
2019-05-29,2019-05-30 08:15:00,2.626172,1.9719499
2019-05-29,2019-05-30 08:30:00,2.323828,1.724917
2019-05-29,2019-05-30 08:45:00,2.035547,1.4626741
2019-05-29,2019-05-30 09:00:00,1.715625,1.2381487
2019-05-29,2019-05-30 09:15:00,1.480078,1.0514195
2019-05-29,2019-05-30 09:30:00,1.241016,0.8287082
2019-05-29,2019-05-30 09:45:00,0.910547,0.64848095
2019-05-29,2019-05-30 10:00:00,0.713672,0.4795663
2019-05-29,2019-05-30 10:15:00,0.523828,0.34683958
2019-05-29,2019-05-30 10:30:00,0.379687,0.292279
2019-05-29,2019-05-30 10:45:00,0.256641,0.18653736
2019-05-29,2019-05-30 11:00:00,0.154687,0.12094977
2019-05-29,2019-05-30 11:15:00,0.014062,0.08779238
2019-05-29,2019-05-30 11:30:00,0.0,0.07793301
2019-05-29,2019-05-30 11:45:00,0.0,0.041205175
2019-05-29,2019-05-30 12:00:00,0.0,0.038828123
2019-05-29,2019-05-30 12:15:00,0.0,0.018281646
2019-05-29,2019-05-30 12:30:00,0.0,0.09963922
2019-05-29,2019-05-30 12:45:00,0.0,0.09590546
2019-05-29,2019-05-30 13:00:00,0.0,0.08253246
2019-05-29,2019-05-30 13:15:00,0.0,0.109784774
2019-05-29,2019-05-30 13:30:00,0.0,0.08885778
2019-05-29,2019-05-30 13:45:00,0.0,0.05084966
2019-05-29,2019-05-30 14:00:00,0.0,0.061409734
2019-05-29,2019-05-30 14:15:00,0.0,0.0744109
2019-05-29,2019-05-30 14:30:00,0.0,0.014646072
2019-05-29,2019-05-30 14:45:00,0.0,0.0362014
2019-05-29,2019-05-30 15:00:00,0.0,-0.041227054
2019-05-29,2019-05-30 15:15:00,0.0,-0.026894668
2019-05-29,2019-05-30 15:30:00,0.0,-0.05744382
2019-05-29,2019-05-30 15:45:00,0.0,-0.08564119
2019-05-29,2019-05-30 16:00:00,0.0,-0.08045846
2019-05-29,2019-05-30 16:15:00,0.0,-0.04388468
2019-05-29,2019-05-30 16:30:00,0.0,-0.055656392
2019-05-29,2019-05-30 16:45:00,0.0,-0.07182332
2019-05-29,2019-05-30 17:00:00,0.0,-0.08882566
2019-05-29,2019-05-30 17:15:00,0.0,-0.039390527
2019-05-29,2019-05-30 17:30:00,0.0,-0.06764609
2019-05-29,2019-05-30 17:45:00,0.0,-0.04140256
2019-05-29,2019-05-30 18:00:00,0.0,-0.0012944523
2019-05-29,2019-05-30 18:15:00,0.0,0.00044092117
2019-05-29,2019-05-30 18:30:00,0.0,-0.009102779
2019-05-29,2019-05-30 18:45:00,0.0,0.011069364
2019-05-29,2019-05-30 19:00:00,0.0,0.0018002412
2019-05-29,2019-05-30 19:15:00,0.0,0.037022162
2019-05-29,2019-05-30 19:30:00,0.0,0.0133208195
2019-05-29,2019-05-30 19:45:00,0.0,0.020135803
2019-05-29,2019-05-30 20:00:00,0.0,-0.01940048
2019-05-29,2019-05-30 20:15:00,0.0,0.020044697
2019-05-29,2019-05-30 20:30:00,0.0,-0.006496479
2019-05-29,2019-05-30 20:45:00,0.0,-0.052195918
2019-05-29,2019-05-30 21:00:00,0.0,-0.031598132
2019-05-29,2019-05-30 21:15:00,0.024609,-0.053892285
2019-05-29,2019-05-30 21:30:00,0.0,0.009194708
2019-05-29,2019-05-30 21:45:00,0.189844,0.0840753
2019-05-29,2019-05-30 22:00:00,0.298828,0.17163244
2019-05-29,2019-05-30 22:15:00,0.460547,0.2735442
2019-05-29,2019-05-30 22:30:00,0.660937,0.37997353
2019-05-29,2019-05-30 22:45:00,0.8648440000000001,0.6259464
2019-05-29,2019-05-30 23:00:00,1.156641,0.7932464
2019-05-29,2019-05-30 23:15:00,1.434375,1.0159816
2019-05-29,2019-05-30 23:30:00,1.712109,1.2482544
2019-05-29,2019-05-30 23:45:00,2.014453,1.5060898
2019-05-30,2019-05-31 00:00:00,2.2605470000000003,1.7422073
2019-05-30,2019-05-31 00:15:00,2.5101560000000003,1.9018221
2019-05-30,2019-05-31 00:30:00,2.766797,2.1698039
2019-05-30,2019-05-31 00:45:00,2.998828,2.2791336
2019-05-30,2019-05-31 01:00:00,3.230859,2.5435545
2019-05-30,2019-05-31 01:15:00,3.438281,2.6269984
2019-05-30,2019-05-31 01:30:00,3.568359,2.8341022
2019-05-30,2019-05-31 01:45:00,3.744141,2.948711
2019-05-30,2019-05-31 02:00:00,3.902344,3.021442
2019-05-30,2019-05-31 02:15:00,4.014843,3.0978389
2019-05-30,2019-05-31 02:30:00,4.095703,3.1608443
2019-05-30,2019-05-31 02:45:00,4.169531,3.2070935
2019-05-30,2019-05-31 03:00:00,4.232812,3.2336302
2019-05-30,2019-05-31 03:15:00,4.222266,3.1941688
2019-05-30,2019-05-31 03:30:00,4.169531,3.1375408
2019-05-30,2019-05-31 03:45:00,4.201172,3.1127632
2019-05-30,2019-05-31 04:00:00,4.225781,3.0124063
2019-05-30,2019-05-31 04:15:00,4.144922,3.0055828
2019-05-30,2019-05-31 04:30:00,4.201172,2.9693127
2019-05-30,2019-05-31 04:45:00,4.092187,2.9495022
2019-05-30,2019-05-31 05:00:00,4.014843,2.8400114
2019-05-30,2019-05-31 05:15:00,4.046484,2.892012
2019-05-30,2019-05-31 05:30:00,4.05,2.8538983
2019-05-30,2019-05-31 05:45:00,3.91289,2.8209388
2019-05-30,2019-05-31 06:00:00,4.000781,2.74947
2019-05-30,2019-05-31 06:15:00,3.941015,2.657282
2019-05-30,2019-05-31 06:30:00,3.898828,2.5673296
2019-05-30,2019-05-31 06:45:00,3.863672,2.474529
2019-05-30,2019-05-31 07:00:00,3.716016,2.3987682
2019-05-30,2019-05-31 07:15:00,2.988281,2.287563
2019-05-30,2019-05-31 07:30:00,2.460938,2.1571462
2019-05-30,2019-05-31 07:45:00,2.882812,2.0016782
2019-05-30,2019-05-31 08:00:00,1.6804689999999998,1.8001754
2019-05-30,2019-05-31 08:15:00,1.026562,1.6217251
2019-05-30,2019-05-31 08:30:00,1.360547,1.4052625
2019-05-30,2019-05-31 08:45:00,1.248047,1.1926255
2019-05-30,2019-05-31 09:00:00,2.341406,1.0087743
2019-05-30,2019-05-31 09:15:00,1.648828,0.83754
2019-05-30,2019-05-31 09:30:00,1.089844,0.66151834
2019-05-30,2019-05-31 09:45:00,0.7558590000000001,0.5039678
2019-05-30,2019-05-31 10:00:00,0.875391,0.3743485
2019-05-30,2019-05-31 10:15:00,0.28125,0.25051218
2019-05-30,2019-05-31 10:30:00,0.326953,0.20521238
2019-05-30,2019-05-31 10:45:00,0.221484,0.11607466
2019-05-30,2019-05-31 11:00:00,0.130078,0.06848706
2019-05-30,2019-05-31 11:15:00,0.0,0.038225133
2019-05-30,2019-05-31 11:30:00,0.0,0.04896905
2019-05-30,2019-05-31 11:45:00,0.0,0.0052323844
2019-05-30,2019-05-31 12:00:00,0.0,0.007865114
2019-05-30,2019-05-31 12:15:00,0.0,-0.00390922
2019-05-30,2019-05-31 12:30:00,0.0,0.06511156
2019-05-30,2019-05-31 12:45:00,0.0,0.0677559
2019-05-30,2019-05-31 13:00:00,0.0,0.06152475
2019-05-30,2019-05-31 13:15:00,0.0,0.08633604
2019-05-30,2019-05-31 13:30:00,0.0,0.056769095
2019-05-30,2019-05-31 13:45:00,0.0,0.0318381
2019-05-30,2019-05-31 14:00:00,0.0,0.05314708
2019-05-30,2019-05-31 14:15:00,0.0,0.057780117
2019-05-30,2019-05-31 14:30:00,0.0,0.01089532
2019-05-30,2019-05-31 14:45:00,0.0,0.027432848
2019-05-30,2019-05-31 15:00:00,0.0,-0.025043849
2019-05-30,2019-05-31 15:15:00,0.0,-0.0040088026
2019-05-30,2019-05-31 15:30:00,0.0,-0.033303417
2019-05-30,2019-05-31 15:45:00,0.0,-0.05740592
2019-05-30,2019-05-31 16:00:00,0.0,-0.016419241
2019-05-30,2019-05-31 16:15:00,0.0,0.003954608
2019-05-30,2019-05-31 16:30:00,0.0,-0.010308029
2019-05-30,2019-05-31 16:45:00,0.0,-0.015124481
2019-05-30,2019-05-31 17:00:00,0.0,-0.028416948
2019-05-30,2019-05-31 17:15:00,0.0,0.027860776
2019-05-30,2019-05-31 17:30:00,0.0,-0.029774915
2019-05-30,2019-05-31 17:45:00,0.0,0.0042402605
2019-05-30,2019-05-31 18:00:00,0.0,0.015338409
2019-05-30,2019-05-31 18:15:00,0.0,0.0014602145
2019-05-30,2019-05-31 18:30:00,0.0,-0.02704339
2019-05-30,2019-05-31 18:45:00,0.0,-0.02765333
2019-05-30,2019-05-31 19:00:00,0.0,-0.0411357
2019-05-30,2019-05-31 19:15:00,0.0,-0.027473997
2019-05-30,2019-05-31 19:30:00,0.0,-0.045468736
2019-05-30,2019-05-31 19:45:00,0.0,-0.04651347
2019-05-30,2019-05-31 20:00:00,0.0,-0.05245824
2019-05-30,2019-05-31 20:15:00,0.0,-0.013447957
2019-05-30,2019-05-31 20:30:00,0.0,-0.008659219
2019-05-30,2019-05-31 20:45:00,0.0,-0.053157404
2019-05-30,2019-05-31 21:00:00,0.0,-0.0039619636
2019-05-30,2019-05-31 21:15:00,0.0,-0.027548263
2019-05-30,2019-05-31 21:30:00,0.0,0.03424938
2019-05-30,2019-05-31 21:45:00,0.0,0.11717486
2019-05-30,2019-05-31 22:00:00,0.077344,0.19220488
2019-05-30,2019-05-31 22:15:00,0.16875,0.30326968
2019-05-30,2019-05-31 22:30:00,0.344531,0.38505298
2019-05-30,2019-05-31 22:45:00,0.298828,0.5928259
2019-05-30,2019-05-31 23:00:00,0.351562,0.74396116
2019-05-30,2019-05-31 23:15:00,0.2953119999999999,0.95800406
2019-05-30,2019-05-31 23:30:00,0.523828,1.1440724
2019-05-30,2019-05-31 23:45:00,0.833203,1.374885
2019-05-31,2019-06-01 00:00:00,0.794531,2.28401
2019-05-31,2019-06-01 00:15:00,0.523828,2.5112138
2019-05-31,2019-06-01 00:30:00,0.418359,2.82708
2019-05-31,2019-06-01 00:45:00,0.369141,2.9941938
2019-05-31,2019-06-01 01:00:00,1.283203,3.297329
2019-05-31,2019-06-01 01:15:00,2.025,3.4374561
2019-05-31,2019-06-01 01:30:00,3.241406,3.6896129
2019-05-31,2019-06-01 01:45:00,3.491015,3.821121
2019-05-31,2019-06-01 02:00:00,3.765234,3.9308786
2019-05-31,2019-06-01 02:15:00,3.877734,4.018169
2019-05-31,2019-06-01 02:30:00,3.986719,4.1064425
2019-05-31,2019-06-01 02:45:00,4.134375,4.1343975
2019-05-31,2019-06-01 03:00:00,4.201172,4.184222
2019-05-31,2019-06-01 03:15:00,4.282031,4.1325917
2019-05-31,2019-06-01 03:30:00,4.2785150000000005,4.0893717
2019-05-31,2019-06-01 03:45:00,4.264453,4.0463133
2019-05-31,2019-06-01 04:00:00,4.362891,3.9337583
2019-05-31,2019-06-01 04:15:00,4.275,3.9357383
2019-05-31,2019-06-01 04:30:00,4.148438,3.9049866
2019-05-31,2019-06-01 04:45:00,4.355859,3.865106
2019-05-31,2019-06-01 05:00:00,4.369922,3.713811
2019-05-31,2019-06-01 05:15:00,2.439844,3.791873
2019-05-31,2019-06-01 05:30:00,4.246875,3.743036
2019-05-31,2019-06-01 05:45:00,1.567969,3.6954246
2019-05-31,2019-06-01 06:00:00,1.6523439999999998,3.5926354
2019-05-31,2019-06-01 06:15:00,4.33125,3.4764495
2019-05-31,2019-06-01 06:30:00,3.863672,3.3396018
2019-05-31,2019-06-01 06:45:00,2.091797,3.2013288
2019-05-31,2019-06-01 07:00:00,1.346484,3.0918014
2019-05-31,2019-06-01 07:15:00,3.329297,2.9154403
2019-05-31,2019-06-01 07:30:00,3.125391,2.722473
2019-05-31,2019-06-01 07:45:00,2.953125,2.473991
2019-05-31,2019-06-01 08:00:00,2.696484,2.2194898
2019-05-31,2019-06-01 08:15:00,2.408203,1.954454
2019-05-31,2019-06-01 08:30:00,2.190234,1.6856495
2019-05-31,2019-06-01 08:45:00,1.923047,1.4084986
2019-05-31,2019-06-01 09:00:00,1.645312,1.1611292
2019-05-31,2019-06-01 09:15:00,1.388672,0.9684656
2019-05-31,2019-06-01 09:30:00,1.082812,0.73493654
2019-05-31,2019-06-01 09:45:00,0.8824219999999999,0.55018485
2019-05-31,2019-06-01 10:00:00,0.660937,0.39015058
2019-05-31,2019-06-01 10:15:00,0.478125,0.25267088
2019-05-31,2019-06-01 10:30:00,0.323438,0.20946021
2019-05-31,2019-06-01 10:45:00,0.210938,0.10607413
2019-05-31,2019-06-01 11:00:00,0.105469,0.044156954
2019-05-31,2019-06-01 11:15:00,0.0,0.020545198
2019-05-31,2019-06-01 11:30:00,0.0,0.026904289
2019-05-31,2019-06-01 11:45:00,0.0,-0.016455064
2019-05-31,2019-06-01 12:00:00,0.0,-0.014606908
2019-05-31,2019-06-01 12:15:00,0.0,-0.024659334
2019-05-31,2019-06-01 12:30:00,0.0,0.05528072
2019-05-31,2019-06-01 12:45:00,0.0,0.055031963
2019-05-31,2019-06-01 13:00:00,0.0,0.038810838
2019-05-31,2019-06-01 13:15:00,0.0,0.07613234
2019-05-31,2019-06-01 13:30:00,0.0,0.040123735
2019-05-31,2019-06-01 13:45:00,0.0,0.007104448
2019-05-31,2019-06-01 14:00:00,0.0,0.017544013
2019-05-31,2019-06-01 14:15:00,0.0,0.032784782
2019-05-31,2019-06-01 14:30:00,0.0,-0.020588797
2019-05-31,2019-06-01 14:45:00,0.0,0.0051274216
2019-05-31,2019-06-01 15:00:00,0.0,-0.06588988
2019-05-31,2019-06-01 15:15:00,0.0,-0.04546379
2019-05-31,2019-06-01 15:30:00,0.0,-0.06714353
2019-05-31,2019-06-01 15:45:00,0.0,-0.08970573
2019-05-31,2019-06-01 16:00:00,0.0,-0.07372202
2019-05-31,2019-06-01 16:15:00,0.0,-0.029241571
2019-05-31,2019-06-01 16:30:00,0.0,-0.043102875
2019-05-31,2019-06-01 16:45:00,0.0,-0.06887283
2019-05-31,2019-06-01 17:00:00,0.0,-0.067488074
2019-05-31,2019-06-01 17:15:00,0.0,-0.022285603
2019-05-31,2019-06-01 17:30:00,0.0,-0.052791804
2019-05-31,2019-06-01 17:45:00,0.0,-0.026013331
2019-05-31,2019-06-01 18:00:00,0.0,0.012474469
2019-05-31,2019-06-01 18:15:00,0.0,0.006847909
2019-05-31,2019-06-01 18:30:00,0.0,-0.004629595
2019-05-31,2019-06-01 18:45:00,0.0,0.0018017997
2019-05-31,2019-06-01 19:00:00,0.0,-0.0049048006
2019-05-31,2019-06-01 19:15:00,0.0,0.031108717
2019-05-31,2019-06-01 19:30:00,0.0,0.0026207548
2019-05-31,2019-06-01 19:45:00,0.0,0.012544485
2019-05-31,2019-06-01 20:00:00,0.0,-0.049951255
2019-05-31,2019-06-01 20:15:00,0.0,-0.009890491
2019-05-31,2019-06-01 20:30:00,0.0,-0.04279216
2019-05-31,2019-06-01 20:45:00,0.0,-0.08369375
2019-05-31,2019-06-01 21:00:00,0.0,-0.07488258
2019-05-31,2019-06-01 21:15:00,0.0,-0.083640985
2019-05-31,2019-06-01 21:30:00,0.080859,-0.02487389
2019-05-31,2019-06-01 21:45:00,0.165234,0.050037418
2019-05-31,2019-06-01 22:00:00,0.2847659999999999,0.15041764
2019-05-31,2019-06-01 22:15:00,0.4148439999999999,0.25182855
2019-05-31,2019-06-01 22:30:00,0.541406,0.37574026
2019-05-31,2019-06-01 22:45:00,0.776953,0.64719194
2019-05-31,2019-06-01 23:00:00,0.987891,0.82228744
2019-05-31,2019-06-01 23:15:00,1.241016,1.0565506
2019-05-31,2019-06-01 23:30:00,1.364062,1.3083056
2019-05-31,2019-06-01 23:45:00,1.582031,1.5832655
2018-08-25,2018-08-26 00:00:00,1.286719,1.3058822
2018-08-25,2018-08-26 00:15:00,1.504687,1.4977
2018-08-25,2018-08-26 00:30:00,1.747266,1.7594645
2018-08-25,2018-08-26 00:45:00,1.916016,1.9496776
2018-08-25,2018-08-26 01:00:00,2.169141,2.2274816
2018-08-25,2018-08-26 01:15:00,2.309766,2.3884351
2018-08-25,2018-08-26 01:30:00,2.636719,2.603662
2018-08-25,2018-08-26 01:45:00,2.770312,2.767536
2018-08-25,2018-08-26 02:00:00,2.872266,2.8981433
2018-08-25,2018-08-26 02:15:00,3.086719,2.9795346
2018-08-25,2018-08-26 02:30:00,3.188672,3.0729408
2018-08-25,2018-08-26 02:45:00,3.181641,3.1332889
2018-08-25,2018-08-26 03:00:00,3.325781,3.177644
2018-08-25,2018-08-26 03:15:00,3.378515,3.138278
2018-08-25,2018-08-26 03:30:00,3.357422,3.1063223
2018-08-25,2018-08-26 03:45:00,3.3890620000000005,3.072612
2018-08-25,2018-08-26 04:00:00,3.403125,2.974465
2018-08-25,2018-08-26 04:15:00,3.448828,2.9366136
2018-08-25,2018-08-26 04:30:00,3.427734,2.9023829
2018-08-25,2018-08-26 04:45:00,3.396094,2.8589292
2018-08-25,2018-08-26 05:00:00,3.273047,2.7208705
2018-08-25,2018-08-26 05:15:00,3.403125,2.7457497
2018-08-25,2018-08-26 05:30:00,3.364453,2.684002
2018-08-25,2018-08-26 05:45:00,2.974219,2.60261
2018-08-25,2018-08-26 06:00:00,3.058594,2.5331016
2018-08-25,2018-08-26 06:15:00,2.063672,2.382372
2018-08-25,2018-08-26 06:30:00,2.882812,2.2773376
2018-08-25,2018-08-26 06:45:00,2.443359,2.1065412
2018-08-25,2018-08-26 07:00:00,2.239453,1.9876432
2018-08-25,2018-08-26 07:15:00,2.373047,1.8255712
2018-08-25,2018-08-26 07:30:00,2.151562,1.6575174
2018-08-25,2018-08-26 07:45:00,1.993359,1.4331256
2018-08-25,2018-08-26 08:00:00,1.7824220000000002,1.2408278
2018-08-25,2018-08-26 08:15:00,1.578516,1.0407598
2018-08-25,2018-08-26 08:30:00,1.392187,0.82222855
2018-08-25,2018-08-26 08:45:00,1.019531,0.6315117
2018-08-25,2018-08-26 09:00:00,0.45,0.4531799
2018-08-25,2018-08-26 09:15:00,0.4253909999999999,0.34075385
2018-08-25,2018-08-26 09:30:00,0.379687,0.1775465
2018-08-25,2018-08-26 09:45:00,0.298828,0.0661923
2018-08-25,2018-08-26 10:00:00,0.291797,-0.02168841
2018-08-25,2018-08-26 10:15:00,0.175781,-0.106082015
2018-08-25,2018-08-26 10:30:00,0.024609,-0.10405149
2018-08-25,2018-08-26 10:45:00,0.0,-0.15392709
2018-08-25,2018-08-26 11:00:00,0.0,-0.15210031
2018-08-25,2018-08-26 11:15:00,0.0,-0.13054036
2018-08-25,2018-08-26 11:30:00,0.0,-0.112153
2018-08-25,2018-08-26 11:45:00,0.0,-0.11597979
2018-08-25,2018-08-26 12:00:00,0.0,-0.09472923
2018-08-25,2018-08-26 12:15:00,0.0,-0.07636285
2018-08-25,2018-08-26 12:30:00,0.0,-0.0031237712
2018-08-25,2018-08-26 12:45:00,0.0,0.013001043
2018-08-25,2018-08-26 13:00:00,0.0,0.0149020655
2018-08-25,2018-08-26 13:15:00,0.0,0.018846583
2018-08-25,2018-08-26 13:30:00,0.0,0.02199669
2018-08-25,2018-08-26 13:45:00,0.0,-0.019375801
2018-08-25,2018-08-26 14:00:00,0.0,0.016847674
2018-08-25,2018-08-26 14:15:00,0.0,0.0140150385
2018-08-25,2018-08-26 14:30:00,0.0,-0.031991065
2018-08-25,2018-08-26 14:45:00,0.0,0.007206911
2018-08-25,2018-08-26 15:00:00,0.0,-0.053715743
2018-08-25,2018-08-26 15:15:00,0.0,-0.029882502
2018-08-25,2018-08-26 15:30:00,0.0,-0.055001736
2018-08-25,2018-08-26 15:45:00,0.0,-0.04788626
2018-08-25,2018-08-26 16:00:00,0.0,-0.02943049
2018-08-25,2018-08-26 16:15:00,0.0,-0.015709817
2018-08-25,2018-08-26 16:30:00,0.0,-0.020701835
2018-08-25,2018-08-26 16:45:00,0.0,0.014808593
2018-08-25,2018-08-26 17:00:00,0.0,-0.019434089
2018-08-25,2018-08-26 17:15:00,0.0,0.028683435
2018-08-25,2018-08-26 17:30:00,0.0,0.0031880678
2018-08-25,2018-08-26 17:45:00,0.0,0.03508501
2018-08-25,2018-08-26 18:00:00,0.0,0.039151113
2018-08-25,2018-08-26 18:15:00,0.0,0.05198544
2018-08-25,2018-08-26 18:30:00,0.0,0.014462456
2018-08-25,2018-08-26 18:45:00,0.0,0.02213879
2018-08-25,2018-08-26 19:00:00,0.0,-0.0010241027
2018-08-25,2018-08-26 19:15:00,0.0,0.030218974
2018-08-25,2018-08-26 19:30:00,0.0,0.009786223
2018-08-25,2018-08-26 19:45:00,0.0,0.0017480066
2018-08-25,2018-08-26 20:00:00,0.0,-0.019772321
2018-08-25,2018-08-26 20:15:00,0.0,-0.045468207
2018-08-25,2018-08-26 20:30:00,0.0,-0.041911274
2018-08-25,2018-08-26 20:45:00,0.0,-0.1023419
2018-08-25,2018-08-26 21:00:00,0.0,-0.12804805
2018-08-25,2018-08-26 21:15:00,0.0,-0.18288991
2018-08-25,2018-08-26 21:30:00,0.0,-0.1882914
2018-08-25,2018-08-26 21:45:00,0.0,-0.17804155
2018-08-25,2018-08-26 22:00:00,0.0,-0.12958665
2018-08-25,2018-08-26 22:15:00,0.0,-0.12414887
2018-08-25,2018-08-26 22:30:00,0.203906,-0.06507124
2018-08-25,2018-08-26 22:45:00,0.319922,0.11788353
2018-08-25,2018-08-26 23:00:00,0.460547,0.21187408
2018-08-25,2018-08-26 23:15:00,0.632812,0.3995831
2018-08-25,2018-08-26 23:30:00,0.8824219999999999,0.6025292
2018-08-25,2018-08-26 23:45:00,1.125,0.76813877
2018-08-26,2018-08-27 00:00:00,1.297266,1.3318503
2018-08-26,2018-08-27 00:15:00,1.18125,1.5789597
2018-08-26,2018-08-27 00:30:00,1.887891,1.8815854
2018-08-26,2018-08-27 00:45:00,2.021484,2.1138775
2018-08-26,2018-08-27 01:00:00,2.285156,2.428637
2018-08-26,2018-08-27 01:15:00,2.478516,2.6607456
2018-08-26,2018-08-27 01:30:00,2.657812,2.9789062
2018-08-26,2018-08-27 01:45:00,2.844141,3.1806946
2018-08-26,2018-08-27 02:00:00,3.121875,3.4112585
2018-08-26,2018-08-27 02:15:00,3.287109,3.5388567
2018-08-26,2018-08-27 02:30:00,2.309766,3.7325642
2018-08-26,2018-08-27 02:45:00,3.427734,3.8185198
2018-08-26,2018-08-27 03:00:00,2.211328,3.948175
2018-08-26,2018-08-27 03:15:00,3.469922,3.94381
2018-08-26,2018-08-27 03:30:00,3.15,4.002182
2018-08-26,2018-08-27 03:45:00,3.410156,3.9674263
2018-08-26,2018-08-27 04:00:00,4.151953,3.8916566
2018-08-26,2018-08-27 04:15:00,3.670312000000001,3.8991356
2018-08-26,2018-08-27 04:30:00,3.596484,3.8971803
2018-08-26,2018-08-27 04:45:00,3.723047,3.8486047
2018-08-26,2018-08-27 05:00:00,2.580469,3.6978724
2018-08-26,2018-08-27 05:15:00,2.696484,3.7824564
2018-08-26,2018-08-27 05:30:00,4.310156,3.7363336
2018-08-26,2018-08-27 05:45:00,2.844141,3.6626964
2018-08-26,2018-08-27 06:00:00,3.4839839999999995,3.5942047
2018-08-26,2018-08-27 06:15:00,3.596484,3.4983537
2018-08-26,2018-08-27 06:30:00,3.336328,3.3555224
2018-08-26,2018-08-27 06:45:00,3.3679690000000004,3.21894
2018-08-26,2018-08-27 07:00:00,3.026953,3.1545713
2018-08-26,2018-08-27 07:15:00,3.055078,2.951566
2018-08-26,2018-08-27 07:30:00,2.896875,2.7671115
2018-08-26,2018-08-27 07:45:00,2.735156,2.510465
2018-08-26,2018-08-27 08:00:00,2.376562,2.2871466
2018-08-26,2018-08-27 08:15:00,1.7015619999999998,1.989044
2018-08-26,2018-08-27 08:30:00,2.288672,1.7145478
2018-08-26,2018-08-27 08:45:00,2.014453,1.4505274
2018-08-26,2018-08-27 09:00:00,0.6679689999999999,1.1707765
2018-08-26,2018-08-27 09:15:00,0.569531,0.97191447
2018-08-26,2018-08-27 09:30:00,0.569531,0.7019069
2018-08-26,2018-08-27 09:45:00,0.492188,0.5017457
2018-08-26,2018-08-27 10:00:00,0.428906,0.28465816
2018-08-26,2018-08-27 10:15:00,0.158203,0.12229103
2018-08-26,2018-08-27 10:30:00,0.035156,0.039458558
2018-08-26,2018-08-27 10:45:00,0.0,-0.07647935
2018-08-26,2018-08-27 11:00:00,0.0,-0.15277076
2018-08-26,2018-08-27 11:15:00,0.0,-0.17505667
2018-08-26,2018-08-27 11:30:00,0.0,-0.19959758
2018-08-26,2018-08-27 11:45:00,0.0,-0.22651473
2018-08-26,2018-08-27 12:00:00,0.0,-0.2177637
2018-08-26,2018-08-27 12:15:00,0.0,-0.20810397
2018-08-26,2018-08-27 12:30:00,0.0,-0.10817295
2018-08-26,2018-08-27 12:45:00,0.0,-0.12406882
2018-08-26,2018-08-27 13:00:00,0.0,-0.10831407
2018-08-26,2018-08-27 13:15:00,0.0,-0.07938441
2018-08-26,2018-08-27 13:30:00,0.0,-0.07628969
2018-08-26,2018-08-27 13:45:00,0.0,-0.090292715
2018-08-26,2018-08-27 14:00:00,0.0,-0.085729934
2018-08-26,2018-08-27 14:15:00,0.0,-0.049080186
2018-08-26,2018-08-27 14:30:00,0.0,-0.09790286
2018-08-26,2018-08-27 14:45:00,0.0,-0.05378296
2018-08-26,2018-08-27 15:00:00,0.0,-0.11304904
2018-08-26,2018-08-27 15:15:00,0.0,-0.12356288
2018-08-26,2018-08-27 15:30:00,0.0,-0.124267675
2018-08-26,2018-08-27 15:45:00,0.0,-0.118946314
2018-08-26,2018-08-27 16:00:00,0.0,-0.13670103
2018-08-26,2018-08-27 16:15:00,0.0,-0.07766227
2018-08-26,2018-08-27 16:30:00,0.0,-0.083109915
2018-08-26,2018-08-27 16:45:00,0.0,-0.09356432
2018-08-26,2018-08-27 17:00:00,0.0,-0.117385805
2018-08-26,2018-08-27 17:15:00,0.0,-0.08845491
2018-08-26,2018-08-27 17:30:00,0.0,-0.064193435
2018-08-26,2018-08-27 17:45:00,0.0,-0.041666422
2018-08-26,2018-08-27 18:00:00,0.0,-0.009013227
2018-08-26,2018-08-27 18:15:00,0.0,-0.010031039
2018-08-26,2018-08-27 18:30:00,0.0,-0.013331863
2018-08-26,2018-08-27 18:45:00,0.0,0.0019920564
2018-08-26,2018-08-27 19:00:00,0.0,0.0069055087
2018-08-26,2018-08-27 19:15:00,0.0,0.05018827
2018-08-26,2018-08-27 19:30:00,0.0,0.03449115
2018-08-26,2018-08-27 19:45:00,0.0,0.0618231
2018-08-26,2018-08-27 20:00:00,0.0,-0.0025259042
2018-08-26,2018-08-27 20:15:00,0.0,0.0025666477
2018-08-26,2018-08-27 20:30:00,0.0,-0.03021632
2018-08-26,2018-08-27 20:45:00,0.0,-0.058012247
2018-08-26,2018-08-27 21:00:00,0.0,-0.09105112
2018-08-26,2018-08-27 21:15:00,0.0,-0.086846665
2018-08-26,2018-08-27 21:30:00,0.0,-0.1001109
2018-08-26,2018-08-27 21:45:00,0.0,-0.07331989
2018-08-26,2018-08-27 22:00:00,0.0035159999999999,0.01701249
2018-08-26,2018-08-27 22:15:00,0.0,-0.0072529577
2018-08-26,2018-08-27 22:30:00,0.196875,0.06321984
2018-08-26,2018-08-27 22:45:00,0.319922,0.2558004
2018-08-26,2018-08-27 23:00:00,0.341016,0.32560462
2018-08-26,2018-08-27 23:15:00,0.551953,0.48399228
2018-08-26,2018-08-27 23:30:00,0.566016,0.68574727
2018-08-26,2018-08-27 23:45:00,0.73125,0.86067647
2018-08-27,2018-08-28 00:00:00,0.935156,1.3437188
2018-08-27,2018-08-28 00:15:00,1.873828,1.5257897
2018-08-27,2018-08-28 00:30:00,1.226953,1.7639436
2018-08-27,2018-08-28 00:45:00,1.466016,1.9465901
2018-08-27,2018-08-28 01:00:00,1.750781,2.1987796
2018-08-27,2018-08-28 01:15:00,2.742188,2.3491879
2018-08-27,2018-08-28 01:30:00,2.844141,2.56916
2018-08-27,2018-08-28 01:45:00,3.065625,2.7161336
2018-08-27,2018-08-28 02:00:00,3.258984,2.850738
2018-08-27,2018-08-28 02:15:00,3.4066410000000005,2.9174778
2018-08-27,2018-08-28 02:30:00,3.6,3.0170977
2018-08-27,2018-08-28 02:45:00,3.628125,3.061958
2018-08-27,2018-08-28 03:00:00,3.659765,3.1242673
2018-08-27,2018-08-28 03:15:00,3.733594,3.0683758
2018-08-27,2018-08-28 03:30:00,3.789844,3.0507286
2018-08-27,2018-08-28 03:45:00,3.782812,3.0076053
2018-08-27,2018-08-28 04:00:00,3.867188,2.9257534
2018-08-27,2018-08-28 04:15:00,3.825,2.877102
2018-08-27,2018-08-28 04:30:00,3.786328,2.8613496
2018-08-27,2018-08-28 04:45:00,3.796875,2.7887342
2018-08-27,2018-08-28 05:00:00,3.744141,2.632923
2018-08-27,2018-08-28 05:15:00,3.652734,2.6514993
2018-08-27,2018-08-28 05:30:00,3.628125,2.5715275
2018-08-27,2018-08-28 05:45:00,3.596484,2.470893
2018-08-27,2018-08-28 06:00:00,3.515625,2.3992403
2018-08-27,2018-08-28 06:15:00,3.434766,2.2510848
2018-08-27,2018-08-28 06:30:00,3.325781,2.1286438
2018-08-27,2018-08-28 06:45:00,3.185156,1.9519264
2018-08-27,2018-08-28 07:00:00,3.016406,1.8354616
2018-08-27,2018-08-28 07:15:00,2.840625,1.6563823
2018-08-27,2018-08-28 07:30:00,2.629688,1.49738
2018-08-27,2018-08-28 07:45:00,2.425781,1.2739918
2018-08-27,2018-08-28 08:00:00,2.183203,1.1029283
2018-08-27,2018-08-28 08:15:00,1.916016,0.8982691
2018-08-27,2018-08-28 08:30:00,1.6804689999999998,0.69131035
2018-08-27,2018-08-28 08:45:00,1.444922,0.51803845
2018-08-27,2018-08-28 09:00:00,1.149609,0.3477273
2018-08-27,2018-08-28 09:15:00,0.924609,0.26327735
2018-08-27,2018-08-28 09:30:00,0.678516,0.112116344
2018-08-27,2018-08-28 09:45:00,0.478125,0.0153442575
2018-08-27,2018-08-28 10:00:00,0.302344,-0.06945645
2018-08-27,2018-08-28 10:15:00,0.161719,-0.1321444
2018-08-27,2018-08-28 10:30:00,0.038672,-0.12848166
2018-08-27,2018-08-28 10:45:00,0.0,-0.16274603
2018-08-27,2018-08-28 11:00:00,0.0,-0.15386552
2018-08-27,2018-08-28 11:15:00,0.0,-0.12667286
2018-08-27,2018-08-28 11:30:00,0.0,-0.113070376
2018-08-27,2018-08-28 11:45:00,0.0,-0.1126973
2018-08-27,2018-08-28 12:00:00,0.0,-0.09167585
2018-08-27,2018-08-28 12:15:00,0.0,-0.06724387
2018-08-27,2018-08-28 12:30:00,0.0,0.004865914
2018-08-27,2018-08-28 12:45:00,0.0,0.014754924
2018-08-27,2018-08-28 13:00:00,0.0,0.020361783
2018-08-27,2018-08-28 13:15:00,0.0,0.021607494
2018-08-27,2018-08-28 13:30:00,0.0,0.027675664
2018-08-27,2018-08-28 13:45:00,0.0,-0.0054235775
2018-08-27,2018-08-28 14:00:00,0.0,0.015962971
2018-08-27,2018-08-28 14:15:00,0.0,0.019532293
2018-08-27,2018-08-28 14:30:00,0.0,-0.02785558
2018-08-27,2018-08-28 14:45:00,0.0,0.013878853
2018-08-27,2018-08-28 15:00:00,0.0,-0.0414125
2018-08-27,2018-08-28 15:15:00,0.0,-0.028073119
2018-08-27,2018-08-28 15:30:00,0.0,-0.046462886
2018-08-27,2018-08-28 15:45:00,0.0,-0.02527826
2018-08-27,2018-08-28 16:00:00,0.0,-0.026312316
2018-08-27,2018-08-28 16:15:00,0.0,0.0024091208
2018-08-27,2018-08-28 16:30:00,0.0,0.0047834907
2018-08-27,2018-08-28 16:45:00,0.0,0.038094334
2018-08-27,2018-08-28 17:00:00,0.0,0.0026668014
2018-08-27,2018-08-28 17:15:00,0.0,0.044575207
2018-08-27,2018-08-28 17:30:00,0.0,0.039700147
2018-08-27,2018-08-28 17:45:00,0.0,0.0717698
2018-08-27,2018-08-28 18:00:00,0.0,0.079059586
2018-08-27,2018-08-28 18:15:00,0.0,0.08967308
2018-08-27,2018-08-28 18:30:00,0.0,0.07768471
2018-08-27,2018-08-28 18:45:00,0.0,0.09641354
2018-08-27,2018-08-28 19:00:00,0.0,0.081339
2018-08-27,2018-08-28 19:15:00,0.0,0.12043517
2018-08-27,2018-08-28 19:30:00,0.0,0.10509959
2018-08-27,2018-08-28 19:45:00,0.0,0.10361289
2018-08-27,2018-08-28 20:00:00,0.0,0.07942997
2018-08-27,2018-08-28 20:15:00,0.0,0.05431402
2018-08-27,2018-08-28 20:30:00,0.0,0.04266321
2018-08-27,2018-08-28 20:45:00,0.0,-0.021973167
2018-08-27,2018-08-28 21:00:00,0.0,-0.06700613
2018-08-27,2018-08-28 21:15:00,0.0,-0.107289895
2018-08-27,2018-08-28 21:30:00,0.0,-0.13401814
2018-08-27,2018-08-28 21:45:00,0.0,-0.1390126
2018-08-27,2018-08-28 22:00:00,0.0,-0.102838226
2018-08-27,2018-08-28 22:15:00,0.0,-0.12477375
2018-08-27,2018-08-28 22:30:00,0.0,-0.06676341
2018-08-27,2018-08-28 22:45:00,0.217969,0.10008848
2018-08-27,2018-08-28 23:00:00,0.316406,0.17532624
2018-08-27,2018-08-28 23:15:00,0.305859,0.33739886
2018-08-27,2018-08-28 23:30:00,0.28125,0.52617544
2018-08-27,2018-08-28 23:45:00,0.400781,0.675673
2018-08-28,2018-08-29 00:00:00,0.288281,0.9765819
2018-08-28,2018-08-29 00:15:00,0.520312,1.1876935
2018-08-28,2018-08-29 00:30:00,0.759375,1.4825708
2018-08-28,2018-08-29 00:45:00,1.086328,1.7101635
2018-08-28,2018-08-29 01:00:00,1.381641,2.0189853
2018-08-28,2018-08-29 01:15:00,2.566406,2.2501686
2018-08-28,2018-08-29 01:30:00,2.387109,2.531583
2018-08-28,2018-08-29 01:45:00,2.292187,2.7594666
2018-08-28,2018-08-29 02:00:00,2.439844,2.9577901
2018-08-28,2018-08-29 02:15:00,2.759766,3.1055703
2018-08-28,2018-08-29 02:30:00,3.782812,3.293106
2018-08-28,2018-08-29 02:45:00,3.786328,3.3900855
2018-08-28,2018-08-29 03:00:00,3.772265,3.4983006
2018-08-28,2018-08-29 03:15:00,3.638672,3.5020316
2018-08-28,2018-08-29 03:30:00,3.754687,3.527578
2018-08-28,2018-08-29 03:45:00,3.779297,3.5272057
2018-08-28,2018-08-29 04:00:00,3.670312000000001,3.4754248
2018-08-28,2018-08-29 04:15:00,3.614062,3.4671955
2018-08-28,2018-08-29 04:30:00,3.726562,3.4430137
2018-08-28,2018-08-29 04:45:00,3.294141,3.415105
2018-08-28,2018-08-29 05:00:00,3.575391,3.3005624
2018-08-28,2018-08-29 05:15:00,3.4628910000000004,3.3526015
2018-08-28,2018-08-29 05:30:00,3.329297,3.2982118
2018-08-28,2018-08-29 05:45:00,3.438281,3.2258983
2018-08-28,2018-08-29 06:00:00,3.589453,3.150148
2018-08-28,2018-08-29 06:15:00,3.5015620000000003,3.0275495
2018-08-28,2018-08-29 06:30:00,3.375,2.8958666
2018-08-28,2018-08-29 06:45:00,3.255469,2.725622
2018-08-28,2018-08-29 07:00:00,3.086719,2.611211
2018-08-28,2018-08-29 07:15:00,2.925,2.427558
2018-08-28,2018-08-29 07:30:00,2.6824220000000003,2.2260673
2018-08-28,2018-08-29 07:45:00,2.460938,1.9872705
2018-08-28,2018-08-29 08:00:00,2.197266,1.776879
2018-08-28,2018-08-29 08:15:00,1.982812,1.5385242
2018-08-28,2018-08-29 08:30:00,1.6945310000000002,1.2868905
2018-08-28,2018-08-29 08:45:00,1.395703,1.0862601
2018-08-28,2018-08-29 09:00:00,1.198828,0.8733892
2018-08-28,2018-08-29 09:15:00,0.949219,0.74043334
2018-08-28,2018-08-29 09:30:00,0.720703,0.54149115
2018-08-28,2018-08-29 09:45:00,0.488672,0.41218594
2018-08-28,2018-08-29 10:00:00,0.316406,0.26610187
2018-08-28,2018-08-29 10:15:00,0.172266,0.15781479
2018-08-28,2018-08-29 10:30:00,0.038672,0.13589306
2018-08-28,2018-08-29 10:45:00,0.0,0.05837719
2018-08-28,2018-08-29 11:00:00,0.0,0.027126882
2018-08-28,2018-08-29 11:15:00,0.0,0.034846876
2018-08-28,2018-08-29 11:30:00,0.0,-0.0014803213
2018-08-28,2018-08-29 11:45:00,0.0,-0.008598992
2018-08-28,2018-08-29 12:00:00,0.0,-0.0030676736
2018-08-28,2018-08-29 12:15:00,0.0,0.0026146544
2018-08-28,2018-08-29 12:30:00,0.0,0.06783307
2018-08-28,2018-08-29 12:45:00,0.0,0.050271187
2018-08-28,2018-08-29 13:00:00,0.0,0.059062317
2018-08-28,2018-08-29 13:15:00,0.0,0.05184913
2018-08-28,2018-08-29 13:30:00,0.0,0.05869091
2018-08-28,2018-08-29 13:45:00,0.0,0.035691857
2018-08-28,2018-08-29 14:00:00,0.0,0.04697807
2018-08-28,2018-08-29 14:15:00,0.0,0.05135061
2018-08-28,2018-08-29 14:30:00,0.0,0.01865146
2018-08-28,2018-08-29 14:45:00,0.0,0.063747555
2018-08-28,2018-08-29 15:00:00,0.0,0.016294269
2018-08-28,2018-08-29 15:15:00,0.0,0.0119059
2018-08-28,2018-08-29 15:30:00,0.0,0.0072765574
2018-08-28,2018-08-29 15:45:00,0.0,0.0379851
2018-08-28,2018-08-29 16:00:00,0.0,0.031284582
2018-08-28,2018-08-29 16:15:00,0.0,0.061704513
2018-08-28,2018-08-29 16:30:00,0.0,0.05581026
2018-08-28,2018-08-29 16:45:00,0.0,0.0704622
2018-08-28,2018-08-29 17:00:00,0.0,0.04552649
2018-08-28,2018-08-29 17:15:00,0.0,0.06971831
2018-08-28,2018-08-29 17:30:00,0.0,0.07199448
2018-08-28,2018-08-29 17:45:00,0.0,0.099369116
2018-08-28,2018-08-29 18:00:00,0.0,0.11062967
2018-08-28,2018-08-29 18:15:00,0.0,0.11512838
2018-08-28,2018-08-29 18:30:00,0.0,0.08841939
2018-08-28,2018-08-29 18:45:00,0.0,0.10171928
2018-08-28,2018-08-29 19:00:00,0.0,0.086728364
2018-08-28,2018-08-29 19:15:00,0.0,0.115471944
2018-08-28,2018-08-29 19:30:00,0.0,0.10686057
2018-08-28,2018-08-29 19:45:00,0.0,0.11634764
2018-08-28,2018-08-29 20:00:00,0.0,0.08717272
2018-08-28,2018-08-29 20:15:00,0.0,0.068715855
2018-08-28,2018-08-29 20:30:00,0.0,0.05669413
2018-08-28,2018-08-29 20:45:00,0.0,0.017428335
2018-08-28,2018-08-29 21:00:00,0.0,-0.020762624
2018-08-28,2018-08-29 21:15:00,0.0,-0.05459273
2018-08-28,2018-08-29 21:30:00,0.0,-0.07925585
2018-08-28,2018-08-29 21:45:00,0.0,-0.075315826
2018-08-28,2018-08-29 22:00:00,0.0,-0.03025214
2018-08-28,2018-08-29 22:15:00,0.0,-0.049559355
2018-08-28,2018-08-29 22:30:00,0.200391,-0.028449785
2018-08-28,2018-08-29 22:45:00,0.344531,0.109165974
2018-08-28,2018-08-29 23:00:00,0.464063,0.16636828
2018-08-28,2018-08-29 23:15:00,0.632812,0.3018243
2018-08-28,2018-08-29 23:30:00,0.959766,0.4681687
2018-08-28,2018-08-29 23:45:00,0.914062,0.6219612
2018-08-29,2018-08-30 00:00:00,0.935156,0.69986266
2018-08-29,2018-08-30 00:15:00,0.734766,0.8525346
2018-08-29,2018-08-30 00:30:00,1.6945310000000002,1.0963831
2018-08-29,2018-08-30 00:45:00,1.033594,1.2817856
2018-08-29,2018-08-30 01:00:00,1.374609,1.5651162
2018-08-29,2018-08-30 01:15:00,2.348438,1.776498
2018-08-29,2018-08-30 01:30:00,1.469531,2.035594
2018-08-29,2018-08-30 01:45:00,1.522266,2.2388334
2018-08-29,2018-08-30 02:00:00,1.437891,2.4343297
2018-08-29,2018-08-30 02:15:00,1.286719,2.5863228
2018-08-29,2018-08-30 02:30:00,1.1953120000000002,2.7746515
2018-08-29,2018-08-30 02:45:00,1.223437,2.8763802
2018-08-29,2018-08-30 03:00:00,1.821094,3.0105484
2018-08-29,2018-08-30 03:15:00,1.409766,3.0354004
2018-08-29,2018-08-30 03:30:00,0.959766,3.086467
2018-08-29,2018-08-30 03:45:00,1.001953,3.118977
2018-08-29,2018-08-30 04:00:00,0.998438,3.088101
2018-08-29,2018-08-30 04:15:00,1.255078,3.0979402
2018-08-29,2018-08-30 04:30:00,1.891406,3.103951
2018-08-29,2018-08-30 04:45:00,1.318359,3.0963511
2018-08-29,2018-08-30 05:00:00,1.244531,3.0050037
2018-08-29,2018-08-30 05:15:00,1.332422,3.080702
2018-08-29,2018-08-30 05:30:00,1.230469,3.0515234
2018-08-29,2018-08-30 05:45:00,0.938672,3.006283
2018-08-29,2018-08-30 06:00:00,0.977344,2.9487228
2018-08-29,2018-08-30 06:15:00,1.286719,2.870199
2018-08-29,2018-08-30 06:30:00,1.167187,2.7588174
2018-08-29,2018-08-30 06:45:00,1.163672,2.6523256
2018-08-29,2018-08-30 07:00:00,0.935156,2.5659213
2018-08-29,2018-08-30 07:15:00,0.892969,2.4224567
2018-08-29,2018-08-30 07:30:00,1.005469,2.2572
2018-08-29,2018-08-30 07:45:00,1.849219,2.055552
2018-08-29,2018-08-30 08:00:00,1.089844,1.8635241
2018-08-29,2018-08-30 08:15:00,1.494141,1.6339246
2018-08-29,2018-08-30 08:30:00,0.963281,1.4075786
2018-08-29,2018-08-30 08:45:00,0.537891,1.1895314
2018-08-29,2018-08-30 09:00:00,0.249609,0.97790426
2018-08-29,2018-08-30 09:15:00,0.161719,0.8083586
2018-08-29,2018-08-30 09:30:00,0.0421879999999999,0.5969419
2018-08-29,2018-08-30 09:45:00,0.052734,0.44290727
2018-08-29,2018-08-30 10:00:00,0.0105469999999999,0.27943304
2018-08-29,2018-08-30 10:15:00,0.0,0.13496225
2018-08-29,2018-08-30 10:30:00,0.0,0.0798411
2018-08-29,2018-08-30 10:45:00,0.0,-0.0015910094
2018-08-29,2018-08-30 11:00:00,0.0,-0.06161999
2018-08-29,2018-08-30 11:15:00,0.0,-0.06365008
2018-08-29,2018-08-30 11:30:00,0.0,-0.09775019
2018-08-29,2018-08-30 11:45:00,0.0,-0.09709793
2018-08-29,2018-08-30 12:00:00,0.0,-0.08276767
2018-08-29,2018-08-30 12:15:00,0.0,-0.08836267
2018-08-29,2018-08-30 12:30:00,0.0,-0.012218681
2018-08-29,2018-08-30 12:45:00,0.0,-0.025001856
2018-08-29,2018-08-30 13:00:00,0.0,-0.00018281871
2018-08-29,2018-08-30 13:15:00,0.0,0.008521115
2018-08-29,2018-08-30 13:30:00,0.0,0.024743084
2018-08-29,2018-08-30 13:45:00,0.0,0.011557937
2018-08-29,2018-08-30 14:00:00,0.0,0.022568334
2018-08-29,2018-08-30 14:15:00,0.0,0.03921686
2018-08-29,2018-08-30 14:30:00,0.0,0.017034886
2018-08-29,2018-08-30 14:45:00,0.0,0.0538925
2018-08-29,2018-08-30 15:00:00,0.0,0.026733505
2018-08-29,2018-08-30 15:15:00,0.0,0.017870085
2018-08-29,2018-08-30 15:30:00,0.0,0.031817865
2018-08-29,2018-08-30 15:45:00,0.0,0.029455716
2018-08-29,2018-08-30 16:00:00,0.0,0.02840273
2018-08-29,2018-08-30 16:15:00,0.0,0.052994344
2018-08-29,2018-08-30 16:30:00,0.0,0.05716109
2018-08-29,2018-08-30 16:45:00,0.0,0.059280608
2018-08-29,2018-08-30 17:00:00,0.0,0.040011518
2018-08-29,2018-08-30 17:15:00,0.0,0.067995496
2018-08-29,2018-08-30 17:30:00,0.0,0.07483398
2018-08-29,2018-08-30 17:45:00,0.0,0.08800858
2018-08-29,2018-08-30 18:00:00,0.0,0.0986134
2018-08-29,2018-08-30 18:15:00,0.0,0.10370832
2018-08-29,2018-08-30 18:30:00,0.0,0.083007745
2018-08-29,2018-08-30 18:45:00,0.0,0.08634628
2018-08-29,2018-08-30 19:00:00,0.0,0.07042812
2018-08-29,2018-08-30 19:15:00,0.0,0.0962092
2018-08-29,2018-08-30 19:30:00,0.0,0.08056143
2018-08-29,2018-08-30 19:45:00,0.0,0.08564111
2018-08-29,2018-08-30 20:00:00,0.0,0.05963459
2018-08-29,2018-08-30 20:15:00,0.0,0.037746616
2018-08-29,2018-08-30 20:30:00,0.0,0.033845495
2018-08-29,2018-08-30 20:45:00,0.0,0.010073624
2018-08-29,2018-08-30 21:00:00,0.0,-0.023140512
2018-08-29,2018-08-30 21:15:00,0.0,-0.042531323
2018-08-29,2018-08-30 21:30:00,0.0,-0.0568516
2018-08-29,2018-08-30 21:45:00,0.0,-0.050792113
2018-08-29,2018-08-30 22:00:00,0.0,-0.018629609
2018-08-29,2018-08-30 22:15:00,0.0,-0.05033211
2018-08-29,2018-08-30 22:30:00,0.024609,-0.042378984
2018-08-29,2018-08-30 22:45:00,0.077344,0.048478737
2018-08-29,2018-08-30 23:00:00,0.2636719999999999,0.07109528
2018-08-29,2018-08-30 23:15:00,0.239063,0.13977303
2018-08-29,2018-08-30 23:30:00,0.291797,0.25507888
2018-08-29,2018-08-30 23:45:00,0.309375,0.3620292
2018-08-30,2018-08-31 00:00:00,0.4113279999999999,1.1698056
2018-08-30,2018-08-31 00:15:00,0.573047,1.359399
2018-08-30,2018-08-31 00:30:00,0.537891,1.6331422
2018-08-30,2018-08-31 00:45:00,0.481641,1.8572215
2018-08-30,2018-08-31 01:00:00,1.128516,2.163821
2018-08-30,2018-08-31 01:15:00,1.191797,2.3827999
2018-08-30,2018-08-31 01:30:00,1.276172,2.666102
2018-08-30,2018-08-31 01:45:00,0.569531,2.86286
2018-08-30,2018-08-31 02:00:00,0.467578,3.070813
2018-08-30,2018-08-31 02:15:00,0.485156,3.2117767
2018-08-30,2018-08-31 02:30:00,0.966797,3.3900232
2018-08-30,2018-08-31 02:45:00,1.817578,3.4665484
2018-08-30,2018-08-31 03:00:00,2.091797,3.607275
2018-08-30,2018-08-31 03:15:00,1.7226560000000002,3.6041996
2018-08-30,2018-08-31 03:30:00,1.093359,3.636967
2018-08-30,2018-08-31 03:45:00,1.146094,3.6498635
2018-08-30,2018-08-31 04:00:00,1.364062,3.6001241
2018-08-30,2018-08-31 04:15:00,1.374609,3.601881
2018-08-30,2018-08-31 04:30:00,1.132031,3.6232443
2018-08-30,2018-08-31 04:45:00,0.580078,3.584675
2018-08-30,2018-08-31 05:00:00,0.7875,3.454645
2018-08-30,2018-08-31 05:15:00,0.710156,3.5304677
2018-08-30,2018-08-31 05:30:00,0.555469,3.4786947
2018-08-30,2018-08-31 05:45:00,0.632812,3.415798
2018-08-30,2018-08-31 06:00:00,1.110937,3.3321326
2018-08-30,2018-08-31 06:15:00,1.082812,3.2015395
2018-08-30,2018-08-31 06:30:00,0.921094,3.0638025
2018-08-30,2018-08-31 06:45:00,0.840234,2.902603
2018-08-30,2018-08-31 07:00:00,0.639844,2.7741954
2018-08-30,2018-08-31 07:15:00,0.762891,2.5796347
2018-08-30,2018-08-31 07:30:00,0.878906,2.37613
2018-08-30,2018-08-31 07:45:00,0.629297,2.1130989
2018-08-30,2018-08-31 08:00:00,0.446484,1.8974841
2018-08-30,2018-08-31 08:15:00,0.362109,1.6242901
2018-08-30,2018-08-31 08:30:00,0.379687,1.3707783
2018-08-30,2018-08-31 08:45:00,0.428906,1.1301075
2018-08-30,2018-08-31 09:00:00,0.302344,0.9067519
2018-08-30,2018-08-31 09:15:00,0.214453,0.74717593
2018-08-30,2018-08-31 09:30:00,0.189844,0.52806336
2018-08-30,2018-08-31 09:45:00,0.049219,0.38623312
2018-08-30,2018-08-31 10:00:00,0.049219,0.2392258
2018-08-30,2018-08-31 10:15:00,0.0105469999999999,0.11999123
2018-08-30,2018-08-31 10:30:00,0.0,0.090546764
2018-08-30,2018-08-31 10:45:00,0.0,0.020321837
2018-08-30,2018-08-31 11:00:00,0.0,-0.02567621
2018-08-30,2018-08-31 11:15:00,0.0,-0.0074439757
2018-08-30,2018-08-31 11:30:00,0.0,-0.0282805
2018-08-30,2018-08-31 11:45:00,0.0,-0.033515193
2018-08-30,2018-08-31 12:00:00,0.0,-0.023593357
2018-08-30,2018-08-31 12:15:00,0.0,-0.026450539
2018-08-30,2018-08-31 12:30:00,0.0,0.037864737
2018-08-30,2018-08-31 12:45:00,0.0,0.020516712
2018-08-30,2018-08-31 13:00:00,0.0,0.026276454
2018-08-30,2018-08-31 13:15:00,0.0,0.024629151
2018-08-30,2018-08-31 13:30:00,0.0,0.024464572
2018-08-30,2018-08-31 13:45:00,0.0,-0.016419305
2018-08-30,2018-08-31 14:00:00,0.0,-0.014946631
2018-08-30,2018-08-31 14:15:00,0.0,-0.011726919
2018-08-30,2018-08-31 14:30:00,0.0,-0.04678151
2018-08-30,2018-08-31 14:45:00,0.0,-0.00044067428
2018-08-30,2018-08-31 15:00:00,0.0,-0.042041536
2018-08-30,2018-08-31 15:15:00,0.0,-0.047165807
2018-08-30,2018-08-31 15:30:00,0.0,-0.025826788
2018-08-30,2018-08-31 15:45:00,0.0,-0.02465632
2018-08-30,2018-08-31 16:00:00,0.0,-0.028674444
2018-08-30,2018-08-31 16:15:00,0.0,0.009823901
2018-08-30,2018-08-31 16:30:00,0.0,0.027629051
2018-08-30,2018-08-31 16:45:00,0.0,0.035116233
2018-08-30,2018-08-31 17:00:00,0.0,0.031584255
2018-08-30,2018-08-31 17:15:00,0.0,0.06674136
2018-08-30,2018-08-31 17:30:00,0.0,0.0874044
2018-08-30,2018-08-31 17:45:00,0.0,0.10855088
2018-08-30,2018-08-31 18:00:00,0.0,0.12975764
2018-08-30,2018-08-31 18:15:00,0.0,0.14542972
2018-08-30,2018-08-31 18:30:00,0.0,0.14076923
2018-08-30,2018-08-31 18:45:00,0.0,0.15556355
2018-08-30,2018-08-31 19:00:00,0.0,0.14700761
2018-08-30,2018-08-31 19:15:00,0.0,0.19600779
2018-08-30,2018-08-31 19:30:00,0.0,0.17889619
2018-08-30,2018-08-31 19:45:00,0.0,0.19049293
2018-08-30,2018-08-31 20:00:00,0.0,0.14210895
2018-08-30,2018-08-31 20:15:00,0.0,0.11471326
2018-08-30,2018-08-31 20:30:00,0.0,0.095734775
2018-08-30,2018-08-31 20:45:00,0.0,0.05429787
2018-08-30,2018-08-31 21:00:00,0.0,-0.006870284
2018-08-30,2018-08-31 21:15:00,0.0,-0.038205653
2018-08-30,2018-08-31 21:30:00,0.0,-0.05862473
2018-08-30,2018-08-31 21:45:00,0.0,-0.074033454
2018-08-30,2018-08-31 22:00:00,0.0,-0.04745206
2018-08-30,2018-08-31 22:15:00,0.0,-0.09306121
2018-08-30,2018-08-31 22:30:00,0.0,-0.059371877
2018-08-30,2018-08-31 22:45:00,0.052734,0.0743202
2018-08-30,2018-08-31 23:00:00,0.070312,0.12067752
2018-08-30,2018-08-31 23:15:00,0.253125,0.21004522
2018-08-30,2018-08-31 23:30:00,0.457031,0.3739887
2018-08-30,2018-08-31 23:45:00,0.7910159999999999,0.51133025
2018-08-31,2018-09-01 00:00:00,0.727734,0.6903341
2018-08-31,2018-09-01 00:15:00,0.534375,0.7558455
2018-08-31,2018-09-01 00:30:00,2.819531,0.84622365
2018-08-31,2018-09-01 00:45:00,2.102344,0.9238662
2018-08-31,2018-09-01 01:00:00,1.402734,1.0466727
2018-08-31,2018-09-01 01:15:00,2.844141,1.0945942
2018-08-31,2018-09-01 01:30:00,3.3609370000000003,1.1887947
2018-08-31,2018-09-01 01:45:00,4.000781,1.27621
2018-08-31,2018-09-01 02:00:00,2.647266,1.3216563
2018-08-31,2018-09-01 02:15:00,2.141016,1.3619207
2018-08-31,2018-09-01 02:30:00,2.186719,1.4058442
2018-08-31,2018-09-01 02:45:00,2.464453,1.4513125
2018-08-31,2018-09-01 03:00:00,3.638672,1.4400451
2018-08-31,2018-09-01 03:15:00,3.6,1.4292127
2018-08-31,2018-09-01 03:30:00,2.925,1.3964424
2018-08-31,2018-09-01 03:45:00,1.863281,1.3946644
2018-08-31,2018-09-01 04:00:00,4.447266,1.3335946
2018-08-31,2018-09-01 04:15:00,4.078125,1.2859304
2018-08-31,2018-09-01 04:30:00,2.446875,1.2375016
2018-08-31,2018-09-01 04:45:00,2.696484,1.1926532
2018-08-31,2018-09-01 05:00:00,2.559375,1.1041802
2018-08-31,2018-09-01 05:15:00,3.491015,1.0759981
2018-08-31,2018-09-01 05:30:00,2.436328,1.0500377
2018-08-31,2018-09-01 05:45:00,2.320312,0.9839421
2018-08-31,2018-09-01 06:00:00,2.8230470000000003,0.92460746
2018-08-31,2018-09-01 06:15:00,2.4011720000000003,0.83446145
2018-08-31,2018-09-01 06:30:00,1.18125,0.7677846
2018-08-31,2018-09-01 06:45:00,0.513281,0.684538
2018-08-31,2018-09-01 07:00:00,0.119531,0.5821277
2018-08-31,2018-09-01 07:15:00,0.203906,0.50349784
2018-08-31,2018-09-01 07:30:00,0.365625,0.43750778
2018-08-31,2018-09-01 07:45:00,0.664453,0.3589529
2018-08-31,2018-09-01 08:00:00,0.372656,0.2784608
2018-08-31,2018-09-01 08:15:00,0.365625,0.22388434
2018-08-31,2018-09-01 08:30:00,0.246094,0.16156138
2018-08-31,2018-09-01 08:45:00,0.446484,0.11103528
2018-08-31,2018-09-01 09:00:00,0.348047,0.066665486
2018-08-31,2018-09-01 09:15:00,0.217969,0.05686429
2018-08-31,2018-09-01 09:30:00,0.316406,0.030917177
2018-08-31,2018-09-01 09:45:00,0.16875,0.009581481
2018-08-31,2018-09-01 10:00:00,0.130078,0.013554209
2018-08-31,2018-09-01 10:15:00,0.007031,-0.015453844
2018-08-31,2018-09-01 10:30:00,0.024609,0.008205074
2018-08-31,2018-09-01 10:45:00,0.0,-0.0019624182
2018-08-31,2018-09-01 11:00:00,0.0,0.012228402
2018-08-31,2018-09-01 11:15:00,0.0,0.018807001
2018-08-31,2018-09-01 11:30:00,0.0,0.03925456
2018-08-31,2018-09-01 11:45:00,0.0,0.028797884
2018-08-31,2018-09-01 12:00:00,0.0,0.028295524
2018-08-31,2018-09-01 12:15:00,0.0,0.022435265
2018-08-31,2018-09-01 12:30:00,0.0,0.032971
2018-08-31,2018-09-01 12:45:00,0.0,0.028038872
2018-08-31,2018-09-01 13:00:00,0.0,0.025596585
2018-08-31,2018-09-01 13:15:00,0.0,0.011045014
2018-08-31,2018-09-01 13:30:00,0.0,-0.015388067
2018-08-31,2018-09-01 13:45:00,0.0,-0.038389686
2018-08-31,2018-09-01 14:00:00,0.0,-0.028309628
2018-08-31,2018-09-01 14:15:00,0.0,-0.029417899
2018-08-31,2018-09-01 14:30:00,0.0,-0.036308162
2018-08-31,2018-09-01 14:45:00,0.0,-0.01522071
2018-08-31,2018-09-01 15:00:00,0.0,-0.016056444
2018-08-31,2018-09-01 15:15:00,0.0,0.013235783
2018-08-31,2018-09-01 15:30:00,0.0,0.027310098
2018-08-31,2018-09-01 15:45:00,0.0,0.05861052
2018-08-31,2018-09-01 16:00:00,0.0,0.11858386
2018-08-31,2018-09-01 16:15:00,0.0,0.1389139
2018-08-31,2018-09-01 16:30:00,0.0,0.15303011
2018-08-31,2018-09-01 16:45:00,0.0,0.18496084
2018-08-31,2018-09-01 17:00:00,0.0,0.1944874
2018-08-31,2018-09-01 17:15:00,0.0,0.21940632
2018-08-31,2018-09-01 17:30:00,0.0,0.17678478
2018-08-31,2018-09-01 17:45:00,0.0,0.19897318
2018-08-31,2018-09-01 18:00:00,0.0,0.16479293
2018-08-31,2018-09-01 18:15:00,0.0,0.13955972
2018-08-31,2018-09-01 18:30:00,0.0,0.07462131
2018-08-31,2018-09-01 18:45:00,0.0,0.038873576
2018-08-31,2018-09-01 19:00:00,0.0,-0.0052652066
2018-08-31,2018-09-01 19:15:00,0.0,-0.03141834
2018-08-31,2018-09-01 19:30:00,0.0,-0.056068774
2018-08-31,2018-09-01 19:45:00,0.0,-0.07576273
2018-08-31,2018-09-01 20:00:00,0.0,-0.09596596
2018-08-31,2018-09-01 20:15:00,0.0,-0.0966987
2018-08-31,2018-09-01 20:30:00,0.0,-0.066423036
2018-08-31,2018-09-01 20:45:00,0.0,-0.08872667
2018-08-31,2018-09-01 21:00:00,0.0,-0.07286135
2018-08-31,2018-09-01 21:15:00,0.0,-0.059847478
2018-08-31,2018-09-01 21:30:00,0.0,-0.04869787
2018-08-31,2018-09-01 21:45:00,0.0,0.00013062007
2018-08-31,2018-09-01 22:00:00,0.0,0.039398618
2018-08-31,2018-09-01 22:15:00,0.0,0.06125977
2018-08-31,2018-09-01 22:30:00,0.0632809999999999,0.11200308
2018-08-31,2018-09-01 22:45:00,0.0,0.2235172
2018-08-31,2018-09-01 23:00:00,0.098438,0.28507036
2018-08-31,2018-09-01 23:15:00,0.098438,0.39554346
2018-08-31,2018-09-01 23:30:00,0.105469,0.49042466
2018-08-31,2018-09-01 23:45:00,0.39375,0.56650543
2018-11-24,2018-11-25 00:00:00,0.274219,0.28373918
2018-11-24,2018-11-25 00:15:00,0.481641,0.40350333
2018-11-24,2018-11-25 00:30:00,0.706641,0.5510495
2018-11-24,2018-11-25 00:45:00,0.921094,0.70760345
2018-11-24,2018-11-25 01:00:00,1.103906,0.8641494
2018-11-24,2018-11-25 01:15:00,1.255078,1.0194525
2018-11-24,2018-11-25 01:30:00,1.483594,1.2088045
2018-11-24,2018-11-25 01:45:00,1.6875,1.3782487
2018-11-24,2018-11-25 02:00:00,1.877344,1.5517504
2018-11-24,2018-11-25 02:15:00,2.11289,1.6719139
2018-11-24,2018-11-25 02:30:00,2.316797,1.835239
2018-11-24,2018-11-25 02:45:00,2.499609,1.9444597
2018-11-24,2018-11-25 03:00:00,2.5875,2.0671554
2018-11-24,2018-11-25 03:15:00,2.636719,2.097695
2018-11-24,2018-11-25 03:30:00,2.752734,2.1798115
2018-11-24,2018-11-25 03:45:00,2.770312,2.1736913
2018-11-24,2018-11-25 04:00:00,2.7914060000000003,2.1471956
2018-11-24,2018-11-25 04:15:00,2.75625,2.130506
2018-11-24,2018-11-25 04:30:00,2.75625,2.0836582
2018-11-24,2018-11-25 04:45:00,2.654297,2.0051198
2018-11-24,2018-11-25 05:00:00,2.559375,1.887508
2018-11-24,2018-11-25 05:15:00,2.4011720000000003,1.8392135
2018-11-24,2018-11-25 05:30:00,2.2289060000000003,1.7314162
2018-11-24,2018-11-25 05:45:00,2.116406,1.5881313
2018-11-24,2018-11-25 06:00:00,2.003906,1.4599814
2018-11-24,2018-11-25 06:15:00,1.768359,1.2985961
2018-11-24,2018-11-25 06:30:00,1.606641,1.1245837
2018-11-24,2018-11-25 06:45:00,1.409766,0.9756121
2018-11-24,2018-11-25 07:00:00,1.184766,0.8485464
2018-11-24,2018-11-25 07:15:00,1.005469,0.6902803
2018-11-24,2018-11-25 07:30:00,0.7875,0.5330951
2018-11-24,2018-11-25 07:45:00,0.5976560000000001,0.38449478
2018-11-24,2018-11-25 08:00:00,0.418359,0.28690693
2018-11-24,2018-11-25 08:15:00,0.256641,0.179593
2018-11-24,2018-11-25 08:30:00,0.1371089999999999,0.10290919
2018-11-24,2018-11-25 08:45:00,0.028125,0.034366727
2018-11-24,2018-11-25 09:00:00,0.0,-0.030691175
2018-11-24,2018-11-25 09:15:00,0.0,-0.03711753
2018-11-24,2018-11-25 09:30:00,0.0,-0.060008854
2018-11-24,2018-11-25 09:45:00,0.0,-0.07071888
2018-11-24,2018-11-25 10:00:00,0.0,-0.07929073
2018-11-24,2018-11-25 10:15:00,0.0,-0.07721173
2018-11-24,2018-11-25 10:30:00,0.0,-0.060628504
2018-11-24,2018-11-25 10:45:00,0.0,-0.060020246
2018-11-24,2018-11-25 11:00:00,0.0,-0.034406994
2018-11-24,2018-11-25 11:15:00,0.0,-0.01187547
2018-11-24,2018-11-25 11:30:00,0.0,-0.009688574
2018-11-24,2018-11-25 11:45:00,0.0,-0.008877103
2018-11-24,2018-11-25 12:00:00,0.0,-0.006442603
2018-11-24,2018-11-25 12:15:00,0.0,-0.013141488
2018-11-24,2018-11-25 12:30:00,0.0,0.012633749
2018-11-24,2018-11-25 12:45:00,0.0,-0.02384501
2018-11-24,2018-11-25 13:00:00,0.0,-0.009937073
2018-11-24,2018-11-25 13:15:00,0.0,-0.026892962
2018-11-24,2018-11-25 13:30:00,0.0,-0.030330932
2018-11-24,2018-11-25 13:45:00,0.0,-0.0477996
2018-11-24,2018-11-25 14:00:00,0.0,-0.038983624
2018-11-24,2018-11-25 14:15:00,0.0,-0.028382875
2018-11-24,2018-11-25 14:30:00,0.0,-0.04025353
2018-11-24,2018-11-25 14:45:00,0.0,0.0012734248
2018-11-24,2018-11-25 15:00:00,0.0,-0.011607275
2018-11-24,2018-11-25 15:15:00,0.0,-0.018936401
2018-11-24,2018-11-25 15:30:00,0.0,0.010259164
2018-11-24,2018-11-25 15:45:00,0.0,0.03376635
2018-11-24,2018-11-25 16:00:00,0.0,0.021843046
2018-11-24,2018-11-25 16:15:00,0.0,0.051147472
2018-11-24,2018-11-25 16:30:00,0.0,0.047819104
2018-11-24,2018-11-25 16:45:00,0.0,0.051615946
2018-11-24,2018-11-25 17:00:00,0.0,0.032660797
2018-11-24,2018-11-25 17:15:00,0.0,0.035896424
2018-11-24,2018-11-25 17:30:00,0.0,0.044480067
2018-11-24,2018-11-25 17:45:00,0.0,0.052641112
2018-11-24,2018-11-25 18:00:00,0.0,0.043324698
2018-11-24,2018-11-25 18:15:00,0.0,0.036658525
2018-11-24,2018-11-25 18:30:00,0.0,0.01149292
2018-11-24,2018-11-25 18:45:00,0.0,-0.003554374
2018-11-24,2018-11-25 19:00:00,0.0,-0.008576303
2018-11-24,2018-11-25 19:15:00,0.0,0.004753127
2018-11-24,2018-11-25 19:30:00,0.0,0.0107722
2018-11-24,2018-11-25 19:45:00,0.0,0.031294644
2018-11-24,2018-11-25 20:00:00,0.0,-0.014214749
2018-11-24,2018-11-25 20:15:00,0.0,-0.031893205
2018-11-24,2018-11-25 20:30:00,0.0,-0.027978392
2018-11-24,2018-11-25 20:45:00,0.0,-0.025296053
2018-11-24,2018-11-25 21:00:00,0.0,-0.05599528
2018-11-24,2018-11-25 21:15:00,0.0,-0.052682262
2018-11-24,2018-11-25 21:30:00,0.0,-0.08456571
2018-11-24,2018-11-25 21:45:00,0.0,-0.082191624
2018-11-24,2018-11-25 22:00:00,0.0,-0.037197627
2018-11-24,2018-11-25 22:15:00,0.0,-0.09336993
2018-11-24,2018-11-25 22:30:00,0.0,-0.091087915
2018-11-24,2018-11-25 22:45:00,0.0,-0.013342124
2018-11-24,2018-11-25 23:00:00,0.0,-0.03148068
2018-11-24,2018-11-25 23:15:00,0.0,0.015562953
2018-11-24,2018-11-25 23:30:00,0.0,0.104110524
2018-11-24,2018-11-25 23:45:00,0.098438,0.13535976
2018-11-25,2018-11-26 00:00:00,0.225,0.33178905
2018-11-25,2018-11-26 00:15:00,0.355078,0.45604706
2018-11-25,2018-11-26 00:30:00,0.537891,0.614511
2018-11-25,2018-11-26 00:45:00,0.734766,0.79022384
2018-11-25,2018-11-26 01:00:00,1.177734,0.9709388
2018-11-25,2018-11-26 01:15:00,1.209375,1.1424401
2018-11-25,2018-11-26 01:30:00,1.167187,1.3645377
2018-11-25,2018-11-26 01:45:00,1.360547,1.5496562
2018-11-25,2018-11-26 02:00:00,1.483594,1.7491591
2018-11-25,2018-11-26 02:15:00,1.233984,1.8882357
2018-11-25,2018-11-26 02:30:00,1.986328,2.0586305
2018-11-25,2018-11-26 02:45:00,1.944141,2.1884546
2018-11-25,2018-11-26 03:00:00,2.010937,2.3441346
2018-11-25,2018-11-26 03:15:00,2.1199220000000003,2.3795562
2018-11-25,2018-11-26 03:30:00,2.130469,2.489584
2018-11-25,2018-11-26 03:45:00,2.320312,2.4689693
2018-11-25,2018-11-26 04:00:00,2.278125,2.4604566
2018-11-25,2018-11-26 04:15:00,2.366016,2.434823
2018-11-25,2018-11-26 04:30:00,2.144531,2.3897665
2018-11-25,2018-11-26 04:45:00,2.583984,2.298755
2018-11-25,2018-11-26 05:00:00,2.467969,2.152663
2018-11-25,2018-11-26 05:15:00,2.334375,2.0914068
2018-11-25,2018-11-26 05:30:00,1.982812,1.9535725
2018-11-25,2018-11-26 05:45:00,1.972266,1.7903126
2018-11-25,2018-11-26 06:00:00,1.7226560000000002,1.634647
2018-11-25,2018-11-26 06:15:00,1.666406,1.4310406
2018-11-25,2018-11-26 06:30:00,0.773438,1.2435607
2018-11-25,2018-11-26 06:45:00,0.970312,1.0689774
2018-11-25,2018-11-26 07:00:00,0.61875,0.9158034
2018-11-25,2018-11-26 07:15:00,0.664453,0.739972
2018-11-25,2018-11-26 07:30:00,0.474609,0.5486631
2018-11-25,2018-11-26 07:45:00,0.333984,0.38215598
2018-11-25,2018-11-26 08:00:00,0.277734,0.26403895
2018-11-25,2018-11-26 08:15:00,0.1476559999999999,0.12993194
2018-11-25,2018-11-26 08:30:00,0.0632809999999999,0.045535136
2018-11-25,2018-11-26 08:45:00,0.0,-0.043511525
2018-11-25,2018-11-26 09:00:00,0.0,-0.12508003
2018-11-25,2018-11-26 09:15:00,0.0,-0.13652822
2018-11-25,2018-11-26 09:30:00,0.0,-0.16288012
2018-11-25,2018-11-26 09:45:00,0.0,-0.17224205
2018-11-25,2018-11-26 10:00:00,0.0,-0.16287671
2018-11-25,2018-11-26 10:15:00,0.0,-0.15563567
2018-11-25,2018-11-26 10:30:00,0.0,-0.13052058
2018-11-25,2018-11-26 10:45:00,0.0,-0.11740038
2018-11-25,2018-11-26 11:00:00,0.0,-0.08031019
2018-11-25,2018-11-26 11:15:00,0.0,-0.04487265
2018-11-25,2018-11-26 11:30:00,0.0,-0.028685292
2018-11-25,2018-11-26 11:45:00,0.0,-0.021879237
2018-11-25,2018-11-26 12:00:00,0.0,-0.010051377
2018-11-25,2018-11-26 12:15:00,0.0,-0.010374805
2018-11-25,2018-11-26 12:30:00,0.0,0.0126358485
2018-11-25,2018-11-26 12:45:00,0.0,-0.021565346
2018-11-25,2018-11-26 13:00:00,0.0,-0.015786141
2018-11-25,2018-11-26 13:15:00,0.0,-0.01995478
2018-11-25,2018-11-26 13:30:00,0.0,-0.039785266
2018-11-25,2018-11-26 13:45:00,0.0,-0.050831854
2018-11-25,2018-11-26 14:00:00,0.0,-0.041036367
2018-11-25,2018-11-26 14:15:00,0.0,-0.03906035
2018-11-25,2018-11-26 14:30:00,0.0,-0.039801314
2018-11-25,2018-11-26 14:45:00,0.0,0.0025681036
2018-11-25,2018-11-26 15:00:00,0.0,-0.00411071
2018-11-25,2018-11-26 15:15:00,0.0,0.0010488492
2018-11-25,2018-11-26 15:30:00,0.0,0.03332609
2018-11-25,2018-11-26 15:45:00,0.0,0.060672708
2018-11-25,2018-11-26 16:00:00,0.0,0.05746433
2018-11-25,2018-11-26 16:15:00,0.0,0.08166201
2018-11-25,2018-11-26 16:30:00,0.0,0.07895609
2018-11-25,2018-11-26 16:45:00,0.0,0.07827184
2018-11-25,2018-11-26 17:00:00,0.0,0.07131924
2018-11-25,2018-11-26 17:15:00,0.0,0.05982531
2018-11-25,2018-11-26 17:30:00,0.0,0.06493145
2018-11-25,2018-11-26 17:45:00,0.0,0.06398093
2018-11-25,2018-11-26 18:00:00,0.0,0.04691749
2018-11-25,2018-11-26 18:15:00,0.0,0.03429012
2018-11-25,2018-11-26 18:30:00,0.0,0.011230358
2018-11-25,2018-11-26 18:45:00,0.0,-0.017935872
2018-11-25,2018-11-26 19:00:00,0.0,-0.018264953
2018-11-25,2018-11-26 19:15:00,0.0,-0.0067593236
2018-11-25,2018-11-26 19:30:00,0.0,0.0018909664
2018-11-25,2018-11-26 19:45:00,0.0,0.025661498
2018-11-25,2018-11-26 20:00:00,0.0,-0.019884083
2018-11-25,2018-11-26 20:15:00,0.0,-0.049977217
2018-11-25,2018-11-26 20:30:00,0.0,-0.053546987
2018-11-25,2018-11-26 20:45:00,0.0,-0.04524793
2018-11-25,2018-11-26 21:00:00,0.0,-0.06758344
2018-11-25,2018-11-26 21:15:00,0.0,-0.053500053
2018-11-25,2018-11-26 21:30:00,0.0,-0.08335981
2018-11-25,2018-11-26 21:45:00,0.0,-0.08244988
2018-11-25,2018-11-26 22:00:00,0.0,-0.03766049
2018-11-25,2018-11-26 22:15:00,0.0,-0.09081827
2018-11-25,2018-11-26 22:30:00,0.0,-0.07947564
2018-11-25,2018-11-26 22:45:00,0.0,-0.0075443094
2018-11-25,2018-11-26 23:00:00,0.0,-0.042450495
2018-11-25,2018-11-26 23:15:00,0.0,-0.002943946
2018-11-25,2018-11-26 23:30:00,0.0,0.07722329
2018-11-25,2018-11-26 23:45:00,0.0035159999999999,0.09947457
2018-11-26,2018-11-27 00:00:00,0.225,0.27828917
2018-11-26,2018-11-27 00:15:00,0.383203,0.39392638
2018-11-26,2018-11-27 00:30:00,0.502734,0.5500696
2018-11-26,2018-11-27 00:45:00,0.766406,0.725448
2018-11-26,2018-11-27 01:00:00,0.903516,0.90765023
2018-11-26,2018-11-27 01:15:00,1.321875,1.0838994
2018-11-26,2018-11-27 01:30:00,1.040625,1.3020753
2018-11-26,2018-11-27 01:45:00,1.469531,1.4873077
2018-11-26,2018-11-27 02:00:00,1.494141,1.6865964
2018-11-26,2018-11-27 02:15:00,1.778906,1.8320459
2018-11-26,2018-11-27 02:30:00,1.835156,2.000878
2018-11-26,2018-11-27 02:45:00,2.0882810000000003,2.1310625
2018-11-26,2018-11-27 03:00:00,2.046094,2.2900562
2018-11-26,2018-11-27 03:15:00,2.165625,2.3326478
2018-11-26,2018-11-27 03:30:00,2.239453,2.4393294
2018-11-26,2018-11-27 03:45:00,2.334375,2.431115
2018-11-26,2018-11-27 04:00:00,2.411719,2.4280076
2018-11-26,2018-11-27 04:15:00,2.527734,2.4076257
2018-11-26,2018-11-27 04:30:00,2.517187,2.3736217
2018-11-26,2018-11-27 04:45:00,2.608594,2.2940898
2018-11-26,2018-11-27 05:00:00,2.598047,2.1568015
2018-11-26,2018-11-27 05:15:00,2.520703,2.105157
2018-11-26,2018-11-27 05:30:00,2.1375,1.978287
2018-11-26,2018-11-27 05:45:00,1.835156,1.8275244
2018-11-26,2018-11-27 06:00:00,1.6417970000000002,1.6742108
2018-11-26,2018-11-27 06:15:00,1.473047,1.4753965
2018-11-26,2018-11-27 06:30:00,1.311328,1.2988228
2018-11-26,2018-11-27 06:45:00,1.163672,1.1237255
2018-11-26,2018-11-27 07:00:00,0.935156,0.96758854
2018-11-26,2018-11-27 07:15:00,0.878906,0.79483664
2018-11-26,2018-11-27 07:30:00,0.6152340000000001,0.60579073
2018-11-26,2018-11-27 07:45:00,0.4710939999999999,0.43335885
2018-11-26,2018-11-27 08:00:00,0.362109,0.30993667
2018-11-26,2018-11-27 08:15:00,0.3375,0.17304143
2018-11-26,2018-11-27 08:30:00,0.133594,0.08489268
2018-11-26,2018-11-27 08:45:00,0.049219,-0.009275717
2018-11-26,2018-11-27 09:00:00,0.0,-0.090742685
2018-11-26,2018-11-27 09:15:00,0.0,-0.1066237
2018-11-26,2018-11-27 09:30:00,0.0,-0.13913785
2018-11-26,2018-11-27 09:45:00,0.0,-0.14727508
2018-11-26,2018-11-27 10:00:00,0.0,-0.138264
2018-11-26,2018-11-27 10:15:00,0.0,-0.1332244
2018-11-26,2018-11-27 10:30:00,0.0,-0.10522832
2018-11-26,2018-11-27 10:45:00,0.0,-0.091841064
2018-11-26,2018-11-27 11:00:00,0.0,-0.060203888
2018-11-26,2018-11-27 11:15:00,0.0,-0.022013942
2018-11-26,2018-11-27 11:30:00,0.0,-0.0045025656
2018-11-26,2018-11-27 11:45:00,0.0,0.0045496565
2018-11-26,2018-11-27 12:00:00,0.0,0.016000388
2018-11-26,2018-11-27 12:15:00,0.0,0.014332623
2018-11-26,2018-11-27 12:30:00,0.0,0.03087082
2018-11-26,2018-11-27 12:45:00,0.0,0.00082039525
2018-11-26,2018-11-27 13:00:00,0.0,0.0020494193
2018-11-26,2018-11-27 13:15:00,0.0,-0.0031850536
2018-11-26,2018-11-27 13:30:00,0.0,-0.025606513
2018-11-26,2018-11-27 13:45:00,0.0,-0.041410606
2018-11-26,2018-11-27 14:00:00,0.0,-0.03255634
2018-11-26,2018-11-27 14:15:00,0.0,-0.034995314
2018-11-26,2018-11-27 14:30:00,0.0,-0.03517407
2018-11-26,2018-11-27 14:45:00,0.0,0.0039942972
2018-11-26,2018-11-27 15:00:00,0.0,-0.0035849793
2018-11-26,2018-11-27 15:15:00,0.0,0.0041658306
2018-11-26,2018-11-27 15:30:00,0.0,0.03662444
2018-11-26,2018-11-27 15:45:00,0.0,0.058631096
2018-11-26,2018-11-27 16:00:00,0.0,0.05622603
2018-11-26,2018-11-27 16:15:00,0.0,0.07407052
2018-11-26,2018-11-27 16:30:00,0.0,0.0719162
2018-11-26,2018-11-27 16:45:00,0.0,0.07019742
2018-11-26,2018-11-27 17:00:00,0.0,0.0697484
2018-11-26,2018-11-27 17:15:00,0.0,0.05657178
2018-11-26,2018-11-27 17:30:00,0.0,0.060068637
2018-11-26,2018-11-27 17:45:00,0.0,0.05811411
2018-11-26,2018-11-27 18:00:00,0.0,0.040476616
2018-11-26,2018-11-27 18:15:00,0.0,0.031074084
2018-11-26,2018-11-27 18:30:00,0.0,0.010121702
2018-11-26,2018-11-27 18:45:00,0.0,-0.018552382
2018-11-26,2018-11-27 19:00:00,0.0,-0.019024808
2018-11-26,2018-11-27 19:15:00,0.0,-0.005627249
2018-11-26,2018-11-27 19:30:00,0.0,0.0013751936
2018-11-26,2018-11-27 19:45:00,0.0,0.024189794
2018-11-26,2018-11-27 20:00:00,0.0,-0.01797476
2018-11-26,2018-11-27 20:15:00,0.0,-0.050547462
2018-11-26,2018-11-27 20:30:00,0.0,-0.053887255
2018-11-26,2018-11-27 20:45:00,0.0,-0.043560732
2018-11-26,2018-11-27 21:00:00,0.0,-0.068748675
2018-11-26,2018-11-27 21:15:00,0.0,-0.05676138
2018-11-26,2018-11-27 21:30:00,0.0,-0.0847702
2018-11-26,2018-11-27 21:45:00,0.0,-0.0921084
2018-11-26,2018-11-27 22:00:00,0.0,-0.05719155
2018-11-26,2018-11-27 22:15:00,0.0,-0.11424686
2018-11-26,2018-11-27 22:30:00,0.0,-0.10691763
2018-11-26,2018-11-27 22:45:00,0.0,-0.044073127
2018-11-26,2018-11-27 23:00:00,0.0,-0.08479835
2018-11-26,2018-11-27 23:15:00,0.0,-0.057285566
2018-11-26,2018-11-27 23:30:00,0.014062,0.016245075
2018-11-26,2018-11-27 23:45:00,0.108984,0.034384
2018-11-27,2018-11-28 00:00:00,0.214453,0.11543006
2018-11-27,2018-11-28 00:15:00,0.362109,0.20917374
2018-11-27,2018-11-28 00:30:00,0.5273439999999999,0.3266879
2018-11-27,2018-11-28 00:45:00,0.699609,0.45749134
2018-11-27,2018-11-28 01:00:00,0.854297,0.5821269
2018-11-27,2018-11-28 01:15:00,1.040625,0.68291295
2018-11-27,2018-11-28 01:30:00,1.279688,0.85439897
2018-11-27,2018-11-28 01:45:00,1.473047,0.98735553
2018-11-27,2018-11-28 02:00:00,1.6523439999999998,1.1356264
2018-11-27,2018-11-28 02:15:00,1.821094,1.2796634
2018-11-27,2018-11-28 02:30:00,1.979297,1.4225214
2018-11-27,2018-11-28 02:45:00,2.1199220000000003,1.5647923
2018-11-27,2018-11-28 03:00:00,2.176172,1.767594
2018-11-27,2018-11-28 03:15:00,2.323828,1.8427626
2018-11-27,2018-11-28 03:30:00,2.383594,2.02998
2018-11-27,2018-11-28 03:45:00,2.415234,2.0823534
2018-11-27,2018-11-28 04:00:00,2.41875,2.1812763
2018-11-27,2018-11-28 04:15:00,2.482031,2.2573376
2018-11-27,2018-11-28 04:30:00,2.464453,2.2769086
2018-11-27,2018-11-28 04:45:00,2.380078,2.296271
2018-11-27,2018-11-28 05:00:00,2.344922,2.2870548
2018-11-27,2018-11-28 05:15:00,2.19375,2.3146343
2018-11-27,2018-11-28 05:30:00,2.074219,2.2481844
2018-11-27,2018-11-28 05:45:00,1.954687,2.2011478
2018-11-27,2018-11-28 06:00:00,1.764844,2.1004958
2018-11-27,2018-11-28 06:15:00,1.606641,1.9298773
2018-11-27,2018-11-28 06:30:00,1.529297,1.7965302
2018-11-27,2018-11-28 06:45:00,1.371094,1.669595
2018-11-27,2018-11-28 07:00:00,1.160156,1.5080459
2018-11-27,2018-11-28 07:15:00,0.987891,1.3477252
2018-11-27,2018-11-28 07:30:00,0.783984,1.1060866
2018-11-27,2018-11-28 07:45:00,0.576563,0.9290721
2018-11-27,2018-11-28 08:00:00,0.4253909999999999,0.7718652
2018-11-27,2018-11-28 08:15:00,0.260156,0.574275
2018-11-27,2018-11-28 08:30:00,0.1371089999999999,0.44071078
2018-11-27,2018-11-28 08:45:00,0.038672,0.27524456
2018-11-27,2018-11-28 09:00:00,0.0,0.10508604
2018-11-27,2018-11-28 09:15:00,0.0,0.03835259
2018-11-27,2018-11-28 09:30:00,0.0,-0.04786924
2018-11-27,2018-11-28 09:45:00,0.0,-0.090093866
2018-11-27,2018-11-28 10:00:00,0.0,-0.111354485
2018-11-27,2018-11-28 10:15:00,0.0,-0.14590737
2018-11-27,2018-11-28 10:30:00,0.0,-0.14053524
2018-11-27,2018-11-28 10:45:00,0.0,-0.15243436
2018-11-27,2018-11-28 11:00:00,0.0,-0.09532046
2018-11-27,2018-11-28 11:15:00,0.0,-0.05661727
2018-11-27,2018-11-28 11:30:00,0.0,-0.03942637
2018-11-27,2018-11-28 11:45:00,0.0,0.014781929
2018-11-27,2018-11-28 12:00:00,0.0,0.057670865
2018-11-27,2018-11-28 12:15:00,0.0,0.077016756
2018-11-27,2018-11-28 12:30:00,0.0,0.1284535
2018-11-27,2018-11-28 12:45:00,0.0,0.12880975
2018-11-27,2018-11-28 13:00:00,0.0,0.13868237
2018-11-27,2018-11-28 13:15:00,0.0,0.16130309
2018-11-27,2018-11-28 13:30:00,0.0,0.15149885
2018-11-27,2018-11-28 13:45:00,0.0,0.16793759
2018-11-27,2018-11-28 14:00:00,0.0,0.19258974
2018-11-27,2018-11-28 14:15:00,0.0,0.1792025
2018-11-27,2018-11-28 14:30:00,0.0,0.21581295
2018-11-27,2018-11-28 14:45:00,0.0,0.22492868
2018-11-27,2018-11-28 15:00:00,0.0,0.20752722
2018-11-27,2018-11-28 15:15:00,0.0,0.22208424
2018-11-27,2018-11-28 15:30:00,0.0,0.22383508
2018-11-27,2018-11-28 15:45:00,0.0,0.25020796
2018-11-27,2018-11-28 16:00:00,0.0,0.23794734
2018-11-27,2018-11-28 16:15:00,0.0,0.24549358
2018-11-27,2018-11-28 16:30:00,0.0,0.22699262
2018-11-27,2018-11-28 16:45:00,0.0,0.22454844
2018-11-27,2018-11-28 17:00:00,0.0,0.21489628
2018-11-27,2018-11-28 17:15:00,0.0,0.18488678
2018-11-27,2018-11-28 17:30:00,0.0,0.18520382
2018-11-27,2018-11-28 17:45:00,0.0,0.17279598
2018-11-27,2018-11-28 18:00:00,0.0,0.16640185
2018-11-27,2018-11-28 18:15:00,0.0,0.1529527
2018-11-27,2018-11-28 18:30:00,0.0,0.096390985
2018-11-27,2018-11-28 18:45:00,0.0,0.059051402
2018-11-27,2018-11-28 19:00:00,0.0,0.051694077
2018-11-27,2018-11-28 19:15:00,0.0,0.025246045
2018-11-27,2018-11-28 19:30:00,0.0,0.01614827
2018-11-27,2018-11-28 19:45:00,0.0,0.027943086
2018-11-27,2018-11-28 20:00:00,0.0,-0.032800708
2018-11-27,2018-11-28 20:15:00,0.0,-0.073916435
2018-11-27,2018-11-28 20:30:00,0.0,-0.09370095
2018-11-27,2018-11-28 20:45:00,0.0,-0.09987873
2018-11-27,2018-11-28 21:00:00,0.0,-0.1016582
2018-11-27,2018-11-28 21:15:00,0.0,-0.13464999
2018-11-27,2018-11-28 21:30:00,0.0,-0.14014752
2018-11-27,2018-11-28 21:45:00,0.0,-0.11538832
2018-11-27,2018-11-28 22:00:00,0.0,-0.08491718
2018-11-27,2018-11-28 22:15:00,0.0,-0.05457359
2018-11-27,2018-11-28 22:30:00,0.0,-0.054613613
2018-11-27,2018-11-28 22:45:00,0.0,0.008256943
2018-11-27,2018-11-28 23:00:00,0.0,0.009004143
2018-11-27,2018-11-28 23:15:00,0.0,0.041576322
2018-11-27,2018-11-28 23:30:00,0.0210939999999999,0.114846624
2018-11-27,2018-11-28 23:45:00,0.031641,0.1425699
2018-11-28,2018-11-29 00:00:00,0.239063,0.33346903
2018-11-28,2018-11-29 00:15:00,0.397266,0.45366123
2018-11-28,2018-11-29 00:30:00,0.583594,0.6155365
2018-11-28,2018-11-29 00:45:00,0.769922,0.79095167
2018-11-28,2018-11-29 01:00:00,0.924609,0.9714492
2018-11-28,2018-11-29 01:15:00,1.128516,1.1451354
2018-11-28,2018-11-29 01:30:00,1.332422,1.3607197
2018-11-28,2018-11-29 01:45:00,1.515234,1.5410985
2018-11-28,2018-11-29 02:00:00,1.683984,1.7418392
2018-11-28,2018-11-29 02:15:00,1.817578,1.8811784
2018-11-28,2018-11-29 02:30:00,1.986328,2.052596
2018-11-28,2018-11-29 02:45:00,2.067188,2.1757789
2018-11-28,2018-11-29 03:00:00,2.218359,2.3395636
2018-11-28,2018-11-29 03:15:00,2.348438,2.3820384
2018-11-28,2018-11-29 03:30:00,2.39414,2.4933655
2018-11-28,2018-11-29 03:45:00,2.348438,2.4853823
2018-11-28,2018-11-29 04:00:00,2.460938,2.478563
2018-11-28,2018-11-29 04:15:00,2.436328,2.468854
2018-11-28,2018-11-29 04:30:00,2.3695310000000003,2.4448812
2018-11-28,2018-11-29 04:45:00,2.323828,2.369994
2018-11-28,2018-11-29 05:00:00,2.25,2.2318077
2018-11-28,2018-11-29 05:15:00,2.144531,2.1896951
2018-11-28,2018-11-29 05:30:00,2.091797,2.0717192
2018-11-28,2018-11-29 05:45:00,1.958203,1.922418
2018-11-28,2018-11-29 06:00:00,1.824609,1.7712605
2018-11-28,2018-11-29 06:15:00,1.627734,1.5725342
2018-11-28,2018-11-29 06:30:00,1.40625,1.3892224
2018-11-28,2018-11-29 06:45:00,1.342969,1.209655
2018-11-28,2018-11-29 07:00:00,1.06875,1.0569085
2018-11-28,2018-11-29 07:15:00,0.8964840000000001,0.87643164
2018-11-28,2018-11-29 07:30:00,0.699609,0.68470037
2018-11-28,2018-11-29 07:45:00,0.5097659999999999,0.4969829
2018-11-28,2018-11-29 08:00:00,0.358594,0.36670396
2018-11-28,2018-11-29 08:15:00,0.217969,0.22137296
2018-11-28,2018-11-29 08:30:00,0.108984,0.12187976
2018-11-28,2018-11-29 08:45:00,0.0,0.017563889
2018-11-28,2018-11-29 09:00:00,0.0,-0.070516825
2018-11-28,2018-11-29 09:15:00,0.0,-0.096898906
2018-11-28,2018-11-29 09:30:00,0.0,-0.1425691
2018-11-28,2018-11-29 09:45:00,0.0,-0.15691797
2018-11-28,2018-11-29 10:00:00,0.0,-0.1557829
2018-11-28,2018-11-29 10:15:00,0.0,-0.15357581
2018-11-28,2018-11-29 10:30:00,0.0,-0.12610428
2018-11-28,2018-11-29 10:45:00,0.0,-0.112596765
2018-11-28,2018-11-29 11:00:00,0.0,-0.08710387
2018-11-28,2018-11-29 11:15:00,0.0,-0.04597445
2018-11-28,2018-11-29 11:30:00,0.0,-0.02903953
2018-11-28,2018-11-29 11:45:00,0.0,-0.020817138
2018-11-28,2018-11-29 12:00:00,0.0,-0.012778638
2018-11-28,2018-11-29 12:15:00,0.0,-0.014711675
2018-11-28,2018-11-29 12:30:00,0.0,0.0054762596
2018-11-28,2018-11-29 12:45:00,0.0,-0.028006025
2018-11-28,2018-11-29 13:00:00,0.0,-0.025111314
2018-11-28,2018-11-29 13:15:00,0.0,-0.028078489
2018-11-28,2018-11-29 13:30:00,0.0,-0.047950476
2018-11-28,2018-11-29 13:45:00,0.0,-0.06341572
2018-11-28,2018-11-29 14:00:00,0.0,-0.055819552
2018-11-28,2018-11-29 14:15:00,0.0,-0.050946437
2018-11-28,2018-11-29 14:30:00,0.0,-0.05130802
2018-11-28,2018-11-29 14:45:00,0.0,0.00039666446
2018-11-28,2018-11-29 15:00:00,0.0,-0.0051058796
2018-11-28,2018-11-29 15:15:00,0.0,-0.0016527651
2018-11-28,2018-11-29 15:30:00,0.0,0.041905
2018-11-28,2018-11-29 15:45:00,0.0,0.060815457
2018-11-28,2018-11-29 16:00:00,0.0,0.06018611
2018-11-28,2018-11-29 16:15:00,0.0,0.08702858
2018-11-28,2018-11-29 16:30:00,0.0,0.08571375
2018-11-28,2018-11-29 16:45:00,0.0,0.08015848
2018-11-28,2018-11-29 17:00:00,0.0,0.07748452
2018-11-28,2018-11-29 17:15:00,0.0,0.07097836
2018-11-28,2018-11-29 17:30:00,0.0,0.07822676
2018-11-28,2018-11-29 17:45:00,0.0,0.07186351
2018-11-28,2018-11-29 18:00:00,0.0,0.05728899
2018-11-28,2018-11-29 18:15:00,0.0,0.044888187
2018-11-28,2018-11-29 18:30:00,0.0,0.015335683
2018-11-28,2018-11-29 18:45:00,0.0,-0.01543648
2018-11-28,2018-11-29 19:00:00,0.0,-0.020409461
2018-11-28,2018-11-29 19:15:00,0.0,-0.0016848157
2018-11-28,2018-11-29 19:30:00,0.0,0.0036564926
2018-11-28,2018-11-29 19:45:00,0.0,0.02706576
2018-11-28,2018-11-29 20:00:00,0.0,-0.025108166
2018-11-28,2018-11-29 20:15:00,0.0,-0.057925474
2018-11-28,2018-11-29 20:30:00,0.0,-0.054946516
2018-11-28,2018-11-29 20:45:00,0.0,-0.044485833
2018-11-28,2018-11-29 21:00:00,0.0,-0.0694606
2018-11-28,2018-11-29 21:15:00,0.0,-0.059124585
2018-11-28,2018-11-29 21:30:00,0.0,-0.08734549
2018-11-28,2018-11-29 21:45:00,0.0,-0.09012368
2018-11-28,2018-11-29 22:00:00,0.0,-0.047629844
2018-11-28,2018-11-29 22:15:00,0.0,-0.10446658
2018-11-28,2018-11-29 22:30:00,0.0,-0.09436137
2018-11-28,2018-11-29 22:45:00,0.0,-0.02380387
2018-11-28,2018-11-29 23:00:00,0.0,-0.059953284
2018-11-28,2018-11-29 23:15:00,0.0,-0.032487847
2018-11-28,2018-11-29 23:30:00,0.014062,0.048640333
2018-11-28,2018-11-29 23:45:00,0.105469,0.07453194
2018-11-29,2018-11-30 00:00:00,0.225,0.23666535
2018-11-29,2018-11-30 00:15:00,0.355078,0.33576468
2018-11-29,2018-11-30 00:30:00,0.513281,0.47013474
2018-11-29,2018-11-30 00:45:00,0.675,0.63620853
2018-11-29,2018-11-30 01:00:00,0.8261719999999999,0.803727
2018-11-29,2018-11-30 01:15:00,0.95625,0.96308
2018-11-29,2018-11-30 01:30:00,0.984375,1.1732156
2018-11-29,2018-11-30 01:45:00,0.917578,1.349491
2018-11-29,2018-11-30 02:00:00,1.191797,1.5422401
2018-11-29,2018-11-30 02:15:00,1.276172,1.6876156
2018-11-29,2018-11-30 02:30:00,1.599609,1.8557261
2018-11-29,2018-11-30 02:45:00,1.958203,1.9855217
2018-11-29,2018-11-30 03:00:00,2.063672,2.1472995
2018-11-29,2018-11-30 03:15:00,2.214844,2.2014472
2018-11-29,2018-11-30 03:30:00,2.235937,2.3179884
2018-11-29,2018-11-30 03:45:00,2.323828,2.3287632
2018-11-29,2018-11-30 04:00:00,2.323828,2.3411107
2018-11-29,2018-11-30 04:15:00,2.30625,2.334924
2018-11-29,2018-11-30 04:30:00,2.323828,2.308353
2018-11-29,2018-11-30 04:45:00,2.017969,2.2441933
2018-11-29,2018-11-30 05:00:00,1.589062,2.1304522
2018-11-29,2018-11-30 05:15:00,1.975781,2.08785
2018-11-29,2018-11-30 05:30:00,1.6804689999999998,1.9732286
2018-11-29,2018-11-30 05:45:00,1.525781,1.8401499
2018-11-29,2018-11-30 06:00:00,1.669922,1.6949762
2018-11-29,2018-11-30 06:15:00,1.490625,1.5013372
2018-11-29,2018-11-30 06:30:00,1.416797,1.331715
2018-11-29,2018-11-30 06:45:00,0.980859,1.1747562
2018-11-29,2018-11-30 07:00:00,0.8507809999999999,1.0120701
2018-11-29,2018-11-30 07:15:00,0.573047,0.8457983
2018-11-29,2018-11-30 07:30:00,0.379687,0.6460133
2018-11-29,2018-11-30 07:45:00,0.242578,0.48486742
2018-11-29,2018-11-30 08:00:00,0.246094,0.3583241
2018-11-29,2018-11-30 08:15:00,0.175781,0.21307035
2018-11-29,2018-11-30 08:30:00,0.035156,0.1208011
2018-11-29,2018-11-30 08:45:00,0.0105469999999999,0.018456765
2018-11-29,2018-11-30 09:00:00,0.0,-0.07385638
2018-11-29,2018-11-30 09:15:00,0.0,-0.10009477
2018-11-29,2018-11-30 09:30:00,0.0,-0.13883263
2018-11-29,2018-11-30 09:45:00,0.0,-0.15498298
2018-11-29,2018-11-30 10:00:00,0.0,-0.14883782
2018-11-29,2018-11-30 10:15:00,0.0,-0.14995107
2018-11-29,2018-11-30 10:30:00,0.0,-0.13068469
2018-11-29,2018-11-30 10:45:00,0.0,-0.118161626
2018-11-29,2018-11-30 11:00:00,0.0,-0.0822162
2018-11-29,2018-11-30 11:15:00,0.0,-0.042036597
2018-11-29,2018-11-30 11:30:00,0.0,-0.020792596
2018-11-29,2018-11-30 11:45:00,0.0,-0.0034369938
2018-11-29,2018-11-30 12:00:00,0.0,0.015318832
2018-11-29,2018-11-30 12:15:00,0.0,0.021519586
2018-11-29,2018-11-30 12:30:00,0.0,0.043036703
2018-11-29,2018-11-30 12:45:00,0.0,0.013306324
2018-11-29,2018-11-30 13:00:00,0.0,0.02297513
2018-11-29,2018-11-30 13:15:00,0.0,0.021391466
2018-11-29,2018-11-30 13:30:00,0.0,-0.003131034
2018-11-29,2018-11-30 13:45:00,0.0,-0.012382416
2018-11-29,2018-11-30 14:00:00,0.0,-0.010935771
2018-11-29,2018-11-30 14:15:00,0.0,-0.016832449
2018-11-29,2018-11-30 14:30:00,0.0,-0.014226693
2018-11-29,2018-11-30 14:45:00,0.0,0.016648611
2018-11-29,2018-11-30 15:00:00,0.0,0.01887301
2018-11-29,2018-11-30 15:15:00,0.0,0.01566945
2018-11-29,2018-11-30 15:30:00,0.0,0.049418457
2018-11-29,2018-11-30 15:45:00,0.0,0.07087589
2018-11-29,2018-11-30 16:00:00,0.0,0.07128769
2018-11-29,2018-11-30 16:15:00,0.0,0.09051264
2018-11-29,2018-11-30 16:30:00,0.0,0.09191391
2018-11-29,2018-11-30 16:45:00,0.0,0.089438744
2018-11-29,2018-11-30 17:00:00,0.0,0.09670397
2018-11-29,2018-11-30 17:15:00,0.0,0.08421523
2018-11-29,2018-11-30 17:30:00,0.0,0.08883684
2018-11-29,2018-11-30 17:45:00,0.0,0.09208483
2018-11-29,2018-11-30 18:00:00,0.0,0.07319313
2018-11-29,2018-11-30 18:15:00,0.0,0.05682577
2018-11-29,2018-11-30 18:30:00,0.0,0.033821985
2018-11-29,2018-11-30 18:45:00,0.0,0.0002638223
2018-11-29,2018-11-30 19:00:00,0.0,0.000411571
2018-11-29,2018-11-30 19:15:00,0.0,0.00610234
2018-11-29,2018-11-30 19:30:00,0.0,0.008537066
2018-11-29,2018-11-30 19:45:00,0.0,0.029896652
2018-11-29,2018-11-30 20:00:00,0.0,-0.022747386
2018-11-29,2018-11-30 20:15:00,0.0,-0.049932342
2018-11-29,2018-11-30 20:30:00,0.0,-0.060851112
2018-11-29,2018-11-30 20:45:00,0.0,-0.05007822
2018-11-29,2018-11-30 21:00:00,0.0,-0.0744232
2018-11-29,2018-11-30 21:15:00,0.0,-0.059929088
2018-11-29,2018-11-30 21:30:00,0.0,-0.08766594
2018-11-29,2018-11-30 21:45:00,0.0,-0.090991385
2018-11-29,2018-11-30 22:00:00,0.0,-0.062043853
2018-11-29,2018-11-30 22:15:00,0.0,-0.11157513
2018-11-29,2018-11-30 22:30:00,0.0,-0.10872542
2018-11-29,2018-11-30 22:45:00,0.0,-0.05397039
2018-11-29,2018-11-30 23:00:00,0.0,-0.090546004
2018-11-29,2018-11-30 23:15:00,0.0,-0.07516933
2018-11-29,2018-11-30 23:30:00,0.0,-0.0118571585
2018-11-29,2018-11-30 23:45:00,0.0,-0.0067203958
2018-11-30,2018-12-01 00:00:00,0.007031,0.2810889
2018-11-30,2018-12-01 00:15:00,0.049219,0.3896453
2018-11-30,2018-12-01 00:30:00,0.0,0.53517795
2018-11-30,2018-12-01 00:45:00,0.108984,0.69864017
2018-11-30,2018-12-01 01:00:00,0.0105469999999999,0.8708147
2018-11-30,2018-12-01 01:15:00,0.108984,1.0341469
2018-11-30,2018-12-01 01:30:00,0.1371089999999999,1.2338699
2018-11-30,2018-12-01 01:45:00,0.130078,1.4104544
2018-11-30,2018-12-01 02:00:00,0.151172,1.5944891
2018-11-30,2018-12-01 02:15:00,0.239063,1.7279938
2018-11-30,2018-12-01 02:30:00,0.165234,1.8850425
2018-11-30,2018-12-01 02:45:00,0.151172,2.0016196
2018-11-30,2018-12-01 03:00:00,0.232031,2.1371543
2018-11-30,2018-12-01 03:15:00,0.2355469999999999,2.167971
2018-11-30,2018-12-01 03:30:00,0.214453,2.2483883
2018-11-30,2018-12-01 03:45:00,0.305859,2.2384682
2018-11-30,2018-12-01 04:00:00,0.372656,2.2165682
2018-11-30,2018-12-01 04:15:00,0.372656,2.1866832
2018-11-30,2018-12-01 04:30:00,0.569531,2.1404552
2018-11-30,2018-12-01 04:45:00,0.576563,2.052201
2018-11-30,2018-12-01 05:00:00,0.530859,1.9209609
2018-11-30,2018-12-01 05:15:00,0.418359,1.8619112
2018-11-30,2018-12-01 05:30:00,0.5097659999999999,1.7353292
2018-11-30,2018-12-01 05:45:00,0.61875,1.5845914
2018-11-30,2018-12-01 06:00:00,0.8085939999999999,1.444115
2018-11-30,2018-12-01 06:15:00,0.629297,1.2590479
2018-11-30,2018-12-01 06:30:00,0.446484,1.0892966
2018-11-30,2018-12-01 06:45:00,0.330469,0.9295729
2018-11-30,2018-12-01 07:00:00,0.256641,0.7884152
2018-11-30,2018-12-01 07:15:00,0.140625,0.6324394
2018-11-30,2018-12-01 07:30:00,0.175781,0.46670392
2018-11-30,2018-12-01 07:45:00,0.024609,0.3185131
2018-11-30,2018-12-01 08:00:00,0.052734,0.21820167
2018-11-30,2018-12-01 08:15:00,0.0,0.10902802
2018-11-30,2018-12-01 08:30:00,0.0,0.03983245
2018-11-30,2018-12-01 08:45:00,0.0,-0.032482214
2018-11-30,2018-12-01 09:00:00,0.0,-0.09158283
2018-11-30,2018-12-01 09:15:00,0.0,-0.09756564
2018-11-30,2018-12-01 09:30:00,0.0,-0.1115981
2018-11-30,2018-12-01 09:45:00,0.0,-0.11544447
2018-11-30,2018-12-01 10:00:00,0.0,-0.10456637
2018-11-30,2018-12-01 10:15:00,0.0,-0.09821292
2018-11-30,2018-12-01 10:30:00,0.0,-0.07476649
2018-11-30,2018-12-01 10:45:00,0.0,-0.06785287
2018-11-30,2018-12-01 11:00:00,0.0,-0.033427246
2018-11-30,2018-12-01 11:15:00,0.0,-0.004438521
2018-11-30,2018-12-01 11:30:00,0.0,0.008293341
2018-11-30,2018-12-01 11:45:00,0.0,0.010444359
2018-11-30,2018-12-01 12:00:00,0.0,0.019953689
2018-11-30,2018-12-01 12:15:00,0.0,0.0148039125
2018-11-30,2018-12-01 12:30:00,0.0,0.034325447
2018-11-30,2018-12-01 12:45:00,0.0,0.005672442
2018-11-30,2018-12-01 13:00:00,0.0,0.013831037
2018-11-30,2018-12-01 13:15:00,0.0,0.00088117365
2018-11-30,2018-12-01 13:30:00,0.0,-0.0100288475
2018-11-30,2018-12-01 13:45:00,0.0,-0.031290878
2018-11-30,2018-12-01 14:00:00,0.0,-0.01498597
2018-11-30,2018-12-01 14:15:00,0.0,-0.016408708
2018-11-30,2018-12-01 14:30:00,0.0,-0.023764849
2018-11-30,2018-12-01 14:45:00,0.0,0.013118979
2018-11-30,2018-12-01 15:00:00,0.0,0.0019401766
2018-11-30,2018-12-01 15:15:00,0.0,0.006052245
2018-11-30,2018-12-01 15:30:00,0.0,0.031400952
2018-11-30,2018-12-01 15:45:00,0.0,0.049169417
2018-11-30,2018-12-01 16:00:00,0.0,0.0426158
2018-11-30,2018-12-01 16:15:00,0.0,0.05703117
2018-11-30,2018-12-01 16:30:00,0.0,0.054341096
2018-11-30,2018-12-01 16:45:00,0.0,0.0602859
2018-11-30,2018-12-01 17:00:00,0.0,0.046436407
2018-11-30,2018-12-01 17:15:00,0.0,0.043548115
2018-11-30,2018-12-01 17:30:00,0.0,0.04815311
2018-11-30,2018-12-01 17:45:00,0.0,0.053347286
2018-11-30,2018-12-01 18:00:00,0.0,0.03938284
2018-11-30,2018-12-01 18:15:00,0.0,0.038810845
2018-11-30,2018-12-01 18:30:00,0.0,0.024051957
2018-11-30,2018-12-01 18:45:00,0.0,0.008072499
2018-11-30,2018-12-01 19:00:00,0.0,0.009604551
2018-11-30,2018-12-01 19:15:00,0.0,0.028243938
2018-11-30,2018-12-01 19:30:00,0.0,0.038136367
2018-11-30,2018-12-01 19:45:00,0.0,0.059955183
2018-11-30,2018-12-01 20:00:00,0.0,0.021923931
2018-11-30,2018-12-01 20:15:00,0.0,-0.005119598
2018-11-30,2018-12-01 20:30:00,0.0,-0.006195205
2018-11-30,2018-12-01 20:45:00,0.0,-0.004429725
2018-11-30,2018-12-01 21:00:00,0.0,-0.04282503
2018-11-30,2018-12-01 21:15:00,0.0,-0.045521088
2018-11-30,2018-12-01 21:30:00,0.0,-0.07997508
2018-11-30,2018-12-01 21:45:00,0.0,-0.09732487
2018-11-30,2018-12-01 22:00:00,0.0,-0.07406531
2018-11-30,2018-12-01 22:15:00,0.0,-0.14133027
2018-11-30,2018-12-01 22:30:00,0.0,-0.14385635
2018-11-30,2018-12-01 22:45:00,0.0,-0.08379098
2018-11-30,2018-12-01 23:00:00,0.0,-0.11839055
2018-11-30,2018-12-01 23:15:00,0.0,-0.08918861
2018-11-30,2018-12-01 23:30:00,0.0,-0.01263517
2018-11-30,2018-12-01 23:45:00,0.0,0.005764854
