起报时间,预报时间,实际功率 (MW),BiFusionModel预测功率 (MW)
2019-02-21,2019-02-22 00:00:00,0.2355470061302185,0.21258913
2019-02-21,2019-02-22 00:15:00,0.3621090054512024,0.24984841
2019-02-21,2019-02-22 00:30:00,0.40781301259994507,0.4379638
2019-02-21,2019-02-22 00:45:00,0.5484369993209839,0.6385843
2019-02-21,2019-02-22 01:00:00,0.5765630006790161,0.8079679
2019-02-21,2019-02-22 01:15:00,0.6468750238418579,0.85067517
2019-02-21,2019-02-22 01:30:00,0.7382810115814209,1.1602805
2019-02-21,2019-02-22 01:45:00,1.0546879768371582,1.3156472
2019-02-21,2019-02-22 02:00:00,1.2937500476837158,1.4098309
2019-02-21,2019-02-22 02:15:00,1.6628910303115845,1.6338943
2019-02-21,2019-02-22 02:30:00,2.021483898162842,1.7868246
2019-02-21,2019-02-22 02:45:00,1.8140619993209839,1.8129808
2019-02-21,2019-02-22 03:00:00,1.9722659587860107,1.9813361
2019-02-21,2019-02-22 03:15:00,1.9968750476837158,2.1120758
2019-02-21,2019-02-22 03:30:00,1.6628910303115845,2.2380702
2019-02-21,2019-02-22 03:45:00,1.652343988418579,2.266072
2019-02-21,2019-02-22 04:00:00,1.884374976158142,2.453496
2019-02-21,2019-02-22 04:15:00,2.010936975479126,2.4915137
2019-02-21,2019-02-22 04:30:00,2.26406192779541,2.5112312
2019-02-21,2019-02-22 04:45:00,2.1656250953674316,2.372149
2019-02-21,2019-02-22 05:00:00,2.366015911102295,2.2301755
2019-02-21,2019-02-22 05:15:00,2.3449220657348633,2.3774436
2019-02-21,2019-02-22 05:30:00,1.8070310354232788,2.2044513
2019-02-21,2019-02-22 05:45:00,1.6769529581069946,2.188006
2019-02-21,2019-02-22 06:00:00,2.0531249046325684,2.2498713
2019-02-21,2019-02-22 06:15:00,2.5910160541534424,2.0390575
2019-02-21,2019-02-22 06:30:00,1.7156250476837158,2.0874662
2019-02-21,2019-02-22 06:45:00,1.5011719465255737,1.7439123
2019-02-21,2019-02-22 07:00:00,1.3394529819488525,1.6926255
2019-02-21,2019-02-22 07:15:00,1.2621090412139893,1.5679493
2019-02-21,2019-02-22 07:30:00,1.082811951637268,1.4091599
2019-02-21,2019-02-22 07:45:00,1.0230469703674316,1.3467654
2019-02-21,2019-02-22 08:00:00,1.4589840173721313,1.1949703
2019-02-21,2019-02-22 08:15:00,1.6769529581069946,1.1278343
2019-02-21,2019-02-22 08:30:00,1.5644530057907104,0.91761196
2019-02-21,2019-02-22 08:45:00,1.1531250476837158,0.8391955
2019-02-21,2019-02-22 09:00:00,0.5203120112419128,0.6850565
2019-02-21,2019-02-22 09:15:00,0.1863279938697815,0.40103775
2019-02-21,2019-02-22 09:30:00,0.16523399949073792,0.34880647
2019-02-21,2019-02-22 09:45:00,0.09492199867963791,0.36542785
2019-02-21,2019-02-22 10:00:00,0.0,0.16957864
2019-02-21,2019-02-22 10:15:00,0.0,0.17337003
2019-02-21,2019-02-22 10:30:00,0.0,0.0
2019-02-21,2019-02-22 10:45:00,0.0,0.0
2019-02-21,2019-02-22 11:00:00,0.0,0.0
2019-02-21,2019-02-22 11:15:00,0.0,0.0
2019-02-21,2019-02-22 11:30:00,0.0,0.0
2019-02-21,2019-02-22 11:45:00,0.0,0.0
2019-02-21,2019-02-22 12:00:00,0.0,0.0
2019-02-21,2019-02-22 12:15:00,0.0,0.0
2019-02-21,2019-02-22 12:30:00,0.0,0.0
2019-02-21,2019-02-22 12:45:00,0.0,0.0
2019-02-21,2019-02-22 13:00:00,0.0,0.0
2019-02-21,2019-02-22 13:15:00,0.0,0.0
2019-02-21,2019-02-22 13:30:00,0.0,0.058876112
2019-02-21,2019-02-22 13:45:00,0.0,0.07273886
2019-02-21,2019-02-22 14:00:00,0.0,0.0
2019-02-21,2019-02-22 14:15:00,0.0,0.0
2019-02-21,2019-02-22 14:30:00,0.0,0.13274796
2019-02-21,2019-02-22 14:45:00,0.0,0.03367742
2019-02-21,2019-02-22 15:00:00,0.0,0.0
2019-02-21,2019-02-22 15:15:00,0.0,0.08783612
2019-02-21,2019-02-22 15:30:00,0.0,0.012864117
2019-02-21,2019-02-22 15:45:00,0.0,0.0
2019-02-21,2019-02-22 16:00:00,0.0,0.06982127
2019-02-21,2019-02-22 16:15:00,0.0,0.08861136
2019-02-21,2019-02-22 16:30:00,0.0,0.04970385
2019-02-21,2019-02-22 16:45:00,0.0,0.016866377
2019-02-21,2019-02-22 17:00:00,0.0,0.068093926
2019-02-21,2019-02-22 17:15:00,0.0,0.13690963
2019-02-21,2019-02-22 17:30:00,0.0,0.08201279
2019-02-21,2019-02-22 17:45:00,0.0,0.0671233
2019-02-21,2019-02-22 18:00:00,0.0,0.085901536
2019-02-21,2019-02-22 18:15:00,0.0,0.04073437
2019-02-21,2019-02-22 18:30:00,0.0,0.18627152
2019-02-21,2019-02-22 18:45:00,0.0,0.13712306
2019-02-21,2019-02-22 19:00:00,0.0,0.04789398
2019-02-21,2019-02-22 19:15:00,0.0,0.094203755
2019-02-21,2019-02-22 19:30:00,0.0,0.12527592
2019-02-21,2019-02-22 19:45:00,0.0,0.0462144
2019-02-21,2019-02-22 20:00:00,0.0,0.02410916
2019-02-21,2019-02-22 20:15:00,0.0,0.01588921
2019-02-21,2019-02-22 20:30:00,0.0,0.0
2019-02-21,2019-02-22 20:45:00,0.0,0.0
2019-02-21,2019-02-22 21:00:00,0.0,0.0
2019-02-21,2019-02-22 21:15:00,0.0,0.0
2019-02-21,2019-02-22 21:30:00,0.0,0.0
2019-02-21,2019-02-22 21:45:00,0.0,0.0
2019-02-21,2019-02-22 22:00:00,0.0,0.0
2019-02-21,2019-02-22 22:15:00,0.0,0.0
2019-02-21,2019-02-22 22:30:00,0.0,0.0
2019-02-21,2019-02-22 22:45:00,0.0,0.0
2019-02-21,2019-02-22 23:00:00,0.0,0.0
2019-02-21,2019-02-22 23:15:00,0.007031000219285488,0.0
2019-02-21,2019-02-22 23:30:00,0.10898400098085403,0.022288812
2019-02-21,2019-02-22 23:45:00,0.21796900033950806,0.26059535
2019-02-22,2019-02-23 00:00:00,0.3515619933605194,0.3519027
2019-02-22,2019-02-23 00:15:00,0.5203120112419128,0.42237908
2019-02-22,2019-02-23 00:30:00,0.7347660064697266,0.66378
2019-02-22,2019-02-23 00:45:00,0.9949219822883606,0.8451673
2019-02-22,2019-02-23 01:00:00,1.2410160303115845,0.99375325
2019-02-22,2019-02-23 01:15:00,1.4800779819488525,1.136152
2019-02-22,2019-02-23 01:30:00,1.7121089696884155,1.4312389
2019-02-22,2019-02-23 01:45:00,2.003906011581421,1.5922053
2019-02-22,2019-02-23 02:00:00,2.267577886581421,1.6741713
2019-02-22,2019-02-23 02:15:00,2.5769529342651367,1.886075
2019-02-22,2019-02-23 02:30:00,2.784374952316284,2.0803657
2019-02-22,2019-02-23 02:45:00,3.005858898162842,2.0807683
2019-02-22,2019-02-23 03:00:00,3.128906011581421,2.268188
2019-02-22,2019-02-23 03:15:00,3.1746089458465576,2.3607128
2019-02-22,2019-02-23 03:30:00,3.364453077316284,2.4285753
2019-02-22,2019-02-23 03:45:00,3.4558589458465576,2.4550815
2019-02-22,2019-02-23 04:00:00,3.533202886581421,2.573271
2019-02-22,2019-02-23 04:15:00,3.6140620708465576,2.5548005
2019-02-22,2019-02-23 04:30:00,3.6070311069488525,2.6114078
2019-02-22,2019-02-23 04:45:00,3.3433589935302734,2.4519231
2019-02-22,2019-02-23 05:00:00,3.4066410064697266,2.2700815
2019-02-22,2019-02-23 05:15:00,3.5718750953674316,2.3760145
2019-02-22,2019-02-23 05:30:00,3.4945309162139893,2.1967819
2019-02-22,2019-02-23 05:45:00,3.2906250953674316,2.0983648
2019-02-22,2019-02-23 06:00:00,3.3539059162139893,2.068986
2019-02-22,2019-02-23 06:15:00,3.244921922683716,1.9227709
2019-02-22,2019-02-23 06:30:00,2.946094036102295,1.9589051
2019-02-22,2019-02-23 06:45:00,2.960155963897705,1.5749888
2019-02-22,2019-02-23 07:00:00,2.6332030296325684,1.5064816
2019-02-22,2019-02-23 07:15:00,2.3871090412139893,1.3566221
2019-02-22,2019-02-23 07:30:00,2.102344036102295,1.214401
2019-02-22,2019-02-23 07:45:00,1.919530987739563,1.1516039
2019-02-22,2019-02-23 08:00:00,1.5082030296325684,0.99543566
2019-02-22,2019-02-23 08:15:00,1.272655963897705,0.8827274
2019-02-22,2019-02-23 08:30:00,1.0371090173721313,0.7184343
2019-02-22,2019-02-23 08:45:00,0.7136719822883606,0.7185065
2019-02-22,2019-02-23 09:00:00,0.471094012260437,0.47659773
2019-02-22,2019-02-23 09:15:00,0.31992200016975403,0.29529017
2019-02-22,2019-02-23 09:30:00,0.1863279938697815,0.24089803
2019-02-22,2019-02-23 09:45:00,0.014062000438570976,0.2180613
2019-02-22,2019-02-23 10:00:00,0.0,0.11953112
2019-02-22,2019-02-23 10:15:00,0.0,0.16067943
2019-02-22,2019-02-23 10:30:00,0.0,0.0
2019-02-22,2019-02-23 10:45:00,0.0,0.0
2019-02-22,2019-02-23 11:00:00,0.0,0.0
2019-02-22,2019-02-23 11:15:00,0.0,0.0
2019-02-22,2019-02-23 11:30:00,0.0,0.0
2019-02-22,2019-02-23 11:45:00,0.0,0.0
2019-02-22,2019-02-23 12:00:00,0.0,0.0
2019-02-22,2019-02-23 12:15:00,0.0,0.012711122
2019-02-22,2019-02-23 12:30:00,0.0,0.00500803
2019-02-22,2019-02-23 12:45:00,0.0,0.0
2019-02-22,2019-02-23 13:00:00,0.0,0.0
2019-02-22,2019-02-23 13:15:00,0.0,0.0
2019-02-22,2019-02-23 13:30:00,0.0,0.12517914
2019-02-22,2019-02-23 13:45:00,0.0,0.10625062
2019-02-22,2019-02-23 14:00:00,0.0,0.0009845113
2019-02-22,2019-02-23 14:15:00,0.0,0.04492932
2019-02-22,2019-02-23 14:30:00,0.0,0.1211727
2019-02-22,2019-02-23 14:45:00,0.0,0.10151413
2019-02-22,2019-02-23 15:00:00,0.0,0.0
2019-02-22,2019-02-23 15:15:00,0.0,0.12478596
2019-02-22,2019-02-23 15:30:00,0.0,0.04728008
2019-02-22,2019-02-23 15:45:00,0.0,0.019167418
2019-02-22,2019-02-23 16:00:00,0.0,0.08330618
2019-02-22,2019-02-23 16:15:00,0.0,0.080134474
2019-02-22,2019-02-23 16:30:00,0.0,0.13861386
2019-02-22,2019-02-23 16:45:00,0.0,0.03235741
2019-02-22,2019-02-23 17:00:00,0.0,0.061526302
2019-02-22,2019-02-23 17:15:00,0.0,0.10359351
2019-02-22,2019-02-23 17:30:00,0.0,0.062240385
2019-02-22,2019-02-23 17:45:00,0.0,0.0017876134
2019-02-22,2019-02-23 18:00:00,0.0,0.07129919
2019-02-22,2019-02-23 18:15:00,0.0,0.0066850893
2019-02-22,2019-02-23 18:30:00,0.0,0.13724765
2019-02-22,2019-02-23 18:45:00,0.0,0.1282699
2019-02-22,2019-02-23 19:00:00,0.0,0.0
2019-02-22,2019-02-23 19:15:00,0.0,0.023953706
2019-02-22,2019-02-23 19:30:00,0.0,0.048098143
2019-02-22,2019-02-23 19:45:00,0.0,0.0
2019-02-22,2019-02-23 20:00:00,0.0,0.0
2019-02-22,2019-02-23 20:15:00,0.0,0.0
2019-02-22,2019-02-23 20:30:00,0.0,0.0
2019-02-22,2019-02-23 20:45:00,0.0,0.0
2019-02-22,2019-02-23 21:00:00,0.0,0.0
2019-02-22,2019-02-23 21:15:00,0.0,0.0
2019-02-22,2019-02-23 21:30:00,0.0,0.0
2019-02-22,2019-02-23 21:45:00,0.0,0.0
2019-02-22,2019-02-23 22:00:00,0.0,0.0
2019-02-22,2019-02-23 22:15:00,0.0,0.0
2019-02-22,2019-02-23 22:30:00,0.0,0.0
2019-02-22,2019-02-23 22:45:00,0.0,0.0
2019-02-22,2019-02-23 23:00:00,0.0,0.0
2019-02-22,2019-02-23 23:15:00,0.03515600040555,0.0
2019-02-22,2019-02-23 23:30:00,0.13359400629997253,0.075620666
2019-02-22,2019-02-23 23:45:00,0.22851599752902985,0.33988264
2019-02-23,2019-02-24 00:00:00,0.4007810056209564,0.5065176
2019-02-23,2019-02-24 00:15:00,0.5730469822883606,0.5941236
2019-02-23,2019-02-24 00:30:00,0.7699220180511475,0.85719717
2019-02-23,2019-02-24 00:45:00,0.956250011920929,1.1050119
2019-02-23,2019-02-24 01:00:00,1.209375023841858,1.3344553
2019-02-23,2019-02-24 01:15:00,1.4660160541534424,1.4231095
2019-02-23,2019-02-24 01:30:00,1.6136720180511475,1.7348994
2019-02-23,2019-02-24 01:45:00,1.8808590173721313,1.9398764
2019-02-23,2019-02-24 02:00:00,2.0777339935302734,2.0572062
2019-02-23,2019-02-24 02:15:00,1.9968750476837158,2.302476
2019-02-23,2019-02-24 02:30:00,2.3589839935302734,2.414254
2019-02-23,2019-02-24 02:45:00,2.5804688930511475,2.5091448
2019-02-23,2019-02-24 03:00:00,2.3519530296325684,2.641972
2019-02-23,2019-02-24 03:15:00,2.0531249046325684,2.8097146
2019-02-23,2019-02-24 03:30:00,2.26406192779541,2.8849447
2019-02-23,2019-02-24 03:45:00,1.9582029581069946,2.8310657
2019-02-23,2019-02-24 04:00:00,1.497655987739563,3.0064185
2019-02-23,2019-02-24 04:15:00,1.6347659826278687,3.022469
2019-02-23,2019-02-24 04:30:00,2.1410160064697266,3.0290656
2019-02-23,2019-02-24 04:45:00,1.9230469465255737,2.8017337
2019-02-23,2019-02-24 05:00:00,2.489063024520874,2.6564896
2019-02-23,2019-02-24 05:15:00,2.242969036102295,2.7300382
2019-02-23,2019-02-24 05:30:00,1.6101560592651367,2.6036592
2019-02-23,2019-02-24 05:45:00,1.9968750476837158,2.5239277
2019-02-23,2019-02-24 06:00:00,1.4695310592651367,2.5250802
2019-02-23,2019-02-24 06:15:00,1.314844012260437,2.3043506
2019-02-23,2019-02-24 06:30:00,1.3816410303115845,2.241425
2019-02-23,2019-02-24 06:45:00,1.2937500476837158,1.9487952
2019-02-23,2019-02-24 07:00:00,1.1425780057907104,1.8062949
2019-02-23,2019-02-24 07:15:00,1.1636719703674316,1.6751652
2019-02-23,2019-02-24 07:30:00,1.117969036102295,1.5468554
2019-02-23,2019-02-24 07:45:00,1.082811951637268,1.4251349
2019-02-23,2019-02-24 08:00:00,0.8085939884185791,1.255637
2019-02-23,2019-02-24 08:15:00,0.6152340173721313,1.1733981
2019-02-23,2019-02-24 08:30:00,0.46406298875808716,0.94279504
2019-02-23,2019-02-24 08:45:00,0.33398398756980896,0.84505606
2019-02-23,2019-02-24 09:00:00,0.2355470061302185,0.6970523
2019-02-23,2019-02-24 09:15:00,0.16875000298023224,0.39529854
2019-02-23,2019-02-24 09:30:00,0.12656299769878387,0.34265292
2019-02-23,2019-02-24 09:45:00,0.021093999966979027,0.338684
2019-02-23,2019-02-24 10:00:00,0.0,0.16343133
2019-02-23,2019-02-24 10:15:00,0.0,0.20187202
2019-02-23,2019-02-24 10:30:00,0.0,0.039186638
2019-02-23,2019-02-24 10:45:00,0.0,0.0
2019-02-23,2019-02-24 11:00:00,0.0,0.0
2019-02-23,2019-02-24 11:15:00,0.0,0.0
2019-02-23,2019-02-24 11:30:00,0.0,0.0
2019-02-23,2019-02-24 11:45:00,0.0,0.0
2019-02-23,2019-02-24 12:00:00,0.0,0.0
2019-02-23,2019-02-24 12:15:00,0.0,0.0
2019-02-23,2019-02-24 12:30:00,0.0,0.0
2019-02-23,2019-02-24 12:45:00,0.0,0.0
2019-02-23,2019-02-24 13:00:00,0.0,0.0058178655
2019-02-23,2019-02-24 13:15:00,0.0,0.007162788
2019-02-23,2019-02-24 13:30:00,0.0,0.14085777
2019-02-23,2019-02-24 13:45:00,0.0,0.1768265
2019-02-23,2019-02-24 14:00:00,0.0,0.001251821
2019-02-23,2019-02-24 14:15:00,0.0,0.004841929
2019-02-23,2019-02-24 14:30:00,0.0,0.17419119
2019-02-23,2019-02-24 14:45:00,0.0,0.10784614
2019-02-23,2019-02-24 15:00:00,0.0,0.0
2019-02-23,2019-02-24 15:15:00,0.0,0.15242091
2019-02-23,2019-02-24 15:30:00,0.0,0.07563125
2019-02-23,2019-02-24 15:45:00,0.0,0.049437344
2019-02-23,2019-02-24 16:00:00,0.0,0.08970893
2019-02-23,2019-02-24 16:15:00,0.0,0.11532483
2019-02-23,2019-02-24 16:30:00,0.0,0.10157334
2019-02-23,2019-02-24 16:45:00,0.0,0.018638395
2019-02-23,2019-02-24 17:00:00,0.0,0.06978379
2019-02-23,2019-02-24 17:15:00,0.0,0.15163794
2019-02-23,2019-02-24 17:30:00,0.0,0.08609726
2019-02-23,2019-02-24 17:45:00,0.0,0.03709653
2019-02-23,2019-02-24 18:00:00,0.0,0.099208
2019-02-23,2019-02-24 18:15:00,0.0,0.06505853
2019-02-23,2019-02-24 18:30:00,0.0,0.15975805
2019-02-23,2019-02-24 18:45:00,0.0,0.115379915
2019-02-23,2019-02-24 19:00:00,0.0,0.03631782
2019-02-23,2019-02-24 19:15:00,0.0,0.080325074
2019-02-23,2019-02-24 19:30:00,0.0,0.12109864
2019-02-23,2019-02-24 19:45:00,0.0,0.062084604
2019-02-23,2019-02-24 20:00:00,0.0,0.018953592
2019-02-23,2019-02-24 20:15:00,0.0,0.019086024
2019-02-23,2019-02-24 20:30:00,0.0,0.0
2019-02-23,2019-02-24 20:45:00,0.0,0.0
2019-02-23,2019-02-24 21:00:00,0.0,0.0
2019-02-23,2019-02-24 21:15:00,0.0,0.0
2019-02-23,2019-02-24 21:30:00,0.0,0.0
2019-02-23,2019-02-24 21:45:00,0.0,0.0
2019-02-23,2019-02-24 22:00:00,0.0,0.0
2019-02-23,2019-02-24 22:15:00,0.0,0.0
2019-02-23,2019-02-24 22:30:00,0.0,0.0
2019-02-23,2019-02-24 22:45:00,0.0,0.0
2019-02-23,2019-02-24 23:00:00,0.0,0.11339336
2019-02-23,2019-02-24 23:15:00,0.007031000219285488,0.13920137
2019-02-23,2019-02-24 23:30:00,0.09140600264072418,0.2517622
2019-02-23,2019-02-24 23:45:00,0.21445299685001373,0.531128
2019-02-24,2019-02-25 00:00:00,0.26718801259994507,0.37580574
2019-02-24,2019-02-25 00:15:00,0.4781250059604645,0.50444293
2019-02-24,2019-02-25 00:30:00,0.5730469822883606,0.6870647
2019-02-24,2019-02-25 00:45:00,0.7277340292930603,0.8660009
2019-02-24,2019-02-25 01:00:00,1.0089839696884155,0.9882243
2019-02-24,2019-02-25 01:15:00,1.2269530296325684,1.1019201
2019-02-24,2019-02-25 01:30:00,1.4308589696884155,1.3860092
2019-02-24,2019-02-25 01:45:00,1.6664060354232788,1.4722505
2019-02-24,2019-02-25 02:00:00,1.8562500476837158,1.5650617
2019-02-24,2019-02-25 02:15:00,2.109375,1.6890992
2019-02-24,2019-02-25 02:30:00,2.2113280296325684,1.8765728
2019-02-24,2019-02-25 02:45:00,2.3273439407348633,1.8727478
2019-02-24,2019-02-25 03:00:00,2.397655963897705,2.0003905
2019-02-24,2019-02-25 03:15:00,2.548827886581421,2.0197978
2019-02-24,2019-02-25 03:30:00,2.6085939407348633,2.0618143
2019-02-24,2019-02-25 03:45:00,2.707031011581421,2.0380864
2019-02-24,2019-02-25 04:00:00,2.742187976837158,2.0875797
2019-02-24,2019-02-25 04:15:00,2.794922113418579,2.048194
2019-02-24,2019-02-25 04:30:00,2.777343988418579,2.0040617
2019-02-24,2019-02-25 04:45:00,2.707031011581421,1.8987113
2019-02-24,2019-02-25 05:00:00,2.6683590412139893,1.6725082
2019-02-24,2019-02-25 05:15:00,2.6261720657348633,1.760923
2019-02-24,2019-02-25 05:30:00,2.2886719703674316,1.5382637
2019-02-24,2019-02-25 05:45:00,2.496093988418579,1.3840364
2019-02-24,2019-02-25 06:00:00,2.496093988418579,1.3820654
2019-02-24,2019-02-25 06:15:00,2.373047113418579,1.2707398
2019-02-24,2019-02-25 06:30:00,2.2464840412139893,1.2241163
2019-02-24,2019-02-25 06:45:00,2.0425779819488525,0.87792915
2019-02-24,2019-02-25 07:00:00,1.9019529819488525,0.82263654
2019-02-24,2019-02-25 07:15:00,1.736719012260437,0.70292664
2019-02-24,2019-02-25 07:30:00,1.4695310592651367,0.60038894
2019-02-24,2019-02-25 07:45:00,0.8578130006790161,0.5492476
2019-02-24,2019-02-25 08:00:00,1.1636719703674316,0.43398845
2019-02-24,2019-02-25 08:15:00,0.6011719703674316,0.30329832
2019-02-24,2019-02-25 08:30:00,0.6574220061302185,0.23668015
2019-02-24,2019-02-25 08:45:00,0.5238280296325684,0.2696995
2019-02-24,2019-02-25 09:00:00,0.3761720061302185,0.049331754
2019-02-24,2019-02-25 09:15:00,0.1511719971895218,0.0073323566
2019-02-24,2019-02-25 09:30:00,0.09843800216913223,0.017332636
2019-02-24,2019-02-25 09:45:00,0.010546999983489513,0.007163066
2019-02-24,2019-02-25 10:00:00,0.0,0.020066595
2019-02-24,2019-02-25 10:15:00,0.0,0.062897444
2019-02-24,2019-02-25 10:30:00,0.0,0.0
2019-02-24,2019-02-25 10:45:00,0.0,0.0
2019-02-24,2019-02-25 11:00:00,0.0,0.0115617225
2019-02-24,2019-02-25 11:15:00,0.0,0.0
2019-02-24,2019-02-25 11:30:00,0.0,0.0
2019-02-24,2019-02-25 11:45:00,0.0,0.04877728
2019-02-24,2019-02-25 12:00:00,0.0,0.06946661
2019-02-24,2019-02-25 12:15:00,0.0,0.12446004
2019-02-24,2019-02-25 12:30:00,0.0,0.10804532
2019-02-24,2019-02-25 12:45:00,0.0,0.119037
2019-02-24,2019-02-25 13:00:00,0.0,0.09447202
2019-02-24,2019-02-25 13:15:00,0.0,0.124624066
2019-02-24,2019-02-25 13:30:00,0.0,0.2794101
2019-02-24,2019-02-25 13:45:00,0.0,0.21639061
2019-02-24,2019-02-25 14:00:00,0.0,0.08727489
2019-02-24,2019-02-25 14:15:00,0.0,0.11717834
2019-02-24,2019-02-25 14:30:00,0.0,0.18490773
2019-02-24,2019-02-25 14:45:00,0.0,0.1302987
2019-02-24,2019-02-25 15:00:00,0.0,0.028638808
2019-02-24,2019-02-25 15:15:00,0.0,0.14199954
2019-02-24,2019-02-25 15:30:00,0.0,0.050733425
2019-02-24,2019-02-25 15:45:00,0.0,0.04782466
2019-02-24,2019-02-25 16:00:00,0.0,0.09354778
2019-02-24,2019-02-25 16:15:00,0.0,0.089585304
2019-02-24,2019-02-25 16:30:00,0.0,0.105657645
2019-02-24,2019-02-25 16:45:00,0.0,0.030202875
2019-02-24,2019-02-25 17:00:00,0.0,0.0022204898
2019-02-24,2019-02-25 17:15:00,0.0,0.0675147
2019-02-24,2019-02-25 17:30:00,0.0,0.00411929
2019-02-24,2019-02-25 17:45:00,0.0,0.0
2019-02-24,2019-02-25 18:00:00,0.0,0.0137503315
2019-02-24,2019-02-25 18:15:00,0.0,0.0
2019-02-24,2019-02-25 18:30:00,0.0,0.06680842
2019-02-24,2019-02-25 18:45:00,0.0,0.14301029
2019-02-24,2019-02-25 19:00:00,0.0,0.0
2019-02-24,2019-02-25 19:15:00,0.0,0.0
2019-02-24,2019-02-25 19:30:00,0.0,0.032108072
2019-02-24,2019-02-25 19:45:00,0.0,0.0
2019-02-24,2019-02-25 20:00:00,0.0,0.0
2019-02-24,2019-02-25 20:15:00,0.0,0.0
2019-02-24,2019-02-25 20:30:00,0.0,0.0
2019-02-24,2019-02-25 20:45:00,0.0,0.0
2019-02-24,2019-02-25 21:00:00,0.0,0.0
2019-02-24,2019-02-25 21:15:00,0.0,0.0
2019-02-24,2019-02-25 21:30:00,0.0,0.0
2019-02-24,2019-02-25 21:45:00,0.0,0.0
2019-02-24,2019-02-25 22:00:00,0.0,0.0
2019-02-24,2019-02-25 22:15:00,0.0,0.0
2019-02-24,2019-02-25 22:30:00,0.0,0.0
2019-02-24,2019-02-25 22:45:00,0.0,0.026208619
2019-02-24,2019-02-25 23:00:00,0.0,0.09543814
2019-02-24,2019-02-25 23:15:00,0.0,0.110023126
2019-02-24,2019-02-25 23:30:00,0.05624999850988388,0.2393209
2019-02-24,2019-02-25 23:45:00,0.20390599966049194,0.47916412
2019-02-25,2019-02-26 00:00:00,0.23906299471855164,0.37372413
2019-02-25,2019-02-26 00:15:00,0.28476598858833313,0.48201343
2019-02-25,2019-02-26 00:30:00,0.330469012260437,0.70191944
2019-02-25,2019-02-26 00:45:00,0.5660160183906555,0.90429354
2019-02-25,2019-02-26 01:00:00,0.7277340292930603,1.0387331
2019-02-25,2019-02-26 01:15:00,0.8050780296325684,1.1684598
2019-02-25,2019-02-26 01:30:00,0.9316409826278687,1.481923
2019-02-25,2019-02-26 01:45:00,1.0863280296325684,1.597114
2019-02-25,2019-02-26 02:00:00,1.6980470418930054,1.687497
2019-02-25,2019-02-26 02:15:00,1.5011719465255737,1.8440504
2019-02-25,2019-02-26 02:30:00,1.3183590173721313,1.999022
2019-02-25,2019-02-26 02:45:00,1.0968749523162842,2.0227365
2019-02-25,2019-02-26 03:00:00,0.9808589816093445,2.1977684
2019-02-25,2019-02-26 03:15:00,1.3886719942092896,2.2885437
2019-02-25,2019-02-26 03:30:00,1.7015620470046997,2.3104367
2019-02-25,2019-02-26 03:45:00,1.771875023841858,2.2844014
2019-02-25,2019-02-26 04:00:00,1.9863280057907104,2.3758683
2019-02-25,2019-02-26 04:15:00,1.6558589935302734,2.3158343
2019-02-25,2019-02-26 04:30:00,1.884374976158142,2.3443165
2019-02-25,2019-02-26 04:45:00,1.771875023841858,2.1923413
2019-02-25,2019-02-26 05:00:00,2.1304690837860107,1.9857403
2019-02-25,2019-02-26 05:15:00,1.9054689407348633,2.077586
2019-02-25,2019-02-26 05:30:00,1.7085939645767212,1.859548
2019-02-25,2019-02-26 05:45:00,1.490625023841858,1.7261983
2019-02-25,2019-02-26 06:00:00,1.5714839696884155,1.7330076
2019-02-25,2019-02-26 06:15:00,1.6699219942092896,1.5686187
2019-02-25,2019-02-26 06:30:00,1.5257810354232788,1.5640583
2019-02-25,2019-02-26 06:45:00,1.5644530057907104,1.1892976
2019-02-25,2019-02-26 07:00:00,1.3429689407348633,1.1163301
2019-02-25,2019-02-26 07:15:00,1.3535159826278687,1.0001493
2019-02-25,2019-02-26 07:30:00,1.2374999523162842,0.87284935
2019-02-25,2019-02-26 07:45:00,0.9808589816093445,0.8237475
2019-02-25,2019-02-26 08:00:00,0.9316409826278687,0.6383862
2019-02-25,2019-02-26 08:15:00,0.9140620231628418,0.5357014
2019-02-25,2019-02-26 08:30:00,0.675000011920929,0.42341807
2019-02-25,2019-02-26 08:45:00,0.5378909707069397,0.4128839
2019-02-25,2019-02-26 09:00:00,0.40781301259994507,0.21140055
2019-02-25,2019-02-26 09:15:00,0.29531198740005493,0.08564643
2019-02-25,2019-02-26 09:30:00,0.1511719971895218,0.080133274
2019-02-25,2019-02-26 09:45:00,0.04570300132036209,0.06268265
2019-02-25,2019-02-26 10:00:00,0.0,0.009399316
2019-02-25,2019-02-26 10:15:00,0.0,0.06279167
2019-02-25,2019-02-26 10:30:00,0.0,0.0
2019-02-25,2019-02-26 10:45:00,0.0,0.0
2019-02-25,2019-02-26 11:00:00,0.0,0.0
2019-02-25,2019-02-26 11:15:00,0.0,0.0
2019-02-25,2019-02-26 11:30:00,0.0,0.0
2019-02-25,2019-02-26 11:45:00,0.0,0.0
2019-02-25,2019-02-26 12:00:00,0.0,0.0
2019-02-25,2019-02-26 12:15:00,0.0,0.06962087
2019-02-25,2019-02-26 12:30:00,0.0,0.036002085
2019-02-25,2019-02-26 12:45:00,0.0,0.014886388
2019-02-25,2019-02-26 13:00:00,0.0,0.027099019
2019-02-25,2019-02-26 13:15:00,0.0,0.059230965
2019-02-25,2019-02-26 13:30:00,0.0,0.20361723
2019-02-25,2019-02-26 13:45:00,0.0,0.1734274
2019-02-25,2019-02-26 14:00:00,0.0,0.042710323
2019-02-25,2019-02-26 14:15:00,0.0,0.06528199
2019-02-25,2019-02-26 14:30:00,0.0,0.17234328
2019-02-25,2019-02-26 14:45:00,0.0,0.117928945
2019-02-25,2019-02-26 15:00:00,0.0,0.0
2019-02-25,2019-02-26 15:15:00,0.0,0.1604865
2019-02-25,2019-02-26 15:30:00,0.0,0.043776046
2019-02-25,2019-02-26 15:45:00,0.0,0.020026257
2019-02-25,2019-02-26 16:00:00,0.0,0.104470894
2019-02-25,2019-02-26 16:15:00,0.0,0.090554945
2019-02-25,2019-02-26 16:30:00,0.0,0.109302014
2019-02-25,2019-02-26 16:45:00,0.0,0.048943702
2019-02-25,2019-02-26 17:00:00,0.0,0.033320885
2019-02-25,2019-02-26 17:15:00,0.0,0.075133845
2019-02-25,2019-02-26 17:30:00,0.0,0.042636357
2019-02-25,2019-02-26 17:45:00,0.0,0.0
2019-02-25,2019-02-26 18:00:00,0.0,0.076240465
2019-02-25,2019-02-26 18:15:00,0.0,0.0
2019-02-25,2019-02-26 18:30:00,0.0,0.09852574
2019-02-25,2019-02-26 18:45:00,0.0,0.1361504
2019-02-25,2019-02-26 19:00:00,0.0,0.0
2019-02-25,2019-02-26 19:15:00,0.0,0.0
2019-02-25,2019-02-26 19:30:00,0.0,0.032804824
2019-02-25,2019-02-26 19:45:00,0.0,0.0
2019-02-25,2019-02-26 20:00:00,0.0,0.0
2019-02-25,2019-02-26 20:15:00,0.0,0.0
2019-02-25,2019-02-26 20:30:00,0.0,0.0
2019-02-25,2019-02-26 20:45:00,0.0,0.0
2019-02-25,2019-02-26 21:00:00,0.0,0.0
2019-02-25,2019-02-26 21:15:00,0.0,0.0
2019-02-25,2019-02-26 21:30:00,0.0,0.0
2019-02-25,2019-02-26 21:45:00,0.0,0.0
2019-02-25,2019-02-26 22:00:00,0.0,0.0
2019-02-25,2019-02-26 22:15:00,0.0,0.0
2019-02-25,2019-02-26 22:30:00,0.0,0.0
2019-02-25,2019-02-26 22:45:00,0.0,0.0
2019-02-25,2019-02-26 23:00:00,0.0,0.030462243
2019-02-25,2019-02-26 23:15:00,0.0,0.030510943
2019-02-25,2019-02-26 23:30:00,0.12304700165987015,0.15192077
2019-02-25,2019-02-26 23:45:00,0.20742200314998627,0.4140478
2019-02-26,2019-02-27 00:00:00,0.25312501192092896,0.3036447
2019-02-26,2019-02-27 00:15:00,0.4675779938697815,0.40132284
2019-02-26,2019-02-27 00:30:00,0.6890619993209839,0.60654575
2019-02-26,2019-02-27 00:45:00,0.46054700016975403,0.75379413
2019-02-26,2019-02-27 01:00:00,0.5378909707069397,0.8550885
2019-02-26,2019-02-27 01:15:00,0.6574220061302185,0.98830825
2019-02-26,2019-02-27 01:30:00,0.8578130006790161,1.2931688
2019-02-26,2019-02-27 01:45:00,1.0582029819488525,1.3884312
2019-02-26,2019-02-27 02:00:00,1.652343988418579,1.4449443
2019-02-26,2019-02-27 02:15:00,1.6207029819488525,1.5984021
2019-02-26,2019-02-27 02:30:00,2.133984088897705,1.8242527
2019-02-26,2019-02-27 02:45:00,2.1726560592651367,1.8191395
2019-02-26,2019-02-27 03:00:00,2.4749999046325684,1.9761413
2019-02-26,2019-02-27 03:15:00,2.671875,2.0324955
2019-02-26,2019-02-27 03:30:00,2.390625,2.0644028
2019-02-26,2019-02-27 03:45:00,2.5945310592651367,2.09928
2019-02-26,2019-02-27 04:00:00,2.9496090412139893,2.1676
2019-02-26,2019-02-27 04:15:00,3.0339839458465576,2.1124654
2019-02-26,2019-02-27 04:30:00,2.7351560592651367,2.1024444
2019-02-26,2019-02-27 04:45:00,3.0093750953674316,2.0172546
2019-02-26,2019-02-27 05:00:00,2.225390911102295,1.8023858
2019-02-26,2019-02-27 05:15:00,3.2097649574279785,1.9329225
2019-02-26,2019-02-27 05:30:00,3.005858898162842,1.6936218
2019-02-26,2019-02-27 05:45:00,2.9039061069488525,1.556751
2019-02-26,2019-02-27 06:00:00,2.924999952316284,1.5385035
2019-02-26,2019-02-27 06:15:00,2.8511719703674316,1.4427456
2019-02-26,2019-02-27 06:30:00,2.664844036102295,1.4582005
2019-02-26,2019-02-27 06:45:00,2.54531192779541,1.056053
2019-02-26,2019-02-27 07:00:00,2.373047113418579,1.0328484
2019-02-26,2019-02-27 07:15:00,2.1761720180511475,0.88132954
2019-02-26,2019-02-27 07:30:00,1.9863280057907104,0.7381761
2019-02-26,2019-02-27 07:45:00,1.8386720418930054,0.69629866
2019-02-26,2019-02-27 08:00:00,1.546875,0.57238936
2019-02-26,2019-02-27 08:15:00,1.3289060592651367,0.40006948
2019-02-26,2019-02-27 08:30:00,1.026561975479126,0.33403948
2019-02-26,2019-02-27 08:45:00,0.7769529819488525,0.39320806
2019-02-26,2019-02-27 09:00:00,0.5167970061302185,0.12739551
2019-02-26,2019-02-27 09:15:00,0.3410159945487976,0.07014216
2019-02-26,2019-02-27 09:30:00,0.19687500596046448,0.038042117
2019-02-26,2019-02-27 09:45:00,0.021093999966979027,0.014559863
2019-02-26,2019-02-27 10:00:00,0.0,0.016821802
2019-02-26,2019-02-27 10:15:00,0.0,0.062193144
2019-02-26,2019-02-27 10:30:00,0.0,0.0
2019-02-26,2019-02-27 10:45:00,0.0,0.0
2019-02-26,2019-02-27 11:00:00,0.0,0.0
2019-02-26,2019-02-27 11:15:00,0.0,0.0
2019-02-26,2019-02-27 11:30:00,0.0,0.0
2019-02-26,2019-02-27 11:45:00,0.0,0.0
2019-02-26,2019-02-27 12:00:00,0.0,0.0
2019-02-26,2019-02-27 12:15:00,0.0,0.09294728
2019-02-26,2019-02-27 12:30:00,0.0,0.026620133
2019-02-26,2019-02-27 12:45:00,0.0,0.05870237
2019-02-26,2019-02-27 13:00:00,0.0,0.04713041
2019-02-26,2019-02-27 13:15:00,0.0,0.08643481
2019-02-26,2019-02-27 13:30:00,0.0,0.24627133
2019-02-26,2019-02-27 13:45:00,0.0,0.18490206
2019-02-26,2019-02-27 14:00:00,0.0,0.08855582
2019-02-26,2019-02-27 14:15:00,0.0,0.108966075
2019-02-26,2019-02-27 14:30:00,0.0,0.16320337
2019-02-26,2019-02-27 14:45:00,0.0,0.14809671
2019-02-26,2019-02-27 15:00:00,0.0,0.0
2019-02-26,2019-02-27 15:15:00,0.0,0.14669678
2019-02-26,2019-02-27 15:30:00,0.0,0.051387336
2019-02-26,2019-02-27 15:45:00,0.0,0.036166687
2019-02-26,2019-02-27 16:00:00,0.0,0.13766827
2019-02-26,2019-02-27 16:15:00,0.0,0.100728
2019-02-26,2019-02-27 16:30:00,0.0,0.13181745
2019-02-26,2019-02-27 16:45:00,0.0,0.048974387
2019-02-26,2019-02-27 17:00:00,0.0,0.01778186
2019-02-26,2019-02-27 17:15:00,0.0,0.06473573
2019-02-26,2019-02-27 17:30:00,0.0,0.0
2019-02-26,2019-02-27 17:45:00,0.0,0.0
2019-02-26,2019-02-27 18:00:00,0.0,0.017031625
2019-02-26,2019-02-27 18:15:00,0.0,0.0
2019-02-26,2019-02-27 18:30:00,0.0,0.09139416
2019-02-26,2019-02-27 18:45:00,0.0,0.13482103
2019-02-26,2019-02-27 19:00:00,0.0,0.0
2019-02-26,2019-02-27 19:15:00,0.0,0.0
2019-02-26,2019-02-27 19:30:00,0.0,0.027669007
2019-02-26,2019-02-27 19:45:00,0.0,0.0
2019-02-26,2019-02-27 20:00:00,0.0,0.0
2019-02-26,2019-02-27 20:15:00,0.0,0.0
2019-02-26,2019-02-27 20:30:00,0.0,0.0
2019-02-26,2019-02-27 20:45:00,0.0,0.0
2019-02-26,2019-02-27 21:00:00,0.0,0.0
2019-02-26,2019-02-27 21:15:00,0.0,0.0
2019-02-26,2019-02-27 21:30:00,0.0,0.0
2019-02-26,2019-02-27 21:45:00,0.0,0.0
2019-02-26,2019-02-27 22:00:00,0.0,0.0
2019-02-26,2019-02-27 22:15:00,0.0,0.0
2019-02-26,2019-02-27 22:30:00,0.0,0.0
2019-02-26,2019-02-27 22:45:00,0.0,0.0
2019-02-26,2019-02-27 23:00:00,0.0,0.0
2019-02-26,2019-02-27 23:15:00,0.03867200016975403,0.0
2019-02-26,2019-02-27 23:30:00,0.08437500149011612,0.076256946
2019-02-26,2019-02-27 23:45:00,0.24257799983024597,0.31778762
2019-02-27,2019-02-28 00:00:00,0.3480469882488251,0.37712398
2019-02-27,2019-02-28 00:15:00,0.49921900033950806,0.46672586
2019-02-27,2019-02-28 00:30:00,0.6433590054512024,0.6981892
2019-02-27,2019-02-28 00:45:00,0.8050780296325684,0.90562165
2019-02-27,2019-02-28 01:00:00,0.9914060235023499,1.0812385
2019-02-27,2019-02-28 01:15:00,1.132030963897705,1.2023363
2019-02-27,2019-02-28 01:30:00,1.3359379768371582,1.5005388
2019-02-27,2019-02-28 01:45:00,1.4800779819488525,1.6682452
2019-02-27,2019-02-28 02:00:00,1.5328119993209839,1.7670695
2019-02-27,2019-02-28 02:15:00,1.6347659826278687,1.9820379
2019-02-27,2019-02-28 02:30:00,1.8105469942092896,2.1310446
2019-02-27,2019-02-28 02:45:00,1.6839840412139893,2.1744378
2019-02-27,2019-02-28 03:00:00,1.638280987739563,2.3368635
2019-02-27,2019-02-28 03:15:00,1.6839840412139893,2.4669678
2019-02-27,2019-02-28 03:30:00,1.9476560354232788,2.5331943
2019-02-27,2019-02-28 03:45:00,1.9652340412139893,2.5119286
2019-02-27,2019-02-28 04:00:00,2.133984088897705,2.6599567
2019-02-27,2019-02-28 04:15:00,1.8597660064697266,2.6518815
2019-02-27,2019-02-28 04:30:00,1.3851560354232788,2.6896834
2019-02-27,2019-02-28 04:45:00,1.2761720418930054,2.503513
2019-02-27,2019-02-28 05:00:00,1.3816410303115845,2.3464658
2019-02-27,2019-02-28 05:15:00,1.9863280057907104,2.4385378
2019-02-27,2019-02-28 05:30:00,2.1867189407348633,2.2613726
2019-02-27,2019-02-28 05:45:00,2.102344036102295,2.1800013
2019-02-27,2019-02-28 06:00:00,2.003906011581421,2.1800668
2019-02-27,2019-02-28 06:15:00,1.828125,2.008875
2019-02-27,2019-02-28 06:30:00,1.6875,1.9964967
2019-02-27,2019-02-28 06:45:00,1.6488280296325684,1.6563481
2019-02-27,2019-02-28 07:00:00,1.553905963897705,1.5660506
2019-02-27,2019-02-28 07:15:00,1.455469012260437,1.4285573
2019-02-27,2019-02-28 07:30:00,1.3921869993209839,1.3010192
2019-02-27,2019-02-28 07:45:00,1.1707030534744263,1.2113247
2019-02-27,2019-02-28 08:00:00,1.075780987739563,1.0488423
2019-02-27,2019-02-28 08:15:00,0.8894529938697815,0.96398807
2019-02-27,2019-02-28 08:30:00,0.7101560235023499,0.75325614
2019-02-27,2019-02-28 08:45:00,0.541405975818634,0.7304543
2019-02-27,2019-02-28 09:00:00,0.41484400629997253,0.5335672
2019-02-27,2019-02-28 09:15:00,0.2460940033197403,0.30335942
2019-02-27,2019-02-28 09:30:00,0.140625,0.26100296
2019-02-27,2019-02-28 09:45:00,0.05624999850988388,0.24057043
2019-02-27,2019-02-28 10:00:00,0.0,0.10612047
2019-02-27,2019-02-28 10:15:00,0.0,0.13800137
2019-02-27,2019-02-28 10:30:00,0.0,0.0
2019-02-27,2019-02-28 10:45:00,0.0,0.0
2019-02-27,2019-02-28 11:00:00,0.0,0.0
2019-02-27,2019-02-28 11:15:00,0.0,0.0
2019-02-27,2019-02-28 11:30:00,0.0,0.0
2019-02-27,2019-02-28 11:45:00,0.0,0.0
2019-02-27,2019-02-28 12:00:00,0.0,0.0
2019-02-27,2019-02-28 12:15:00,0.0,0.0
2019-02-27,2019-02-28 12:30:00,0.0,0.0
2019-02-27,2019-02-28 12:45:00,0.0,0.0
2019-02-27,2019-02-28 13:00:00,0.0,0.0
2019-02-27,2019-02-28 13:15:00,0.0,0.0
2019-02-27,2019-02-28 13:30:00,0.0,0.12111721
2019-02-27,2019-02-28 13:45:00,0.0,0.12755327
2019-02-27,2019-02-28 14:00:00,0.0,0.0
2019-02-27,2019-02-28 14:15:00,0.0,0.0076642307
2019-02-27,2019-02-28 14:30:00,0.0,0.14233091
2019-02-27,2019-02-28 14:45:00,0.0,0.08281164
2019-02-27,2019-02-28 15:00:00,0.0,0.0
2019-02-27,2019-02-28 15:15:00,0.0,0.12466805
2019-02-27,2019-02-28 15:30:00,0.0,0.053868223
2019-02-27,2019-02-28 15:45:00,0.0,0.017459368
2019-02-27,2019-02-28 16:00:00,0.0,0.07430708
2019-02-27,2019-02-28 16:15:00,0.0,0.083755
2019-02-27,2019-02-28 16:30:00,0.0,0.120986804
2019-02-27,2019-02-28 16:45:00,0.0,0.021543413
2019-02-27,2019-02-28 17:00:00,0.0,0.064554684
2019-02-27,2019-02-28 17:15:00,0.0,0.123923324
2019-02-27,2019-02-28 17:30:00,0.0,0.07777263
2019-02-27,2019-02-28 17:45:00,0.0,0.025001382
2019-02-27,2019-02-28 18:00:00,0.0,0.08445903
2019-02-27,2019-02-28 18:15:00,0.0,0.00701684
2019-02-27,2019-02-28 18:30:00,0.0,0.14330576
2019-02-27,2019-02-28 18:45:00,0.0,0.11512454
2019-02-27,2019-02-28 19:00:00,0.0,0.0
2019-02-27,2019-02-28 19:15:00,0.0,0.03654932
2019-02-27,2019-02-28 19:30:00,0.0,0.053030204
2019-02-27,2019-02-28 19:45:00,0.0,0.0
2019-02-27,2019-02-28 20:00:00,0.0,0.0
2019-02-27,2019-02-28 20:15:00,0.0,0.0
2019-02-27,2019-02-28 20:30:00,0.0,0.0
2019-02-27,2019-02-28 20:45:00,0.0,0.0
2019-02-27,2019-02-28 21:00:00,0.0,0.0
2019-02-27,2019-02-28 21:15:00,0.0,0.0
2019-02-27,2019-02-28 21:30:00,0.0,0.0
2019-02-27,2019-02-28 21:45:00,0.0,0.0
2019-02-27,2019-02-28 22:00:00,0.0,0.0
2019-02-27,2019-02-28 22:15:00,0.0,0.0
2019-02-27,2019-02-28 22:30:00,0.0,0.0
2019-02-27,2019-02-28 22:45:00,0.0,0.0
2019-02-27,2019-02-28 23:00:00,0.0,0.0
2019-02-27,2019-02-28 23:15:00,0.04570300132036209,0.0033573792
2019-02-27,2019-02-28 23:30:00,0.11953099817037582,0.11270257
2019-02-27,2019-02-28 23:45:00,0.2460940033197403,0.382685
2019-05-24,2019-05-25 00:00:00,1.8949220180511475,2.0114515
2019-05-24,2019-05-25 00:15:00,2.133984088897705,2.226065
2019-05-24,2019-05-25 00:30:00,2.3765621185302734,2.409874
2019-05-24,2019-05-25 00:45:00,2.6050779819488525,2.591531
2019-05-24,2019-05-25 01:00:00,2.8687500953674316,2.9200299
2019-05-24,2019-05-25 01:15:00,3.0796871185302734,2.988705
2019-05-24,2019-05-25 01:30:00,3.244921922683716,3.1751688
2019-05-24,2019-05-25 01:45:00,3.417186975479126,3.2228935
2019-05-24,2019-05-25 02:00:00,3.5542969703674316,3.4564734
2019-05-24,2019-05-25 02:15:00,3.684375047683716,3.618355
2019-05-24,2019-05-25 02:30:00,3.7722649574279785,3.683094
2019-05-24,2019-05-25 02:45:00,3.81093692779541,3.7092347
2019-05-24,2019-05-25 03:00:00,3.8460938930511475,3.7863138
2019-05-24,2019-05-25 03:15:00,3.779297113418579,3.8223891
2019-05-24,2019-05-25 03:30:00,3.726562023162842,3.8533309
2019-05-24,2019-05-25 03:45:00,3.645703077316284,3.8039236
2019-05-24,2019-05-25 04:00:00,3.645703077316284,3.8394942
2019-05-24,2019-05-25 04:15:00,3.6175780296325684,3.942424
2019-05-24,2019-05-25 04:30:00,3.6140620708465576,3.9578056
2019-05-24,2019-05-25 04:45:00,3.666796922683716,3.6532197
2019-05-24,2019-05-25 05:00:00,3.522655963897705,3.6551452
2019-05-24,2019-05-25 05:15:00,3.698436975479126,3.700412
2019-05-24,2019-05-25 05:30:00,3.568358898162842,3.6223233
2019-05-24,2019-05-25 05:45:00,3.649219036102295,3.3834732
2019-05-24,2019-05-25 06:00:00,3.6140620708465576,3.322672
2019-05-24,2019-05-25 06:15:00,3.4769530296325684,3.2135172
2019-05-24,2019-05-25 06:30:00,3.540234088897705,2.9386997
2019-05-24,2019-05-25 06:45:00,3.4066410064697266,2.887335
2019-05-24,2019-05-25 07:00:00,3.339843988418579,2.5971818
2019-05-24,2019-05-25 07:15:00,3.1921870708465576,2.4651628
2019-05-24,2019-05-25 07:30:00,3.0093750953674316,2.254246
2019-05-24,2019-05-25 07:45:00,2.7914059162139893,2.06768
2019-05-24,2019-05-25 08:00:00,2.489063024520874,1.9864563
2019-05-24,2019-05-25 08:15:00,2.548827886581421,1.7947084
2019-05-24,2019-05-25 08:30:00,2.1937499046325684,1.5322902
2019-05-24,2019-05-25 08:45:00,1.5679689645767212,1.32483
2019-05-24,2019-05-25 09:00:00,1.4589840173721313,1.0669202
2019-05-24,2019-05-25 09:15:00,0.6468750238418579,0.736167
2019-05-24,2019-05-25 09:30:00,1.399219036102295,0.58798295
2019-05-24,2019-05-25 09:45:00,0.8964840173721313,0.44614482
2019-05-24,2019-05-25 10:00:00,0.611719012260437,0.41540423
2019-05-24,2019-05-25 10:15:00,0.5554689764976501,0.32721868
2019-05-24,2019-05-25 10:30:00,0.14414100348949432,0.19855417
2019-05-24,2019-05-25 10:45:00,0.16875000298023224,0.0042354665
2019-05-24,2019-05-25 11:00:00,0.08789099752902985,0.0
2019-05-24,2019-05-25 11:15:00,0.0,0.0
2019-05-24,2019-05-25 11:30:00,0.0,0.0
2019-05-24,2019-05-25 11:45:00,0.0,0.0
2019-05-24,2019-05-25 12:00:00,0.0,0.0
2019-05-24,2019-05-25 12:15:00,0.0,0.0
2019-05-24,2019-05-25 12:30:00,0.0,0.0
2019-05-24,2019-05-25 12:45:00,0.0,0.0
2019-05-24,2019-05-25 13:00:00,0.0,0.0
2019-05-24,2019-05-25 13:15:00,0.0,0.0
2019-05-24,2019-05-25 13:30:00,0.0,0.0
2019-05-24,2019-05-25 13:45:00,0.0,0.0
2019-05-24,2019-05-25 14:00:00,0.0,0.0
2019-05-24,2019-05-25 14:15:00,0.0,0.0
2019-05-24,2019-05-25 14:30:00,0.0,0.0
2019-05-24,2019-05-25 14:45:00,0.0,0.0
2019-05-24,2019-05-25 15:00:00,0.0,0.0
2019-05-24,2019-05-25 15:15:00,0.0,0.0
2019-05-24,2019-05-25 15:30:00,0.0,0.0
2019-05-24,2019-05-25 15:45:00,0.0,0.0
2019-05-24,2019-05-25 16:00:00,0.0,0.0
2019-05-24,2019-05-25 16:15:00,0.0,0.027332041
2019-05-24,2019-05-25 16:30:00,0.0,0.0047553545
2019-05-24,2019-05-25 16:45:00,0.0,0.0
2019-05-24,2019-05-25 17:00:00,0.0,0.0
2019-05-24,2019-05-25 17:15:00,0.0,0.12084846
2019-05-24,2019-05-25 17:30:00,0.0,0.044934105
2019-05-24,2019-05-25 17:45:00,0.0,0.030942153
2019-05-24,2019-05-25 18:00:00,0.0,0.0
2019-05-24,2019-05-25 18:15:00,0.0,0.03915353
2019-05-24,2019-05-25 18:30:00,0.0,0.0
2019-05-24,2019-05-25 18:45:00,0.0,0.028775178
2019-05-24,2019-05-25 19:00:00,0.0,0.028855102
2019-05-24,2019-05-25 19:15:00,0.0,0.0
2019-05-24,2019-05-25 19:30:00,0.0,0.0
2019-05-24,2019-05-25 19:45:00,0.0,0.0
2019-05-24,2019-05-25 20:00:00,0.0,0.0
2019-05-24,2019-05-25 20:15:00,0.0,0.0
2019-05-24,2019-05-25 20:30:00,0.0,0.0
2019-05-24,2019-05-25 20:45:00,0.0,0.0
2019-05-24,2019-05-25 21:00:00,0.0,0.0
2019-05-24,2019-05-25 21:15:00,0.0,0.0
2019-05-24,2019-05-25 21:30:00,0.05624999850988388,0.0
2019-05-24,2019-05-25 21:45:00,0.1300780028104782,0.0
2019-05-24,2019-05-25 22:00:00,0.24960899353027344,0.08102763
2019-05-24,2019-05-25 22:15:00,0.3550780117511749,0.20821792
2019-05-24,2019-05-25 22:30:00,0.541405975818634,0.44519064
2019-05-24,2019-05-25 22:45:00,0.7734379768371582,0.42753175
2019-05-24,2019-05-25 23:00:00,0.9527339935302734,0.7941557
2019-05-24,2019-05-25 23:15:00,1.033594012260437,0.9544056
2019-05-24,2019-05-25 23:30:00,1.209375023841858,1.2222157
2019-05-24,2019-05-25 23:45:00,1.4730470180511475,1.5549451
2019-05-25,2019-05-26 00:00:00,1.6734369993209839,1.6386479
2019-05-25,2019-05-26 00:15:00,1.9582029581069946,1.9150174
2019-05-25,2019-05-26 00:30:00,1.5996090173721313,2.1609752
2019-05-25,2019-05-26 00:45:00,2.0882809162139893,2.3993242
2019-05-25,2019-05-26 01:00:00,2.6121089458465576,2.6964154
2019-05-25,2019-05-26 01:15:00,2.784374952316284,2.7260766
2019-05-25,2019-05-26 01:30:00,2.661328077316284,3.0147035
2019-05-25,2019-05-26 01:45:00,3.0128910541534424,3.0963476
2019-05-25,2019-05-26 02:00:00,3.487499952316284,3.2626123
2019-05-25,2019-05-26 02:15:00,1.9546869993209839,3.4946358
2019-05-25,2019-05-26 02:30:00,3.2554690837860107,3.4900827
2019-05-25,2019-05-26 02:45:00,3.5613279342651367,3.599566
2019-05-25,2019-05-26 03:00:00,1.9652340412139893,3.607552
2019-05-25,2019-05-26 03:15:00,2.337891101837158,3.8147151
2019-05-25,2019-05-26 03:30:00,2.5101559162139893,3.7879288
2019-05-25,2019-05-26 03:45:00,2.12343692779541,3.796758
2019-05-25,2019-05-26 04:00:00,3.2941410541534424,3.8813827
2019-05-25,2019-05-26 04:15:00,3.2660160064697266,3.88808
2019-05-25,2019-05-26 04:30:00,2.373047113418579,3.8374379
2019-05-25,2019-05-26 04:45:00,3.779297113418579,3.577062
2019-05-25,2019-05-26 05:00:00,3.4910149574279785,3.4891222
2019-05-25,2019-05-26 05:15:00,3.287108898162842,3.633861
2019-05-25,2019-05-26 05:30:00,2.696484088897705,3.523501
2019-05-25,2019-05-26 05:45:00,1.3957029581069946,3.3492641
2019-05-25,2019-05-26 06:00:00,2.647265911102295,3.3746815
2019-05-25,2019-05-26 06:15:00,1.7613279819488525,3.1289062
2019-05-25,2019-05-26 06:30:00,2.96718692779541,2.8860817
2019-05-25,2019-05-26 06:45:00,2.8968749046325684,2.7596498
2019-05-25,2019-05-26 07:00:00,2.6578121185302734,2.55016
2019-05-25,2019-05-26 07:15:00,2.661328077316284,2.4607368
2019-05-25,2019-05-26 07:30:00,2.489063024520874,2.240818
2019-05-25,2019-05-26 07:45:00,0.48515599966049194,1.9972467
2019-05-25,2019-05-26 08:00:00,0.5273439884185791,1.8067297
2019-05-25,2019-05-26 08:15:00,0.7804690003395081,1.6610228
2019-05-25,2019-05-26 08:30:00,0.24960899353027344,1.4716264
2019-05-25,2019-05-26 08:45:00,1.2023439407348633,1.21325
2019-05-25,2019-05-26 09:00:00,1.2761720418930054,1.0444638
2019-05-25,2019-05-26 09:15:00,1.2339839935302734,0.6812704
2019-05-25,2019-05-26 09:30:00,0.9175779819488525,0.5513649
2019-05-25,2019-05-26 09:45:00,0.46054700016975403,0.48862684
2019-05-25,2019-05-26 10:00:00,0.42890599370002747,0.34001824
2019-05-25,2019-05-26 10:15:00,0.5519530177116394,0.25838932
2019-05-25,2019-05-26 10:30:00,0.052733998745679855,0.20636457
2019-05-25,2019-05-26 10:45:00,0.0,0.011398195
2019-05-25,2019-05-26 11:00:00,0.0,0.012219772
2019-05-25,2019-05-26 11:15:00,0.0,0.0
2019-05-25,2019-05-26 11:30:00,0.0,0.0
2019-05-25,2019-05-26 11:45:00,0.0,0.0
2019-05-25,2019-05-26 12:00:00,0.0,0.0
2019-05-25,2019-05-26 12:15:00,0.0,0.0
2019-05-25,2019-05-26 12:30:00,0.0,0.0
2019-05-25,2019-05-26 12:45:00,0.0,0.0
2019-05-25,2019-05-26 13:00:00,0.0,0.0
2019-05-25,2019-05-26 13:15:00,0.0,0.0
2019-05-25,2019-05-26 13:30:00,0.0,0.0029658172
2019-05-25,2019-05-26 13:45:00,0.0,0.0
2019-05-25,2019-05-26 14:00:00,0.0,0.0
2019-05-25,2019-05-26 14:15:00,0.0,0.0
2019-05-25,2019-05-26 14:30:00,0.0,0.0
2019-05-25,2019-05-26 14:45:00,0.0,0.0004444922
2019-05-25,2019-05-26 15:00:00,0.0,0.0
2019-05-25,2019-05-26 15:15:00,0.0,0.033362776
2019-05-25,2019-05-26 15:30:00,0.0,0.05075807
2019-05-25,2019-05-26 15:45:00,0.0,0.05044169
2019-05-25,2019-05-26 16:00:00,0.0,0.041857813
2019-05-25,2019-05-26 16:15:00,0.0,0.09248223
2019-05-25,2019-05-26 16:30:00,0.0,0.017300209
2019-05-25,2019-05-26 16:45:00,0.0,0.029753806
2019-05-25,2019-05-26 17:00:00,0.0,0.014027713
2019-05-25,2019-05-26 17:15:00,0.0,0.16936605
2019-05-25,2019-05-26 17:30:00,0.0,0.03369405
2019-05-25,2019-05-26 17:45:00,0.0,0.075971276
2019-05-25,2019-05-26 18:00:00,0.0,0.04560964
2019-05-25,2019-05-26 18:15:00,0.0,0.08001911
2019-05-25,2019-05-26 18:30:00,0.0,0.06428731
2019-05-25,2019-05-26 18:45:00,0.0,0.04451697
2019-05-25,2019-05-26 19:00:00,0.0,0.0
2019-05-25,2019-05-26 19:15:00,0.0,0.0
2019-05-25,2019-05-26 19:30:00,0.0,0.014258872
2019-05-25,2019-05-26 19:45:00,0.0,0.05095627
2019-05-25,2019-05-26 20:00:00,0.0,0.0
2019-05-25,2019-05-26 20:15:00,0.0,0.0
2019-05-25,2019-05-26 20:30:00,0.0,0.0
2019-05-25,2019-05-26 20:45:00,0.0,0.0
2019-05-25,2019-05-26 21:00:00,0.0,0.0
2019-05-25,2019-05-26 21:15:00,0.014062000438570976,0.0
2019-05-25,2019-05-26 21:30:00,0.021093999966979027,0.04234995
2019-05-25,2019-05-26 21:45:00,0.1757809966802597,0.0
2019-05-25,2019-05-26 22:00:00,0.291797012090683,0.0
2019-05-25,2019-05-26 22:15:00,0.4675779938697815,0.24483925
2019-05-25,2019-05-26 22:30:00,0.5695310235023499,0.3134352
2019-05-25,2019-05-26 22:45:00,1.0300780534744263,0.4104311
2019-05-25,2019-05-26 23:00:00,1.3957029581069946,0.67485183
2019-05-25,2019-05-26 23:15:00,1.4273439645767212,0.8681125
2019-05-25,2019-05-26 23:30:00,1.8562500476837158,1.0348927
2019-05-25,2019-05-26 23:45:00,2.1585938930511475,1.3323377
2019-05-26,2019-05-27 00:00:00,1.8878910541534424,2.210601
2019-05-26,2019-05-27 00:15:00,1.863281011581421,2.4546838
2019-05-26,2019-05-27 00:30:00,2.700000047683716,2.7014024
2019-05-26,2019-05-27 00:45:00,2.9390621185302734,2.8548496
2019-05-26,2019-05-27 01:00:00,3.550781011581421,3.0578384
2019-05-26,2019-05-27 01:15:00,3.8425779342651367,3.219069
2019-05-26,2019-05-27 01:30:00,3.8425779342651367,3.3684475
2019-05-26,2019-05-27 01:45:00,4.23281192779541,3.382263
2019-05-26,2019-05-27 02:00:00,4.545702934265137,3.531548
2019-05-26,2019-05-27 02:15:00,4.682812213897705,3.6649356
2019-05-26,2019-05-27 02:30:00,4.633594036102295,3.7189462
2019-05-26,2019-05-27 02:45:00,4.7390618324279785,3.6220424
2019-05-26,2019-05-27 03:00:00,4.900781154632568,3.7580557
2019-05-26,2019-05-27 03:15:00,4.964062213897705,3.8030703
2019-05-26,2019-05-27 03:30:00,4.92539119720459,3.6954548
2019-05-26,2019-05-27 03:45:00,4.865624904632568,3.730331
2019-05-26,2019-05-27 04:00:00,4.798828125,3.6166203
2019-05-26,2019-05-27 04:15:00,4.6160149574279785,3.5308177
2019-05-26,2019-05-27 04:30:00,4.50351619720459,3.5881982
2019-05-26,2019-05-27 04:45:00,4.387499809265137,3.3440106
2019-05-26,2019-05-27 05:00:00,4.278514862060547,3.253466
2019-05-26,2019-05-27 05:15:00,4.36289119720459,3.2830987
2019-05-26,2019-05-27 05:30:00,4.187108993530273,3.089333
2019-05-26,2019-05-27 05:45:00,4.169530868530273,2.788503
2019-05-26,2019-05-27 06:00:00,3.9410150051116943,2.7233987
2019-05-26,2019-05-27 06:15:00,3.6421871185302734,2.556203
2019-05-26,2019-05-27 06:30:00,3.4769530296325684,2.381098
2019-05-26,2019-05-27 06:45:00,2.7281250953674316,2.2285833
2019-05-26,2019-05-27 07:00:00,1.2199219465255737,2.0079265
2019-05-26,2019-05-27 07:15:00,3.8882811069488525,1.8462979
2019-05-26,2019-05-27 07:30:00,3.5929689407348633,1.6350989
2019-05-26,2019-05-27 07:45:00,3.4699220657348633,1.4896356
2019-05-26,2019-05-27 08:00:00,2.5101559162139893,1.2809982
2019-05-26,2019-05-27 08:15:00,2.0179688930511475,1.0706973
2019-05-26,2019-05-27 08:30:00,2.1691410541534424,0.9555411
2019-05-26,2019-05-27 08:45:00,2.2113280296325684,0.8515888
2019-05-26,2019-05-27 09:00:00,0.935155987739563,0.56666374
2019-05-26,2019-05-27 09:15:00,1.40625,0.3731897
2019-05-26,2019-05-27 09:30:00,1.0863280296325684,0.26705468
2019-05-26,2019-05-27 09:45:00,0.9527339935302734,0.15567599
2019-05-26,2019-05-27 10:00:00,0.6433590054512024,0.23698139
2019-05-26,2019-05-27 10:15:00,0.5871090292930603,0.16651058
2019-05-26,2019-05-27 10:30:00,0.48515599966049194,0.07855457
2019-05-26,2019-05-27 10:45:00,0.40781301259994507,0.0
2019-05-26,2019-05-27 11:00:00,0.2003909945487976,0.0
2019-05-26,2019-05-27 11:15:00,0.007031000219285488,0.0
2019-05-26,2019-05-27 11:30:00,0.0,0.0
2019-05-26,2019-05-27 11:45:00,0.0,0.0
2019-05-26,2019-05-27 12:00:00,0.0,0.04517506
2019-05-26,2019-05-27 12:15:00,0.0,0.0
2019-05-26,2019-05-27 12:30:00,0.0,0.0
2019-05-26,2019-05-27 12:45:00,0.0,0.0
2019-05-26,2019-05-27 13:00:00,0.0,0.0
2019-05-26,2019-05-27 13:15:00,0.0,0.0
2019-05-26,2019-05-27 13:30:00,0.0,0.0
2019-05-26,2019-05-27 13:45:00,0.0,0.0
2019-05-26,2019-05-27 14:00:00,0.0,0.0
2019-05-26,2019-05-27 14:15:00,0.0,0.0
2019-05-26,2019-05-27 14:30:00,0.0,0.0
2019-05-26,2019-05-27 14:45:00,0.0,0.0
2019-05-26,2019-05-27 15:00:00,0.0,0.0
2019-05-26,2019-05-27 15:15:00,0.0,0.0
2019-05-26,2019-05-27 15:30:00,0.0,0.0
2019-05-26,2019-05-27 15:45:00,0.0,0.0
2019-05-26,2019-05-27 16:00:00,0.0,0.0
2019-05-26,2019-05-27 16:15:00,0.0,0.020165127
2019-05-26,2019-05-27 16:30:00,0.0,0.0
2019-05-26,2019-05-27 16:45:00,0.0,0.0
2019-05-26,2019-05-27 17:00:00,0.0,0.0
2019-05-26,2019-05-27 17:15:00,0.0,0.0
2019-05-26,2019-05-27 17:30:00,0.0,0.0
2019-05-26,2019-05-27 17:45:00,0.0,0.0
2019-05-26,2019-05-27 18:00:00,0.0,0.0
2019-05-26,2019-05-27 18:15:00,0.0,0.0
2019-05-26,2019-05-27 18:30:00,0.0,0.0
2019-05-26,2019-05-27 18:45:00,0.0,0.006697342
2019-05-26,2019-05-27 19:00:00,0.0,0.0
2019-05-26,2019-05-27 19:15:00,0.0,0.0
2019-05-26,2019-05-27 19:30:00,0.0,0.0
2019-05-26,2019-05-27 19:45:00,0.0,0.0
2019-05-26,2019-05-27 20:00:00,0.0,0.0
2019-05-26,2019-05-27 20:15:00,0.0,0.0
2019-05-26,2019-05-27 20:30:00,0.0,0.0
2019-05-26,2019-05-27 20:45:00,0.0,0.0
2019-05-26,2019-05-27 21:00:00,0.0,0.0
2019-05-26,2019-05-27 21:15:00,0.042187999933958054,0.0
2019-05-26,2019-05-27 21:30:00,0.1757809966802597,0.0
2019-05-26,2019-05-27 21:45:00,0.22499999403953552,0.0
2019-05-26,2019-05-27 22:00:00,0.330469012260437,0.13133255
2019-05-26,2019-05-27 22:15:00,0.4781250059604645,0.28622732
2019-05-26,2019-05-27 22:30:00,0.703125,0.49909854
2019-05-26,2019-05-27 22:45:00,0.935155987739563,0.5971662
2019-05-26,2019-05-27 23:00:00,1.2269530296325684,0.89505374
2019-05-26,2019-05-27 23:15:00,1.539844036102295,1.1189109
2019-05-26,2019-05-27 23:30:00,1.8562500476837158,1.3371499
2019-05-26,2019-05-27 23:45:00,2.12343692779541,1.6268289
2019-05-27,2019-05-28 00:00:00,2.4117190837860107,2.398146
2019-05-27,2019-05-28 00:15:00,2.682421922683716,2.7771134
2019-05-27,2019-05-28 00:30:00,2.9214839935302734,2.9423456
2019-05-27,2019-05-28 00:45:00,3.164062023162842,3.199583
2019-05-27,2019-05-28 01:00:00,3.3714840412139893,3.468791
2019-05-27,2019-05-28 01:15:00,3.5789060592651367,3.5608203
2019-05-27,2019-05-28 01:30:00,3.7195310592651367,3.8137538
2019-05-27,2019-05-28 01:45:00,3.8953120708465576,3.86033
2019-05-27,2019-05-28 02:00:00,4.004296779632568,4.02826
2019-05-27,2019-05-28 02:15:00,3.9375,4.3370194
2019-05-27,2019-05-28 02:30:00,4.018359184265137,4.378112
2019-05-27,2019-05-28 02:45:00,4.095703125,4.4106207
2019-05-27,2019-05-28 03:00:00,4.130858898162842,4.5325623
2019-05-27,2019-05-28 03:15:00,4.229297161102295,4.730126
2019-05-27,2019-05-28 03:30:00,4.257421970367432,4.708201
2019-05-27,2019-05-28 03:45:00,4.267969131469727,4.7165294
2019-05-27,2019-05-28 04:00:00,4.21523380279541,4.850737
2019-05-27,2019-05-28 04:15:00,4.225780963897705,4.7991076
2019-05-27,2019-05-28 04:30:00,4.123827934265137,4.7404795
2019-05-27,2019-05-28 04:45:00,4.106249809265137,4.5373564
2019-05-27,2019-05-28 05:00:00,4.162499904632568,4.600776
2019-05-27,2019-05-28 05:15:00,4.141406059265137,4.589363
2019-05-27,2019-05-28 05:30:00,4.123827934265137,4.4832215
2019-05-27,2019-05-28 05:45:00,4.088672161102295,4.280928
2019-05-27,2019-05-28 06:00:00,4.011328220367432,4.2911572
2019-05-27,2019-05-28 06:15:00,3.9691410064697266,4.0851026
2019-05-27,2019-05-28 06:30:00,3.979686975479126,3.7462287
2019-05-27,2019-05-28 06:45:00,3.8460938930511475,3.6876888
2019-05-27,2019-05-28 07:00:00,3.761718988418579,3.3741062
2019-05-27,2019-05-28 07:15:00,3.6140620708465576,3.3048065
2019-05-27,2019-05-28 07:30:00,3.4242188930511475,2.9834547
2019-05-27,2019-05-28 07:45:00,3.216797113418579,2.769793
2019-05-27,2019-05-28 08:00:00,3.0269529819488525,2.4603355
2019-05-27,2019-05-28 08:15:00,2.7703120708465576,2.2668288
2019-05-27,2019-05-28 08:30:00,2.53125,1.9785787
2019-05-27,2019-05-28 08:45:00,2.267577886581421,1.691048
2019-05-27,2019-05-28 09:00:00,1.96875,1.4750221
2019-05-27,2019-05-28 09:15:00,1.6734369993209839,1.1096817
2019-05-27,2019-05-28 09:30:00,1.3675780296325684,0.9108772
2019-05-27,2019-05-28 09:45:00,1.068750023841858,0.8428027
2019-05-27,2019-05-28 10:00:00,0.8015620112419128,0.6206039
2019-05-27,2019-05-28 10:15:00,0.5484369993209839,0.49806774
2019-05-27,2019-05-28 10:30:00,0.26718801259994507,0.41771683
2019-05-27,2019-05-28 10:45:00,0.15820300579071045,0.27917784
2019-05-27,2019-05-28 11:00:00,0.10195299983024597,0.13500072
2019-05-27,2019-05-28 11:15:00,0.014062000438570976,0.10818395
2019-05-27,2019-05-28 11:30:00,0.0,0.0
2019-05-27,2019-05-28 11:45:00,0.0,0.0
2019-05-27,2019-05-28 12:00:00,0.0,0.0
2019-05-27,2019-05-28 12:15:00,0.0,0.0
2019-05-27,2019-05-28 12:30:00,0.0,0.0
2019-05-27,2019-05-28 12:45:00,0.0,0.0
2019-05-27,2019-05-28 13:00:00,0.0,0.0
2019-05-27,2019-05-28 13:15:00,0.0,0.0
2019-05-27,2019-05-28 13:30:00,0.0,0.0
2019-05-27,2019-05-28 13:45:00,0.0,0.040620424
2019-05-27,2019-05-28 14:00:00,0.0,0.0
2019-05-27,2019-05-28 14:15:00,0.0,0.043585327
2019-05-27,2019-05-28 14:30:00,0.0,0.0
2019-05-27,2019-05-28 14:45:00,0.0,0.028815493
2019-05-27,2019-05-28 15:00:00,0.0,0.0014586957
2019-05-27,2019-05-28 15:15:00,0.0,0.10361267
2019-05-27,2019-05-28 15:30:00,0.0,0.1450371
2019-05-27,2019-05-28 15:45:00,0.0,0.08621173
2019-05-27,2019-05-28 16:00:00,0.0,0.07248636
2019-05-27,2019-05-28 16:15:00,0.0,0.16965668
2019-05-27,2019-05-28 16:30:00,0.0,0.10428575
2019-05-27,2019-05-28 16:45:00,0.0,0.06728589
2019-05-27,2019-05-28 17:00:00,0.0,0.09888617
2019-05-27,2019-05-28 17:15:00,0.0,0.23399977
2019-05-27,2019-05-28 17:30:00,0.0,0.0
2019-05-27,2019-05-28 17:45:00,0.0,0.19038859
2019-05-27,2019-05-28 18:00:00,0.0,0.10318392
2019-05-27,2019-05-28 18:15:00,0.0,0.12071451
2019-05-27,2019-05-28 18:30:00,0.0,0.036209524
2019-05-27,2019-05-28 18:45:00,0.0,0.0
2019-05-27,2019-05-28 19:00:00,0.0,0.039344806
2019-05-27,2019-05-28 19:15:00,0.0,0.0
2019-05-27,2019-05-28 19:30:00,0.0,0.0
2019-05-27,2019-05-28 19:45:00,0.0,0.040446237
2019-05-27,2019-05-28 20:00:00,0.0,0.0
2019-05-27,2019-05-28 20:15:00,0.0,0.0
2019-05-27,2019-05-28 20:30:00,0.0,0.0
2019-05-27,2019-05-28 20:45:00,0.0,0.0
2019-05-27,2019-05-28 21:00:00,0.0,0.0
2019-05-27,2019-05-28 21:15:00,0.003515999997034669,0.0
2019-05-27,2019-05-28 21:30:00,0.07734400033950806,0.05206853
2019-05-27,2019-05-28 21:45:00,0.140625,0.10011286
2019-05-27,2019-05-28 22:00:00,0.2566410005092621,0.12588727
2019-05-27,2019-05-28 22:15:00,0.39375001192092896,0.37137732
2019-05-27,2019-05-28 22:30:00,0.6082029938697815,0.5648876
2019-05-27,2019-05-28 22:45:00,0.8507810235023499,0.5986932
2019-05-27,2019-05-28 23:00:00,1.1074219942092896,0.9753405
2019-05-27,2019-05-28 23:15:00,1.399219036102295,1.1444137
2019-05-27,2019-05-28 23:30:00,1.6875,1.4041976
2019-05-27,2019-05-28 23:45:00,1.9792970418930054,1.7968044
2019-05-28,2019-05-29 00:00:00,2.26406192779541,2.167388
2019-05-28,2019-05-29 00:15:00,2.538280963897705,2.532693
2019-05-28,2019-05-29 00:30:00,2.7878899574279785,2.7479692
2019-05-28,2019-05-29 00:45:00,3.0093750953674316,2.9970467
2019-05-28,2019-05-29 01:00:00,3.223828077316284,3.2958422
2019-05-28,2019-05-29 01:15:00,3.4347660541534424,3.327036
2019-05-28,2019-05-29 01:30:00,3.5999999046325684,3.5825732
2019-05-28,2019-05-29 01:45:00,3.708983898162842,3.6542401
2019-05-28,2019-05-29 02:00:00,3.839061975479126,3.792681
2019-05-28,2019-05-29 02:15:00,3.909374952316284,4.0842757
2019-05-28,2019-05-29 02:30:00,3.9867188930511475,4.070017
2019-05-28,2019-05-29 02:45:00,4.032422065734863,4.1662555
2019-05-28,2019-05-29 03:00:00,4.050000190734863,4.187195
2019-05-28,2019-05-29 03:15:00,4.071094036102295,4.4300795
2019-05-28,2019-05-29 03:30:00,4.085155963897705,4.3908997
2019-05-28,2019-05-29 03:45:00,4.06406307220459,4.424388
2019-05-28,2019-05-29 04:00:00,4.028905868530273,4.532261
2019-05-28,2019-05-29 04:15:00,4.014842987060547,4.4733415
2019-05-28,2019-05-29 04:30:00,4.102734088897705,4.4100122
2019-05-28,2019-05-29 04:45:00,4.07460880279541,4.1716886
2019-05-28,2019-05-29 05:00:00,4.120312213897705,4.173369
2019-05-28,2019-05-29 05:15:00,4.099218845367432,4.2761555
2019-05-28,2019-05-29 05:30:00,4.057031154632568,4.1549063
2019-05-28,2019-05-29 05:45:00,4.109766006469727,3.9798174
2019-05-28,2019-05-29 06:00:00,4.130858898162842,4.0159264
2019-05-28,2019-05-29 06:15:00,3.744141101837158,3.7999005
2019-05-28,2019-05-29 06:30:00,3.948046922683716,3.4670196
2019-05-28,2019-05-29 06:45:00,3.796875,3.3720372
2019-05-28,2019-05-29 07:00:00,3.385546922683716,3.1402285
2019-05-28,2019-05-29 07:15:00,3.779297113418579,3.0733855
2019-05-28,2019-05-29 07:30:00,3.5648438930511475,2.7766569
2019-05-28,2019-05-29 07:45:00,3.128906011581421,2.516124
2019-05-28,2019-05-29 08:00:00,2.2957029342651367,2.2671788
2019-05-28,2019-05-29 08:15:00,3.216797113418579,2.0814037
2019-05-28,2019-05-29 08:30:00,2.6578121185302734,1.8491205
2019-05-28,2019-05-29 08:45:00,2.54531192779541,1.5145625
2019-05-28,2019-05-29 09:00:00,2.1304690837860107,1.3630677
2019-05-28,2019-05-29 09:15:00,1.835155963897705,0.9616671
2019-05-28,2019-05-29 09:30:00,1.5433590412139893,0.7888254
2019-05-28,2019-05-29 09:45:00,0.8085939884185791,0.7128396
2019-05-28,2019-05-29 10:00:00,0.4007810056209564,0.4984203
2019-05-28,2019-05-29 10:15:00,0.41835901141166687,0.35510245
2019-05-28,2019-05-29 10:30:00,0.37968701124191284,0.3179567
2019-05-28,2019-05-29 10:45:00,0.18281200528144836,0.13085547
2019-05-28,2019-05-29 11:00:00,0.11953099817037582,0.047617078
2019-05-28,2019-05-29 11:15:00,0.042187999933958054,0.0
2019-05-28,2019-05-29 11:30:00,0.0,0.0
2019-05-28,2019-05-29 11:45:00,0.0,0.0
2019-05-28,2019-05-29 12:00:00,0.0,0.0
2019-05-28,2019-05-29 12:15:00,0.0,0.0
2019-05-28,2019-05-29 12:30:00,0.0,0.0
2019-05-28,2019-05-29 12:45:00,0.0,0.0
2019-05-28,2019-05-29 13:00:00,0.0,0.0
2019-05-28,2019-05-29 13:15:00,0.0,0.0
2019-05-28,2019-05-29 13:30:00,0.0,0.0
2019-05-28,2019-05-29 13:45:00,0.0,0.0
2019-05-28,2019-05-29 14:00:00,0.0,0.0
2019-05-28,2019-05-29 14:15:00,0.0,0.0
2019-05-28,2019-05-29 14:30:00,0.0,0.0
2019-05-28,2019-05-29 14:45:00,0.0,0.0
2019-05-28,2019-05-29 15:00:00,0.0,0.0
2019-05-28,2019-05-29 15:15:00,0.0,0.036635764
2019-05-28,2019-05-29 15:30:00,0.0,0.1146772
2019-05-28,2019-05-29 15:45:00,0.0,0.06526144
2019-05-28,2019-05-29 16:00:00,0.0,0.08328322
2019-05-28,2019-05-29 16:15:00,0.0,0.15523303
2019-05-28,2019-05-29 16:30:00,0.0,0.07897687
2019-05-28,2019-05-29 16:45:00,0.0,0.094546594
2019-05-28,2019-05-29 17:00:00,0.0,0.11311503
2019-05-28,2019-05-29 17:15:00,0.0,0.27538732
2019-05-28,2019-05-29 17:30:00,0.0,0.060350608
2019-05-28,2019-05-29 17:45:00,0.0,0.195547
2019-05-28,2019-05-29 18:00:00,0.0,0.12791918
2019-05-28,2019-05-29 18:15:00,0.0,0.15388808
2019-05-28,2019-05-29 18:30:00,0.0,0.10361426
2019-05-28,2019-05-29 18:45:00,0.0,0.0
2019-05-28,2019-05-29 19:00:00,0.0,0.02561534
2019-05-28,2019-05-29 19:15:00,0.0,0.0
2019-05-28,2019-05-29 19:30:00,0.0,0.019182416
2019-05-28,2019-05-29 19:45:00,0.0,0.060526997
2019-05-28,2019-05-29 20:00:00,0.0,0.0
2019-05-28,2019-05-29 20:15:00,0.0,0.0
2019-05-28,2019-05-29 20:30:00,0.0,0.0
2019-05-28,2019-05-29 20:45:00,0.0,0.0
2019-05-28,2019-05-29 21:00:00,0.0,0.0
2019-05-28,2019-05-29 21:15:00,0.0,0.0
2019-05-28,2019-05-29 21:30:00,0.0,0.018465566
2019-05-28,2019-05-29 21:45:00,0.19335900247097015,0.01442876
2019-05-28,2019-05-29 22:00:00,0.3023439943790436,0.0
2019-05-28,2019-05-29 22:15:00,0.43945300579071045,0.31352118
2019-05-28,2019-05-29 22:30:00,0.4816409945487976,0.41284883
2019-05-28,2019-05-29 22:45:00,0.583594024181366,0.48555878
2019-05-28,2019-05-29 23:00:00,0.984375,0.8633032
2019-05-28,2019-05-29 23:15:00,0.8121089935302734,1.0433481
2019-05-28,2019-05-29 23:30:00,1.364061951637268,1.2814903
2019-05-28,2019-05-29 23:45:00,1.4343750476837158,1.6249679
2019-05-29,2019-05-30 00:00:00,1.9300780296325684,1.7172611
2019-05-29,2019-05-30 00:15:00,2.383594036102295,1.9975393
2019-05-29,2019-05-30 00:30:00,2.4468750953674316,2.2255635
2019-05-29,2019-05-30 00:45:00,2.707031011581421,2.4773192
2019-05-29,2019-05-30 01:00:00,3.058593988418579,2.806649
2019-05-29,2019-05-30 01:15:00,3.2660160064697266,2.8160157
2019-05-29,2019-05-30 01:30:00,3.487499952316284,3.0967357
2019-05-29,2019-05-30 01:45:00,3.666796922683716,3.1944542
2019-05-29,2019-05-30 02:00:00,3.8636720180511475,3.376737
2019-05-29,2019-05-30 02:15:00,3.909374952316284,3.6205554
2019-05-29,2019-05-30 02:30:00,3.9937500953674316,3.6346545
2019-05-29,2019-05-30 02:45:00,3.8777339458465576,3.7757673
2019-05-29,2019-05-30 03:00:00,4.158984184265137,3.7728846
2019-05-29,2019-05-30 03:15:00,4.187108993530273,3.9697845
2019-05-29,2019-05-30 03:30:00,4.08164119720459,4.018571
2019-05-29,2019-05-30 03:45:00,4.09218692779541,3.9931648
2019-05-29,2019-05-30 04:00:00,3.8917970657348633,4.115789
2019-05-29,2019-05-30 04:15:00,3.779297113418579,4.1411114
2019-05-29,2019-05-30 04:30:00,2.900391101837158,4.0753393
2019-05-29,2019-05-30 04:45:00,3.3785150051116943,3.8153374
2019-05-29,2019-05-30 05:00:00,3.0093750953674316,3.7899647
2019-05-29,2019-05-30 05:15:00,4.07460880279541,3.8955042
2019-05-29,2019-05-30 05:30:00,3.9128899574279785,3.8258102
2019-05-29,2019-05-30 05:45:00,3.7300779819488525,3.6670125
2019-05-29,2019-05-30 06:00:00,3.3082029819488525,3.7048945
2019-05-29,2019-05-30 06:15:00,3.8777339458465576,3.4871356
2019-05-29,2019-05-30 06:30:00,2.267577886581421,3.1910286
2019-05-29,2019-05-30 06:45:00,1.357030987739563,3.0912535
2019-05-29,2019-05-30 07:00:00,2.664844036102295,2.8685942
2019-05-29,2019-05-30 07:15:00,2.506640911102295,2.7915602
2019-05-29,2019-05-30 07:30:00,3.4769530296325684,2.593954
2019-05-29,2019-05-30 07:45:00,3.1535160541534424,2.3195212
2019-05-29,2019-05-30 08:00:00,2.963671922683716,2.1445496
2019-05-29,2019-05-30 08:15:00,2.6261720657348633,1.9980762
2019-05-29,2019-05-30 08:30:00,2.3238279819488525,1.7679412
2019-05-29,2019-05-30 08:45:00,2.0355470180511475,1.4637718
2019-05-29,2019-05-30 09:00:00,1.7156250476837158,1.3268597
2019-05-29,2019-05-30 09:15:00,1.4800779819488525,0.9155865
2019-05-29,2019-05-30 09:30:00,1.2410160303115845,0.7764746
2019-05-29,2019-05-30 09:45:00,0.9105470180511475,0.70640504
2019-05-29,2019-05-30 10:00:00,0.7136719822883606,0.51237714
2019-05-29,2019-05-30 10:15:00,0.5238280296325684,0.41745606
2019-05-29,2019-05-30 10:30:00,0.37968701124191284,0.34938338
2019-05-29,2019-05-30 10:45:00,0.2566410005092621,0.15348828
2019-05-29,2019-05-30 11:00:00,0.15468700230121613,0.100288644
2019-05-29,2019-05-30 11:15:00,0.014062000438570976,0.0356554
2019-05-29,2019-05-30 11:30:00,0.0,0.0
2019-05-29,2019-05-30 11:45:00,0.0,0.0
2019-05-29,2019-05-30 12:00:00,0.0,0.0
2019-05-29,2019-05-30 12:15:00,0.0,0.0
2019-05-29,2019-05-30 12:30:00,0.0,0.0
2019-05-29,2019-05-30 12:45:00,0.0,0.0
2019-05-29,2019-05-30 13:00:00,0.0,0.0
2019-05-29,2019-05-30 13:15:00,0.0,0.0
2019-05-29,2019-05-30 13:30:00,0.0,0.0011121583
2019-05-29,2019-05-30 13:45:00,0.0,0.0
2019-05-29,2019-05-30 14:00:00,0.0,0.0
2019-05-29,2019-05-30 14:15:00,0.0,0.0
2019-05-29,2019-05-30 14:30:00,0.0,0.0
2019-05-29,2019-05-30 14:45:00,0.0,0.0
2019-05-29,2019-05-30 15:00:00,0.0,0.0
2019-05-29,2019-05-30 15:15:00,0.0,0.038193535
2019-05-29,2019-05-30 15:30:00,0.0,0.046803277
2019-05-29,2019-05-30 15:45:00,0.0,0.034042284
2019-05-29,2019-05-30 16:00:00,0.0,0.0
2019-05-29,2019-05-30 16:15:00,0.0,0.08574099
2019-05-29,2019-05-30 16:30:00,0.0,0.03386476
2019-05-29,2019-05-30 16:45:00,0.0,0.014719155
2019-05-29,2019-05-30 17:00:00,0.0,0.02997161
2019-05-29,2019-05-30 17:15:00,0.0,0.20505057
2019-05-29,2019-05-30 17:30:00,0.0,0.04869826
2019-05-29,2019-05-30 17:45:00,0.0,0.08660514
2019-05-29,2019-05-30 18:00:00,0.0,0.055628873
2019-05-29,2019-05-30 18:15:00,0.0,0.10785971
2019-05-29,2019-05-30 18:30:00,0.0,0.04699271
2019-05-29,2019-05-30 18:45:00,0.0,0.03202606
2019-05-29,2019-05-30 19:00:00,0.0,0.057042856
2019-05-29,2019-05-30 19:15:00,0.0,0.0
2019-05-29,2019-05-30 19:30:00,0.0,0.047844537
2019-05-29,2019-05-30 19:45:00,0.0,0.09325594
2019-05-29,2019-05-30 20:00:00,0.0,0.0
2019-05-29,2019-05-30 20:15:00,0.0,0.0029289676
2019-05-29,2019-05-30 20:30:00,0.0,0.0
2019-05-29,2019-05-30 20:45:00,0.0,0.0
2019-05-29,2019-05-30 21:00:00,0.0,0.0
2019-05-29,2019-05-30 21:15:00,0.024608999490737915,0.0
2019-05-29,2019-05-30 21:30:00,0.0,0.11244844
2019-05-29,2019-05-30 21:45:00,0.18984399735927582,0.026635384
2019-05-29,2019-05-30 22:00:00,0.29882800579071045,0.044635277
2019-05-29,2019-05-30 22:15:00,0.46054700016975403,0.32353327
2019-05-29,2019-05-30 22:30:00,0.6609370112419128,0.40805912
2019-05-29,2019-05-30 22:45:00,0.864844024181366,0.47620252
2019-05-29,2019-05-30 23:00:00,1.1566410064697266,0.76257074
2019-05-29,2019-05-30 23:15:00,1.4343750476837158,0.92234397
2019-05-29,2019-05-30 23:30:00,1.7121089696884155,1.1172596
2019-05-29,2019-05-30 23:45:00,2.0144529342651367,1.4259247
2019-05-30,2019-05-31 00:00:00,2.260546922683716,2.1299455
2019-05-30,2019-05-31 00:15:00,2.5101559162139893,2.4490516
2019-05-30,2019-05-31 00:30:00,2.7667970657348633,2.680038
2019-05-30,2019-05-31 00:45:00,2.9988279342651367,2.8961813
2019-05-30,2019-05-31 01:00:00,3.2308590412139893,3.1932576
2019-05-30,2019-05-31 01:15:00,3.4382810592651367,3.2650082
2019-05-30,2019-05-31 01:30:00,3.568358898162842,3.5089993
2019-05-30,2019-05-31 01:45:00,3.744141101837158,3.5888977
2019-05-30,2019-05-31 02:00:00,3.902343988418579,3.7361107
2019-05-30,2019-05-31 02:15:00,4.014842987060547,3.9721584
2019-05-30,2019-05-31 02:30:00,4.095703125,3.9496078
2019-05-30,2019-05-31 02:45:00,4.169530868530273,4.0004945
2019-05-30,2019-05-31 03:00:00,4.23281192779541,4.0820537
2019-05-30,2019-05-31 03:15:00,4.22226619720459,4.286847
2019-05-30,2019-05-31 03:30:00,4.169530868530273,4.207391
2019-05-30,2019-05-31 03:45:00,4.201171875,4.23326
2019-05-30,2019-05-31 04:00:00,4.225780963897705,4.266542
2019-05-30,2019-05-31 04:15:00,4.144921779632568,4.206079
2019-05-30,2019-05-31 04:30:00,4.201171875,4.2167244
2019-05-30,2019-05-31 04:45:00,4.09218692779541,3.951096
2019-05-30,2019-05-31 05:00:00,4.014842987060547,3.9013493
2019-05-30,2019-05-31 05:15:00,4.046483993530273,3.991253
2019-05-30,2019-05-31 05:30:00,4.050000190734863,3.8506732
2019-05-30,2019-05-31 05:45:00,3.9128899574279785,3.6337106
2019-05-30,2019-05-31 06:00:00,4.000781059265137,3.6147523
2019-05-30,2019-05-31 06:15:00,3.9410150051116943,3.4038386
2019-05-30,2019-05-31 06:30:00,3.8988280296325684,3.1374083
2019-05-30,2019-05-31 06:45:00,3.8636720180511475,3.0301423
2019-05-30,2019-05-31 07:00:00,3.7160160541534424,2.7892673
2019-05-30,2019-05-31 07:15:00,2.988281011581421,2.6564188
2019-05-30,2019-05-31 07:30:00,2.460937976837158,2.4175615
2019-05-30,2019-05-31 07:45:00,2.882812023162842,2.18489
2019-05-30,2019-05-31 08:00:00,1.680469036102295,1.9550198
2019-05-30,2019-05-31 08:15:00,1.026561975479126,1.7735139
2019-05-30,2019-05-31 08:30:00,1.3605469465255737,1.5439061
2019-05-30,2019-05-31 08:45:00,1.2480469942092896,1.2896539
2019-05-30,2019-05-31 09:00:00,2.3414061069488525,1.0723889
2019-05-30,2019-05-31 09:15:00,1.6488280296325684,0.72528213
2019-05-30,2019-05-31 09:30:00,1.089843988418579,0.5782755
2019-05-30,2019-05-31 09:45:00,0.7558590173721313,0.46645492
2019-05-30,2019-05-31 10:00:00,0.8753910064697266,0.32569894
2019-05-30,2019-05-31 10:15:00,0.28125,0.21389197
2019-05-30,2019-05-31 10:30:00,0.3269529938697815,0.14985336
2019-05-30,2019-05-31 10:45:00,0.2214840054512024,0.0
2019-05-30,2019-05-31 11:00:00,0.1300780028104782,0.0
2019-05-30,2019-05-31 11:15:00,0.0,0.0
2019-05-30,2019-05-31 11:30:00,0.0,0.0
2019-05-30,2019-05-31 11:45:00,0.0,0.0
2019-05-30,2019-05-31 12:00:00,0.0,0.0
2019-05-30,2019-05-31 12:15:00,0.0,0.0
2019-05-30,2019-05-31 12:30:00,0.0,0.0
2019-05-30,2019-05-31 12:45:00,0.0,0.0
2019-05-30,2019-05-31 13:00:00,0.0,0.0
2019-05-30,2019-05-31 13:15:00,0.0,0.0
2019-05-30,2019-05-31 13:30:00,0.0,0.0
2019-05-30,2019-05-31 13:45:00,0.0,0.0
2019-05-30,2019-05-31 14:00:00,0.0,0.0
2019-05-30,2019-05-31 14:15:00,0.0,0.0
2019-05-30,2019-05-31 14:30:00,0.0,0.0
2019-05-30,2019-05-31 14:45:00,0.0,0.0
2019-05-30,2019-05-31 15:00:00,0.0,0.0
2019-05-30,2019-05-31 15:15:00,0.0,0.0
2019-05-30,2019-05-31 15:30:00,0.0,0.0402009
2019-05-30,2019-05-31 15:45:00,0.0,0.023718925
2019-05-30,2019-05-31 16:00:00,0.0,0.05146436
2019-05-30,2019-05-31 16:15:00,0.0,0.103739984
2019-05-30,2019-05-31 16:30:00,0.0,0.05731334
2019-05-30,2019-05-31 16:45:00,0.0,0.07017145
2019-05-30,2019-05-31 17:00:00,0.0,0.020094277
2019-05-30,2019-05-31 17:15:00,0.0,0.18386602
2019-05-30,2019-05-31 17:30:00,0.0,0.043280333
2019-05-30,2019-05-31 17:45:00,0.0,0.11327095
2019-05-30,2019-05-31 18:00:00,0.0,0.07210391
2019-05-30,2019-05-31 18:15:00,0.0,0.05870416
2019-05-30,2019-05-31 18:30:00,0.0,0.034270316
2019-05-30,2019-05-31 18:45:00,0.0,0.0
2019-05-30,2019-05-31 19:00:00,0.0,0.0
2019-05-30,2019-05-31 19:15:00,0.0,0.0
2019-05-30,2019-05-31 19:30:00,0.0,0.0
2019-05-30,2019-05-31 19:45:00,0.0,0.0
2019-05-30,2019-05-31 20:00:00,0.0,0.0
2019-05-30,2019-05-31 20:15:00,0.0,0.0
2019-05-30,2019-05-31 20:30:00,0.0,0.0
2019-05-30,2019-05-31 20:45:00,0.0,0.0
2019-05-30,2019-05-31 21:00:00,0.0,0.0
2019-05-30,2019-05-31 21:15:00,0.0,0.0
2019-05-30,2019-05-31 21:30:00,0.0,0.0
2019-05-30,2019-05-31 21:45:00,0.0,0.0
2019-05-30,2019-05-31 22:00:00,0.07734400033950806,0.0
2019-05-30,2019-05-31 22:15:00,0.16875000298023224,0.21111363
2019-05-30,2019-05-31 22:30:00,0.34453099966049194,0.35082388
2019-05-30,2019-05-31 22:45:00,0.29882800579071045,0.41216993
2019-05-30,2019-05-31 23:00:00,0.3515619933605194,0.7806296
2019-05-30,2019-05-31 23:15:00,0.29531198740005493,0.9849416
2019-05-30,2019-05-31 23:30:00,0.5238280296325684,1.2089211
2019-05-30,2019-05-31 23:45:00,0.8332030177116394,1.5177844
2018-08-24,2018-08-25 00:00:00,1.321874976158142,1.3799362
2018-08-24,2018-08-25 00:15:00,1.5609370470046997,1.5697927
2018-08-24,2018-08-25 00:30:00,1.792968988418579,1.8207572
2018-08-24,2018-08-25 00:45:00,2.0179688930511475,2.0490284
2018-08-24,2018-08-25 01:00:00,2.12343692779541,2.3441243
2018-08-24,2018-08-25 01:15:00,2.4117190837860107,2.4053898
2018-08-24,2018-08-25 01:30:00,2.654297113418579,2.6421068
2018-08-24,2018-08-25 01:45:00,2.794922113418579,2.7514682
2018-08-24,2018-08-25 02:00:00,2.9285149574279785,2.9292111
2018-08-24,2018-08-25 02:15:00,3.118359088897705,3.098567
2018-08-24,2018-08-25 02:30:00,3.1957030296325684,3.127679
2018-08-24,2018-08-25 02:45:00,3.462891101837158,3.2253304
2018-08-24,2018-08-25 03:00:00,3.5929689407348633,3.266845
2018-08-24,2018-08-25 03:15:00,3.6140620708465576,3.4121249
2018-08-24,2018-08-25 03:30:00,3.7828121185302734,3.4142516
2018-08-24,2018-08-25 03:45:00,3.526171922683716,3.3400018
2018-08-24,2018-08-25 04:00:00,2.8792970180511475,3.444161
2018-08-24,2018-08-25 04:15:00,2.496093988418579,3.48899
2018-08-24,2018-08-25 04:30:00,4.028905868530273,3.4750662
2018-08-24,2018-08-25 04:45:00,3.6949219703674316,3.2007892
2018-08-24,2018-08-25 05:00:00,2.9039061069488525,3.1162632
2018-08-24,2018-08-25 05:15:00,2.415234088897705,3.2039413
2018-08-24,2018-08-25 05:30:00,3.965625047683716,3.0818667
2018-08-24,2018-08-25 05:45:00,3.276561975479126,2.9205117
2018-08-24,2018-08-25 06:00:00,3.2132809162139893,2.9468877
2018-08-24,2018-08-25 06:15:00,2.629688024520874,2.7286232
2018-08-24,2018-08-25 06:30:00,1.7999999523162842,2.5202398
2018-08-24,2018-08-25 06:45:00,2.583983898162842,2.3788538
2018-08-24,2018-08-25 07:00:00,1.9933589696884155,2.1756272
2018-08-24,2018-08-25 07:15:00,1.9160159826278687,2.0536125
2018-08-24,2018-08-25 07:30:00,2.7527339458465576,1.9116004
2018-08-24,2018-08-25 07:45:00,1.8878910541534424,1.703727
2018-08-24,2018-08-25 08:00:00,1.3816410303115845,1.5300138
2018-08-24,2018-08-25 08:15:00,1.8878910541534424,1.4431634
2018-08-24,2018-08-25 08:30:00,1.638280987739563,1.2056258
2018-08-24,2018-08-25 08:45:00,1.160156011581421,1.0329365
2018-08-24,2018-08-25 09:00:00,0.5589839816093445,0.883582
2018-08-24,2018-08-25 09:15:00,0.8296869993209839,0.5253056
2018-08-24,2018-08-25 09:30:00,0.4429689943790436,0.42765015
2018-08-24,2018-08-25 09:45:00,0.33398398756980896,0.3449939
2018-08-24,2018-08-25 10:00:00,0.2355470061302185,0.25403425
2018-08-24,2018-08-25 10:15:00,0.16523399949073792,0.20157295
2018-08-24,2018-08-25 10:30:00,0.03867200016975403,0.09362289
2018-08-24,2018-08-25 10:45:00,0.0,0.0
2018-08-24,2018-08-25 11:00:00,0.0,0.0
2018-08-24,2018-08-25 11:15:00,0.0,0.0
2018-08-24,2018-08-25 11:30:00,0.0,0.0
2018-08-24,2018-08-25 11:45:00,0.0,0.0
2018-08-24,2018-08-25 12:00:00,0.0,0.0
2018-08-24,2018-08-25 12:15:00,0.0,0.0
2018-08-24,2018-08-25 12:30:00,0.0,0.0
2018-08-24,2018-08-25 12:45:00,0.0,0.0
2018-08-24,2018-08-25 13:00:00,0.0,0.0
2018-08-24,2018-08-25 13:15:00,0.0,0.0
2018-08-24,2018-08-25 13:30:00,0.0,0.0
2018-08-24,2018-08-25 13:45:00,0.0,0.0
2018-08-24,2018-08-25 14:00:00,0.0,0.0
2018-08-24,2018-08-25 14:15:00,0.0,0.0
2018-08-24,2018-08-25 14:30:00,0.0,0.0
2018-08-24,2018-08-25 14:45:00,0.0,0.0
2018-08-24,2018-08-25 15:00:00,0.0,0.0
2018-08-24,2018-08-25 15:15:00,0.0,0.009666719
2018-08-24,2018-08-25 15:30:00,0.0,0.0
2018-08-24,2018-08-25 15:45:00,0.0,0.0
2018-08-24,2018-08-25 16:00:00,0.0,0.0
2018-08-24,2018-08-25 16:15:00,0.0,0.021951815
2018-08-24,2018-08-25 16:30:00,0.0,0.0
2018-08-24,2018-08-25 16:45:00,0.0,0.0
2018-08-24,2018-08-25 17:00:00,0.0,0.0
2018-08-24,2018-08-25 17:15:00,0.0,0.09514367
2018-08-24,2018-08-25 17:30:00,0.0,0.034220967
2018-08-24,2018-08-25 17:45:00,0.0,0.013948828
2018-08-24,2018-08-25 18:00:00,0.0,0.0032483216
2018-08-24,2018-08-25 18:15:00,0.0,0.0
2018-08-24,2018-08-25 18:30:00,0.0,0.0
2018-08-24,2018-08-25 18:45:00,0.0,0.029341215
2018-08-24,2018-08-25 19:00:00,0.0,0.009621814
2018-08-24,2018-08-25 19:15:00,0.0,0.0
2018-08-24,2018-08-25 19:30:00,0.0,0.0
2018-08-24,2018-08-25 19:45:00,0.0,0.0
2018-08-24,2018-08-25 20:00:00,0.0,0.0
2018-08-24,2018-08-25 20:15:00,0.0,0.0
2018-08-24,2018-08-25 20:30:00,0.0,0.0
2018-08-24,2018-08-25 20:45:00,0.0,0.0
2018-08-24,2018-08-25 21:00:00,0.0,0.0
2018-08-24,2018-08-25 21:15:00,0.0,0.0
2018-08-24,2018-08-25 21:30:00,0.0,0.0
2018-08-24,2018-08-25 21:45:00,0.0,0.0
2018-08-24,2018-08-25 22:00:00,0.0,0.0
2018-08-24,2018-08-25 22:15:00,0.031640999019145966,0.18407089
2018-08-24,2018-08-25 22:30:00,0.12304700165987015,0.2414977
2018-08-24,2018-08-25 22:45:00,0.17226600646972656,0.2989868
2018-08-24,2018-08-25 23:00:00,0.3550780117511749,0.5634137
2018-08-24,2018-08-25 23:15:00,0.6503909826278687,0.6787275
2018-08-24,2018-08-25 23:30:00,0.6398440003395081,0.8590966
2018-08-24,2018-08-25 23:45:00,1.068750023841858,1.1664966
2018-08-25,2018-08-26 00:00:00,1.2867189645767212,1.237129
2018-08-25,2018-08-26 00:15:00,1.504686951637268,1.4068545
2018-08-25,2018-08-26 00:30:00,1.7472660541534424,1.6618819
2018-08-25,2018-08-26 00:45:00,1.9160159826278687,1.8882301
2018-08-25,2018-08-26 01:00:00,2.1691410541534424,2.148798
2018-08-25,2018-08-26 01:15:00,2.3097660541534424,2.2302525
2018-08-25,2018-08-26 01:30:00,2.636718988418579,2.4850576
2018-08-25,2018-08-26 01:45:00,2.7703120708465576,2.6298747
2018-08-25,2018-08-26 02:00:00,2.8722660541534424,2.7731776
2018-08-25,2018-08-26 02:15:00,3.086719036102295,2.9871888
2018-08-25,2018-08-26 02:30:00,3.1886720657348633,3.0610886
2018-08-25,2018-08-26 02:45:00,3.181641101837158,3.128831
2018-08-25,2018-08-26 03:00:00,3.3257811069488525,3.2305765
2018-08-25,2018-08-26 03:15:00,3.3785150051116943,3.3578508
2018-08-25,2018-08-26 03:30:00,3.357422113418579,3.3664227
2018-08-25,2018-08-26 03:45:00,3.38906192779541,3.3615692
2018-08-25,2018-08-26 04:00:00,3.403125047683716,3.4398355
2018-08-25,2018-08-26 04:15:00,3.4488279819488525,3.4738815
2018-08-25,2018-08-26 04:30:00,3.427733898162842,3.471561
2018-08-25,2018-08-26 04:45:00,3.3960940837860107,3.2291415
2018-08-25,2018-08-26 05:00:00,3.2730469703674316,3.1121209
2018-08-25,2018-08-26 05:15:00,3.403125047683716,3.204831
2018-08-25,2018-08-26 05:30:00,3.364453077316284,3.0925798
2018-08-25,2018-08-26 05:45:00,2.9742190837860107,2.944106
2018-08-25,2018-08-26 06:00:00,3.058593988418579,2.9005728
2018-08-25,2018-08-26 06:15:00,2.0636720657348633,2.7113347
2018-08-25,2018-08-26 06:30:00,2.882812023162842,2.5632844
2018-08-25,2018-08-26 06:45:00,2.443358898162842,2.3836577
2018-08-25,2018-08-26 07:00:00,2.239453077316284,2.1807947
2018-08-25,2018-08-26 07:15:00,2.373047113418579,2.043581
2018-08-25,2018-08-26 07:30:00,2.151561975479126,1.8798316
2018-08-25,2018-08-26 07:45:00,1.9933589696884155,1.7167826
2018-08-25,2018-08-26 08:00:00,1.7824219465255737,1.5624183
2018-08-25,2018-08-26 08:15:00,1.5785160064697266,1.4295299
2018-08-25,2018-08-26 08:30:00,1.3921869993209839,1.2303765
2018-08-25,2018-08-26 08:45:00,1.019531011581421,1.0708047
2018-08-25,2018-08-26 09:00:00,0.44999998807907104,0.86929345
2018-08-25,2018-08-26 09:15:00,0.42539098858833313,0.57381237
2018-08-25,2018-08-26 09:30:00,0.37968701124191284,0.46978503
2018-08-25,2018-08-26 09:45:00,0.29882800579071045,0.41430438
2018-08-25,2018-08-26 10:00:00,0.291797012090683,0.3089925
2018-08-25,2018-08-26 10:15:00,0.1757809966802597,0.28865835
2018-08-25,2018-08-26 10:30:00,0.024608999490737915,0.17206854
2018-08-25,2018-08-26 10:45:00,0.0,0.044056065
2018-08-25,2018-08-26 11:00:00,0.0,0.031716924
2018-08-25,2018-08-26 11:15:00,0.0,0.030418644
2018-08-25,2018-08-26 11:30:00,0.0,0.0
2018-08-25,2018-08-26 11:45:00,0.0,0.0
2018-08-25,2018-08-26 12:00:00,0.0,0.0
2018-08-25,2018-08-26 12:15:00,0.0,0.0
2018-08-25,2018-08-26 12:30:00,0.0,0.0
2018-08-25,2018-08-26 12:45:00,0.0,0.0
2018-08-25,2018-08-26 13:00:00,0.0,0.0
2018-08-25,2018-08-26 13:15:00,0.0,0.0
2018-08-25,2018-08-26 13:30:00,0.0,0.032754447
2018-08-25,2018-08-26 13:45:00,0.0,0.032435957
2018-08-25,2018-08-26 14:00:00,0.0,0.0
2018-08-25,2018-08-26 14:15:00,0.0,0.0
2018-08-25,2018-08-26 14:30:00,0.0,0.0
2018-08-25,2018-08-26 14:45:00,0.0,0.031423926
2018-08-25,2018-08-26 15:00:00,0.0,0.0
2018-08-25,2018-08-26 15:15:00,0.0,0.04838085
2018-08-25,2018-08-26 15:30:00,0.0,0.027511999
2018-08-25,2018-08-26 15:45:00,0.0,0.046800893
2018-08-25,2018-08-26 16:00:00,0.0,0.020442447
2018-08-25,2018-08-26 16:15:00,0.0,0.08797929
2018-08-25,2018-08-26 16:30:00,0.0,0.062347356
2018-08-25,2018-08-26 16:45:00,0.0,0.0
2018-08-25,2018-08-26 17:00:00,0.0,0.0068705105
2018-08-25,2018-08-26 17:15:00,0.0,0.1336051
2018-08-25,2018-08-26 17:30:00,0.0,0.055648543
2018-08-25,2018-08-26 17:45:00,0.0,0.044319328
2018-08-25,2018-08-26 18:00:00,0.0,0.04046102
2018-08-25,2018-08-26 18:15:00,0.0,0.07815183
2018-08-25,2018-08-26 18:30:00,0.0,0.08477977
2018-08-25,2018-08-26 18:45:00,0.0,0.08786399
2018-08-25,2018-08-26 19:00:00,0.0,0.01443666
2018-08-25,2018-08-26 19:15:00,0.0,0.0
2018-08-25,2018-08-26 19:30:00,0.0,0.034224823
2018-08-25,2018-08-26 19:45:00,0.0,0.01220543
2018-08-25,2018-08-26 20:00:00,0.0,0.0
2018-08-25,2018-08-26 20:15:00,0.0,0.0
2018-08-25,2018-08-26 20:30:00,0.0,0.0
2018-08-25,2018-08-26 20:45:00,0.0,0.0
2018-08-25,2018-08-26 21:00:00,0.0,0.0
2018-08-25,2018-08-26 21:15:00,0.0,0.0
2018-08-25,2018-08-26 21:30:00,0.0,0.0
2018-08-25,2018-08-26 21:45:00,0.0,0.0
2018-08-25,2018-08-26 22:00:00,0.0,0.0
2018-08-25,2018-08-26 22:15:00,0.0,0.0834894
2018-08-25,2018-08-26 22:30:00,0.20390599966049194,0.17400585
2018-08-25,2018-08-26 22:45:00,0.31992200016975403,0.23127848
2018-08-25,2018-08-26 23:00:00,0.46054700016975403,0.46182325
2018-08-25,2018-08-26 23:15:00,0.6328120231628418,0.5958237
2018-08-25,2018-08-26 23:30:00,0.8824219703674316,0.7598742
2018-08-25,2018-08-26 23:45:00,1.125,1.0341139
2018-08-26,2018-08-27 00:00:00,1.2972660064697266,1.1941496
2018-08-26,2018-08-27 00:15:00,1.181249976158142,1.4126437
2018-08-26,2018-08-27 00:30:00,1.8878910541534424,1.6655501
2018-08-26,2018-08-27 00:45:00,2.021483898162842,1.8694754
2018-08-26,2018-08-27 01:00:00,2.285156011581421,2.0711472
2018-08-26,2018-08-27 01:15:00,2.478516101837158,2.1850038
2018-08-26,2018-08-27 01:30:00,2.6578121185302734,2.4421487
2018-08-26,2018-08-27 01:45:00,2.8441410064697266,2.5356312
2018-08-26,2018-08-27 02:00:00,3.121875047683716,2.6608133
2018-08-26,2018-08-27 02:15:00,3.287108898162842,2.8325934
2018-08-26,2018-08-27 02:30:00,2.3097660541534424,2.899724
2018-08-26,2018-08-27 02:45:00,3.427733898162842,2.939121
2018-08-26,2018-08-27 03:00:00,2.2113280296325684,3.0337641
2018-08-26,2018-08-27 03:15:00,3.4699220657348633,3.1621802
2018-08-26,2018-08-27 03:30:00,3.1500000953674316,3.126606
2018-08-26,2018-08-27 03:45:00,3.410156011581421,3.114224
2018-08-26,2018-08-27 04:00:00,4.151953220367432,3.1595967
2018-08-26,2018-08-27 04:15:00,3.67031192779541,3.0911038
2018-08-26,2018-08-27 04:30:00,3.5964839458465576,3.102525
2018-08-26,2018-08-27 04:45:00,3.7230470180511475,2.899051
2018-08-26,2018-08-27 05:00:00,2.5804688930511475,2.7281735
2018-08-26,2018-08-27 05:15:00,2.696484088897705,2.8332238
2018-08-26,2018-08-27 05:30:00,4.310155868530273,2.639652
2018-08-26,2018-08-27 05:45:00,2.8441410064697266,2.4638698
2018-08-26,2018-08-27 06:00:00,3.4839839935302734,2.4542685
2018-08-26,2018-08-27 06:15:00,3.5964839458465576,2.2661598
2018-08-26,2018-08-27 06:30:00,3.3363280296325684,2.129789
2018-08-26,2018-08-27 06:45:00,3.367969036102295,1.8649809
2018-08-26,2018-08-27 07:00:00,3.0269529819488525,1.7388905
2018-08-26,2018-08-27 07:15:00,3.0550780296325684,1.6282129
2018-08-26,2018-08-27 07:30:00,2.8968749046325684,1.4709921
2018-08-26,2018-08-27 07:45:00,2.7351560592651367,1.3166858
2018-08-26,2018-08-27 08:00:00,2.3765621185302734,1.1152291
2018-08-26,2018-08-27 08:15:00,1.7015620470046997,0.9871116
2018-08-26,2018-08-27 08:30:00,2.2886719703674316,0.85558474
2018-08-26,2018-08-27 08:45:00,2.0144529342651367,0.7426232
2018-08-26,2018-08-27 09:00:00,0.6679689884185791,0.5470969
2018-08-26,2018-08-27 09:15:00,0.5695310235023499,0.33435223
2018-08-26,2018-08-27 09:30:00,0.5695310235023499,0.259938
2018-08-26,2018-08-27 09:45:00,0.4921880066394806,0.20224588
2018-08-26,2018-08-27 10:00:00,0.42890599370002747,0.14393389
2018-08-26,2018-08-27 10:15:00,0.15820300579071045,0.13453059
2018-08-26,2018-08-27 10:30:00,0.03515600040555,0.027446201
2018-08-26,2018-08-27 10:45:00,0.0,0.0
2018-08-26,2018-08-27 11:00:00,0.0,0.0
2018-08-26,2018-08-27 11:15:00,0.0,0.0
2018-08-26,2018-08-27 11:30:00,0.0,0.0
2018-08-26,2018-08-27 11:45:00,0.0,0.0
2018-08-26,2018-08-27 12:00:00,0.0,0.0
2018-08-26,2018-08-27 12:15:00,0.0,0.0
2018-08-26,2018-08-27 12:30:00,0.0,0.0
2018-08-26,2018-08-27 12:45:00,0.0,0.0
2018-08-26,2018-08-27 13:00:00,0.0,0.0
2018-08-26,2018-08-27 13:15:00,0.0,0.0
2018-08-26,2018-08-27 13:30:00,0.0,0.097052984
2018-08-26,2018-08-27 13:45:00,0.0,0.040896744
2018-08-26,2018-08-27 14:00:00,0.0,0.0
2018-08-26,2018-08-27 14:15:00,0.0,0.0
2018-08-26,2018-08-27 14:30:00,0.0,0.047874585
2018-08-26,2018-08-27 14:45:00,0.0,0.037124272
2018-08-26,2018-08-27 15:00:00,0.0,0.0
2018-08-26,2018-08-27 15:15:00,0.0,0.08232971
2018-08-26,2018-08-27 15:30:00,0.0,0.02948345
2018-08-26,2018-08-27 15:45:00,0.0,0.02873481
2018-08-26,2018-08-27 16:00:00,0.0,0.05470554
2018-08-26,2018-08-27 16:15:00,0.0,0.06846104
2018-08-26,2018-08-27 16:30:00,0.0,0.07086818
2018-08-26,2018-08-27 16:45:00,0.0,0.027370835
2018-08-26,2018-08-27 17:00:00,0.0,0.0020317764
2018-08-26,2018-08-27 17:15:00,0.0,0.083232336
2018-08-26,2018-08-27 17:30:00,0.0,0.02541389
2018-08-26,2018-08-27 17:45:00,0.0,0.0
2018-08-26,2018-08-27 18:00:00,0.0,0.038218454
2018-08-26,2018-08-27 18:15:00,0.0,0.0
2018-08-26,2018-08-27 18:30:00,0.0,0.043050162
2018-08-26,2018-08-27 18:45:00,0.0,0.05753223
2018-08-26,2018-08-27 19:00:00,0.0,0.0
2018-08-26,2018-08-27 19:15:00,0.0,0.0
2018-08-26,2018-08-27 19:30:00,0.0,0.0
2018-08-26,2018-08-27 19:45:00,0.0,0.0
2018-08-26,2018-08-27 20:00:00,0.0,0.0
2018-08-26,2018-08-27 20:15:00,0.0,0.0
2018-08-26,2018-08-27 20:30:00,0.0,0.0
2018-08-26,2018-08-27 20:45:00,0.0,0.0
2018-08-26,2018-08-27 21:00:00,0.0,0.0
2018-08-26,2018-08-27 21:15:00,0.0,0.0
2018-08-26,2018-08-27 21:30:00,0.0,0.0
2018-08-26,2018-08-27 21:45:00,0.0,0.0
2018-08-26,2018-08-27 22:00:00,0.003515999997034669,0.0
2018-08-26,2018-08-27 22:15:00,0.0,0.030913861
2018-08-26,2018-08-27 22:30:00,0.19687500596046448,0.09955086
2018-08-26,2018-08-27 22:45:00,0.31992200016975403,0.22194006
2018-08-26,2018-08-27 23:00:00,0.3410159945487976,0.4027196
2018-08-26,2018-08-27 23:15:00,0.5519530177116394,0.5343771
2018-08-26,2018-08-27 23:30:00,0.5660160183906555,0.6833419
2018-08-26,2018-08-27 23:45:00,0.731249988079071,0.9619925
2018-08-27,2018-08-28 00:00:00,0.935155987739563,1.0169765
2018-08-27,2018-08-28 00:15:00,1.8738280534744263,1.1353661
2018-08-27,2018-08-28 00:30:00,1.2269530296325684,1.3685806
2018-08-27,2018-08-28 00:45:00,1.4660160541534424,1.5836933
2018-08-27,2018-08-28 01:00:00,1.7507810592651367,1.8788003
2018-08-27,2018-08-28 01:15:00,2.742187976837158,1.9436857
2018-08-27,2018-08-28 01:30:00,2.8441410064697266,2.220787
2018-08-27,2018-08-28 01:45:00,3.065624952316284,2.366158
2018-08-27,2018-08-28 02:00:00,3.258984088897705,2.5522301
2018-08-27,2018-08-28 02:15:00,3.4066410064697266,2.7459633
2018-08-27,2018-08-28 02:30:00,3.5999999046325684,2.8361
2018-08-27,2018-08-28 02:45:00,3.628124952316284,2.941471
2018-08-27,2018-08-28 03:00:00,3.6597650051116943,3.0368505
2018-08-27,2018-08-28 03:15:00,3.7335939407348633,3.1475768
2018-08-27,2018-08-28 03:30:00,3.789844036102295,3.2212658
2018-08-27,2018-08-28 03:45:00,3.7828121185302734,3.1522422
2018-08-27,2018-08-28 04:00:00,3.867187976837158,3.262131
2018-08-27,2018-08-28 04:15:00,3.825000047683716,3.3752306
2018-08-27,2018-08-28 04:30:00,3.786328077316284,3.361248
2018-08-27,2018-08-28 04:45:00,3.796875,3.0963712
2018-08-27,2018-08-28 05:00:00,3.744141101837158,2.9954054
2018-08-27,2018-08-28 05:15:00,3.6527340412139893,3.0860248
2018-08-27,2018-08-28 05:30:00,3.628124952316284,2.9926224
2018-08-27,2018-08-28 05:45:00,3.5964839458465576,2.8662577
2018-08-27,2018-08-28 06:00:00,3.515625,2.8523774
2018-08-27,2018-08-28 06:15:00,3.4347660541534424,2.667551
2018-08-27,2018-08-28 06:30:00,3.3257811069488525,2.5349345
2018-08-27,2018-08-28 06:45:00,3.1851561069488525,2.367544
2018-08-27,2018-08-28 07:00:00,3.0164060592651367,2.1320524
2018-08-27,2018-08-28 07:15:00,2.840625047683716,2.0126617
2018-08-27,2018-08-28 07:30:00,2.629688024520874,1.8625853
2018-08-27,2018-08-28 07:45:00,2.425781011581421,1.7008781
2018-08-27,2018-08-28 08:00:00,2.1832029819488525,1.5966392
2018-08-27,2018-08-28 08:15:00,1.9160159826278687,1.4803922
2018-08-27,2018-08-28 08:30:00,1.680469036102295,1.2472558
2018-08-27,2018-08-28 08:45:00,1.4449219703674316,1.0916803
2018-08-27,2018-08-28 09:00:00,1.1496089696884155,0.90920836
2018-08-27,2018-08-28 09:15:00,0.9246090054512024,0.57417494
2018-08-27,2018-08-28 09:30:00,0.6785159707069397,0.48898992
2018-08-27,2018-08-28 09:45:00,0.4781250059604645,0.43648827
2018-08-27,2018-08-28 10:00:00,0.3023439943790436,0.31519333
2018-08-27,2018-08-28 10:15:00,0.16171899437904358,0.32308614
2018-08-27,2018-08-28 10:30:00,0.03867200016975403,0.15710929
2018-08-27,2018-08-28 10:45:00,0.0,0.03704344
2018-08-27,2018-08-28 11:00:00,0.0,0.02588878
2018-08-27,2018-08-28 11:15:00,0.0,0.022981232
2018-08-27,2018-08-28 11:30:00,0.0,0.0
2018-08-27,2018-08-28 11:45:00,0.0,0.0
2018-08-27,2018-08-28 12:00:00,0.0,0.0
2018-08-27,2018-08-28 12:15:00,0.0,0.0
2018-08-27,2018-08-28 12:30:00,0.0,0.0038716244
2018-08-27,2018-08-28 12:45:00,0.0,0.0
2018-08-27,2018-08-28 13:00:00,0.0,0.0
2018-08-27,2018-08-28 13:15:00,0.0,0.0
2018-08-27,2018-08-28 13:30:00,0.0,0.04025057
2018-08-27,2018-08-28 13:45:00,0.0,0.04241135
2018-08-27,2018-08-28 14:00:00,0.0,0.0
2018-08-27,2018-08-28 14:15:00,0.0,0.0
2018-08-27,2018-08-28 14:30:00,0.0,0.014164793
2018-08-27,2018-08-28 14:45:00,0.0,0.021746915
2018-08-27,2018-08-28 15:00:00,0.0,0.0
2018-08-27,2018-08-28 15:15:00,0.0,0.08002
2018-08-27,2018-08-28 15:30:00,0.0,0.012401386
2018-08-27,2018-08-28 15:45:00,0.0,0.048925195
2018-08-27,2018-08-28 16:00:00,0.0,0.0
2018-08-27,2018-08-28 16:15:00,0.0,0.084826
2018-08-27,2018-08-28 16:30:00,0.0,0.06077825
2018-08-27,2018-08-28 16:45:00,0.0,0.0
2018-08-27,2018-08-28 17:00:00,0.0,0.0008955864
2018-08-27,2018-08-28 17:15:00,0.0,0.1450677
2018-08-27,2018-08-28 17:30:00,0.0,0.061766185
2018-08-27,2018-08-28 17:45:00,0.0,0.044731114
2018-08-27,2018-08-28 18:00:00,0.0,0.028969416
2018-08-27,2018-08-28 18:15:00,0.0,0.08000728
2018-08-27,2018-08-28 18:30:00,0.0,0.08453082
2018-08-27,2018-08-28 18:45:00,0.0,0.11705501
2018-08-27,2018-08-28 19:00:00,0.0,0.087126665
2018-08-27,2018-08-28 19:15:00,0.0,0.035988837
2018-08-27,2018-08-28 19:30:00,0.0,0.04749044
2018-08-27,2018-08-28 19:45:00,0.0,0.06566232
2018-08-27,2018-08-28 20:00:00,0.0,0.0
2018-08-27,2018-08-28 20:15:00,0.0,0.0
2018-08-27,2018-08-28 20:30:00,0.0,0.0
2018-08-27,2018-08-28 20:45:00,0.0,0.0
2018-08-27,2018-08-28 21:00:00,0.0,0.0
2018-08-27,2018-08-28 21:15:00,0.0,0.0
2018-08-27,2018-08-28 21:30:00,0.0,0.030445792
2018-08-27,2018-08-28 21:45:00,0.0,0.0
2018-08-27,2018-08-28 22:00:00,0.0,0.0
2018-08-27,2018-08-28 22:15:00,0.0,0.078510635
2018-08-27,2018-08-28 22:30:00,0.0,0.17962268
2018-08-27,2018-08-28 22:45:00,0.21796900033950806,0.187535
2018-08-27,2018-08-28 23:00:00,0.3164060115814209,0.41226283
2018-08-27,2018-08-28 23:15:00,0.3058589994907379,0.5036152
2018-08-27,2018-08-28 23:30:00,0.28125,0.6680527
2018-08-27,2018-08-28 23:45:00,0.4007810056209564,0.93733627
2018-08-28,2018-08-29 00:00:00,0.28828099370002747,0.73465186
2018-08-28,2018-08-29 00:15:00,0.5203120112419128,0.8362377
2018-08-28,2018-08-29 00:30:00,0.7593749761581421,1.1028891
2018-08-28,2018-08-29 00:45:00,1.0863280296325684,1.3502945
2018-08-28,2018-08-29 01:00:00,1.3816410303115845,1.6278945
2018-08-28,2018-08-29 01:15:00,2.566406011581421,1.6760273
2018-08-28,2018-08-29 01:30:00,2.3871090412139893,1.9551474
2018-08-28,2018-08-29 01:45:00,2.292186975479126,2.155148
2018-08-28,2018-08-29 02:00:00,2.4398438930511475,2.300005
2018-08-28,2018-08-29 02:15:00,2.759766101837158,2.5560699
2018-08-28,2018-08-29 02:30:00,3.7828121185302734,2.6639106
2018-08-28,2018-08-29 02:45:00,3.786328077316284,2.815735
2018-08-28,2018-08-29 03:00:00,3.7722649574279785,2.864988
2018-08-28,2018-08-29 03:15:00,3.638672113418579,3.0230794
2018-08-28,2018-08-29 03:30:00,3.7546870708465576,3.1702745
2018-08-28,2018-08-29 03:45:00,3.779297113418579,3.1075165
2018-08-28,2018-08-29 04:00:00,3.67031192779541,3.2992396
2018-08-28,2018-08-29 04:15:00,3.6140620708465576,3.3693235
2018-08-28,2018-08-29 04:30:00,3.726562023162842,3.3238266
2018-08-28,2018-08-29 04:45:00,3.2941410541534424,3.1096213
2018-08-28,2018-08-29 05:00:00,3.5753910541534424,3.0203123
2018-08-28,2018-08-29 05:15:00,3.462891101837158,3.0940616
2018-08-28,2018-08-29 05:30:00,3.3292970657348633,3.06079
2018-08-28,2018-08-29 05:45:00,3.4382810592651367,2.9906666
2018-08-28,2018-08-29 06:00:00,3.5894529819488525,3.0075796
2018-08-28,2018-08-29 06:15:00,3.5015621185302734,2.7856848
2018-08-28,2018-08-29 06:30:00,3.375,2.636977
2018-08-28,2018-08-29 06:45:00,3.2554690837860107,2.4482548
2018-08-28,2018-08-29 07:00:00,3.086719036102295,2.2711933
2018-08-28,2018-08-29 07:15:00,2.924999952316284,2.173908
2018-08-28,2018-08-29 07:30:00,2.682421922683716,2.0541017
2018-08-28,2018-08-29 07:45:00,2.460937976837158,1.8491751
2018-08-28,2018-08-29 08:00:00,2.197266101837158,1.7065347
2018-08-28,2018-08-29 08:15:00,1.9828120470046997,1.6251729
2018-08-28,2018-08-29 08:30:00,1.694530963897705,1.3882968
2018-08-28,2018-08-29 08:45:00,1.3957029581069946,1.2137234
2018-08-28,2018-08-29 09:00:00,1.1988279819488525,1.0904478
2018-08-28,2018-08-29 09:15:00,0.9492189884185791,0.724934
2018-08-28,2018-08-29 09:30:00,0.7207030057907104,0.64768845
2018-08-28,2018-08-29 09:45:00,0.4886719882488251,0.6298369
2018-08-28,2018-08-29 10:00:00,0.3164060115814209,0.4374955
2018-08-28,2018-08-29 10:15:00,0.17226600646972656,0.41103214
2018-08-28,2018-08-29 10:30:00,0.03867200016975403,0.29503253
2018-08-28,2018-08-29 10:45:00,0.0,0.19207922
2018-08-28,2018-08-29 11:00:00,0.0,0.13834026
2018-08-28,2018-08-29 11:15:00,0.0,0.11566449
2018-08-28,2018-08-29 11:30:00,0.0,0.025267756
2018-08-28,2018-08-29 11:45:00,0.0,0.06795449
2018-08-28,2018-08-29 12:00:00,0.0,0.0066019096
2018-08-28,2018-08-29 12:15:00,0.0,0.005502256
2018-08-28,2018-08-29 12:30:00,0.0,0.05369013
2018-08-28,2018-08-29 12:45:00,0.0,0.0
2018-08-28,2018-08-29 13:00:00,0.0,0.05250112
2018-08-28,2018-08-29 13:15:00,0.0,0.0132284835
2018-08-28,2018-08-29 13:30:00,0.0,0.1348992
2018-08-28,2018-08-29 13:45:00,0.0,0.118919246
2018-08-28,2018-08-29 14:00:00,0.0,0.0
2018-08-28,2018-08-29 14:15:00,0.0,0.0
2018-08-28,2018-08-29 14:30:00,0.0,0.13111457
2018-08-28,2018-08-29 14:45:00,0.0,0.045053035
2018-08-28,2018-08-29 15:00:00,0.0,0.013328939
2018-08-28,2018-08-29 15:15:00,0.0,0.09170792
2018-08-28,2018-08-29 15:30:00,0.0,0.064660795
2018-08-28,2018-08-29 15:45:00,0.0,0.049560733
2018-08-28,2018-08-29 16:00:00,0.0,0.012614296
2018-08-28,2018-08-29 16:15:00,0.0,0.08171593
2018-08-28,2018-08-29 16:30:00,0.0,0.06146544
2018-08-28,2018-08-29 16:45:00,0.0,0.0
2018-08-28,2018-08-29 17:00:00,0.0,0.050620712
2018-08-28,2018-08-29 17:15:00,0.0,0.16433927
2018-08-28,2018-08-29 17:30:00,0.0,0.06359531
2018-08-28,2018-08-29 17:45:00,0.0,0.031938247
2018-08-28,2018-08-29 18:00:00,0.0,0.041909978
2018-08-28,2018-08-29 18:15:00,0.0,0.1185495
2018-08-28,2018-08-29 18:30:00,0.0,0.12634368
2018-08-28,2018-08-29 18:45:00,0.0,0.10613716
2018-08-28,2018-08-29 19:00:00,0.0,0.1291663
2018-08-28,2018-08-29 19:15:00,0.0,0.145173
2018-08-28,2018-08-29 19:30:00,0.0,0.20212172
2018-08-28,2018-08-29 19:45:00,0.0,0.17916183
2018-08-28,2018-08-29 20:00:00,0.0,0.09465248
2018-08-28,2018-08-29 20:15:00,0.0,0.12282755
2018-08-28,2018-08-29 20:30:00,0.0,0.11353425
2018-08-28,2018-08-29 20:45:00,0.0,0.01075359
2018-08-28,2018-08-29 21:00:00,0.0,0.086194105
2018-08-28,2018-08-29 21:15:00,0.0,0.051681805
2018-08-28,2018-08-29 21:30:00,0.0,0.18016315
2018-08-28,2018-08-29 21:45:00,0.0,0.030491931
2018-08-28,2018-08-29 22:00:00,0.0,0.008789186
2018-08-28,2018-08-29 22:15:00,0.0,0.16415584
2018-08-28,2018-08-29 22:30:00,0.2003909945487976,0.1702965
2018-08-28,2018-08-29 22:45:00,0.34453099966049194,0.21399452
2018-08-28,2018-08-29 23:00:00,0.46406298875808716,0.39074755
2018-08-28,2018-08-29 23:15:00,0.6328120231628418,0.43923062
2018-08-28,2018-08-29 23:30:00,0.9597659707069397,0.55248713
2018-08-28,2018-08-29 23:45:00,0.9140620231628418,0.8229524
2018-08-29,2018-08-30 00:00:00,0.935155987739563,1.1102234
2018-08-29,2018-08-30 00:15:00,0.7347660064697266,1.2750114
2018-08-29,2018-08-30 00:30:00,1.694530963897705,1.5601457
2018-08-29,2018-08-30 00:45:00,1.033594012260437,1.8073317
2018-08-29,2018-08-30 01:00:00,1.3746089935302734,2.1030948
2018-08-29,2018-08-30 01:15:00,2.348438024520874,2.1572893
2018-08-29,2018-08-30 01:30:00,1.4695310592651367,2.4770277
2018-08-29,2018-08-30 01:45:00,1.5222660303115845,2.6748269
2018-08-29,2018-08-30 02:00:00,1.4378910064697266,2.7874613
2018-08-29,2018-08-30 02:15:00,1.2867189645767212,3.090415
2018-08-29,2018-08-30 02:30:00,1.1953120231628418,3.1804066
2018-08-29,2018-08-30 02:45:00,1.223436951637268,3.29129
2018-08-29,2018-08-30 03:00:00,1.821094036102295,3.3644154
2018-08-29,2018-08-30 03:15:00,1.4097659587860107,3.5761597
2018-08-29,2018-08-30 03:30:00,0.9597659707069397,3.6502345
2018-08-29,2018-08-30 03:45:00,1.0019530057907104,3.6562262
2018-08-29,2018-08-30 04:00:00,0.9984380006790161,3.807214
2018-08-29,2018-08-30 04:15:00,1.2550779581069946,3.8125253
2018-08-29,2018-08-30 04:30:00,1.8914060592651367,3.79991
2018-08-29,2018-08-30 04:45:00,1.3183590173721313,3.5527427
2018-08-29,2018-08-30 05:00:00,1.2445310354232788,3.4388092
2018-08-29,2018-08-30 05:15:00,1.3324220180511475,3.5595973
2018-08-29,2018-08-30 05:30:00,1.230468988418579,3.4773598
2018-08-29,2018-08-30 05:45:00,0.9386720061302185,3.370743
2018-08-29,2018-08-30 06:00:00,0.9773439764976501,3.353508
2018-08-29,2018-08-30 06:15:00,1.2867189645767212,3.1441996
2018-08-29,2018-08-30 06:30:00,1.167186975479126,3.0057275
2018-08-29,2018-08-30 06:45:00,1.1636719703674316,2.7731059
2018-08-29,2018-08-30 07:00:00,0.935155987739563,2.6066723
2018-08-29,2018-08-30 07:15:00,0.892969012260437,2.4628673
2018-08-29,2018-08-30 07:30:00,1.0054689645767212,2.295042
2018-08-29,2018-08-30 07:45:00,1.8492189645767212,2.0856125
2018-08-29,2018-08-30 08:00:00,1.089843988418579,1.9601463
2018-08-29,2018-08-30 08:15:00,1.4941409826278687,1.7827216
2018-08-29,2018-08-30 08:30:00,0.963280975818634,1.5650324
2018-08-29,2018-08-30 08:45:00,0.5378909707069397,1.3725827
2018-08-29,2018-08-30 09:00:00,0.24960899353027344,1.1751266
2018-08-29,2018-08-30 09:15:00,0.16171899437904358,0.81107545
2018-08-29,2018-08-30 09:30:00,0.042187999933958054,0.6908466
2018-08-29,2018-08-30 09:45:00,0.052733998745679855,0.662184
2018-08-29,2018-08-30 10:00:00,0.010546999983489513,0.4532875
2018-08-29,2018-08-30 10:15:00,0.0,0.4202425
2018-08-29,2018-08-30 10:30:00,0.0,0.28157258
2018-08-29,2018-08-30 10:45:00,0.0,0.13861322
2018-08-29,2018-08-30 11:00:00,0.0,0.08876998
2018-08-29,2018-08-30 11:15:00,0.0,0.06373282
2018-08-29,2018-08-30 11:30:00,0.0,0.0
2018-08-29,2018-08-30 11:45:00,0.0,0.0
2018-08-29,2018-08-30 12:00:00,0.0,0.0
2018-08-29,2018-08-30 12:15:00,0.0,0.0
2018-08-29,2018-08-30 12:30:00,0.0,0.0
2018-08-29,2018-08-30 12:45:00,0.0,0.0
2018-08-29,2018-08-30 13:00:00,0.0,0.0
2018-08-29,2018-08-30 13:15:00,0.0,0.0
2018-08-29,2018-08-30 13:30:00,0.0,0.075490505
2018-08-29,2018-08-30 13:45:00,0.0,0.0778402
2018-08-29,2018-08-30 14:00:00,0.0,0.0
2018-08-29,2018-08-30 14:15:00,0.0,0.0
2018-08-29,2018-08-30 14:30:00,0.0,0.043418422
2018-08-29,2018-08-30 14:45:00,0.0,0.07680066
2018-08-29,2018-08-30 15:00:00,0.0,0.0
2018-08-29,2018-08-30 15:15:00,0.0,0.09189864
2018-08-29,2018-08-30 15:30:00,0.0,0.077966265
2018-08-29,2018-08-30 15:45:00,0.0,0.055907898
2018-08-29,2018-08-30 16:00:00,0.0,0.08275836
2018-08-29,2018-08-30 16:15:00,0.0,0.13079314
2018-08-29,2018-08-30 16:30:00,0.0,0.10684448
2018-08-29,2018-08-30 16:45:00,0.0,0.04363838
2018-08-29,2018-08-30 17:00:00,0.0,0.060513582
2018-08-29,2018-08-30 17:15:00,0.0,0.22171175
2018-08-29,2018-08-30 17:30:00,0.0,0.057916068
2018-08-29,2018-08-30 17:45:00,0.0,0.06797056
2018-08-29,2018-08-30 18:00:00,0.0,0.08741919
2018-08-29,2018-08-30 18:15:00,0.0,0.13244225
2018-08-29,2018-08-30 18:30:00,0.0,0.16709629
2018-08-29,2018-08-30 18:45:00,0.0,0.10734198
2018-08-29,2018-08-30 19:00:00,0.0,0.036988195
2018-08-29,2018-08-30 19:15:00,0.0,0.03299193
2018-08-29,2018-08-30 19:30:00,0.0,0.10441462
2018-08-29,2018-08-30 19:45:00,0.0,0.09388868
2018-08-29,2018-08-30 20:00:00,0.0,0.0
2018-08-29,2018-08-30 20:15:00,0.0,0.023508577
2018-08-29,2018-08-30 20:30:00,0.0,0.0
2018-08-29,2018-08-30 20:45:00,0.0,0.0
2018-08-29,2018-08-30 21:00:00,0.0,0.0
2018-08-29,2018-08-30 21:15:00,0.0,0.0
2018-08-29,2018-08-30 21:30:00,0.0,0.0
2018-08-29,2018-08-30 21:45:00,0.0,0.0
2018-08-29,2018-08-30 22:00:00,0.0,0.0
2018-08-29,2018-08-30 22:15:00,0.0,0.01423231
2018-08-29,2018-08-30 22:30:00,0.024608999490737915,0.04293985
2018-08-29,2018-08-30 22:45:00,0.07734400033950806,0.094455786
2018-08-29,2018-08-30 23:00:00,0.26367199420928955,0.33967996
2018-08-29,2018-08-30 23:15:00,0.23906299471855164,0.45451632
2018-08-29,2018-08-30 23:30:00,0.291797012090683,0.61519456
2018-08-29,2018-08-30 23:45:00,0.30937498807907104,0.8985706
2018-08-30,2018-08-31 00:00:00,0.411327987909317,0.47353277
2018-08-30,2018-08-31 00:15:00,0.5730469822883606,0.6015731
2018-08-30,2018-08-31 00:30:00,0.5378909707069397,0.8115455
2018-08-30,2018-08-31 00:45:00,0.4816409945487976,1.0004581
2018-08-30,2018-08-31 01:00:00,1.1285159587860107,1.1405891
2018-08-30,2018-08-31 01:15:00,1.1917970180511475,1.2398479
2018-08-30,2018-08-31 01:30:00,1.2761720418930054,1.500026
2018-08-30,2018-08-31 01:45:00,0.5695310235023499,1.5790647
2018-08-30,2018-08-31 02:00:00,0.4675779938697815,1.7029247
2018-08-30,2018-08-31 02:15:00,0.48515599966049194,1.8769455
2018-08-30,2018-08-31 02:30:00,0.9667969942092896,2.1249304
2018-08-30,2018-08-31 02:45:00,1.8175779581069946,1.9857639
2018-08-30,2018-08-31 03:00:00,2.091797113418579,2.1288693
2018-08-30,2018-08-31 03:15:00,1.722656011581421,2.072873
2018-08-30,2018-08-31 03:30:00,1.0933589935302734,2.2340307
2018-08-30,2018-08-31 03:45:00,1.1460939645767212,2.230023
2018-08-30,2018-08-31 04:00:00,1.364061951637268,2.271483
2018-08-30,2018-08-31 04:15:00,1.3746089935302734,2.284599
2018-08-30,2018-08-31 04:30:00,1.132030963897705,2.2620041
2018-08-30,2018-08-31 04:45:00,0.5800780057907104,2.1042817
2018-08-30,2018-08-31 05:00:00,0.7875000238418579,1.9412427
2018-08-30,2018-08-31 05:15:00,0.7101560235023499,1.9969203
2018-08-30,2018-08-31 05:30:00,0.5554689764976501,1.8584921
2018-08-30,2018-08-31 05:45:00,0.6328120231628418,1.7030294
2018-08-30,2018-08-31 06:00:00,1.1109369993209839,1.6918377
2018-08-30,2018-08-31 06:15:00,1.082811951637268,1.519713
2018-08-30,2018-08-31 06:30:00,0.9210940003395081,1.5386999
2018-08-30,2018-08-31 06:45:00,0.8402339816093445,1.1885387
2018-08-30,2018-08-31 07:00:00,0.6398440003395081,1.1082624
2018-08-30,2018-08-31 07:15:00,0.7628909945487976,0.9903437
2018-08-30,2018-08-31 07:30:00,0.8789060115814209,0.8733069
2018-08-30,2018-08-31 07:45:00,0.6292970180511475,0.84604627
2018-08-30,2018-08-31 08:00:00,0.4464839994907379,0.71036
2018-08-30,2018-08-31 08:15:00,0.3621090054512024,0.6022886
2018-08-30,2018-08-31 08:30:00,0.37968701124191284,0.50850636
2018-08-30,2018-08-31 08:45:00,0.42890599370002747,0.51144445
2018-08-30,2018-08-31 09:00:00,0.3023439943790436,0.27364445
2018-08-30,2018-08-31 09:15:00,0.21445299685001373,0.16425128
2018-08-30,2018-08-31 09:30:00,0.18984399735927582,0.16563095
2018-08-30,2018-08-31 09:45:00,0.049219001084566116,0.19499011
2018-08-30,2018-08-31 10:00:00,0.049219001084566116,0.18610501
2018-08-30,2018-08-31 10:15:00,0.010546999983489513,0.22128204
2018-08-30,2018-08-31 10:30:00,0.0,0.087829016
2018-08-30,2018-08-31 10:45:00,0.0,0.051882107
2018-08-30,2018-08-31 11:00:00,0.0,0.06612672
2018-08-30,2018-08-31 11:15:00,0.0,0.10523455
2018-08-30,2018-08-31 11:30:00,0.0,0.05412476
2018-08-30,2018-08-31 11:45:00,0.0,0.0995879
2018-08-30,2018-08-31 12:00:00,0.0,0.10394979
2018-08-30,2018-08-31 12:15:00,0.0,0.16134106
2018-08-30,2018-08-31 12:30:00,0.0,0.23252752
2018-08-30,2018-08-31 12:45:00,0.0,0.18644801
2018-08-30,2018-08-31 13:00:00,0.0,0.12960726
2018-08-30,2018-08-31 13:15:00,0.0,0.08658418
2018-08-30,2018-08-31 13:30:00,0.0,0.19223762
2018-08-30,2018-08-31 13:45:00,0.0,0.10736447
2018-08-30,2018-08-31 14:00:00,0.0,0.05481459
2018-08-30,2018-08-31 14:15:00,0.0,0.1284966
2018-08-30,2018-08-31 14:30:00,0.0,0.15005067
2018-08-30,2018-08-31 14:45:00,0.0,0.10906853
2018-08-30,2018-08-31 15:00:00,0.0,0.06686851
2018-08-30,2018-08-31 15:15:00,0.0,0.13661517
2018-08-30,2018-08-31 15:30:00,0.0,0.0
2018-08-30,2018-08-31 15:45:00,0.0,0.05439381
2018-08-30,2018-08-31 16:00:00,0.0,0.015086417
2018-08-30,2018-08-31 16:15:00,0.0,0.07132638
2018-08-30,2018-08-31 16:30:00,0.0,0.09112853
2018-08-30,2018-08-31 16:45:00,0.0,0.0
2018-08-30,2018-08-31 17:00:00,0.0,0.03867362
2018-08-30,2018-08-31 17:15:00,0.0,0.08078519
2018-08-30,2018-08-31 17:30:00,0.0,0.047077842
2018-08-30,2018-08-31 17:45:00,0.0,0.0
2018-08-30,2018-08-31 18:00:00,0.0,0.039408743
2018-08-30,2018-08-31 18:15:00,0.0,0.074864134
2018-08-30,2018-08-31 18:30:00,0.0,0.07994476
2018-08-30,2018-08-31 18:45:00,0.0,0.18281324
2018-08-30,2018-08-31 19:00:00,0.0,0.011886981
2018-08-30,2018-08-31 19:15:00,0.0,0.06891103
2018-08-30,2018-08-31 19:30:00,0.0,0.095919654
2018-08-30,2018-08-31 19:45:00,0.0,0.023411823
2018-08-30,2018-08-31 20:00:00,0.0,0.043948133
2018-08-30,2018-08-31 20:15:00,0.0,0.0
2018-08-30,2018-08-31 20:30:00,0.0,0.0751079
2018-08-30,2018-08-31 20:45:00,0.0,0.051066536
2018-08-30,2018-08-31 21:00:00,0.0,0.00777908
2018-08-30,2018-08-31 21:15:00,0.0,0.0
2018-08-30,2018-08-31 21:30:00,0.0,0.0
2018-08-30,2018-08-31 21:45:00,0.0,0.0
2018-08-30,2018-08-31 22:00:00,0.0,0.0203674
2018-08-30,2018-08-31 22:15:00,0.0,0.0
2018-08-30,2018-08-31 22:30:00,0.0,0.10943149
2018-08-30,2018-08-31 22:45:00,0.052733998745679855,0.22889514
2018-08-30,2018-08-31 23:00:00,0.0703120008111,0.20057559
2018-08-30,2018-08-31 23:15:00,0.25312501192092896,0.32098293
2018-08-30,2018-08-31 23:30:00,0.4570310115814209,0.44296357
2018-08-30,2018-08-31 23:45:00,0.7910159826278687,0.72523767
2018-11-23,2018-11-24 00:00:00,0.2566410005092621,0.30096585
2018-11-23,2018-11-24 00:15:00,0.42539098858833313,0.43602782
2018-11-23,2018-11-24 00:30:00,0.6503909826278687,0.56830746
2018-11-23,2018-11-24 00:45:00,0.794530987739563,0.7333182
2018-11-23,2018-11-24 01:00:00,1.1039060354232788,0.8523051
2018-11-23,2018-11-24 01:15:00,1.3253910541534424,0.89771307
2018-11-23,2018-11-24 01:30:00,1.490625023841858,1.1728575
2018-11-23,2018-11-24 01:45:00,1.694530963897705,1.2445855
2018-11-23,2018-11-24 02:00:00,1.835155963897705,1.3019786
2018-11-23,2018-11-24 02:15:00,2.144531011581421,1.4034534
2018-11-23,2018-11-24 02:30:00,2.3132810592651367,1.6198648
2018-11-23,2018-11-24 02:45:00,2.513672113418579,1.623177
2018-11-23,2018-11-24 03:00:00,2.636718988418579,1.6939152
2018-11-23,2018-11-24 03:15:00,2.805469036102295,1.7038169
2018-11-23,2018-11-24 03:30:00,2.8863279819488525,1.7740848
2018-11-23,2018-11-24 03:45:00,2.9039061069488525,1.7500345
2018-11-23,2018-11-24 04:00:00,2.9390621185302734,1.7994542
2018-11-23,2018-11-24 04:15:00,2.9496090412139893,1.7896093
2018-11-23,2018-11-24 04:30:00,2.865233898162842,1.6672893
2018-11-23,2018-11-24 04:45:00,2.707031011581421,1.588041
2018-11-23,2018-11-24 05:00:00,2.82656192779541,1.4078851
2018-11-23,2018-11-24 05:15:00,2.68593692779541,1.502454
2018-11-23,2018-11-24 05:30:00,2.3695309162139893,1.2694929
2018-11-23,2018-11-24 05:45:00,2.242969036102295,1.1261088
2018-11-23,2018-11-24 06:00:00,2.1867189407348633,1.1567626
2018-11-23,2018-11-24 06:15:00,1.6664060354232788,1.06092
2018-11-23,2018-11-24 06:30:00,1.6488280296325684,0.98310906
2018-11-23,2018-11-24 06:45:00,1.5328119993209839,0.6796165
2018-11-23,2018-11-24 07:00:00,1.314844012260437,0.6331989
2018-11-23,2018-11-24 07:15:00,1.2937500476837158,0.49538875
2018-11-23,2018-11-24 07:30:00,0.39375001192092896,0.42669284
2018-11-23,2018-11-24 07:45:00,0.40781301259994507,0.37434545
2018-11-23,2018-11-24 08:00:00,0.5625,0.31682658
2018-11-23,2018-11-24 08:15:00,0.2355470061302185,0.16084117
2018-11-23,2018-11-24 08:30:00,0.1054690033197403,0.104674906
2018-11-23,2018-11-24 08:45:00,0.007031000219285488,0.1545829
2018-11-23,2018-11-24 09:00:00,0.0,0.0
2018-11-23,2018-11-24 09:15:00,0.0,0.0
2018-11-23,2018-11-24 09:30:00,0.0,0.0
2018-11-23,2018-11-24 09:45:00,0.0,0.0
2018-11-23,2018-11-24 10:00:00,0.0,0.008057089
2018-11-23,2018-11-24 10:15:00,0.0,0.027903477
2018-11-23,2018-11-24 10:30:00,0.0,0.0
2018-11-23,2018-11-24 10:45:00,0.0,0.0
2018-11-23,2018-11-24 11:00:00,0.0,0.019004362
2018-11-23,2018-11-24 11:15:00,0.0,0.0
2018-11-23,2018-11-24 11:30:00,0.0,0.0
2018-11-23,2018-11-24 11:45:00,0.0,0.06637981
2018-11-23,2018-11-24 12:00:00,0.0,0.10498314
2018-11-23,2018-11-24 12:15:00,0.0,0.14884071
2018-11-23,2018-11-24 12:30:00,0.0,0.076612815
2018-11-23,2018-11-24 12:45:00,0.0,0.15287934
2018-11-23,2018-11-24 13:00:00,0.0,0.12750159
2018-11-23,2018-11-24 13:15:00,0.0,0.1654967
2018-11-23,2018-11-24 13:30:00,0.0,0.33484876
2018-11-23,2018-11-24 13:45:00,0.0,0.26753718
2018-11-23,2018-11-24 14:00:00,0.0,0.104519136
2018-11-23,2018-11-24 14:15:00,0.0,0.15340692
2018-11-23,2018-11-24 14:30:00,0.0,0.21105532
2018-11-23,2018-11-24 14:45:00,0.0,0.13832049
2018-11-23,2018-11-24 15:00:00,0.0,0.052340183
2018-11-23,2018-11-24 15:15:00,0.0,0.11868775
2018-11-23,2018-11-24 15:30:00,0.0,0.045543145
2018-11-23,2018-11-24 15:45:00,0.0,0.058004733
2018-11-23,2018-11-24 16:00:00,0.0,0.12383351
2018-11-23,2018-11-24 16:15:00,0.0,0.10575302
2018-11-23,2018-11-24 16:30:00,0.0,0.062067103
2018-11-23,2018-11-24 16:45:00,0.0,0.00810542
2018-11-23,2018-11-24 17:00:00,0.0,0.0
2018-11-23,2018-11-24 17:15:00,0.0,0.06848468
2018-11-23,2018-11-24 17:30:00,0.0,0.0
2018-11-23,2018-11-24 17:45:00,0.0,0.0023809331
2018-11-23,2018-11-24 18:00:00,0.0,0.0
2018-11-23,2018-11-24 18:15:00,0.0,0.0
2018-11-23,2018-11-24 18:30:00,0.0,0.040335257
2018-11-23,2018-11-24 18:45:00,0.0,0.13807994
2018-11-23,2018-11-24 19:00:00,0.0,0.0
2018-11-23,2018-11-24 19:15:00,0.0,0.0
2018-11-23,2018-11-24 19:30:00,0.0,0.065564565
2018-11-23,2018-11-24 19:45:00,0.0,0.0
2018-11-23,2018-11-24 20:00:00,0.0,0.0
2018-11-23,2018-11-24 20:15:00,0.0,0.0069901333
2018-11-23,2018-11-24 20:30:00,0.0,0.0
2018-11-23,2018-11-24 20:45:00,0.0,0.038054798
2018-11-23,2018-11-24 21:00:00,0.0,0.0
2018-11-23,2018-11-24 21:15:00,0.0,0.0
2018-11-23,2018-11-24 21:30:00,0.0,0.0
2018-11-23,2018-11-24 21:45:00,0.0,0.0
2018-11-23,2018-11-24 22:00:00,0.0,0.0
2018-11-23,2018-11-24 22:15:00,0.0,0.0
2018-11-23,2018-11-24 22:30:00,0.0,0.0
2018-11-23,2018-11-24 22:45:00,0.0,0.083936684
2018-11-23,2018-11-24 23:00:00,0.0,0.14663614
2018-11-23,2018-11-24 23:15:00,0.0,0.12851581
2018-11-23,2018-11-24 23:30:00,0.04570300132036209,0.2609401
2018-11-23,2018-11-24 23:45:00,0.140625,0.4685888
2018-11-24,2018-11-25 00:00:00,0.27421900629997253,0.37113333
2018-11-24,2018-11-25 00:15:00,0.4816409945487976,0.49037796
2018-11-24,2018-11-25 00:30:00,0.7066410183906555,0.67575794
2018-11-24,2018-11-25 00:45:00,0.9210940003395081,0.9060302
2018-11-24,2018-11-25 01:00:00,1.1039060354232788,1.0410339
2018-11-24,2018-11-25 01:15:00,1.2550779581069946,1.1239792
2018-11-24,2018-11-25 01:30:00,1.4835939407348633,1.420965
2018-11-24,2018-11-25 01:45:00,1.6875,1.5283618
2018-11-24,2018-11-25 02:00:00,1.877344012260437,1.6414638
2018-11-24,2018-11-25 02:15:00,2.1128900051116943,1.7610129
2018-11-24,2018-11-25 02:30:00,2.3167970180511475,1.9339547
2018-11-24,2018-11-25 02:45:00,2.4996089935302734,1.9299628
2018-11-24,2018-11-25 03:00:00,2.5875000953674316,2.0797553
2018-11-24,2018-11-25 03:15:00,2.636718988418579,2.100956
2018-11-24,2018-11-25 03:30:00,2.7527339458465576,2.1687808
2018-11-24,2018-11-25 03:45:00,2.7703120708465576,2.114179
2018-11-24,2018-11-25 04:00:00,2.7914059162139893,2.182109
2018-11-24,2018-11-25 04:15:00,2.7562499046325684,2.1388712
2018-11-24,2018-11-25 04:30:00,2.7562499046325684,2.1051652
2018-11-24,2018-11-25 04:45:00,2.654297113418579,1.9662981
2018-11-24,2018-11-25 05:00:00,2.559375047683716,1.7583262
2018-11-24,2018-11-25 05:15:00,2.401171922683716,1.8118994
2018-11-24,2018-11-25 05:30:00,2.2289059162139893,1.5940126
2018-11-24,2018-11-25 05:45:00,2.116405963897705,1.4469959
2018-11-24,2018-11-25 06:00:00,2.003906011581421,1.4736239
2018-11-24,2018-11-25 06:15:00,1.7683589458465576,1.3068764
2018-11-24,2018-11-25 06:30:00,1.6066410541534424,1.2543007
2018-11-24,2018-11-25 06:45:00,1.4097659587860107,0.9047895
2018-11-24,2018-11-25 07:00:00,1.1847660541534424,0.8265856
2018-11-24,2018-11-25 07:15:00,1.0054689645767212,0.715087
2018-11-24,2018-11-25 07:30:00,0.7875000238418579,0.6271325
2018-11-24,2018-11-25 07:45:00,0.5976560115814209,0.5925082
2018-11-24,2018-11-25 08:00:00,0.41835901141166687,0.43817002
2018-11-24,2018-11-25 08:15:00,0.2566410005092621,0.34113622
2018-11-24,2018-11-25 08:30:00,0.13710899651050568,0.24957208
2018-11-24,2018-11-25 08:45:00,0.02812499925494194,0.23145232
2018-11-24,2018-11-25 09:00:00,0.0,0.07176408
2018-11-24,2018-11-25 09:15:00,0.0,0.0
2018-11-24,2018-11-25 09:30:00,0.0,0.02547115
2018-11-24,2018-11-25 09:45:00,0.0,0.038887788
2018-11-24,2018-11-25 10:00:00,0.0,0.008895178
2018-11-24,2018-11-25 10:15:00,0.0,0.06577981
2018-11-24,2018-11-25 10:30:00,0.0,0.0
2018-11-24,2018-11-25 10:45:00,0.0,0.0
2018-11-24,2018-11-25 11:00:00,0.0,0.001892237
2018-11-24,2018-11-25 11:15:00,0.0,0.0
2018-11-24,2018-11-25 11:30:00,0.0,0.0
2018-11-24,2018-11-25 11:45:00,0.0,0.07304529
2018-11-24,2018-11-25 12:00:00,0.0,0.06314697
2018-11-24,2018-11-25 12:15:00,0.0,0.14470072
2018-11-24,2018-11-25 12:30:00,0.0,0.11824989
2018-11-24,2018-11-25 12:45:00,0.0,0.1180853
2018-11-24,2018-11-25 13:00:00,0.0,0.10972352
2018-11-24,2018-11-25 13:15:00,0.0,0.12950727
2018-11-24,2018-11-25 13:30:00,0.0,0.2740914
2018-11-24,2018-11-25 13:45:00,0.0,0.24166356
2018-11-24,2018-11-25 14:00:00,0.0,0.08308543
2018-11-24,2018-11-25 14:15:00,0.0,0.09909118
2018-11-24,2018-11-25 14:30:00,0.0,0.2145613
2018-11-24,2018-11-25 14:45:00,0.0,0.1131287
2018-11-24,2018-11-25 15:00:00,0.0,0.043365497
2018-11-24,2018-11-25 15:15:00,0.0,0.1532931
2018-11-24,2018-11-25 15:30:00,0.0,0.021879936
2018-11-24,2018-11-25 15:45:00,0.0,0.03466064
2018-11-24,2018-11-25 16:00:00,0.0,0.09386789
2018-11-24,2018-11-25 16:15:00,0.0,0.11056307
2018-11-24,2018-11-25 16:30:00,0.0,0.06817898
2018-11-24,2018-11-25 16:45:00,0.0,0.032898996
2018-11-24,2018-11-25 17:00:00,0.0,0.0
2018-11-24,2018-11-25 17:15:00,0.0,0.058265757
2018-11-24,2018-11-25 17:30:00,0.0,0.048183993
2018-11-24,2018-11-25 17:45:00,0.0,0.0
2018-11-24,2018-11-25 18:00:00,0.0,0.05330275
2018-11-24,2018-11-25 18:15:00,0.0,0.036451608
2018-11-24,2018-11-25 18:30:00,0.0,0.08394842
2018-11-24,2018-11-25 18:45:00,0.0,0.15561913
2018-11-24,2018-11-25 19:00:00,0.0,0.0
2018-11-24,2018-11-25 19:15:00,0.0,0.0042112805
2018-11-24,2018-11-25 19:30:00,0.0,0.084229216
2018-11-24,2018-11-25 19:45:00,0.0,0.0
2018-11-24,2018-11-25 20:00:00,0.0,0.0
2018-11-24,2018-11-25 20:15:00,0.0,0.0
2018-11-24,2018-11-25 20:30:00,0.0,0.0
2018-11-24,2018-11-25 20:45:00,0.0,0.02821416
2018-11-24,2018-11-25 21:00:00,0.0,0.0
2018-11-24,2018-11-25 21:15:00,0.0,0.0
2018-11-24,2018-11-25 21:30:00,0.0,0.0
2018-11-24,2018-11-25 21:45:00,0.0,0.0
2018-11-24,2018-11-25 22:00:00,0.0,0.0
2018-11-24,2018-11-25 22:15:00,0.0,0.0
2018-11-24,2018-11-25 22:30:00,0.0,0.022598682
2018-11-24,2018-11-25 22:45:00,0.0,0.07632143
2018-11-24,2018-11-25 23:00:00,0.0,0.15557478
2018-11-24,2018-11-25 23:15:00,0.0,0.14471132
2018-11-24,2018-11-25 23:30:00,0.0,0.2841523
2018-11-24,2018-11-25 23:45:00,0.09843800216913223,0.53597605
2018-11-25,2018-11-26 00:00:00,0.22499999403953552,0.2864114
2018-11-25,2018-11-26 00:15:00,0.3550780117511749,0.3894834
2018-11-25,2018-11-26 00:30:00,0.5378909707069397,0.5605418
2018-11-25,2018-11-26 00:45:00,0.7347660064697266,0.7710445
2018-11-25,2018-11-26 01:00:00,1.1777340173721313,0.9048122
2018-11-25,2018-11-26 01:15:00,1.209375023841858,0.97306156
2018-11-25,2018-11-26 01:30:00,1.167186975479126,1.2574372
2018-11-25,2018-11-26 01:45:00,1.3605469465255737,1.3692029
2018-11-25,2018-11-26 02:00:00,1.4835939407348633,1.4595048
2018-11-25,2018-11-26 02:15:00,1.2339839935302734,1.5754604
2018-11-25,2018-11-26 02:30:00,1.9863280057907104,1.7514628
2018-11-25,2018-11-26 02:45:00,1.9441410303115845,1.7683856
2018-11-25,2018-11-26 03:00:00,2.010936975479126,1.8911752
2018-11-25,2018-11-26 03:15:00,2.119921922683716,1.9276104
2018-11-25,2018-11-26 03:30:00,2.1304690837860107,1.9932142
2018-11-25,2018-11-26 03:45:00,2.320312023162842,1.9383554
2018-11-25,2018-11-26 04:00:00,2.278125047683716,2.015228
2018-11-25,2018-11-26 04:15:00,2.366015911102295,1.9721305
2018-11-25,2018-11-26 04:30:00,2.144531011581421,1.9184649
2018-11-25,2018-11-26 04:45:00,2.583983898162842,1.8064156
2018-11-25,2018-11-26 05:00:00,2.4679689407348633,1.5930517
2018-11-25,2018-11-26 05:15:00,2.3343749046325684,1.6538059
2018-11-25,2018-11-26 05:30:00,1.9828120470046997,1.4388908
2018-11-25,2018-11-26 05:45:00,1.9722659587860107,1.2877631
2018-11-25,2018-11-26 06:00:00,1.722656011581421,1.3284216
2018-11-25,2018-11-26 06:15:00,1.6664060354232788,1.1783296
2018-11-25,2018-11-26 06:30:00,0.7734379768371582,1.1055396
2018-11-25,2018-11-26 06:45:00,0.9703119993209839,0.7713966
2018-11-25,2018-11-26 07:00:00,0.6187499761581421,0.7058786
2018-11-25,2018-11-26 07:15:00,0.6644530296325684,0.5789067
2018-11-25,2018-11-26 07:30:00,0.47460898756980896,0.52313185
2018-11-25,2018-11-26 07:45:00,0.33398398756980896,0.4748674
2018-11-25,2018-11-26 08:00:00,0.27773401141166687,0.33888164
2018-11-25,2018-11-26 08:15:00,0.14765599370002747,0.22063074
2018-11-25,2018-11-26 08:30:00,0.06328099966049194,0.14459434
2018-11-25,2018-11-26 08:45:00,0.0,0.15493159
2018-11-25,2018-11-26 09:00:00,0.0,0.0
2018-11-25,2018-11-26 09:15:00,0.0,0.0
2018-11-25,2018-11-26 09:30:00,0.0,0.0
2018-11-25,2018-11-26 09:45:00,0.0,0.0
2018-11-25,2018-11-26 10:00:00,0.0,0.0
2018-11-25,2018-11-26 10:15:00,0.0,0.016760368
2018-11-25,2018-11-26 10:30:00,0.0,0.0
2018-11-25,2018-11-26 10:45:00,0.0,0.0
2018-11-25,2018-11-26 11:00:00,0.0,0.004573112
2018-11-25,2018-11-26 11:15:00,0.0,0.0
2018-11-25,2018-11-26 11:30:00,0.0,0.0
2018-11-25,2018-11-26 11:45:00,0.0,0.086004384
2018-11-25,2018-11-26 12:00:00,0.0,0.09338934
2018-11-25,2018-11-26 12:15:00,0.0,0.13578202
2018-11-25,2018-11-26 12:30:00,0.0,0.10050752
2018-11-25,2018-11-26 12:45:00,0.0,0.13785487
2018-11-25,2018-11-26 13:00:00,0.0,0.12139183
2018-11-25,2018-11-26 13:15:00,0.0,0.16513143
2018-11-25,2018-11-26 13:30:00,0.0,0.33509877
2018-11-25,2018-11-26 13:45:00,0.0,0.2857355
2018-11-25,2018-11-26 14:00:00,0.0,0.11300293
2018-11-25,2018-11-26 14:15:00,0.0,0.12637718
2018-11-25,2018-11-26 14:30:00,0.0,0.24954768
2018-11-25,2018-11-26 14:45:00,0.0,0.13374458
2018-11-25,2018-11-26 15:00:00,0.0,0.052338425
2018-11-25,2018-11-26 15:15:00,0.0,0.14303368
2018-11-25,2018-11-26 15:30:00,0.0,0.045189627
2018-11-25,2018-11-26 15:45:00,0.0,0.041369557
2018-11-25,2018-11-26 16:00:00,0.0,0.11780022
2018-11-25,2018-11-26 16:15:00,0.0,0.10630023
2018-11-25,2018-11-26 16:30:00,0.0,0.056758713
2018-11-25,2018-11-26 16:45:00,0.0,0.025080124
2018-11-25,2018-11-26 17:00:00,0.0,0.0
2018-11-25,2018-11-26 17:15:00,0.0,0.042988725
2018-11-25,2018-11-26 17:30:00,0.0,0.0025540611
2018-11-25,2018-11-26 17:45:00,0.0,0.0
2018-11-25,2018-11-26 18:00:00,0.0,0.0055461526
2018-11-25,2018-11-26 18:15:00,0.0,0.014231404
2018-11-25,2018-11-26 18:30:00,0.0,0.064243555
2018-11-25,2018-11-26 18:45:00,0.0,0.14651579
2018-11-25,2018-11-26 19:00:00,0.0,0.0021908104
2018-11-25,2018-11-26 19:15:00,0.0,0.012702274
2018-11-25,2018-11-26 19:30:00,0.0,0.10079927
2018-11-25,2018-11-26 19:45:00,0.0,0.0
2018-11-25,2018-11-26 20:00:00,0.0,0.0
2018-11-25,2018-11-26 20:15:00,0.0,0.049079157
2018-11-25,2018-11-26 20:30:00,0.0,0.02048529
2018-11-25,2018-11-26 20:45:00,0.0,0.07088479
2018-11-25,2018-11-26 21:00:00,0.0,0.0
2018-11-25,2018-11-26 21:15:00,0.0,0.0
2018-11-25,2018-11-26 21:30:00,0.0,0.042512346
2018-11-25,2018-11-26 21:45:00,0.0,0.0
2018-11-25,2018-11-26 22:00:00,0.0,0.0
2018-11-25,2018-11-26 22:15:00,0.0,0.0
2018-11-25,2018-11-26 22:30:00,0.0,0.02233457
2018-11-25,2018-11-26 22:45:00,0.0,0.081049174
2018-11-25,2018-11-26 23:00:00,0.0,0.15161577
2018-11-25,2018-11-26 23:15:00,0.0,0.12490992
2018-11-25,2018-11-26 23:30:00,0.0,0.24410765
2018-11-25,2018-11-26 23:45:00,0.003515999997034669,0.46954718
2018-11-26,2018-11-27 00:00:00,0.22499999403953552,0.0
2018-11-26,2018-11-27 00:15:00,0.38320299983024597,0.027680827
2018-11-26,2018-11-27 00:30:00,0.5027340054512024,0.07605127
2018-11-26,2018-11-27 00:45:00,0.7664059996604919,0.16587718
2018-11-26,2018-11-27 01:00:00,0.9035159945487976,0.27519014
2018-11-26,2018-11-27 01:15:00,1.321874976158142,0.31139788
2018-11-26,2018-11-27 01:30:00,1.040624976158142,0.3872015
2018-11-26,2018-11-27 01:45:00,1.4695310592651367,0.4762254
2018-11-26,2018-11-27 02:00:00,1.4941409826278687,0.58149093
2018-11-26,2018-11-27 02:15:00,1.778905987739563,0.64894503
2018-11-26,2018-11-27 02:30:00,1.835155963897705,0.7925106
2018-11-26,2018-11-27 02:45:00,2.0882809162139893,0.8535064
2018-11-26,2018-11-27 03:00:00,2.0460939407348633,0.9559544
2018-11-26,2018-11-27 03:15:00,2.1656250953674316,1.0445704
2018-11-26,2018-11-27 03:30:00,2.239453077316284,1.1498313
2018-11-26,2018-11-27 03:45:00,2.3343749046325684,1.1926228
2018-11-26,2018-11-27 04:00:00,2.4117190837860107,1.2558029
2018-11-26,2018-11-27 04:15:00,2.5277340412139893,1.3123364
2018-11-26,2018-11-27 04:30:00,2.5171871185302734,1.3201123
2018-11-26,2018-11-27 04:45:00,2.6085939407348633,1.3825865
2018-11-26,2018-11-27 05:00:00,2.5980470180511475,1.2808119
2018-11-26,2018-11-27 05:15:00,2.520703077316284,1.2744577
2018-11-26,2018-11-27 05:30:00,2.137500047683716,1.2232732
2018-11-26,2018-11-27 05:45:00,1.835155963897705,1.0401411
2018-11-26,2018-11-27 06:00:00,1.6417969465255737,1.1829909
2018-11-26,2018-11-27 06:15:00,1.4730470180511475,0.9862142
2018-11-26,2018-11-27 06:30:00,1.3113280534744263,0.95386374
2018-11-26,2018-11-27 06:45:00,1.1636719703674316,0.73611796
2018-11-26,2018-11-27 07:00:00,0.935155987739563,0.66521263
2018-11-26,2018-11-27 07:15:00,0.8789060115814209,0.5422214
2018-11-26,2018-11-27 07:30:00,0.6152340173721313,0.4950731
2018-11-26,2018-11-27 07:45:00,0.471094012260437,0.39947286
2018-11-26,2018-11-27 08:00:00,0.3621090054512024,0.22039339
2018-11-26,2018-11-27 08:15:00,0.3375000059604645,0.15445109
2018-11-26,2018-11-27 08:30:00,0.13359400629997253,0.07768605
2018-11-26,2018-11-27 08:45:00,0.049219001084566116,0.09192718
2018-11-26,2018-11-27 09:00:00,0.0,0.0
2018-11-26,2018-11-27 09:15:00,0.0,0.0
2018-11-26,2018-11-27 09:30:00,0.0,0.0
2018-11-26,2018-11-27 09:45:00,0.0,0.0
2018-11-26,2018-11-27 10:00:00,0.0,0.0
2018-11-26,2018-11-27 10:15:00,0.0,0.0
2018-11-26,2018-11-27 10:30:00,0.0,0.0
2018-11-26,2018-11-27 10:45:00,0.0,0.0
2018-11-26,2018-11-27 11:00:00,0.0,0.0
2018-11-26,2018-11-27 11:15:00,0.0,0.0
2018-11-26,2018-11-27 11:30:00,0.0,0.0
2018-11-26,2018-11-27 11:45:00,0.0,0.07330492
2018-11-26,2018-11-27 12:00:00,0.0,0.12910472
2018-11-26,2018-11-27 12:15:00,0.0,0.0036479798
2018-11-26,2018-11-27 12:30:00,0.0,0.11852566
2018-11-26,2018-11-27 12:45:00,0.0,0.16565678
2018-11-26,2018-11-27 13:00:00,0.0,0.10774614
2018-11-26,2018-11-27 13:15:00,0.0,0.19020201
2018-11-26,2018-11-27 13:30:00,0.0,0.33709973
2018-11-26,2018-11-27 13:45:00,0.0,0.26912272
2018-11-26,2018-11-27 14:00:00,0.0,0.18598129
2018-11-26,2018-11-27 14:15:00,0.0,0.23592731
2018-11-26,2018-11-27 14:30:00,0.0,0.3359573
2018-11-26,2018-11-27 14:45:00,0.0,0.23681875
2018-11-26,2018-11-27 15:00:00,0.0,0.18287848
2018-11-26,2018-11-27 15:15:00,0.0,0.10710214
2018-11-26,2018-11-27 15:30:00,0.0,0.12244093
2018-11-26,2018-11-27 15:45:00,0.0,0.13348895
2018-11-26,2018-11-27 16:00:00,0.0,0.18450177
2018-11-26,2018-11-27 16:15:00,0.0,0.13706833
2018-11-26,2018-11-27 16:30:00,0.0,0.0
2018-11-26,2018-11-27 16:45:00,0.0,0.0033121966
2018-11-26,2018-11-27 17:00:00,0.0,0.0
2018-11-26,2018-11-27 17:15:00,0.0,0.0
2018-11-26,2018-11-27 17:30:00,0.0,0.0
2018-11-26,2018-11-27 17:45:00,0.0,0.0
2018-11-26,2018-11-27 18:00:00,0.0,0.0
2018-11-26,2018-11-27 18:15:00,0.0,0.044611614
2018-11-26,2018-11-27 18:30:00,0.0,0.005342574
2018-11-26,2018-11-27 18:45:00,0.0,0.104627326
2018-11-26,2018-11-27 19:00:00,0.0,0.15558665
2018-11-26,2018-11-27 19:15:00,0.0,0.097755425
2018-11-26,2018-11-27 19:30:00,0.0,0.15906565
2018-11-26,2018-11-27 19:45:00,0.0,0.15006344
2018-11-26,2018-11-27 20:00:00,0.0,0.17848817
2018-11-26,2018-11-27 20:15:00,0.0,0.3317295
2018-11-26,2018-11-27 20:30:00,0.0,0.28967285
2018-11-26,2018-11-27 20:45:00,0.0,0.3184528
2018-11-26,2018-11-27 21:00:00,0.0,0.33506876
2018-11-26,2018-11-27 21:15:00,0.0,0.3156381
2018-11-26,2018-11-27 21:30:00,0.0,0.42814684
2018-11-26,2018-11-27 21:45:00,0.0,0.3762709
2018-11-26,2018-11-27 22:00:00,0.0,0.2544075
2018-11-26,2018-11-27 22:15:00,0.0,0.29568034
2018-11-26,2018-11-27 22:30:00,0.0,0.284576
2018-11-26,2018-11-27 22:45:00,0.0,0.3183397
2018-11-26,2018-11-27 23:00:00,0.0,0.2949005
2018-11-26,2018-11-27 23:15:00,0.0,0.30698717
2018-11-26,2018-11-27 23:30:00,0.014062000438570976,0.36520264
2018-11-26,2018-11-27 23:45:00,0.10898400098085403,0.33856335
2018-11-27,2018-11-28 00:00:00,0.21445299685001373,0.28928572
2018-11-27,2018-11-28 00:15:00,0.3621090054512024,0.39427188
2018-11-27,2018-11-28 00:30:00,0.5273439884185791,0.5584444
2018-11-27,2018-11-28 00:45:00,0.6996089816093445,0.74763525
2018-11-27,2018-11-28 01:00:00,0.8542969822883606,0.8754912
2018-11-27,2018-11-28 01:15:00,1.040624976158142,0.9366044
2018-11-27,2018-11-28 01:30:00,1.2796880006790161,1.2198535
2018-11-27,2018-11-28 01:45:00,1.4730470180511475,1.3225269
2018-11-27,2018-11-28 02:00:00,1.652343988418579,1.3967527
2018-11-27,2018-11-28 02:15:00,1.821094036102295,1.508688
2018-11-27,2018-11-28 02:30:00,1.9792970418930054,1.7072308
2018-11-27,2018-11-28 02:45:00,2.119921922683716,1.7128946
2018-11-27,2018-11-28 03:00:00,2.1761720180511475,1.8160546
2018-11-27,2018-11-28 03:15:00,2.3238279819488525,1.8462282
2018-11-27,2018-11-28 03:30:00,2.383594036102295,1.9151572
2018-11-27,2018-11-28 03:45:00,2.415234088897705,1.8751525
2018-11-27,2018-11-28 04:00:00,2.418750047683716,1.9420376
2018-11-27,2018-11-28 04:15:00,2.4820311069488525,1.9004681
2018-11-27,2018-11-28 04:30:00,2.4644529819488525,1.826445
2018-11-27,2018-11-28 04:45:00,2.380078077316284,1.726848
2018-11-27,2018-11-28 05:00:00,2.3449220657348633,1.5165621
2018-11-27,2018-11-28 05:15:00,2.1937499046325684,1.5908841
2018-11-27,2018-11-28 05:30:00,2.074218988418579,1.3737307
2018-11-27,2018-11-28 05:45:00,1.9546869993209839,1.2246614
2018-11-27,2018-11-28 06:00:00,1.7648439407348633,1.2622828
2018-11-27,2018-11-28 06:15:00,1.6066410541534424,1.1274897
2018-11-27,2018-11-28 06:30:00,1.5292969942092896,1.0656549
2018-11-27,2018-11-28 06:45:00,1.371093988418579,0.7331185
2018-11-27,2018-11-28 07:00:00,1.160156011581421,0.68074435
2018-11-27,2018-11-28 07:15:00,0.9878910183906555,0.54536194
2018-11-27,2018-11-28 07:30:00,0.7839840054512024,0.48869407
2018-11-27,2018-11-28 07:45:00,0.5765630006790161,0.4381666
2018-11-27,2018-11-28 08:00:00,0.42539098858833313,0.33755082
2018-11-27,2018-11-28 08:15:00,0.2601560056209564,0.20107302
2018-11-27,2018-11-28 08:30:00,0.13710899651050568,0.13877723
2018-11-27,2018-11-28 08:45:00,0.03867200016975403,0.16696848
2018-11-27,2018-11-28 09:00:00,0.0,0.0
2018-11-27,2018-11-28 09:15:00,0.0,0.0
2018-11-27,2018-11-28 09:30:00,0.0,0.0
2018-11-27,2018-11-28 09:45:00,0.0,0.0
2018-11-27,2018-11-28 10:00:00,0.0,0.0
2018-11-27,2018-11-28 10:15:00,0.0,0.03499166
2018-11-27,2018-11-28 10:30:00,0.0,0.0
2018-11-27,2018-11-28 10:45:00,0.0,0.0
2018-11-27,2018-11-28 11:00:00,0.0,0.01672836
2018-11-27,2018-11-28 11:15:00,0.0,0.0
2018-11-27,2018-11-28 11:30:00,0.0,0.0
2018-11-27,2018-11-28 11:45:00,0.0,0.08653548
2018-11-27,2018-11-28 12:00:00,0.0,0.10348796
2018-11-27,2018-11-28 12:15:00,0.0,0.14570303
2018-11-27,2018-11-28 12:30:00,0.0,0.088696405
2018-11-27,2018-11-28 12:45:00,0.0,0.14341928
2018-11-27,2018-11-28 13:00:00,0.0,0.12818725
2018-11-27,2018-11-28 13:15:00,0.0,0.16637962
2018-11-27,2018-11-28 13:30:00,0.0,0.3433725
2018-11-27,2018-11-28 13:45:00,0.0,0.28624558
2018-11-27,2018-11-28 14:00:00,0.0,0.12182391
2018-11-27,2018-11-28 14:15:00,0.0,0.14618571
2018-11-27,2018-11-28 14:30:00,0.0,0.2424327
2018-11-27,2018-11-28 14:45:00,0.0,0.1485254
2018-11-27,2018-11-28 15:00:00,0.0,0.050847135
2018-11-27,2018-11-28 15:15:00,0.0,0.14309238
2018-11-27,2018-11-28 15:30:00,0.0,0.053914722
2018-11-27,2018-11-28 15:45:00,0.0,0.05489193
2018-11-27,2018-11-28 16:00:00,0.0,0.13319965
2018-11-27,2018-11-28 16:15:00,0.0,0.11654129
2018-11-27,2018-11-28 16:30:00,0.0,0.070809156
2018-11-27,2018-11-28 16:45:00,0.0,0.037494358
2018-11-27,2018-11-28 17:00:00,0.0,0.0
2018-11-27,2018-11-28 17:15:00,0.0,0.055208247
2018-11-27,2018-11-28 17:30:00,0.0,0.0
2018-11-27,2018-11-28 17:45:00,0.0,0.0
2018-11-27,2018-11-28 18:00:00,0.0,0.0
2018-11-27,2018-11-28 18:15:00,0.0,0.012385276
2018-11-27,2018-11-28 18:30:00,0.0,0.063733764
2018-11-27,2018-11-28 18:45:00,0.0,0.14340293
2018-11-27,2018-11-28 19:00:00,0.0,0.0
2018-11-27,2018-11-28 19:15:00,0.0,0.0
2018-11-27,2018-11-28 19:30:00,0.0,0.085303105
2018-11-27,2018-11-28 19:45:00,0.0,0.0
2018-11-27,2018-11-28 20:00:00,0.0,0.0
2018-11-27,2018-11-28 20:15:00,0.0,0.029120343
2018-11-27,2018-11-28 20:30:00,0.0,0.004376842
2018-11-27,2018-11-28 20:45:00,0.0,0.051165394
2018-11-27,2018-11-28 21:00:00,0.0,0.0
2018-11-27,2018-11-28 21:15:00,0.0,0.0
2018-11-27,2018-11-28 21:30:00,0.0,0.010052735
2018-11-27,2018-11-28 21:45:00,0.0,0.0
2018-11-27,2018-11-28 22:00:00,0.0,0.0
2018-11-27,2018-11-28 22:15:00,0.0,0.0
2018-11-27,2018-11-28 22:30:00,0.0,0.0
2018-11-27,2018-11-28 22:45:00,0.0,0.070198014
2018-11-27,2018-11-28 23:00:00,0.0,0.12597607
2018-11-27,2018-11-28 23:15:00,0.0,0.1142328
2018-11-27,2018-11-28 23:30:00,0.021093999966979027,0.2339068
2018-11-27,2018-11-28 23:45:00,0.031640999019145966,0.4499952
2018-11-28,2018-11-29 00:00:00,0.23906299471855164,0.05457083
2018-11-28,2018-11-29 00:15:00,0.3972660005092621,0.08297123
2018-11-28,2018-11-29 00:30:00,0.583594024181366,0.18865214
2018-11-28,2018-11-29 00:45:00,0.7699220180511475,0.29444075
2018-11-28,2018-11-29 01:00:00,0.9246090054512024,0.42149654
2018-11-28,2018-11-29 01:15:00,1.1285159587860107,0.47253013
2018-11-28,2018-11-29 01:30:00,1.3324220180511475,0.62061
2018-11-28,2018-11-29 01:45:00,1.5152339935302734,0.7153434
2018-11-28,2018-11-29 02:00:00,1.6839840412139893,0.8020392
2018-11-28,2018-11-29 02:15:00,1.8175779581069946,0.8887464
2018-11-28,2018-11-29 02:30:00,1.9863280057907104,1.0423867
2018-11-28,2018-11-29 02:45:00,2.067188024520874,1.0987152
2018-11-28,2018-11-29 03:00:00,2.2183589935302734,1.2018396
2018-11-28,2018-11-29 03:15:00,2.348438024520874,1.3096124
2018-11-28,2018-11-29 03:30:00,2.3941400051116943,1.391788
2018-11-28,2018-11-29 03:45:00,2.348438024520874,1.4107487
2018-11-28,2018-11-29 04:00:00,2.460937976837158,1.4879985
2018-11-28,2018-11-29 04:15:00,2.4363279342651367,1.5053494
2018-11-28,2018-11-29 04:30:00,2.3695309162139893,1.5014595
2018-11-28,2018-11-29 04:45:00,2.3238279819488525,1.5110466
2018-11-28,2018-11-29 05:00:00,2.25,1.3614349
2018-11-28,2018-11-29 05:15:00,2.144531011581421,1.4039118
2018-11-28,2018-11-29 05:30:00,2.091797113418579,1.3070763
2018-11-28,2018-11-29 05:45:00,1.9582029581069946,1.109019
2018-11-28,2018-11-29 06:00:00,1.8246090412139893,1.2311921
2018-11-28,2018-11-29 06:15:00,1.6277339458465576,1.0457444
2018-11-28,2018-11-29 06:30:00,1.40625,1.0143847
2018-11-28,2018-11-29 06:45:00,1.3429689407348633,0.75154895
2018-11-28,2018-11-29 07:00:00,1.068750023841858,0.70202816
2018-11-28,2018-11-29 07:15:00,0.8964840173721313,0.55159724
2018-11-28,2018-11-29 07:30:00,0.6996089816093445,0.5106298
2018-11-28,2018-11-29 07:45:00,0.5097659826278687,0.42952347
2018-11-28,2018-11-29 08:00:00,0.35859400033950806,0.25451183
2018-11-28,2018-11-29 08:15:00,0.21796900033950806,0.15579838
2018-11-28,2018-11-29 08:30:00,0.10898400098085403,0.08737872
2018-11-28,2018-11-29 08:45:00,0.0,0.108165905
2018-11-28,2018-11-29 09:00:00,0.0,0.0
2018-11-28,2018-11-29 09:15:00,0.0,0.0
2018-11-28,2018-11-29 09:30:00,0.0,0.0
2018-11-28,2018-11-29 09:45:00,0.0,0.0
2018-11-28,2018-11-29 10:00:00,0.0,0.0
2018-11-28,2018-11-29 10:15:00,0.0,0.0
2018-11-28,2018-11-29 10:30:00,0.0,0.0
2018-11-28,2018-11-29 10:45:00,0.0,0.0
2018-11-28,2018-11-29 11:00:00,0.0,0.0
2018-11-28,2018-11-29 11:15:00,0.0,0.0
2018-11-28,2018-11-29 11:30:00,0.0,0.0
2018-11-28,2018-11-29 11:45:00,0.0,0.05610118
2018-11-28,2018-11-29 12:00:00,0.0,0.112162694
2018-11-28,2018-11-29 12:15:00,0.0,0.0137825
2018-11-28,2018-11-29 12:30:00,0.0,0.07248271
2018-11-28,2018-11-29 12:45:00,0.0,0.13892134
2018-11-28,2018-11-29 13:00:00,0.0,0.097237326
2018-11-28,2018-11-29 13:15:00,0.0,0.18019395
2018-11-28,2018-11-29 13:30:00,0.0,0.34907043
2018-11-28,2018-11-29 13:45:00,0.0,0.26104924
2018-11-28,2018-11-29 14:00:00,0.0,0.1553813
2018-11-28,2018-11-29 14:15:00,0.0,0.19361024
2018-11-28,2018-11-29 14:30:00,0.0,0.31704155
2018-11-28,2018-11-29 14:45:00,0.0,0.20943876
2018-11-28,2018-11-29 15:00:00,0.0,0.099914856
2018-11-28,2018-11-29 15:15:00,0.0,0.1276689
2018-11-28,2018-11-29 15:30:00,0.0,0.09946914
2018-11-28,2018-11-29 15:45:00,0.0,0.07977587
2018-11-28,2018-11-29 16:00:00,0.0,0.18939528
2018-11-28,2018-11-29 16:15:00,0.0,0.11457598
2018-11-28,2018-11-29 16:30:00,0.0,0.005563394
2018-11-28,2018-11-29 16:45:00,0.0,0.007433832
2018-11-28,2018-11-29 17:00:00,0.0,0.0
2018-11-28,2018-11-29 17:15:00,0.0,0.0
2018-11-28,2018-11-29 17:30:00,0.0,0.0
2018-11-28,2018-11-29 17:45:00,0.0,0.0
2018-11-28,2018-11-29 18:00:00,0.0,0.0
2018-11-28,2018-11-29 18:15:00,0.0,0.0
2018-11-28,2018-11-29 18:30:00,0.0,0.0
2018-11-28,2018-11-29 18:45:00,0.0,0.11112825
2018-11-28,2018-11-29 19:00:00,0.0,0.0757561
2018-11-28,2018-11-29 19:15:00,0.0,0.0557276
2018-11-28,2018-11-29 19:30:00,0.0,0.13370459
2018-11-28,2018-11-29 19:45:00,0.0,0.0890326
2018-11-28,2018-11-29 20:00:00,0.0,0.10656476
2018-11-28,2018-11-29 20:15:00,0.0,0.25193754
2018-11-28,2018-11-29 20:30:00,0.0,0.18526126
2018-11-28,2018-11-29 20:45:00,0.0,0.21761253
2018-11-28,2018-11-29 21:00:00,0.0,0.20058373
2018-11-28,2018-11-29 21:15:00,0.0,0.16762324
2018-11-28,2018-11-29 21:30:00,0.0,0.32355458
2018-11-28,2018-11-29 21:45:00,0.0,0.22160143
2018-11-28,2018-11-29 22:00:00,0.0,0.12132725
2018-11-28,2018-11-29 22:15:00,0.0,0.1475332
2018-11-28,2018-11-29 22:30:00,0.0,0.15952922
2018-11-28,2018-11-29 22:45:00,0.0,0.21808057
2018-11-28,2018-11-29 23:00:00,0.0,0.20998232
2018-11-28,2018-11-29 23:15:00,0.0,0.20178145
2018-11-28,2018-11-29 23:30:00,0.014062000438570976,0.25863945
2018-11-28,2018-11-29 23:45:00,0.1054690033197403,0.31472862
2018-11-29,2018-11-30 00:00:00,0.22499999403953552,0.28219646
2018-11-29,2018-11-30 00:15:00,0.3550780117511749,0.39976892
2018-11-29,2018-11-30 00:30:00,0.513280987739563,0.55478287
2018-11-29,2018-11-30 00:45:00,0.675000011920929,0.72901136
2018-11-29,2018-11-30 01:00:00,0.8261719942092896,0.85911286
2018-11-29,2018-11-30 01:15:00,0.956250011920929,0.9084813
2018-11-29,2018-11-30 01:30:00,0.984375,1.1806271
2018-11-29,2018-11-30 01:45:00,0.9175779819488525,1.2804708
2018-11-29,2018-11-30 02:00:00,1.1917970180511475,1.3287394
2018-11-29,2018-11-30 02:15:00,1.2761720418930054,1.4342189
2018-11-29,2018-11-30 02:30:00,1.5996090173721313,1.6138672
2018-11-29,2018-11-30 02:45:00,1.9582029581069946,1.6538742
2018-11-29,2018-11-30 03:00:00,2.0636720657348633,1.7249866
2018-11-29,2018-11-30 03:15:00,2.214843988418579,1.7794886
2018-11-29,2018-11-30 03:30:00,2.2359371185302734,1.8231598
2018-11-29,2018-11-30 03:45:00,2.3238279819488525,1.7806627
2018-11-29,2018-11-30 04:00:00,2.3238279819488525,1.8447671
2018-11-29,2018-11-30 04:15:00,2.3062500953674316,1.8035917
2018-11-29,2018-11-30 04:30:00,2.3238279819488525,1.7107838
2018-11-29,2018-11-30 04:45:00,2.0179688930511475,1.6178085
2018-11-29,2018-11-30 05:00:00,1.589061975479126,1.4197745
2018-11-29,2018-11-30 05:15:00,1.975780963897705,1.5017539
2018-11-29,2018-11-30 05:30:00,1.680469036102295,1.275479
2018-11-29,2018-11-30 05:45:00,1.5257810354232788,1.120748
2018-11-29,2018-11-30 06:00:00,1.6699219942092896,1.1618767
2018-11-29,2018-11-30 06:15:00,1.490625023841858,1.0388503
2018-11-29,2018-11-30 06:30:00,1.4167970418930054,0.95602715
2018-11-29,2018-11-30 06:45:00,0.9808589816093445,0.64563376
2018-11-29,2018-11-30 07:00:00,0.8507810235023499,0.5995265
2018-11-29,2018-11-30 07:15:00,0.5730469822883606,0.46568993
2018-11-29,2018-11-30 07:30:00,0.37968701124191284,0.41296417
2018-11-29,2018-11-30 07:45:00,0.24257799983024597,0.35273373
2018-11-29,2018-11-30 08:00:00,0.2460940033197403,0.26694265
2018-11-29,2018-11-30 08:15:00,0.1757809966802597,0.12334703
2018-11-29,2018-11-30 08:30:00,0.03515600040555,0.07171604
2018-11-29,2018-11-30 08:45:00,0.010546999983489513,0.09800574
2018-11-29,2018-11-30 09:00:00,0.0,0.0
2018-11-29,2018-11-30 09:15:00,0.0,0.0
2018-11-29,2018-11-30 09:30:00,0.0,0.0
2018-11-29,2018-11-30 09:45:00,0.0,0.0
2018-11-29,2018-11-30 10:00:00,0.0,0.0
2018-11-29,2018-11-30 10:15:00,0.0,0.0
2018-11-29,2018-11-30 10:30:00,0.0,0.0
2018-11-29,2018-11-30 10:45:00,0.0,0.0
2018-11-29,2018-11-30 11:00:00,0.0,0.009662737
2018-11-29,2018-11-30 11:15:00,0.0,0.0
2018-11-29,2018-11-30 11:30:00,0.0,0.0
2018-11-29,2018-11-30 11:45:00,0.0,0.07940918
2018-11-29,2018-11-30 12:00:00,0.0,0.10325292
2018-11-29,2018-11-30 12:15:00,0.0,0.14348544
2018-11-29,2018-11-30 12:30:00,0.0,0.06560229
2018-11-29,2018-11-30 12:45:00,0.0,0.14239287
2018-11-29,2018-11-30 13:00:00,0.0,0.13976307
2018-11-29,2018-11-30 13:15:00,0.0,0.19619204
2018-11-29,2018-11-30 13:30:00,0.0,0.36350256
2018-11-29,2018-11-30 13:45:00,0.0,0.30478027
2018-11-29,2018-11-30 14:00:00,0.0,0.1293849
2018-11-29,2018-11-30 14:15:00,0.0,0.15827322
2018-11-29,2018-11-30 14:30:00,0.0,0.25300688
2018-11-29,2018-11-30 14:45:00,0.0,0.15175602
2018-11-29,2018-11-30 15:00:00,0.0,0.048347306
2018-11-29,2018-11-30 15:15:00,0.0,0.14395648
2018-11-29,2018-11-30 15:30:00,0.0,0.07157138
2018-11-29,2018-11-30 15:45:00,0.0,0.04833284
2018-11-29,2018-11-30 16:00:00,0.0,0.15286389
2018-11-29,2018-11-30 16:15:00,0.0,0.113039546
2018-11-29,2018-11-30 16:30:00,0.0,0.06106194
2018-11-29,2018-11-30 16:45:00,0.0,0.03532222
2018-11-29,2018-11-30 17:00:00,0.0,0.0
2018-11-29,2018-11-30 17:15:00,0.0,0.057639457
2018-11-29,2018-11-30 17:30:00,0.0,0.0
2018-11-29,2018-11-30 17:45:00,0.0,0.0
2018-11-29,2018-11-30 18:00:00,0.0,0.0
2018-11-29,2018-11-30 18:15:00,0.0,0.0
2018-11-29,2018-11-30 18:30:00,0.0,0.039918713
2018-11-29,2018-11-30 18:45:00,0.0,0.13129264
2018-11-29,2018-11-30 19:00:00,0.0,0.0
2018-11-29,2018-11-30 19:15:00,0.0,0.0
2018-11-29,2018-11-30 19:30:00,0.0,0.07464682
2018-11-29,2018-11-30 19:45:00,0.0,0.0
2018-11-29,2018-11-30 20:00:00,0.0,0.0
2018-11-29,2018-11-30 20:15:00,0.0,0.043264776
2018-11-29,2018-11-30 20:30:00,0.0,0.0
2018-11-29,2018-11-30 20:45:00,0.0,0.041969977
2018-11-29,2018-11-30 21:00:00,0.0,0.0
2018-11-29,2018-11-30 21:15:00,0.0,0.0
2018-11-29,2018-11-30 21:30:00,0.0,0.013509677
2018-11-29,2018-11-30 21:45:00,0.0,0.0
2018-11-29,2018-11-30 22:00:00,0.0,0.0
2018-11-29,2018-11-30 22:15:00,0.0,0.0
2018-11-29,2018-11-30 22:30:00,0.0,0.0
2018-11-29,2018-11-30 22:45:00,0.0,0.06800389
2018-11-29,2018-11-30 23:00:00,0.0,0.14072025
2018-11-29,2018-11-30 23:15:00,0.0,0.10887641
2018-11-29,2018-11-30 23:30:00,0.0,0.22926444
2018-11-29,2018-11-30 23:45:00,0.0,0.4282693
