起报时间,预报时间,实际功率 (MW),PureLSTM预测功率 (MW)
2019-02-21,2019-02-22 00:00:00,0.2355470061302185,0.06554589
2019-02-21,2019-02-22 00:15:00,0.3621090054512024,0.12861899
2019-02-21,2019-02-22 00:30:00,0.40781301259994507,0.1299335
2019-02-21,2019-02-22 00:45:00,0.5484369993209839,0.14056441
2019-02-21,2019-02-22 01:00:00,0.5765630006790161,0.16033068
2019-02-21,2019-02-22 01:15:00,0.6468750238418579,0.21571551
2019-02-21,2019-02-22 01:30:00,0.7382810115814209,0.23060755
2019-02-21,2019-02-22 01:45:00,1.0546879768371582,0.28201035
2019-02-21,2019-02-22 02:00:00,1.2937500476837158,0.3276776
2019-02-21,2019-02-22 02:15:00,1.6628910303115845,0.3757266
2019-02-21,2019-02-22 02:30:00,2.021483898162842,0.4162947
2019-02-21,2019-02-22 02:45:00,1.8140619993209839,0.42706394
2019-02-21,2019-02-22 03:00:00,1.9722659587860107,0.4807742
2019-02-21,2019-02-22 03:15:00,1.9968750476837158,0.5151457
2019-02-21,2019-02-22 03:30:00,1.6628910303115845,0.5561949
2019-02-21,2019-02-22 03:45:00,1.652343988418579,0.5638579
2019-02-21,2019-02-22 04:00:00,1.884374976158142,0.6226639
2019-02-21,2019-02-22 04:15:00,2.010936975479126,0.64441335
2019-02-21,2019-02-22 04:30:00,2.26406192779541,0.7067543
2019-02-21,2019-02-22 04:45:00,2.1656250953674316,0.7503181
2019-02-21,2019-02-22 05:00:00,2.366015911102295,0.8127456
2019-02-21,2019-02-22 05:15:00,2.3449220657348633,0.8474203
2019-02-21,2019-02-22 05:30:00,1.8070310354232788,0.84268343
2019-02-21,2019-02-22 05:45:00,1.6769529581069946,0.85638636
2019-02-21,2019-02-22 06:00:00,2.0531249046325684,0.80444366
2019-02-21,2019-02-22 06:15:00,2.5910160541534424,0.8183727
2019-02-21,2019-02-22 06:30:00,1.7156250476837158,0.76822525
2019-02-21,2019-02-22 06:45:00,1.5011719465255737,0.7324223
2019-02-21,2019-02-22 07:00:00,1.3394529819488525,0.69818807
2019-02-21,2019-02-22 07:15:00,1.2621090412139893,0.6586353
2019-02-21,2019-02-22 07:30:00,1.082811951637268,0.59472865
2019-02-21,2019-02-22 07:45:00,1.0230469703674316,0.52352834
2019-02-21,2019-02-22 08:00:00,1.4589840173721313,0.5028279
2019-02-21,2019-02-22 08:15:00,1.6769529581069946,0.42863446
2019-02-21,2019-02-22 08:30:00,1.5644530057907104,0.34647733
2019-02-21,2019-02-22 08:45:00,1.1531250476837158,0.3067753
2019-02-21,2019-02-22 09:00:00,0.5203120112419128,0.31338358
2019-02-21,2019-02-22 09:15:00,0.1863279938697815,0.23003818
2019-02-21,2019-02-22 09:30:00,0.16523399949073792,0.17908722
2019-02-21,2019-02-22 09:45:00,0.09492199867963791,0.14547874
2019-02-21,2019-02-22 10:00:00,0.0,0.0821659
2019-02-21,2019-02-22 10:15:00,0.0,0.04363955
2019-02-21,2019-02-22 10:30:00,0.0,0.022377541
2019-02-21,2019-02-22 10:45:00,0.0,0.0
2019-02-21,2019-02-22 11:00:00,0.0,0.0
2019-02-21,2019-02-22 11:15:00,0.0,0.0
2019-02-21,2019-02-22 11:30:00,0.0,0.0
2019-02-21,2019-02-22 11:45:00,0.0,0.0
2019-02-21,2019-02-22 12:00:00,0.0,0.0
2019-02-21,2019-02-22 12:15:00,0.0,0.0
2019-02-21,2019-02-22 12:30:00,0.0,0.018082624
2019-02-21,2019-02-22 12:45:00,0.0,0.037682775
2019-02-21,2019-02-22 13:00:00,0.0,0.03819048
2019-02-21,2019-02-22 13:15:00,0.0,0.060775727
2019-02-21,2019-02-22 13:30:00,0.0,0.05739588
2019-02-21,2019-02-22 13:45:00,0.0,0.08348224
2019-02-21,2019-02-22 14:00:00,0.0,0.074398115
2019-02-21,2019-02-22 14:15:00,0.0,0.063893534
2019-02-21,2019-02-22 14:30:00,0.0,0.03468817
2019-02-21,2019-02-22 14:45:00,0.0,0.022457948
2019-02-21,2019-02-22 15:00:00,0.0,0.022497432
2019-02-21,2019-02-22 15:15:00,0.0,0.01453221
2019-02-21,2019-02-22 15:30:00,0.0,0.0055306084
2019-02-21,2019-02-22 15:45:00,0.0,0.0054047923
2019-02-21,2019-02-22 16:00:00,0.0,0.0
2019-02-21,2019-02-22 16:15:00,0.0,0.0
2019-02-21,2019-02-22 16:30:00,0.0,0.0
2019-02-21,2019-02-22 16:45:00,0.0,0.0
2019-02-21,2019-02-22 17:00:00,0.0,0.0
2019-02-21,2019-02-22 17:15:00,0.0,0.017749969
2019-02-21,2019-02-22 17:30:00,0.0,0.021684146
2019-02-21,2019-02-22 17:45:00,0.0,0.023890644
2019-02-21,2019-02-22 18:00:00,0.0,0.018965537
2019-02-21,2019-02-22 18:15:00,0.0,0.027049022
2019-02-21,2019-02-22 18:30:00,0.0,0.02031661
2019-02-21,2019-02-22 18:45:00,0.0,0.029451765
2019-02-21,2019-02-22 19:00:00,0.0,0.042607263
2019-02-21,2019-02-22 19:15:00,0.0,0.03736526
2019-02-21,2019-02-22 19:30:00,0.0,0.053778682
2019-02-21,2019-02-22 19:45:00,0.0,0.050668243
2019-02-21,2019-02-22 20:00:00,0.0,0.05997964
2019-02-21,2019-02-22 20:15:00,0.0,0.06888777
2019-02-21,2019-02-22 20:30:00,0.0,0.0862134
2019-02-21,2019-02-22 20:45:00,0.0,0.08258363
2019-02-21,2019-02-22 21:00:00,0.0,0.09239411
2019-02-21,2019-02-22 21:15:00,0.0,0.09082824
2019-02-21,2019-02-22 21:30:00,0.0,0.10290285
2019-02-21,2019-02-22 21:45:00,0.0,0.120030716
2019-02-21,2019-02-22 22:00:00,0.0,0.12727898
2019-02-21,2019-02-22 22:15:00,0.0,0.12997441
2019-02-21,2019-02-22 22:30:00,0.0,0.15150802
2019-02-21,2019-02-22 22:45:00,0.0,0.1489274
2019-02-21,2019-02-22 23:00:00,0.0,0.18619809
2019-02-21,2019-02-22 23:15:00,0.007031000219285488,0.18997118
2019-02-21,2019-02-22 23:30:00,0.10898400098085403,0.22658639
2019-02-21,2019-02-22 23:45:00,0.21796900033950806,0.2487597
2019-02-22,2019-02-23 00:00:00,0.3515619933605194,0.30718088
2019-02-22,2019-02-23 00:15:00,0.5203120112419128,0.44951117
2019-02-22,2019-02-23 00:30:00,0.7347660064697266,0.5215263
2019-02-22,2019-02-23 00:45:00,0.9949219822883606,0.6170747
2019-02-22,2019-02-23 01:00:00,1.2410160303115845,0.74274915
2019-02-22,2019-02-23 01:15:00,1.4800779819488525,0.90728927
2019-02-22,2019-02-23 01:30:00,1.7121089696884155,1.0125998
2019-02-22,2019-02-23 01:45:00,2.003906011581421,1.1782056
2019-02-22,2019-02-23 02:00:00,2.267577886581421,1.3278626
2019-02-22,2019-02-23 02:15:00,2.5769529342651367,1.4874798
2019-02-22,2019-02-23 02:30:00,2.784374952316284,1.6232669
2019-02-22,2019-02-23 02:45:00,3.005858898162842,1.7034615
2019-02-22,2019-02-23 03:00:00,3.128906011581421,1.8498806
2019-02-22,2019-02-23 03:15:00,3.1746089458465576,1.912141
2019-02-22,2019-02-23 03:30:00,3.364453077316284,2.0025408
2019-02-22,2019-02-23 03:45:00,3.4558589458465576,2.0340185
2019-02-22,2019-02-23 04:00:00,3.533202886581421,2.1036458
2019-02-22,2019-02-23 04:15:00,3.6140620708465576,2.115175
2019-02-22,2019-02-23 04:30:00,3.6070311069488525,2.170304
2019-02-22,2019-02-23 04:45:00,3.3433589935302734,2.180104
2019-02-22,2019-02-23 05:00:00,3.4066410064697266,2.1708026
2019-02-22,2019-02-23 05:15:00,3.5718750953674316,2.145379
2019-02-22,2019-02-23 05:30:00,3.4945309162139893,2.0594296
2019-02-22,2019-02-23 05:45:00,3.2906250953674316,1.9733392
2019-02-22,2019-02-23 06:00:00,3.3539059162139893,1.8344759
2019-02-22,2019-02-23 06:15:00,3.244921922683716,1.7434745
2019-02-22,2019-02-23 06:30:00,2.946094036102295,1.5941051
2019-02-22,2019-02-23 06:45:00,2.960155963897705,1.441206
2019-02-22,2019-02-23 07:00:00,2.6332030296325684,1.318082
2019-02-22,2019-02-23 07:15:00,2.3871090412139893,1.1767946
2019-02-22,2019-02-23 07:30:00,2.102344036102295,1.0067813
2019-02-22,2019-02-23 07:45:00,1.919530987739563,0.85729784
2019-02-22,2019-02-23 08:00:00,1.5082030296325684,0.74327934
2019-02-22,2019-02-23 08:15:00,1.272655963897705,0.6127437
2019-02-22,2019-02-23 08:30:00,1.0371090173721313,0.44867945
2019-02-22,2019-02-23 08:45:00,0.7136719822883606,0.35473004
2019-02-22,2019-02-23 09:00:00,0.471094012260437,0.30171272
2019-02-22,2019-02-23 09:15:00,0.31992200016975403,0.21274868
2019-02-22,2019-02-23 09:30:00,0.1863279938697815,0.14713521
2019-02-22,2019-02-23 09:45:00,0.014062000438570976,0.10440663
2019-02-22,2019-02-23 10:00:00,0.0,0.056372214
2019-02-22,2019-02-23 10:15:00,0.0,0.014089932
2019-02-22,2019-02-23 10:30:00,0.0,0.001494729
2019-02-22,2019-02-23 10:45:00,0.0,0.0
2019-02-22,2019-02-23 11:00:00,0.0,0.0
2019-02-22,2019-02-23 11:15:00,0.0,0.0
2019-02-22,2019-02-23 11:30:00,0.0,0.0
2019-02-22,2019-02-23 11:45:00,0.0,0.0
2019-02-22,2019-02-23 12:00:00,0.0,0.0
2019-02-22,2019-02-23 12:15:00,0.0,0.0
2019-02-22,2019-02-23 12:30:00,0.0,0.0
2019-02-22,2019-02-23 12:45:00,0.0,0.0
2019-02-22,2019-02-23 13:00:00,0.0,0.0
2019-02-22,2019-02-23 13:15:00,0.0,0.0
2019-02-22,2019-02-23 13:30:00,0.0,0.0
2019-02-22,2019-02-23 13:45:00,0.0,0.0
2019-02-22,2019-02-23 14:00:00,0.0,0.0
2019-02-22,2019-02-23 14:15:00,0.0,0.0
2019-02-22,2019-02-23 14:30:00,0.0,0.0
2019-02-22,2019-02-23 14:45:00,0.0,0.0
2019-02-22,2019-02-23 15:00:00,0.0,0.0
2019-02-22,2019-02-23 15:15:00,0.0,0.0
2019-02-22,2019-02-23 15:30:00,0.0,0.0
2019-02-22,2019-02-23 15:45:00,0.0,0.0
2019-02-22,2019-02-23 16:00:00,0.0,0.0
2019-02-22,2019-02-23 16:15:00,0.0,0.0
2019-02-22,2019-02-23 16:30:00,0.0,0.0
2019-02-22,2019-02-23 16:45:00,0.0,0.0
2019-02-22,2019-02-23 17:00:00,0.0,0.0
2019-02-22,2019-02-23 17:15:00,0.0,0.0
2019-02-22,2019-02-23 17:30:00,0.0,0.0
2019-02-22,2019-02-23 17:45:00,0.0,0.0
2019-02-22,2019-02-23 18:00:00,0.0,0.0
2019-02-22,2019-02-23 18:15:00,0.0,0.0
2019-02-22,2019-02-23 18:30:00,0.0,0.0
2019-02-22,2019-02-23 18:45:00,0.0,0.0
2019-02-22,2019-02-23 19:00:00,0.0,0.0
2019-02-22,2019-02-23 19:15:00,0.0,0.0
2019-02-22,2019-02-23 19:30:00,0.0,0.0
2019-02-22,2019-02-23 19:45:00,0.0,0.0
2019-02-22,2019-02-23 20:00:00,0.0,0.004019769
2019-02-22,2019-02-23 20:15:00,0.0,0.0074431114
2019-02-22,2019-02-23 20:30:00,0.0,0.029719856
2019-02-22,2019-02-23 20:45:00,0.0,0.02810637
2019-02-22,2019-02-23 21:00:00,0.0,0.048185628
2019-02-22,2019-02-23 21:15:00,0.0,0.047146715
2019-02-22,2019-02-23 21:30:00,0.0,0.066012464
2019-02-22,2019-02-23 21:45:00,0.0,0.07398736
2019-02-22,2019-02-23 22:00:00,0.0,0.084963925
2019-02-22,2019-02-23 22:15:00,0.0,0.08976672
2019-02-22,2019-02-23 22:30:00,0.0,0.110575564
2019-02-22,2019-02-23 22:45:00,0.0,0.12119421
2019-02-22,2019-02-23 23:00:00,0.0,0.16993892
2019-02-22,2019-02-23 23:15:00,0.03515600040555,0.19208658
2019-02-22,2019-02-23 23:30:00,0.13359400629997253,0.26920563
2019-02-22,2019-02-23 23:45:00,0.22851599752902985,0.33533025
2019-02-23,2019-02-24 00:00:00,0.4007810056209564,0.47686508
2019-02-23,2019-02-24 00:15:00,0.5730469822883606,0.65478265
2019-02-23,2019-02-24 00:30:00,0.7699220180511475,0.8100235
2019-02-23,2019-02-24 00:45:00,0.956250011920929,0.9783812
2019-02-23,2019-02-24 01:00:00,1.209375023841858,1.190167
2019-02-23,2019-02-24 01:15:00,1.4660160541534424,1.4244307
2019-02-23,2019-02-24 01:30:00,1.6136720180511475,1.603406
2019-02-23,2019-02-24 01:45:00,1.8808590173721313,1.8486193
2019-02-23,2019-02-24 02:00:00,2.0777339935302734,2.0946202
2019-02-23,2019-02-24 02:15:00,1.9968750476837158,2.3277366
2019-02-23,2019-02-24 02:30:00,2.3589839935302734,2.5131736
2019-02-23,2019-02-24 02:45:00,2.5804688930511475,2.6486418
2019-02-23,2019-02-24 03:00:00,2.3519530296325684,2.8420024
2019-02-23,2019-02-24 03:15:00,2.0531249046325684,2.8944025
2019-02-23,2019-02-24 03:30:00,2.26406192779541,2.990311
2019-02-23,2019-02-24 03:45:00,1.9582029581069946,3.0134351
2019-02-23,2019-02-24 04:00:00,1.497655987739563,3.0545356
2019-02-23,2019-02-24 04:15:00,1.6347659826278687,3.017993
2019-02-23,2019-02-24 04:30:00,2.1410160064697266,3.0525296
2019-02-23,2019-02-24 04:45:00,1.9230469465255737,3.0389302
2019-02-23,2019-02-24 05:00:00,2.489063024520874,2.9813175
2019-02-23,2019-02-24 05:15:00,2.242969036102295,2.954093
2019-02-23,2019-02-24 05:30:00,1.6101560592651367,2.8258314
2019-02-23,2019-02-24 05:45:00,1.9968750476837158,2.7177253
2019-02-23,2019-02-24 06:00:00,1.4695310592651367,2.5294418
2019-02-23,2019-02-24 06:15:00,1.314844012260437,2.416782
2019-02-23,2019-02-24 06:30:00,1.3816410303115845,2.240869
2019-02-23,2019-02-24 06:45:00,1.2937500476837158,2.027969
2019-02-23,2019-02-24 07:00:00,1.1425780057907104,1.8722318
2019-02-23,2019-02-24 07:15:00,1.1636719703674316,1.683288
2019-02-23,2019-02-24 07:30:00,1.117969036102295,1.4597003
2019-02-23,2019-02-24 07:45:00,1.082811951637268,1.2555097
2019-02-23,2019-02-24 08:00:00,0.8085939884185791,1.0549287
2019-02-23,2019-02-24 08:15:00,0.6152340173721313,0.89077795
2019-02-23,2019-02-24 08:30:00,0.46406298875808716,0.64763725
2019-02-23,2019-02-24 08:45:00,0.33398398756980896,0.50515956
2019-02-23,2019-02-24 09:00:00,0.2355470061302185,0.3946761
2019-02-23,2019-02-24 09:15:00,0.16875000298023224,0.26830235
2019-02-23,2019-02-24 09:30:00,0.12656299769878387,0.18481335
2019-02-23,2019-02-24 09:45:00,0.021093999966979027,0.11416342
2019-02-23,2019-02-24 10:00:00,0.0,0.063443184
2019-02-23,2019-02-24 10:15:00,0.0,0.0
2019-02-23,2019-02-24 10:30:00,0.0,0.0
2019-02-23,2019-02-24 10:45:00,0.0,0.0
2019-02-23,2019-02-24 11:00:00,0.0,0.0
2019-02-23,2019-02-24 11:15:00,0.0,0.0
2019-02-23,2019-02-24 11:30:00,0.0,0.0
2019-02-23,2019-02-24 11:45:00,0.0,0.0
2019-02-23,2019-02-24 12:00:00,0.0,0.0
2019-02-23,2019-02-24 12:15:00,0.0,0.0
2019-02-23,2019-02-24 12:30:00,0.0,0.0
2019-02-23,2019-02-24 12:45:00,0.0,0.0
2019-02-23,2019-02-24 13:00:00,0.0,0.0
2019-02-23,2019-02-24 13:15:00,0.0,0.0
2019-02-23,2019-02-24 13:30:00,0.0,0.0
2019-02-23,2019-02-24 13:45:00,0.0,0.0
2019-02-23,2019-02-24 14:00:00,0.0,0.0
2019-02-23,2019-02-24 14:15:00,0.0,0.0
2019-02-23,2019-02-24 14:30:00,0.0,0.0
2019-02-23,2019-02-24 14:45:00,0.0,0.0
2019-02-23,2019-02-24 15:00:00,0.0,0.0
2019-02-23,2019-02-24 15:15:00,0.0,0.0
2019-02-23,2019-02-24 15:30:00,0.0,0.0
2019-02-23,2019-02-24 15:45:00,0.0,0.0
2019-02-23,2019-02-24 16:00:00,0.0,0.0
2019-02-23,2019-02-24 16:15:00,0.0,0.0
2019-02-23,2019-02-24 16:30:00,0.0,0.0
2019-02-23,2019-02-24 16:45:00,0.0,0.0
2019-02-23,2019-02-24 17:00:00,0.0,0.0
2019-02-23,2019-02-24 17:15:00,0.0,0.020328462
2019-02-23,2019-02-24 17:30:00,0.0,0.007485537
2019-02-23,2019-02-24 17:45:00,0.0,0.028603707
2019-02-23,2019-02-24 18:00:00,0.0,0.011023317
2019-02-23,2019-02-24 18:15:00,0.0,0.01478664
2019-02-23,2019-02-24 18:30:00,0.0,0.030455535
2019-02-23,2019-02-24 18:45:00,0.0,0.028719708
2019-02-23,2019-02-24 19:00:00,0.0,0.047134493
2019-02-23,2019-02-24 19:15:00,0.0,0.06146651
2019-02-23,2019-02-24 19:30:00,0.0,0.038964346
2019-02-23,2019-02-24 19:45:00,0.0,0.03315855
2019-02-23,2019-02-24 20:00:00,0.0,0.05343117
2019-02-23,2019-02-24 20:15:00,0.0,0.040710665
2019-02-23,2019-02-24 20:30:00,0.0,0.05397694
2019-02-23,2019-02-24 20:45:00,0.0,0.046581604
2019-02-23,2019-02-24 21:00:00,0.0,0.08099531
2019-02-23,2019-02-24 21:15:00,0.0,0.08004367
2019-02-23,2019-02-24 21:30:00,0.0,0.10195602
2019-02-23,2019-02-24 21:45:00,0.0,0.10130537
2019-02-23,2019-02-24 22:00:00,0.0,0.14088583
2019-02-23,2019-02-24 22:15:00,0.0,0.1675858
2019-02-23,2019-02-24 22:30:00,0.0,0.19999333
2019-02-23,2019-02-24 22:45:00,0.0,0.22877398
2019-02-23,2019-02-24 23:00:00,0.0,0.2878157
2019-02-23,2019-02-24 23:15:00,0.007031000219285488,0.36700928
2019-02-23,2019-02-24 23:30:00,0.09140600264072418,0.46734178
2019-02-23,2019-02-24 23:45:00,0.21445299685001373,0.59577036
2019-02-24,2019-02-25 00:00:00,0.26718801259994507,0.19671462
2019-02-24,2019-02-25 00:15:00,0.4781250059604645,0.31649664
2019-02-24,2019-02-25 00:30:00,0.5730469822883606,0.36286142
2019-02-24,2019-02-25 00:45:00,0.7277340292930603,0.43005908
2019-02-24,2019-02-25 01:00:00,1.0089839696884155,0.5208541
2019-02-24,2019-02-25 01:15:00,1.2269530296325684,0.6536628
2019-02-24,2019-02-25 01:30:00,1.4308589696884155,0.7234251
2019-02-24,2019-02-25 01:45:00,1.6664060354232788,0.84209794
2019-02-24,2019-02-25 02:00:00,1.8562500476837158,0.9493212
2019-02-24,2019-02-25 02:15:00,2.109375,1.0626293
2019-02-24,2019-02-25 02:30:00,2.2113280296325684,1.154435
2019-02-24,2019-02-25 02:45:00,2.3273439407348633,1.2051388
2019-02-24,2019-02-25 03:00:00,2.397655963897705,1.298497
2019-02-24,2019-02-25 03:15:00,2.548827886581421,1.345277
2019-02-24,2019-02-25 03:30:00,2.6085939407348633,1.4013187
2019-02-24,2019-02-25 03:45:00,2.707031011581421,1.4103508
2019-02-24,2019-02-25 04:00:00,2.742187976837158,1.4614162
2019-02-24,2019-02-25 04:15:00,2.794922113418579,1.4585668
2019-02-24,2019-02-25 04:30:00,2.777343988418579,1.4900731
2019-02-24,2019-02-25 04:45:00,2.707031011581421,1.4848171
2019-02-24,2019-02-25 05:00:00,2.6683590412139893,1.4779698
2019-02-24,2019-02-25 05:15:00,2.6261720657348633,1.4459817
2019-02-24,2019-02-25 05:30:00,2.2886719703674316,1.3695046
2019-02-24,2019-02-25 05:45:00,2.496093988418579,1.2885765
2019-02-24,2019-02-25 06:00:00,2.496093988418579,1.1689671
2019-02-24,2019-02-25 06:15:00,2.373047113418579,1.1077937
2019-02-24,2019-02-25 06:30:00,2.2464840412139893,0.9849418
2019-02-24,2019-02-25 06:45:00,2.0425779819488525,0.8606574
2019-02-24,2019-02-25 07:00:00,1.9019529819488525,0.76492673
2019-02-24,2019-02-25 07:15:00,1.736719012260437,0.6698321
2019-02-24,2019-02-25 07:30:00,1.4695310592651367,0.5506114
2019-02-24,2019-02-25 07:45:00,0.8578130006790161,0.44290122
2019-02-24,2019-02-25 08:00:00,1.1636719703674316,0.3733343
2019-02-24,2019-02-25 08:15:00,0.6011719703674316,0.29599518
2019-02-24,2019-02-25 08:30:00,0.6574220061302185,0.18656816
2019-02-24,2019-02-25 08:45:00,0.5238280296325684,0.1379834
2019-02-24,2019-02-25 09:00:00,0.3761720061302185,0.13152617
2019-02-24,2019-02-25 09:15:00,0.1511719971895218,0.074039616
2019-02-24,2019-02-25 09:30:00,0.09843800216913223,0.041252486
2019-02-24,2019-02-25 09:45:00,0.010546999983489513,0.02554057
2019-02-24,2019-02-25 10:00:00,0.0,0.004960456
2019-02-24,2019-02-25 10:15:00,0.0,0.0
2019-02-24,2019-02-25 10:30:00,0.0,0.0
2019-02-24,2019-02-25 10:45:00,0.0,0.0
2019-02-24,2019-02-25 11:00:00,0.0,0.0
2019-02-24,2019-02-25 11:15:00,0.0,0.0
2019-02-24,2019-02-25 11:30:00,0.0,0.0
2019-02-24,2019-02-25 11:45:00,0.0,0.0
2019-02-24,2019-02-25 12:00:00,0.0,0.0
2019-02-24,2019-02-25 12:15:00,0.0,0.0039284164
2019-02-24,2019-02-25 12:30:00,0.0,0.020358007
2019-02-24,2019-02-25 12:45:00,0.0,0.020482568
2019-02-24,2019-02-25 13:00:00,0.0,0.011792573
2019-02-24,2019-02-25 13:15:00,0.0,0.017283535
2019-02-24,2019-02-25 13:30:00,0.0,0.0071437047
2019-02-24,2019-02-25 13:45:00,0.0,0.01903907
2019-02-24,2019-02-25 14:00:00,0.0,0.0071634157
2019-02-24,2019-02-25 14:15:00,0.0,0.0040220325
2019-02-24,2019-02-25 14:30:00,0.0,0.0
2019-02-24,2019-02-25 14:45:00,0.0,0.0
2019-02-24,2019-02-25 15:00:00,0.0,0.0
2019-02-24,2019-02-25 15:15:00,0.0,0.0
2019-02-24,2019-02-25 15:30:00,0.0,0.0
2019-02-24,2019-02-25 15:45:00,0.0,0.0
2019-02-24,2019-02-25 16:00:00,0.0,0.0
2019-02-24,2019-02-25 16:15:00,0.0,0.0
2019-02-24,2019-02-25 16:30:00,0.0,0.0
2019-02-24,2019-02-25 16:45:00,0.0,0.0
2019-02-24,2019-02-25 17:00:00,0.0,0.0
2019-02-24,2019-02-25 17:15:00,0.0,0.007993245
2019-02-24,2019-02-25 17:30:00,0.0,0.021885738
2019-02-24,2019-02-25 17:45:00,0.0,0.01995733
2019-02-24,2019-02-25 18:00:00,0.0,0.013358821
2019-02-24,2019-02-25 18:15:00,0.0,0.018426884
2019-02-24,2019-02-25 18:30:00,0.0,0.0065744785
2019-02-24,2019-02-25 18:45:00,0.0,0.019850917
2019-02-24,2019-02-25 19:00:00,0.0,0.024229554
2019-02-24,2019-02-25 19:15:00,0.0,0.02183751
2019-02-24,2019-02-25 19:30:00,0.0,0.023085712
2019-02-24,2019-02-25 19:45:00,0.0,0.01855486
2019-02-24,2019-02-25 20:00:00,0.0,0.025783252
2019-02-24,2019-02-25 20:15:00,0.0,0.016888823
2019-02-24,2019-02-25 20:30:00,0.0,0.04149103
2019-02-24,2019-02-25 20:45:00,0.0,0.034233835
2019-02-24,2019-02-25 21:00:00,0.0,0.049986634
2019-02-24,2019-02-25 21:15:00,0.0,0.04974628
2019-02-24,2019-02-25 21:30:00,0.0,0.06563495
2019-02-24,2019-02-25 21:45:00,0.0,0.07826069
2019-02-24,2019-02-25 22:00:00,0.0,0.07668599
2019-02-24,2019-02-25 22:15:00,0.0,0.079803705
2019-02-24,2019-02-25 22:30:00,0.0,0.10345961
2019-02-24,2019-02-25 22:45:00,0.0,0.1155182
2019-02-24,2019-02-25 23:00:00,0.0,0.16007276
2019-02-24,2019-02-25 23:15:00,0.0,0.1819113
2019-02-24,2019-02-25 23:30:00,0.05624999850988388,0.24588709
2019-02-24,2019-02-25 23:45:00,0.20390599966049194,0.2880967
2019-02-25,2019-02-26 00:00:00,0.23906299471855164,0.26989865
2019-02-25,2019-02-26 00:15:00,0.28476598858833313,0.42806274
2019-02-25,2019-02-26 00:30:00,0.330469012260437,0.54416823
2019-02-25,2019-02-26 00:45:00,0.5660160183906555,0.679455
2019-02-25,2019-02-26 01:00:00,0.7277340292930603,0.8573011
2019-02-25,2019-02-26 01:15:00,0.8050780296325684,1.0671425
2019-02-25,2019-02-26 01:30:00,0.9316409826278687,1.2176387
2019-02-25,2019-02-26 01:45:00,1.0863280296325684,1.4284054
2019-02-25,2019-02-26 02:00:00,1.6980470418930054,1.6425765
2019-02-25,2019-02-26 02:15:00,1.5011719465255737,1.8527415
2019-02-25,2019-02-26 02:30:00,1.3183590173721313,2.0268104
2019-02-25,2019-02-26 02:45:00,1.0968749523162842,2.153883
2019-02-25,2019-02-26 03:00:00,0.9808589816093445,2.3252168
2019-02-25,2019-02-26 03:15:00,1.3886719942092896,2.3918498
2019-02-25,2019-02-26 03:30:00,1.7015620470046997,2.4808962
2019-02-25,2019-02-26 03:45:00,1.771875023841858,2.5127902
2019-02-25,2019-02-26 04:00:00,1.9863280057907104,2.56404
2019-02-25,2019-02-26 04:15:00,1.6558589935302734,2.5342662
2019-02-25,2019-02-26 04:30:00,1.884374976158142,2.5537117
2019-02-25,2019-02-26 04:45:00,1.771875023841858,2.527055
2019-02-25,2019-02-26 05:00:00,2.1304690837860107,2.4666626
2019-02-25,2019-02-26 05:15:00,1.9054689407348633,2.4228923
2019-02-25,2019-02-26 05:30:00,1.7085939645767212,2.2860205
2019-02-25,2019-02-26 05:45:00,1.490625023841858,2.1584702
2019-02-25,2019-02-26 06:00:00,1.5714839696884155,1.9773779
2019-02-25,2019-02-26 06:15:00,1.6699219942092896,1.8651755
2019-02-25,2019-02-26 06:30:00,1.5257810354232788,1.6924682
2019-02-25,2019-02-26 06:45:00,1.5644530057907104,1.4789822
2019-02-25,2019-02-26 07:00:00,1.3429689407348633,1.3289409
2019-02-25,2019-02-26 07:15:00,1.3535159826278687,1.1644496
2019-02-25,2019-02-26 07:30:00,1.2374999523162842,0.9699895
2019-02-25,2019-02-26 07:45:00,0.9808589816093445,0.79555815
2019-02-25,2019-02-26 08:00:00,0.9316409826278687,0.63499194
2019-02-25,2019-02-26 08:15:00,0.9140620231628418,0.51990986
2019-02-25,2019-02-26 08:30:00,0.675000011920929,0.32630888
2019-02-25,2019-02-26 08:45:00,0.5378909707069397,0.2341319
2019-02-25,2019-02-26 09:00:00,0.40781301259994507,0.17165446
2019-02-25,2019-02-26 09:15:00,0.29531198740005493,0.09615166
2019-02-25,2019-02-26 09:30:00,0.1511719971895218,0.056114636
2019-02-25,2019-02-26 09:45:00,0.04570300132036209,0.02296938
2019-02-25,2019-02-26 10:00:00,0.0,0.013225537
2019-02-25,2019-02-26 10:15:00,0.0,0.0
2019-02-25,2019-02-26 10:30:00,0.0,0.0
2019-02-25,2019-02-26 10:45:00,0.0,0.0
2019-02-25,2019-02-26 11:00:00,0.0,0.0
2019-02-25,2019-02-26 11:15:00,0.0,0.0
2019-02-25,2019-02-26 11:30:00,0.0,0.0
2019-02-25,2019-02-26 11:45:00,0.0,0.0
2019-02-25,2019-02-26 12:00:00,0.0,0.0
2019-02-25,2019-02-26 12:15:00,0.0,0.0
2019-02-25,2019-02-26 12:30:00,0.0,0.0
2019-02-25,2019-02-26 12:45:00,0.0,0.0
2019-02-25,2019-02-26 13:00:00,0.0,0.0
2019-02-25,2019-02-26 13:15:00,0.0,0.0
2019-02-25,2019-02-26 13:30:00,0.0,0.0
2019-02-25,2019-02-26 13:45:00,0.0,0.0
2019-02-25,2019-02-26 14:00:00,0.0,0.0
2019-02-25,2019-02-26 14:15:00,0.0,0.0
2019-02-25,2019-02-26 14:30:00,0.0,0.0
2019-02-25,2019-02-26 14:45:00,0.0,0.0
2019-02-25,2019-02-26 15:00:00,0.0,0.0
2019-02-25,2019-02-26 15:15:00,0.0,0.0
2019-02-25,2019-02-26 15:30:00,0.0,0.0
2019-02-25,2019-02-26 15:45:00,0.0,0.0
2019-02-25,2019-02-26 16:00:00,0.0,0.0
2019-02-25,2019-02-26 16:15:00,0.0,0.0
2019-02-25,2019-02-26 16:30:00,0.0,0.0
2019-02-25,2019-02-26 16:45:00,0.0,0.0
2019-02-25,2019-02-26 17:00:00,0.0,0.0
2019-02-25,2019-02-26 17:15:00,0.0,0.00577222
2019-02-25,2019-02-26 17:30:00,0.0,0.008993352
2019-02-25,2019-02-26 17:45:00,0.0,0.022408383
2019-02-25,2019-02-26 18:00:00,0.0,0.008035711
2019-02-25,2019-02-26 18:15:00,0.0,0.016490081
2019-02-25,2019-02-26 18:30:00,0.0,0.026721304
2019-02-25,2019-02-26 18:45:00,0.0,0.035867404
2019-02-25,2019-02-26 19:00:00,0.0,0.053660374
2019-02-25,2019-02-26 19:15:00,0.0,0.067747176
2019-02-25,2019-02-26 19:30:00,0.0,0.057809766
2019-02-25,2019-02-26 19:45:00,0.0,0.055669025
2019-02-25,2019-02-26 20:00:00,0.0,0.07274187
2019-02-25,2019-02-26 20:15:00,0.0,0.053037655
2019-02-25,2019-02-26 20:30:00,0.0,0.073658235
2019-02-25,2019-02-26 20:45:00,0.0,0.064858824
2019-02-25,2019-02-26 21:00:00,0.0,0.09344389
2019-02-25,2019-02-26 21:15:00,0.0,0.09509927
2019-02-25,2019-02-26 21:30:00,0.0,0.11725707
2019-02-25,2019-02-26 21:45:00,0.0,0.12077146
2019-02-25,2019-02-26 22:00:00,0.0,0.13920787
2019-02-25,2019-02-26 22:15:00,0.0,0.15439963
2019-02-25,2019-02-26 22:30:00,0.0,0.1764836
2019-02-25,2019-02-26 22:45:00,0.0,0.19895627
2019-02-25,2019-02-26 23:00:00,0.0,0.23841424
2019-02-25,2019-02-26 23:15:00,0.0,0.2932764
2019-02-25,2019-02-26 23:30:00,0.12304700165987015,0.3671237
2019-02-25,2019-02-26 23:45:00,0.20742200314998627,0.4551707
2019-02-26,2019-02-27 00:00:00,0.25312501192092896,0.21634169
2019-02-26,2019-02-27 00:15:00,0.4675779938697815,0.334289
2019-02-26,2019-02-27 00:30:00,0.6890619993209839,0.38478315
2019-02-26,2019-02-27 00:45:00,0.46054700016975403,0.4531057
2019-02-26,2019-02-27 01:00:00,0.5378909707069397,0.54447466
2019-02-26,2019-02-27 01:15:00,0.6574220061302185,0.6759221
2019-02-26,2019-02-27 01:30:00,0.8578130006790161,0.7441706
2019-02-26,2019-02-27 01:45:00,1.0582029819488525,0.86056906
2019-02-26,2019-02-27 02:00:00,1.652343988418579,0.96646434
2019-02-26,2019-02-27 02:15:00,1.6207029819488525,1.073796
2019-02-26,2019-02-27 02:30:00,2.133984088897705,1.158661
2019-02-26,2019-02-27 02:45:00,2.1726560592651367,1.2050614
2019-02-26,2019-02-27 03:00:00,2.4749999046325684,1.2899698
2019-02-26,2019-02-27 03:15:00,2.671875,1.3295739
2019-02-26,2019-02-27 03:30:00,2.390625,1.3781643
2019-02-26,2019-02-27 03:45:00,2.5945310592651367,1.3778709
2019-02-26,2019-02-27 04:00:00,2.9496090412139893,1.4199662
2019-02-26,2019-02-27 04:15:00,3.0339839458465576,1.4089789
2019-02-26,2019-02-27 04:30:00,2.7351560592651367,1.4348241
2019-02-26,2019-02-27 04:45:00,3.0093750953674316,1.4268903
2019-02-26,2019-02-27 05:00:00,2.225390911102295,1.4180872
2019-02-26,2019-02-27 05:15:00,3.2097649574279785,1.3852015
2019-02-26,2019-02-27 05:30:00,3.005858898162842,1.309094
2019-02-26,2019-02-27 05:45:00,2.9039061069488525,1.2317234
2019-02-26,2019-02-27 06:00:00,2.924999952316284,1.1110222
2019-02-26,2019-02-27 06:15:00,2.8511719703674316,1.0555371
2019-02-26,2019-02-27 06:30:00,2.664844036102295,0.9374257
2019-02-26,2019-02-27 06:45:00,2.54531192779541,0.8168432
2019-02-26,2019-02-27 07:00:00,2.373047113418579,0.72529596
2019-02-26,2019-02-27 07:15:00,2.1761720180511475,0.6357128
2019-02-26,2019-02-27 07:30:00,1.9863280057907104,0.5244565
2019-02-26,2019-02-27 07:45:00,1.8386720418930054,0.42095932
2019-02-26,2019-02-27 08:00:00,1.546875,0.3543802
2019-02-26,2019-02-27 08:15:00,1.3289060592651367,0.28408203
2019-02-26,2019-02-27 08:30:00,1.026561975479126,0.1780157
2019-02-26,2019-02-27 08:45:00,0.7769529819488525,0.13226631
2019-02-26,2019-02-27 09:00:00,0.5167970061302185,0.12779118
2019-02-26,2019-02-27 09:15:00,0.3410159945487976,0.06877111
2019-02-26,2019-02-27 09:30:00,0.19687500596046448,0.036983676
2019-02-26,2019-02-27 09:45:00,0.021093999966979027,0.019588133
2019-02-26,2019-02-27 10:00:00,0.0,0.0
2019-02-26,2019-02-27 10:15:00,0.0,0.0
2019-02-26,2019-02-27 10:30:00,0.0,0.0
2019-02-26,2019-02-27 10:45:00,0.0,0.0
2019-02-26,2019-02-27 11:00:00,0.0,0.0
2019-02-26,2019-02-27 11:15:00,0.0,0.0
2019-02-26,2019-02-27 11:30:00,0.0,0.0
2019-02-26,2019-02-27 11:45:00,0.0,0.0
2019-02-26,2019-02-27 12:00:00,0.0,0.0
2019-02-26,2019-02-27 12:15:00,0.0,0.0
2019-02-26,2019-02-27 12:30:00,0.0,0.011460535
2019-02-26,2019-02-27 12:45:00,0.0,0.012676597
2019-02-26,2019-02-27 13:00:00,0.0,0.0060412167
2019-02-26,2019-02-27 13:15:00,0.0,0.01357671
2019-02-26,2019-02-27 13:30:00,0.0,0.006206228
2019-02-26,2019-02-27 13:45:00,0.0,0.019432506
2019-02-26,2019-02-27 14:00:00,0.0,0.0081199035
2019-02-26,2019-02-27 14:15:00,0.0,0.0060865227
2019-02-26,2019-02-27 14:30:00,0.0,0.0
2019-02-26,2019-02-27 14:45:00,0.0,0.0
2019-02-26,2019-02-27 15:00:00,0.0,0.0
2019-02-26,2019-02-27 15:15:00,0.0,0.0
2019-02-26,2019-02-27 15:30:00,0.0,0.0
2019-02-26,2019-02-27 15:45:00,0.0,0.0
2019-02-26,2019-02-27 16:00:00,0.0,0.0
2019-02-26,2019-02-27 16:15:00,0.0,0.0
2019-02-26,2019-02-27 16:30:00,0.0,0.0
2019-02-26,2019-02-27 16:45:00,0.0,0.0
2019-02-26,2019-02-27 17:00:00,0.0,0.0
2019-02-26,2019-02-27 17:15:00,0.0,0.008781019
2019-02-26,2019-02-27 17:30:00,0.0,0.018429024
2019-02-26,2019-02-27 17:45:00,0.0,0.017930245
2019-02-26,2019-02-27 18:00:00,0.0,0.009968398
2019-02-26,2019-02-27 18:15:00,0.0,0.015294513
2019-02-26,2019-02-27 18:30:00,0.0,0.0045463233
2019-02-26,2019-02-27 18:45:00,0.0,0.014767835
2019-02-26,2019-02-27 19:00:00,0.0,0.020045638
2019-02-26,2019-02-27 19:15:00,0.0,0.017780831
2019-02-26,2019-02-27 19:30:00,0.0,0.01932568
2019-02-26,2019-02-27 19:45:00,0.0,0.01599871
2019-02-26,2019-02-27 20:00:00,0.0,0.024871329
2019-02-26,2019-02-27 20:15:00,0.0,0.018368822
2019-02-26,2019-02-27 20:30:00,0.0,0.045950733
2019-02-26,2019-02-27 20:45:00,0.0,0.03888748
2019-02-26,2019-02-27 21:00:00,0.0,0.05947078
2019-02-26,2019-02-27 21:15:00,0.0,0.061365817
2019-02-26,2019-02-27 21:30:00,0.0,0.0790656
2019-02-26,2019-02-27 21:45:00,0.0,0.094233185
2019-02-26,2019-02-27 22:00:00,0.0,0.09800793
2019-02-26,2019-02-27 22:15:00,0.0,0.10567967
2019-02-26,2019-02-27 22:30:00,0.0,0.13445035
2019-02-26,2019-02-27 22:45:00,0.0,0.15206464
2019-02-26,2019-02-27 23:00:00,0.0,0.20057453
2019-02-26,2019-02-27 23:15:00,0.03867200016975403,0.23045447
2019-02-26,2019-02-27 23:30:00,0.08437500149011612,0.29925776
2019-02-26,2019-02-27 23:45:00,0.24257799983024597,0.34953782
2019-02-27,2019-02-28 00:00:00,0.3480469882488251,0.5044158
2019-02-27,2019-02-28 00:15:00,0.49921900033950806,0.7065207
2019-02-27,2019-02-28 00:30:00,0.6433590054512024,0.8815144
2019-02-27,2019-02-28 00:45:00,0.8050780296325684,1.080289
2019-02-27,2019-02-28 01:00:00,0.9914060235023499,1.3262461
2019-02-27,2019-02-28 01:15:00,1.132030963897705,1.6090437
2019-02-27,2019-02-28 01:30:00,1.3359379768371582,1.8375814
2019-02-27,2019-02-28 01:45:00,1.4800779819488525,2.1289728
2019-02-27,2019-02-28 02:00:00,1.5328119993209839,2.413499
2019-02-27,2019-02-28 02:15:00,1.6347659826278687,2.6960988
2019-02-27,2019-02-28 02:30:00,1.8105469942092896,2.9102318
2019-02-27,2019-02-28 02:45:00,1.6839840412139893,3.0725982
2019-02-27,2019-02-28 03:00:00,1.638280987739563,3.3146212
2019-02-27,2019-02-28 03:15:00,1.6839840412139893,3.3786712
2019-02-27,2019-02-28 03:30:00,1.9476560354232788,3.5044792
2019-02-27,2019-02-28 03:45:00,1.9652340412139893,3.5596747
2019-02-27,2019-02-28 04:00:00,2.133984088897705,3.6221912
2019-02-27,2019-02-28 04:15:00,1.8597660064697266,3.6157207
2019-02-27,2019-02-28 04:30:00,1.3851560354232788,3.675085
2019-02-27,2019-02-28 04:45:00,1.2761720418930054,3.6730957
2019-02-27,2019-02-28 05:00:00,1.3816410303115845,3.6238518
2019-02-27,2019-02-28 05:15:00,1.9863280057907104,3.5923657
2019-02-27,2019-02-28 05:30:00,2.1867189407348633,3.4840136
2019-02-27,2019-02-28 05:45:00,2.102344036102295,3.3752384
2019-02-27,2019-02-28 06:00:00,2.003906011581421,3.2034388
2019-02-27,2019-02-28 06:15:00,1.828125,3.0856156
2019-02-27,2019-02-28 06:30:00,1.6875,2.9190767
2019-02-27,2019-02-28 06:45:00,1.6488280296325684,2.7218156
2019-02-27,2019-02-28 07:00:00,1.553905963897705,2.562294
2019-02-27,2019-02-28 07:15:00,1.455469012260437,2.351241
2019-02-27,2019-02-28 07:30:00,1.3921869993209839,2.0836525
2019-02-27,2019-02-28 07:45:00,1.1707030534744263,1.8536476
2019-02-27,2019-02-28 08:00:00,1.075780987739563,1.6188583
2019-02-27,2019-02-28 08:15:00,0.8894529938697815,1.3861716
2019-02-27,2019-02-28 08:30:00,0.7101560235023499,1.0853915
2019-02-27,2019-02-28 08:45:00,0.541405975818634,0.8820644
2019-02-27,2019-02-28 09:00:00,0.41484400629997253,0.7117648
2019-02-27,2019-02-28 09:15:00,0.2460940033197403,0.52492595
2019-02-27,2019-02-28 09:30:00,0.140625,0.3852208
2019-02-27,2019-02-28 09:45:00,0.05624999850988388,0.26371297
2019-02-27,2019-02-28 10:00:00,0.0,0.18164665
2019-02-27,2019-02-28 10:15:00,0.0,0.07786248
2019-02-27,2019-02-28 10:30:00,0.0,0.043601673
2019-02-27,2019-02-28 10:45:00,0.0,0.018417852
2019-02-27,2019-02-28 11:00:00,0.0,0.0
2019-02-27,2019-02-28 11:15:00,0.0,0.0
2019-02-27,2019-02-28 11:30:00,0.0,0.0
2019-02-27,2019-02-28 11:45:00,0.0,0.0
2019-02-27,2019-02-28 12:00:00,0.0,0.0021388484
2019-02-27,2019-02-28 12:15:00,0.0,0.009599201
2019-02-27,2019-02-28 12:30:00,0.0,0.0
2019-02-27,2019-02-28 12:45:00,0.0,0.005574865
2019-02-27,2019-02-28 13:00:00,0.0,0.0
2019-02-27,2019-02-28 13:15:00,0.0,0.0
2019-02-27,2019-02-28 13:30:00,0.0,0.0
2019-02-27,2019-02-28 13:45:00,0.0,0.0
2019-02-27,2019-02-28 14:00:00,0.0,0.0
2019-02-27,2019-02-28 14:15:00,0.0,0.0
2019-02-27,2019-02-28 14:30:00,0.0,0.0
2019-02-27,2019-02-28 14:45:00,0.0,0.0
2019-02-27,2019-02-28 15:00:00,0.0,0.0
2019-02-27,2019-02-28 15:15:00,0.0,0.0
2019-02-27,2019-02-28 15:30:00,0.0,0.0
2019-02-27,2019-02-28 15:45:00,0.0,0.0
2019-02-27,2019-02-28 16:00:00,0.0,0.0
2019-02-27,2019-02-28 16:15:00,0.0,0.0
2019-02-27,2019-02-28 16:30:00,0.0,0.0
2019-02-27,2019-02-28 16:45:00,0.0,0.0
2019-02-27,2019-02-28 17:00:00,0.0,0.011085001
2019-02-27,2019-02-28 17:15:00,0.0,0.029854417
2019-02-27,2019-02-28 17:30:00,0.0,0.021081258
2019-02-27,2019-02-28 17:45:00,0.0,0.02687035
2019-02-27,2019-02-28 18:00:00,0.0,0.0018772584
2019-02-27,2019-02-28 18:15:00,0.0,0.0
2019-02-27,2019-02-28 18:30:00,0.0,0.009338188
2019-02-27,2019-02-28 18:45:00,0.0,0.012240943
2019-02-27,2019-02-28 19:00:00,0.0,0.01873662
2019-02-27,2019-02-28 19:15:00,0.0,0.040230323
2019-02-27,2019-02-28 19:30:00,0.0,0.01146963
2019-02-27,2019-02-28 19:45:00,0.0,0.0
2019-02-27,2019-02-28 20:00:00,0.0,0.017955676
2019-02-27,2019-02-28 20:15:00,0.0,0.0036533703
2019-02-27,2019-02-28 20:30:00,0.0,0.008817394
2019-02-27,2019-02-28 20:45:00,0.0,0.0048028105
2019-02-27,2019-02-28 21:00:00,0.0,0.0141547425
2019-02-27,2019-02-28 21:15:00,0.0,0.008581565
2019-02-27,2019-02-28 21:30:00,0.0,0.022670384
2019-02-27,2019-02-28 21:45:00,0.0,0.0034456458
2019-02-27,2019-02-28 22:00:00,0.0,0.023673784
2019-02-27,2019-02-28 22:15:00,0.0,0.030277232
2019-02-27,2019-02-28 22:30:00,0.0,0.03989378
2019-02-27,2019-02-28 22:45:00,0.0,0.02820879
2019-02-27,2019-02-28 23:00:00,0.0,0.06121019
2019-02-27,2019-02-28 23:15:00,0.04570300132036209,0.10259341
2019-02-27,2019-02-28 23:30:00,0.11953099817037582,0.18937524
2019-02-27,2019-02-28 23:45:00,0.2460940033197403,0.2778217
2019-05-24,2019-05-25 00:00:00,1.8949220180511475,1.9659353
2019-05-24,2019-05-25 00:15:00,2.133984088897705,2.247376
2019-05-24,2019-05-25 00:30:00,2.3765621185302734,2.4606314
2019-05-24,2019-05-25 00:45:00,2.6050779819488525,2.709751
2019-05-24,2019-05-25 01:00:00,2.8687500953674316,2.9186912
2019-05-24,2019-05-25 01:15:00,3.0796871185302734,3.1075718
2019-05-24,2019-05-25 01:30:00,3.244921922683716,3.231779
2019-05-24,2019-05-25 01:45:00,3.417186975479126,3.4191332
2019-05-24,2019-05-25 02:00:00,3.5542969703674316,3.6191902
2019-05-24,2019-05-25 02:15:00,3.684375047683716,3.755799
2019-05-24,2019-05-25 02:30:00,3.7722649574279785,3.8209295
2019-05-24,2019-05-25 02:45:00,3.81093692779541,3.9022036
2019-05-24,2019-05-25 03:00:00,3.8460938930511475,4.0569754
2019-05-24,2019-05-25 03:15:00,3.779297113418579,3.9983122
2019-05-24,2019-05-25 03:30:00,3.726562023162842,4.093344
2019-05-24,2019-05-25 03:45:00,3.645703077316284,4.057725
2019-05-24,2019-05-25 04:00:00,3.645703077316284,4.0583267
2019-05-24,2019-05-25 04:15:00,3.6175780296325684,4.09018
2019-05-24,2019-05-25 04:30:00,3.6140620708465576,4.1339855
2019-05-24,2019-05-25 04:45:00,3.666796922683716,4.1490583
2019-05-24,2019-05-25 05:00:00,3.522655963897705,4.06461
2019-05-24,2019-05-25 05:15:00,3.698436975479126,4.057533
2019-05-24,2019-05-25 05:30:00,3.568358898162842,3.9679482
2019-05-24,2019-05-25 05:45:00,3.649219036102295,3.879386
2019-05-24,2019-05-25 06:00:00,3.6140620708465576,3.7852867
2019-05-24,2019-05-25 06:15:00,3.4769530296325684,3.6725733
2019-05-24,2019-05-25 06:30:00,3.540234088897705,3.5824728
2019-05-24,2019-05-25 06:45:00,3.4066410064697266,3.5183938
2019-05-24,2019-05-25 07:00:00,3.339843988418579,3.3874419
2019-05-24,2019-05-25 07:15:00,3.1921870708465576,3.3127217
2019-05-24,2019-05-25 07:30:00,3.0093750953674316,3.1320693
2019-05-24,2019-05-25 07:45:00,2.7914059162139893,2.8860142
2019-05-24,2019-05-25 08:00:00,2.489063024520874,2.641226
2019-05-24,2019-05-25 08:15:00,2.548827886581421,2.3938851
2019-05-24,2019-05-25 08:30:00,2.1937499046325684,2.0104861
2019-05-24,2019-05-25 08:45:00,1.5679689645767212,1.763449
2019-05-24,2019-05-25 09:00:00,1.4589840173721313,1.5053157
2019-05-24,2019-05-25 09:15:00,0.6468750238418579,1.2320206
2019-05-24,2019-05-25 09:30:00,1.399219036102295,1.0431323
2019-05-24,2019-05-25 09:45:00,0.8964840173721313,0.8032034
2019-05-24,2019-05-25 10:00:00,0.611719012260437,0.663878
2019-05-24,2019-05-25 10:15:00,0.5554689764976501,0.4610919
2019-05-24,2019-05-25 10:30:00,0.14414100348949432,0.33323467
2019-05-24,2019-05-25 10:45:00,0.16875000298023224,0.23211743
2019-05-24,2019-05-25 11:00:00,0.08789099752902985,0.11010569
2019-05-24,2019-05-25 11:15:00,0.0,0.06245322
2019-05-24,2019-05-25 11:30:00,0.0,0.026985528
2019-05-24,2019-05-25 11:45:00,0.0,0.0
2019-05-24,2019-05-25 12:00:00,0.0,0.0
2019-05-24,2019-05-25 12:15:00,0.0,0.0
2019-05-24,2019-05-25 12:30:00,0.0,0.0
2019-05-24,2019-05-25 12:45:00,0.0,0.0
2019-05-24,2019-05-25 13:00:00,0.0,0.0
2019-05-24,2019-05-25 13:15:00,0.0,0.0
2019-05-24,2019-05-25 13:30:00,0.0,0.0
2019-05-24,2019-05-25 13:45:00,0.0,0.0
2019-05-24,2019-05-25 14:00:00,0.0,0.030812757
2019-05-24,2019-05-25 14:15:00,0.0,0.03167098
2019-05-24,2019-05-25 14:30:00,0.0,0.079942755
2019-05-24,2019-05-25 14:45:00,0.0,0.091492854
2019-05-24,2019-05-25 15:00:00,0.0,0.120234005
2019-05-24,2019-05-25 15:15:00,0.0,0.10041333
2019-05-24,2019-05-25 15:30:00,0.0,0.11088155
2019-05-24,2019-05-25 15:45:00,0.0,0.09171747
2019-05-24,2019-05-25 16:00:00,0.0,0.074569255
2019-05-24,2019-05-25 16:15:00,0.0,0.035660915
2019-05-24,2019-05-25 16:30:00,0.0,0.06001363
2019-05-24,2019-05-25 16:45:00,0.0,0.05809798
2019-05-24,2019-05-25 17:00:00,0.0,0.056918748
2019-05-24,2019-05-25 17:15:00,0.0,0.006386341
2019-05-24,2019-05-25 17:30:00,0.0,0.05700002
2019-05-24,2019-05-25 17:45:00,0.0,0.015282703
2019-05-24,2019-05-25 18:00:00,0.0,0.029167213
2019-05-24,2019-05-25 18:15:00,0.0,0.008181258
2019-05-24,2019-05-25 18:30:00,0.0,0.029848326
2019-05-24,2019-05-25 18:45:00,0.0,0.046006575
2019-05-24,2019-05-25 19:00:00,0.0,0.028235415
2019-05-24,2019-05-25 19:15:00,0.0,0.03845277
2019-05-24,2019-05-25 19:30:00,0.0,0.0
2019-05-24,2019-05-25 19:45:00,0.0,0.0
2019-05-24,2019-05-25 20:00:00,0.0,0.0
2019-05-24,2019-05-25 20:15:00,0.0,0.0
2019-05-24,2019-05-25 20:30:00,0.0,0.0
2019-05-24,2019-05-25 20:45:00,0.0,0.0
2019-05-24,2019-05-25 21:00:00,0.0,0.0
2019-05-24,2019-05-25 21:15:00,0.0,0.0
2019-05-24,2019-05-25 21:30:00,0.05624999850988388,0.00030706055
2019-05-24,2019-05-25 21:45:00,0.1300780028104782,0.11214144
2019-05-24,2019-05-25 22:00:00,0.24960899353027344,0.2084881
2019-05-24,2019-05-25 22:15:00,0.3550780117511749,0.36022198
2019-05-24,2019-05-25 22:30:00,0.541405975818634,0.49820092
2019-05-24,2019-05-25 22:45:00,0.7734379768371582,0.66171575
2019-05-24,2019-05-25 23:00:00,0.9527339935302734,0.8986075
2019-05-24,2019-05-25 23:15:00,1.033594012260437,1.1495495
2019-05-24,2019-05-25 23:30:00,1.209375023841858,1.3487402
2019-05-24,2019-05-25 23:45:00,1.4730470180511475,1.5283217
2019-05-25,2019-05-26 00:00:00,1.6734369993209839,1.7983018
2019-05-25,2019-05-26 00:15:00,1.9582029581069946,2.0509975
2019-05-25,2019-05-26 00:30:00,1.5996090173721313,2.2335064
2019-05-25,2019-05-26 00:45:00,2.0882809162139893,2.4691725
2019-05-25,2019-05-26 01:00:00,2.6121089458465576,2.673751
2019-05-25,2019-05-26 01:15:00,2.784374952316284,2.8381474
2019-05-25,2019-05-26 01:30:00,2.661328077316284,2.945072
2019-05-25,2019-05-26 01:45:00,3.0128910541534424,3.1142533
2019-05-25,2019-05-26 02:00:00,3.487499952316284,3.2750213
2019-05-25,2019-05-26 02:15:00,1.9546869993209839,3.4071472
2019-05-25,2019-05-26 02:30:00,3.2554690837860107,3.4756973
2019-05-25,2019-05-26 02:45:00,3.5613279342651367,3.5236657
2019-05-25,2019-05-26 03:00:00,1.9652340412139893,3.6758997
2019-05-25,2019-05-26 03:15:00,2.337891101837158,3.6063087
2019-05-25,2019-05-26 03:30:00,2.5101559162139893,3.690856
2019-05-25,2019-05-26 03:45:00,2.12343692779541,3.6505034
2019-05-25,2019-05-26 04:00:00,3.2941410541534424,3.6410694
2019-05-25,2019-05-26 04:15:00,3.2660160064697266,3.6801069
2019-05-25,2019-05-26 04:30:00,2.373047113418579,3.7248204
2019-05-25,2019-05-26 04:45:00,3.779297113418579,3.7322237
2019-05-25,2019-05-26 05:00:00,3.4910149574279785,3.6688716
2019-05-25,2019-05-26 05:15:00,3.287108898162842,3.682137
2019-05-25,2019-05-26 05:30:00,2.696484088897705,3.6102078
2019-05-25,2019-05-26 05:45:00,1.3957029581069946,3.5277863
2019-05-25,2019-05-26 06:00:00,2.647265911102295,3.4771128
2019-05-25,2019-05-26 06:15:00,1.7613279819488525,3.3451765
2019-05-25,2019-05-26 06:30:00,2.96718692779541,3.25668
2019-05-25,2019-05-26 06:45:00,2.8968749046325684,3.2131345
2019-05-25,2019-05-26 07:00:00,2.6578121185302734,3.086827
2019-05-25,2019-05-26 07:15:00,2.661328077316284,2.984731
2019-05-25,2019-05-26 07:30:00,2.489063024520874,2.7804763
2019-05-25,2019-05-26 07:45:00,0.48515599966049194,2.537864
2019-05-25,2019-05-26 08:00:00,0.5273439884185791,2.3025699
2019-05-25,2019-05-26 08:15:00,0.7804690003395081,2.003415
2019-05-25,2019-05-26 08:30:00,0.24960899353027344,1.6393924
2019-05-25,2019-05-26 08:45:00,1.2023439407348633,1.3859303
2019-05-25,2019-05-26 09:00:00,1.2761720418930054,1.1374592
2019-05-25,2019-05-26 09:15:00,1.2339839935302734,0.88377476
2019-05-25,2019-05-26 09:30:00,0.9175779819488525,0.686052
2019-05-25,2019-05-26 09:45:00,0.46054700016975403,0.4964323
2019-05-25,2019-05-26 10:00:00,0.42890599370002747,0.39459902
2019-05-25,2019-05-26 10:15:00,0.5519530177116394,0.24570864
2019-05-25,2019-05-26 10:30:00,0.052733998745679855,0.16495633
2019-05-25,2019-05-26 10:45:00,0.0,0.097212255
2019-05-25,2019-05-26 11:00:00,0.0,0.035625815
2019-05-25,2019-05-26 11:15:00,0.0,0.0152983805
2019-05-25,2019-05-26 11:30:00,0.0,0.015482485
2019-05-25,2019-05-26 11:45:00,0.0,0.0067466083
2019-05-25,2019-05-26 12:00:00,0.0,0.02371086
2019-05-25,2019-05-26 12:15:00,0.0,0.0082141785
2019-05-25,2019-05-26 12:30:00,0.0,0.0
2019-05-25,2019-05-26 12:45:00,0.0,0.0
2019-05-25,2019-05-26 13:00:00,0.0,0.009277739
2019-05-25,2019-05-26 13:15:00,0.0,0.0061677936
2019-05-25,2019-05-26 13:30:00,0.0,0.041007027
2019-05-25,2019-05-26 13:45:00,0.0,0.030820616
2019-05-25,2019-05-26 14:00:00,0.0,0.06665642
2019-05-25,2019-05-26 14:15:00,0.0,0.054544315
2019-05-25,2019-05-26 14:30:00,0.0,0.0906379
2019-05-25,2019-05-26 14:45:00,0.0,0.10546283
2019-05-25,2019-05-26 15:00:00,0.0,0.11920576
2019-05-25,2019-05-26 15:15:00,0.0,0.11525404
2019-05-25,2019-05-26 15:30:00,0.0,0.12782192
2019-05-25,2019-05-26 15:45:00,0.0,0.10398014
2019-05-25,2019-05-26 16:00:00,0.0,0.104262054
2019-05-25,2019-05-26 16:15:00,0.0,0.06496302
2019-05-25,2019-05-26 16:30:00,0.0,0.08259048
2019-05-25,2019-05-26 16:45:00,0.0,0.07849586
2019-05-25,2019-05-26 17:00:00,0.0,0.07031863
2019-05-25,2019-05-26 17:15:00,0.0,0.018202618
2019-05-25,2019-05-26 17:30:00,0.0,0.060644418
2019-05-25,2019-05-26 17:45:00,0.0,0.0053142626
2019-05-25,2019-05-26 18:00:00,0.0,0.011627727
2019-05-25,2019-05-26 18:15:00,0.0,0.0
2019-05-25,2019-05-26 18:30:00,0.0,0.0
2019-05-25,2019-05-26 18:45:00,0.0,0.015719302
2019-05-25,2019-05-26 19:00:00,0.0,0.0078095924
2019-05-25,2019-05-26 19:15:00,0.0,0.005323727
2019-05-25,2019-05-26 19:30:00,0.0,0.0
2019-05-25,2019-05-26 19:45:00,0.0,0.0
2019-05-25,2019-05-26 20:00:00,0.0,0.0
2019-05-25,2019-05-26 20:15:00,0.0,0.0
2019-05-25,2019-05-26 20:30:00,0.0,0.0
2019-05-25,2019-05-26 20:45:00,0.0,0.0
2019-05-25,2019-05-26 21:00:00,0.0,0.0
2019-05-25,2019-05-26 21:15:00,0.014062000438570976,0.009374359
2019-05-25,2019-05-26 21:30:00,0.021093999966979027,0.034136847
2019-05-25,2019-05-26 21:45:00,0.1757809966802597,0.14202324
2019-05-25,2019-05-26 22:00:00,0.291797012090683,0.24375871
2019-05-25,2019-05-26 22:15:00,0.4675779938697815,0.39699292
2019-05-25,2019-05-26 22:30:00,0.5695310235023499,0.53214765
2019-05-25,2019-05-26 22:45:00,1.0300780534744263,0.6803021
2019-05-25,2019-05-26 23:00:00,1.3957029581069946,0.8990874
2019-05-25,2019-05-26 23:15:00,1.4273439645767212,1.1058381
2019-05-25,2019-05-26 23:30:00,1.8562500476837158,1.3044086
2019-05-25,2019-05-26 23:45:00,2.1585938930511475,1.466935
2019-05-26,2019-05-27 00:00:00,1.8878910541534424,2.488345
2019-05-26,2019-05-27 00:15:00,1.863281011581421,2.789402
2019-05-26,2019-05-27 00:30:00,2.700000047683716,3.0022426
2019-05-26,2019-05-27 00:45:00,2.9390621185302734,3.2421923
2019-05-26,2019-05-27 01:00:00,3.550781011581421,3.4037125
2019-05-26,2019-05-27 01:15:00,3.8425779342651367,3.6252515
2019-05-26,2019-05-27 01:30:00,3.8425779342651367,3.7530494
2019-05-26,2019-05-27 01:45:00,4.23281192779541,3.9140854
2019-05-26,2019-05-27 02:00:00,4.545702934265137,4.1208143
2019-05-26,2019-05-27 02:15:00,4.682812213897705,4.213718
2019-05-26,2019-05-27 02:30:00,4.633594036102295,4.2451005
2019-05-26,2019-05-27 02:45:00,4.7390618324279785,4.3001432
2019-05-26,2019-05-27 03:00:00,4.900781154632568,4.4150314
2019-05-26,2019-05-27 03:15:00,4.964062213897705,4.331948
2019-05-26,2019-05-27 03:30:00,4.92539119720459,4.3814964
2019-05-26,2019-05-27 03:45:00,4.865624904632568,4.302501
2019-05-26,2019-05-27 04:00:00,4.798828125,4.3054338
2019-05-26,2019-05-27 04:15:00,4.6160149574279785,4.316973
2019-05-26,2019-05-27 04:30:00,4.50351619720459,4.3285103
2019-05-26,2019-05-27 04:45:00,4.387499809265137,4.3085303
2019-05-26,2019-05-27 05:00:00,4.278514862060547,4.2201953
2019-05-26,2019-05-27 05:15:00,4.36289119720459,4.2128663
2019-05-26,2019-05-27 05:30:00,4.187108993530273,4.0813155
2019-05-26,2019-05-27 05:45:00,4.169530868530273,3.966453
2019-05-26,2019-05-27 06:00:00,3.9410150051116943,3.8277183
2019-05-26,2019-05-27 06:15:00,3.6421871185302734,3.7172341
2019-05-26,2019-05-27 06:30:00,3.4769530296325684,3.5894804
2019-05-26,2019-05-27 06:45:00,2.7281250953674316,3.4790854
2019-05-26,2019-05-27 07:00:00,1.2199219465255737,3.3049207
2019-05-26,2019-05-27 07:15:00,3.8882811069488525,3.2057822
2019-05-26,2019-05-27 07:30:00,3.5929689407348633,2.9897103
2019-05-26,2019-05-27 07:45:00,3.4699220657348633,2.7144911
2019-05-26,2019-05-27 08:00:00,2.5101559162139893,2.4476795
2019-05-26,2019-05-27 08:15:00,2.0179688930511475,2.195387
2019-05-26,2019-05-27 08:30:00,2.1691410541534424,1.8069826
2019-05-26,2019-05-27 08:45:00,2.2113280296325684,1.5671206
2019-05-26,2019-05-27 09:00:00,0.935155987739563,1.3329443
2019-05-26,2019-05-27 09:15:00,1.40625,1.065543
2019-05-26,2019-05-27 09:30:00,1.0863280296325684,0.89656645
2019-05-26,2019-05-27 09:45:00,0.9527339935302734,0.6574847
2019-05-26,2019-05-27 10:00:00,0.6433590054512024,0.5196878
2019-05-26,2019-05-27 10:15:00,0.5871090292930603,0.32398555
2019-05-26,2019-05-27 10:30:00,0.48515599966049194,0.23127116
2019-05-26,2019-05-27 10:45:00,0.40781301259994507,0.13301907
2019-05-26,2019-05-27 11:00:00,0.2003909945487976,0.009732198
2019-05-26,2019-05-27 11:15:00,0.007031000219285488,0.0
2019-05-26,2019-05-27 11:30:00,0.0,0.0
2019-05-26,2019-05-27 11:45:00,0.0,0.0
2019-05-26,2019-05-27 12:00:00,0.0,0.0
2019-05-26,2019-05-27 12:15:00,0.0,0.0
2019-05-26,2019-05-27 12:30:00,0.0,0.0
2019-05-26,2019-05-27 12:45:00,0.0,0.0
2019-05-26,2019-05-27 13:00:00,0.0,0.0
2019-05-26,2019-05-27 13:15:00,0.0,0.0
2019-05-26,2019-05-27 13:30:00,0.0,0.0
2019-05-26,2019-05-27 13:45:00,0.0,0.0
2019-05-26,2019-05-27 14:00:00,0.0,0.0334173
2019-05-26,2019-05-27 14:15:00,0.0,0.030977892
2019-05-26,2019-05-27 14:30:00,0.0,0.06736556
2019-05-26,2019-05-27 14:45:00,0.0,0.06093588
2019-05-26,2019-05-27 15:00:00,0.0,0.07823483
2019-05-26,2019-05-27 15:15:00,0.0,0.023016352
2019-05-26,2019-05-27 15:30:00,0.0,0.04384168
2019-05-26,2019-05-27 15:45:00,0.0,0.0034249884
2019-05-26,2019-05-27 16:00:00,0.0,0.0
2019-05-26,2019-05-27 16:15:00,0.0,0.0
2019-05-26,2019-05-27 16:30:00,0.0,0.0
2019-05-26,2019-05-27 16:45:00,0.0,0.0
2019-05-26,2019-05-27 17:00:00,0.0,0.029117381
2019-05-26,2019-05-27 17:15:00,0.0,0.0
2019-05-26,2019-05-27 17:30:00,0.0,0.08254789
2019-05-26,2019-05-27 17:45:00,0.0,0.07428178
2019-05-26,2019-05-27 18:00:00,0.0,0.08484253
2019-05-26,2019-05-27 18:15:00,0.0,0.078833826
2019-05-26,2019-05-27 18:30:00,0.0,0.11867899
2019-05-26,2019-05-27 18:45:00,0.0,0.14183824
2019-05-26,2019-05-27 19:00:00,0.0,0.120602004
2019-05-26,2019-05-27 19:15:00,0.0,0.15665536
2019-05-26,2019-05-27 19:30:00,0.0,0.11692122
2019-05-26,2019-05-27 19:45:00,0.0,0.07835229
2019-05-26,2019-05-27 20:00:00,0.0,0.06627978
2019-05-26,2019-05-27 20:15:00,0.0,0.023434127
2019-05-26,2019-05-27 20:30:00,0.0,0.011772822
2019-05-26,2019-05-27 20:45:00,0.0,0.034722615
2019-05-26,2019-05-27 21:00:00,0.0,0.04769183
2019-05-26,2019-05-27 21:15:00,0.042187999933958054,0.08654805
2019-05-26,2019-05-27 21:30:00,0.1757809966802597,0.14992765
2019-05-26,2019-05-27 21:45:00,0.22499999403953552,0.24302849
2019-05-26,2019-05-27 22:00:00,0.330469012260437,0.35845238
2019-05-26,2019-05-27 22:15:00,0.4781250059604645,0.51760584
2019-05-26,2019-05-27 22:30:00,0.703125,0.6962407
2019-05-26,2019-05-27 22:45:00,0.935155987739563,0.8819088
2019-05-26,2019-05-27 23:00:00,1.2269530296325684,1.1372068
2019-05-26,2019-05-27 23:15:00,1.539844036102295,1.4253407
2019-05-26,2019-05-27 23:30:00,1.8562500476837158,1.6180812
2019-05-26,2019-05-27 23:45:00,2.12343692779541,1.8157296
2019-05-27,2019-05-28 00:00:00,2.4117190837860107,2.2018971
2019-05-27,2019-05-28 00:15:00,2.682421922683716,2.4553015
2019-05-27,2019-05-28 00:30:00,2.9214839935302734,2.589791
2019-05-27,2019-05-28 00:45:00,3.164062023162842,2.7650793
2019-05-27,2019-05-28 01:00:00,3.3714840412139893,2.8701835
2019-05-27,2019-05-28 01:15:00,3.5789060592651367,3.018236
2019-05-27,2019-05-28 01:30:00,3.7195310592651367,3.087942
2019-05-27,2019-05-28 01:45:00,3.8953120708465576,3.202872
2019-05-27,2019-05-28 02:00:00,4.004296779632568,3.3418462
2019-05-27,2019-05-28 02:15:00,3.9375,3.4160893
2019-05-27,2019-05-28 02:30:00,4.018359184265137,3.43333
2019-05-27,2019-05-28 02:45:00,4.095703125,3.4665458
2019-05-27,2019-05-28 03:00:00,4.130858898162842,3.59085
2019-05-27,2019-05-28 03:15:00,4.229297161102295,3.5356605
2019-05-27,2019-05-28 03:30:00,4.257421970367432,3.6141498
2019-05-27,2019-05-28 03:45:00,4.267969131469727,3.5433216
2019-05-27,2019-05-28 04:00:00,4.21523380279541,3.5760503
2019-05-27,2019-05-28 04:15:00,4.225780963897705,3.632404
2019-05-27,2019-05-28 04:30:00,4.123827934265137,3.675264
2019-05-27,2019-05-28 04:45:00,4.106249809265137,3.6758478
2019-05-27,2019-05-28 05:00:00,4.162499904632568,3.6438951
2019-05-27,2019-05-28 05:15:00,4.141406059265137,3.7114816
2019-05-27,2019-05-28 05:30:00,4.123827934265137,3.6106176
2019-05-27,2019-05-28 05:45:00,4.088672161102295,3.5384364
2019-05-27,2019-05-28 06:00:00,4.011328220367432,3.4464467
2019-05-27,2019-05-28 06:15:00,3.9691410064697266,3.3555095
2019-05-27,2019-05-28 06:30:00,3.979686975479126,3.219304
2019-05-27,2019-05-28 06:45:00,3.8460938930511475,3.1523826
2019-05-27,2019-05-28 07:00:00,3.761718988418579,2.9855266
2019-05-27,2019-05-28 07:15:00,3.6140620708465576,2.8467839
2019-05-27,2019-05-28 07:30:00,3.4242188930511475,2.5939972
2019-05-27,2019-05-28 07:45:00,3.216797113418579,2.296538
2019-05-27,2019-05-28 08:00:00,3.0269529819488525,2.0288231
2019-05-27,2019-05-28 08:15:00,2.7703120708465576,1.6943296
2019-05-27,2019-05-28 08:30:00,2.53125,1.3459402
2019-05-27,2019-05-28 08:45:00,2.267577886581421,1.1011341
2019-05-27,2019-05-28 09:00:00,1.96875,0.8824945
2019-05-27,2019-05-28 09:15:00,1.6734369993209839,0.6731032
2019-05-27,2019-05-28 09:30:00,1.3675780296325684,0.5202184
2019-05-27,2019-05-28 09:45:00,1.068750023841858,0.36543015
2019-05-27,2019-05-28 10:00:00,0.8015620112419128,0.27550304
2019-05-27,2019-05-28 10:15:00,0.5484369993209839,0.16429624
2019-05-27,2019-05-28 10:30:00,0.26718801259994507,0.14386916
2019-05-27,2019-05-28 10:45:00,0.15820300579071045,0.06769533
2019-05-27,2019-05-28 11:00:00,0.10195299983024597,0.03970097
2019-05-27,2019-05-28 11:15:00,0.014062000438570976,0.0
2019-05-27,2019-05-28 11:30:00,0.0,0.0
2019-05-27,2019-05-28 11:45:00,0.0,0.022773424
2019-05-27,2019-05-28 12:00:00,0.0,0.016149402
2019-05-27,2019-05-28 12:15:00,0.0,0.0
2019-05-27,2019-05-28 12:30:00,0.0,0.0
2019-05-27,2019-05-28 12:45:00,0.0,0.0
2019-05-27,2019-05-28 13:00:00,0.0,0.0
2019-05-27,2019-05-28 13:15:00,0.0,0.0
2019-05-27,2019-05-28 13:30:00,0.0,0.044262685
2019-05-27,2019-05-28 13:45:00,0.0,0.048962474
2019-05-27,2019-05-28 14:00:00,0.0,0.09315644
2019-05-27,2019-05-28 14:15:00,0.0,0.10570228
2019-05-27,2019-05-28 14:30:00,0.0,0.12958387
2019-05-27,2019-05-28 14:45:00,0.0,0.16029269
2019-05-27,2019-05-28 15:00:00,0.0,0.16739717
2019-05-27,2019-05-28 15:15:00,0.0,0.12047028
2019-05-27,2019-05-28 15:30:00,0.0,0.14543381
2019-05-27,2019-05-28 15:45:00,0.0,0.09496617
2019-05-27,2019-05-28 16:00:00,0.0,0.05850092
2019-05-27,2019-05-28 16:15:00,0.0,0.020654945
2019-05-27,2019-05-28 16:30:00,0.0,0.05445325
2019-05-27,2019-05-28 16:45:00,0.0,0.047839105
2019-05-27,2019-05-28 17:00:00,0.0,0.06787466
2019-05-27,2019-05-28 17:15:00,0.0,0.013839616
2019-05-27,2019-05-28 17:30:00,0.0,0.09817675
2019-05-27,2019-05-28 17:45:00,0.0,0.09195945
2019-05-27,2019-05-28 18:00:00,0.0,0.09675354
2019-05-27,2019-05-28 18:15:00,0.0,0.08376807
2019-05-27,2019-05-28 18:30:00,0.0,0.104874305
2019-05-27,2019-05-28 18:45:00,0.0,0.12993842
2019-05-27,2019-05-28 19:00:00,0.0,0.12730223
2019-05-27,2019-05-28 19:15:00,0.0,0.13309881
2019-05-27,2019-05-28 19:30:00,0.0,0.09990422
2019-05-27,2019-05-28 19:45:00,0.0,0.047782235
2019-05-27,2019-05-28 20:00:00,0.0,0.046460625
2019-05-27,2019-05-28 20:15:00,0.0,0.020704325
2019-05-27,2019-05-28 20:30:00,0.0,0.021075128
2019-05-27,2019-05-28 20:45:00,0.0,0.07724622
2019-05-27,2019-05-28 21:00:00,0.0,0.12477847
2019-05-27,2019-05-28 21:15:00,0.003515999997034669,0.18657358
2019-05-27,2019-05-28 21:30:00,0.07734400033950806,0.26468337
2019-05-27,2019-05-28 21:45:00,0.140625,0.37089717
2019-05-27,2019-05-28 22:00:00,0.2566410005092621,0.49426025
2019-05-27,2019-05-28 22:15:00,0.39375001192092896,0.6682068
2019-05-27,2019-05-28 22:30:00,0.6082029938697815,0.8330038
2019-05-27,2019-05-28 22:45:00,0.8507810235023499,0.98864585
2019-05-27,2019-05-28 23:00:00,1.1074219942092896,1.2159108
2019-05-27,2019-05-28 23:15:00,1.399219036102295,1.4523658
2019-05-27,2019-05-28 23:30:00,1.6875,1.6311204
2019-05-27,2019-05-28 23:45:00,1.9792970418930054,1.8194952
2019-05-28,2019-05-29 00:00:00,2.26406192779541,2.168179
2019-05-28,2019-05-29 00:15:00,2.538280963897705,2.4231246
2019-05-28,2019-05-29 00:30:00,2.7878899574279785,2.5805123
2019-05-28,2019-05-29 00:45:00,3.0093750953674316,2.7496638
2019-05-28,2019-05-29 01:00:00,3.223828077316284,2.8645906
2019-05-28,2019-05-29 01:15:00,3.4347660541534424,2.996674
2019-05-28,2019-05-29 01:30:00,3.5999999046325684,3.0610387
2019-05-28,2019-05-29 01:45:00,3.708983898162842,3.1960123
2019-05-28,2019-05-29 02:00:00,3.839061975479126,3.3772724
2019-05-28,2019-05-29 02:15:00,3.909374952316284,3.4682567
2019-05-28,2019-05-29 02:30:00,3.9867188930511475,3.4862201
2019-05-28,2019-05-29 02:45:00,4.032422065734863,3.564336
2019-05-28,2019-05-29 03:00:00,4.050000190734863,3.7156997
2019-05-28,2019-05-29 03:15:00,4.071094036102295,3.685154
2019-05-28,2019-05-29 03:30:00,4.085155963897705,3.822314
2019-05-28,2019-05-29 03:45:00,4.06406307220459,3.7965562
2019-05-28,2019-05-29 04:00:00,4.028905868530273,3.85091
2019-05-28,2019-05-29 04:15:00,4.014842987060547,3.9373324
2019-05-28,2019-05-29 04:30:00,4.102734088897705,4.02161
2019-05-28,2019-05-29 04:45:00,4.07460880279541,4.07811
2019-05-28,2019-05-29 05:00:00,4.120312213897705,4.0429916
2019-05-28,2019-05-29 05:15:00,4.099218845367432,4.0987535
2019-05-28,2019-05-29 05:30:00,4.057031154632568,4.0294538
2019-05-28,2019-05-29 05:45:00,4.109766006469727,3.998678
2019-05-28,2019-05-29 06:00:00,4.130858898162842,3.8971932
2019-05-28,2019-05-29 06:15:00,3.744141101837158,3.8761168
2019-05-28,2019-05-29 06:30:00,3.948046922683716,3.797248
2019-05-28,2019-05-29 06:45:00,3.796875,3.7544215
2019-05-28,2019-05-29 07:00:00,3.385546922683716,3.6267421
2019-05-28,2019-05-29 07:15:00,3.779297113418579,3.560613
2019-05-28,2019-05-29 07:30:00,3.5648438930511475,3.3752167
2019-05-28,2019-05-29 07:45:00,3.128906011581421,3.0915542
2019-05-28,2019-05-29 08:00:00,2.2957029342651367,2.8249235
2019-05-28,2019-05-29 08:15:00,3.216797113418579,2.5566542
2019-05-28,2019-05-29 08:30:00,2.6578121185302734,2.1739295
2019-05-28,2019-05-29 08:45:00,2.54531192779541,1.9172292
2019-05-28,2019-05-29 09:00:00,2.1304690837860107,1.6372159
2019-05-28,2019-05-29 09:15:00,1.835155963897705,1.3763814
2019-05-28,2019-05-29 09:30:00,1.5433590412139893,1.2098355
2019-05-28,2019-05-29 09:45:00,0.8085939884185791,0.96040434
2019-05-28,2019-05-29 10:00:00,0.4007810056209564,0.79019016
2019-05-28,2019-05-29 10:15:00,0.41835901141166687,0.5619985
2019-05-28,2019-05-29 10:30:00,0.37968701124191284,0.45607293
2019-05-28,2019-05-29 10:45:00,0.18281200528144836,0.31839037
2019-05-28,2019-05-29 11:00:00,0.11953099817037582,0.16379116
2019-05-28,2019-05-29 11:15:00,0.042187999933958054,0.06702113
2019-05-28,2019-05-29 11:30:00,0.0,0.004446576
2019-05-28,2019-05-29 11:45:00,0.0,0.0
2019-05-28,2019-05-29 12:00:00,0.0,0.0
2019-05-28,2019-05-29 12:15:00,0.0,0.0
2019-05-28,2019-05-29 12:30:00,0.0,0.0
2019-05-28,2019-05-29 12:45:00,0.0,0.0
2019-05-28,2019-05-29 13:00:00,0.0,0.0
2019-05-28,2019-05-29 13:15:00,0.0,0.0
2019-05-28,2019-05-29 13:30:00,0.0,0.0
2019-05-28,2019-05-29 13:45:00,0.0,0.0
2019-05-28,2019-05-29 14:00:00,0.0,0.03345137
2019-05-28,2019-05-29 14:15:00,0.0,0.06954193
2019-05-28,2019-05-29 14:30:00,0.0,0.12116388
2019-05-28,2019-05-29 14:45:00,0.0,0.15363207
2019-05-28,2019-05-29 15:00:00,0.0,0.19322208
2019-05-28,2019-05-29 15:15:00,0.0,0.11732431
2019-05-28,2019-05-29 15:30:00,0.0,0.1579765
2019-05-28,2019-05-29 15:45:00,0.0,0.10917122
2019-05-28,2019-05-29 16:00:00,0.0,0.050791487
2019-05-28,2019-05-29 16:15:00,0.0,0.034876022
2019-05-28,2019-05-29 16:30:00,0.0,0.08222952
2019-05-28,2019-05-29 16:45:00,0.0,0.068306774
2019-05-28,2019-05-29 17:00:00,0.0,0.098726965
2019-05-28,2019-05-29 17:15:00,0.0,0.048009053
2019-05-28,2019-05-29 17:30:00,0.0,0.12944676
2019-05-28,2019-05-29 17:45:00,0.0,0.1348553
2019-05-28,2019-05-29 18:00:00,0.0,0.14191115
2019-05-28,2019-05-29 18:15:00,0.0,0.13729034
2019-05-28,2019-05-29 18:30:00,0.0,0.18888253
2019-05-28,2019-05-29 18:45:00,0.0,0.20097129
2019-05-28,2019-05-29 19:00:00,0.0,0.16535589
2019-05-28,2019-05-29 19:15:00,0.0,0.1898547
2019-05-28,2019-05-29 19:30:00,0.0,0.12590483
2019-05-28,2019-05-29 19:45:00,0.0,0.06628076
2019-05-28,2019-05-29 20:00:00,0.0,0.045534052
2019-05-28,2019-05-29 20:15:00,0.0,0.0
2019-05-28,2019-05-29 20:30:00,0.0,0.0
2019-05-28,2019-05-29 20:45:00,0.0,0.016081791
2019-05-28,2019-05-29 21:00:00,0.0,0.05242913
2019-05-28,2019-05-29 21:15:00,0.0,0.1161803
2019-05-28,2019-05-29 21:30:00,0.0,0.16045102
2019-05-28,2019-05-29 21:45:00,0.19335900247097015,0.25952163
2019-05-28,2019-05-29 22:00:00,0.3023439943790436,0.3487298
2019-05-28,2019-05-29 22:15:00,0.43945300579071045,0.49050808
2019-05-28,2019-05-29 22:30:00,0.4816409945487976,0.6267042
2019-05-28,2019-05-29 22:45:00,0.583594024181366,0.78898907
2019-05-28,2019-05-29 23:00:00,0.984375,1.0497726
2019-05-28,2019-05-29 23:15:00,0.8121089935302734,1.3317492
2019-05-28,2019-05-29 23:30:00,1.364061951637268,1.4929057
2019-05-28,2019-05-29 23:45:00,1.4343750476837158,1.7114286
2019-05-29,2019-05-30 00:00:00,1.9300780296325684,1.7631761
2019-05-29,2019-05-30 00:15:00,2.383594036102295,2.0069475
2019-05-29,2019-05-30 00:30:00,2.4468750953674316,2.1625328
2019-05-29,2019-05-30 00:45:00,2.707031011581421,2.3638437
2019-05-29,2019-05-30 01:00:00,3.058593988418579,2.552128
2019-05-29,2019-05-30 01:15:00,3.2660160064697266,2.6863568
2019-05-29,2019-05-30 01:30:00,3.487499952316284,2.7660716
2019-05-29,2019-05-30 01:45:00,3.666796922683716,2.9335928
2019-05-29,2019-05-30 02:00:00,3.8636720180511475,3.071923
2019-05-29,2019-05-30 02:15:00,3.909374952316284,3.201248
2019-05-29,2019-05-30 02:30:00,3.9937500953674316,3.2746093
2019-05-29,2019-05-30 02:45:00,3.8777339458465576,3.3192873
2019-05-29,2019-05-30 03:00:00,4.158984184265137,3.4907176
2019-05-29,2019-05-30 03:15:00,4.187108993530273,3.432133
2019-05-29,2019-05-30 03:30:00,4.08164119720459,3.5390346
2019-05-29,2019-05-30 03:45:00,4.09218692779541,3.5158045
2019-05-29,2019-05-30 04:00:00,3.8917970657348633,3.5184143
2019-05-29,2019-05-30 04:15:00,3.779297113418579,3.5742888
2019-05-29,2019-05-30 04:30:00,2.900391101837158,3.642072
2019-05-29,2019-05-30 04:45:00,3.3785150051116943,3.6679492
2019-05-29,2019-05-30 05:00:00,3.0093750953674316,3.6133232
2019-05-29,2019-05-30 05:15:00,4.07460880279541,3.6424513
2019-05-29,2019-05-30 05:30:00,3.9128899574279785,3.5834715
2019-05-29,2019-05-30 05:45:00,3.7300779819488525,3.5145326
2019-05-29,2019-05-30 06:00:00,3.3082029819488525,3.4817772
2019-05-29,2019-05-30 06:15:00,3.8777339458465576,3.3537688
2019-05-29,2019-05-30 06:30:00,2.267577886581421,3.2718134
2019-05-29,2019-05-30 06:45:00,1.357030987739563,3.2480342
2019-05-29,2019-05-30 07:00:00,2.664844036102295,3.1334085
2019-05-29,2019-05-30 07:15:00,2.506640911102295,3.038067
2019-05-29,2019-05-30 07:30:00,3.4769530296325684,2.8354273
2019-05-29,2019-05-30 07:45:00,3.1535160541534424,2.5952458
2019-05-29,2019-05-30 08:00:00,2.963671922683716,2.3668544
2019-05-29,2019-05-30 08:15:00,2.6261720657348633,2.0551372
2019-05-29,2019-05-30 08:30:00,2.3238279819488525,1.6994444
2019-05-29,2019-05-30 08:45:00,2.0355470180511475,1.434829
2019-05-29,2019-05-30 09:00:00,1.7156250476837158,1.1815104
2019-05-29,2019-05-30 09:15:00,1.4800779819488525,0.93645215
2019-05-29,2019-05-30 09:30:00,1.2410160303115845,0.73441845
2019-05-29,2019-05-30 09:45:00,0.9105470180511475,0.55022216
2019-05-29,2019-05-30 10:00:00,0.7136719822883606,0.4419675
2019-05-29,2019-05-30 10:15:00,0.5238280296325684,0.30443227
2019-05-29,2019-05-30 10:30:00,0.37968701124191284,0.22458595
2019-05-29,2019-05-30 10:45:00,0.2566410005092621,0.15303586
2019-05-29,2019-05-30 11:00:00,0.15468700230121613,0.10497549
2019-05-29,2019-05-30 11:15:00,0.014062000438570976,0.066871464
2019-05-29,2019-05-30 11:30:00,0.0,0.06915852
2019-05-29,2019-05-30 11:45:00,0.0,0.05755015
2019-05-29,2019-05-30 12:00:00,0.0,0.053507872
2019-05-29,2019-05-30 12:15:00,0.0,0.043116122
2019-05-29,2019-05-30 12:30:00,0.0,0.0
2019-05-29,2019-05-30 12:45:00,0.0,0.005537254
2019-05-29,2019-05-30 13:00:00,0.0,0.005454954
2019-05-29,2019-05-30 13:15:00,0.0,0.0072166226
2019-05-29,2019-05-30 13:30:00,0.0,0.03137462
2019-05-29,2019-05-30 13:45:00,0.0,0.02140157
2019-05-29,2019-05-30 14:00:00,0.0,0.055421714
2019-05-29,2019-05-30 14:15:00,0.0,0.047127232
2019-05-29,2019-05-30 14:30:00,0.0,0.07997037
2019-05-29,2019-05-30 14:45:00,0.0,0.10028076
2019-05-29,2019-05-30 15:00:00,0.0,0.11210399
2019-05-29,2019-05-30 15:15:00,0.0,0.115275085
2019-05-29,2019-05-30 15:30:00,0.0,0.12765156
2019-05-29,2019-05-30 15:45:00,0.0,0.10971065
2019-05-29,2019-05-30 16:00:00,0.0,0.11103605
2019-05-29,2019-05-30 16:15:00,0.0,0.07148595
2019-05-29,2019-05-30 16:30:00,0.0,0.086855136
2019-05-29,2019-05-30 16:45:00,0.0,0.07883078
2019-05-29,2019-05-30 17:00:00,0.0,0.061524656
2019-05-29,2019-05-30 17:15:00,0.0,0.015544827
2019-05-29,2019-05-30 17:30:00,0.0,0.047996625
2019-05-29,2019-05-30 17:45:00,0.0,0.0
2019-05-29,2019-05-30 18:00:00,0.0,0.00081851264
2019-05-29,2019-05-30 18:15:00,0.0,0.0
2019-05-29,2019-05-30 18:30:00,0.0,0.0
2019-05-29,2019-05-30 18:45:00,0.0,0.0
2019-05-29,2019-05-30 19:00:00,0.0,0.0002778441
2019-05-29,2019-05-30 19:15:00,0.0,0.0
2019-05-29,2019-05-30 19:30:00,0.0,0.0
2019-05-29,2019-05-30 19:45:00,0.0,0.0
2019-05-29,2019-05-30 20:00:00,0.0,0.0
2019-05-29,2019-05-30 20:15:00,0.0,0.0
2019-05-29,2019-05-30 20:30:00,0.0,0.0
2019-05-29,2019-05-30 20:45:00,0.0,0.0
2019-05-29,2019-05-30 21:00:00,0.0,0.0
2019-05-29,2019-05-30 21:15:00,0.024608999490737915,0.02752772
2019-05-29,2019-05-30 21:30:00,0.0,0.047914244
2019-05-29,2019-05-30 21:45:00,0.18984399735927582,0.15218125
2019-05-29,2019-05-30 22:00:00,0.29882800579071045,0.2495664
2019-05-29,2019-05-30 22:15:00,0.46054700016975403,0.40350607
2019-05-29,2019-05-30 22:30:00,0.6609370112419128,0.52095836
2019-05-29,2019-05-30 22:45:00,0.864844024181366,0.6498591
2019-05-29,2019-05-30 23:00:00,1.1566410064697266,0.86347926
2019-05-29,2019-05-30 23:15:00,1.4343750476837158,1.0494525
2019-05-29,2019-05-30 23:30:00,1.7121089696884155,1.263014
2019-05-29,2019-05-30 23:45:00,2.0144529342651367,1.4289961
2019-05-30,2019-05-31 00:00:00,2.260546922683716,2.288194
2019-05-30,2019-05-31 00:15:00,2.5101559162139893,2.5702708
2019-05-30,2019-05-31 00:30:00,2.7667970657348633,2.7642481
2019-05-30,2019-05-31 00:45:00,2.9988279342651367,2.9800358
2019-05-30,2019-05-31 01:00:00,3.2308590412139893,3.1366365
2019-05-30,2019-05-31 01:15:00,3.4382810592651367,3.313833
2019-05-30,2019-05-31 01:30:00,3.568358898162842,3.4149754
2019-05-30,2019-05-31 01:45:00,3.744141101837158,3.5720654
2019-05-30,2019-05-31 02:00:00,3.902343988418579,3.7678123
2019-05-30,2019-05-31 02:15:00,4.014842987060547,3.8700259
2019-05-30,2019-05-31 02:30:00,4.095703125,3.9014556
2019-05-30,2019-05-31 02:45:00,4.169530868530273,3.9757442
2019-05-30,2019-05-31 03:00:00,4.23281192779541,4.1190476
2019-05-30,2019-05-31 03:15:00,4.22226619720459,4.061159
2019-05-30,2019-05-31 03:30:00,4.169530868530273,4.160075
2019-05-30,2019-05-31 03:45:00,4.201171875,4.119153
2019-05-30,2019-05-31 04:00:00,4.225780963897705,4.1443644
2019-05-30,2019-05-31 04:15:00,4.144921779632568,4.1920033
2019-05-30,2019-05-31 04:30:00,4.201171875,4.2400985
2019-05-30,2019-05-31 04:45:00,4.09218692779541,4.260621
2019-05-30,2019-05-31 05:00:00,4.014842987060547,4.187561
2019-05-30,2019-05-31 05:15:00,4.046483993530273,4.2050786
2019-05-30,2019-05-31 05:30:00,4.050000190734863,4.1014986
2019-05-30,2019-05-31 05:45:00,3.9128899574279785,4.0186996
2019-05-30,2019-05-31 06:00:00,4.000781059265137,3.903143
2019-05-30,2019-05-31 06:15:00,3.9410150051116943,3.820787
2019-05-30,2019-05-31 06:30:00,3.8988280296325684,3.7212372
2019-05-30,2019-05-31 06:45:00,3.8636720180511475,3.644843
2019-05-30,2019-05-31 07:00:00,3.7160160541534424,3.4965224
2019-05-30,2019-05-31 07:15:00,2.988281011581421,3.4180498
2019-05-30,2019-05-31 07:30:00,2.460937976837158,3.2193983
2019-05-30,2019-05-31 07:45:00,2.882812023162842,2.9457557
2019-05-30,2019-05-31 08:00:00,1.680469036102295,2.6800153
2019-05-30,2019-05-31 08:15:00,1.026561975479126,2.4247642
2019-05-30,2019-05-31 08:30:00,1.3605469465255737,2.0341918
2019-05-30,2019-05-31 08:45:00,1.2480469942092896,1.7841055
2019-05-30,2019-05-31 09:00:00,2.3414061069488525,1.5260963
2019-05-30,2019-05-31 09:15:00,1.6488280296325684,1.2564977
2019-05-30,2019-05-31 09:30:00,1.089843988418579,1.0857474
2019-05-30,2019-05-31 09:45:00,0.7558590173721313,0.8378588
2019-05-30,2019-05-31 10:00:00,0.8753910064697266,0.6890928
2019-05-30,2019-05-31 10:15:00,0.28125,0.47425708
2019-05-30,2019-05-31 10:30:00,0.3269529938697815,0.3663738
2019-05-30,2019-05-31 10:45:00,0.2214840054512024,0.24960776
2019-05-30,2019-05-31 11:00:00,0.1300780028104782,0.10463185
2019-05-30,2019-05-31 11:15:00,0.0,0.04342619
2019-05-30,2019-05-31 11:30:00,0.0,0.0
2019-05-30,2019-05-31 11:45:00,0.0,0.0
2019-05-30,2019-05-31 12:00:00,0.0,0.0
2019-05-30,2019-05-31 12:15:00,0.0,0.0
2019-05-30,2019-05-31 12:30:00,0.0,0.0
2019-05-30,2019-05-31 12:45:00,0.0,0.0
2019-05-30,2019-05-31 13:00:00,0.0,0.0
2019-05-30,2019-05-31 13:15:00,0.0,0.0
2019-05-30,2019-05-31 13:30:00,0.0,0.0
2019-05-30,2019-05-31 13:45:00,0.0,0.0
2019-05-30,2019-05-31 14:00:00,0.0,0.032733962
2019-05-30,2019-05-31 14:15:00,0.0,0.04925863
2019-05-30,2019-05-31 14:30:00,0.0,0.10073572
2019-05-30,2019-05-31 14:45:00,0.0,0.11490976
2019-05-30,2019-05-31 15:00:00,0.0,0.14673482
2019-05-30,2019-05-31 15:15:00,0.0,0.09178639
2019-05-30,2019-05-31 15:30:00,0.0,0.11946803
2019-05-30,2019-05-31 15:45:00,0.0,0.08237572
2019-05-30,2019-05-31 16:00:00,0.0,0.037726063
2019-05-30,2019-05-31 16:15:00,0.0,0.017142473
2019-05-30,2019-05-31 16:30:00,0.0,0.05162905
2019-05-30,2019-05-31 16:45:00,0.0,0.050796796
2019-05-30,2019-05-31 17:00:00,0.0,0.07511861
2019-05-30,2019-05-31 17:15:00,0.0,0.026300052
2019-05-30,2019-05-31 17:30:00,0.0,0.10036
2019-05-30,2019-05-31 17:45:00,0.0,0.086861104
2019-05-30,2019-05-31 18:00:00,0.0,0.095821865
2019-05-30,2019-05-31 18:15:00,0.0,0.08311621
2019-05-30,2019-05-31 18:30:00,0.0,0.123796016
2019-05-30,2019-05-31 18:45:00,0.0,0.13795093
2019-05-30,2019-05-31 19:00:00,0.0,0.11158684
2019-05-30,2019-05-31 19:15:00,0.0,0.13670185
2019-05-30,2019-05-31 19:30:00,0.0,0.076376356
2019-05-30,2019-05-31 19:45:00,0.0,0.02370691
2019-05-30,2019-05-31 20:00:00,0.0,0.005008848
2019-05-30,2019-05-31 20:15:00,0.0,0.0
2019-05-30,2019-05-31 20:30:00,0.0,0.0
2019-05-30,2019-05-31 20:45:00,0.0,0.0
2019-05-30,2019-05-31 21:00:00,0.0,0.0
2019-05-30,2019-05-31 21:15:00,0.0,0.059410166
2019-05-30,2019-05-31 21:30:00,0.0,0.10946744
2019-05-30,2019-05-31 21:45:00,0.0,0.21028818
2019-05-30,2019-05-31 22:00:00,0.07734400033950806,0.31445143
2019-05-30,2019-05-31 22:15:00,0.16875000298023224,0.47317
2019-05-30,2019-05-31 22:30:00,0.34453099966049194,0.62641644
2019-05-30,2019-05-31 22:45:00,0.29882800579071045,0.7959742
2019-05-30,2019-05-31 23:00:00,0.3515619933605194,1.0501097
2019-05-30,2019-05-31 23:15:00,0.29531198740005493,1.3310943
2019-05-30,2019-05-31 23:30:00,0.5238280296325684,1.5154958
2019-05-30,2019-05-31 23:45:00,0.8332030177116394,1.7169633
2018-08-24,2018-08-25 00:00:00,1.321874976158142,1.3729013
2018-08-24,2018-08-25 00:15:00,1.5609370470046997,1.6362486
2018-08-24,2018-08-25 00:30:00,1.792968988418579,1.8657262
2018-08-24,2018-08-25 00:45:00,2.0179688930511475,2.119789
2018-08-24,2018-08-25 01:00:00,2.12343692779541,2.3747063
2018-08-24,2018-08-25 01:15:00,2.4117190837860107,2.6035924
2018-08-24,2018-08-25 01:30:00,2.654297113418579,2.7749324
2018-08-24,2018-08-25 01:45:00,2.794922113418579,3.0179074
2018-08-24,2018-08-25 02:00:00,2.9285149574279785,3.2699866
2018-08-24,2018-08-25 02:15:00,3.118359088897705,3.469747
2018-08-24,2018-08-25 02:30:00,3.1957030296325684,3.6067014
2018-08-24,2018-08-25 02:45:00,3.462891101837158,3.7116616
2018-08-24,2018-08-25 03:00:00,3.5929689407348633,3.8790011
2018-08-24,2018-08-25 03:15:00,3.6140620708465576,3.853634
2018-08-24,2018-08-25 03:30:00,3.7828121185302734,3.955342
2018-08-24,2018-08-25 03:45:00,3.526171922683716,3.907936
2018-08-24,2018-08-25 04:00:00,2.8792970180511475,3.901108
2018-08-24,2018-08-25 04:15:00,2.496093988418579,3.8912072
2018-08-24,2018-08-25 04:30:00,4.028905868530273,3.9502215
2018-08-24,2018-08-25 04:45:00,3.6949219703674316,3.971385
2018-08-24,2018-08-25 05:00:00,2.9039061069488525,3.900681
2018-08-24,2018-08-25 05:15:00,2.415234088897705,3.8961518
2018-08-24,2018-08-25 05:30:00,3.965625047683716,3.8269749
2018-08-24,2018-08-25 05:45:00,3.276561975479126,3.77743
2018-08-24,2018-08-25 06:00:00,3.2132809162139893,3.6421247
2018-08-24,2018-08-25 06:15:00,2.629688024520874,3.5634243
2018-08-24,2018-08-25 06:30:00,1.7999999523162842,3.4413326
2018-08-24,2018-08-25 06:45:00,2.583983898162842,3.3375406
2018-08-24,2018-08-25 07:00:00,1.9933589696884155,3.2154512
2018-08-24,2018-08-25 07:15:00,1.9160159826278687,3.1023536
2018-08-24,2018-08-25 07:30:00,2.7527339458465576,2.929373
2018-08-24,2018-08-25 07:45:00,1.8878910541534424,2.6951437
2018-08-24,2018-08-25 08:00:00,1.3816410303115845,2.4406502
2018-08-24,2018-08-25 08:15:00,1.8878910541534424,2.207838
2018-08-24,2018-08-25 08:30:00,1.638280987739563,1.8425705
2018-08-24,2018-08-25 08:45:00,1.160156011581421,1.590093
2018-08-24,2018-08-25 09:00:00,0.5589839816093445,1.3344978
2018-08-24,2018-08-25 09:15:00,0.8296869993209839,1.0655404
2018-08-24,2018-08-25 09:30:00,0.4429689943790436,0.8606673
2018-08-24,2018-08-25 09:45:00,0.33398398756980896,0.64847624
2018-08-24,2018-08-25 10:00:00,0.2355470061302185,0.4820515
2018-08-24,2018-08-25 10:15:00,0.16523399949073792,0.3099859
2018-08-24,2018-08-25 10:30:00,0.03867200016975403,0.19594121
2018-08-24,2018-08-25 10:45:00,0.0,0.121703155
2018-08-24,2018-08-25 11:00:00,0.0,0.06291762
2018-08-24,2018-08-25 11:15:00,0.0,0.003183706
2018-08-24,2018-08-25 11:30:00,0.0,0.004446082
2018-08-24,2018-08-25 11:45:00,0.0,0.0
2018-08-24,2018-08-25 12:00:00,0.0,0.0
2018-08-24,2018-08-25 12:15:00,0.0,0.0
2018-08-24,2018-08-25 12:30:00,0.0,0.0
2018-08-24,2018-08-25 12:45:00,0.0,0.0
2018-08-24,2018-08-25 13:00:00,0.0,0.004944078
2018-08-24,2018-08-25 13:15:00,0.0,0.0
2018-08-24,2018-08-25 13:30:00,0.0,0.010346155
2018-08-24,2018-08-25 13:45:00,0.0,0.005319077
2018-08-24,2018-08-25 14:00:00,0.0,0.019812688
2018-08-24,2018-08-25 14:15:00,0.0,0.0
2018-08-24,2018-08-25 14:30:00,0.0,0.014850217
2018-08-24,2018-08-25 14:45:00,0.0,0.013056102
2018-08-24,2018-08-25 15:00:00,0.0,0.008363429
2018-08-24,2018-08-25 15:15:00,0.0,0.02189942
2018-08-24,2018-08-25 15:30:00,0.0,0.029453287
2018-08-24,2018-08-25 15:45:00,0.0,0.037285164
2018-08-24,2018-08-25 16:00:00,0.0,0.026443666
2018-08-24,2018-08-25 16:15:00,0.0,0.0364828
2018-08-24,2018-08-25 16:30:00,0.0,0.06225173
2018-08-24,2018-08-25 16:45:00,0.0,0.0673449
2018-08-24,2018-08-25 17:00:00,0.0,0.06725877
2018-08-24,2018-08-25 17:15:00,0.0,0.06289281
2018-08-24,2018-08-25 17:30:00,0.0,0.07059553
2018-08-24,2018-08-25 17:45:00,0.0,0.050536025
2018-08-24,2018-08-25 18:00:00,0.0,0.0693196
2018-08-24,2018-08-25 18:15:00,0.0,0.050358176
2018-08-24,2018-08-25 18:30:00,0.0,0.058392696
2018-08-24,2018-08-25 18:45:00,0.0,0.04402463
2018-08-24,2018-08-25 19:00:00,0.0,0.02120689
2018-08-24,2018-08-25 19:15:00,0.0,0.010776377
2018-08-24,2018-08-25 19:30:00,0.0,0.0
2018-08-24,2018-08-25 19:45:00,0.0,0.0
2018-08-24,2018-08-25 20:00:00,0.0,0.0
2018-08-24,2018-08-25 20:15:00,0.0,0.0
2018-08-24,2018-08-25 20:30:00,0.0,0.0
2018-08-24,2018-08-25 20:45:00,0.0,0.0
2018-08-24,2018-08-25 21:00:00,0.0,0.0
2018-08-24,2018-08-25 21:15:00,0.0,0.0
2018-08-24,2018-08-25 21:30:00,0.0,0.0
2018-08-24,2018-08-25 21:45:00,0.0,0.0
2018-08-24,2018-08-25 22:00:00,0.0,0.0
2018-08-24,2018-08-25 22:15:00,0.031640999019145966,0.08202486
2018-08-24,2018-08-25 22:30:00,0.12304700165987015,0.19140314
2018-08-24,2018-08-25 22:45:00,0.17226600646972656,0.33230543
2018-08-24,2018-08-25 23:00:00,0.3550780117511749,0.54440624
2018-08-24,2018-08-25 23:15:00,0.6503909826278687,0.7673672
2018-08-24,2018-08-25 23:30:00,0.6398440003395081,0.97446626
2018-08-24,2018-08-25 23:45:00,1.068750023841858,1.1976861
2018-08-25,2018-08-26 00:00:00,1.2867189645767212,1.2964886
2018-08-25,2018-08-26 00:15:00,1.504686951637268,1.5861543
2018-08-25,2018-08-26 00:30:00,1.7472660541534424,1.8264093
2018-08-25,2018-08-26 00:45:00,1.9160159826278687,2.083574
2018-08-25,2018-08-26 01:00:00,2.1691410541534424,2.348365
2018-08-25,2018-08-26 01:15:00,2.3097660541534424,2.6111822
2018-08-25,2018-08-26 01:30:00,2.636718988418579,2.8029442
2018-08-25,2018-08-26 01:45:00,2.7703120708465576,3.0762055
2018-08-25,2018-08-26 02:00:00,2.8722660541534424,3.3473547
2018-08-25,2018-08-26 02:15:00,3.086719036102295,3.5733187
2018-08-25,2018-08-26 02:30:00,3.1886720657348633,3.7290802
2018-08-25,2018-08-26 02:45:00,3.181641101837158,3.8446708
2018-08-25,2018-08-26 03:00:00,3.3257811069488525,4.0157237
2018-08-25,2018-08-26 03:15:00,3.3785150051116943,4.009267
2018-08-25,2018-08-26 03:30:00,3.357422113418579,4.113317
2018-08-25,2018-08-26 03:45:00,3.38906192779541,4.0536985
2018-08-25,2018-08-26 04:00:00,3.403125047683716,4.0517516
2018-08-25,2018-08-26 04:15:00,3.4488279819488525,4.0186915
2018-08-25,2018-08-26 04:30:00,3.427733898162842,4.082853
2018-08-25,2018-08-26 04:45:00,3.3960940837860107,4.098141
2018-08-25,2018-08-26 05:00:00,3.2730469703674316,4.0247164
2018-08-25,2018-08-26 05:15:00,3.403125047683716,4.0169487
2018-08-25,2018-08-26 05:30:00,3.364453077316284,3.9435244
2018-08-25,2018-08-26 05:45:00,2.9742190837860107,3.894527
2018-08-25,2018-08-26 06:00:00,3.058593988418579,3.721842
2018-08-25,2018-08-26 06:15:00,2.0636720657348633,3.6614337
2018-08-25,2018-08-26 06:30:00,2.882812023162842,3.507831
2018-08-25,2018-08-26 06:45:00,2.443358898162842,3.3738947
2018-08-25,2018-08-26 07:00:00,2.239453077316284,3.244981
2018-08-25,2018-08-26 07:15:00,2.373047113418579,3.1096714
2018-08-25,2018-08-26 07:30:00,2.151561975479126,2.923975
2018-08-25,2018-08-26 07:45:00,1.9933589696884155,2.6811457
2018-08-25,2018-08-26 08:00:00,1.7824219465255737,2.4135146
2018-08-25,2018-08-26 08:15:00,1.5785160064697266,2.1827362
2018-08-25,2018-08-26 08:30:00,1.3921869993209839,1.822057
2018-08-25,2018-08-26 08:45:00,1.019531011581421,1.5609053
2018-08-25,2018-08-26 09:00:00,0.44999998807907104,1.3133385
2018-08-25,2018-08-26 09:15:00,0.42539098858833313,1.04289
2018-08-25,2018-08-26 09:30:00,0.37968701124191284,0.83864003
2018-08-25,2018-08-26 09:45:00,0.29882800579071045,0.6281198
2018-08-25,2018-08-26 10:00:00,0.291797012090683,0.44169846
2018-08-25,2018-08-26 10:15:00,0.1757809966802597,0.28319588
2018-08-25,2018-08-26 10:30:00,0.024608999490737915,0.17492954
2018-08-25,2018-08-26 10:45:00,0.0,0.10163054
2018-08-25,2018-08-26 11:00:00,0.0,0.07044328
2018-08-25,2018-08-26 11:15:00,0.0,0.0
2018-08-25,2018-08-26 11:30:00,0.0,0.008278866
2018-08-25,2018-08-26 11:45:00,0.0,0.0046287053
2018-08-25,2018-08-26 12:00:00,0.0,0.010914147
2018-08-25,2018-08-26 12:15:00,0.0,0.009705697
2018-08-25,2018-08-26 12:30:00,0.0,0.03033192
2018-08-25,2018-08-26 12:45:00,0.0,0.032958806
2018-08-25,2018-08-26 13:00:00,0.0,0.03160222
2018-08-25,2018-08-26 13:15:00,0.0,0.02484454
2018-08-25,2018-08-26 13:30:00,0.0,0.023757113
2018-08-25,2018-08-26 13:45:00,0.0,0.023478692
2018-08-25,2018-08-26 14:00:00,0.0,0.0253999
2018-08-25,2018-08-26 14:15:00,0.0,0.0
2018-08-25,2018-08-26 14:30:00,0.0,0.0039903056
2018-08-25,2018-08-26 14:45:00,0.0,0.0
2018-08-25,2018-08-26 15:00:00,0.0,0.0
2018-08-25,2018-08-26 15:15:00,0.0,0.0
2018-08-25,2018-08-26 15:30:00,0.0,0.0006309308
2018-08-25,2018-08-26 15:45:00,0.0,0.017190412
2018-08-25,2018-08-26 16:00:00,0.0,0.0
2018-08-25,2018-08-26 16:15:00,0.0,0.009842233
2018-08-25,2018-08-26 16:30:00,0.0,0.035752844
2018-08-25,2018-08-26 16:45:00,0.0,0.036150556
2018-08-25,2018-08-26 17:00:00,0.0,0.036355935
2018-08-25,2018-08-26 17:15:00,0.0,0.0530623
2018-08-25,2018-08-26 17:30:00,0.0,0.046913806
2018-08-25,2018-08-26 17:45:00,0.0,0.04383345
2018-08-25,2018-08-26 18:00:00,0.0,0.06520852
2018-08-25,2018-08-26 18:15:00,0.0,0.047581136
2018-08-25,2018-08-26 18:30:00,0.0,0.052204244
2018-08-25,2018-08-26 18:45:00,0.0,0.032975882
2018-08-25,2018-08-26 19:00:00,0.0,0.02300197
2018-08-25,2018-08-26 19:15:00,0.0,0.011406053
2018-08-25,2018-08-26 19:30:00,0.0,0.0
2018-08-25,2018-08-26 19:45:00,0.0,0.0
2018-08-25,2018-08-26 20:00:00,0.0,0.0
2018-08-25,2018-08-26 20:15:00,0.0,0.0
2018-08-25,2018-08-26 20:30:00,0.0,0.0
2018-08-25,2018-08-26 20:45:00,0.0,0.0
2018-08-25,2018-08-26 21:00:00,0.0,0.0
2018-08-25,2018-08-26 21:15:00,0.0,0.0
2018-08-25,2018-08-26 21:30:00,0.0,0.0
2018-08-25,2018-08-26 21:45:00,0.0,0.0
2018-08-25,2018-08-26 22:00:00,0.0,0.0
2018-08-25,2018-08-26 22:15:00,0.0,0.01026797
2018-08-25,2018-08-26 22:30:00,0.20390599966049194,0.093851954
2018-08-25,2018-08-26 22:45:00,0.31992200016975403,0.2048009
2018-08-25,2018-08-26 23:00:00,0.46054700016975403,0.4039622
2018-08-25,2018-08-26 23:15:00,0.6328120231628418,0.60658514
2018-08-25,2018-08-26 23:30:00,0.8824219703674316,0.8188644
2018-08-25,2018-08-26 23:45:00,1.125,1.0620499
2018-08-26,2018-08-27 00:00:00,1.2972660064697266,1.3670771
2018-08-26,2018-08-27 00:15:00,1.181249976158142,1.6558975
2018-08-26,2018-08-27 00:30:00,1.8878910541534424,1.893206
2018-08-26,2018-08-27 00:45:00,2.021483898162842,2.1538901
2018-08-26,2018-08-27 01:00:00,2.285156011581421,2.4156187
2018-08-26,2018-08-27 01:15:00,2.478516101837158,2.670937
2018-08-26,2018-08-27 01:30:00,2.6578121185302734,2.8566768
2018-08-26,2018-08-27 01:45:00,2.8441410064697266,3.122004
2018-08-26,2018-08-27 02:00:00,3.121875047683716,3.388284
2018-08-26,2018-08-27 02:15:00,3.287108898162842,3.604613
2018-08-26,2018-08-27 02:30:00,2.3097660541534424,3.7567933
2018-08-26,2018-08-27 02:45:00,3.427733898162842,3.8698595
2018-08-26,2018-08-27 03:00:00,2.2113280296325684,4.0404415
2018-08-26,2018-08-27 03:15:00,3.4699220657348633,4.0256076
2018-08-26,2018-08-27 03:30:00,3.1500000953674316,4.129983
2018-08-26,2018-08-27 03:45:00,3.410156011581421,4.0763645
2018-08-26,2018-08-27 04:00:00,4.151953220367432,4.0717893
2018-08-26,2018-08-27 04:15:00,3.67031192779541,4.0496373
2018-08-26,2018-08-27 04:30:00,3.5964839458465576,4.109462
2018-08-26,2018-08-27 04:45:00,3.7230470180511475,4.1242433
2018-08-26,2018-08-27 05:00:00,2.5804688930511475,4.043539
2018-08-26,2018-08-27 05:15:00,2.696484088897705,4.0255337
2018-08-26,2018-08-27 05:30:00,4.310155868530273,3.9499137
2018-08-26,2018-08-27 05:45:00,2.8441410064697266,3.8929474
2018-08-26,2018-08-27 06:00:00,3.4839839935302734,3.7313166
2018-08-26,2018-08-27 06:15:00,3.5964839458465576,3.6576543
2018-08-26,2018-08-27 06:30:00,3.3363280296325684,3.515074
2018-08-26,2018-08-27 06:45:00,3.367969036102295,3.3949919
2018-08-26,2018-08-27 07:00:00,3.0269529819488525,3.2687945
2018-08-26,2018-08-27 07:15:00,3.0550780296325684,3.1521502
2018-08-26,2018-08-27 07:30:00,2.8968749046325684,2.9809976
2018-08-26,2018-08-27 07:45:00,2.7351560592651367,2.7502007
2018-08-26,2018-08-27 08:00:00,2.3765621185302734,2.4982512
2018-08-26,2018-08-27 08:15:00,1.7015620470046997,2.2798944
2018-08-26,2018-08-27 08:30:00,2.2886719703674316,1.9180936
2018-08-26,2018-08-27 08:45:00,2.0144529342651367,1.6642909
2018-08-26,2018-08-27 09:00:00,0.6679689884185791,1.4171393
2018-08-26,2018-08-27 09:15:00,0.5695310235023499,1.1443725
2018-08-26,2018-08-27 09:30:00,0.5695310235023499,0.9394463
2018-08-26,2018-08-27 09:45:00,0.4921880066394806,0.7178245
2018-08-26,2018-08-27 10:00:00,0.42890599370002747,0.53044856
2018-08-26,2018-08-27 10:15:00,0.15820300579071045,0.3581843
2018-08-26,2018-08-27 10:30:00,0.03515600040555,0.23435001
2018-08-26,2018-08-27 10:45:00,0.0,0.15206045
2018-08-26,2018-08-27 11:00:00,0.0,0.09582057
2018-08-26,2018-08-27 11:15:00,0.0,0.020738665
2018-08-26,2018-08-27 11:30:00,0.0,0.0207814
2018-08-26,2018-08-27 11:45:00,0.0,0.0
2018-08-26,2018-08-27 12:00:00,0.0,0.0066093733
2018-08-26,2018-08-27 12:15:00,0.0,0.0
2018-08-26,2018-08-27 12:30:00,0.0,0.017371265
2018-08-26,2018-08-27 12:45:00,0.0,0.018802993
2018-08-26,2018-08-27 13:00:00,0.0,0.02356519
2018-08-26,2018-08-27 13:15:00,0.0,0.020853657
2018-08-26,2018-08-27 13:30:00,0.0,0.024259923
2018-08-26,2018-08-27 13:45:00,0.0,0.022329293
2018-08-26,2018-08-27 14:00:00,0.0,0.028423635
2018-08-26,2018-08-27 14:15:00,0.0,0.0018635143
2018-08-26,2018-08-27 14:30:00,0.0,0.013631049
2018-08-26,2018-08-27 14:45:00,0.0,0.0027128689
2018-08-26,2018-08-27 15:00:00,0.0,0.0
2018-08-26,2018-08-27 15:15:00,0.0,0.0005034279
2018-08-26,2018-08-27 15:30:00,0.0,0.0070417146
2018-08-26,2018-08-27 15:45:00,0.0,0.01859811
2018-08-26,2018-08-27 16:00:00,0.0,0.0
2018-08-26,2018-08-27 16:15:00,0.0,0.009868446
2018-08-26,2018-08-27 16:30:00,0.0,0.03447839
2018-08-26,2018-08-27 16:45:00,0.0,0.03562466
2018-08-26,2018-08-27 17:00:00,0.0,0.034591224
2018-08-26,2018-08-27 17:15:00,0.0,0.042877868
2018-08-26,2018-08-27 17:30:00,0.0,0.045572363
2018-08-26,2018-08-27 17:45:00,0.0,0.033284053
2018-08-26,2018-08-27 18:00:00,0.0,0.055491544
2018-08-26,2018-08-27 18:15:00,0.0,0.0376387
2018-08-26,2018-08-27 18:30:00,0.0,0.0450284
2018-08-26,2018-08-27 18:45:00,0.0,0.03225967
2018-08-26,2018-08-27 19:00:00,0.0,0.018183852
2018-08-26,2018-08-27 19:15:00,0.0,0.011127344
2018-08-26,2018-08-27 19:30:00,0.0,0.0
2018-08-26,2018-08-27 19:45:00,0.0,0.0
2018-08-26,2018-08-27 20:00:00,0.0,0.0
2018-08-26,2018-08-27 20:15:00,0.0,0.0
2018-08-26,2018-08-27 20:30:00,0.0,0.0
2018-08-26,2018-08-27 20:45:00,0.0,0.0
2018-08-26,2018-08-27 21:00:00,0.0,0.0
2018-08-26,2018-08-27 21:15:00,0.0,0.0
2018-08-26,2018-08-27 21:30:00,0.0,0.0
2018-08-26,2018-08-27 21:45:00,0.0,0.0
2018-08-26,2018-08-27 22:00:00,0.003515999997034669,0.0
2018-08-26,2018-08-27 22:15:00,0.0,0.04025623
2018-08-26,2018-08-27 22:30:00,0.19687500596046448,0.1341868
2018-08-26,2018-08-27 22:45:00,0.31992200016975403,0.25939423
2018-08-26,2018-08-27 23:00:00,0.3410159945487976,0.46888092
2018-08-26,2018-08-27 23:15:00,0.5519530177116394,0.67728424
2018-08-26,2018-08-27 23:30:00,0.5660160183906555,0.89066255
2018-08-26,2018-08-27 23:45:00,0.731249988079071,1.1202909
2018-08-27,2018-08-28 00:00:00,0.935155987739563,1.0066882
2018-08-27,2018-08-28 00:15:00,1.8738280534744263,1.2252907
2018-08-27,2018-08-28 00:30:00,1.2269530296325684,1.4204783
2018-08-27,2018-08-28 00:45:00,1.4660160541534424,1.6413254
2018-08-27,2018-08-28 01:00:00,1.7507810592651367,1.884689
2018-08-27,2018-08-28 01:15:00,2.742187976837158,2.09912
2018-08-27,2018-08-28 01:30:00,2.8441410064697266,2.2736661
2018-08-27,2018-08-28 01:45:00,3.065624952316284,2.522675
2018-08-27,2018-08-28 02:00:00,3.258984088897705,2.784863
2018-08-27,2018-08-28 02:15:00,3.4066410064697266,2.9988728
2018-08-27,2018-08-28 02:30:00,3.5999999046325684,3.1717725
2018-08-27,2018-08-28 02:45:00,3.628124952316284,3.2889702
2018-08-27,2018-08-28 03:00:00,3.6597650051116943,3.4829822
2018-08-27,2018-08-28 03:15:00,3.7335939407348633,3.4790692
2018-08-27,2018-08-28 03:30:00,3.789844036102295,3.5862055
2018-08-27,2018-08-28 03:45:00,3.7828121185302734,3.5574331
2018-08-27,2018-08-28 04:00:00,3.867187976837158,3.5665035
2018-08-27,2018-08-28 04:15:00,3.825000047683716,3.5573676
2018-08-27,2018-08-28 04:30:00,3.786328077316284,3.6249971
2018-08-27,2018-08-28 04:45:00,3.796875,3.6535614
2018-08-27,2018-08-28 05:00:00,3.744141101837158,3.6010704
2018-08-27,2018-08-28 05:15:00,3.6527340412139893,3.6235723
2018-08-27,2018-08-28 05:30:00,3.628124952316284,3.5667808
2018-08-27,2018-08-28 05:45:00,3.5964839458465576,3.5443726
2018-08-27,2018-08-28 06:00:00,3.515625,3.4355247
2018-08-27,2018-08-28 06:15:00,3.4347660541534424,3.3683543
2018-08-27,2018-08-28 06:30:00,3.3257811069488525,3.2588205
2018-08-27,2018-08-28 06:45:00,3.1851561069488525,3.1635642
2018-08-27,2018-08-28 07:00:00,3.0164060592651367,3.0605671
2018-08-27,2018-08-28 07:15:00,2.840625047683716,2.9464629
2018-08-27,2018-08-28 07:30:00,2.629688024520874,2.783555
2018-08-27,2018-08-28 07:45:00,2.425781011581421,2.5712297
2018-08-27,2018-08-28 08:00:00,2.1832029819488525,2.3386965
2018-08-27,2018-08-28 08:15:00,1.9160159826278687,2.1139112
2018-08-27,2018-08-28 08:30:00,1.680469036102295,1.7729626
2018-08-27,2018-08-28 08:45:00,1.4449219703674316,1.5331455
2018-08-27,2018-08-28 09:00:00,1.1496089696884155,1.2921091
2018-08-27,2018-08-28 09:15:00,0.9246090054512024,1.0363532
2018-08-27,2018-08-28 09:30:00,0.6785159707069397,0.8301093
2018-08-27,2018-08-28 09:45:00,0.4781250059604645,0.6328675
2018-08-27,2018-08-28 10:00:00,0.3023439943790436,0.46664158
2018-08-27,2018-08-28 10:15:00,0.16171899437904358,0.30766296
2018-08-27,2018-08-28 10:30:00,0.03867200016975403,0.19708979
2018-08-27,2018-08-28 10:45:00,0.0,0.11978549
2018-08-27,2018-08-28 11:00:00,0.0,0.06922376
2018-08-27,2018-08-28 11:15:00,0.0,0.0026734471
2018-08-27,2018-08-28 11:30:00,0.0,0.0055551543
2018-08-27,2018-08-28 11:45:00,0.0,0.0
2018-08-27,2018-08-28 12:00:00,0.0,0.0
2018-08-27,2018-08-28 12:15:00,0.0,0.0
2018-08-27,2018-08-28 12:30:00,0.0,0.0
2018-08-27,2018-08-28 12:45:00,0.0,0.0
2018-08-27,2018-08-28 13:00:00,0.0,0.0
2018-08-27,2018-08-28 13:15:00,0.0,0.0
2018-08-27,2018-08-28 13:30:00,0.0,0.0
2018-08-27,2018-08-28 13:45:00,0.0,0.0
2018-08-27,2018-08-28 14:00:00,0.0,0.0
2018-08-27,2018-08-28 14:15:00,0.0,0.0
2018-08-27,2018-08-28 14:30:00,0.0,0.0
2018-08-27,2018-08-28 14:45:00,0.0,0.0
2018-08-27,2018-08-28 15:00:00,0.0,0.0
2018-08-27,2018-08-28 15:15:00,0.0,0.0
2018-08-27,2018-08-28 15:30:00,0.0,0.0067758453
2018-08-27,2018-08-28 15:45:00,0.0,0.0186772
2018-08-27,2018-08-28 16:00:00,0.0,0.019436331
2018-08-27,2018-08-28 16:15:00,0.0,0.041137267
2018-08-27,2018-08-28 16:30:00,0.0,0.05638997
2018-08-27,2018-08-28 16:45:00,0.0,0.06860935
2018-08-27,2018-08-28 17:00:00,0.0,0.069487035
2018-08-27,2018-08-28 17:15:00,0.0,0.074013405
2018-08-27,2018-08-28 17:30:00,0.0,0.07182332
2018-08-27,2018-08-28 17:45:00,0.0,0.058865383
2018-08-27,2018-08-28 18:00:00,0.0,0.07654437
2018-08-27,2018-08-28 18:15:00,0.0,0.05905957
2018-08-27,2018-08-28 18:30:00,0.0,0.062910296
2018-08-27,2018-08-28 18:45:00,0.0,0.04330426
2018-08-27,2018-08-28 19:00:00,0.0,0.026808172
2018-08-27,2018-08-28 19:15:00,0.0,0.010602148
2018-08-27,2018-08-28 19:30:00,0.0,0.0
2018-08-27,2018-08-28 19:45:00,0.0,0.0
2018-08-27,2018-08-28 20:00:00,0.0,0.0
2018-08-27,2018-08-28 20:15:00,0.0,0.0
2018-08-27,2018-08-28 20:30:00,0.0,0.0
2018-08-27,2018-08-28 20:45:00,0.0,0.0
2018-08-27,2018-08-28 21:00:00,0.0,0.0
2018-08-27,2018-08-28 21:15:00,0.0,0.0
2018-08-27,2018-08-28 21:30:00,0.0,0.0
2018-08-27,2018-08-28 21:45:00,0.0,0.0
2018-08-27,2018-08-28 22:00:00,0.0,0.0008730774
2018-08-27,2018-08-28 22:15:00,0.0,0.08781874
2018-08-27,2018-08-28 22:30:00,0.0,0.18091628
2018-08-27,2018-08-28 22:45:00,0.21796900033950806,0.30659634
2018-08-27,2018-08-28 23:00:00,0.3164060115814209,0.47573414
2018-08-27,2018-08-28 23:15:00,0.3058589994907379,0.6604237
2018-08-27,2018-08-28 23:30:00,0.28125,0.84960157
2018-08-27,2018-08-28 23:45:00,0.4007810056209564,1.061673
2018-08-28,2018-08-29 00:00:00,0.28828099370002747,0.69402695
2018-08-28,2018-08-29 00:15:00,0.5203120112419128,0.8841311
2018-08-28,2018-08-29 00:30:00,0.7593749761581421,1.0610597
2018-08-28,2018-08-29 00:45:00,1.0863280296325684,1.2664869
2018-08-28,2018-08-29 01:00:00,1.3816410303115845,1.503734
2018-08-28,2018-08-29 01:15:00,2.566406011581421,1.7265962
2018-08-28,2018-08-29 01:30:00,2.3871090412139893,1.9116952
2018-08-28,2018-08-29 01:45:00,2.292186975479126,2.15602
2018-08-28,2018-08-29 02:00:00,2.4398438930511475,2.4250524
2018-08-28,2018-08-29 02:15:00,2.759766101837158,2.650229
2018-08-28,2018-08-29 02:30:00,3.7828121185302734,2.836003
2018-08-28,2018-08-29 02:45:00,3.786328077316284,2.9563725
2018-08-28,2018-08-29 03:00:00,3.7722649574279785,3.1436996
2018-08-28,2018-08-29 03:15:00,3.638672113418579,3.1533024
2018-08-28,2018-08-29 03:30:00,3.7546870708465576,3.2337523
2018-08-28,2018-08-29 03:45:00,3.779297113418579,3.200583
2018-08-28,2018-08-29 04:00:00,3.67031192779541,3.213214
2018-08-28,2018-08-29 04:15:00,3.6140620708465576,3.174919
2018-08-28,2018-08-29 04:30:00,3.726562023162842,3.227054
2018-08-28,2018-08-29 04:45:00,3.2941410541534424,3.233912
2018-08-28,2018-08-29 05:00:00,3.5753910541534424,3.1936588
2018-08-28,2018-08-29 05:15:00,3.462891101837158,3.242026
2018-08-28,2018-08-29 05:30:00,3.3292970657348633,3.1687615
2018-08-28,2018-08-29 05:45:00,3.4382810592651367,3.1412158
2018-08-28,2018-08-29 06:00:00,3.5894529819488525,3.0249887
2018-08-28,2018-08-29 06:15:00,3.5015621185302734,2.9555712
2018-08-28,2018-08-29 06:30:00,3.375,2.819495
2018-08-28,2018-08-29 06:45:00,3.2554690837860107,2.6765504
2018-08-28,2018-08-29 07:00:00,3.086719036102295,2.554813
2018-08-28,2018-08-29 07:15:00,2.924999952316284,2.3962634
2018-08-28,2018-08-29 07:30:00,2.682421922683716,2.1997614
2018-08-28,2018-08-29 07:45:00,2.460937976837158,1.9757631
2018-08-28,2018-08-29 08:00:00,2.197266101837158,1.7270372
2018-08-28,2018-08-29 08:15:00,1.9828120470046997,1.4968418
2018-08-28,2018-08-29 08:30:00,1.694530963897705,1.1802982
2018-08-28,2018-08-29 08:45:00,1.3957029581069946,0.9624304
2018-08-28,2018-08-29 09:00:00,1.1988279819488525,0.76161253
2018-08-28,2018-08-29 09:15:00,0.9492189884185791,0.5448504
2018-08-28,2018-08-29 09:30:00,0.7207030057907104,0.3718926
2018-08-28,2018-08-29 09:45:00,0.4886719882488251,0.23779704
2018-08-28,2018-08-29 10:00:00,0.3164060115814209,0.13145891
2018-08-28,2018-08-29 10:15:00,0.17226600646972656,0.03610011
2018-08-28,2018-08-29 10:30:00,0.03867200016975403,0.0
2018-08-28,2018-08-29 10:45:00,0.0,0.0
2018-08-28,2018-08-29 11:00:00,0.0,0.0
2018-08-28,2018-08-29 11:15:00,0.0,0.0
2018-08-28,2018-08-29 11:30:00,0.0,0.0
2018-08-28,2018-08-29 11:45:00,0.0,0.0
2018-08-28,2018-08-29 12:00:00,0.0,0.010746996
2018-08-28,2018-08-29 12:15:00,0.0,0.013635308
2018-08-28,2018-08-29 12:30:00,0.0,0.021212114
2018-08-28,2018-08-29 12:45:00,0.0,0.027142886
2018-08-28,2018-08-29 13:00:00,0.0,0.013433385
2018-08-28,2018-08-29 13:15:00,0.0,0.0
2018-08-28,2018-08-29 13:30:00,0.0,0.0
2018-08-28,2018-08-29 13:45:00,0.0,0.0
2018-08-28,2018-08-29 14:00:00,0.0,0.0
2018-08-28,2018-08-29 14:15:00,0.0,0.0
2018-08-28,2018-08-29 14:30:00,0.0,0.0
2018-08-28,2018-08-29 14:45:00,0.0,0.0
2018-08-28,2018-08-29 15:00:00,0.0,0.0
2018-08-28,2018-08-29 15:15:00,0.0,0.0
2018-08-28,2018-08-29 15:30:00,0.0,0.0
2018-08-28,2018-08-29 15:45:00,0.0,0.0
2018-08-28,2018-08-29 16:00:00,0.0,0.0
2018-08-28,2018-08-29 16:15:00,0.0,0.019390203
2018-08-28,2018-08-29 16:30:00,0.0,0.025114689
2018-08-28,2018-08-29 16:45:00,0.0,0.04552319
2018-08-28,2018-08-29 17:00:00,0.0,0.04996248
2018-08-28,2018-08-29 17:15:00,0.0,0.064241864
2018-08-28,2018-08-29 17:30:00,0.0,0.056206975
2018-08-28,2018-08-29 17:45:00,0.0,0.059023276
2018-08-28,2018-08-29 18:00:00,0.0,0.07475262
2018-08-28,2018-08-29 18:15:00,0.0,0.06259513
2018-08-28,2018-08-29 18:30:00,0.0,0.06558879
2018-08-28,2018-08-29 18:45:00,0.0,0.04342545
2018-08-28,2018-08-29 19:00:00,0.0,0.041617855
2018-08-28,2018-08-29 19:15:00,0.0,0.028078346
2018-08-28,2018-08-29 19:30:00,0.0,0.0
2018-08-28,2018-08-29 19:45:00,0.0,0.0
2018-08-28,2018-08-29 20:00:00,0.0,0.0
2018-08-28,2018-08-29 20:15:00,0.0,0.0
2018-08-28,2018-08-29 20:30:00,0.0,0.0
2018-08-28,2018-08-29 20:45:00,0.0,0.0
2018-08-28,2018-08-29 21:00:00,0.0,0.0
2018-08-28,2018-08-29 21:15:00,0.0,0.0
2018-08-28,2018-08-29 21:30:00,0.0,0.0
2018-08-28,2018-08-29 21:45:00,0.0,0.016245034
2018-08-28,2018-08-29 22:00:00,0.0,0.06891859
2018-08-28,2018-08-29 22:15:00,0.0,0.14920475
2018-08-28,2018-08-29 22:30:00,0.2003909945487976,0.23134157
2018-08-28,2018-08-29 22:45:00,0.34453099966049194,0.3367979
2018-08-28,2018-08-29 23:00:00,0.46406298875808716,0.45895025
2018-08-28,2018-08-29 23:15:00,0.6328120231628418,0.61489743
2018-08-28,2018-08-29 23:30:00,0.9597659707069397,0.77154547
2018-08-28,2018-08-29 23:45:00,0.9140620231628418,0.9756934
2018-08-29,2018-08-30 00:00:00,0.935155987739563,1.2310808
2018-08-29,2018-08-30 00:15:00,0.7347660064697266,1.4969393
2018-08-29,2018-08-30 00:30:00,1.694530963897705,1.7262028
2018-08-29,2018-08-30 00:45:00,1.033594012260437,1.9769009
2018-08-29,2018-08-30 01:00:00,1.3746089935302734,2.2325206
2018-08-29,2018-08-30 01:15:00,2.348438024520874,2.4771333
2018-08-29,2018-08-30 01:30:00,1.4695310592651367,2.6600595
2018-08-29,2018-08-30 01:45:00,1.5222660303115845,2.9158034
2018-08-29,2018-08-30 02:00:00,1.4378910064697266,3.1878521
2018-08-29,2018-08-30 02:15:00,1.2867189645767212,3.402361
2018-08-29,2018-08-30 02:30:00,1.1953120231628418,3.5539021
2018-08-29,2018-08-30 02:45:00,1.223436951637268,3.676122
2018-08-29,2018-08-30 03:00:00,1.821094036102295,3.8441262
2018-08-29,2018-08-30 03:15:00,1.4097659587860107,3.8378608
2018-08-29,2018-08-30 03:30:00,0.9597659707069397,3.946793
2018-08-29,2018-08-30 03:45:00,1.0019530057907104,3.8972392
2018-08-29,2018-08-30 04:00:00,0.9984380006790161,3.9028122
2018-08-29,2018-08-30 04:15:00,1.2550779581069946,3.8865998
2018-08-29,2018-08-30 04:30:00,1.8914060592651367,3.9557695
2018-08-29,2018-08-30 04:45:00,1.3183590173721313,3.9833257
2018-08-29,2018-08-30 05:00:00,1.2445310354232788,3.918687
2018-08-29,2018-08-30 05:15:00,1.3324220180511475,3.9234934
2018-08-29,2018-08-30 05:30:00,1.230468988418579,3.8588
2018-08-29,2018-08-30 05:45:00,0.9386720061302185,3.8249896
2018-08-29,2018-08-30 06:00:00,0.9773439764976501,3.6662786
2018-08-29,2018-08-30 06:15:00,1.2867189645767212,3.616252
2018-08-29,2018-08-30 06:30:00,1.167186975479126,3.48127
2018-08-29,2018-08-30 06:45:00,1.1636719703674316,3.3596408
2018-08-29,2018-08-30 07:00:00,0.935155987739563,3.2369924
2018-08-29,2018-08-30 07:15:00,0.892969012260437,3.119481
2018-08-29,2018-08-30 07:30:00,1.0054689645767212,2.9530215
2018-08-29,2018-08-30 07:45:00,1.8492189645767212,2.7160366
2018-08-29,2018-08-30 08:00:00,1.089843988418579,2.4523146
2018-08-29,2018-08-30 08:15:00,1.4941409826278687,2.2367537
2018-08-29,2018-08-30 08:30:00,0.963280975818634,1.8718569
2018-08-29,2018-08-30 08:45:00,0.5378909707069397,1.6194261
2018-08-29,2018-08-30 09:00:00,0.24960899353027344,1.3650167
2018-08-29,2018-08-30 09:15:00,0.16171899437904358,1.0952796
2018-08-29,2018-08-30 09:30:00,0.042187999933958054,0.89532715
2018-08-29,2018-08-30 09:45:00,0.052733998745679855,0.6779683
2018-08-29,2018-08-30 10:00:00,0.010546999983489513,0.4962305
2018-08-29,2018-08-30 10:15:00,0.0,0.32365417
2018-08-29,2018-08-30 10:30:00,0.0,0.2054589
2018-08-29,2018-08-30 10:45:00,0.0,0.12717211
2018-08-29,2018-08-30 11:00:00,0.0,0.07503191
2018-08-29,2018-08-30 11:15:00,0.0,0.0
2018-08-29,2018-08-30 11:30:00,0.0,0.00085044495
2018-08-29,2018-08-30 11:45:00,0.0,0.0
2018-08-29,2018-08-30 12:00:00,0.0,0.0
2018-08-29,2018-08-30 12:15:00,0.0,0.0
2018-08-29,2018-08-30 12:30:00,0.0,0.005357429
2018-08-29,2018-08-30 12:45:00,0.0,0.0025232707
2018-08-29,2018-08-30 13:00:00,0.0,0.014654632
2018-08-29,2018-08-30 13:15:00,0.0,0.007854034
2018-08-29,2018-08-30 13:30:00,0.0,0.016600981
2018-08-29,2018-08-30 13:45:00,0.0,0.014466947
2018-08-29,2018-08-30 14:00:00,0.0,0.025288053
2018-08-29,2018-08-30 14:15:00,0.0,0.0
2018-08-29,2018-08-30 14:30:00,0.0,0.012989871
2018-08-29,2018-08-30 14:45:00,0.0,0.0062228525
2018-08-29,2018-08-30 15:00:00,0.0,0.0
2018-08-29,2018-08-30 15:15:00,0.0,0.0012905225
2018-08-29,2018-08-30 15:30:00,0.0,0.006596679
2018-08-29,2018-08-30 15:45:00,0.0,0.016010191
2018-08-29,2018-08-30 16:00:00,0.0,0.0
2018-08-29,2018-08-30 16:15:00,0.0,0.011323259
2018-08-29,2018-08-30 16:30:00,0.0,0.03975249
2018-08-29,2018-08-30 16:45:00,0.0,0.043988008
2018-08-29,2018-08-30 17:00:00,0.0,0.049105532
2018-08-29,2018-08-30 17:15:00,0.0,0.055155475
2018-08-29,2018-08-30 17:30:00,0.0,0.060818974
2018-08-29,2018-08-30 17:45:00,0.0,0.055258967
2018-08-29,2018-08-30 18:00:00,0.0,0.07751234
2018-08-29,2018-08-30 18:15:00,0.0,0.061146405
2018-08-29,2018-08-30 18:30:00,0.0,0.07156984
2018-08-29,2018-08-30 18:45:00,0.0,0.05096555
2018-08-29,2018-08-30 19:00:00,0.0,0.029120056
2018-08-29,2018-08-30 19:15:00,0.0,0.020916576
2018-08-29,2018-08-30 19:30:00,0.0,0.0
2018-08-29,2018-08-30 19:45:00,0.0,0.0
2018-08-29,2018-08-30 20:00:00,0.0,0.0
2018-08-29,2018-08-30 20:15:00,0.0,0.0
2018-08-29,2018-08-30 20:30:00,0.0,0.0
2018-08-29,2018-08-30 20:45:00,0.0,0.0
2018-08-29,2018-08-30 21:00:00,0.0,0.0
2018-08-29,2018-08-30 21:15:00,0.0,0.0
2018-08-29,2018-08-30 21:30:00,0.0,0.0
2018-08-29,2018-08-30 21:45:00,0.0,0.0
2018-08-29,2018-08-30 22:00:00,0.0,0.0
2018-08-29,2018-08-30 22:15:00,0.0,0.00059560366
2018-08-29,2018-08-30 22:30:00,0.024608999490737915,0.09609357
2018-08-29,2018-08-30 22:45:00,0.07734400033950806,0.22970057
2018-08-29,2018-08-30 23:00:00,0.26367199420928955,0.4360304
2018-08-29,2018-08-30 23:15:00,0.23906299471855164,0.6553701
2018-08-29,2018-08-30 23:30:00,0.291797012090683,0.8520903
2018-08-29,2018-08-30 23:45:00,0.30937498807907104,1.0875013
2018-08-30,2018-08-31 00:00:00,0.411327987909317,0.43392482
2018-08-30,2018-08-31 00:15:00,0.5730469822883606,0.55284315
2018-08-30,2018-08-31 00:30:00,0.5378909707069397,0.59986466
2018-08-30,2018-08-31 00:45:00,0.4816409945487976,0.65149057
2018-08-30,2018-08-31 01:00:00,1.1285159587860107,0.7339941
2018-08-30,2018-08-31 01:15:00,1.1917970180511475,0.83279306
2018-08-30,2018-08-31 01:30:00,1.2761720418930054,0.87414277
2018-08-30,2018-08-31 01:45:00,0.5695310235023499,0.9754786
2018-08-30,2018-08-31 02:00:00,0.4675779938697815,1.0574898
2018-08-30,2018-08-31 02:15:00,0.48515599966049194,1.1393645
2018-08-30,2018-08-31 02:30:00,0.9667969942092896,1.2165277
2018-08-30,2018-08-31 02:45:00,1.8175779581069946,1.2116176
2018-08-30,2018-08-31 03:00:00,2.091797113418579,1.2748592
2018-08-30,2018-08-31 03:15:00,1.722656011581421,1.2731024
2018-08-30,2018-08-31 03:30:00,1.0933589935302734,1.2951988
2018-08-30,2018-08-31 03:45:00,1.1460939645767212,1.2312443
2018-08-30,2018-08-31 04:00:00,1.364061951637268,1.2338747
2018-08-30,2018-08-31 04:15:00,1.3746089935302734,1.1987594
2018-08-30,2018-08-31 04:30:00,1.132030963897705,1.2109811
2018-08-30,2018-08-31 04:45:00,0.5800780057907104,1.1982414
2018-08-30,2018-08-31 05:00:00,0.7875000238418579,1.1863687
2018-08-30,2018-08-31 05:15:00,0.7101560235023499,1.1707087
2018-08-30,2018-08-31 05:30:00,0.5554689764976501,1.1042095
2018-08-30,2018-08-31 05:45:00,0.6328120231628418,1.0655712
2018-08-30,2018-08-31 06:00:00,1.1109369993209839,0.9696089
2018-08-30,2018-08-31 06:15:00,1.082811951637268,0.9344061
2018-08-30,2018-08-31 06:30:00,0.9210940003395081,0.83622223
2018-08-30,2018-08-31 06:45:00,0.8402339816093445,0.77622896
2018-08-30,2018-08-31 07:00:00,0.6398440003395081,0.719477
2018-08-30,2018-08-31 07:15:00,0.7628909945487976,0.6536534
2018-08-30,2018-08-31 07:30:00,0.8789060115814209,0.58702374
2018-08-30,2018-08-31 07:45:00,0.6292970180511475,0.5008936
2018-08-30,2018-08-31 08:00:00,0.4464839994907379,0.46520916
2018-08-30,2018-08-31 08:15:00,0.3621090054512024,0.38005573
2018-08-30,2018-08-31 08:30:00,0.37968701124191284,0.29008546
2018-08-30,2018-08-31 08:45:00,0.42890599370002747,0.25467655
2018-08-30,2018-08-31 09:00:00,0.3023439943790436,0.24190368
2018-08-30,2018-08-31 09:15:00,0.21445299685001373,0.18013105
2018-08-30,2018-08-31 09:30:00,0.18984399735927582,0.123425335
2018-08-30,2018-08-31 09:45:00,0.049219001084566116,0.11165367
2018-08-30,2018-08-31 10:00:00,0.049219001084566116,0.047345903
2018-08-30,2018-08-31 10:15:00,0.010546999983489513,0.020760557
2018-08-30,2018-08-31 10:30:00,0.0,0.010111806
2018-08-30,2018-08-31 10:45:00,0.0,0.0
2018-08-30,2018-08-31 11:00:00,0.0,0.0
2018-08-30,2018-08-31 11:15:00,0.0,0.0
2018-08-30,2018-08-31 11:30:00,0.0,0.0
2018-08-30,2018-08-31 11:45:00,0.0,0.0
2018-08-30,2018-08-31 12:00:00,0.0,0.0
2018-08-30,2018-08-31 12:15:00,0.0,0.0
2018-08-30,2018-08-31 12:30:00,0.0,0.0
2018-08-30,2018-08-31 12:45:00,0.0,0.0
2018-08-30,2018-08-31 13:00:00,0.0,0.0
2018-08-30,2018-08-31 13:15:00,0.0,0.0
2018-08-30,2018-08-31 13:30:00,0.0,0.0
2018-08-30,2018-08-31 13:45:00,0.0,0.0
2018-08-30,2018-08-31 14:00:00,0.0,0.0
2018-08-30,2018-08-31 14:15:00,0.0,0.0
2018-08-30,2018-08-31 14:30:00,0.0,0.0
2018-08-30,2018-08-31 14:45:00,0.0,0.0
2018-08-30,2018-08-31 15:00:00,0.0,0.0
2018-08-30,2018-08-31 15:15:00,0.0,0.0
2018-08-30,2018-08-31 15:30:00,0.0,0.0
2018-08-30,2018-08-31 15:45:00,0.0,0.0
2018-08-30,2018-08-31 16:00:00,0.0,0.0
2018-08-30,2018-08-31 16:15:00,0.0,0.0
2018-08-30,2018-08-31 16:30:00,0.0,0.0
2018-08-30,2018-08-31 16:45:00,0.0,0.0
2018-08-30,2018-08-31 17:00:00,0.0,0.0
2018-08-30,2018-08-31 17:15:00,0.0,0.0018135584
2018-08-30,2018-08-31 17:30:00,0.0,0.00032356166
2018-08-30,2018-08-31 17:45:00,0.0,0.009277204
2018-08-30,2018-08-31 18:00:00,0.0,0.0010262785
2018-08-30,2018-08-31 18:15:00,0.0,0.011643529
2018-08-30,2018-08-31 18:30:00,0.0,0.0030791236
2018-08-30,2018-08-31 18:45:00,0.0,0.0041265944
2018-08-30,2018-08-31 19:00:00,0.0,0.02023995
2018-08-30,2018-08-31 19:15:00,0.0,0.0028762545
2018-08-30,2018-08-31 19:30:00,0.0,0.001870551
2018-08-30,2018-08-31 19:45:00,0.0,0.017173992
2018-08-30,2018-08-31 20:00:00,0.0,0.008394004
2018-08-30,2018-08-31 20:15:00,0.0,0.037481837
2018-08-30,2018-08-31 20:30:00,0.0,0.06667535
2018-08-30,2018-08-31 20:45:00,0.0,0.07928871
2018-08-30,2018-08-31 21:00:00,0.0,0.116183326
2018-08-30,2018-08-31 21:15:00,0.0,0.110300064
2018-08-30,2018-08-31 21:30:00,0.0,0.12381303
2018-08-30,2018-08-31 21:45:00,0.0,0.15756963
2018-08-30,2018-08-31 22:00:00,0.0,0.18744394
2018-08-30,2018-08-31 22:15:00,0.0,0.21440023
2018-08-30,2018-08-31 22:30:00,0.0,0.28155583
2018-08-30,2018-08-31 22:45:00,0.052733998745679855,0.34821802
2018-08-30,2018-08-31 23:00:00,0.0703120008111,0.42756775
2018-08-30,2018-08-31 23:15:00,0.25312501192092896,0.4955799
2018-08-30,2018-08-31 23:30:00,0.4570310115814209,0.61337245
2018-08-30,2018-08-31 23:45:00,0.7910159826278687,0.7277986
2018-11-23,2018-11-24 00:00:00,0.2566410005092621,0.03598211
2018-11-23,2018-11-24 00:15:00,0.42539098858833313,0.14852978
2018-11-23,2018-11-24 00:30:00,0.6503909826278687,0.17906182
2018-11-23,2018-11-24 00:45:00,0.794530987739563,0.24136496
2018-11-23,2018-11-24 01:00:00,1.1039060354232788,0.3320424
2018-11-23,2018-11-24 01:15:00,1.3253910541534424,0.46999046
2018-11-23,2018-11-24 01:30:00,1.490625023841858,0.5485787
2018-11-23,2018-11-24 01:45:00,1.694530963897705,0.6678654
2018-11-23,2018-11-24 02:00:00,1.835155963897705,0.7866547
2018-11-23,2018-11-24 02:15:00,2.144531011581421,0.91177446
2018-11-23,2018-11-24 02:30:00,2.3132810592651367,1.0141758
2018-11-23,2018-11-24 02:45:00,2.513672113418579,1.0855944
2018-11-23,2018-11-24 03:00:00,2.636718988418579,1.1892402
2018-11-23,2018-11-24 03:15:00,2.805469036102295,1.248045
2018-11-23,2018-11-24 03:30:00,2.8863279819488525,1.3076595
2018-11-23,2018-11-24 03:45:00,2.9039061069488525,1.3343662
2018-11-23,2018-11-24 04:00:00,2.9390621185302734,1.3968458
2018-11-23,2018-11-24 04:15:00,2.9496090412139893,1.3987803
2018-11-23,2018-11-24 04:30:00,2.865233898162842,1.4184442
2018-11-23,2018-11-24 04:45:00,2.707031011581421,1.3971431
2018-11-23,2018-11-24 05:00:00,2.82656192779541,1.376893
2018-11-23,2018-11-24 05:15:00,2.68593692779541,1.3361648
2018-11-23,2018-11-24 05:30:00,2.3695309162139893,1.2479749
2018-11-23,2018-11-24 05:45:00,2.242969036102295,1.1413343
2018-11-23,2018-11-24 06:00:00,2.1867189407348633,1.0261174
2018-11-23,2018-11-24 06:15:00,1.6664060354232788,0.9594833
2018-11-23,2018-11-24 06:30:00,1.6488280296325684,0.83810306
2018-11-23,2018-11-24 06:45:00,1.5328119993209839,0.703384
2018-11-23,2018-11-24 07:00:00,1.314844012260437,0.6041062
2018-11-23,2018-11-24 07:15:00,1.2937500476837158,0.5179318
2018-11-23,2018-11-24 07:30:00,0.39375001192092896,0.39611116
2018-11-23,2018-11-24 07:45:00,0.40781301259994507,0.29811493
2018-11-23,2018-11-24 08:00:00,0.5625,0.23009713
2018-11-23,2018-11-24 08:15:00,0.2355470061302185,0.17131528
2018-11-23,2018-11-24 08:30:00,0.1054690033197403,0.07491833
2018-11-23,2018-11-24 08:45:00,0.007031000219285488,0.04593911
2018-11-23,2018-11-24 09:00:00,0.0,0.06041801
2018-11-23,2018-11-24 09:15:00,0.0,0.028938852
2018-11-23,2018-11-24 09:30:00,0.0,0.01999708
2018-11-23,2018-11-24 09:45:00,0.0,0.025575219
2018-11-23,2018-11-24 10:00:00,0.0,0.04610696
2018-11-23,2018-11-24 10:15:00,0.0,0.033324733
2018-11-23,2018-11-24 10:30:00,0.0,0.041371923
2018-11-23,2018-11-24 10:45:00,0.0,0.038000904
2018-11-23,2018-11-24 11:00:00,0.0,0.05963888
2018-11-23,2018-11-24 11:15:00,0.0,0.061047543
2018-11-23,2018-11-24 11:30:00,0.0,0.0689739
2018-11-23,2018-11-24 11:45:00,0.0,0.04883415
2018-11-23,2018-11-24 12:00:00,0.0,0.059628304
2018-11-23,2018-11-24 12:15:00,0.0,0.07730955
2018-11-23,2018-11-24 12:30:00,0.0,0.07869157
2018-11-23,2018-11-24 12:45:00,0.0,0.063976035
2018-11-23,2018-11-24 13:00:00,0.0,0.053831436
2018-11-23,2018-11-24 13:15:00,0.0,0.041175414
2018-11-23,2018-11-24 13:30:00,0.0,0.02941765
2018-11-23,2018-11-24 13:45:00,0.0,0.03181373
2018-11-23,2018-11-24 14:00:00,0.0,0.027466858
2018-11-23,2018-11-24 14:15:00,0.0,0.025686838
2018-11-23,2018-11-24 14:30:00,0.0,0.0071386024
2018-11-23,2018-11-24 14:45:00,0.0,0.0022819883
2018-11-23,2018-11-24 15:00:00,0.0,0.0050450186
2018-11-23,2018-11-24 15:15:00,0.0,0.013614362
2018-11-23,2018-11-24 15:30:00,0.0,0.0078087286
2018-11-23,2018-11-24 15:45:00,0.0,0.00071427994
2018-11-23,2018-11-24 16:00:00,0.0,0.011035497
2018-11-23,2018-11-24 16:15:00,0.0,0.014601589
2018-11-23,2018-11-24 16:30:00,0.0,0.008176197
2018-11-23,2018-11-24 16:45:00,0.0,0.03537089
2018-11-23,2018-11-24 17:00:00,0.0,0.029387077
2018-11-23,2018-11-24 17:15:00,0.0,0.044888575
2018-11-23,2018-11-24 17:30:00,0.0,0.07138146
2018-11-23,2018-11-24 17:45:00,0.0,0.058484294
2018-11-23,2018-11-24 18:00:00,0.0,0.056068588
2018-11-23,2018-11-24 18:15:00,0.0,0.05429618
2018-11-23,2018-11-24 18:30:00,0.0,0.040301263
2018-11-23,2018-11-24 18:45:00,0.0,0.059646778
2018-11-23,2018-11-24 19:00:00,0.0,0.05851993
2018-11-23,2018-11-24 19:15:00,0.0,0.05712536
2018-11-23,2018-11-24 19:30:00,0.0,0.057039563
2018-11-23,2018-11-24 19:45:00,0.0,0.035590507
2018-11-23,2018-11-24 20:00:00,0.0,0.037089106
2018-11-23,2018-11-24 20:15:00,0.0,0.00066782173
2018-11-23,2018-11-24 20:30:00,0.0,0.015747325
2018-11-23,2018-11-24 20:45:00,0.0,0.0018696457
2018-11-23,2018-11-24 21:00:00,0.0,0.0
2018-11-23,2018-11-24 21:15:00,0.0,0.0
2018-11-23,2018-11-24 21:30:00,0.0,0.0032850788
2018-11-23,2018-11-24 21:45:00,0.0,0.0058967397
2018-11-23,2018-11-24 22:00:00,0.0,0.0
2018-11-23,2018-11-24 22:15:00,0.0,0.0
2018-11-23,2018-11-24 22:30:00,0.0,0.0
2018-11-23,2018-11-24 22:45:00,0.0,0.0
2018-11-23,2018-11-24 23:00:00,0.0,0.01935391
2018-11-23,2018-11-24 23:15:00,0.0,0.026555387
2018-11-23,2018-11-24 23:30:00,0.04570300132036209,0.06363997
2018-11-23,2018-11-24 23:45:00,0.140625,0.06317826
2018-11-24,2018-11-25 00:00:00,0.27421900629997253,0.13831493
2018-11-24,2018-11-25 00:15:00,0.4816409945487976,0.30460602
2018-11-24,2018-11-25 00:30:00,0.7066410183906555,0.39148727
2018-11-24,2018-11-25 00:45:00,0.9210940003395081,0.51475084
2018-11-24,2018-11-25 01:00:00,1.1039060354232788,0.6806712
2018-11-24,2018-11-25 01:15:00,1.2550779581069946,0.8962661
2018-11-24,2018-11-25 01:30:00,1.4835939407348633,1.0433547
2018-11-24,2018-11-25 01:45:00,1.6875,1.2391863
2018-11-24,2018-11-25 02:00:00,1.877344012260437,1.437878
2018-11-24,2018-11-25 02:15:00,2.1128900051116943,1.6449815
2018-11-24,2018-11-25 02:30:00,2.3167970180511475,1.8128198
2018-11-24,2018-11-25 02:45:00,2.4996089935302734,1.9388083
2018-11-24,2018-11-25 03:00:00,2.5875000953674316,2.1043139
2018-11-24,2018-11-25 03:15:00,2.636718988418579,2.1805542
2018-11-24,2018-11-25 03:30:00,2.7527339458465576,2.2695763
2018-11-24,2018-11-25 03:45:00,2.7703120708465576,2.3122592
2018-11-24,2018-11-25 04:00:00,2.7914059162139893,2.376898
2018-11-24,2018-11-25 04:15:00,2.7562499046325684,2.3621342
2018-11-24,2018-11-25 04:30:00,2.7562499046325684,2.3679535
2018-11-24,2018-11-25 04:45:00,2.654297113418579,2.3198118
2018-11-24,2018-11-25 05:00:00,2.559375047683716,2.246664
2018-11-24,2018-11-25 05:15:00,2.401171922683716,2.1684947
2018-11-24,2018-11-25 05:30:00,2.2289059162139893,2.0212836
2018-11-24,2018-11-25 05:45:00,2.116405963897705,1.8514577
2018-11-24,2018-11-25 06:00:00,2.003906011581421,1.6782279
2018-11-24,2018-11-25 06:15:00,1.7683589458465576,1.5526152
2018-11-24,2018-11-25 06:30:00,1.6066410541534424,1.3779637
2018-11-24,2018-11-25 06:45:00,1.4097659587860107,1.1650257
2018-11-24,2018-11-25 07:00:00,1.1847660541534424,1.00832
2018-11-24,2018-11-25 07:15:00,1.0054689645767212,0.859364
2018-11-24,2018-11-25 07:30:00,0.7875000238418579,0.670389
2018-11-24,2018-11-25 07:45:00,0.5976560115814209,0.51599836
2018-11-24,2018-11-25 08:00:00,0.41835901141166687,0.38141197
2018-11-24,2018-11-25 08:15:00,0.2566410005092621,0.29017687
2018-11-24,2018-11-25 08:30:00,0.13710899651050568,0.13295199
2018-11-24,2018-11-25 08:45:00,0.02812499925494194,0.080301665
2018-11-24,2018-11-25 09:00:00,0.0,0.055322934
2018-11-24,2018-11-25 09:15:00,0.0,0.020928942
2018-11-24,2018-11-25 09:30:00,0.0,0.012509405
2018-11-24,2018-11-25 09:45:00,0.0,0.012492328
2018-11-24,2018-11-25 10:00:00,0.0,0.048557498
2018-11-24,2018-11-25 10:15:00,0.0,0.026646206
2018-11-24,2018-11-25 10:30:00,0.0,0.039201904
2018-11-24,2018-11-25 10:45:00,0.0,0.05640106
2018-11-24,2018-11-25 11:00:00,0.0,0.031202035
2018-11-24,2018-11-25 11:15:00,0.0,0.05790756
2018-11-24,2018-11-25 11:30:00,0.0,0.057314567
2018-11-24,2018-11-25 11:45:00,0.0,0.023859575
2018-11-24,2018-11-25 12:00:00,0.0,0.040636636
2018-11-24,2018-11-25 12:15:00,0.0,0.036365565
2018-11-24,2018-11-25 12:30:00,0.0,0.023859493
2018-11-24,2018-11-25 12:45:00,0.0,0.0
2018-11-24,2018-11-25 13:00:00,0.0,0.0
2018-11-24,2018-11-25 13:15:00,0.0,0.0
2018-11-24,2018-11-25 13:30:00,0.0,0.0
2018-11-24,2018-11-25 13:45:00,0.0,0.0
2018-11-24,2018-11-25 14:00:00,0.0,0.0
2018-11-24,2018-11-25 14:15:00,0.0,0.0
2018-11-24,2018-11-25 14:30:00,0.0,0.0
2018-11-24,2018-11-25 14:45:00,0.0,0.0
2018-11-24,2018-11-25 15:00:00,0.0,0.0
2018-11-24,2018-11-25 15:15:00,0.0,0.0121448375
2018-11-24,2018-11-25 15:30:00,0.0,0.025702454
2018-11-24,2018-11-25 15:45:00,0.0,0.00467039
2018-11-24,2018-11-25 16:00:00,0.0,0.0045120865
2018-11-24,2018-11-25 16:15:00,0.0,0.011556167
2018-11-24,2018-11-25 16:30:00,0.0,0.0
2018-11-24,2018-11-25 16:45:00,0.0,0.002717992
2018-11-24,2018-11-25 17:00:00,0.0,0.0026482018
2018-11-24,2018-11-25 17:15:00,0.0,0.0029110673
2018-11-24,2018-11-25 17:30:00,0.0,0.024499498
2018-11-24,2018-11-25 17:45:00,0.0,0.009305514
2018-11-24,2018-11-25 18:00:00,0.0,0.0
2018-11-24,2018-11-25 18:15:00,0.0,0.0
2018-11-24,2018-11-25 18:30:00,0.0,0.0
2018-11-24,2018-11-25 18:45:00,0.0,0.01703178
2018-11-24,2018-11-25 19:00:00,0.0,0.023711806
2018-11-24,2018-11-25 19:15:00,0.0,0.03986294
2018-11-24,2018-11-25 19:30:00,0.0,0.038340185
2018-11-24,2018-11-25 19:45:00,0.0,0.027009312
2018-11-24,2018-11-25 20:00:00,0.0,0.03499881
2018-11-24,2018-11-25 20:15:00,0.0,0.0
2018-11-24,2018-11-25 20:30:00,0.0,0.008852331
2018-11-24,2018-11-25 20:45:00,0.0,0.0
2018-11-24,2018-11-25 21:00:00,0.0,0.0
2018-11-24,2018-11-25 21:15:00,0.0,0.0
2018-11-24,2018-11-25 21:30:00,0.0,0.0
2018-11-24,2018-11-25 21:45:00,0.0,0.0
2018-11-24,2018-11-25 22:00:00,0.0,0.0
2018-11-24,2018-11-25 22:15:00,0.0,0.0
2018-11-24,2018-11-25 22:30:00,0.0,0.0
2018-11-24,2018-11-25 22:45:00,0.0,0.0
2018-11-24,2018-11-25 23:00:00,0.0,0.0
2018-11-24,2018-11-25 23:15:00,0.0,0.0
2018-11-24,2018-11-25 23:30:00,0.0,0.0424797
2018-11-24,2018-11-25 23:45:00,0.09843800216913223,0.06633977
2018-11-25,2018-11-26 00:00:00,0.22499999403953552,0.062617846
2018-11-25,2018-11-26 00:15:00,0.3550780117511749,0.21632688
2018-11-25,2018-11-26 00:30:00,0.5378909707069397,0.29854605
2018-11-25,2018-11-26 00:45:00,0.7347660064697266,0.41634905
2018-11-25,2018-11-26 01:00:00,1.1777340173721313,0.57808846
2018-11-25,2018-11-26 01:15:00,1.209375023841858,0.7862345
2018-11-25,2018-11-26 01:30:00,1.167186975479126,0.9320443
2018-11-25,2018-11-26 01:45:00,1.3605469465255737,1.1270295
2018-11-25,2018-11-26 02:00:00,1.4835939407348633,1.3286222
2018-11-25,2018-11-26 02:15:00,1.2339839935302734,1.5390568
2018-11-25,2018-11-26 02:30:00,1.9863280057907104,1.7118132
2018-11-25,2018-11-26 02:45:00,1.9441410303115845,1.84417
2018-11-25,2018-11-26 03:00:00,2.010936975479126,2.0161662
2018-11-25,2018-11-26 03:15:00,2.119921922683716,2.100134
2018-11-25,2018-11-26 03:30:00,2.1304690837860107,2.1963
2018-11-25,2018-11-26 03:45:00,2.320312023162842,2.2506819
2018-11-25,2018-11-26 04:00:00,2.278125047683716,2.3239152
2018-11-25,2018-11-26 04:15:00,2.366015911102295,2.3176954
2018-11-25,2018-11-26 04:30:00,2.144531011581421,2.3313487
2018-11-25,2018-11-26 04:45:00,2.583983898162842,2.2922025
2018-11-25,2018-11-26 05:00:00,2.4679689407348633,2.2288065
2018-11-25,2018-11-26 05:15:00,2.3343749046325684,2.1631582
2018-11-25,2018-11-26 05:30:00,1.9828120470046997,2.023098
2018-11-25,2018-11-26 05:45:00,1.9722659587860107,1.8647398
2018-11-25,2018-11-26 06:00:00,1.722656011581421,1.6986433
2018-11-25,2018-11-26 06:15:00,1.6664060354232788,1.5792772
2018-11-25,2018-11-26 06:30:00,0.7734379768371582,1.4096783
2018-11-25,2018-11-26 06:45:00,0.9703119993209839,1.1996323
2018-11-25,2018-11-26 07:00:00,0.6187499761581421,1.0473852
2018-11-25,2018-11-26 07:15:00,0.6644530296325684,0.89752096
2018-11-25,2018-11-26 07:30:00,0.47460898756980896,0.70813876
2018-11-25,2018-11-26 07:45:00,0.33398398756980896,0.55185896
2018-11-25,2018-11-26 08:00:00,0.27773401141166687,0.4144709
2018-11-25,2018-11-26 08:15:00,0.14765599370002747,0.3191792
2018-11-25,2018-11-26 08:30:00,0.06328099966049194,0.15555137
2018-11-25,2018-11-26 08:45:00,0.0,0.09571191
2018-11-25,2018-11-26 09:00:00,0.0,0.06280312
2018-11-25,2018-11-26 09:15:00,0.0,0.021834878
2018-11-25,2018-11-26 09:30:00,0.0,0.008893275
2018-11-25,2018-11-26 09:45:00,0.0,0.00308365
2018-11-25,2018-11-26 10:00:00,0.0,0.03564079
2018-11-25,2018-11-26 10:15:00,0.0,0.009520626
2018-11-25,2018-11-26 10:30:00,0.0,0.020622725
2018-11-25,2018-11-26 10:45:00,0.0,0.034641795
2018-11-25,2018-11-26 11:00:00,0.0,0.00857424
2018-11-25,2018-11-26 11:15:00,0.0,0.037933066
2018-11-25,2018-11-26 11:30:00,0.0,0.039675746
2018-11-25,2018-11-26 11:45:00,0.0,0.009003557
2018-11-25,2018-11-26 12:00:00,0.0,0.033285536
2018-11-25,2018-11-26 12:15:00,0.0,0.027959216
2018-11-25,2018-11-26 12:30:00,0.0,0.021233018
2018-11-25,2018-11-26 12:45:00,0.0,0.0
2018-11-25,2018-11-26 13:00:00,0.0,0.0
2018-11-25,2018-11-26 13:15:00,0.0,0.0
2018-11-25,2018-11-26 13:30:00,0.0,0.0
2018-11-25,2018-11-26 13:45:00,0.0,0.0
2018-11-25,2018-11-26 14:00:00,0.0,0.0
2018-11-25,2018-11-26 14:15:00,0.0,0.0
2018-11-25,2018-11-26 14:30:00,0.0,0.0
2018-11-25,2018-11-26 14:45:00,0.0,0.0
2018-11-25,2018-11-26 15:00:00,0.0,0.0
2018-11-25,2018-11-26 15:15:00,0.0,0.004562598
2018-11-25,2018-11-26 15:30:00,0.0,0.01931533
2018-11-25,2018-11-26 15:45:00,0.0,0.0
2018-11-25,2018-11-26 16:00:00,0.0,0.00087542296
2018-11-25,2018-11-26 16:15:00,0.0,0.012773957
2018-11-25,2018-11-26 16:30:00,0.0,0.0
2018-11-25,2018-11-26 16:45:00,0.0,0.010460222
2018-11-25,2018-11-26 17:00:00,0.0,0.013051966
2018-11-25,2018-11-26 17:15:00,0.0,0.014821412
2018-11-25,2018-11-26 17:30:00,0.0,0.039027594
2018-11-25,2018-11-26 17:45:00,0.0,0.027633803
2018-11-25,2018-11-26 18:00:00,0.0,0.01493013
2018-11-25,2018-11-26 18:15:00,0.0,0.016043935
2018-11-25,2018-11-26 18:30:00,0.0,0.015363933
2018-11-25,2018-11-26 18:45:00,0.0,0.036737643
2018-11-25,2018-11-26 19:00:00,0.0,0.042444024
2018-11-25,2018-11-26 19:15:00,0.0,0.057384193
2018-11-25,2018-11-26 19:30:00,0.0,0.054401442
2018-11-25,2018-11-26 19:45:00,0.0,0.04276277
2018-11-25,2018-11-26 20:00:00,0.0,0.050657503
2018-11-25,2018-11-26 20:15:00,0.0,0.008440544
2018-11-25,2018-11-26 20:30:00,0.0,0.026796773
2018-11-25,2018-11-26 20:45:00,0.0,0.015750905
2018-11-25,2018-11-26 21:00:00,0.0,0.015310191
2018-11-25,2018-11-26 21:15:00,0.0,0.014956219
2018-11-25,2018-11-26 21:30:00,0.0,0.026240097
2018-11-25,2018-11-26 21:45:00,0.0,0.02257076
2018-11-25,2018-11-26 22:00:00,0.0,0.0016205653
2018-11-25,2018-11-26 22:15:00,0.0,0.0
2018-11-25,2018-11-26 22:30:00,0.0,0.00083098107
2018-11-25,2018-11-26 22:45:00,0.0,0.0
2018-11-25,2018-11-26 23:00:00,0.0,0.0061298124
2018-11-25,2018-11-26 23:15:00,0.0,0.02235958
2018-11-25,2018-11-26 23:30:00,0.0,0.059265237
2018-11-25,2018-11-26 23:45:00,0.003515999997034669,0.079149485
2018-11-26,2018-11-27 00:00:00,0.22499999403953552,0.0
2018-11-26,2018-11-27 00:15:00,0.38320299983024597,0.039649185
2018-11-26,2018-11-27 00:30:00,0.5027340054512024,0.03921495
2018-11-26,2018-11-27 00:45:00,0.7664059996604919,0.06296052
2018-11-26,2018-11-27 01:00:00,0.9035159945487976,0.10730124
2018-11-26,2018-11-27 01:15:00,1.321874976158142,0.19381708
2018-11-26,2018-11-27 01:30:00,1.040624976158142,0.2357404
2018-11-26,2018-11-27 01:45:00,1.4695310592651367,0.30811962
2018-11-26,2018-11-27 02:00:00,1.4941409826278687,0.38764155
2018-11-26,2018-11-27 02:15:00,1.778905987739563,0.46503872
2018-11-26,2018-11-27 02:30:00,1.835155963897705,0.5300326
2018-11-26,2018-11-27 02:45:00,2.0882809162139893,0.5742975
2018-11-26,2018-11-27 03:00:00,2.0460939407348633,0.6436992
2018-11-26,2018-11-27 03:15:00,2.1656250953674316,0.68859535
2018-11-26,2018-11-27 03:30:00,2.239453077316284,0.7294756
2018-11-26,2018-11-27 03:45:00,2.3343749046325684,0.74719775
2018-11-26,2018-11-27 04:00:00,2.4117190837860107,0.8069672
2018-11-26,2018-11-27 04:15:00,2.5277340412139893,0.81399417
2018-11-26,2018-11-27 04:30:00,2.5171871185302734,0.8425969
2018-11-26,2018-11-27 04:45:00,2.6085939407348633,0.84324604
2018-11-26,2018-11-27 05:00:00,2.5980470180511475,0.8587449
2018-11-26,2018-11-27 05:15:00,2.520703077316284,0.8569529
2018-11-26,2018-11-27 05:30:00,2.137500047683716,0.80734235
2018-11-26,2018-11-27 05:45:00,1.835155963897705,0.7543782
2018-11-26,2018-11-27 06:00:00,1.6417969465255737,0.6760685
2018-11-26,2018-11-27 06:15:00,1.4730470180511475,0.6573944
2018-11-26,2018-11-27 06:30:00,1.3113280534744263,0.57958335
2018-11-26,2018-11-27 06:45:00,1.1636719703674316,0.497598
2018-11-26,2018-11-27 07:00:00,0.935155987739563,0.43809628
2018-11-26,2018-11-27 07:15:00,0.8789060115814209,0.3923118
2018-11-26,2018-11-27 07:30:00,0.6152340173721313,0.31358153
2018-11-26,2018-11-27 07:45:00,0.471094012260437,0.24713996
2018-11-26,2018-11-27 08:00:00,0.3621090054512024,0.21473098
2018-11-26,2018-11-27 08:15:00,0.3375000059604645,0.17482252
2018-11-26,2018-11-27 08:30:00,0.13359400629997253,0.10972612
2018-11-26,2018-11-27 08:45:00,0.049219001084566116,0.098888725
2018-11-26,2018-11-27 09:00:00,0.0,0.13835663
2018-11-26,2018-11-27 09:15:00,0.0,0.10466049
2018-11-26,2018-11-27 09:30:00,0.0,0.09637747
2018-11-26,2018-11-27 09:45:00,0.0,0.10379153
2018-11-26,2018-11-27 10:00:00,0.0,0.11120293
2018-11-26,2018-11-27 10:15:00,0.0,0.0986303
2018-11-26,2018-11-27 10:30:00,0.0,0.10544118
2018-11-26,2018-11-27 10:45:00,0.0,0.08544001
2018-11-26,2018-11-27 11:00:00,0.0,0.123067886
2018-11-26,2018-11-27 11:15:00,0.0,0.102333836
2018-11-26,2018-11-27 11:30:00,0.0,0.10173058
2018-11-26,2018-11-27 11:45:00,0.0,0.08455806
2018-11-26,2018-11-27 12:00:00,0.0,0.07050624
2018-11-26,2018-11-27 12:15:00,0.0,0.098542444
2018-11-26,2018-11-27 12:30:00,0.0,0.096817195
2018-11-26,2018-11-27 12:45:00,0.0,0.08600732
2018-11-26,2018-11-27 13:00:00,0.0,0.075430565
2018-11-26,2018-11-27 13:15:00,0.0,0.06749316
2018-11-26,2018-11-27 13:30:00,0.0,0.053785756
2018-11-26,2018-11-27 13:45:00,0.0,0.06298638
2018-11-26,2018-11-27 14:00:00,0.0,0.057408925
2018-11-26,2018-11-27 14:15:00,0.0,0.05049457
2018-11-26,2018-11-27 14:30:00,0.0,0.029129809
2018-11-26,2018-11-27 14:45:00,0.0,0.016859937
2018-11-26,2018-11-27 15:00:00,0.0,0.017755792
2018-11-26,2018-11-27 15:15:00,0.0,0.025156971
2018-11-26,2018-11-27 15:30:00,0.0,0.013560887
2018-11-26,2018-11-27 15:45:00,0.0,0.011656408
2018-11-26,2018-11-27 16:00:00,0.0,0.014969552
2018-11-26,2018-11-27 16:15:00,0.0,0.02235748
2018-11-26,2018-11-27 16:30:00,0.0,0.015229495
2018-11-26,2018-11-27 16:45:00,0.0,0.04675114
2018-11-26,2018-11-27 17:00:00,0.0,0.03844425
2018-11-26,2018-11-27 17:15:00,0.0,0.05662728
2018-11-26,2018-11-27 17:30:00,0.0,0.07411998
2018-11-26,2018-11-27 17:45:00,0.0,0.066387914
2018-11-26,2018-11-27 18:00:00,0.0,0.064749904
2018-11-26,2018-11-27 18:15:00,0.0,0.06161864
2018-11-26,2018-11-27 18:30:00,0.0,0.049356055
2018-11-26,2018-11-27 18:45:00,0.0,0.06091753
2018-11-26,2018-11-27 19:00:00,0.0,0.06182332
2018-11-26,2018-11-27 19:15:00,0.0,0.056431778
2018-11-26,2018-11-27 19:30:00,0.0,0.06339019
2018-11-26,2018-11-27 19:45:00,0.0,0.041468974
2018-11-26,2018-11-27 20:00:00,0.0,0.04315917
2018-11-26,2018-11-27 20:15:00,0.0,0.015427467
2018-11-26,2018-11-27 20:30:00,0.0,0.027493153
2018-11-26,2018-11-27 20:45:00,0.0,0.015429361
2018-11-26,2018-11-27 21:00:00,0.0,0.009019276
2018-11-26,2018-11-27 21:15:00,0.0,0.012115518
2018-11-26,2018-11-27 21:30:00,0.0,0.016591351
2018-11-26,2018-11-27 21:45:00,0.0,0.024412796
2018-11-26,2018-11-27 22:00:00,0.0,0.013289483
2018-11-26,2018-11-27 22:15:00,0.0,0.019581817
2018-11-26,2018-11-27 22:30:00,0.0,0.04429484
2018-11-26,2018-11-27 22:45:00,0.0,0.043135095
2018-11-26,2018-11-27 23:00:00,0.0,0.07090677
2018-11-26,2018-11-27 23:15:00,0.0,0.07787182
2018-11-26,2018-11-27 23:30:00,0.014062000438570976,0.104248576
2018-11-26,2018-11-27 23:45:00,0.10898400098085403,0.09390707
2018-11-27,2018-11-28 00:00:00,0.21445299685001373,0.038681276
2018-11-27,2018-11-28 00:15:00,0.3621090054512024,0.131918
2018-11-27,2018-11-28 00:30:00,0.5273439884185791,0.14722443
2018-11-27,2018-11-28 00:45:00,0.6996089816093445,0.18782242
2018-11-27,2018-11-28 01:00:00,0.8542969822883606,0.2511014
2018-11-27,2018-11-28 01:15:00,1.040624976158142,0.3585033
2018-11-27,2018-11-28 01:30:00,1.2796880006790161,0.4133161
2018-11-27,2018-11-28 01:45:00,1.4730470180511475,0.5080056
2018-11-27,2018-11-28 02:00:00,1.652343988418579,0.6011601
2018-11-27,2018-11-28 02:15:00,1.821094036102295,0.70035535
2018-11-27,2018-11-28 02:30:00,1.9792970418930054,0.78398335
2018-11-27,2018-11-28 02:45:00,2.119921922683716,0.8364338
2018-11-27,2018-11-28 03:00:00,2.1761720180511475,0.92520916
2018-11-27,2018-11-28 03:15:00,2.3238279819488525,0.9791163
2018-11-27,2018-11-28 03:30:00,2.383594036102295,1.0349578
2018-11-27,2018-11-28 03:45:00,2.415234088897705,1.0590914
2018-11-27,2018-11-28 04:00:00,2.418750047683716,1.1246817
2018-11-27,2018-11-28 04:15:00,2.4820311069488525,1.1362824
2018-11-27,2018-11-28 04:30:00,2.4644529819488525,1.1719989
2018-11-27,2018-11-28 04:45:00,2.380078077316284,1.1730199
2018-11-27,2018-11-28 05:00:00,2.3449220657348633,1.1811172
2018-11-27,2018-11-28 05:15:00,2.1937499046325684,1.166215
2018-11-27,2018-11-28 05:30:00,2.074218988418579,1.1041919
2018-11-27,2018-11-28 05:45:00,1.9546869993209839,1.0343466
2018-11-27,2018-11-28 06:00:00,1.7648439407348633,0.9385655
2018-11-27,2018-11-28 06:15:00,1.6066410541534424,0.8949216
2018-11-27,2018-11-28 06:30:00,1.5292969942092896,0.79205036
2018-11-27,2018-11-28 06:45:00,1.371093988418579,0.6856463
2018-11-27,2018-11-28 07:00:00,1.160156011581421,0.60523254
2018-11-27,2018-11-28 07:15:00,0.9878910183906555,0.5320224
2018-11-27,2018-11-28 07:30:00,0.7839840054512024,0.42704198
2018-11-27,2018-11-28 07:45:00,0.5765630006790161,0.338374
2018-11-27,2018-11-28 08:00:00,0.42539098858833313,0.28588268
2018-11-27,2018-11-28 08:15:00,0.2601560056209564,0.22344725
2018-11-27,2018-11-28 08:30:00,0.13710899651050568,0.13483402
2018-11-27,2018-11-28 08:45:00,0.03867200016975403,0.10352689
2018-11-27,2018-11-28 09:00:00,0.0,0.119361274
2018-11-27,2018-11-28 09:15:00,0.0,0.075729065
2018-11-27,2018-11-28 09:30:00,0.0,0.05533923
2018-11-27,2018-11-28 09:45:00,0.0,0.053114954
2018-11-27,2018-11-28 10:00:00,0.0,0.051386062
2018-11-27,2018-11-28 10:15:00,0.0,0.034955274
2018-11-27,2018-11-28 10:30:00,0.0,0.037012793
2018-11-27,2018-11-28 10:45:00,0.0,0.017833235
2018-11-27,2018-11-28 11:00:00,0.0,0.048949286
2018-11-27,2018-11-28 11:15:00,0.0,0.037506405
2018-11-27,2018-11-28 11:30:00,0.0,0.045180902
2018-11-27,2018-11-28 11:45:00,0.0,0.030146211
2018-11-27,2018-11-28 12:00:00,0.0,0.03441407
2018-11-27,2018-11-28 12:15:00,0.0,0.060095232
2018-11-27,2018-11-28 12:30:00,0.0,0.0662136
2018-11-27,2018-11-28 12:45:00,0.0,0.060480475
2018-11-27,2018-11-28 13:00:00,0.0,0.051057685
2018-11-27,2018-11-28 13:15:00,0.0,0.047687672
2018-11-27,2018-11-28 13:30:00,0.0,0.034077507
2018-11-27,2018-11-28 13:45:00,0.0,0.042689275
2018-11-27,2018-11-28 14:00:00,0.0,0.033907104
2018-11-27,2018-11-28 14:15:00,0.0,0.028162332
2018-11-27,2018-11-28 14:30:00,0.0,0.0035894646
2018-11-27,2018-11-28 14:45:00,0.0,0.0
2018-11-27,2018-11-28 15:00:00,0.0,0.0
2018-11-27,2018-11-28 15:15:00,0.0,0.0010303317
2018-11-27,2018-11-28 15:30:00,0.0,0.0
2018-11-27,2018-11-28 15:45:00,0.0,0.0
2018-11-27,2018-11-28 16:00:00,0.0,0.0
2018-11-27,2018-11-28 16:15:00,0.0,0.0010024116
2018-11-27,2018-11-28 16:30:00,0.0,0.0
2018-11-27,2018-11-28 16:45:00,0.0,0.021188248
2018-11-27,2018-11-28 17:00:00,0.0,0.0144770285
2018-11-27,2018-11-28 17:15:00,0.0,0.036733776
2018-11-27,2018-11-28 17:30:00,0.0,0.05809304
2018-11-27,2018-11-28 17:45:00,0.0,0.051172614
2018-11-27,2018-11-28 18:00:00,0.0,0.049354285
2018-11-27,2018-11-28 18:15:00,0.0,0.050188474
2018-11-27,2018-11-28 18:30:00,0.0,0.036927342
2018-11-27,2018-11-28 18:45:00,0.0,0.052618172
2018-11-27,2018-11-28 19:00:00,0.0,0.05432371
2018-11-27,2018-11-28 19:15:00,0.0,0.050128065
2018-11-27,2018-11-28 19:30:00,0.0,0.053763703
2018-11-27,2018-11-28 19:45:00,0.0,0.03772096
2018-11-27,2018-11-28 20:00:00,0.0,0.04081852
2018-11-27,2018-11-28 20:15:00,0.0,0.017956993
2018-11-27,2018-11-28 20:30:00,0.0,0.033236157
2018-11-27,2018-11-28 20:45:00,0.0,0.02257006
2018-11-27,2018-11-28 21:00:00,0.0,0.021977214
2018-11-27,2018-11-28 21:15:00,0.0,0.022605738
2018-11-27,2018-11-28 21:30:00,0.0,0.030687332
2018-11-27,2018-11-28 21:45:00,0.0,0.038392074
2018-11-27,2018-11-28 22:00:00,0.0,0.025272746
2018-11-27,2018-11-28 22:15:00,0.0,0.025100945
2018-11-27,2018-11-28 22:30:00,0.0,0.042993765
2018-11-27,2018-11-28 22:45:00,0.0,0.04204351
2018-11-27,2018-11-28 23:00:00,0.0,0.07247248
2018-11-27,2018-11-28 23:15:00,0.0,0.07786417
2018-11-27,2018-11-28 23:30:00,0.021093999966979027,0.11521042
2018-11-27,2018-11-28 23:45:00,0.031640999019145966,0.11944491
2018-11-28,2018-11-29 00:00:00,0.23906299471855164,0.013715549
2018-11-28,2018-11-29 00:15:00,0.3972660005092621,0.15659465
2018-11-28,2018-11-29 00:30:00,0.583594024181366,0.22470863
2018-11-28,2018-11-29 00:45:00,0.7699220180511475,0.32998317
2018-11-28,2018-11-29 01:00:00,0.9246090054512024,0.47745445
2018-11-28,2018-11-29 01:15:00,1.1285159587860107,0.6722622
2018-11-28,2018-11-29 01:30:00,1.3324220180511475,0.8065592
2018-11-28,2018-11-29 01:45:00,1.5152339935302734,0.98772186
2018-11-28,2018-11-29 02:00:00,1.6839840412139893,1.1756638
2018-11-28,2018-11-29 02:15:00,1.8175779581069946,1.3732725
2018-11-28,2018-11-29 02:30:00,1.9863280057907104,1.5365231
2018-11-28,2018-11-29 02:45:00,2.067188024520874,1.6611334
2018-11-28,2018-11-29 03:00:00,2.2183589935302734,1.8247143
2018-11-28,2018-11-29 03:15:00,2.348438024520874,1.9090042
2018-11-28,2018-11-29 03:30:00,2.3941400051116943,2.0025215
2018-11-28,2018-11-29 03:45:00,2.348438024520874,2.0573156
2018-11-28,2018-11-29 04:00:00,2.460937976837158,2.1348462
2018-11-28,2018-11-29 04:15:00,2.4363279342651367,2.1359007
2018-11-28,2018-11-29 04:30:00,2.3695309162139893,2.1526074
2018-11-28,2018-11-29 04:45:00,2.3238279819488525,2.1176274
2018-11-28,2018-11-29 05:00:00,2.25,2.0640085
2018-11-28,2018-11-29 05:15:00,2.144531011581421,2.0040262
2018-11-28,2018-11-29 05:30:00,2.091797113418579,1.8736544
2018-11-28,2018-11-29 05:45:00,1.9582029581069946,1.7233329
2018-11-28,2018-11-29 06:00:00,1.8246090412139893,1.5692484
2018-11-28,2018-11-29 06:15:00,1.6277339458465576,1.4584779
2018-11-28,2018-11-29 06:30:00,1.40625,1.2975115
2018-11-28,2018-11-29 06:45:00,1.3429689407348633,1.1004466
2018-11-28,2018-11-29 07:00:00,1.068750023841858,0.9572106
2018-11-28,2018-11-29 07:15:00,0.8964840173721313,0.8178515
2018-11-28,2018-11-29 07:30:00,0.6996089816093445,0.63915795
2018-11-28,2018-11-29 07:45:00,0.5097659826278687,0.493207
2018-11-28,2018-11-29 08:00:00,0.35859400033950806,0.3687971
2018-11-28,2018-11-29 08:15:00,0.21796900033950806,0.27889842
2018-11-28,2018-11-29 08:30:00,0.10898400098085403,0.12792537
2018-11-28,2018-11-29 08:45:00,0.0,0.07473863
2018-11-28,2018-11-29 09:00:00,0.0,0.050231475
2018-11-28,2018-11-29 09:15:00,0.0,0.013077376
2018-11-28,2018-11-29 09:30:00,0.0,0.00184368
2018-11-28,2018-11-29 09:45:00,0.0,0.0
2018-11-28,2018-11-29 10:00:00,0.0,0.033668354
2018-11-28,2018-11-29 10:15:00,0.0,0.010546987
2018-11-28,2018-11-29 10:30:00,0.0,0.021310978
2018-11-28,2018-11-29 10:45:00,0.0,0.03253031
2018-11-28,2018-11-29 11:00:00,0.0,0.0147742545
2018-11-28,2018-11-29 11:15:00,0.0,0.040945653
2018-11-28,2018-11-29 11:30:00,0.0,0.04419129
2018-11-28,2018-11-29 11:45:00,0.0,0.014404975
2018-11-28,2018-11-29 12:00:00,0.0,0.038714115
2018-11-28,2018-11-29 12:15:00,0.0,0.03516592
2018-11-28,2018-11-29 12:30:00,0.0,0.029591016
2018-11-28,2018-11-29 12:45:00,0.0,0.0053287884
2018-11-28,2018-11-29 13:00:00,0.0,0.0
2018-11-28,2018-11-29 13:15:00,0.0,0.0
2018-11-28,2018-11-29 13:30:00,0.0,0.0
2018-11-28,2018-11-29 13:45:00,0.0,0.0
2018-11-28,2018-11-29 14:00:00,0.0,0.0
2018-11-28,2018-11-29 14:15:00,0.0,0.0
2018-11-28,2018-11-29 14:30:00,0.0,0.0
2018-11-28,2018-11-29 14:45:00,0.0,0.0
2018-11-28,2018-11-29 15:00:00,0.0,0.0
2018-11-28,2018-11-29 15:15:00,0.0,0.005586819
2018-11-28,2018-11-29 15:30:00,0.0,0.016496439
2018-11-28,2018-11-29 15:45:00,0.0,0.0
2018-11-28,2018-11-29 16:00:00,0.0,0.0042318967
2018-11-28,2018-11-29 16:15:00,0.0,0.011863516
2018-11-28,2018-11-29 16:30:00,0.0,0.0
2018-11-28,2018-11-29 16:45:00,0.0,0.014733269
2018-11-28,2018-11-29 17:00:00,0.0,0.016799487
2018-11-28,2018-11-29 17:15:00,0.0,0.018670162
2018-11-28,2018-11-29 17:30:00,0.0,0.04530386
2018-11-28,2018-11-29 17:45:00,0.0,0.031199154
2018-11-28,2018-11-29 18:00:00,0.0,0.019007262
2018-11-28,2018-11-29 18:15:00,0.0,0.018355241
2018-11-28,2018-11-29 18:30:00,0.0,0.013340591
2018-11-28,2018-11-29 18:45:00,0.0,0.034745123
2018-11-28,2018-11-29 19:00:00,0.0,0.035891067
2018-11-28,2018-11-29 19:15:00,0.0,0.04732395
2018-11-28,2018-11-29 19:30:00,0.0,0.044111088
2018-11-28,2018-11-29 19:45:00,0.0,0.030195137
2018-11-28,2018-11-29 20:00:00,0.0,0.035385005
2018-11-28,2018-11-29 20:15:00,0.0,0.0
2018-11-28,2018-11-29 20:30:00,0.0,0.011216969
2018-11-28,2018-11-29 20:45:00,0.0,0.0017064863
2018-11-28,2018-11-29 21:00:00,0.0,0.00025768066
2018-11-28,2018-11-29 21:15:00,0.0,0.0025967231
2018-11-28,2018-11-29 21:30:00,0.0,0.013520417
2018-11-28,2018-11-29 21:45:00,0.0,0.01312118
2018-11-28,2018-11-29 22:00:00,0.0,0.0
2018-11-28,2018-11-29 22:15:00,0.0,0.0
2018-11-28,2018-11-29 22:30:00,0.0,0.0
2018-11-28,2018-11-29 22:45:00,0.0,0.0
2018-11-28,2018-11-29 23:00:00,0.0,0.0
2018-11-28,2018-11-29 23:15:00,0.0,0.0
2018-11-28,2018-11-29 23:30:00,0.014062000438570976,0.03037488
2018-11-28,2018-11-29 23:45:00,0.1054690033197403,0.03981088
2018-11-29,2018-11-30 00:00:00,0.22499999403953552,0.038912147
2018-11-29,2018-11-30 00:15:00,0.3550780117511749,0.17142963
2018-11-29,2018-11-30 00:30:00,0.513280987739563,0.22268236
2018-11-29,2018-11-30 00:45:00,0.675000011920929,0.3093431
2018-11-29,2018-11-30 01:00:00,0.8261719942092896,0.4314332
2018-11-29,2018-11-30 01:15:00,0.956250011920929,0.6020003
2018-11-29,2018-11-30 01:30:00,0.984375,0.71024317
2018-11-29,2018-11-30 01:45:00,0.9175779819488525,0.8635118
2018-11-29,2018-11-30 02:00:00,1.1917970180511475,1.0181552
2018-11-29,2018-11-30 02:15:00,1.2761720418930054,1.1824358
2018-11-29,2018-11-30 02:30:00,1.5996090173721313,1.3167751
2018-11-29,2018-11-30 02:45:00,1.9582029581069946,1.415471
2018-11-29,2018-11-30 03:00:00,2.0636720657348633,1.5511174
2018-11-29,2018-11-30 03:15:00,2.214843988418579,1.6238401
2018-11-29,2018-11-30 03:30:00,2.2359371185302734,1.7023228
2018-11-29,2018-11-30 03:45:00,2.3238279819488525,1.7438312
2018-11-29,2018-11-30 04:00:00,2.3238279819488525,1.8144224
2018-11-29,2018-11-30 04:15:00,2.3062500953674316,1.8168079
2018-11-29,2018-11-30 04:30:00,2.3238279819488525,1.8346148
2018-11-29,2018-11-30 04:45:00,2.0179688930511475,1.804327
2018-11-29,2018-11-30 05:00:00,1.589061975479126,1.7640775
2018-11-29,2018-11-30 05:15:00,1.975780963897705,1.7076783
2018-11-29,2018-11-30 05:30:00,1.680469036102295,1.5949316
2018-11-29,2018-11-30 05:45:00,1.5257810354232788,1.459887
2018-11-29,2018-11-30 06:00:00,1.6699219942092896,1.3219155
2018-11-29,2018-11-30 06:15:00,1.490625023841858,1.2274561
2018-11-29,2018-11-30 06:30:00,1.4167970418930054,1.0816218
2018-11-29,2018-11-30 06:45:00,0.9808589816093445,0.911253
2018-11-29,2018-11-30 07:00:00,0.8507810235023499,0.7857842
2018-11-29,2018-11-30 07:15:00,0.5730469822883606,0.6696288
2018-11-29,2018-11-30 07:30:00,0.37968701124191284,0.5156113
2018-11-29,2018-11-30 07:45:00,0.24257799983024597,0.39107272
2018-11-29,2018-11-30 08:00:00,0.2460940033197403,0.2929291
2018-11-29,2018-11-30 08:15:00,0.1757809966802597,0.21697062
2018-11-29,2018-11-30 08:30:00,0.03515600040555,0.092003316
2018-11-29,2018-11-30 08:45:00,0.010546999983489513,0.04983333
2018-11-29,2018-11-30 09:00:00,0.0,0.04316686
2018-11-29,2018-11-30 09:15:00,0.0,0.009856677
2018-11-29,2018-11-30 09:30:00,0.0,0.00014262555
2018-11-29,2018-11-30 09:45:00,0.0,0.0023913851
2018-11-29,2018-11-30 10:00:00,0.0,0.03106266
2018-11-29,2018-11-30 10:15:00,0.0,0.013464782
2018-11-29,2018-11-30 10:30:00,0.0,0.022623083
2018-11-29,2018-11-30 10:45:00,0.0,0.02822091
2018-11-29,2018-11-30 11:00:00,0.0,0.029008335
2018-11-29,2018-11-30 11:15:00,0.0,0.045476772
2018-11-29,2018-11-30 11:30:00,0.0,0.052054748
2018-11-29,2018-11-30 11:45:00,0.0,0.026308818
2018-11-29,2018-11-30 12:00:00,0.0,0.046921007
2018-11-29,2018-11-30 12:15:00,0.0,0.05302037
2018-11-29,2018-11-30 12:30:00,0.0,0.051146608
2018-11-29,2018-11-30 12:45:00,0.0,0.03157399
2018-11-29,2018-11-30 13:00:00,0.0,0.021477614
2018-11-29,2018-11-30 13:15:00,0.0,0.0026349926
2018-11-29,2018-11-30 13:30:00,0.0,0.0
2018-11-29,2018-11-30 13:45:00,0.0,0.0
2018-11-29,2018-11-30 14:00:00,0.0,0.0
2018-11-29,2018-11-30 14:15:00,0.0,0.0010215874
2018-11-29,2018-11-30 14:30:00,0.0,0.0
2018-11-29,2018-11-30 14:45:00,0.0,0.0
2018-11-29,2018-11-30 15:00:00,0.0,0.0
2018-11-29,2018-11-30 15:15:00,0.0,0.008601666
2018-11-29,2018-11-30 15:30:00,0.0,0.011299824
2018-11-29,2018-11-30 15:45:00,0.0,0.0
2018-11-29,2018-11-30 16:00:00,0.0,0.0075353696
2018-11-29,2018-11-30 16:15:00,0.0,0.010964309
2018-11-29,2018-11-30 16:30:00,0.0,0.0
2018-11-29,2018-11-30 16:45:00,0.0,0.021688549
2018-11-29,2018-11-30 17:00:00,0.0,0.019600643
2018-11-29,2018-11-30 17:15:00,0.0,0.027450193
2018-11-29,2018-11-30 17:30:00,0.0,0.05518605
2018-11-29,2018-11-30 17:45:00,0.0,0.039618507
2018-11-29,2018-11-30 18:00:00,0.0,0.03188821
2018-11-29,2018-11-30 18:15:00,0.0,0.030419692
2018-11-29,2018-11-30 18:30:00,0.0,0.01933605
2018-11-29,2018-11-30 18:45:00,0.0,0.040604457
2018-11-29,2018-11-30 19:00:00,0.0,0.03857268
2018-11-29,2018-11-30 19:15:00,0.0,0.043495566
2018-11-29,2018-11-30 19:30:00,0.0,0.04062244
2018-11-29,2018-11-30 19:45:00,0.0,0.022898192
2018-11-29,2018-11-30 20:00:00,0.0,0.025690582
2018-11-29,2018-11-30 20:15:00,0.0,0.0
2018-11-29,2018-11-30 20:30:00,0.0,0.0036673201
2018-11-29,2018-11-30 20:45:00,0.0,0.0
2018-11-29,2018-11-30 21:00:00,0.0,0.0
2018-11-29,2018-11-30 21:15:00,0.0,0.0
2018-11-29,2018-11-30 21:30:00,0.0,0.0
2018-11-29,2018-11-30 21:45:00,0.0,0.00057128404
2018-11-29,2018-11-30 22:00:00,0.0,0.0
2018-11-29,2018-11-30 22:15:00,0.0,0.0
2018-11-29,2018-11-30 22:30:00,0.0,0.0
2018-11-29,2018-11-30 22:45:00,0.0,0.0
2018-11-29,2018-11-30 23:00:00,0.0,0.0
2018-11-29,2018-11-30 23:15:00,0.0,0.0
2018-11-29,2018-11-30 23:30:00,0.0,0.033083573
2018-11-29,2018-11-30 23:45:00,0.0,0.037343368
