起报时间,预报时间,实际功率 (MW),FusionModel预测功率 (MW)
2019-02-21,2019-02-22 00:00:00,0.2355470061302185,0.13988248
2019-02-21,2019-02-22 00:15:00,0.3621090054512024,0.22804455
2019-02-21,2019-02-22 00:30:00,0.40781301259994507,0.30712795
2019-02-21,2019-02-22 00:45:00,0.5484369993209839,0.41736174
2019-02-21,2019-02-22 01:00:00,0.5765630006790161,0.49623725
2019-02-21,2019-02-22 01:15:00,0.6468750238418579,0.61080605
2019-02-21,2019-02-22 01:30:00,0.7382810115814209,0.74712545
2019-02-21,2019-02-22 01:45:00,1.0546879768371582,0.88095284
2019-02-21,2019-02-22 02:00:00,1.2937500476837158,1.031727
2019-02-21,2019-02-22 02:15:00,1.6628910303115845,1.1636358
2019-02-21,2019-02-22 02:30:00,2.021483898162842,1.3163158
2019-02-21,2019-02-22 02:45:00,1.8140619993209839,1.4516913
2019-02-21,2019-02-22 03:00:00,1.9722659587860107,1.6312684
2019-02-21,2019-02-22 03:15:00,1.9968750476837158,1.6974941
2019-02-21,2019-02-22 03:30:00,1.6628910303115845,1.8310018
2019-02-21,2019-02-22 03:45:00,1.652343988418579,1.9807773
2019-02-21,2019-02-22 04:00:00,1.884374976158142,2.0473025
2019-02-21,2019-02-22 04:15:00,2.010936975479126,2.1144514
2019-02-21,2019-02-22 04:30:00,2.26406192779541,2.1788301
2019-02-21,2019-02-22 04:45:00,2.1656250953674316,2.1824036
2019-02-21,2019-02-22 05:00:00,2.366015911102295,2.1721225
2019-02-21,2019-02-22 05:15:00,2.3449220657348633,2.111381
2019-02-21,2019-02-22 05:30:00,1.8070310354232788,2.1196575
2019-02-21,2019-02-22 05:45:00,1.6769529581069946,2.0748577
2019-02-21,2019-02-22 06:00:00,2.0531249046325684,2.0453176
2019-02-21,2019-02-22 06:15:00,2.5910160541534424,1.9373922
2019-02-21,2019-02-22 06:30:00,1.7156250476837158,1.8213325
2019-02-21,2019-02-22 06:45:00,1.5011719465255737,1.7156078
2019-02-21,2019-02-22 07:00:00,1.3394529819488525,1.5392029
2019-02-21,2019-02-22 07:15:00,1.2621090412139893,1.3895522
2019-02-21,2019-02-22 07:30:00,1.082811951637268,1.2196037
2019-02-21,2019-02-22 07:45:00,1.0230469703674316,1.0562379
2019-02-21,2019-02-22 08:00:00,1.4589840173721313,0.90609974
2019-02-21,2019-02-22 08:15:00,1.6769529581069946,0.7732435
2019-02-21,2019-02-22 08:30:00,1.5644530057907104,0.548666
2019-02-21,2019-02-22 08:45:00,1.1531250476837158,0.37923262
2019-02-21,2019-02-22 09:00:00,0.5203120112419128,0.2902025
2019-02-21,2019-02-22 09:15:00,0.1863279938697815,0.19625014
2019-02-21,2019-02-22 09:30:00,0.16523399949073792,0.07338607
2019-02-21,2019-02-22 09:45:00,0.09492199867963791,0.0
2019-02-21,2019-02-22 10:00:00,0.0,0.0
2019-02-21,2019-02-22 10:15:00,0.0,0.0
2019-02-21,2019-02-22 10:30:00,0.0,0.0
2019-02-21,2019-02-22 10:45:00,0.0,0.0
2019-02-21,2019-02-22 11:00:00,0.0,0.0
2019-02-21,2019-02-22 11:15:00,0.0,0.0
2019-02-21,2019-02-22 11:30:00,0.0,0.0
2019-02-21,2019-02-22 11:45:00,0.0,0.0
2019-02-21,2019-02-22 12:00:00,0.0,0.0
2019-02-21,2019-02-22 12:15:00,0.0,0.0
2019-02-21,2019-02-22 12:30:00,0.0,0.0
2019-02-21,2019-02-22 12:45:00,0.0,0.0
2019-02-21,2019-02-22 13:00:00,0.0,0.0
2019-02-21,2019-02-22 13:15:00,0.0,0.0
2019-02-21,2019-02-22 13:30:00,0.0,0.0
2019-02-21,2019-02-22 13:45:00,0.0,0.0
2019-02-21,2019-02-22 14:00:00,0.0,0.0
2019-02-21,2019-02-22 14:15:00,0.0,0.0
2019-02-21,2019-02-22 14:30:00,0.0,0.0
2019-02-21,2019-02-22 14:45:00,0.0,0.0
2019-02-21,2019-02-22 15:00:00,0.0,0.0
2019-02-21,2019-02-22 15:15:00,0.0,0.0
2019-02-21,2019-02-22 15:30:00,0.0,0.0
2019-02-21,2019-02-22 15:45:00,0.0,0.0
2019-02-21,2019-02-22 16:00:00,0.0,0.0
2019-02-21,2019-02-22 16:15:00,0.0,0.0
2019-02-21,2019-02-22 16:30:00,0.0,0.0
2019-02-21,2019-02-22 16:45:00,0.0,0.0
2019-02-21,2019-02-22 17:00:00,0.0,0.0
2019-02-21,2019-02-22 17:15:00,0.0,0.0
2019-02-21,2019-02-22 17:30:00,0.0,0.0
2019-02-21,2019-02-22 17:45:00,0.0,0.0
2019-02-21,2019-02-22 18:00:00,0.0,0.0
2019-02-21,2019-02-22 18:15:00,0.0,0.0
2019-02-21,2019-02-22 18:30:00,0.0,0.0
2019-02-21,2019-02-22 18:45:00,0.0,0.0
2019-02-21,2019-02-22 19:00:00,0.0,0.0
2019-02-21,2019-02-22 19:15:00,0.0,0.0
2019-02-21,2019-02-22 19:30:00,0.0,0.0
2019-02-21,2019-02-22 19:45:00,0.0,0.0
2019-02-21,2019-02-22 20:00:00,0.0,0.0
2019-02-21,2019-02-22 20:15:00,0.0,0.0
2019-02-21,2019-02-22 20:30:00,0.0,0.0
2019-02-21,2019-02-22 20:45:00,0.0,0.0
2019-02-21,2019-02-22 21:00:00,0.0,0.0
2019-02-21,2019-02-22 21:15:00,0.0,0.0
2019-02-21,2019-02-22 21:30:00,0.0,0.0
2019-02-21,2019-02-22 21:45:00,0.0,0.0
2019-02-21,2019-02-22 22:00:00,0.0,0.0
2019-02-21,2019-02-22 22:15:00,0.0,0.0
2019-02-21,2019-02-22 22:30:00,0.0,0.0
2019-02-21,2019-02-22 22:45:00,0.0,0.0
2019-02-21,2019-02-22 23:00:00,0.0,0.0
2019-02-21,2019-02-22 23:15:00,0.007031000219285488,0.021606166
2019-02-21,2019-02-22 23:30:00,0.10898400098085403,0.073763296
2019-02-21,2019-02-22 23:45:00,0.21796900033950806,0.10921655
2019-02-22,2019-02-23 00:00:00,0.3515619933605194,0.33878997
2019-02-22,2019-02-23 00:15:00,0.5203120112419128,0.48304048
2019-02-22,2019-02-23 00:30:00,0.7347660064697266,0.6507133
2019-02-22,2019-02-23 00:45:00,0.9949219822883606,0.88704437
2019-02-22,2019-02-23 01:00:00,1.2410160303115845,1.0062288
2019-02-22,2019-02-23 01:15:00,1.4800779819488525,1.2338423
2019-02-22,2019-02-23 01:30:00,1.7121089696884155,1.4437009
2019-02-22,2019-02-23 01:45:00,2.003906011581421,1.6344192
2019-02-22,2019-02-23 02:00:00,2.267577886581421,1.8763713
2019-02-22,2019-02-23 02:15:00,2.5769529342651367,2.0368721
2019-02-22,2019-02-23 02:30:00,2.784374952316284,2.2482693
2019-02-22,2019-02-23 02:45:00,3.005858898162842,2.412487
2019-02-22,2019-02-23 03:00:00,3.128906011581421,2.60663
2019-02-22,2019-02-23 03:15:00,3.1746089458465576,2.6828048
2019-02-22,2019-02-23 03:30:00,3.364453077316284,2.7989707
2019-02-22,2019-02-23 03:45:00,3.4558589458465576,2.9506674
2019-02-22,2019-02-23 04:00:00,3.533202886581421,3.0320973
2019-02-22,2019-02-23 04:15:00,3.6140620708465576,3.048619
2019-02-22,2019-02-23 04:30:00,3.6070311069488525,3.1255448
2019-02-22,2019-02-23 04:45:00,3.3433589935302734,3.0890598
2019-02-22,2019-02-23 05:00:00,3.4066410064697266,3.0408804
2019-02-22,2019-02-23 05:15:00,3.5718750953674316,2.9297197
2019-02-22,2019-02-23 05:30:00,3.4945309162139893,2.9330812
2019-02-22,2019-02-23 05:45:00,3.2906250953674316,2.860329
2019-02-22,2019-02-23 06:00:00,3.3539059162139893,2.8385155
2019-02-22,2019-02-23 06:15:00,3.244921922683716,2.718518
2019-02-22,2019-02-23 06:30:00,2.946094036102295,2.5879116
2019-02-22,2019-02-23 06:45:00,2.960155963897705,2.462954
2019-02-22,2019-02-23 07:00:00,2.6332030296325684,2.2507699
2019-02-22,2019-02-23 07:15:00,2.3871090412139893,2.143915
2019-02-22,2019-02-23 07:30:00,2.102344036102295,1.9611994
2019-02-22,2019-02-23 07:45:00,1.919530987739563,1.8148345
2019-02-22,2019-02-23 08:00:00,1.5082030296325684,1.6002274
2019-02-22,2019-02-23 08:15:00,1.272655963897705,1.4557861
2019-02-22,2019-02-23 08:30:00,1.0371090173721313,1.1826727
2019-02-22,2019-02-23 08:45:00,0.7136719822883606,0.9542379
2019-02-22,2019-02-23 09:00:00,0.471094012260437,0.79944485
2019-02-22,2019-02-23 09:15:00,0.31992200016975403,0.6502205
2019-02-22,2019-02-23 09:30:00,0.1863279938697815,0.45019653
2019-02-22,2019-02-23 09:45:00,0.014062000438570976,0.3246994
2019-02-22,2019-02-23 10:00:00,0.0,0.17704509
2019-02-22,2019-02-23 10:15:00,0.0,0.06683018
2019-02-22,2019-02-23 10:30:00,0.0,0.050581828
2019-02-22,2019-02-23 10:45:00,0.0,0.0
2019-02-22,2019-02-23 11:00:00,0.0,0.0
2019-02-22,2019-02-23 11:15:00,0.0,0.0
2019-02-22,2019-02-23 11:30:00,0.0,0.0
2019-02-22,2019-02-23 11:45:00,0.0,0.0
2019-02-22,2019-02-23 12:00:00,0.0,0.0
2019-02-22,2019-02-23 12:15:00,0.0,0.0
2019-02-22,2019-02-23 12:30:00,0.0,0.0
2019-02-22,2019-02-23 12:45:00,0.0,0.008038283
2019-02-22,2019-02-23 13:00:00,0.0,0.040287685
2019-02-22,2019-02-23 13:15:00,0.0,0.017591825
2019-02-22,2019-02-23 13:30:00,0.0,0.027013633
2019-02-22,2019-02-23 13:45:00,0.0,0.0
2019-02-22,2019-02-23 14:00:00,0.0,0.011466091
2019-02-22,2019-02-23 14:15:00,0.0,0.0032108226
2019-02-22,2019-02-23 14:30:00,0.0,0.0
2019-02-22,2019-02-23 14:45:00,0.0,0.0
2019-02-22,2019-02-23 15:00:00,0.0,0.0
2019-02-22,2019-02-23 15:15:00,0.0,0.0
2019-02-22,2019-02-23 15:30:00,0.0,0.0
2019-02-22,2019-02-23 15:45:00,0.0,0.0
2019-02-22,2019-02-23 16:00:00,0.0,0.0
2019-02-22,2019-02-23 16:15:00,0.0,0.0
2019-02-22,2019-02-23 16:30:00,0.0,0.0
2019-02-22,2019-02-23 16:45:00,0.0,0.0
2019-02-22,2019-02-23 17:00:00,0.0,0.0
2019-02-22,2019-02-23 17:15:00,0.0,0.0
2019-02-22,2019-02-23 17:30:00,0.0,0.0
2019-02-22,2019-02-23 17:45:00,0.0,0.0
2019-02-22,2019-02-23 18:00:00,0.0,0.0
2019-02-22,2019-02-23 18:15:00,0.0,0.0
2019-02-22,2019-02-23 18:30:00,0.0,0.0
2019-02-22,2019-02-23 18:45:00,0.0,0.0
2019-02-22,2019-02-23 19:00:00,0.0,0.0
2019-02-22,2019-02-23 19:15:00,0.0,0.0
2019-02-22,2019-02-23 19:30:00,0.0,0.0
2019-02-22,2019-02-23 19:45:00,0.0,0.0
2019-02-22,2019-02-23 20:00:00,0.0,0.0
2019-02-22,2019-02-23 20:15:00,0.0,0.0
2019-02-22,2019-02-23 20:30:00,0.0,0.0
2019-02-22,2019-02-23 20:45:00,0.0,0.0
2019-02-22,2019-02-23 21:00:00,0.0,0.0
2019-02-22,2019-02-23 21:15:00,0.0,0.0
2019-02-22,2019-02-23 21:30:00,0.0,0.0
2019-02-22,2019-02-23 21:45:00,0.0,0.0
2019-02-22,2019-02-23 22:00:00,0.0,0.0
2019-02-22,2019-02-23 22:15:00,0.0,0.0
2019-02-22,2019-02-23 22:30:00,0.0,0.0
2019-02-22,2019-02-23 22:45:00,0.0,0.0
2019-02-22,2019-02-23 23:00:00,0.0,0.0
2019-02-22,2019-02-23 23:15:00,0.03515600040555,0.014218411
2019-02-22,2019-02-23 23:30:00,0.13359400629997253,0.10590384
2019-02-22,2019-02-23 23:45:00,0.22851599752902985,0.17939064
2019-02-23,2019-02-24 00:00:00,0.4007810056209564,0.48485813
2019-02-23,2019-02-24 00:15:00,0.5730469822883606,0.65273154
2019-02-23,2019-02-24 00:30:00,0.7699220180511475,0.827577
2019-02-23,2019-02-24 00:45:00,0.956250011920929,1.0807972
2019-02-23,2019-02-24 01:00:00,1.209375023841858,1.2196236
2019-02-23,2019-02-24 01:15:00,1.4660160541534424,1.4676044
2019-02-23,2019-02-24 01:30:00,1.6136720180511475,1.6841658
2019-02-23,2019-02-24 01:45:00,1.8808590173721313,1.8911517
2019-02-23,2019-02-24 02:00:00,2.0777339935302734,2.1359026
2019-02-23,2019-02-24 02:15:00,1.9968750476837158,2.3096852
2019-02-23,2019-02-24 02:30:00,2.3589839935302734,2.4968064
2019-02-23,2019-02-24 02:45:00,2.5804688930511475,2.6730807
2019-02-23,2019-02-24 03:00:00,2.3519530296325684,2.8673346
2019-02-23,2019-02-24 03:15:00,2.0531249046325684,2.9028006
2019-02-23,2019-02-24 03:30:00,2.26406192779541,3.0483468
2019-02-23,2019-02-24 03:45:00,1.9582029581069946,3.1641946
2019-02-23,2019-02-24 04:00:00,1.497655987739563,3.2190151
2019-02-23,2019-02-24 04:15:00,1.6347659826278687,3.2185967
2019-02-23,2019-02-24 04:30:00,2.1410160064697266,3.2821069
2019-02-23,2019-02-24 04:45:00,1.9230469465255737,3.2018514
2019-02-23,2019-02-24 05:00:00,2.489063024520874,3.1322577
2019-02-23,2019-02-24 05:15:00,2.242969036102295,2.987394
2019-02-23,2019-02-24 05:30:00,1.6101560592651367,2.9734864
2019-02-23,2019-02-24 05:45:00,1.9968750476837158,2.8486898
2019-02-23,2019-02-24 06:00:00,1.4695310592651367,2.8234515
2019-02-23,2019-02-24 06:15:00,1.314844012260437,2.6658084
2019-02-23,2019-02-24 06:30:00,1.3816410303115845,2.5146763
2019-02-23,2019-02-24 06:45:00,1.2937500476837158,2.3613691
2019-02-23,2019-02-24 07:00:00,1.1425780057907104,2.1159778
2019-02-23,2019-02-24 07:15:00,1.1636719703674316,1.9989257
2019-02-23,2019-02-24 07:30:00,1.117969036102295,1.7724144
2019-02-23,2019-02-24 07:45:00,1.082811951637268,1.5961208
2019-02-23,2019-02-24 08:00:00,0.8085939884185791,1.39067
2019-02-23,2019-02-24 08:15:00,0.6152340173721313,1.254155
2019-02-23,2019-02-24 08:30:00,0.46406298875808716,0.94086677
2019-02-23,2019-02-24 08:45:00,0.33398398756980896,0.7145039
2019-02-23,2019-02-24 09:00:00,0.2355470061302185,0.59363437
2019-02-23,2019-02-24 09:15:00,0.16875000298023224,0.4528903
2019-02-23,2019-02-24 09:30:00,0.12656299769878387,0.27916017
2019-02-23,2019-02-24 09:45:00,0.021093999966979027,0.15826955
2019-02-23,2019-02-24 10:00:00,0.0,0.03894727
2019-02-23,2019-02-24 10:15:00,0.0,0.0
2019-02-23,2019-02-24 10:30:00,0.0,0.0
2019-02-23,2019-02-24 10:45:00,0.0,0.0
2019-02-23,2019-02-24 11:00:00,0.0,0.0
2019-02-23,2019-02-24 11:15:00,0.0,0.0
2019-02-23,2019-02-24 11:30:00,0.0,0.0
2019-02-23,2019-02-24 11:45:00,0.0,0.0
2019-02-23,2019-02-24 12:00:00,0.0,0.0
2019-02-23,2019-02-24 12:15:00,0.0,0.0
2019-02-23,2019-02-24 12:30:00,0.0,0.0
2019-02-23,2019-02-24 12:45:00,0.0,0.0
2019-02-23,2019-02-24 13:00:00,0.0,0.0
2019-02-23,2019-02-24 13:15:00,0.0,0.0
2019-02-23,2019-02-24 13:30:00,0.0,0.0
2019-02-23,2019-02-24 13:45:00,0.0,0.0
2019-02-23,2019-02-24 14:00:00,0.0,0.0
2019-02-23,2019-02-24 14:15:00,0.0,0.0
2019-02-23,2019-02-24 14:30:00,0.0,0.0
2019-02-23,2019-02-24 14:45:00,0.0,0.0
2019-02-23,2019-02-24 15:00:00,0.0,0.0
2019-02-23,2019-02-24 15:15:00,0.0,0.0
2019-02-23,2019-02-24 15:30:00,0.0,0.0
2019-02-23,2019-02-24 15:45:00,0.0,0.0
2019-02-23,2019-02-24 16:00:00,0.0,0.0
2019-02-23,2019-02-24 16:15:00,0.0,0.0
2019-02-23,2019-02-24 16:30:00,0.0,0.0
2019-02-23,2019-02-24 16:45:00,0.0,0.0
2019-02-23,2019-02-24 17:00:00,0.0,0.0
2019-02-23,2019-02-24 17:15:00,0.0,0.0
2019-02-23,2019-02-24 17:30:00,0.0,0.0
2019-02-23,2019-02-24 17:45:00,0.0,0.0
2019-02-23,2019-02-24 18:00:00,0.0,0.0
2019-02-23,2019-02-24 18:15:00,0.0,0.0
2019-02-23,2019-02-24 18:30:00,0.0,0.0
2019-02-23,2019-02-24 18:45:00,0.0,0.0
2019-02-23,2019-02-24 19:00:00,0.0,0.0
2019-02-23,2019-02-24 19:15:00,0.0,0.0
2019-02-23,2019-02-24 19:30:00,0.0,0.0
2019-02-23,2019-02-24 19:45:00,0.0,0.0
2019-02-23,2019-02-24 20:00:00,0.0,0.0
2019-02-23,2019-02-24 20:15:00,0.0,0.0
2019-02-23,2019-02-24 20:30:00,0.0,0.0
2019-02-23,2019-02-24 20:45:00,0.0,0.0
2019-02-23,2019-02-24 21:00:00,0.0,0.0
2019-02-23,2019-02-24 21:15:00,0.0,0.0
2019-02-23,2019-02-24 21:30:00,0.0,0.0
2019-02-23,2019-02-24 21:45:00,0.0,0.0
2019-02-23,2019-02-24 22:00:00,0.0,0.0
2019-02-23,2019-02-24 22:15:00,0.0,0.0
2019-02-23,2019-02-24 22:30:00,0.0,0.0
2019-02-23,2019-02-24 22:45:00,0.0,0.0
2019-02-23,2019-02-24 23:00:00,0.0,0.0
2019-02-23,2019-02-24 23:15:00,0.007031000219285488,0.025244126
2019-02-23,2019-02-24 23:30:00,0.09140600264072418,0.14170001
2019-02-23,2019-02-24 23:45:00,0.21445299685001373,0.21077067
2019-02-24,2019-02-25 00:00:00,0.26718801259994507,0.38793918
2019-02-24,2019-02-25 00:15:00,0.4781250059604645,0.53901476
2019-02-24,2019-02-25 00:30:00,0.5730469822883606,0.68061733
2019-02-24,2019-02-25 00:45:00,0.7277340292930603,0.8783372
2019-02-24,2019-02-25 01:00:00,1.0089839696884155,0.9683468
2019-02-24,2019-02-25 01:15:00,1.2269530296325684,1.1547524
2019-02-24,2019-02-25 01:30:00,1.4308589696884155,1.313323
2019-02-24,2019-02-25 01:45:00,1.6664060354232788,1.4680002
2019-02-24,2019-02-25 02:00:00,1.8562500476837158,1.6513231
2019-02-24,2019-02-25 02:15:00,2.109375,1.766807
2019-02-24,2019-02-25 02:30:00,2.2113280296325684,1.9385333
2019-02-24,2019-02-25 02:45:00,2.3273439407348633,2.0516884
2019-02-24,2019-02-25 03:00:00,2.397655963897705,2.194952
2019-02-24,2019-02-25 03:15:00,2.548827886581421,2.2190852
2019-02-24,2019-02-25 03:30:00,2.6085939407348633,2.3316138
2019-02-24,2019-02-25 03:45:00,2.707031011581421,2.4225914
2019-02-24,2019-02-25 04:00:00,2.742187976837158,2.4865673
2019-02-24,2019-02-25 04:15:00,2.794922113418579,2.4704704
2019-02-24,2019-02-25 04:30:00,2.777343988418579,2.5142155
2019-02-24,2019-02-25 04:45:00,2.707031011581421,2.450441
2019-02-24,2019-02-25 05:00:00,2.6683590412139893,2.37752
2019-02-24,2019-02-25 05:15:00,2.6261720657348633,2.2824926
2019-02-24,2019-02-25 05:30:00,2.2886719703674316,2.2424245
2019-02-24,2019-02-25 05:45:00,2.496093988418579,2.1608999
2019-02-24,2019-02-25 06:00:00,2.496093988418579,2.1359653
2019-02-24,2019-02-25 06:15:00,2.373047113418579,1.9819349
2019-02-24,2019-02-25 06:30:00,2.2464840412139893,1.8539667
2019-02-24,2019-02-25 06:45:00,2.0425779819488525,1.7469238
2019-02-24,2019-02-25 07:00:00,1.9019529819488525,1.5548445
2019-02-24,2019-02-25 07:15:00,1.736719012260437,1.4450969
2019-02-24,2019-02-25 07:30:00,1.4695310592651367,1.2764688
2019-02-24,2019-02-25 07:45:00,0.8578130006790161,1.1552875
2019-02-24,2019-02-25 08:00:00,1.1636719703674316,0.99122703
2019-02-24,2019-02-25 08:15:00,0.6011719703674316,0.88961434
2019-02-24,2019-02-25 08:30:00,0.6574220061302185,0.66105866
2019-02-24,2019-02-25 08:45:00,0.5238280296325684,0.48615718
2019-02-24,2019-02-25 09:00:00,0.3761720061302185,0.3975816
2019-02-24,2019-02-25 09:15:00,0.1511719971895218,0.29020476
2019-02-24,2019-02-25 09:30:00,0.09843800216913223,0.17740275
2019-02-24,2019-02-25 09:45:00,0.010546999983489513,0.089894176
2019-02-24,2019-02-25 10:00:00,0.0,0.0
2019-02-24,2019-02-25 10:15:00,0.0,0.0
2019-02-24,2019-02-25 10:30:00,0.0,0.0
2019-02-24,2019-02-25 10:45:00,0.0,0.0
2019-02-24,2019-02-25 11:00:00,0.0,0.0
2019-02-24,2019-02-25 11:15:00,0.0,0.0
2019-02-24,2019-02-25 11:30:00,0.0,0.0
2019-02-24,2019-02-25 11:45:00,0.0,0.0
2019-02-24,2019-02-25 12:00:00,0.0,0.0
2019-02-24,2019-02-25 12:15:00,0.0,0.0
2019-02-24,2019-02-25 12:30:00,0.0,0.0
2019-02-24,2019-02-25 12:45:00,0.0,0.0
2019-02-24,2019-02-25 13:00:00,0.0,0.0
2019-02-24,2019-02-25 13:15:00,0.0,0.0
2019-02-24,2019-02-25 13:30:00,0.0,0.0
2019-02-24,2019-02-25 13:45:00,0.0,0.0
2019-02-24,2019-02-25 14:00:00,0.0,0.0
2019-02-24,2019-02-25 14:15:00,0.0,0.0
2019-02-24,2019-02-25 14:30:00,0.0,0.0
2019-02-24,2019-02-25 14:45:00,0.0,0.0
2019-02-24,2019-02-25 15:00:00,0.0,0.0
2019-02-24,2019-02-25 15:15:00,0.0,0.0
2019-02-24,2019-02-25 15:30:00,0.0,0.0
2019-02-24,2019-02-25 15:45:00,0.0,0.0
2019-02-24,2019-02-25 16:00:00,0.0,0.0
2019-02-24,2019-02-25 16:15:00,0.0,0.0
2019-02-24,2019-02-25 16:30:00,0.0,0.0
2019-02-24,2019-02-25 16:45:00,0.0,0.0
2019-02-24,2019-02-25 17:00:00,0.0,0.0
2019-02-24,2019-02-25 17:15:00,0.0,0.0
2019-02-24,2019-02-25 17:30:00,0.0,0.0
2019-02-24,2019-02-25 17:45:00,0.0,0.0
2019-02-24,2019-02-25 18:00:00,0.0,0.0
2019-02-24,2019-02-25 18:15:00,0.0,0.0
2019-02-24,2019-02-25 18:30:00,0.0,0.0
2019-02-24,2019-02-25 18:45:00,0.0,0.0
2019-02-24,2019-02-25 19:00:00,0.0,0.0
2019-02-24,2019-02-25 19:15:00,0.0,0.0
2019-02-24,2019-02-25 19:30:00,0.0,0.0
2019-02-24,2019-02-25 19:45:00,0.0,0.0
2019-02-24,2019-02-25 20:00:00,0.0,0.0
2019-02-24,2019-02-25 20:15:00,0.0,0.0
2019-02-24,2019-02-25 20:30:00,0.0,0.0
2019-02-24,2019-02-25 20:45:00,0.0,0.0
2019-02-24,2019-02-25 21:00:00,0.0,0.0
2019-02-24,2019-02-25 21:15:00,0.0,0.0
2019-02-24,2019-02-25 21:30:00,0.0,0.0
2019-02-24,2019-02-25 21:45:00,0.0,0.0
2019-02-24,2019-02-25 22:00:00,0.0,0.0
2019-02-24,2019-02-25 22:15:00,0.0,0.0
2019-02-24,2019-02-25 22:30:00,0.0,0.0
2019-02-24,2019-02-25 22:45:00,0.0,0.0
2019-02-24,2019-02-25 23:00:00,0.0,0.0
2019-02-24,2019-02-25 23:15:00,0.0,0.021015203
2019-02-24,2019-02-25 23:30:00,0.05624999850988388,0.12234225
2019-02-24,2019-02-25 23:45:00,0.20390599966049194,0.19109248
2019-02-25,2019-02-26 00:00:00,0.23906299471855164,0.31672862
2019-02-25,2019-02-26 00:15:00,0.28476598858833313,0.42070416
2019-02-25,2019-02-26 00:30:00,0.330469012260437,0.53003764
2019-02-25,2019-02-26 00:45:00,0.5660160183906555,0.6631819
2019-02-25,2019-02-26 01:00:00,0.7277340292930603,0.74576837
2019-02-25,2019-02-26 01:15:00,0.8050780296325684,0.8840936
2019-02-25,2019-02-26 01:30:00,0.9316409826278687,1.0108681
2019-02-25,2019-02-26 01:45:00,1.0863280296325684,1.1316143
2019-02-25,2019-02-26 02:00:00,1.6980470418930054,1.2793337
2019-02-25,2019-02-26 02:15:00,1.5011719465255737,1.3811625
2019-02-25,2019-02-26 02:30:00,1.3183590173721313,1.5055414
2019-02-25,2019-02-26 02:45:00,1.0968749523162842,1.6103592
2019-02-25,2019-02-26 03:00:00,0.9808589816093445,1.722677
2019-02-25,2019-02-26 03:15:00,1.3886719942092896,1.7241406
2019-02-25,2019-02-26 03:30:00,1.7015620470046997,1.8216563
2019-02-25,2019-02-26 03:45:00,1.771875023841858,1.9052505
2019-02-25,2019-02-26 04:00:00,1.9863280057907104,1.9410657
2019-02-25,2019-02-26 04:15:00,1.6558589935302734,1.9266973
2019-02-25,2019-02-26 04:30:00,1.884374976158142,1.9702345
2019-02-25,2019-02-26 04:45:00,1.771875023841858,1.9032332
2019-02-25,2019-02-26 05:00:00,2.1304690837860107,1.8580428
2019-02-25,2019-02-26 05:15:00,1.9054689407348633,1.7624913
2019-02-25,2019-02-26 05:30:00,1.7085939645767212,1.7257198
2019-02-25,2019-02-26 05:45:00,1.490625023841858,1.6462735
2019-02-25,2019-02-26 06:00:00,1.5714839696884155,1.631376
2019-02-25,2019-02-26 06:15:00,1.6699219942092896,1.4962834
2019-02-25,2019-02-26 06:30:00,1.5257810354232788,1.3876756
2019-02-25,2019-02-26 06:45:00,1.5644530057907104,1.2900699
2019-02-25,2019-02-26 07:00:00,1.3429689407348633,1.1330856
2019-02-25,2019-02-26 07:15:00,1.3535159826278687,1.0616685
2019-02-25,2019-02-26 07:30:00,1.2374999523162842,0.90985507
2019-02-25,2019-02-26 07:45:00,0.9808589816093445,0.8064865
2019-02-25,2019-02-26 08:00:00,0.9316409826278687,0.6894632
2019-02-25,2019-02-26 08:15:00,0.9140620231628418,0.6320829
2019-02-25,2019-02-26 08:30:00,0.675000011920929,0.43914583
2019-02-25,2019-02-26 08:45:00,0.5378909707069397,0.3050263
2019-02-25,2019-02-26 09:00:00,0.40781301259994507,0.22892757
2019-02-25,2019-02-26 09:15:00,0.29531198740005493,0.15655483
2019-02-25,2019-02-26 09:30:00,0.1511719971895218,0.07689112
2019-02-25,2019-02-26 09:45:00,0.04570300132036209,0.0
2019-02-25,2019-02-26 10:00:00,0.0,0.0
2019-02-25,2019-02-26 10:15:00,0.0,0.0
2019-02-25,2019-02-26 10:30:00,0.0,0.0
2019-02-25,2019-02-26 10:45:00,0.0,0.0
2019-02-25,2019-02-26 11:00:00,0.0,0.0
2019-02-25,2019-02-26 11:15:00,0.0,0.0
2019-02-25,2019-02-26 11:30:00,0.0,0.0
2019-02-25,2019-02-26 11:45:00,0.0,0.0
2019-02-25,2019-02-26 12:00:00,0.0,0.0
2019-02-25,2019-02-26 12:15:00,0.0,0.0
2019-02-25,2019-02-26 12:30:00,0.0,0.0
2019-02-25,2019-02-26 12:45:00,0.0,0.0
2019-02-25,2019-02-26 13:00:00,0.0,0.0
2019-02-25,2019-02-26 13:15:00,0.0,0.0
2019-02-25,2019-02-26 13:30:00,0.0,0.0
2019-02-25,2019-02-26 13:45:00,0.0,0.0
2019-02-25,2019-02-26 14:00:00,0.0,0.0
2019-02-25,2019-02-26 14:15:00,0.0,0.0
2019-02-25,2019-02-26 14:30:00,0.0,0.0
2019-02-25,2019-02-26 14:45:00,0.0,0.0
2019-02-25,2019-02-26 15:00:00,0.0,0.0
2019-02-25,2019-02-26 15:15:00,0.0,0.0
2019-02-25,2019-02-26 15:30:00,0.0,0.0
2019-02-25,2019-02-26 15:45:00,0.0,0.0
2019-02-25,2019-02-26 16:00:00,0.0,0.0
2019-02-25,2019-02-26 16:15:00,0.0,0.0
2019-02-25,2019-02-26 16:30:00,0.0,0.0
2019-02-25,2019-02-26 16:45:00,0.0,0.0
2019-02-25,2019-02-26 17:00:00,0.0,0.0
2019-02-25,2019-02-26 17:15:00,0.0,0.0
2019-02-25,2019-02-26 17:30:00,0.0,0.0
2019-02-25,2019-02-26 17:45:00,0.0,0.0
2019-02-25,2019-02-26 18:00:00,0.0,0.0
2019-02-25,2019-02-26 18:15:00,0.0,0.0
2019-02-25,2019-02-26 18:30:00,0.0,0.0
2019-02-25,2019-02-26 18:45:00,0.0,0.0
2019-02-25,2019-02-26 19:00:00,0.0,0.0
2019-02-25,2019-02-26 19:15:00,0.0,0.0
2019-02-25,2019-02-26 19:30:00,0.0,0.0
2019-02-25,2019-02-26 19:45:00,0.0,0.0
2019-02-25,2019-02-26 20:00:00,0.0,0.0
2019-02-25,2019-02-26 20:15:00,0.0,0.0
2019-02-25,2019-02-26 20:30:00,0.0,0.0
2019-02-25,2019-02-26 20:45:00,0.0,0.0
2019-02-25,2019-02-26 21:00:00,0.0,0.0
2019-02-25,2019-02-26 21:15:00,0.0,0.0
2019-02-25,2019-02-26 21:30:00,0.0,0.0
2019-02-25,2019-02-26 21:45:00,0.0,0.0
2019-02-25,2019-02-26 22:00:00,0.0,0.0
2019-02-25,2019-02-26 22:15:00,0.0,0.0
2019-02-25,2019-02-26 22:30:00,0.0,0.0
2019-02-25,2019-02-26 22:45:00,0.0,0.0
2019-02-25,2019-02-26 23:00:00,0.0,0.0
2019-02-25,2019-02-26 23:15:00,0.0,0.0006719264
2019-02-25,2019-02-26 23:30:00,0.12304700165987015,0.056926854
2019-02-25,2019-02-26 23:45:00,0.20742200314998627,0.09677858
2019-02-26,2019-02-27 00:00:00,0.25312501192092896,0.34144658
2019-02-26,2019-02-27 00:15:00,0.4675779938697815,0.44946423
2019-02-26,2019-02-27 00:30:00,0.6890619993209839,0.55799764
2019-02-26,2019-02-27 00:45:00,0.46054700016975403,0.6941663
2019-02-26,2019-02-27 01:00:00,0.5378909707069397,0.7618161
2019-02-26,2019-02-27 01:15:00,0.6574220061302185,0.8875215
2019-02-26,2019-02-27 01:30:00,0.8578130006790161,1.0067445
2019-02-26,2019-02-27 01:45:00,1.0582029819488525,1.1115037
2019-02-26,2019-02-27 02:00:00,1.652343988418579,1.246741
2019-02-26,2019-02-27 02:15:00,1.6207029819488525,1.3104597
2019-02-26,2019-02-27 02:30:00,2.133984088897705,1.4463882
2019-02-26,2019-02-27 02:45:00,2.1726560592651367,1.5265926
2019-02-26,2019-02-27 03:00:00,2.4749999046325684,1.6142482
2019-02-26,2019-02-27 03:15:00,2.671875,1.6102817
2019-02-26,2019-02-27 03:30:00,2.390625,1.7042242
2019-02-26,2019-02-27 03:45:00,2.5945310592651367,1.7690924
2019-02-26,2019-02-27 04:00:00,2.9496090412139893,1.8171656
2019-02-26,2019-02-27 04:15:00,3.0339839458465576,1.8035793
2019-02-26,2019-02-27 04:30:00,2.7351560592651367,1.826866
2019-02-26,2019-02-27 04:45:00,3.0093750953674316,1.7838248
2019-02-26,2019-02-27 05:00:00,2.225390911102295,1.7524563
2019-02-26,2019-02-27 05:15:00,3.2097649574279785,1.6951563
2019-02-26,2019-02-27 05:30:00,3.005858898162842,1.679303
2019-02-26,2019-02-27 05:45:00,2.9039061069488525,1.6258754
2019-02-26,2019-02-27 06:00:00,2.924999952316284,1.6406525
2019-02-26,2019-02-27 06:15:00,2.8511719703674316,1.5331798
2019-02-26,2019-02-27 06:30:00,2.664844036102295,1.4459769
2019-02-26,2019-02-27 06:45:00,2.54531192779541,1.3949261
2019-02-26,2019-02-27 07:00:00,2.373047113418579,1.2711791
2019-02-26,2019-02-27 07:15:00,2.1761720180511475,1.2110652
2019-02-26,2019-02-27 07:30:00,1.9863280057907104,1.0832268
2019-02-26,2019-02-27 07:45:00,1.8386720418930054,1.0017662
2019-02-26,2019-02-27 08:00:00,1.546875,0.8677026
2019-02-26,2019-02-27 08:15:00,1.3289060592651367,0.813793
2019-02-26,2019-02-27 08:30:00,1.026561975479126,0.6152592
2019-02-26,2019-02-27 08:45:00,0.7769529819488525,0.46743372
2019-02-26,2019-02-27 09:00:00,0.5167970061302185,0.3858375
2019-02-26,2019-02-27 09:15:00,0.3410159945487976,0.26923147
2019-02-26,2019-02-27 09:30:00,0.19687500596046448,0.17332003
2019-02-26,2019-02-27 09:45:00,0.021093999966979027,0.08072281
2019-02-26,2019-02-27 10:00:00,0.0,0.0
2019-02-26,2019-02-27 10:15:00,0.0,0.0
2019-02-26,2019-02-27 10:30:00,0.0,0.0
2019-02-26,2019-02-27 10:45:00,0.0,0.0
2019-02-26,2019-02-27 11:00:00,0.0,0.0
2019-02-26,2019-02-27 11:15:00,0.0,0.0
2019-02-26,2019-02-27 11:30:00,0.0,0.0
2019-02-26,2019-02-27 11:45:00,0.0,0.0
2019-02-26,2019-02-27 12:00:00,0.0,0.0
2019-02-26,2019-02-27 12:15:00,0.0,0.0
2019-02-26,2019-02-27 12:30:00,0.0,0.0
2019-02-26,2019-02-27 12:45:00,0.0,0.0
2019-02-26,2019-02-27 13:00:00,0.0,0.0
2019-02-26,2019-02-27 13:15:00,0.0,0.0
2019-02-26,2019-02-27 13:30:00,0.0,0.0
2019-02-26,2019-02-27 13:45:00,0.0,0.0
2019-02-26,2019-02-27 14:00:00,0.0,0.0
2019-02-26,2019-02-27 14:15:00,0.0,0.0
2019-02-26,2019-02-27 14:30:00,0.0,0.0
2019-02-26,2019-02-27 14:45:00,0.0,0.0
2019-02-26,2019-02-27 15:00:00,0.0,0.0
2019-02-26,2019-02-27 15:15:00,0.0,0.0
2019-02-26,2019-02-27 15:30:00,0.0,0.0
2019-02-26,2019-02-27 15:45:00,0.0,0.0
2019-02-26,2019-02-27 16:00:00,0.0,0.0
2019-02-26,2019-02-27 16:15:00,0.0,0.0
2019-02-26,2019-02-27 16:30:00,0.0,0.0
2019-02-26,2019-02-27 16:45:00,0.0,0.0
2019-02-26,2019-02-27 17:00:00,0.0,0.0
2019-02-26,2019-02-27 17:15:00,0.0,0.0
2019-02-26,2019-02-27 17:30:00,0.0,0.0
2019-02-26,2019-02-27 17:45:00,0.0,0.0
2019-02-26,2019-02-27 18:00:00,0.0,0.0
2019-02-26,2019-02-27 18:15:00,0.0,0.0
2019-02-26,2019-02-27 18:30:00,0.0,0.0
2019-02-26,2019-02-27 18:45:00,0.0,0.0
2019-02-26,2019-02-27 19:00:00,0.0,0.0
2019-02-26,2019-02-27 19:15:00,0.0,0.0
2019-02-26,2019-02-27 19:30:00,0.0,0.0
2019-02-26,2019-02-27 19:45:00,0.0,0.0
2019-02-26,2019-02-27 20:00:00,0.0,0.0
2019-02-26,2019-02-27 20:15:00,0.0,0.0
2019-02-26,2019-02-27 20:30:00,0.0,0.0
2019-02-26,2019-02-27 20:45:00,0.0,0.0
2019-02-26,2019-02-27 21:00:00,0.0,0.0
2019-02-26,2019-02-27 21:15:00,0.0,0.0
2019-02-26,2019-02-27 21:30:00,0.0,0.0
2019-02-26,2019-02-27 21:45:00,0.0,0.0
2019-02-26,2019-02-27 22:00:00,0.0,0.0
2019-02-26,2019-02-27 22:15:00,0.0,0.0
2019-02-26,2019-02-27 22:30:00,0.0,0.0
2019-02-26,2019-02-27 22:45:00,0.0,0.0
2019-02-26,2019-02-27 23:00:00,0.0,0.0
2019-02-26,2019-02-27 23:15:00,0.03867200016975403,0.024491299
2019-02-26,2019-02-27 23:30:00,0.08437500149011612,0.087816186
2019-02-26,2019-02-27 23:45:00,0.24257799983024597,0.111253545
2019-02-27,2019-02-28 00:00:00,0.3480469882488251,0.4168181
2019-02-27,2019-02-28 00:15:00,0.49921900033950806,0.5653512
2019-02-27,2019-02-28 00:30:00,0.6433590054512024,0.72698253
2019-02-27,2019-02-28 00:45:00,0.8050780296325684,0.95899504
2019-02-27,2019-02-28 01:00:00,0.9914060235023499,1.082979
2019-02-27,2019-02-28 01:15:00,1.132030963897705,1.3042244
2019-02-27,2019-02-28 01:30:00,1.3359379768371582,1.4889709
2019-02-27,2019-02-28 01:45:00,1.4800779819488525,1.6917214
2019-02-27,2019-02-28 02:00:00,1.5328119993209839,1.9042537
2019-02-27,2019-02-28 02:15:00,1.6347659826278687,2.0502074
2019-02-27,2019-02-28 02:30:00,1.8105469942092896,2.2299752
2019-02-27,2019-02-28 02:45:00,1.6839840412139893,2.390892
2019-02-27,2019-02-28 03:00:00,1.638280987739563,2.559439
2019-02-27,2019-02-28 03:15:00,1.6839840412139893,2.5839028
2019-02-27,2019-02-28 03:30:00,1.9476560354232788,2.7145994
2019-02-27,2019-02-28 03:45:00,1.9652340412139893,2.8343434
2019-02-27,2019-02-28 04:00:00,2.133984088897705,2.8735573
2019-02-27,2019-02-28 04:15:00,1.8597660064697266,2.8737895
2019-02-27,2019-02-28 04:30:00,1.3851560354232788,2.9157522
2019-02-27,2019-02-28 04:45:00,1.2761720418930054,2.8535948
2019-02-27,2019-02-28 05:00:00,1.3816410303115845,2.800041
2019-02-27,2019-02-28 05:15:00,1.9863280057907104,2.6693246
2019-02-27,2019-02-28 05:30:00,2.1867189407348633,2.666758
2019-02-27,2019-02-28 05:45:00,2.102344036102295,2.5658984
2019-02-27,2019-02-28 06:00:00,2.003906011581421,2.546626
2019-02-27,2019-02-28 06:15:00,1.828125,2.412462
2019-02-27,2019-02-28 06:30:00,1.6875,2.267343
2019-02-27,2019-02-28 06:45:00,1.6488280296325684,2.1408868
2019-02-27,2019-02-28 07:00:00,1.553905963897705,1.9362502
2019-02-27,2019-02-28 07:15:00,1.455469012260437,1.8279779
2019-02-27,2019-02-28 07:30:00,1.3921869993209839,1.623672
2019-02-27,2019-02-28 07:45:00,1.1707030534744263,1.4698975
2019-02-27,2019-02-28 08:00:00,1.075780987739563,1.2746183
2019-02-27,2019-02-28 08:15:00,0.8894529938697815,1.1643027
2019-02-27,2019-02-28 08:30:00,0.7101560235023499,0.874044
2019-02-27,2019-02-28 08:45:00,0.541405975818634,0.6593399
2019-02-27,2019-02-28 09:00:00,0.41484400629997253,0.542616
2019-02-27,2019-02-28 09:15:00,0.2460940033197403,0.4057148
2019-02-27,2019-02-28 09:30:00,0.140625,0.24300407
2019-02-27,2019-02-28 09:45:00,0.05624999850988388,0.12104232
2019-02-27,2019-02-28 10:00:00,0.0,0.020708151
2019-02-27,2019-02-28 10:15:00,0.0,0.0
2019-02-27,2019-02-28 10:30:00,0.0,0.0
2019-02-27,2019-02-28 10:45:00,0.0,0.0
2019-02-27,2019-02-28 11:00:00,0.0,0.0
2019-02-27,2019-02-28 11:15:00,0.0,0.0
2019-02-27,2019-02-28 11:30:00,0.0,0.0
2019-02-27,2019-02-28 11:45:00,0.0,0.0
2019-02-27,2019-02-28 12:00:00,0.0,0.0
2019-02-27,2019-02-28 12:15:00,0.0,0.0
2019-02-27,2019-02-28 12:30:00,0.0,0.0
2019-02-27,2019-02-28 12:45:00,0.0,0.0
2019-02-27,2019-02-28 13:00:00,0.0,0.0
2019-02-27,2019-02-28 13:15:00,0.0,0.0
2019-02-27,2019-02-28 13:30:00,0.0,0.0
2019-02-27,2019-02-28 13:45:00,0.0,0.0
2019-02-27,2019-02-28 14:00:00,0.0,0.0
2019-02-27,2019-02-28 14:15:00,0.0,0.0
2019-02-27,2019-02-28 14:30:00,0.0,0.0
2019-02-27,2019-02-28 14:45:00,0.0,0.0
2019-02-27,2019-02-28 15:00:00,0.0,0.0
2019-02-27,2019-02-28 15:15:00,0.0,0.0
2019-02-27,2019-02-28 15:30:00,0.0,0.0
2019-02-27,2019-02-28 15:45:00,0.0,0.0
2019-02-27,2019-02-28 16:00:00,0.0,0.0
2019-02-27,2019-02-28 16:15:00,0.0,0.0
2019-02-27,2019-02-28 16:30:00,0.0,0.0
2019-02-27,2019-02-28 16:45:00,0.0,0.0
2019-02-27,2019-02-28 17:00:00,0.0,0.0
2019-02-27,2019-02-28 17:15:00,0.0,0.0
2019-02-27,2019-02-28 17:30:00,0.0,0.0
2019-02-27,2019-02-28 17:45:00,0.0,0.0
2019-02-27,2019-02-28 18:00:00,0.0,0.0
2019-02-27,2019-02-28 18:15:00,0.0,0.0
2019-02-27,2019-02-28 18:30:00,0.0,0.0
2019-02-27,2019-02-28 18:45:00,0.0,0.0
2019-02-27,2019-02-28 19:00:00,0.0,0.0
2019-02-27,2019-02-28 19:15:00,0.0,0.0
2019-02-27,2019-02-28 19:30:00,0.0,0.0
2019-02-27,2019-02-28 19:45:00,0.0,0.0
2019-02-27,2019-02-28 20:00:00,0.0,0.0
2019-02-27,2019-02-28 20:15:00,0.0,0.0
2019-02-27,2019-02-28 20:30:00,0.0,0.0
2019-02-27,2019-02-28 20:45:00,0.0,0.0
2019-02-27,2019-02-28 21:00:00,0.0,0.0
2019-02-27,2019-02-28 21:15:00,0.0,0.0
2019-02-27,2019-02-28 21:30:00,0.0,0.0
2019-02-27,2019-02-28 21:45:00,0.0,0.0
2019-02-27,2019-02-28 22:00:00,0.0,0.0
2019-02-27,2019-02-28 22:15:00,0.0,0.0
2019-02-27,2019-02-28 22:30:00,0.0,0.0
2019-02-27,2019-02-28 22:45:00,0.0,0.0
2019-02-27,2019-02-28 23:00:00,0.0,0.0
2019-02-27,2019-02-28 23:15:00,0.04570300132036209,0.02728872
2019-02-27,2019-02-28 23:30:00,0.11953099817037582,0.13451292
2019-02-27,2019-02-28 23:45:00,0.2460940033197403,0.18859328
2019-05-24,2019-05-25 00:00:00,1.8949220180511475,1.8243153
2019-05-24,2019-05-25 00:15:00,2.133984088897705,2.0366054
2019-05-24,2019-05-25 00:30:00,2.3765621185302734,2.2260954
2019-05-24,2019-05-25 00:45:00,2.6050779819488525,2.5141613
2019-05-24,2019-05-25 01:00:00,2.8687500953674316,2.6268365
2019-05-24,2019-05-25 01:15:00,3.0796871185302734,2.8556943
2019-05-24,2019-05-25 01:30:00,3.244921922683716,3.0423799
2019-05-24,2019-05-25 01:45:00,3.417186975479126,3.1076121
2019-05-24,2019-05-25 02:00:00,3.5542969703674316,3.3370187
2019-05-24,2019-05-25 02:15:00,3.684375047683716,3.3602974
2019-05-24,2019-05-25 02:30:00,3.7722649574279785,3.4872167
2019-05-24,2019-05-25 02:45:00,3.81093692779541,3.518602
2019-05-24,2019-05-25 03:00:00,3.8460938930511475,3.4984136
2019-05-24,2019-05-25 03:15:00,3.779297113418579,3.414816
2019-05-24,2019-05-25 03:30:00,3.726562023162842,3.526233
2019-05-24,2019-05-25 03:45:00,3.645703077316284,3.537796
2019-05-24,2019-05-25 04:00:00,3.645703077316284,3.5725672
2019-05-24,2019-05-25 04:15:00,3.6175780296325684,3.4058251
2019-05-24,2019-05-25 04:30:00,3.6140620708465576,3.5495212
2019-05-24,2019-05-25 04:45:00,3.666796922683716,3.4384606
2019-05-24,2019-05-25 05:00:00,3.522655963897705,3.3366473
2019-05-24,2019-05-25 05:15:00,3.698436975479126,3.2933304
2019-05-24,2019-05-25 05:30:00,3.568358898162842,3.168382
2019-05-24,2019-05-25 05:45:00,3.649219036102295,3.1690457
2019-05-24,2019-05-25 06:00:00,3.6140620708465576,3.1958358
2019-05-24,2019-05-25 06:15:00,3.4769530296325684,3.05641
2019-05-24,2019-05-25 06:30:00,3.540234088897705,3.025993
2019-05-24,2019-05-25 06:45:00,3.4066410064697266,2.8589575
2019-05-24,2019-05-25 07:00:00,3.339843988418579,2.6113734
2019-05-24,2019-05-25 07:15:00,3.1921870708465576,2.6040404
2019-05-24,2019-05-25 07:30:00,3.0093750953674316,2.4588728
2019-05-24,2019-05-25 07:45:00,2.7914059162139893,2.2434108
2019-05-24,2019-05-25 08:00:00,2.489063024520874,2.0714047
2019-05-24,2019-05-25 08:15:00,2.548827886581421,1.9339164
2019-05-24,2019-05-25 08:30:00,2.1937499046325684,1.6939399
2019-05-24,2019-05-25 08:45:00,1.5679689645767212,1.3756044
2019-05-24,2019-05-25 09:00:00,1.4589840173721313,1.1212142
2019-05-24,2019-05-25 09:15:00,0.6468750238418579,0.8856619
2019-05-24,2019-05-25 09:30:00,1.399219036102295,0.76496875
2019-05-24,2019-05-25 09:45:00,0.8964840173721313,0.5485737
2019-05-24,2019-05-25 10:00:00,0.611719012260437,0.33189476
2019-05-24,2019-05-25 10:15:00,0.5554689764976501,0.18128556
2019-05-24,2019-05-25 10:30:00,0.14414100348949432,0.18583275
2019-05-24,2019-05-25 10:45:00,0.16875000298023224,0.064266115
2019-05-24,2019-05-25 11:00:00,0.08789099752902985,0.025462776
2019-05-24,2019-05-25 11:15:00,0.0,0.0
2019-05-24,2019-05-25 11:30:00,0.0,0.0
2019-05-24,2019-05-25 11:45:00,0.0,0.0
2019-05-24,2019-05-25 12:00:00,0.0,0.0
2019-05-24,2019-05-25 12:15:00,0.0,0.009373021
2019-05-24,2019-05-25 12:30:00,0.0,0.0
2019-05-24,2019-05-25 12:45:00,0.0,0.0
2019-05-24,2019-05-25 13:00:00,0.0,0.0
2019-05-24,2019-05-25 13:15:00,0.0,0.0
2019-05-24,2019-05-25 13:30:00,0.0,0.0
2019-05-24,2019-05-25 13:45:00,0.0,0.0
2019-05-24,2019-05-25 14:00:00,0.0,0.034188736
2019-05-24,2019-05-25 14:15:00,0.0,0.0
2019-05-24,2019-05-25 14:30:00,0.0,0.0
2019-05-24,2019-05-25 14:45:00,0.0,0.0
2019-05-24,2019-05-25 15:00:00,0.0,0.0
2019-05-24,2019-05-25 15:15:00,0.0,0.0
2019-05-24,2019-05-25 15:30:00,0.0,0.0
2019-05-24,2019-05-25 15:45:00,0.0,0.0
2019-05-24,2019-05-25 16:00:00,0.0,0.0
2019-05-24,2019-05-25 16:15:00,0.0,0.0
2019-05-24,2019-05-25 16:30:00,0.0,0.0
2019-05-24,2019-05-25 16:45:00,0.0,0.0
2019-05-24,2019-05-25 17:00:00,0.0,0.0
2019-05-24,2019-05-25 17:15:00,0.0,0.0
2019-05-24,2019-05-25 17:30:00,0.0,0.0
2019-05-24,2019-05-25 17:45:00,0.0,0.0
2019-05-24,2019-05-25 18:00:00,0.0,0.0
2019-05-24,2019-05-25 18:15:00,0.0,0.0
2019-05-24,2019-05-25 18:30:00,0.0,0.0
2019-05-24,2019-05-25 18:45:00,0.0,0.0
2019-05-24,2019-05-25 19:00:00,0.0,0.0
2019-05-24,2019-05-25 19:15:00,0.0,0.0
2019-05-24,2019-05-25 19:30:00,0.0,0.0
2019-05-24,2019-05-25 19:45:00,0.0,0.0
2019-05-24,2019-05-25 20:00:00,0.0,0.0
2019-05-24,2019-05-25 20:15:00,0.0,0.00379435
2019-05-24,2019-05-25 20:30:00,0.0,0.0
2019-05-24,2019-05-25 20:45:00,0.0,0.11237307
2019-05-24,2019-05-25 21:00:00,0.0,0.0384592
2019-05-24,2019-05-25 21:15:00,0.0,0.06495394
2019-05-24,2019-05-25 21:30:00,0.05624999850988388,0.15231878
2019-05-24,2019-05-25 21:45:00,0.1300780028104782,0.1616059
2019-05-24,2019-05-25 22:00:00,0.24960899353027344,0.19992098
2019-05-24,2019-05-25 22:15:00,0.3550780117511749,0.38200498
2019-05-24,2019-05-25 22:30:00,0.541405975818634,0.46146235
2019-05-24,2019-05-25 22:45:00,0.7734379768371582,0.55595446
2019-05-24,2019-05-25 23:00:00,0.9527339935302734,0.79473835
2019-05-24,2019-05-25 23:15:00,1.033594012260437,0.91200405
2019-05-24,2019-05-25 23:30:00,1.209375023841858,1.0585248
2019-05-24,2019-05-25 23:45:00,1.4730470180511475,1.2941155
2019-05-25,2019-05-26 00:00:00,1.6734369993209839,1.5704312
2019-05-25,2019-05-26 00:15:00,1.9582029581069946,1.7803669
2019-05-25,2019-05-26 00:30:00,1.5996090173721313,1.9887986
2019-05-25,2019-05-26 00:45:00,2.0882809162139893,2.1935582
2019-05-25,2019-05-26 01:00:00,2.6121089458465576,2.310793
2019-05-25,2019-05-26 01:15:00,2.784374952316284,2.5012982
2019-05-25,2019-05-26 01:30:00,2.661328077316284,2.6197567
2019-05-25,2019-05-26 01:45:00,3.0128910541534424,2.725964
2019-05-25,2019-05-26 02:00:00,3.487499952316284,2.897399
2019-05-25,2019-05-26 02:15:00,1.9546869993209839,2.9132025
2019-05-25,2019-05-26 02:30:00,3.2554690837860107,3.0106702
2019-05-25,2019-05-26 02:45:00,3.5613279342651367,3.0625396
2019-05-25,2019-05-26 03:00:00,1.9652340412139893,3.1202974
2019-05-25,2019-05-26 03:15:00,2.337891101837158,3.0721514
2019-05-25,2019-05-26 03:30:00,2.5101559162139893,3.143634
2019-05-25,2019-05-26 03:45:00,2.12343692779541,3.2078915
2019-05-25,2019-05-26 04:00:00,3.2941410541534424,3.1860735
2019-05-25,2019-05-26 04:15:00,3.2660160064697266,3.1942422
2019-05-25,2019-05-26 04:30:00,2.373047113418579,3.2135003
2019-05-25,2019-05-26 04:45:00,3.779297113418579,3.1731129
2019-05-25,2019-05-26 05:00:00,3.4910149574279785,3.105311
2019-05-25,2019-05-26 05:15:00,3.287108898162842,2.9966078
2019-05-25,2019-05-26 05:30:00,2.696484088897705,2.9587524
2019-05-25,2019-05-26 05:45:00,1.3957029581069946,2.9303713
2019-05-25,2019-05-26 06:00:00,2.647265911102295,2.9584324
2019-05-25,2019-05-26 06:15:00,1.7613279819488525,2.8768108
2019-05-25,2019-05-26 06:30:00,2.96718692779541,2.808492
2019-05-25,2019-05-26 06:45:00,2.8968749046325684,2.6912284
2019-05-25,2019-05-26 07:00:00,2.6578121185302734,2.526373
2019-05-25,2019-05-26 07:15:00,2.661328077316284,2.476367
2019-05-25,2019-05-26 07:30:00,2.489063024520874,2.320526
2019-05-25,2019-05-26 07:45:00,0.48515599966049194,2.1896327
2019-05-25,2019-05-26 08:00:00,0.5273439884185791,2.0145843
2019-05-25,2019-05-26 08:15:00,0.7804690003395081,1.9066663
2019-05-25,2019-05-26 08:30:00,0.24960899353027344,1.6298642
2019-05-25,2019-05-26 08:45:00,1.2023439407348633,1.4020284
2019-05-25,2019-05-26 09:00:00,1.2761720418930054,1.2074696
2019-05-25,2019-05-26 09:15:00,1.2339839935302734,0.9859307
2019-05-25,2019-05-26 09:30:00,0.9175779819488525,0.80752087
2019-05-25,2019-05-26 09:45:00,0.46054700016975403,0.61787486
2019-05-25,2019-05-26 10:00:00,0.42890599370002747,0.418482
2019-05-25,2019-05-26 10:15:00,0.5519530177116394,0.29095972
2019-05-25,2019-05-26 10:30:00,0.052733998745679855,0.23021258
2019-05-25,2019-05-26 10:45:00,0.0,0.11091917
2019-05-25,2019-05-26 11:00:00,0.0,0.06772272
2019-05-25,2019-05-26 11:15:00,0.0,0.0
2019-05-25,2019-05-26 11:30:00,0.0,0.0
2019-05-25,2019-05-26 11:45:00,0.0,0.0
2019-05-25,2019-05-26 12:00:00,0.0,0.0
2019-05-25,2019-05-26 12:15:00,0.0,0.0
2019-05-25,2019-05-26 12:30:00,0.0,0.0
2019-05-25,2019-05-26 12:45:00,0.0,0.0
2019-05-25,2019-05-26 13:00:00,0.0,0.0
2019-05-25,2019-05-26 13:15:00,0.0,0.019228896
2019-05-25,2019-05-26 13:30:00,0.0,0.0
2019-05-25,2019-05-26 13:45:00,0.0,0.0
2019-05-25,2019-05-26 14:00:00,0.0,0.009259921
2019-05-25,2019-05-26 14:15:00,0.0,0.011947871
2019-05-25,2019-05-26 14:30:00,0.0,0.0
2019-05-25,2019-05-26 14:45:00,0.0,0.0
2019-05-25,2019-05-26 15:00:00,0.0,0.0
2019-05-25,2019-05-26 15:15:00,0.0,0.0
2019-05-25,2019-05-26 15:30:00,0.0,0.0
2019-05-25,2019-05-26 15:45:00,0.0,0.0
2019-05-25,2019-05-26 16:00:00,0.0,0.0
2019-05-25,2019-05-26 16:15:00,0.0,0.0
2019-05-25,2019-05-26 16:30:00,0.0,0.0
2019-05-25,2019-05-26 16:45:00,0.0,0.0
2019-05-25,2019-05-26 17:00:00,0.0,0.0
2019-05-25,2019-05-26 17:15:00,0.0,0.0
2019-05-25,2019-05-26 17:30:00,0.0,0.0
2019-05-25,2019-05-26 17:45:00,0.0,0.0
2019-05-25,2019-05-26 18:00:00,0.0,0.0
2019-05-25,2019-05-26 18:15:00,0.0,0.0
2019-05-25,2019-05-26 18:30:00,0.0,0.0
2019-05-25,2019-05-26 18:45:00,0.0,0.0
2019-05-25,2019-05-26 19:00:00,0.0,0.0
2019-05-25,2019-05-26 19:15:00,0.0,0.0
2019-05-25,2019-05-26 19:30:00,0.0,0.0
2019-05-25,2019-05-26 19:45:00,0.0,0.0
2019-05-25,2019-05-26 20:00:00,0.0,0.0
2019-05-25,2019-05-26 20:15:00,0.0,0.0
2019-05-25,2019-05-26 20:30:00,0.0,0.0
2019-05-25,2019-05-26 20:45:00,0.0,0.0
2019-05-25,2019-05-26 21:00:00,0.0,0.0
2019-05-25,2019-05-26 21:15:00,0.014062000438570976,0.0
2019-05-25,2019-05-26 21:30:00,0.021093999966979027,0.0090039885
2019-05-25,2019-05-26 21:45:00,0.1757809966802597,0.012226623
2019-05-25,2019-05-26 22:00:00,0.291797012090683,0.09959502
2019-05-25,2019-05-26 22:15:00,0.4675779938697815,0.19226219
2019-05-25,2019-05-26 22:30:00,0.5695310235023499,0.26815766
2019-05-25,2019-05-26 22:45:00,1.0300780534744263,0.38637978
2019-05-25,2019-05-26 23:00:00,1.3957029581069946,0.5485898
2019-05-25,2019-05-26 23:15:00,1.4273439645767212,0.6495762
2019-05-25,2019-05-26 23:30:00,1.8562500476837158,0.84248435
2019-05-25,2019-05-26 23:45:00,2.1585938930511475,0.96955293
2019-05-26,2019-05-27 00:00:00,1.8878910541534424,2.0814288
2019-05-26,2019-05-27 00:15:00,1.863281011581421,2.322765
2019-05-26,2019-05-27 00:30:00,2.700000047683716,2.5721328
2019-05-26,2019-05-27 00:45:00,2.9390621185302734,2.8592849
2019-05-26,2019-05-27 01:00:00,3.550781011581421,2.9923291
2019-05-26,2019-05-27 01:15:00,3.8425779342651367,3.1980793
2019-05-26,2019-05-27 01:30:00,3.8425779342651367,3.3724656
2019-05-26,2019-05-27 01:45:00,4.23281192779541,3.444758
2019-05-26,2019-05-27 02:00:00,4.545702934265137,3.6257737
2019-05-26,2019-05-27 02:15:00,4.682812213897705,3.619372
2019-05-26,2019-05-27 02:30:00,4.633594036102295,3.7069883
2019-05-26,2019-05-27 02:45:00,4.7390618324279785,3.7267804
2019-05-26,2019-05-27 03:00:00,4.900781154632568,3.7439537
2019-05-26,2019-05-27 03:15:00,4.964062213897705,3.690932
2019-05-26,2019-05-27 03:30:00,4.92539119720459,3.7893972
2019-05-26,2019-05-27 03:45:00,4.865624904632568,3.8253517
2019-05-26,2019-05-27 04:00:00,4.798828125,3.8034747
2019-05-26,2019-05-27 04:15:00,4.6160149574279785,3.7990048
2019-05-26,2019-05-27 04:30:00,4.50351619720459,3.8654096
2019-05-26,2019-05-27 04:45:00,4.387499809265137,3.8291898
2019-05-26,2019-05-27 05:00:00,4.278514862060547,3.6946185
2019-05-26,2019-05-27 05:15:00,4.36289119720459,3.5979865
2019-05-26,2019-05-27 05:30:00,4.187108993530273,3.561183
2019-05-26,2019-05-27 05:45:00,4.169530868530273,3.5436895
2019-05-26,2019-05-27 06:00:00,3.9410150051116943,3.5728881
2019-05-26,2019-05-27 06:15:00,3.6421871185302734,3.4669952
2019-05-26,2019-05-27 06:30:00,3.4769530296325684,3.4141598
2019-05-26,2019-05-27 06:45:00,2.7281250953674316,3.2367814
2019-05-26,2019-05-27 07:00:00,1.2199219465255737,3.0502262
2019-05-26,2019-05-27 07:15:00,3.8882811069488525,2.953979
2019-05-26,2019-05-27 07:30:00,3.5929689407348633,2.761721
2019-05-26,2019-05-27 07:45:00,3.4699220657348633,2.5750663
2019-05-26,2019-05-27 08:00:00,2.5101559162139893,2.3455951
2019-05-26,2019-05-27 08:15:00,2.0179688930511475,2.1764
2019-05-26,2019-05-27 08:30:00,2.1691410541534424,1.8372931
2019-05-26,2019-05-27 08:45:00,2.2113280296325684,1.5496548
2019-05-26,2019-05-27 09:00:00,0.935155987739563,1.3422022
2019-05-26,2019-05-27 09:15:00,1.40625,1.0856341
2019-05-26,2019-05-27 09:30:00,1.0863280296325684,0.8733646
2019-05-26,2019-05-27 09:45:00,0.9527339935302734,0.6521153
2019-05-26,2019-05-27 10:00:00,0.6433590054512024,0.4634415
2019-05-26,2019-05-27 10:15:00,0.5871090292930603,0.2888127
2019-05-26,2019-05-27 10:30:00,0.48515599966049194,0.20215398
2019-05-26,2019-05-27 10:45:00,0.40781301259994507,0.014309682
2019-05-26,2019-05-27 11:00:00,0.2003909945487976,0.02925262
2019-05-26,2019-05-27 11:15:00,0.007031000219285488,0.0
2019-05-26,2019-05-27 11:30:00,0.0,0.0
2019-05-26,2019-05-27 11:45:00,0.0,0.0
2019-05-26,2019-05-27 12:00:00,0.0,0.0
2019-05-26,2019-05-27 12:15:00,0.0,0.0
2019-05-26,2019-05-27 12:30:00,0.0,0.0
2019-05-26,2019-05-27 12:45:00,0.0,0.0
2019-05-26,2019-05-27 13:00:00,0.0,0.0
2019-05-26,2019-05-27 13:15:00,0.0,0.0
2019-05-26,2019-05-27 13:30:00,0.0,0.0
2019-05-26,2019-05-27 13:45:00,0.0,0.0
2019-05-26,2019-05-27 14:00:00,0.0,0.0
2019-05-26,2019-05-27 14:15:00,0.0,0.0
2019-05-26,2019-05-27 14:30:00,0.0,0.0
2019-05-26,2019-05-27 14:45:00,0.0,0.0
2019-05-26,2019-05-27 15:00:00,0.0,0.0
2019-05-26,2019-05-27 15:15:00,0.0,0.0
2019-05-26,2019-05-27 15:30:00,0.0,0.0
2019-05-26,2019-05-27 15:45:00,0.0,0.0
2019-05-26,2019-05-27 16:00:00,0.0,0.0
2019-05-26,2019-05-27 16:15:00,0.0,0.0
2019-05-26,2019-05-27 16:30:00,0.0,0.0
2019-05-26,2019-05-27 16:45:00,0.0,0.0
2019-05-26,2019-05-27 17:00:00,0.0,0.0
2019-05-26,2019-05-27 17:15:00,0.0,0.0
2019-05-26,2019-05-27 17:30:00,0.0,0.0
2019-05-26,2019-05-27 17:45:00,0.0,0.0
2019-05-26,2019-05-27 18:00:00,0.0,0.0
2019-05-26,2019-05-27 18:15:00,0.0,0.0
2019-05-26,2019-05-27 18:30:00,0.0,0.0
2019-05-26,2019-05-27 18:45:00,0.0,0.0
2019-05-26,2019-05-27 19:00:00,0.0,0.0
2019-05-26,2019-05-27 19:15:00,0.0,0.0
2019-05-26,2019-05-27 19:30:00,0.0,0.0
2019-05-26,2019-05-27 19:45:00,0.0,0.0
2019-05-26,2019-05-27 20:00:00,0.0,0.0
2019-05-26,2019-05-27 20:15:00,0.0,0.0
2019-05-26,2019-05-27 20:30:00,0.0,0.0
2019-05-26,2019-05-27 20:45:00,0.0,0.0
2019-05-26,2019-05-27 21:00:00,0.0,0.0
2019-05-26,2019-05-27 21:15:00,0.042187999933958054,0.0
2019-05-26,2019-05-27 21:30:00,0.1757809966802597,0.017198456
2019-05-26,2019-05-27 21:45:00,0.22499999403953552,0.0011392556
2019-05-26,2019-05-27 22:00:00,0.330469012260437,0.12313216
2019-05-26,2019-05-27 22:15:00,0.4781250059604645,0.25799838
2019-05-26,2019-05-27 22:30:00,0.703125,0.38993633
2019-05-26,2019-05-27 22:45:00,0.935155987739563,0.5614713
2019-05-26,2019-05-27 23:00:00,1.2269530296325684,0.78827685
2019-05-26,2019-05-27 23:15:00,1.539844036102295,0.9863324
2019-05-26,2019-05-27 23:30:00,1.8562500476837158,1.2051967
2019-05-26,2019-05-27 23:45:00,2.12343692779541,1.4102418
2019-05-27,2019-05-28 00:00:00,2.4117190837860107,2.2597125
2019-05-27,2019-05-28 00:15:00,2.682421922683716,2.4867392
2019-05-27,2019-05-28 00:30:00,2.9214839935302734,2.771336
2019-05-27,2019-05-28 00:45:00,3.164062023162842,3.0468304
2019-05-27,2019-05-28 01:00:00,3.3714840412139893,3.2446811
2019-05-27,2019-05-28 01:15:00,3.5789060592651367,3.5168524
2019-05-27,2019-05-28 01:30:00,3.7195310592651367,3.6987107
2019-05-27,2019-05-28 01:45:00,3.8953120708465576,3.8252428
2019-05-27,2019-05-28 02:00:00,4.004296779632568,4.0247335
2019-05-27,2019-05-28 02:15:00,3.9375,4.0742006
2019-05-27,2019-05-28 02:30:00,4.018359184265137,4.1957273
2019-05-27,2019-05-28 02:45:00,4.095703125,4.246051
2019-05-27,2019-05-28 03:00:00,4.130858898162842,4.3194895
2019-05-27,2019-05-28 03:15:00,4.229297161102295,4.2671723
2019-05-27,2019-05-28 03:30:00,4.257421970367432,4.3636436
2019-05-27,2019-05-28 03:45:00,4.267969131469727,4.4524693
2019-05-27,2019-05-28 04:00:00,4.21523380279541,4.4060717
2019-05-27,2019-05-28 04:15:00,4.225780963897705,4.4071484
2019-05-27,2019-05-28 04:30:00,4.123827934265137,4.4535356
2019-05-27,2019-05-28 04:45:00,4.106249809265137,4.4397535
2019-05-27,2019-05-28 05:00:00,4.162499904632568,4.3032694
2019-05-27,2019-05-28 05:15:00,4.141406059265137,4.186124
2019-05-27,2019-05-28 05:30:00,4.123827934265137,4.128051
2019-05-27,2019-05-28 05:45:00,4.088672161102295,4.0976367
2019-05-27,2019-05-28 06:00:00,4.011328220367432,4.0970635
2019-05-27,2019-05-28 06:15:00,3.9691410064697266,4.047877
2019-05-27,2019-05-28 06:30:00,3.979686975479126,3.9930456
2019-05-27,2019-05-28 06:45:00,3.8460938930511475,3.806956
2019-05-27,2019-05-28 07:00:00,3.761718988418579,3.5775232
2019-05-27,2019-05-28 07:15:00,3.6140620708465576,3.5029936
2019-05-27,2019-05-28 07:30:00,3.4242188930511475,3.3377957
2019-05-27,2019-05-28 07:45:00,3.216797113418579,3.1302574
2019-05-27,2019-05-28 08:00:00,3.0269529819488525,2.965193
2019-05-27,2019-05-28 08:15:00,2.7703120708465576,2.7947967
2019-05-27,2019-05-28 08:30:00,2.53125,2.46415
2019-05-27,2019-05-28 08:45:00,2.267577886581421,2.0923839
2019-05-27,2019-05-28 09:00:00,1.96875,1.8955365
2019-05-27,2019-05-28 09:15:00,1.6734369993209839,1.6130303
2019-05-27,2019-05-28 09:30:00,1.3675780296325684,1.3391826
2019-05-27,2019-05-28 09:45:00,1.068750023841858,1.0932579
2019-05-27,2019-05-28 10:00:00,0.8015620112419128,0.8346923
2019-05-27,2019-05-28 10:15:00,0.5484369993209839,0.6110334
2019-05-27,2019-05-28 10:30:00,0.26718801259994507,0.47512683
2019-05-27,2019-05-28 10:45:00,0.15820300579071045,0.26124248
2019-05-27,2019-05-28 11:00:00,0.10195299983024597,0.16460148
2019-05-27,2019-05-28 11:15:00,0.014062000438570976,0.058140427
2019-05-27,2019-05-28 11:30:00,0.0,0.0
2019-05-27,2019-05-28 11:45:00,0.0,0.0
2019-05-27,2019-05-28 12:00:00,0.0,0.0
2019-05-27,2019-05-28 12:15:00,0.0,0.0
2019-05-27,2019-05-28 12:30:00,0.0,0.0
2019-05-27,2019-05-28 12:45:00,0.0,0.0
2019-05-27,2019-05-28 13:00:00,0.0,0.0
2019-05-27,2019-05-28 13:15:00,0.0,0.0
2019-05-27,2019-05-28 13:30:00,0.0,0.0
2019-05-27,2019-05-28 13:45:00,0.0,0.0
2019-05-27,2019-05-28 14:00:00,0.0,0.0
2019-05-27,2019-05-28 14:15:00,0.0,0.0
2019-05-27,2019-05-28 14:30:00,0.0,0.0
2019-05-27,2019-05-28 14:45:00,0.0,0.0
2019-05-27,2019-05-28 15:00:00,0.0,0.0
2019-05-27,2019-05-28 15:15:00,0.0,0.0
2019-05-27,2019-05-28 15:30:00,0.0,0.0
2019-05-27,2019-05-28 15:45:00,0.0,0.0
2019-05-27,2019-05-28 16:00:00,0.0,0.0
2019-05-27,2019-05-28 16:15:00,0.0,0.0
2019-05-27,2019-05-28 16:30:00,0.0,0.0
2019-05-27,2019-05-28 16:45:00,0.0,0.0
2019-05-27,2019-05-28 17:00:00,0.0,0.0
2019-05-27,2019-05-28 17:15:00,0.0,0.0
2019-05-27,2019-05-28 17:30:00,0.0,0.0
2019-05-27,2019-05-28 17:45:00,0.0,0.0
2019-05-27,2019-05-28 18:00:00,0.0,0.0
2019-05-27,2019-05-28 18:15:00,0.0,0.0
2019-05-27,2019-05-28 18:30:00,0.0,0.0
2019-05-27,2019-05-28 18:45:00,0.0,0.0
2019-05-27,2019-05-28 19:00:00,0.0,0.0
2019-05-27,2019-05-28 19:15:00,0.0,0.0
2019-05-27,2019-05-28 19:30:00,0.0,0.0
2019-05-27,2019-05-28 19:45:00,0.0,0.0
2019-05-27,2019-05-28 20:00:00,0.0,0.0
2019-05-27,2019-05-28 20:15:00,0.0,0.0
2019-05-27,2019-05-28 20:30:00,0.0,0.0
2019-05-27,2019-05-28 20:45:00,0.0,0.0
2019-05-27,2019-05-28 21:00:00,0.0,0.0
2019-05-27,2019-05-28 21:15:00,0.003515999997034669,0.0
2019-05-27,2019-05-28 21:30:00,0.07734400033950806,0.0
2019-05-27,2019-05-28 21:45:00,0.140625,0.0
2019-05-27,2019-05-28 22:00:00,0.2566410005092621,0.09517031
2019-05-27,2019-05-28 22:15:00,0.39375001192092896,0.2670935
2019-05-27,2019-05-28 22:30:00,0.6082029938697815,0.35804638
2019-05-27,2019-05-28 22:45:00,0.8507810235023499,0.5215972
2019-05-27,2019-05-28 23:00:00,1.1074219942092896,0.75168157
2019-05-27,2019-05-28 23:15:00,1.399219036102295,0.94803953
2019-05-27,2019-05-28 23:30:00,1.6875,1.158111
2019-05-27,2019-05-28 23:45:00,1.9792970418930054,1.4041402
2019-05-28,2019-05-29 00:00:00,2.26406192779541,2.070316
2019-05-28,2019-05-29 00:15:00,2.538280963897705,2.3159733
2019-05-28,2019-05-29 00:30:00,2.7878899574279785,2.590506
2019-05-28,2019-05-29 00:45:00,3.0093750953674316,2.8709557
2019-05-28,2019-05-29 01:00:00,3.223828077316284,3.0183685
2019-05-28,2019-05-29 01:15:00,3.4347660541534424,3.2886765
2019-05-28,2019-05-29 01:30:00,3.5999999046325684,3.4448912
2019-05-28,2019-05-29 01:45:00,3.708983898162842,3.5742698
2019-05-28,2019-05-29 02:00:00,3.839061975479126,3.7510622
2019-05-28,2019-05-29 02:15:00,3.909374952316284,3.7827098
2019-05-28,2019-05-29 02:30:00,3.9867188930511475,3.875357
2019-05-28,2019-05-29 02:45:00,4.032422065734863,3.9443693
2019-05-28,2019-05-29 03:00:00,4.050000190734863,4.005185
2019-05-28,2019-05-29 03:15:00,4.071094036102295,3.9268634
2019-05-28,2019-05-29 03:30:00,4.085155963897705,4.0080185
2019-05-28,2019-05-29 03:45:00,4.06406307220459,4.078735
2019-05-28,2019-05-29 04:00:00,4.028905868530273,4.02888
2019-05-28,2019-05-29 04:15:00,4.014842987060547,4.0617404
2019-05-28,2019-05-29 04:30:00,4.102734088897705,4.0651836
2019-05-28,2019-05-29 04:45:00,4.07460880279541,4.041603
2019-05-28,2019-05-29 05:00:00,4.120312213897705,3.9193113
2019-05-28,2019-05-29 05:15:00,4.099218845367432,3.8026333
2019-05-28,2019-05-29 05:30:00,4.057031154632568,3.7585032
2019-05-28,2019-05-29 05:45:00,4.109766006469727,3.7226572
2019-05-28,2019-05-29 06:00:00,4.130858898162842,3.7302725
2019-05-28,2019-05-29 06:15:00,3.744141101837158,3.6541984
2019-05-28,2019-05-29 06:30:00,3.948046922683716,3.6140292
2019-05-28,2019-05-29 06:45:00,3.796875,3.463912
2019-05-28,2019-05-29 07:00:00,3.385546922683716,3.239714
2019-05-28,2019-05-29 07:15:00,3.779297113418579,3.1757612
2019-05-28,2019-05-29 07:30:00,3.5648438930511475,2.9833164
2019-05-28,2019-05-29 07:45:00,3.128906011581421,2.8382244
2019-05-28,2019-05-29 08:00:00,2.2957029342651367,2.6062229
2019-05-28,2019-05-29 08:15:00,3.216797113418579,2.4379096
2019-05-28,2019-05-29 08:30:00,2.6578121185302734,2.0938215
2019-05-28,2019-05-29 08:45:00,2.54531192779541,1.7957612
2019-05-28,2019-05-29 09:00:00,2.1304690837860107,1.5888531
2019-05-28,2019-05-29 09:15:00,1.835155963897705,1.321394
2019-05-28,2019-05-29 09:30:00,1.5433590412139893,1.0459906
2019-05-28,2019-05-29 09:45:00,0.8085939884185791,0.821137
2019-05-28,2019-05-29 10:00:00,0.4007810056209564,0.5770966
2019-05-28,2019-05-29 10:15:00,0.41835901141166687,0.41157767
2019-05-28,2019-05-29 10:30:00,0.37968701124191284,0.3185617
2019-05-28,2019-05-29 10:45:00,0.18281200528144836,0.1457966
2019-05-28,2019-05-29 11:00:00,0.11953099817037582,0.0931447
2019-05-28,2019-05-29 11:15:00,0.042187999933958054,0.0010303627
2019-05-28,2019-05-29 11:30:00,0.0,0.0
2019-05-28,2019-05-29 11:45:00,0.0,0.0
2019-05-28,2019-05-29 12:00:00,0.0,0.0
2019-05-28,2019-05-29 12:15:00,0.0,0.0
2019-05-28,2019-05-29 12:30:00,0.0,0.0
2019-05-28,2019-05-29 12:45:00,0.0,0.0
2019-05-28,2019-05-29 13:00:00,0.0,0.0
2019-05-28,2019-05-29 13:15:00,0.0,0.009628638
2019-05-28,2019-05-29 13:30:00,0.0,0.0
2019-05-28,2019-05-29 13:45:00,0.0,0.0
2019-05-28,2019-05-29 14:00:00,0.0,0.032920495
2019-05-28,2019-05-29 14:15:00,0.0,0.038389444
2019-05-28,2019-05-29 14:30:00,0.0,0.0
2019-05-28,2019-05-29 14:45:00,0.0,0.0
2019-05-28,2019-05-29 15:00:00,0.0,0.0
2019-05-28,2019-05-29 15:15:00,0.0,0.0
2019-05-28,2019-05-29 15:30:00,0.0,0.0
2019-05-28,2019-05-29 15:45:00,0.0,0.0
2019-05-28,2019-05-29 16:00:00,0.0,0.0
2019-05-28,2019-05-29 16:15:00,0.0,0.0
2019-05-28,2019-05-29 16:30:00,0.0,0.0
2019-05-28,2019-05-29 16:45:00,0.0,0.0
2019-05-28,2019-05-29 17:00:00,0.0,0.0
2019-05-28,2019-05-29 17:15:00,0.0,0.0
2019-05-28,2019-05-29 17:30:00,0.0,0.0
2019-05-28,2019-05-29 17:45:00,0.0,0.0
2019-05-28,2019-05-29 18:00:00,0.0,0.0
2019-05-28,2019-05-29 18:15:00,0.0,0.0
2019-05-28,2019-05-29 18:30:00,0.0,0.0
2019-05-28,2019-05-29 18:45:00,0.0,0.0
2019-05-28,2019-05-29 19:00:00,0.0,0.0
2019-05-28,2019-05-29 19:15:00,0.0,0.0
2019-05-28,2019-05-29 19:30:00,0.0,0.0
2019-05-28,2019-05-29 19:45:00,0.0,0.0
2019-05-28,2019-05-29 20:00:00,0.0,0.0
2019-05-28,2019-05-29 20:15:00,0.0,0.0
2019-05-28,2019-05-29 20:30:00,0.0,0.0
2019-05-28,2019-05-29 20:45:00,0.0,0.0
2019-05-28,2019-05-29 21:00:00,0.0,0.0
2019-05-28,2019-05-29 21:15:00,0.0,0.0
2019-05-28,2019-05-29 21:30:00,0.0,0.0
2019-05-28,2019-05-29 21:45:00,0.19335900247097015,0.0
2019-05-28,2019-05-29 22:00:00,0.3023439943790436,0.100347176
2019-05-28,2019-05-29 22:15:00,0.43945300579071045,0.22786282
2019-05-28,2019-05-29 22:30:00,0.4816409945487976,0.32506958
2019-05-28,2019-05-29 22:45:00,0.583594024181366,0.47703773
2019-05-28,2019-05-29 23:00:00,0.984375,0.6556984
2019-05-28,2019-05-29 23:15:00,0.8121089935302734,0.8418249
2019-05-28,2019-05-29 23:30:00,1.364061951637268,1.1057522
2019-05-28,2019-05-29 23:45:00,1.4343750476837158,1.2756392
2019-05-29,2019-05-30 00:00:00,1.9300780296325684,1.6318332
2019-05-29,2019-05-30 00:15:00,2.383594036102295,1.8852254
2019-05-29,2019-05-30 00:30:00,2.4468750953674316,2.12764
2019-05-29,2019-05-30 00:45:00,2.707031011581421,2.3434331
2019-05-29,2019-05-30 01:00:00,3.058593988418579,2.4870038
2019-05-29,2019-05-30 01:15:00,3.2660160064697266,2.7346818
2019-05-29,2019-05-30 01:30:00,3.487499952316284,2.8507109
2019-05-29,2019-05-30 01:45:00,3.666796922683716,2.9961143
2019-05-29,2019-05-30 02:00:00,3.8636720180511475,3.1576602
2019-05-29,2019-05-30 02:15:00,3.909374952316284,3.2000508
2019-05-29,2019-05-30 02:30:00,3.9937500953674316,3.2890577
2019-05-29,2019-05-30 02:45:00,3.8777339458465576,3.392814
2019-05-29,2019-05-30 03:00:00,4.158984184265137,3.4655776
2019-05-29,2019-05-30 03:15:00,4.187108993530273,3.4100175
2019-05-29,2019-05-30 03:30:00,4.08164119720459,3.5014503
2019-05-29,2019-05-30 03:45:00,4.09218692779541,3.6103928
2019-05-29,2019-05-30 04:00:00,3.8917970657348633,3.60095
2019-05-29,2019-05-30 04:15:00,3.779297113418579,3.6199968
2019-05-29,2019-05-30 04:30:00,2.900391101837158,3.6438463
2019-05-29,2019-05-30 04:45:00,3.3785150051116943,3.6515157
2019-05-29,2019-05-30 05:00:00,3.0093750953674316,3.546469
2019-05-29,2019-05-30 05:15:00,4.07460880279541,3.454915
2019-05-29,2019-05-30 05:30:00,3.9128899574279785,3.4084058
2019-05-29,2019-05-30 05:45:00,3.7300779819488525,3.3721602
2019-05-29,2019-05-30 06:00:00,3.3082029819488525,3.398069
2019-05-29,2019-05-30 06:15:00,3.8777339458465576,3.327203
2019-05-29,2019-05-30 06:30:00,2.267577886581421,3.29885
2019-05-29,2019-05-30 06:45:00,1.357030987739563,3.145621
2019-05-29,2019-05-30 07:00:00,2.664844036102295,2.9205668
2019-05-29,2019-05-30 07:15:00,2.506640911102295,2.8670306
2019-05-29,2019-05-30 07:30:00,3.4769530296325684,2.689467
2019-05-29,2019-05-30 07:45:00,3.1535160541534424,2.5430593
2019-05-29,2019-05-30 08:00:00,2.963671922683716,2.3793023
2019-05-29,2019-05-30 08:15:00,2.6261720657348633,2.233208
2019-05-29,2019-05-30 08:30:00,2.3238279819488525,1.9313462
2019-05-29,2019-05-30 08:45:00,2.0355470180511475,1.6623312
2019-05-29,2019-05-30 09:00:00,1.7156250476837158,1.446773
2019-05-29,2019-05-30 09:15:00,1.4800779819488525,1.2012341
2019-05-29,2019-05-30 09:30:00,1.2410160303115845,0.9724527
2019-05-29,2019-05-30 09:45:00,0.9105470180511475,0.7598097
2019-05-29,2019-05-30 10:00:00,0.7136719822883606,0.5364877
2019-05-29,2019-05-30 10:15:00,0.5238280296325684,0.35457656
2019-05-29,2019-05-30 10:30:00,0.37968701124191284,0.3098592
2019-05-29,2019-05-30 10:45:00,0.2566410005092621,0.13667257
2019-05-29,2019-05-30 11:00:00,0.15468700230121613,0.09090643
2019-05-29,2019-05-30 11:15:00,0.014062000438570976,0.0
2019-05-29,2019-05-30 11:30:00,0.0,0.0
2019-05-29,2019-05-30 11:45:00,0.0,0.0
2019-05-29,2019-05-30 12:00:00,0.0,0.0
2019-05-29,2019-05-30 12:15:00,0.0,0.0
2019-05-29,2019-05-30 12:30:00,0.0,0.0
2019-05-29,2019-05-30 12:45:00,0.0,0.0
2019-05-29,2019-05-30 13:00:00,0.0,0.0
2019-05-29,2019-05-30 13:15:00,0.0,0.0053303656
2019-05-29,2019-05-30 13:30:00,0.0,0.0
2019-05-29,2019-05-30 13:45:00,0.0,0.0
2019-05-29,2019-05-30 14:00:00,0.0,0.01707297
2019-05-29,2019-05-30 14:15:00,0.0,0.0
2019-05-29,2019-05-30 14:30:00,0.0,0.0
2019-05-29,2019-05-30 14:45:00,0.0,0.0
2019-05-29,2019-05-30 15:00:00,0.0,0.0
2019-05-29,2019-05-30 15:15:00,0.0,0.0
2019-05-29,2019-05-30 15:30:00,0.0,0.0
2019-05-29,2019-05-30 15:45:00,0.0,0.0
2019-05-29,2019-05-30 16:00:00,0.0,0.0
2019-05-29,2019-05-30 16:15:00,0.0,0.0
2019-05-29,2019-05-30 16:30:00,0.0,0.0
2019-05-29,2019-05-30 16:45:00,0.0,0.0
2019-05-29,2019-05-30 17:00:00,0.0,0.0
2019-05-29,2019-05-30 17:15:00,0.0,0.0
2019-05-29,2019-05-30 17:30:00,0.0,0.0
2019-05-29,2019-05-30 17:45:00,0.0,0.0
2019-05-29,2019-05-30 18:00:00,0.0,0.0
2019-05-29,2019-05-30 18:15:00,0.0,0.0
2019-05-29,2019-05-30 18:30:00,0.0,0.0
2019-05-29,2019-05-30 18:45:00,0.0,0.0
2019-05-29,2019-05-30 19:00:00,0.0,0.0
2019-05-29,2019-05-30 19:15:00,0.0,0.0
2019-05-29,2019-05-30 19:30:00,0.0,0.0
2019-05-29,2019-05-30 19:45:00,0.0,0.0
2019-05-29,2019-05-30 20:00:00,0.0,0.0
2019-05-29,2019-05-30 20:15:00,0.0,0.0
2019-05-29,2019-05-30 20:30:00,0.0,0.0
2019-05-29,2019-05-30 20:45:00,0.0,0.0
2019-05-29,2019-05-30 21:00:00,0.0,0.0
2019-05-29,2019-05-30 21:15:00,0.024608999490737915,0.0
2019-05-29,2019-05-30 21:30:00,0.0,0.043197703
2019-05-29,2019-05-30 21:45:00,0.18984399735927582,0.065436795
2019-05-29,2019-05-30 22:00:00,0.29882800579071045,0.18259954
2019-05-29,2019-05-30 22:15:00,0.46054700016975403,0.29470268
2019-05-29,2019-05-30 22:30:00,0.6609370112419128,0.3861235
2019-05-29,2019-05-30 22:45:00,0.864844024181366,0.52884036
2019-05-29,2019-05-30 23:00:00,1.1566410064697266,0.6721134
2019-05-29,2019-05-30 23:15:00,1.4343750476837158,0.8316274
2019-05-29,2019-05-30 23:30:00,1.7121089696884155,1.0633157
2019-05-29,2019-05-30 23:45:00,2.0144529342651367,1.2179686
2019-05-30,2019-05-31 00:00:00,2.260546922683716,2.0372496
2019-05-30,2019-05-31 00:15:00,2.5101559162139893,2.269919
2019-05-30,2019-05-31 00:30:00,2.7667970657348633,2.533872
2019-05-30,2019-05-31 00:45:00,2.9988279342651367,2.8439996
2019-05-30,2019-05-31 01:00:00,3.2308590412139893,2.9762092
2019-05-30,2019-05-31 01:15:00,3.4382810592651367,3.215582
2019-05-30,2019-05-31 01:30:00,3.568358898162842,3.3880694
2019-05-30,2019-05-31 01:45:00,3.744141101837158,3.5039682
2019-05-30,2019-05-31 02:00:00,3.902343988418579,3.7043753
2019-05-30,2019-05-31 02:15:00,4.014842987060547,3.7089586
2019-05-30,2019-05-31 02:30:00,4.095703125,3.81305
2019-05-30,2019-05-31 02:45:00,4.169530868530273,3.8752582
2019-05-30,2019-05-31 03:00:00,4.23281192779541,3.9506056
2019-05-30,2019-05-31 03:15:00,4.22226619720459,3.8676214
2019-05-30,2019-05-31 03:30:00,4.169530868530273,3.966288
2019-05-30,2019-05-31 03:45:00,4.201171875,4.0283456
2019-05-30,2019-05-31 04:00:00,4.225780963897705,3.9616988
2019-05-30,2019-05-31 04:15:00,4.144921779632568,3.9887352
2019-05-30,2019-05-31 04:30:00,4.201171875,3.990101
2019-05-30,2019-05-31 04:45:00,4.09218692779541,3.951281
2019-05-30,2019-05-31 05:00:00,4.014842987060547,3.8304574
2019-05-30,2019-05-31 05:15:00,4.046483993530273,3.7086027
2019-05-30,2019-05-31 05:30:00,4.050000190734863,3.6646478
2019-05-30,2019-05-31 05:45:00,3.9128899574279785,3.634377
2019-05-30,2019-05-31 06:00:00,4.000781059265137,3.6556416
2019-05-30,2019-05-31 06:15:00,3.9410150051116943,3.5847583
2019-05-30,2019-05-31 06:30:00,3.8988280296325684,3.4991484
2019-05-30,2019-05-31 06:45:00,3.8636720180511475,3.35551
2019-05-30,2019-05-31 07:00:00,3.7160160541534424,3.1532187
2019-05-30,2019-05-31 07:15:00,2.988281011581421,3.0936992
2019-05-30,2019-05-31 07:30:00,2.460937976837158,2.8998713
2019-05-30,2019-05-31 07:45:00,2.882812023162842,2.7405498
2019-05-30,2019-05-31 08:00:00,1.680469036102295,2.5585177
2019-05-30,2019-05-31 08:15:00,1.026561975479126,2.4146051
2019-05-30,2019-05-31 08:30:00,1.3605469465255737,2.1131647
2019-05-30,2019-05-31 08:45:00,1.2480469942092896,1.8076766
2019-05-30,2019-05-31 09:00:00,2.3414061069488525,1.6252906
2019-05-30,2019-05-31 09:15:00,1.6488280296325684,1.3743367
2019-05-30,2019-05-31 09:30:00,1.089843988418579,1.1096156
2019-05-30,2019-05-31 09:45:00,0.7558590173721313,0.88547516
2019-05-30,2019-05-31 10:00:00,0.8753910064697266,0.66812
2019-05-30,2019-05-31 10:15:00,0.28125,0.4678019
2019-05-30,2019-05-31 10:30:00,0.3269529938697815,0.34911105
2019-05-30,2019-05-31 10:45:00,0.2214840054512024,0.14323951
2019-05-30,2019-05-31 11:00:00,0.1300780028104782,0.11310667
2019-05-30,2019-05-31 11:15:00,0.0,0.011572525
2019-05-30,2019-05-31 11:30:00,0.0,0.0
2019-05-30,2019-05-31 11:45:00,0.0,0.0
2019-05-30,2019-05-31 12:00:00,0.0,0.0
2019-05-30,2019-05-31 12:15:00,0.0,0.0
2019-05-30,2019-05-31 12:30:00,0.0,0.0
2019-05-30,2019-05-31 12:45:00,0.0,0.0
2019-05-30,2019-05-31 13:00:00,0.0,0.0
2019-05-30,2019-05-31 13:15:00,0.0,0.0
2019-05-30,2019-05-31 13:30:00,0.0,0.0
2019-05-30,2019-05-31 13:45:00,0.0,0.0
2019-05-30,2019-05-31 14:00:00,0.0,0.008523666
2019-05-30,2019-05-31 14:15:00,0.0,0.0
2019-05-30,2019-05-31 14:30:00,0.0,0.0
2019-05-30,2019-05-31 14:45:00,0.0,0.0
2019-05-30,2019-05-31 15:00:00,0.0,0.0
2019-05-30,2019-05-31 15:15:00,0.0,0.0
2019-05-30,2019-05-31 15:30:00,0.0,0.0
2019-05-30,2019-05-31 15:45:00,0.0,0.0
2019-05-30,2019-05-31 16:00:00,0.0,0.0
2019-05-30,2019-05-31 16:15:00,0.0,0.0
2019-05-30,2019-05-31 16:30:00,0.0,0.0
2019-05-30,2019-05-31 16:45:00,0.0,0.0
2019-05-30,2019-05-31 17:00:00,0.0,0.0
2019-05-30,2019-05-31 17:15:00,0.0,0.0
2019-05-30,2019-05-31 17:30:00,0.0,0.0
2019-05-30,2019-05-31 17:45:00,0.0,0.0
2019-05-30,2019-05-31 18:00:00,0.0,0.0
2019-05-30,2019-05-31 18:15:00,0.0,0.0
2019-05-30,2019-05-31 18:30:00,0.0,0.0
2019-05-30,2019-05-31 18:45:00,0.0,0.0
2019-05-30,2019-05-31 19:00:00,0.0,0.0
2019-05-30,2019-05-31 19:15:00,0.0,0.0
2019-05-30,2019-05-31 19:30:00,0.0,0.0
2019-05-30,2019-05-31 19:45:00,0.0,0.0
2019-05-30,2019-05-31 20:00:00,0.0,0.0
2019-05-30,2019-05-31 20:15:00,0.0,0.0
2019-05-30,2019-05-31 20:30:00,0.0,0.0
2019-05-30,2019-05-31 20:45:00,0.0,0.0
2019-05-30,2019-05-31 21:00:00,0.0,0.0
2019-05-30,2019-05-31 21:15:00,0.0,0.0
2019-05-30,2019-05-31 21:30:00,0.0,0.0
2019-05-30,2019-05-31 21:45:00,0.0,0.0
2019-05-30,2019-05-31 22:00:00,0.07734400033950806,0.0
2019-05-30,2019-05-31 22:15:00,0.16875000298023224,0.073677
2019-05-30,2019-05-31 22:30:00,0.34453099966049194,0.20434786
2019-05-30,2019-05-31 22:45:00,0.29882800579071045,0.3347532
2019-05-30,2019-05-31 23:00:00,0.3515619933605194,0.5431232
2019-05-30,2019-05-31 23:15:00,0.29531198740005493,0.7233075
2019-05-30,2019-05-31 23:30:00,0.5238280296325684,0.94747156
2019-05-30,2019-05-31 23:45:00,0.8332030177116394,1.1137991
2018-08-24,2018-08-25 00:00:00,1.321874976158142,1.2866265
2018-08-24,2018-08-25 00:15:00,1.5609370470046997,1.4794443
2018-08-24,2018-08-25 00:30:00,1.792968988418579,1.6891756
2018-08-24,2018-08-25 00:45:00,2.0179688930511475,1.857263
2018-08-24,2018-08-25 01:00:00,2.12343692779541,1.9942306
2018-08-24,2018-08-25 01:15:00,2.4117190837860107,2.1571841
2018-08-24,2018-08-25 01:30:00,2.654297113418579,2.3054757
2018-08-24,2018-08-25 01:45:00,2.794922113418579,2.3921583
2018-08-24,2018-08-25 02:00:00,2.9285149574279785,2.6111734
2018-08-24,2018-08-25 02:15:00,3.118359088897705,2.6517801
2018-08-24,2018-08-25 02:30:00,3.1957030296325684,2.7581608
2018-08-24,2018-08-25 02:45:00,3.462891101837158,2.8415458
2018-08-24,2018-08-25 03:00:00,3.5929689407348633,2.8887
2018-08-24,2018-08-25 03:15:00,3.6140620708465576,2.8086507
2018-08-24,2018-08-25 03:30:00,3.7828121185302734,2.9587808
2018-08-24,2018-08-25 03:45:00,3.526171922683716,3.0288959
2018-08-24,2018-08-25 04:00:00,2.8792970180511475,3.028091
2018-08-24,2018-08-25 04:15:00,2.496093988418579,3.0165157
2018-08-24,2018-08-25 04:30:00,4.028905868530273,3.048169
2018-08-24,2018-08-25 04:45:00,3.6949219703674316,3.0197213
2018-08-24,2018-08-25 05:00:00,2.9039061069488525,2.9248908
2018-08-24,2018-08-25 05:15:00,2.415234088897705,2.8647037
2018-08-24,2018-08-25 05:30:00,3.965625047683716,2.7670996
2018-08-24,2018-08-25 05:45:00,3.276561975479126,2.7707691
2018-08-24,2018-08-25 06:00:00,3.2132809162139893,2.7803094
2018-08-24,2018-08-25 06:15:00,2.629688024520874,2.6888013
2018-08-24,2018-08-25 06:30:00,1.7999999523162842,2.5624533
2018-08-24,2018-08-25 06:45:00,2.583983898162842,2.4489248
2018-08-24,2018-08-25 07:00:00,1.9933589696884155,2.2676399
2018-08-24,2018-08-25 07:15:00,1.9160159826278687,2.2223234
2018-08-24,2018-08-25 07:30:00,2.7527339458465576,2.0551152
2018-08-24,2018-08-25 07:45:00,1.8878910541534424,1.8888204
2018-08-24,2018-08-25 08:00:00,1.3816410303115845,1.7004855
2018-08-24,2018-08-25 08:15:00,1.8878910541534424,1.6201203
2018-08-24,2018-08-25 08:30:00,1.638280987739563,1.3483919
2018-08-24,2018-08-25 08:45:00,1.160156011581421,1.1212817
2018-08-24,2018-08-25 09:00:00,0.5589839816093445,0.9190728
2018-08-24,2018-08-25 09:15:00,0.8296869993209839,0.70270216
2018-08-24,2018-08-25 09:30:00,0.4429689943790436,0.5841123
2018-08-24,2018-08-25 09:45:00,0.33398398756980896,0.3548562
2018-08-24,2018-08-25 10:00:00,0.2355470061302185,0.2231997
2018-08-24,2018-08-25 10:15:00,0.16523399949073792,0.09072931
2018-08-24,2018-08-25 10:30:00,0.03867200016975403,0.05954166
2018-08-24,2018-08-25 10:45:00,0.0,0.0
2018-08-24,2018-08-25 11:00:00,0.0,0.0
2018-08-24,2018-08-25 11:15:00,0.0,0.0
2018-08-24,2018-08-25 11:30:00,0.0,0.0
2018-08-24,2018-08-25 11:45:00,0.0,0.0
2018-08-24,2018-08-25 12:00:00,0.0,0.0
2018-08-24,2018-08-25 12:15:00,0.0,0.0
2018-08-24,2018-08-25 12:30:00,0.0,0.0
2018-08-24,2018-08-25 12:45:00,0.0,0.0
2018-08-24,2018-08-25 13:00:00,0.0,0.0
2018-08-24,2018-08-25 13:15:00,0.0,0.0
2018-08-24,2018-08-25 13:30:00,0.0,0.0
2018-08-24,2018-08-25 13:45:00,0.0,0.0
2018-08-24,2018-08-25 14:00:00,0.0,1.2427269e-05
2018-08-24,2018-08-25 14:15:00,0.0,0.0
2018-08-24,2018-08-25 14:30:00,0.0,0.0
2018-08-24,2018-08-25 14:45:00,0.0,0.0
2018-08-24,2018-08-25 15:00:00,0.0,0.0
2018-08-24,2018-08-25 15:15:00,0.0,0.0
2018-08-24,2018-08-25 15:30:00,0.0,0.0
2018-08-24,2018-08-25 15:45:00,0.0,0.0
2018-08-24,2018-08-25 16:00:00,0.0,0.0
2018-08-24,2018-08-25 16:15:00,0.0,0.0
2018-08-24,2018-08-25 16:30:00,0.0,0.0
2018-08-24,2018-08-25 16:45:00,0.0,0.0
2018-08-24,2018-08-25 17:00:00,0.0,0.0
2018-08-24,2018-08-25 17:15:00,0.0,0.0
2018-08-24,2018-08-25 17:30:00,0.0,0.0
2018-08-24,2018-08-25 17:45:00,0.0,0.0
2018-08-24,2018-08-25 18:00:00,0.0,0.0
2018-08-24,2018-08-25 18:15:00,0.0,0.0
2018-08-24,2018-08-25 18:30:00,0.0,0.0
2018-08-24,2018-08-25 18:45:00,0.0,0.0
2018-08-24,2018-08-25 19:00:00,0.0,0.0
2018-08-24,2018-08-25 19:15:00,0.0,0.0
2018-08-24,2018-08-25 19:30:00,0.0,0.0
2018-08-24,2018-08-25 19:45:00,0.0,0.0
2018-08-24,2018-08-25 20:00:00,0.0,0.0
2018-08-24,2018-08-25 20:15:00,0.0,0.0
2018-08-24,2018-08-25 20:30:00,0.0,0.0
2018-08-24,2018-08-25 20:45:00,0.0,0.0
2018-08-24,2018-08-25 21:00:00,0.0,0.0
2018-08-24,2018-08-25 21:15:00,0.0,0.0
2018-08-24,2018-08-25 21:30:00,0.0,0.04337185
2018-08-24,2018-08-25 21:45:00,0.0,0.0068721925
2018-08-24,2018-08-25 22:00:00,0.0,0.10499994
2018-08-24,2018-08-25 22:15:00,0.031640999019145966,0.1553933
2018-08-24,2018-08-25 22:30:00,0.12304700165987015,0.23986636
2018-08-24,2018-08-25 22:45:00,0.17226600646972656,0.3499706
2018-08-24,2018-08-25 23:00:00,0.3550780117511749,0.51937187
2018-08-24,2018-08-25 23:15:00,0.6503909826278687,0.62503374
2018-08-24,2018-08-25 23:30:00,0.6398440003395081,0.727925
2018-08-24,2018-08-25 23:45:00,1.068750023841858,0.8668107
2018-08-25,2018-08-26 00:00:00,1.2867189645767212,1.1633888
2018-08-25,2018-08-26 00:15:00,1.504686951637268,1.4069937
2018-08-25,2018-08-26 00:30:00,1.7472660541534424,1.6347076
2018-08-25,2018-08-26 00:45:00,1.9160159826278687,1.9205649
2018-08-25,2018-08-26 01:00:00,2.1691410541534424,2.0773818
2018-08-25,2018-08-26 01:15:00,2.3097660541534424,2.3785748
2018-08-25,2018-08-26 01:30:00,2.636718988418579,2.5668485
2018-08-25,2018-08-26 01:45:00,2.7703120708465576,2.7373807
2018-08-25,2018-08-26 02:00:00,2.8722660541534424,3.0059931
2018-08-25,2018-08-26 02:15:00,3.086719036102295,3.1503837
2018-08-25,2018-08-26 02:30:00,3.1886720657348633,3.2681832
2018-08-25,2018-08-26 02:45:00,3.181641101837158,3.4071982
2018-08-25,2018-08-26 03:00:00,3.3257811069488525,3.5391557
2018-08-25,2018-08-26 03:15:00,3.3785150051116943,3.536077
2018-08-25,2018-08-26 03:30:00,3.357422113418579,3.6497693
2018-08-25,2018-08-26 03:45:00,3.38906192779541,3.750786
2018-08-25,2018-08-26 04:00:00,3.403125047683716,3.784242
2018-08-25,2018-08-26 04:15:00,3.4488279819488525,3.7666385
2018-08-25,2018-08-26 04:30:00,3.427733898162842,3.8523479
2018-08-25,2018-08-26 04:45:00,3.3960940837860107,3.7718813
2018-08-25,2018-08-26 05:00:00,3.2730469703674316,3.6920247
2018-08-25,2018-08-26 05:15:00,3.403125047683716,3.5640583
2018-08-25,2018-08-26 05:30:00,3.364453077316284,3.5110276
2018-08-25,2018-08-26 05:45:00,2.9742190837860107,3.4298098
2018-08-25,2018-08-26 06:00:00,3.058593988418579,3.4591482
2018-08-25,2018-08-26 06:15:00,2.0636720657348633,3.3214145
2018-08-25,2018-08-26 06:30:00,2.882812023162842,3.1784241
2018-08-25,2018-08-26 06:45:00,2.443358898162842,3.0411718
2018-08-25,2018-08-26 07:00:00,2.239453077316284,2.7940288
2018-08-25,2018-08-26 07:15:00,2.373047113418579,2.6817188
2018-08-25,2018-08-26 07:30:00,2.151561975479126,2.4546833
2018-08-25,2018-08-26 07:45:00,1.9933589696884155,2.2629547
2018-08-25,2018-08-26 08:00:00,1.7824219465255737,2.0692704
2018-08-25,2018-08-26 08:15:00,1.5785160064697266,1.9126
2018-08-25,2018-08-26 08:30:00,1.3921869993209839,1.6033026
2018-08-25,2018-08-26 08:45:00,1.019531011581421,1.3136954
2018-08-25,2018-08-26 09:00:00,0.44999998807907104,1.1218944
2018-08-25,2018-08-26 09:15:00,0.42539098858833313,0.93386155
2018-08-25,2018-08-26 09:30:00,0.37968701124191284,0.72951055
2018-08-25,2018-08-26 09:45:00,0.29882800579071045,0.51538175
2018-08-25,2018-08-26 10:00:00,0.291797012090683,0.35526067
2018-08-25,2018-08-26 10:15:00,0.1757809966802597,0.23770708
2018-08-25,2018-08-26 10:30:00,0.024608999490737915,0.1733705
2018-08-25,2018-08-26 10:45:00,0.0,0.03684637
2018-08-25,2018-08-26 11:00:00,0.0,0.030060885
2018-08-25,2018-08-26 11:15:00,0.0,0.0
2018-08-25,2018-08-26 11:30:00,0.0,0.0
2018-08-25,2018-08-26 11:45:00,0.0,0.0
2018-08-25,2018-08-26 12:00:00,0.0,0.0
2018-08-25,2018-08-26 12:15:00,0.0,0.0
2018-08-25,2018-08-26 12:30:00,0.0,0.0
2018-08-25,2018-08-26 12:45:00,0.0,0.0
2018-08-25,2018-08-26 13:00:00,0.0,0.0
2018-08-25,2018-08-26 13:15:00,0.0,0.0
2018-08-25,2018-08-26 13:30:00,0.0,0.0
2018-08-25,2018-08-26 13:45:00,0.0,0.0
2018-08-25,2018-08-26 14:00:00,0.0,0.02270174
2018-08-25,2018-08-26 14:15:00,0.0,0.010921727
2018-08-25,2018-08-26 14:30:00,0.0,0.017000074
2018-08-25,2018-08-26 14:45:00,0.0,0.0069032917
2018-08-25,2018-08-26 15:00:00,0.0,0.0
2018-08-25,2018-08-26 15:15:00,0.0,0.0
2018-08-25,2018-08-26 15:30:00,0.0,0.0
2018-08-25,2018-08-26 15:45:00,0.0,0.0
2018-08-25,2018-08-26 16:00:00,0.0,0.0
2018-08-25,2018-08-26 16:15:00,0.0,0.0
2018-08-25,2018-08-26 16:30:00,0.0,0.0
2018-08-25,2018-08-26 16:45:00,0.0,0.003127022
2018-08-25,2018-08-26 17:00:00,0.0,0.0
2018-08-25,2018-08-26 17:15:00,0.0,0.0
2018-08-25,2018-08-26 17:30:00,0.0,0.0
2018-08-25,2018-08-26 17:45:00,0.0,0.0
2018-08-25,2018-08-26 18:00:00,0.0,0.0
2018-08-25,2018-08-26 18:15:00,0.0,0.0
2018-08-25,2018-08-26 18:30:00,0.0,0.0
2018-08-25,2018-08-26 18:45:00,0.0,0.0
2018-08-25,2018-08-26 19:00:00,0.0,0.0
2018-08-25,2018-08-26 19:15:00,0.0,0.0
2018-08-25,2018-08-26 19:30:00,0.0,0.0
2018-08-25,2018-08-26 19:45:00,0.0,0.0
2018-08-25,2018-08-26 20:00:00,0.0,0.0
2018-08-25,2018-08-26 20:15:00,0.0,0.0
2018-08-25,2018-08-26 20:30:00,0.0,0.0
2018-08-25,2018-08-26 20:45:00,0.0,0.0
2018-08-25,2018-08-26 21:00:00,0.0,0.0
2018-08-25,2018-08-26 21:15:00,0.0,0.0
2018-08-25,2018-08-26 21:30:00,0.0,0.0
2018-08-25,2018-08-26 21:45:00,0.0,0.0
2018-08-25,2018-08-26 22:00:00,0.0,0.019775653
2018-08-25,2018-08-26 22:15:00,0.0,0.08195842
2018-08-25,2018-08-26 22:30:00,0.20390599966049194,0.13712642
2018-08-25,2018-08-26 22:45:00,0.31992200016975403,0.22242187
2018-08-25,2018-08-26 23:00:00,0.46054700016975403,0.35373223
2018-08-25,2018-08-26 23:15:00,0.6328120231628418,0.4852086
2018-08-25,2018-08-26 23:30:00,0.8824219703674316,0.65185094
2018-08-25,2018-08-26 23:45:00,1.125,0.8542688
2018-08-26,2018-08-27 00:00:00,1.2972660064697266,1.312364
2018-08-26,2018-08-27 00:15:00,1.181249976158142,1.534051
2018-08-26,2018-08-27 00:30:00,1.8878910541534424,1.7607375
2018-08-26,2018-08-27 00:45:00,2.021483898162842,2.0049396
2018-08-26,2018-08-27 01:00:00,2.285156011581421,2.133567
2018-08-26,2018-08-27 01:15:00,2.478516101837158,2.3620028
2018-08-26,2018-08-27 01:30:00,2.6578121185302734,2.5160534
2018-08-26,2018-08-27 01:45:00,2.8441410064697266,2.6613119
2018-08-26,2018-08-27 02:00:00,3.121875047683716,2.8361418
2018-08-26,2018-08-27 02:15:00,3.287108898162842,2.902673
2018-08-26,2018-08-27 02:30:00,2.3097660541534424,3.0242176
2018-08-26,2018-08-27 02:45:00,3.427733898162842,3.1101573
2018-08-26,2018-08-27 03:00:00,2.2113280296325684,3.1935475
2018-08-26,2018-08-27 03:15:00,3.4699220657348633,3.1173837
2018-08-26,2018-08-27 03:30:00,3.1500000953674316,3.242473
2018-08-26,2018-08-27 03:45:00,3.410156011581421,3.2939034
2018-08-26,2018-08-27 04:00:00,4.151953220367432,3.3031595
2018-08-26,2018-08-27 04:15:00,3.67031192779541,3.2971964
2018-08-26,2018-08-27 04:30:00,3.5964839458465576,3.3115625
2018-08-26,2018-08-27 04:45:00,3.7230470180511475,3.2311335
2018-08-26,2018-08-27 05:00:00,2.5804688930511475,3.143026
2018-08-26,2018-08-27 05:15:00,2.696484088897705,3.0261776
2018-08-26,2018-08-27 05:30:00,4.310155868530273,2.9686785
2018-08-26,2018-08-27 05:45:00,2.8441410064697266,2.9092264
2018-08-26,2018-08-27 06:00:00,3.4839839935302734,2.9087691
2018-08-26,2018-08-27 06:15:00,3.5964839458465576,2.7637708
2018-08-26,2018-08-27 06:30:00,3.3363280296325684,2.6285844
2018-08-26,2018-08-27 06:45:00,3.367969036102295,2.491559
2018-08-26,2018-08-27 07:00:00,3.0269529819488525,2.2931125
2018-08-26,2018-08-27 07:15:00,3.0550780296325684,2.2208865
2018-08-26,2018-08-27 07:30:00,2.8968749046325684,1.9715664
2018-08-26,2018-08-27 07:45:00,2.7351560592651367,1.8278506
2018-08-26,2018-08-27 08:00:00,2.3765621185302734,1.6124961
2018-08-26,2018-08-27 08:15:00,1.7015620470046997,1.5089326
2018-08-26,2018-08-27 08:30:00,2.2886719703674316,1.1975063
2018-08-26,2018-08-27 08:45:00,2.0144529342651367,0.9652038
2018-08-26,2018-08-27 09:00:00,0.6679689884185791,0.8130996
2018-08-26,2018-08-27 09:15:00,0.5695310235023499,0.6297597
2018-08-26,2018-08-27 09:30:00,0.5695310235023499,0.47251573
2018-08-26,2018-08-27 09:45:00,0.4921880066394806,0.31751245
2018-08-26,2018-08-27 10:00:00,0.42890599370002747,0.17590389
2018-08-26,2018-08-27 10:15:00,0.15820300579071045,0.096028514
2018-08-26,2018-08-27 10:30:00,0.03515600040555,0.03751439
2018-08-26,2018-08-27 10:45:00,0.0,0.0
2018-08-26,2018-08-27 11:00:00,0.0,0.0
2018-08-26,2018-08-27 11:15:00,0.0,0.0
2018-08-26,2018-08-27 11:30:00,0.0,0.0
2018-08-26,2018-08-27 11:45:00,0.0,0.0
2018-08-26,2018-08-27 12:00:00,0.0,0.0
2018-08-26,2018-08-27 12:15:00,0.0,0.0
2018-08-26,2018-08-27 12:30:00,0.0,0.0
2018-08-26,2018-08-27 12:45:00,0.0,0.0
2018-08-26,2018-08-27 13:00:00,0.0,0.0
2018-08-26,2018-08-27 13:15:00,0.0,0.0
2018-08-26,2018-08-27 13:30:00,0.0,0.0
2018-08-26,2018-08-27 13:45:00,0.0,0.0
2018-08-26,2018-08-27 14:00:00,0.0,0.0
2018-08-26,2018-08-27 14:15:00,0.0,0.0
2018-08-26,2018-08-27 14:30:00,0.0,0.0
2018-08-26,2018-08-27 14:45:00,0.0,0.0
2018-08-26,2018-08-27 15:00:00,0.0,0.0
2018-08-26,2018-08-27 15:15:00,0.0,0.0
2018-08-26,2018-08-27 15:30:00,0.0,0.0
2018-08-26,2018-08-27 15:45:00,0.0,0.0
2018-08-26,2018-08-27 16:00:00,0.0,0.0
2018-08-26,2018-08-27 16:15:00,0.0,0.0
2018-08-26,2018-08-27 16:30:00,0.0,0.0
2018-08-26,2018-08-27 16:45:00,0.0,0.0
2018-08-26,2018-08-27 17:00:00,0.0,0.0
2018-08-26,2018-08-27 17:15:00,0.0,0.0
2018-08-26,2018-08-27 17:30:00,0.0,0.0
2018-08-26,2018-08-27 17:45:00,0.0,0.0
2018-08-26,2018-08-27 18:00:00,0.0,0.0
2018-08-26,2018-08-27 18:15:00,0.0,0.0
2018-08-26,2018-08-27 18:30:00,0.0,0.0
2018-08-26,2018-08-27 18:45:00,0.0,0.0
2018-08-26,2018-08-27 19:00:00,0.0,0.0
2018-08-26,2018-08-27 19:15:00,0.0,0.0
2018-08-26,2018-08-27 19:30:00,0.0,0.0
2018-08-26,2018-08-27 19:45:00,0.0,0.0
2018-08-26,2018-08-27 20:00:00,0.0,0.0
2018-08-26,2018-08-27 20:15:00,0.0,0.0
2018-08-26,2018-08-27 20:30:00,0.0,0.0
2018-08-26,2018-08-27 20:45:00,0.0,0.0
2018-08-26,2018-08-27 21:00:00,0.0,0.0
2018-08-26,2018-08-27 21:15:00,0.0,0.0
2018-08-26,2018-08-27 21:30:00,0.0,0.0
2018-08-26,2018-08-27 21:45:00,0.0,0.0
2018-08-26,2018-08-27 22:00:00,0.003515999997034669,0.0
2018-08-26,2018-08-27 22:15:00,0.0,0.0024728004
2018-08-26,2018-08-27 22:30:00,0.19687500596046448,0.0644121
2018-08-26,2018-08-27 22:45:00,0.31992200016975403,0.15714738
2018-08-26,2018-08-27 23:00:00,0.3410159945487976,0.31965828
2018-08-26,2018-08-27 23:15:00,0.5519530177116394,0.4259213
2018-08-26,2018-08-27 23:30:00,0.5660160183906555,0.61510396
2018-08-26,2018-08-27 23:45:00,0.731249988079071,0.7473529
2018-08-27,2018-08-28 00:00:00,0.935155987739563,0.9256542
2018-08-27,2018-08-28 00:15:00,1.8738280534744263,1.0847245
2018-08-27,2018-08-28 00:30:00,1.2269530296325684,1.2622881
2018-08-27,2018-08-28 00:45:00,1.4660160541534424,1.4735755
2018-08-27,2018-08-28 01:00:00,1.7507810592651367,1.584251
2018-08-27,2018-08-28 01:15:00,2.742187976837158,1.7705786
2018-08-27,2018-08-28 01:30:00,2.8441410064697266,1.9209911
2018-08-27,2018-08-28 01:45:00,3.065624952316284,2.0246966
2018-08-27,2018-08-28 02:00:00,3.258984088897705,2.2262325
2018-08-27,2018-08-28 02:15:00,3.4066410064697266,2.2956758
2018-08-27,2018-08-28 02:30:00,3.5999999046325684,2.4056637
2018-08-27,2018-08-28 02:45:00,3.628124952316284,2.5179603
2018-08-27,2018-08-28 03:00:00,3.6597650051116943,2.6153104
2018-08-27,2018-08-28 03:15:00,3.7335939407348633,2.5256524
2018-08-27,2018-08-28 03:30:00,3.789844036102295,2.7053812
2018-08-27,2018-08-28 03:45:00,3.7828121185302734,2.7474492
2018-08-27,2018-08-28 04:00:00,3.867187976837158,2.7385721
2018-08-27,2018-08-28 04:15:00,3.825000047683716,2.746458
2018-08-27,2018-08-28 04:30:00,3.786328077316284,2.7516832
2018-08-27,2018-08-28 04:45:00,3.796875,2.7190156
2018-08-27,2018-08-28 05:00:00,3.744141101837158,2.5965948
2018-08-27,2018-08-28 05:15:00,3.6527340412139893,2.5087404
2018-08-27,2018-08-28 05:30:00,3.628124952316284,2.4959624
2018-08-27,2018-08-28 05:45:00,3.5964839458465576,2.4459784
2018-08-27,2018-08-28 06:00:00,3.515625,2.4799225
2018-08-27,2018-08-28 06:15:00,3.4347660541534424,2.3419623
2018-08-27,2018-08-28 06:30:00,3.3257811069488525,2.2155454
2018-08-27,2018-08-28 06:45:00,3.1851561069488525,2.1206722
2018-08-27,2018-08-28 07:00:00,3.0164060592651367,1.9839723
2018-08-27,2018-08-28 07:15:00,2.840625047683716,1.8775886
2018-08-27,2018-08-28 07:30:00,2.629688024520874,1.7184618
2018-08-27,2018-08-28 07:45:00,2.425781011581421,1.5741718
2018-08-27,2018-08-28 08:00:00,2.1832029819488525,1.404385
2018-08-27,2018-08-28 08:15:00,1.9160159826278687,1.3554918
2018-08-27,2018-08-28 08:30:00,1.680469036102295,1.0764115
2018-08-27,2018-08-28 08:45:00,1.4449219703674316,0.9140682
2018-08-27,2018-08-28 09:00:00,1.1496089696884155,0.73595846
2018-08-27,2018-08-28 09:15:00,0.9246090054512024,0.57052815
2018-08-27,2018-08-28 09:30:00,0.6785159707069397,0.47328722
2018-08-27,2018-08-28 09:45:00,0.4781250059604645,0.28104308
2018-08-27,2018-08-28 10:00:00,0.3023439943790436,0.13941668
2018-08-27,2018-08-28 10:15:00,0.16171899437904358,0.084831804
2018-08-27,2018-08-28 10:30:00,0.03867200016975403,0.0
2018-08-27,2018-08-28 10:45:00,0.0,0.0
2018-08-27,2018-08-28 11:00:00,0.0,0.0
2018-08-27,2018-08-28 11:15:00,0.0,0.0
2018-08-27,2018-08-28 11:30:00,0.0,0.0
2018-08-27,2018-08-28 11:45:00,0.0,0.0
2018-08-27,2018-08-28 12:00:00,0.0,0.0
2018-08-27,2018-08-28 12:15:00,0.0,0.0
2018-08-27,2018-08-28 12:30:00,0.0,0.0
2018-08-27,2018-08-28 12:45:00,0.0,0.0
2018-08-27,2018-08-28 13:00:00,0.0,0.0
2018-08-27,2018-08-28 13:15:00,0.0,0.009388106
2018-08-27,2018-08-28 13:30:00,0.0,0.011604606
2018-08-27,2018-08-28 13:45:00,0.0,0.0
2018-08-27,2018-08-28 14:00:00,0.0,0.009503651
2018-08-27,2018-08-28 14:15:00,0.0,0.030227248
2018-08-27,2018-08-28 14:30:00,0.0,0.0
2018-08-27,2018-08-28 14:45:00,0.0,0.0
2018-08-27,2018-08-28 15:00:00,0.0,0.0
2018-08-27,2018-08-28 15:15:00,0.0,0.0
2018-08-27,2018-08-28 15:30:00,0.0,0.0
2018-08-27,2018-08-28 15:45:00,0.0,0.0
2018-08-27,2018-08-28 16:00:00,0.0,0.0
2018-08-27,2018-08-28 16:15:00,0.0,0.0
2018-08-27,2018-08-28 16:30:00,0.0,0.0
2018-08-27,2018-08-28 16:45:00,0.0,0.0
2018-08-27,2018-08-28 17:00:00,0.0,0.0
2018-08-27,2018-08-28 17:15:00,0.0,0.0
2018-08-27,2018-08-28 17:30:00,0.0,0.0
2018-08-27,2018-08-28 17:45:00,0.0,0.0
2018-08-27,2018-08-28 18:00:00,0.0,0.0
2018-08-27,2018-08-28 18:15:00,0.0,0.0
2018-08-27,2018-08-28 18:30:00,0.0,0.0
2018-08-27,2018-08-28 18:45:00,0.0,0.0
2018-08-27,2018-08-28 19:00:00,0.0,0.0
2018-08-27,2018-08-28 19:15:00,0.0,0.0
2018-08-27,2018-08-28 19:30:00,0.0,0.0
2018-08-27,2018-08-28 19:45:00,0.0,0.0
2018-08-27,2018-08-28 20:00:00,0.0,0.0
2018-08-27,2018-08-28 20:15:00,0.0,0.0
2018-08-27,2018-08-28 20:30:00,0.0,0.0
2018-08-27,2018-08-28 20:45:00,0.0,0.0
2018-08-27,2018-08-28 21:00:00,0.0,0.0
2018-08-27,2018-08-28 21:15:00,0.0,0.0
2018-08-27,2018-08-28 21:30:00,0.0,0.0
2018-08-27,2018-08-28 21:45:00,0.0,0.0
2018-08-27,2018-08-28 22:00:00,0.0,0.0
2018-08-27,2018-08-28 22:15:00,0.0,0.0
2018-08-27,2018-08-28 22:30:00,0.0,0.042906135
2018-08-27,2018-08-28 22:45:00,0.21796900033950806,0.102212235
2018-08-27,2018-08-28 23:00:00,0.3164060115814209,0.29674023
2018-08-27,2018-08-28 23:15:00,0.3058589994907379,0.37356368
2018-08-27,2018-08-28 23:30:00,0.28125,0.46492752
2018-08-27,2018-08-28 23:45:00,0.4007810056209564,0.5591608
2018-08-28,2018-08-29 00:00:00,0.28828099370002747,0.6903685
2018-08-28,2018-08-29 00:15:00,0.5203120112419128,0.88380325
2018-08-28,2018-08-29 00:30:00,0.7593749761581421,1.123357
2018-08-28,2018-08-29 00:45:00,1.0863280296325684,1.3856026
2018-08-28,2018-08-29 01:00:00,1.3816410303115845,1.5406096
2018-08-28,2018-08-29 01:15:00,2.566406011581421,1.8223585
2018-08-28,2018-08-29 01:30:00,2.3871090412139893,2.0526078
2018-08-28,2018-08-29 01:45:00,2.292186975479126,2.242418
2018-08-28,2018-08-29 02:00:00,2.4398438930511475,2.484421
2018-08-28,2018-08-29 02:15:00,2.759766101837158,2.6327355
2018-08-28,2018-08-29 02:30:00,3.7828121185302734,2.8315816
2018-08-28,2018-08-29 02:45:00,3.786328077316284,3.018308
2018-08-28,2018-08-29 03:00:00,3.7722649574279785,3.2044706
2018-08-28,2018-08-29 03:15:00,3.638672113418579,3.2095387
2018-08-28,2018-08-29 03:30:00,3.7546870708465576,3.386551
2018-08-28,2018-08-29 03:45:00,3.779297113418579,3.5108225
2018-08-28,2018-08-29 04:00:00,3.67031192779541,3.5707352
2018-08-28,2018-08-29 04:15:00,3.6140620708465576,3.6112409
2018-08-28,2018-08-29 04:30:00,3.726562023162842,3.6583683
2018-08-28,2018-08-29 04:45:00,3.2941410541534424,3.6485095
2018-08-28,2018-08-29 05:00:00,3.5753910541534424,3.5501754
2018-08-28,2018-08-29 05:15:00,3.462891101837158,3.449241
2018-08-28,2018-08-29 05:30:00,3.3292970657348633,3.4521468
2018-08-28,2018-08-29 05:45:00,3.4382810592651367,3.3702493
2018-08-28,2018-08-29 06:00:00,3.5894529819488525,3.358302
2018-08-28,2018-08-29 06:15:00,3.5015621185302734,3.2505662
2018-08-28,2018-08-29 06:30:00,3.375,3.1407316
2018-08-28,2018-08-29 06:45:00,3.2554690837860107,3.0050936
2018-08-28,2018-08-29 07:00:00,3.086719036102295,2.7786307
2018-08-28,2018-08-29 07:15:00,2.924999952316284,2.6847908
2018-08-28,2018-08-29 07:30:00,2.682421922683716,2.4632695
2018-08-28,2018-08-29 07:45:00,2.460937976837158,2.2979062
2018-08-28,2018-08-29 08:00:00,2.197266101837158,2.0552802
2018-08-28,2018-08-29 08:15:00,1.9828120470046997,1.9172453
2018-08-28,2018-08-29 08:30:00,1.694530963897705,1.5539211
2018-08-28,2018-08-29 08:45:00,1.3957029581069946,1.3063006
2018-08-28,2018-08-29 09:00:00,1.1988279819488525,1.1313256
2018-08-28,2018-08-29 09:15:00,0.9492189884185791,0.91324204
2018-08-28,2018-08-29 09:30:00,0.7207030057907104,0.67844975
2018-08-28,2018-08-29 09:45:00,0.4886719882488251,0.4809545
2018-08-28,2018-08-29 10:00:00,0.3164060115814209,0.28992
2018-08-28,2018-08-29 10:15:00,0.17226600646972656,0.1913625
2018-08-28,2018-08-29 10:30:00,0.03867200016975403,0.1026599
2018-08-28,2018-08-29 10:45:00,0.0,0.0
2018-08-28,2018-08-29 11:00:00,0.0,0.0
2018-08-28,2018-08-29 11:15:00,0.0,0.0
2018-08-28,2018-08-29 11:30:00,0.0,0.0
2018-08-28,2018-08-29 11:45:00,0.0,0.0
2018-08-28,2018-08-29 12:00:00,0.0,0.0
2018-08-28,2018-08-29 12:15:00,0.0,0.0
2018-08-28,2018-08-29 12:30:00,0.0,0.0
2018-08-28,2018-08-29 12:45:00,0.0,0.0
2018-08-28,2018-08-29 13:00:00,0.0,0.000277983
2018-08-28,2018-08-29 13:15:00,0.0,0.008732023
2018-08-28,2018-08-29 13:30:00,0.0,0.0
2018-08-28,2018-08-29 13:45:00,0.0,0.0
2018-08-28,2018-08-29 14:00:00,0.0,0.009789479
2018-08-28,2018-08-29 14:15:00,0.0,0.03160679
2018-08-28,2018-08-29 14:30:00,0.0,0.0
2018-08-28,2018-08-29 14:45:00,0.0,0.0
2018-08-28,2018-08-29 15:00:00,0.0,0.0
2018-08-28,2018-08-29 15:15:00,0.0,0.0
2018-08-28,2018-08-29 15:30:00,0.0,0.0
2018-08-28,2018-08-29 15:45:00,0.0,0.0
2018-08-28,2018-08-29 16:00:00,0.0,0.0
2018-08-28,2018-08-29 16:15:00,0.0,0.0
2018-08-28,2018-08-29 16:30:00,0.0,0.0
2018-08-28,2018-08-29 16:45:00,0.0,0.0
2018-08-28,2018-08-29 17:00:00,0.0,0.0
2018-08-28,2018-08-29 17:15:00,0.0,0.0
2018-08-28,2018-08-29 17:30:00,0.0,0.0
2018-08-28,2018-08-29 17:45:00,0.0,0.0
2018-08-28,2018-08-29 18:00:00,0.0,0.0
2018-08-28,2018-08-29 18:15:00,0.0,0.0
2018-08-28,2018-08-29 18:30:00,0.0,0.0
2018-08-28,2018-08-29 18:45:00,0.0,0.0
2018-08-28,2018-08-29 19:00:00,0.0,0.0
2018-08-28,2018-08-29 19:15:00,0.0,0.0
2018-08-28,2018-08-29 19:30:00,0.0,0.0
2018-08-28,2018-08-29 19:45:00,0.0,0.0
2018-08-28,2018-08-29 20:00:00,0.0,0.0
2018-08-28,2018-08-29 20:15:00,0.0,0.0
2018-08-28,2018-08-29 20:30:00,0.0,0.0
2018-08-28,2018-08-29 20:45:00,0.0,0.0
2018-08-28,2018-08-29 21:00:00,0.0,0.0
2018-08-28,2018-08-29 21:15:00,0.0,0.0
2018-08-28,2018-08-29 21:30:00,0.0,0.0
2018-08-28,2018-08-29 21:45:00,0.0,0.0
2018-08-28,2018-08-29 22:00:00,0.0,0.0
2018-08-28,2018-08-29 22:15:00,0.0,0.0
2018-08-28,2018-08-29 22:30:00,0.2003909945487976,0.0
2018-08-28,2018-08-29 22:45:00,0.34453099966049194,0.036306925
2018-08-28,2018-08-29 23:00:00,0.46406298875808716,0.15554127
2018-08-28,2018-08-29 23:15:00,0.6328120231628418,0.2397614
2018-08-28,2018-08-29 23:30:00,0.9597659707069397,0.3922385
2018-08-28,2018-08-29 23:45:00,0.9140620231628418,0.46462202
2018-08-29,2018-08-30 00:00:00,0.935155987739563,1.0781333
2018-08-29,2018-08-30 00:15:00,0.7347660064697266,1.2965609
2018-08-29,2018-08-30 00:30:00,1.694530963897705,1.5270423
2018-08-29,2018-08-30 00:45:00,1.033594012260437,1.8320119
2018-08-29,2018-08-30 01:00:00,1.3746089935302734,1.978536
2018-08-29,2018-08-30 01:15:00,2.348438024520874,2.2417142
2018-08-29,2018-08-30 01:30:00,1.4695310592651367,2.4701996
2018-08-29,2018-08-30 01:45:00,1.5222660303115845,2.6517804
2018-08-29,2018-08-30 02:00:00,1.4378910064697266,2.8711872
2018-08-29,2018-08-30 02:15:00,1.2867189645767212,2.966645
2018-08-29,2018-08-30 02:30:00,1.1953120231628418,3.1524491
2018-08-29,2018-08-30 02:45:00,1.223436951637268,3.2882974
2018-08-29,2018-08-30 03:00:00,1.821094036102295,3.4265032
2018-08-29,2018-08-30 03:15:00,1.4097659587860107,3.4130733
2018-08-29,2018-08-30 03:30:00,0.9597659707069397,3.5288777
2018-08-29,2018-08-30 03:45:00,1.0019530057907104,3.6143482
2018-08-29,2018-08-30 04:00:00,0.9984380006790161,3.631416
2018-08-29,2018-08-30 04:15:00,1.2550779581069946,3.6450174
2018-08-29,2018-08-30 04:30:00,1.8914060592651367,3.6597686
2018-08-29,2018-08-30 04:45:00,1.3183590173721313,3.6001554
2018-08-29,2018-08-30 05:00:00,1.2445310354232788,3.4930868
2018-08-29,2018-08-30 05:15:00,1.3324220180511475,3.3586175
2018-08-29,2018-08-30 05:30:00,1.230468988418579,3.3825202
2018-08-29,2018-08-30 05:45:00,0.9386720061302185,3.2570522
2018-08-29,2018-08-30 06:00:00,0.9773439764976501,3.290501
2018-08-29,2018-08-30 06:15:00,1.2867189645767212,3.158889
2018-08-29,2018-08-30 06:30:00,1.167186975479126,3.0592897
2018-08-29,2018-08-30 06:45:00,1.1636719703674316,2.9244237
2018-08-29,2018-08-30 07:00:00,0.935155987739563,2.7176838
2018-08-29,2018-08-30 07:15:00,0.892969012260437,2.636261
2018-08-29,2018-08-30 07:30:00,1.0054689645767212,2.4019392
2018-08-29,2018-08-30 07:45:00,1.8492189645767212,2.2498863
2018-08-29,2018-08-30 08:00:00,1.089843988418579,2.0223894
2018-08-29,2018-08-30 08:15:00,1.4941409826278687,1.9166777
2018-08-29,2018-08-30 08:30:00,0.963280975818634,1.553053
2018-08-29,2018-08-30 08:45:00,0.5378909707069397,1.2846928
2018-08-29,2018-08-30 09:00:00,0.24960899353027344,1.1427636
2018-08-29,2018-08-30 09:15:00,0.16171899437904358,0.933391
2018-08-29,2018-08-30 09:30:00,0.042187999933958054,0.71650535
2018-08-29,2018-08-30 09:45:00,0.052733998745679855,0.5236251
2018-08-29,2018-08-30 10:00:00,0.010546999983489513,0.32368198
2018-08-29,2018-08-30 10:15:00,0.0,0.20707972
2018-08-29,2018-08-30 10:30:00,0.0,0.113950714
2018-08-29,2018-08-30 10:45:00,0.0,0.0
2018-08-29,2018-08-30 11:00:00,0.0,0.0
2018-08-29,2018-08-30 11:15:00,0.0,0.0
2018-08-29,2018-08-30 11:30:00,0.0,0.0
2018-08-29,2018-08-30 11:45:00,0.0,0.0
2018-08-29,2018-08-30 12:00:00,0.0,0.0
2018-08-29,2018-08-30 12:15:00,0.0,0.0
2018-08-29,2018-08-30 12:30:00,0.0,0.0
2018-08-29,2018-08-30 12:45:00,0.0,0.0
2018-08-29,2018-08-30 13:00:00,0.0,0.0
2018-08-29,2018-08-30 13:15:00,0.0,0.0
2018-08-29,2018-08-30 13:30:00,0.0,0.0
2018-08-29,2018-08-30 13:45:00,0.0,0.0
2018-08-29,2018-08-30 14:00:00,0.0,0.0
2018-08-29,2018-08-30 14:15:00,0.0,0.0
2018-08-29,2018-08-30 14:30:00,0.0,0.0
2018-08-29,2018-08-30 14:45:00,0.0,0.0
2018-08-29,2018-08-30 15:00:00,0.0,0.0
2018-08-29,2018-08-30 15:15:00,0.0,0.0
2018-08-29,2018-08-30 15:30:00,0.0,0.0
2018-08-29,2018-08-30 15:45:00,0.0,0.0
2018-08-29,2018-08-30 16:00:00,0.0,0.0
2018-08-29,2018-08-30 16:15:00,0.0,0.0
2018-08-29,2018-08-30 16:30:00,0.0,0.0
2018-08-29,2018-08-30 16:45:00,0.0,0.0
2018-08-29,2018-08-30 17:00:00,0.0,0.0
2018-08-29,2018-08-30 17:15:00,0.0,0.0
2018-08-29,2018-08-30 17:30:00,0.0,0.0
2018-08-29,2018-08-30 17:45:00,0.0,0.0
2018-08-29,2018-08-30 18:00:00,0.0,0.0
2018-08-29,2018-08-30 18:15:00,0.0,0.0
2018-08-29,2018-08-30 18:30:00,0.0,0.0
2018-08-29,2018-08-30 18:45:00,0.0,0.0
2018-08-29,2018-08-30 19:00:00,0.0,0.0
2018-08-29,2018-08-30 19:15:00,0.0,0.0
2018-08-29,2018-08-30 19:30:00,0.0,0.0
2018-08-29,2018-08-30 19:45:00,0.0,0.0
2018-08-29,2018-08-30 20:00:00,0.0,0.0
2018-08-29,2018-08-30 20:15:00,0.0,0.0
2018-08-29,2018-08-30 20:30:00,0.0,0.0
2018-08-29,2018-08-30 20:45:00,0.0,0.0
2018-08-29,2018-08-30 21:00:00,0.0,0.0
2018-08-29,2018-08-30 21:15:00,0.0,0.0
2018-08-29,2018-08-30 21:30:00,0.0,0.0
2018-08-29,2018-08-30 21:45:00,0.0,0.0
2018-08-29,2018-08-30 22:00:00,0.0,0.0
2018-08-29,2018-08-30 22:15:00,0.0,0.0
2018-08-29,2018-08-30 22:30:00,0.024608999490737915,0.03200528
2018-08-29,2018-08-30 22:45:00,0.07734400033950806,0.11253741
2018-08-29,2018-08-30 23:00:00,0.26367199420928955,0.2599206
2018-08-29,2018-08-30 23:15:00,0.23906299471855164,0.36408946
2018-08-29,2018-08-30 23:30:00,0.291797012090683,0.55152196
2018-08-29,2018-08-30 23:45:00,0.30937498807907104,0.663879
2018-08-30,2018-08-31 00:00:00,0.411327987909317,0.53718036
2018-08-30,2018-08-31 00:15:00,0.5730469822883606,0.6620567
2018-08-30,2018-08-31 00:30:00,0.5378909707069397,0.75834626
2018-08-30,2018-08-31 00:45:00,0.4816409945487976,0.8827916
2018-08-30,2018-08-31 01:00:00,1.1285159587860107,0.9340458
2018-08-30,2018-08-31 01:15:00,1.1917970180511475,1.0291139
2018-08-30,2018-08-31 01:30:00,1.2761720418930054,1.0961651
2018-08-30,2018-08-31 01:45:00,0.5695310235023499,1.1518992
2018-08-30,2018-08-31 02:00:00,0.4675779938697815,1.2597845
2018-08-30,2018-08-31 02:15:00,0.48515599966049194,1.276183
2018-08-30,2018-08-31 02:30:00,0.9667969942092896,1.3367103
2018-08-30,2018-08-31 02:45:00,1.8175779581069946,1.4180806
2018-08-30,2018-08-31 03:00:00,2.091797113418579,1.4435235
2018-08-30,2018-08-31 03:15:00,1.722656011581421,1.3814896
2018-08-30,2018-08-31 03:30:00,1.0933589935302734,1.4841207
2018-08-30,2018-08-31 03:45:00,1.1460939645767212,1.5290684
2018-08-30,2018-08-31 04:00:00,1.364061951637268,1.5339345
2018-08-30,2018-08-31 04:15:00,1.3746089935302734,1.526961
2018-08-30,2018-08-31 04:30:00,1.132030963897705,1.5281701
2018-08-30,2018-08-31 04:45:00,0.5800780057907104,1.4954144
2018-08-30,2018-08-31 05:00:00,0.7875000238418579,1.4456201
2018-08-30,2018-08-31 05:15:00,0.7101560235023499,1.4150096
2018-08-30,2018-08-31 05:30:00,0.5554689764976501,1.3859059
2018-08-30,2018-08-31 05:45:00,0.6328120231628418,1.3432907
2018-08-30,2018-08-31 06:00:00,1.1109369993209839,1.3747575
2018-08-30,2018-08-31 06:15:00,1.082811951637268,1.2541789
2018-08-30,2018-08-31 06:30:00,0.9210940003395081,1.1638708
2018-08-30,2018-08-31 06:45:00,0.8402339816093445,1.1310402
2018-08-30,2018-08-31 07:00:00,0.6398440003395081,1.0328529
2018-08-30,2018-08-31 07:15:00,0.7628909945487976,0.9587748
2018-08-30,2018-08-31 07:30:00,0.8789060115814209,0.84769243
2018-08-30,2018-08-31 07:45:00,0.6292970180511475,0.7699207
2018-08-30,2018-08-31 08:00:00,0.4464839994907379,0.6381682
2018-08-30,2018-08-31 08:15:00,0.3621090054512024,0.60334975
2018-08-30,2018-08-31 08:30:00,0.37968701124191284,0.42079532
2018-08-30,2018-08-31 08:45:00,0.42890599370002747,0.30283868
2018-08-30,2018-08-31 09:00:00,0.3023439943790436,0.214046
2018-08-30,2018-08-31 09:15:00,0.21445299685001373,0.123705834
2018-08-30,2018-08-31 09:30:00,0.18984399735927582,0.07916683
2018-08-30,2018-08-31 09:45:00,0.049219001084566116,0.0
2018-08-30,2018-08-31 10:00:00,0.049219001084566116,0.0
2018-08-30,2018-08-31 10:15:00,0.010546999983489513,0.0
2018-08-30,2018-08-31 10:30:00,0.0,0.0
2018-08-30,2018-08-31 10:45:00,0.0,0.0
2018-08-30,2018-08-31 11:00:00,0.0,0.0
2018-08-30,2018-08-31 11:15:00,0.0,0.0
2018-08-30,2018-08-31 11:30:00,0.0,0.0
2018-08-30,2018-08-31 11:45:00,0.0,0.0
2018-08-30,2018-08-31 12:00:00,0.0,0.0
2018-08-30,2018-08-31 12:15:00,0.0,0.0
2018-08-30,2018-08-31 12:30:00,0.0,0.0
2018-08-30,2018-08-31 12:45:00,0.0,0.0
2018-08-30,2018-08-31 13:00:00,0.0,0.0
2018-08-30,2018-08-31 13:15:00,0.0,0.0
2018-08-30,2018-08-31 13:30:00,0.0,0.0
2018-08-30,2018-08-31 13:45:00,0.0,0.0
2018-08-30,2018-08-31 14:00:00,0.0,0.0
2018-08-30,2018-08-31 14:15:00,0.0,0.0
2018-08-30,2018-08-31 14:30:00,0.0,0.0
2018-08-30,2018-08-31 14:45:00,0.0,0.0
2018-08-30,2018-08-31 15:00:00,0.0,0.0
2018-08-30,2018-08-31 15:15:00,0.0,0.0
2018-08-30,2018-08-31 15:30:00,0.0,0.0
2018-08-30,2018-08-31 15:45:00,0.0,0.0
2018-08-30,2018-08-31 16:00:00,0.0,0.0
2018-08-30,2018-08-31 16:15:00,0.0,0.0
2018-08-30,2018-08-31 16:30:00,0.0,0.0
2018-08-30,2018-08-31 16:45:00,0.0,0.0
2018-08-30,2018-08-31 17:00:00,0.0,0.0
2018-08-30,2018-08-31 17:15:00,0.0,0.0
2018-08-30,2018-08-31 17:30:00,0.0,0.0
2018-08-30,2018-08-31 17:45:00,0.0,0.0
2018-08-30,2018-08-31 18:00:00,0.0,0.0
2018-08-30,2018-08-31 18:15:00,0.0,0.0
2018-08-30,2018-08-31 18:30:00,0.0,0.0
2018-08-30,2018-08-31 18:45:00,0.0,0.0
2018-08-30,2018-08-31 19:00:00,0.0,0.0
2018-08-30,2018-08-31 19:15:00,0.0,0.0
2018-08-30,2018-08-31 19:30:00,0.0,0.0
2018-08-30,2018-08-31 19:45:00,0.0,0.0
2018-08-30,2018-08-31 20:00:00,0.0,0.0
2018-08-30,2018-08-31 20:15:00,0.0,0.0
2018-08-30,2018-08-31 20:30:00,0.0,0.0
2018-08-30,2018-08-31 20:45:00,0.0,0.0
2018-08-30,2018-08-31 21:00:00,0.0,0.0
2018-08-30,2018-08-31 21:15:00,0.0,0.0
2018-08-30,2018-08-31 21:30:00,0.0,0.011895181
2018-08-30,2018-08-31 21:45:00,0.0,0.023052415
2018-08-30,2018-08-31 22:00:00,0.0,0.09286076
2018-08-30,2018-08-31 22:15:00,0.0,0.11236495
2018-08-30,2018-08-31 22:30:00,0.0,0.20026141
2018-08-30,2018-08-31 22:45:00,0.052733998745679855,0.27215016
2018-08-30,2018-08-31 23:00:00,0.0703120008111,0.4116361
2018-08-30,2018-08-31 23:15:00,0.25312501192092896,0.4571145
2018-08-30,2018-08-31 23:30:00,0.4570310115814209,0.53704697
2018-08-30,2018-08-31 23:45:00,0.7910159826278687,0.5777703
2018-11-23,2018-11-24 00:00:00,0.2566410005092621,0.27153635
2018-11-23,2018-11-24 00:15:00,0.42539098858833313,0.41813853
2018-11-23,2018-11-24 00:30:00,0.6503909826278687,0.52909833
2018-11-23,2018-11-24 00:45:00,0.794530987739563,0.67868155
2018-11-23,2018-11-24 01:00:00,1.1039060354232788,0.7813862
2018-11-23,2018-11-24 01:15:00,1.3253910541534424,0.9439405
2018-11-23,2018-11-24 01:30:00,1.490625023841858,1.0904427
2018-11-23,2018-11-24 01:45:00,1.694530963897705,1.235595
2018-11-23,2018-11-24 02:00:00,1.835155963897705,1.418037
2018-11-23,2018-11-24 02:15:00,2.144531011581421,1.5428072
2018-11-23,2018-11-24 02:30:00,2.3132810592651367,1.6903632
2018-11-23,2018-11-24 02:45:00,2.513672113418579,1.8185096
2018-11-23,2018-11-24 03:00:00,2.636718988418579,1.9428113
2018-11-23,2018-11-24 03:15:00,2.805469036102295,1.9781784
2018-11-23,2018-11-24 03:30:00,2.8863279819488525,2.0784307
2018-11-23,2018-11-24 03:45:00,2.9039061069488525,2.1643023
2018-11-23,2018-11-24 04:00:00,2.9390621185302734,2.2089682
2018-11-23,2018-11-24 04:15:00,2.9496090412139893,2.1835513
2018-11-23,2018-11-24 04:30:00,2.865233898162842,2.2358713
2018-11-23,2018-11-24 04:45:00,2.707031011581421,2.1295033
2018-11-23,2018-11-24 05:00:00,2.82656192779541,2.0499933
2018-11-23,2018-11-24 05:15:00,2.68593692779541,1.9395933
2018-11-23,2018-11-24 05:30:00,2.3695309162139893,1.8418695
2018-11-23,2018-11-24 05:45:00,2.242969036102295,1.7409939
2018-11-23,2018-11-24 06:00:00,2.1867189407348633,1.6635944
2018-11-23,2018-11-24 06:15:00,1.6664060354232788,1.4853134
2018-11-23,2018-11-24 06:30:00,1.6488280296325684,1.3319077
2018-11-23,2018-11-24 06:45:00,1.5328119993209839,1.1797291
2018-11-23,2018-11-24 07:00:00,1.314844012260437,0.97119015
2018-11-23,2018-11-24 07:15:00,1.2937500476837158,0.82472837
2018-11-23,2018-11-24 07:30:00,0.39375001192092896,0.6673201
2018-11-23,2018-11-24 07:45:00,0.40781301259994507,0.54604286
2018-11-23,2018-11-24 08:00:00,0.5625,0.41302326
2018-11-23,2018-11-24 08:15:00,0.2355470061302185,0.3241947
2018-11-23,2018-11-24 08:30:00,0.1054690033197403,0.15049843
2018-11-23,2018-11-24 08:45:00,0.007031000219285488,0.040038913
2018-11-23,2018-11-24 09:00:00,0.0,0.0
2018-11-23,2018-11-24 09:15:00,0.0,0.0
2018-11-23,2018-11-24 09:30:00,0.0,0.0
2018-11-23,2018-11-24 09:45:00,0.0,0.0
2018-11-23,2018-11-24 10:00:00,0.0,0.0
2018-11-23,2018-11-24 10:15:00,0.0,0.0
2018-11-23,2018-11-24 10:30:00,0.0,0.0
2018-11-23,2018-11-24 10:45:00,0.0,0.0
2018-11-23,2018-11-24 11:00:00,0.0,0.0
2018-11-23,2018-11-24 11:15:00,0.0,0.0
2018-11-23,2018-11-24 11:30:00,0.0,0.0
2018-11-23,2018-11-24 11:45:00,0.0,0.0
2018-11-23,2018-11-24 12:00:00,0.0,0.0
2018-11-23,2018-11-24 12:15:00,0.0,0.0
2018-11-23,2018-11-24 12:30:00,0.0,0.0
2018-11-23,2018-11-24 12:45:00,0.0,0.0
2018-11-23,2018-11-24 13:00:00,0.0,0.0
2018-11-23,2018-11-24 13:15:00,0.0,0.0
2018-11-23,2018-11-24 13:30:00,0.0,0.0
2018-11-23,2018-11-24 13:45:00,0.0,0.0
2018-11-23,2018-11-24 14:00:00,0.0,0.0
2018-11-23,2018-11-24 14:15:00,0.0,0.0
2018-11-23,2018-11-24 14:30:00,0.0,0.0
2018-11-23,2018-11-24 14:45:00,0.0,0.0
2018-11-23,2018-11-24 15:00:00,0.0,0.0
2018-11-23,2018-11-24 15:15:00,0.0,0.0
2018-11-23,2018-11-24 15:30:00,0.0,0.0
2018-11-23,2018-11-24 15:45:00,0.0,0.0
2018-11-23,2018-11-24 16:00:00,0.0,0.0
2018-11-23,2018-11-24 16:15:00,0.0,0.0
2018-11-23,2018-11-24 16:30:00,0.0,0.0
2018-11-23,2018-11-24 16:45:00,0.0,0.0
2018-11-23,2018-11-24 17:00:00,0.0,0.0
2018-11-23,2018-11-24 17:15:00,0.0,0.0
2018-11-23,2018-11-24 17:30:00,0.0,0.0
2018-11-23,2018-11-24 17:45:00,0.0,0.0
2018-11-23,2018-11-24 18:00:00,0.0,0.0
2018-11-23,2018-11-24 18:15:00,0.0,0.0
2018-11-23,2018-11-24 18:30:00,0.0,0.0
2018-11-23,2018-11-24 18:45:00,0.0,0.0
2018-11-23,2018-11-24 19:00:00,0.0,0.0
2018-11-23,2018-11-24 19:15:00,0.0,0.0
2018-11-23,2018-11-24 19:30:00,0.0,0.0
2018-11-23,2018-11-24 19:45:00,0.0,0.0
2018-11-23,2018-11-24 20:00:00,0.0,0.0
2018-11-23,2018-11-24 20:15:00,0.0,0.0
2018-11-23,2018-11-24 20:30:00,0.0,0.0
2018-11-23,2018-11-24 20:45:00,0.0,0.0
2018-11-23,2018-11-24 21:00:00,0.0,0.0
2018-11-23,2018-11-24 21:15:00,0.0,0.0
2018-11-23,2018-11-24 21:30:00,0.0,0.0
2018-11-23,2018-11-24 21:45:00,0.0,0.0
2018-11-23,2018-11-24 22:00:00,0.0,0.0
2018-11-23,2018-11-24 22:15:00,0.0,0.0
2018-11-23,2018-11-24 22:30:00,0.0,0.0
2018-11-23,2018-11-24 22:45:00,0.0,0.0
2018-11-23,2018-11-24 23:00:00,0.0,0.0
2018-11-23,2018-11-24 23:15:00,0.0,0.0
2018-11-23,2018-11-24 23:30:00,0.04570300132036209,0.053237066
2018-11-23,2018-11-24 23:45:00,0.140625,0.12188035
2018-11-24,2018-11-25 00:00:00,0.27421900629997253,0.2664906
2018-11-24,2018-11-25 00:15:00,0.4816409945487976,0.3916066
2018-11-24,2018-11-25 00:30:00,0.7066410183906555,0.50247
2018-11-24,2018-11-25 00:45:00,0.9210940003395081,0.64742845
2018-11-24,2018-11-25 01:00:00,1.1039060354232788,0.7416867
2018-11-24,2018-11-25 01:15:00,1.2550779581069946,0.8969236
2018-11-24,2018-11-25 01:30:00,1.4835939407348633,1.0575417
2018-11-24,2018-11-25 01:45:00,1.6875,1.2174219
2018-11-24,2018-11-25 02:00:00,1.877344012260437,1.3760229
2018-11-24,2018-11-25 02:15:00,2.1128900051116943,1.512928
2018-11-24,2018-11-25 02:30:00,2.3167970180511475,1.6570497
2018-11-24,2018-11-25 02:45:00,2.4996089935302734,1.8022768
2018-11-24,2018-11-25 03:00:00,2.5875000953674316,1.934291
2018-11-24,2018-11-25 03:15:00,2.636718988418579,1.9840968
2018-11-24,2018-11-25 03:30:00,2.7527339458465576,2.0814977
2018-11-24,2018-11-25 03:45:00,2.7703120708465576,2.1805477
2018-11-24,2018-11-25 04:00:00,2.7914059162139893,2.2320583
2018-11-24,2018-11-25 04:15:00,2.7562499046325684,2.1997643
2018-11-24,2018-11-25 04:30:00,2.7562499046325684,2.2606852
2018-11-24,2018-11-25 04:45:00,2.654297113418579,2.151476
2018-11-24,2018-11-25 05:00:00,2.559375047683716,2.0613728
2018-11-24,2018-11-25 05:15:00,2.401171922683716,1.9276152
2018-11-24,2018-11-25 05:30:00,2.2289059162139893,1.8521256
2018-11-24,2018-11-25 05:45:00,2.116405963897705,1.7073604
2018-11-24,2018-11-25 06:00:00,2.003906011581421,1.645132
2018-11-24,2018-11-25 06:15:00,1.7683589458465576,1.4469507
2018-11-24,2018-11-25 06:30:00,1.6066410541534424,1.3019439
2018-11-24,2018-11-25 06:45:00,1.4097659587860107,1.1510017
2018-11-24,2018-11-25 07:00:00,1.1847660541534424,0.9293896
2018-11-24,2018-11-25 07:15:00,1.0054689645767212,0.8151902
2018-11-24,2018-11-25 07:30:00,0.7875000238418579,0.6279883
2018-11-24,2018-11-25 07:45:00,0.5976560115814209,0.5017794
2018-11-24,2018-11-25 08:00:00,0.41835901141166687,0.3783975
2018-11-24,2018-11-25 08:15:00,0.2566410005092621,0.32458237
2018-11-24,2018-11-25 08:30:00,0.13710899651050568,0.14145148
2018-11-24,2018-11-25 08:45:00,0.02812499925494194,0.032772295
2018-11-24,2018-11-25 09:00:00,0.0,0.0
2018-11-24,2018-11-25 09:15:00,0.0,0.0
2018-11-24,2018-11-25 09:30:00,0.0,0.0
2018-11-24,2018-11-25 09:45:00,0.0,0.0
2018-11-24,2018-11-25 10:00:00,0.0,0.0
2018-11-24,2018-11-25 10:15:00,0.0,0.0
2018-11-24,2018-11-25 10:30:00,0.0,0.0
2018-11-24,2018-11-25 10:45:00,0.0,0.0
2018-11-24,2018-11-25 11:00:00,0.0,0.0
2018-11-24,2018-11-25 11:15:00,0.0,0.0
2018-11-24,2018-11-25 11:30:00,0.0,0.0
2018-11-24,2018-11-25 11:45:00,0.0,0.0
2018-11-24,2018-11-25 12:00:00,0.0,0.0
2018-11-24,2018-11-25 12:15:00,0.0,0.0
2018-11-24,2018-11-25 12:30:00,0.0,0.0
2018-11-24,2018-11-25 12:45:00,0.0,0.0
2018-11-24,2018-11-25 13:00:00,0.0,0.0
2018-11-24,2018-11-25 13:15:00,0.0,0.0
2018-11-24,2018-11-25 13:30:00,0.0,0.0
2018-11-24,2018-11-25 13:45:00,0.0,0.0
2018-11-24,2018-11-25 14:00:00,0.0,0.0
2018-11-24,2018-11-25 14:15:00,0.0,0.0
2018-11-24,2018-11-25 14:30:00,0.0,0.0
2018-11-24,2018-11-25 14:45:00,0.0,0.0
2018-11-24,2018-11-25 15:00:00,0.0,0.0
2018-11-24,2018-11-25 15:15:00,0.0,0.0
2018-11-24,2018-11-25 15:30:00,0.0,0.0
2018-11-24,2018-11-25 15:45:00,0.0,0.0
2018-11-24,2018-11-25 16:00:00,0.0,0.0
2018-11-24,2018-11-25 16:15:00,0.0,0.0
2018-11-24,2018-11-25 16:30:00,0.0,0.0
2018-11-24,2018-11-25 16:45:00,0.0,0.0
2018-11-24,2018-11-25 17:00:00,0.0,0.0
2018-11-24,2018-11-25 17:15:00,0.0,0.0
2018-11-24,2018-11-25 17:30:00,0.0,0.0
2018-11-24,2018-11-25 17:45:00,0.0,0.0
2018-11-24,2018-11-25 18:00:00,0.0,0.0
2018-11-24,2018-11-25 18:15:00,0.0,0.0
2018-11-24,2018-11-25 18:30:00,0.0,0.0
2018-11-24,2018-11-25 18:45:00,0.0,0.0
2018-11-24,2018-11-25 19:00:00,0.0,0.0
2018-11-24,2018-11-25 19:15:00,0.0,0.0
2018-11-24,2018-11-25 19:30:00,0.0,0.0
2018-11-24,2018-11-25 19:45:00,0.0,0.0
2018-11-24,2018-11-25 20:00:00,0.0,0.0
2018-11-24,2018-11-25 20:15:00,0.0,0.0
2018-11-24,2018-11-25 20:30:00,0.0,0.0
2018-11-24,2018-11-25 20:45:00,0.0,0.0
2018-11-24,2018-11-25 21:00:00,0.0,0.0
2018-11-24,2018-11-25 21:15:00,0.0,0.0
2018-11-24,2018-11-25 21:30:00,0.0,0.0
2018-11-24,2018-11-25 21:45:00,0.0,0.0
2018-11-24,2018-11-25 22:00:00,0.0,0.0
2018-11-24,2018-11-25 22:15:00,0.0,0.0
2018-11-24,2018-11-25 22:30:00,0.0,0.0
2018-11-24,2018-11-25 22:45:00,0.0,0.0
2018-11-24,2018-11-25 23:00:00,0.0,0.0
2018-11-24,2018-11-25 23:15:00,0.0,0.0032336414
2018-11-24,2018-11-25 23:30:00,0.0,0.063856766
2018-11-24,2018-11-25 23:45:00,0.09843800216913223,0.12304377
2018-11-25,2018-11-26 00:00:00,0.22499999403953552,0.24873522
2018-11-25,2018-11-26 00:15:00,0.3550780117511749,0.37656084
2018-11-25,2018-11-26 00:30:00,0.5378909707069397,0.50265783
2018-11-25,2018-11-26 00:45:00,0.7347660064697266,0.6689493
2018-11-25,2018-11-26 01:00:00,1.1777340173721313,0.7696108
2018-11-25,2018-11-26 01:15:00,1.209375023841858,0.9350044
2018-11-25,2018-11-26 01:30:00,1.167186975479126,1.1186302
2018-11-25,2018-11-26 01:45:00,1.3605469465255737,1.2882302
2018-11-25,2018-11-26 02:00:00,1.4835939407348633,1.4651853
2018-11-25,2018-11-26 02:15:00,1.2339839935302734,1.615628
2018-11-25,2018-11-26 02:30:00,1.9863280057907104,1.7835
2018-11-25,2018-11-26 02:45:00,1.9441410303115845,1.9314547
2018-11-25,2018-11-26 03:00:00,2.010936975479126,2.0825574
2018-11-25,2018-11-26 03:15:00,2.119921922683716,2.123285
2018-11-25,2018-11-26 03:30:00,2.1304690837860107,2.2564316
2018-11-25,2018-11-26 03:45:00,2.320312023162842,2.3534718
2018-11-25,2018-11-26 04:00:00,2.278125047683716,2.4050384
2018-11-25,2018-11-26 04:15:00,2.366015911102295,2.3838074
2018-11-25,2018-11-26 04:30:00,2.144531011581421,2.4397159
2018-11-25,2018-11-26 04:45:00,2.583983898162842,2.328699
2018-11-25,2018-11-26 05:00:00,2.4679689407348633,2.2469215
2018-11-25,2018-11-26 05:15:00,2.3343749046325684,2.1027877
2018-11-25,2018-11-26 05:30:00,1.9828120470046997,2.0246394
2018-11-25,2018-11-26 05:45:00,1.9722659587860107,1.8738425
2018-11-25,2018-11-26 06:00:00,1.722656011581421,1.7966077
2018-11-25,2018-11-26 06:15:00,1.6664060354232788,1.5915867
2018-11-25,2018-11-26 06:30:00,0.7734379768371582,1.4324
2018-11-25,2018-11-26 06:45:00,0.9703119993209839,1.2715617
2018-11-25,2018-11-26 07:00:00,0.6187499761581421,1.0338637
2018-11-25,2018-11-26 07:15:00,0.6644530296325684,0.8979212
2018-11-25,2018-11-26 07:30:00,0.47460898756980896,0.70084286
2018-11-25,2018-11-26 07:45:00,0.33398398756980896,0.5631166
2018-11-25,2018-11-26 08:00:00,0.27773401141166687,0.41559646
2018-11-25,2018-11-26 08:15:00,0.14765599370002747,0.35301968
2018-11-25,2018-11-26 08:30:00,0.06328099966049194,0.1521922
2018-11-25,2018-11-26 08:45:00,0.0,0.030615587
2018-11-25,2018-11-26 09:00:00,0.0,0.0
2018-11-25,2018-11-26 09:15:00,0.0,0.0
2018-11-25,2018-11-26 09:30:00,0.0,0.0
2018-11-25,2018-11-26 09:45:00,0.0,0.0
2018-11-25,2018-11-26 10:00:00,0.0,0.0
2018-11-25,2018-11-26 10:15:00,0.0,0.0
2018-11-25,2018-11-26 10:30:00,0.0,0.0
2018-11-25,2018-11-26 10:45:00,0.0,0.0
2018-11-25,2018-11-26 11:00:00,0.0,0.0
2018-11-25,2018-11-26 11:15:00,0.0,0.0
2018-11-25,2018-11-26 11:30:00,0.0,0.0
2018-11-25,2018-11-26 11:45:00,0.0,0.0
2018-11-25,2018-11-26 12:00:00,0.0,0.0
2018-11-25,2018-11-26 12:15:00,0.0,0.0
2018-11-25,2018-11-26 12:30:00,0.0,0.0
2018-11-25,2018-11-26 12:45:00,0.0,0.0
2018-11-25,2018-11-26 13:00:00,0.0,0.0
2018-11-25,2018-11-26 13:15:00,0.0,0.0
2018-11-25,2018-11-26 13:30:00,0.0,0.0
2018-11-25,2018-11-26 13:45:00,0.0,0.0
2018-11-25,2018-11-26 14:00:00,0.0,0.0
2018-11-25,2018-11-26 14:15:00,0.0,0.0
2018-11-25,2018-11-26 14:30:00,0.0,0.0
2018-11-25,2018-11-26 14:45:00,0.0,0.0
2018-11-25,2018-11-26 15:00:00,0.0,0.0
2018-11-25,2018-11-26 15:15:00,0.0,0.0
2018-11-25,2018-11-26 15:30:00,0.0,0.0
2018-11-25,2018-11-26 15:45:00,0.0,0.0
2018-11-25,2018-11-26 16:00:00,0.0,0.0
2018-11-25,2018-11-26 16:15:00,0.0,0.0
2018-11-25,2018-11-26 16:30:00,0.0,0.0
2018-11-25,2018-11-26 16:45:00,0.0,0.0
2018-11-25,2018-11-26 17:00:00,0.0,0.0
2018-11-25,2018-11-26 17:15:00,0.0,0.0
2018-11-25,2018-11-26 17:30:00,0.0,0.0
2018-11-25,2018-11-26 17:45:00,0.0,0.0
2018-11-25,2018-11-26 18:00:00,0.0,0.0
2018-11-25,2018-11-26 18:15:00,0.0,0.0
2018-11-25,2018-11-26 18:30:00,0.0,0.0
2018-11-25,2018-11-26 18:45:00,0.0,0.0
2018-11-25,2018-11-26 19:00:00,0.0,0.0
2018-11-25,2018-11-26 19:15:00,0.0,0.0
2018-11-25,2018-11-26 19:30:00,0.0,0.0
2018-11-25,2018-11-26 19:45:00,0.0,0.0
2018-11-25,2018-11-26 20:00:00,0.0,0.0
2018-11-25,2018-11-26 20:15:00,0.0,0.0
2018-11-25,2018-11-26 20:30:00,0.0,0.0
2018-11-25,2018-11-26 20:45:00,0.0,0.0
2018-11-25,2018-11-26 21:00:00,0.0,0.0
2018-11-25,2018-11-26 21:15:00,0.0,0.0
2018-11-25,2018-11-26 21:30:00,0.0,0.0
2018-11-25,2018-11-26 21:45:00,0.0,0.0
2018-11-25,2018-11-26 22:00:00,0.0,0.0
2018-11-25,2018-11-26 22:15:00,0.0,0.0
2018-11-25,2018-11-26 22:30:00,0.0,0.0
2018-11-25,2018-11-26 22:45:00,0.0,0.0
2018-11-25,2018-11-26 23:00:00,0.0,0.0
2018-11-25,2018-11-26 23:15:00,0.0,0.0
2018-11-25,2018-11-26 23:30:00,0.0,0.0
2018-11-25,2018-11-26 23:45:00,0.003515999997034669,0.026985178
2018-11-26,2018-11-27 00:00:00,0.22499999403953552,0.13621728
2018-11-26,2018-11-27 00:15:00,0.38320299983024597,0.2435242
2018-11-26,2018-11-27 00:30:00,0.5027340054512024,0.3414948
2018-11-26,2018-11-27 00:45:00,0.7664059996604919,0.45411614
2018-11-26,2018-11-27 01:00:00,0.9035159945487976,0.5376534
2018-11-26,2018-11-27 01:15:00,1.321874976158142,0.66828626
2018-11-26,2018-11-27 01:30:00,1.040624976158142,0.8056456
2018-11-26,2018-11-27 01:45:00,1.4695310592651367,0.9482646
2018-11-26,2018-11-27 02:00:00,1.4941409826278687,1.0880207
2018-11-26,2018-11-27 02:15:00,1.778905987739563,1.2126805
2018-11-26,2018-11-27 02:30:00,1.835155963897705,1.3402289
2018-11-26,2018-11-27 02:45:00,2.0882809162139893,1.4901781
2018-11-26,2018-11-27 03:00:00,2.0460939407348633,1.6053115
2018-11-26,2018-11-27 03:15:00,2.1656250953674316,1.6546768
2018-11-26,2018-11-27 03:30:00,2.239453077316284,1.7608244
2018-11-26,2018-11-27 03:45:00,2.3343749046325684,1.8596945
2018-11-26,2018-11-27 04:00:00,2.4117190837860107,1.911862
2018-11-26,2018-11-27 04:15:00,2.5277340412139893,1.8930072
2018-11-26,2018-11-27 04:30:00,2.5171871185302734,1.9464357
2018-11-26,2018-11-27 04:45:00,2.6085939407348633,1.863674
2018-11-26,2018-11-27 05:00:00,2.5980470180511475,1.7859582
2018-11-26,2018-11-27 05:15:00,2.520703077316284,1.6874622
2018-11-26,2018-11-27 05:30:00,2.137500047683716,1.6026843
2018-11-26,2018-11-27 05:45:00,1.835155963897705,1.4900463
2018-11-26,2018-11-27 06:00:00,1.6417969465255737,1.4224693
2018-11-26,2018-11-27 06:15:00,1.4730470180511475,1.2475139
2018-11-26,2018-11-27 06:30:00,1.3113280534744263,1.1136789
2018-11-26,2018-11-27 06:45:00,1.1636719703674316,0.9848327
2018-11-26,2018-11-27 07:00:00,0.935155987739563,0.78976995
2018-11-26,2018-11-27 07:15:00,0.8789060115814209,0.66956514
2018-11-26,2018-11-27 07:30:00,0.6152340173721313,0.52446216
2018-11-26,2018-11-27 07:45:00,0.471094012260437,0.4068285
2018-11-26,2018-11-27 08:00:00,0.3621090054512024,0.290605
2018-11-26,2018-11-27 08:15:00,0.3375000059604645,0.2571043
2018-11-26,2018-11-27 08:30:00,0.13359400629997253,0.0935364
2018-11-26,2018-11-27 08:45:00,0.049219001084566116,0.0
2018-11-26,2018-11-27 09:00:00,0.0,0.0
2018-11-26,2018-11-27 09:15:00,0.0,0.0
2018-11-26,2018-11-27 09:30:00,0.0,0.0
2018-11-26,2018-11-27 09:45:00,0.0,0.0
2018-11-26,2018-11-27 10:00:00,0.0,0.0
2018-11-26,2018-11-27 10:15:00,0.0,0.0
2018-11-26,2018-11-27 10:30:00,0.0,0.0
2018-11-26,2018-11-27 10:45:00,0.0,0.0
2018-11-26,2018-11-27 11:00:00,0.0,0.0
2018-11-26,2018-11-27 11:15:00,0.0,0.0
2018-11-26,2018-11-27 11:30:00,0.0,0.0
2018-11-26,2018-11-27 11:45:00,0.0,0.0
2018-11-26,2018-11-27 12:00:00,0.0,0.0
2018-11-26,2018-11-27 12:15:00,0.0,0.0
2018-11-26,2018-11-27 12:30:00,0.0,0.0
2018-11-26,2018-11-27 12:45:00,0.0,0.0
2018-11-26,2018-11-27 13:00:00,0.0,0.0
2018-11-26,2018-11-27 13:15:00,0.0,0.0
2018-11-26,2018-11-27 13:30:00,0.0,0.0
2018-11-26,2018-11-27 13:45:00,0.0,0.0
2018-11-26,2018-11-27 14:00:00,0.0,0.0
2018-11-26,2018-11-27 14:15:00,0.0,0.0
2018-11-26,2018-11-27 14:30:00,0.0,0.0
2018-11-26,2018-11-27 14:45:00,0.0,0.0
2018-11-26,2018-11-27 15:00:00,0.0,0.0
2018-11-26,2018-11-27 15:15:00,0.0,0.0
2018-11-26,2018-11-27 15:30:00,0.0,0.0
2018-11-26,2018-11-27 15:45:00,0.0,0.0
2018-11-26,2018-11-27 16:00:00,0.0,0.0
2018-11-26,2018-11-27 16:15:00,0.0,0.0
2018-11-26,2018-11-27 16:30:00,0.0,0.0
2018-11-26,2018-11-27 16:45:00,0.0,0.0
2018-11-26,2018-11-27 17:00:00,0.0,0.0
2018-11-26,2018-11-27 17:15:00,0.0,0.0
2018-11-26,2018-11-27 17:30:00,0.0,0.0
2018-11-26,2018-11-27 17:45:00,0.0,0.0
2018-11-26,2018-11-27 18:00:00,0.0,0.0
2018-11-26,2018-11-27 18:15:00,0.0,0.0
2018-11-26,2018-11-27 18:30:00,0.0,0.0
2018-11-26,2018-11-27 18:45:00,0.0,0.0
2018-11-26,2018-11-27 19:00:00,0.0,0.0
2018-11-26,2018-11-27 19:15:00,0.0,0.0
2018-11-26,2018-11-27 19:30:00,0.0,0.0
2018-11-26,2018-11-27 19:45:00,0.0,0.0
2018-11-26,2018-11-27 20:00:00,0.0,0.0
2018-11-26,2018-11-27 20:15:00,0.0,0.0
2018-11-26,2018-11-27 20:30:00,0.0,0.0
2018-11-26,2018-11-27 20:45:00,0.0,0.0
2018-11-26,2018-11-27 21:00:00,0.0,0.0
2018-11-26,2018-11-27 21:15:00,0.0,0.0
2018-11-26,2018-11-27 21:30:00,0.0,0.0
2018-11-26,2018-11-27 21:45:00,0.0,0.0
2018-11-26,2018-11-27 22:00:00,0.0,0.0
2018-11-26,2018-11-27 22:15:00,0.0,0.0
2018-11-26,2018-11-27 22:30:00,0.0,0.0
2018-11-26,2018-11-27 22:45:00,0.0,0.0
2018-11-26,2018-11-27 23:00:00,0.0,0.0
2018-11-26,2018-11-27 23:15:00,0.0,0.014951754
2018-11-26,2018-11-27 23:30:00,0.014062000438570976,0.06126642
2018-11-26,2018-11-27 23:45:00,0.10898400098085403,0.10029652
2018-11-27,2018-11-28 00:00:00,0.21445299685001373,0.23023772
2018-11-27,2018-11-28 00:15:00,0.3621090054512024,0.35271502
2018-11-27,2018-11-28 00:30:00,0.5273439884185791,0.47906688
2018-11-27,2018-11-28 00:45:00,0.6996089816093445,0.64108884
2018-11-27,2018-11-28 01:00:00,0.8542969822883606,0.73269945
2018-11-27,2018-11-28 01:15:00,1.040624976158142,0.9029763
2018-11-27,2018-11-28 01:30:00,1.2796880006790161,1.0719153
2018-11-27,2018-11-28 01:45:00,1.4730470180511475,1.2380033
2018-11-27,2018-11-28 02:00:00,1.652343988418579,1.4270189
2018-11-27,2018-11-28 02:15:00,1.821094036102295,1.5696642
2018-11-27,2018-11-28 02:30:00,1.9792970418930054,1.7286896
2018-11-27,2018-11-28 02:45:00,2.119921922683716,1.8930185
2018-11-27,2018-11-28 03:00:00,2.1761720180511475,2.0411727
2018-11-27,2018-11-28 03:15:00,2.3238279819488525,2.0887098
2018-11-27,2018-11-28 03:30:00,2.383594036102295,2.2142453
2018-11-27,2018-11-28 03:45:00,2.415234088897705,2.3178217
2018-11-27,2018-11-28 04:00:00,2.418750047683716,2.3847237
2018-11-27,2018-11-28 04:15:00,2.4820311069488525,2.3724587
2018-11-27,2018-11-28 04:30:00,2.4644529819488525,2.4218109
2018-11-27,2018-11-28 04:45:00,2.380078077316284,2.322115
2018-11-27,2018-11-28 05:00:00,2.3449220657348633,2.2468605
2018-11-27,2018-11-28 05:15:00,2.1937499046325684,2.1082149
2018-11-27,2018-11-28 05:30:00,2.074218988418579,2.0200655
2018-11-27,2018-11-28 05:45:00,1.9546869993209839,1.8929852
2018-11-27,2018-11-28 06:00:00,1.7648439407348633,1.8083938
2018-11-27,2018-11-28 06:15:00,1.6066410541534424,1.6171024
2018-11-27,2018-11-28 06:30:00,1.5292969942092896,1.4501477
2018-11-27,2018-11-28 06:45:00,1.371093988418579,1.2886578
2018-11-27,2018-11-28 07:00:00,1.160156011581421,1.0532042
2018-11-27,2018-11-28 07:15:00,0.9878910183906555,0.9161519
2018-11-27,2018-11-28 07:30:00,0.7839840054512024,0.7215584
2018-11-27,2018-11-28 07:45:00,0.5765630006790161,0.5885563
2018-11-27,2018-11-28 08:00:00,0.42539098858833313,0.45946962
2018-11-27,2018-11-28 08:15:00,0.2601560056209564,0.3959721
2018-11-27,2018-11-28 08:30:00,0.13710899651050568,0.19610573
2018-11-27,2018-11-28 08:45:00,0.03867200016975403,0.084568106
2018-11-27,2018-11-28 09:00:00,0.0,0.03485956
2018-11-27,2018-11-28 09:15:00,0.0,0.019915441
2018-11-27,2018-11-28 09:30:00,0.0,0.0
2018-11-27,2018-11-28 09:45:00,0.0,0.0
2018-11-27,2018-11-28 10:00:00,0.0,0.0
2018-11-27,2018-11-28 10:15:00,0.0,0.0
2018-11-27,2018-11-28 10:30:00,0.0,0.0
2018-11-27,2018-11-28 10:45:00,0.0,0.0
2018-11-27,2018-11-28 11:00:00,0.0,0.0
2018-11-27,2018-11-28 11:15:00,0.0,0.0
2018-11-27,2018-11-28 11:30:00,0.0,0.0
2018-11-27,2018-11-28 11:45:00,0.0,0.0
2018-11-27,2018-11-28 12:00:00,0.0,0.0
2018-11-27,2018-11-28 12:15:00,0.0,0.0
2018-11-27,2018-11-28 12:30:00,0.0,0.0
2018-11-27,2018-11-28 12:45:00,0.0,0.0
2018-11-27,2018-11-28 13:00:00,0.0,0.0
2018-11-27,2018-11-28 13:15:00,0.0,0.0
2018-11-27,2018-11-28 13:30:00,0.0,0.0
2018-11-27,2018-11-28 13:45:00,0.0,0.0
2018-11-27,2018-11-28 14:00:00,0.0,0.0
2018-11-27,2018-11-28 14:15:00,0.0,0.0
2018-11-27,2018-11-28 14:30:00,0.0,0.0
2018-11-27,2018-11-28 14:45:00,0.0,0.0
2018-11-27,2018-11-28 15:00:00,0.0,0.0
2018-11-27,2018-11-28 15:15:00,0.0,0.0
2018-11-27,2018-11-28 15:30:00,0.0,0.0
2018-11-27,2018-11-28 15:45:00,0.0,0.0
2018-11-27,2018-11-28 16:00:00,0.0,0.0
2018-11-27,2018-11-28 16:15:00,0.0,0.0
2018-11-27,2018-11-28 16:30:00,0.0,0.0
2018-11-27,2018-11-28 16:45:00,0.0,0.0
2018-11-27,2018-11-28 17:00:00,0.0,0.0
2018-11-27,2018-11-28 17:15:00,0.0,0.0
2018-11-27,2018-11-28 17:30:00,0.0,0.0
2018-11-27,2018-11-28 17:45:00,0.0,0.0
2018-11-27,2018-11-28 18:00:00,0.0,0.0
2018-11-27,2018-11-28 18:15:00,0.0,0.0
2018-11-27,2018-11-28 18:30:00,0.0,0.0
2018-11-27,2018-11-28 18:45:00,0.0,0.0
2018-11-27,2018-11-28 19:00:00,0.0,0.0
2018-11-27,2018-11-28 19:15:00,0.0,0.0
2018-11-27,2018-11-28 19:30:00,0.0,0.0
2018-11-27,2018-11-28 19:45:00,0.0,0.0
2018-11-27,2018-11-28 20:00:00,0.0,0.0
2018-11-27,2018-11-28 20:15:00,0.0,0.0
2018-11-27,2018-11-28 20:30:00,0.0,0.0
2018-11-27,2018-11-28 20:45:00,0.0,0.0
2018-11-27,2018-11-28 21:00:00,0.0,0.0
2018-11-27,2018-11-28 21:15:00,0.0,0.0
2018-11-27,2018-11-28 21:30:00,0.0,0.0
2018-11-27,2018-11-28 21:45:00,0.0,0.0
2018-11-27,2018-11-28 22:00:00,0.0,0.0
2018-11-27,2018-11-28 22:15:00,0.0,0.0
2018-11-27,2018-11-28 22:30:00,0.0,0.0
2018-11-27,2018-11-28 22:45:00,0.0,0.0
2018-11-27,2018-11-28 23:00:00,0.0,0.0
2018-11-27,2018-11-28 23:15:00,0.0,0.0
2018-11-27,2018-11-28 23:30:00,0.021093999966979027,0.0
2018-11-27,2018-11-28 23:45:00,0.031640999019145966,0.046409577
2018-11-28,2018-11-29 00:00:00,0.23906299471855164,0.16972716
2018-11-28,2018-11-29 00:15:00,0.3972660005092621,0.27567893
2018-11-28,2018-11-29 00:30:00,0.583594024181366,0.38476485
2018-11-28,2018-11-29 00:45:00,0.7699220180511475,0.5268323
2018-11-28,2018-11-29 01:00:00,0.9246090054512024,0.6118124
2018-11-28,2018-11-29 01:15:00,1.1285159587860107,0.7431023
2018-11-28,2018-11-29 01:30:00,1.3324220180511475,0.90529895
2018-11-28,2018-11-29 01:45:00,1.5152339935302734,1.0507691
2018-11-28,2018-11-29 02:00:00,1.6839840412139893,1.2104299
2018-11-28,2018-11-29 02:15:00,1.8175779581069946,1.336013
2018-11-28,2018-11-29 02:30:00,1.9863280057907104,1.4959865
2018-11-28,2018-11-29 02:45:00,2.067188024520874,1.6249611
2018-11-28,2018-11-29 03:00:00,2.2183589935302734,1.7535353
2018-11-28,2018-11-29 03:15:00,2.348438024520874,1.7863443
2018-11-28,2018-11-29 03:30:00,2.3941400051116943,1.9106767
2018-11-28,2018-11-29 03:45:00,2.348438024520874,1.9988666
2018-11-28,2018-11-29 04:00:00,2.460937976837158,2.0510023
2018-11-28,2018-11-29 04:15:00,2.4363279342651367,2.0369704
2018-11-28,2018-11-29 04:30:00,2.3695309162139893,2.0831606
2018-11-28,2018-11-29 04:45:00,2.3238279819488525,1.9872824
2018-11-28,2018-11-29 05:00:00,2.25,1.9210109
2018-11-28,2018-11-29 05:15:00,2.144531011581421,1.8025692
2018-11-28,2018-11-29 05:30:00,2.091797113418579,1.7350007
2018-11-28,2018-11-29 05:45:00,1.9582029581069946,1.6055713
2018-11-28,2018-11-29 06:00:00,1.8246090412139893,1.5427763
2018-11-28,2018-11-29 06:15:00,1.6277339458465576,1.3536062
2018-11-28,2018-11-29 06:30:00,1.40625,1.2213491
2018-11-28,2018-11-29 06:45:00,1.3429689407348633,1.0897821
2018-11-28,2018-11-29 07:00:00,1.068750023841858,0.88395727
2018-11-28,2018-11-29 07:15:00,0.8964840173721313,0.7678407
2018-11-28,2018-11-29 07:30:00,0.6996089816093445,0.5981608
2018-11-28,2018-11-29 07:45:00,0.5097659826278687,0.4840153
2018-11-28,2018-11-29 08:00:00,0.35859400033950806,0.34860623
2018-11-28,2018-11-29 08:15:00,0.21796900033950806,0.30713585
2018-11-28,2018-11-29 08:30:00,0.10898400098085403,0.12052268
2018-11-28,2018-11-29 08:45:00,0.0,0.013249424
2018-11-28,2018-11-29 09:00:00,0.0,0.0
2018-11-28,2018-11-29 09:15:00,0.0,0.0
2018-11-28,2018-11-29 09:30:00,0.0,0.0
2018-11-28,2018-11-29 09:45:00,0.0,0.0
2018-11-28,2018-11-29 10:00:00,0.0,0.0
2018-11-28,2018-11-29 10:15:00,0.0,0.0
2018-11-28,2018-11-29 10:30:00,0.0,0.0
2018-11-28,2018-11-29 10:45:00,0.0,0.0
2018-11-28,2018-11-29 11:00:00,0.0,0.0
2018-11-28,2018-11-29 11:15:00,0.0,0.0
2018-11-28,2018-11-29 11:30:00,0.0,0.0
2018-11-28,2018-11-29 11:45:00,0.0,0.0
2018-11-28,2018-11-29 12:00:00,0.0,0.0
2018-11-28,2018-11-29 12:15:00,0.0,0.0
2018-11-28,2018-11-29 12:30:00,0.0,0.0
2018-11-28,2018-11-29 12:45:00,0.0,0.0
2018-11-28,2018-11-29 13:00:00,0.0,0.0
2018-11-28,2018-11-29 13:15:00,0.0,0.0
2018-11-28,2018-11-29 13:30:00,0.0,0.0
2018-11-28,2018-11-29 13:45:00,0.0,0.0
2018-11-28,2018-11-29 14:00:00,0.0,0.0
2018-11-28,2018-11-29 14:15:00,0.0,0.0
2018-11-28,2018-11-29 14:30:00,0.0,0.0
2018-11-28,2018-11-29 14:45:00,0.0,0.0
2018-11-28,2018-11-29 15:00:00,0.0,0.0
2018-11-28,2018-11-29 15:15:00,0.0,0.0
2018-11-28,2018-11-29 15:30:00,0.0,0.0
2018-11-28,2018-11-29 15:45:00,0.0,0.0
2018-11-28,2018-11-29 16:00:00,0.0,0.0
2018-11-28,2018-11-29 16:15:00,0.0,0.0
2018-11-28,2018-11-29 16:30:00,0.0,0.0
2018-11-28,2018-11-29 16:45:00,0.0,0.0
2018-11-28,2018-11-29 17:00:00,0.0,0.0
2018-11-28,2018-11-29 17:15:00,0.0,0.0
2018-11-28,2018-11-29 17:30:00,0.0,0.0
2018-11-28,2018-11-29 17:45:00,0.0,0.0
2018-11-28,2018-11-29 18:00:00,0.0,0.0
2018-11-28,2018-11-29 18:15:00,0.0,0.0
2018-11-28,2018-11-29 18:30:00,0.0,0.0
2018-11-28,2018-11-29 18:45:00,0.0,0.0
2018-11-28,2018-11-29 19:00:00,0.0,0.0
2018-11-28,2018-11-29 19:15:00,0.0,0.0
2018-11-28,2018-11-29 19:30:00,0.0,0.0
2018-11-28,2018-11-29 19:45:00,0.0,0.0
2018-11-28,2018-11-29 20:00:00,0.0,0.0
2018-11-28,2018-11-29 20:15:00,0.0,0.0
2018-11-28,2018-11-29 20:30:00,0.0,0.0
2018-11-28,2018-11-29 20:45:00,0.0,0.0
2018-11-28,2018-11-29 21:00:00,0.0,0.0
2018-11-28,2018-11-29 21:15:00,0.0,0.0
2018-11-28,2018-11-29 21:30:00,0.0,0.0
2018-11-28,2018-11-29 21:45:00,0.0,0.0
2018-11-28,2018-11-29 22:00:00,0.0,0.0
2018-11-28,2018-11-29 22:15:00,0.0,0.0
2018-11-28,2018-11-29 22:30:00,0.0,0.0
2018-11-28,2018-11-29 22:45:00,0.0,0.0
2018-11-28,2018-11-29 23:00:00,0.0,0.0
2018-11-28,2018-11-29 23:15:00,0.0,0.0
2018-11-28,2018-11-29 23:30:00,0.014062000438570976,0.0
2018-11-28,2018-11-29 23:45:00,0.1054690033197403,0.0
2018-11-29,2018-11-30 00:00:00,0.22499999403953552,0.22485173
2018-11-29,2018-11-30 00:15:00,0.3550780117511749,0.33402774
2018-11-29,2018-11-30 00:30:00,0.513280987739563,0.43497896
2018-11-29,2018-11-30 00:45:00,0.675000011920929,0.56700206
2018-11-29,2018-11-30 01:00:00,0.8261719942092896,0.649793
2018-11-29,2018-11-30 01:15:00,0.956250011920929,0.7720169
2018-11-29,2018-11-30 01:30:00,0.984375,0.9207144
2018-11-29,2018-11-30 01:45:00,0.9175779819488525,1.0529386
2018-11-29,2018-11-30 02:00:00,1.1917970180511475,1.1996574
2018-11-29,2018-11-30 02:15:00,1.2761720418930054,1.3110238
2018-11-29,2018-11-30 02:30:00,1.5996090173721313,1.456906
2018-11-29,2018-11-30 02:45:00,1.9582029581069946,1.567562
2018-11-29,2018-11-30 03:00:00,2.0636720657348633,1.6793343
2018-11-29,2018-11-30 03:15:00,2.214843988418579,1.7026757
2018-11-29,2018-11-30 03:30:00,2.2359371185302734,1.8097665
2018-11-29,2018-11-30 03:45:00,2.3238279819488525,1.8859475
2018-11-29,2018-11-30 04:00:00,2.3238279819488525,1.9301374
2018-11-29,2018-11-30 04:15:00,2.3062500953674316,1.9026705
2018-11-29,2018-11-30 04:30:00,2.3238279819488525,1.9482808
2018-11-29,2018-11-30 04:45:00,2.0179688930511475,1.8460925
2018-11-29,2018-11-30 05:00:00,1.589061975479126,1.7805583
2018-11-29,2018-11-30 05:15:00,1.975780963897705,1.6648046
2018-11-29,2018-11-30 05:30:00,1.680469036102295,1.5924088
2018-11-29,2018-11-30 05:45:00,1.5257810354232788,1.4689767
2018-11-29,2018-11-30 06:00:00,1.6699219942092896,1.4138958
2018-11-29,2018-11-30 06:15:00,1.490625023841858,1.2293676
2018-11-29,2018-11-30 06:30:00,1.4167970418930054,1.1013587
2018-11-29,2018-11-30 06:45:00,0.9808589816093445,0.9784983
2018-11-29,2018-11-30 07:00:00,0.8507810235023499,0.7822003
2018-11-29,2018-11-30 07:15:00,0.5730469822883606,0.6776326
2018-11-29,2018-11-30 07:30:00,0.37968701124191284,0.51708543
2018-11-29,2018-11-30 07:45:00,0.24257799983024597,0.41140148
2018-11-29,2018-11-30 08:00:00,0.2460940033197403,0.28932738
2018-11-29,2018-11-30 08:15:00,0.1757809966802597,0.25388336
2018-11-29,2018-11-30 08:30:00,0.03515600040555,0.08107845
2018-11-29,2018-11-30 08:45:00,0.010546999983489513,0.0
2018-11-29,2018-11-30 09:00:00,0.0,0.0
2018-11-29,2018-11-30 09:15:00,0.0,0.0
2018-11-29,2018-11-30 09:30:00,0.0,0.0
2018-11-29,2018-11-30 09:45:00,0.0,0.0
2018-11-29,2018-11-30 10:00:00,0.0,0.0
2018-11-29,2018-11-30 10:15:00,0.0,0.0
2018-11-29,2018-11-30 10:30:00,0.0,0.0
2018-11-29,2018-11-30 10:45:00,0.0,0.0
2018-11-29,2018-11-30 11:00:00,0.0,0.0
2018-11-29,2018-11-30 11:15:00,0.0,0.0
2018-11-29,2018-11-30 11:30:00,0.0,0.0
2018-11-29,2018-11-30 11:45:00,0.0,0.0
2018-11-29,2018-11-30 12:00:00,0.0,0.0
2018-11-29,2018-11-30 12:15:00,0.0,0.0
2018-11-29,2018-11-30 12:30:00,0.0,0.0
2018-11-29,2018-11-30 12:45:00,0.0,0.0
2018-11-29,2018-11-30 13:00:00,0.0,0.0
2018-11-29,2018-11-30 13:15:00,0.0,0.0
2018-11-29,2018-11-30 13:30:00,0.0,0.0
2018-11-29,2018-11-30 13:45:00,0.0,0.0
2018-11-29,2018-11-30 14:00:00,0.0,0.0
2018-11-29,2018-11-30 14:15:00,0.0,0.0
2018-11-29,2018-11-30 14:30:00,0.0,0.0
2018-11-29,2018-11-30 14:45:00,0.0,0.0
2018-11-29,2018-11-30 15:00:00,0.0,0.0
2018-11-29,2018-11-30 15:15:00,0.0,0.0
2018-11-29,2018-11-30 15:30:00,0.0,0.0
2018-11-29,2018-11-30 15:45:00,0.0,0.0
2018-11-29,2018-11-30 16:00:00,0.0,0.0
2018-11-29,2018-11-30 16:15:00,0.0,0.0
2018-11-29,2018-11-30 16:30:00,0.0,0.0
2018-11-29,2018-11-30 16:45:00,0.0,0.0
2018-11-29,2018-11-30 17:00:00,0.0,0.0
2018-11-29,2018-11-30 17:15:00,0.0,0.0
2018-11-29,2018-11-30 17:30:00,0.0,0.0
2018-11-29,2018-11-30 17:45:00,0.0,0.0
2018-11-29,2018-11-30 18:00:00,0.0,0.0
2018-11-29,2018-11-30 18:15:00,0.0,0.0
2018-11-29,2018-11-30 18:30:00,0.0,0.0
2018-11-29,2018-11-30 18:45:00,0.0,0.0
2018-11-29,2018-11-30 19:00:00,0.0,0.0
2018-11-29,2018-11-30 19:15:00,0.0,0.0
2018-11-29,2018-11-30 19:30:00,0.0,0.0
2018-11-29,2018-11-30 19:45:00,0.0,0.0
2018-11-29,2018-11-30 20:00:00,0.0,0.0
2018-11-29,2018-11-30 20:15:00,0.0,0.0
2018-11-29,2018-11-30 20:30:00,0.0,0.0
2018-11-29,2018-11-30 20:45:00,0.0,0.0
2018-11-29,2018-11-30 21:00:00,0.0,0.0
2018-11-29,2018-11-30 21:15:00,0.0,0.0
2018-11-29,2018-11-30 21:30:00,0.0,0.0
2018-11-29,2018-11-30 21:45:00,0.0,0.0
2018-11-29,2018-11-30 22:00:00,0.0,0.0
2018-11-29,2018-11-30 22:15:00,0.0,0.0
2018-11-29,2018-11-30 22:30:00,0.0,0.0
2018-11-29,2018-11-30 22:45:00,0.0,0.0
2018-11-29,2018-11-30 23:00:00,0.0,0.0
2018-11-29,2018-11-30 23:15:00,0.0,0.0
2018-11-29,2018-11-30 23:30:00,0.0,0.0
2018-11-29,2018-11-30 23:45:00,0.0,0.02775248
