起报时间,预报时间,实际功率,PureLSTM预测功率,FusionModel预测功率,BiFusionModel预测功率
2019-02-21,2019-02-22 00:00:00,0.2355470061302185,0.06554589,0.13988248,0.21258913
2019-02-21,2019-02-22 00:15:00,0.3621090054512024,0.12861899,0.22804455,0.24984841
2019-02-21,2019-02-22 00:30:00,0.40781301259994507,0.1299335,0.30712795,0.4379638
2019-02-21,2019-02-22 00:45:00,0.5484369993209839,0.14056441,0.41736174,0.6385843
2019-02-21,2019-02-22 01:00:00,0.5765630006790161,0.16033068,0.49623725,0.8079679
2019-02-21,2019-02-22 01:15:00,0.6468750238418579,0.21571551,0.61080605,0.85067517
2019-02-21,2019-02-22 01:30:00,0.7382810115814209,0.23060755,0.74712545,1.1602805
2019-02-21,2019-02-22 01:45:00,1.0546879768371582,0.28201035,0.88095284,1.3156472
2019-02-21,2019-02-22 02:00:00,1.2937500476837158,0.3276776,1.031727,1.4098309
2019-02-21,2019-02-22 02:15:00,1.6628910303115845,0.3757266,1.1636358,1.6338943
2019-02-21,2019-02-22 02:30:00,2.021483898162842,0.4162947,1.3163158,1.7868246
2019-02-21,2019-02-22 02:45:00,1.8140619993209839,0.42706394,1.4516913,1.8129808
2019-02-21,2019-02-22 03:00:00,1.9722659587860107,0.4807742,1.6312684,1.9813361
2019-02-21,2019-02-22 03:15:00,1.9968750476837158,0.5151457,1.6974941,2.1120758
2019-02-21,2019-02-22 03:30:00,1.6628910303115845,0.5561949,1.8310018,2.2380702
2019-02-21,2019-02-22 03:45:00,1.652343988418579,0.5638579,1.9807773,2.266072
2019-02-21,2019-02-22 04:00:00,1.884374976158142,0.6226639,2.0473025,2.453496
2019-02-21,2019-02-22 04:15:00,2.010936975479126,0.64441335,2.1144514,2.4915137
2019-02-21,2019-02-22 04:30:00,2.26406192779541,0.7067543,2.1788301,2.5112312
2019-02-21,2019-02-22 04:45:00,2.1656250953674316,0.7503181,2.1824036,2.372149
2019-02-21,2019-02-22 05:00:00,2.366015911102295,0.8127456,2.1721225,2.2301755
2019-02-21,2019-02-22 05:15:00,2.3449220657348633,0.8474203,2.111381,2.3774436
2019-02-21,2019-02-22 05:30:00,1.8070310354232788,0.84268343,2.1196575,2.2044513
2019-02-21,2019-02-22 05:45:00,1.6769529581069946,0.85638636,2.0748577,2.188006
2019-02-21,2019-02-22 06:00:00,2.0531249046325684,0.80444366,2.0453176,2.2498713
2019-02-21,2019-02-22 06:15:00,2.5910160541534424,0.8183727,1.9373922,2.0390575
2019-02-21,2019-02-22 06:30:00,1.7156250476837158,0.76822525,1.8213325,2.0874662
2019-02-21,2019-02-22 06:45:00,1.5011719465255737,0.7324223,1.7156078,1.7439123
2019-02-21,2019-02-22 07:00:00,1.3394529819488525,0.69818807,1.5392029,1.6926255
2019-02-21,2019-02-22 07:15:00,1.2621090412139893,0.6586353,1.3895522,1.5679493
2019-02-21,2019-02-22 07:30:00,1.082811951637268,0.59472865,1.2196037,1.4091599
2019-02-21,2019-02-22 07:45:00,1.0230469703674316,0.52352834,1.0562379,1.3467654
2019-02-21,2019-02-22 08:00:00,1.4589840173721313,0.5028279,0.90609974,1.1949703
2019-02-21,2019-02-22 08:15:00,1.6769529581069946,0.42863446,0.7732435,1.1278343
2019-02-21,2019-02-22 08:30:00,1.5644530057907104,0.34647733,0.548666,0.91761196
2019-02-21,2019-02-22 08:45:00,1.1531250476837158,0.3067753,0.37923262,0.8391955
2019-02-21,2019-02-22 09:00:00,0.5203120112419128,0.31338358,0.2902025,0.6850565
2019-02-21,2019-02-22 09:15:00,0.1863279938697815,0.23003818,0.19625014,0.40103775
2019-02-21,2019-02-22 09:30:00,0.16523399949073792,0.17908722,0.07338607,0.34880647
2019-02-21,2019-02-22 09:45:00,0.09492199867963791,0.14547874,0.0,0.36542785
2019-02-21,2019-02-22 10:00:00,0.0,0.0821659,0.0,0.16957864
2019-02-21,2019-02-22 10:15:00,0.0,0.04363955,0.0,0.17337003
2019-02-21,2019-02-22 10:30:00,0.0,0.022377541,0.0,0.0
2019-02-21,2019-02-22 10:45:00,0.0,0.0,0.0,0.0
2019-02-21,2019-02-22 11:00:00,0.0,0.0,0.0,0.0
2019-02-21,2019-02-22 11:15:00,0.0,0.0,0.0,0.0
2019-02-21,2019-02-22 11:30:00,0.0,0.0,0.0,0.0
2019-02-21,2019-02-22 11:45:00,0.0,0.0,0.0,0.0
2019-02-21,2019-02-22 12:00:00,0.0,0.0,0.0,0.0
2019-02-21,2019-02-22 12:15:00,0.0,0.0,0.0,0.0
2019-02-21,2019-02-22 12:30:00,0.0,0.018082624,0.0,0.0
2019-02-21,2019-02-22 12:45:00,0.0,0.037682775,0.0,0.0
2019-02-21,2019-02-22 13:00:00,0.0,0.03819048,0.0,0.0
2019-02-21,2019-02-22 13:15:00,0.0,0.060775727,0.0,0.0
2019-02-21,2019-02-22 13:30:00,0.0,0.05739588,0.0,0.058876112
2019-02-21,2019-02-22 13:45:00,0.0,0.08348224,0.0,0.07273886
2019-02-21,2019-02-22 14:00:00,0.0,0.074398115,0.0,0.0
2019-02-21,2019-02-22 14:15:00,0.0,0.063893534,0.0,0.0
2019-02-21,2019-02-22 14:30:00,0.0,0.03468817,0.0,0.13274796
2019-02-21,2019-02-22 14:45:00,0.0,0.022457948,0.0,0.03367742
2019-02-21,2019-02-22 15:00:00,0.0,0.022497432,0.0,0.0
2019-02-21,2019-02-22 15:15:00,0.0,0.01453221,0.0,0.08783612
2019-02-21,2019-02-22 15:30:00,0.0,0.0055306084,0.0,0.012864117
2019-02-21,2019-02-22 15:45:00,0.0,0.0054047923,0.0,0.0
2019-02-21,2019-02-22 16:00:00,0.0,0.0,0.0,0.06982127
2019-02-21,2019-02-22 16:15:00,0.0,0.0,0.0,0.08861136
2019-02-21,2019-02-22 16:30:00,0.0,0.0,0.0,0.04970385
2019-02-21,2019-02-22 16:45:00,0.0,0.0,0.0,0.016866377
2019-02-21,2019-02-22 17:00:00,0.0,0.0,0.0,0.068093926
2019-02-21,2019-02-22 17:15:00,0.0,0.017749969,0.0,0.13690963
2019-02-21,2019-02-22 17:30:00,0.0,0.021684146,0.0,0.08201279
2019-02-21,2019-02-22 17:45:00,0.0,0.023890644,0.0,0.0671233
2019-02-21,2019-02-22 18:00:00,0.0,0.018965537,0.0,0.085901536
2019-02-21,2019-02-22 18:15:00,0.0,0.027049022,0.0,0.04073437
2019-02-21,2019-02-22 18:30:00,0.0,0.02031661,0.0,0.18627152
2019-02-21,2019-02-22 18:45:00,0.0,0.029451765,0.0,0.13712306
2019-02-21,2019-02-22 19:00:00,0.0,0.042607263,0.0,0.04789398
2019-02-21,2019-02-22 19:15:00,0.0,0.03736526,0.0,0.094203755
2019-02-21,2019-02-22 19:30:00,0.0,0.053778682,0.0,0.12527592
2019-02-21,2019-02-22 19:45:00,0.0,0.050668243,0.0,0.0462144
2019-02-21,2019-02-22 20:00:00,0.0,0.05997964,0.0,0.02410916
2019-02-21,2019-02-22 20:15:00,0.0,0.06888777,0.0,0.01588921
2019-02-21,2019-02-22 20:30:00,0.0,0.0862134,0.0,0.0
2019-02-21,2019-02-22 20:45:00,0.0,0.08258363,0.0,0.0
2019-02-21,2019-02-22 21:00:00,0.0,0.09239411,0.0,0.0
2019-02-21,2019-02-22 21:15:00,0.0,0.09082824,0.0,0.0
2019-02-21,2019-02-22 21:30:00,0.0,0.10290285,0.0,0.0
2019-02-21,2019-02-22 21:45:00,0.0,0.120030716,0.0,0.0
2019-02-21,2019-02-22 22:00:00,0.0,0.12727898,0.0,0.0
2019-02-21,2019-02-22 22:15:00,0.0,0.12997441,0.0,0.0
2019-02-21,2019-02-22 22:30:00,0.0,0.15150802,0.0,0.0
2019-02-21,2019-02-22 22:45:00,0.0,0.1489274,0.0,0.0
2019-02-21,2019-02-22 23:00:00,0.0,0.18619809,0.0,0.0
2019-02-21,2019-02-22 23:15:00,0.007031000219285488,0.18997118,0.021606166,0.0
2019-02-21,2019-02-22 23:30:00,0.10898400098085403,0.22658639,0.073763296,0.022288812
2019-02-21,2019-02-22 23:45:00,0.21796900033950806,0.2487597,0.10921655,0.26059535
2019-02-22,2019-02-23 00:00:00,0.3515619933605194,0.30718088,0.33878997,0.3519027
2019-02-22,2019-02-23 00:15:00,0.5203120112419128,0.44951117,0.48304048,0.42237908
2019-02-22,2019-02-23 00:30:00,0.7347660064697266,0.5215263,0.6507133,0.66378
2019-02-22,2019-02-23 00:45:00,0.9949219822883606,0.6170747,0.88704437,0.8451673
2019-02-22,2019-02-23 01:00:00,1.2410160303115845,0.74274915,1.0062288,0.99375325
2019-02-22,2019-02-23 01:15:00,1.4800779819488525,0.90728927,1.2338423,1.136152
2019-02-22,2019-02-23 01:30:00,1.7121089696884155,1.0125998,1.4437009,1.4312389
2019-02-22,2019-02-23 01:45:00,2.003906011581421,1.1782056,1.6344192,1.5922053
2019-02-22,2019-02-23 02:00:00,2.267577886581421,1.3278626,1.8763713,1.6741713
2019-02-22,2019-02-23 02:15:00,2.5769529342651367,1.4874798,2.0368721,1.886075
2019-02-22,2019-02-23 02:30:00,2.784374952316284,1.6232669,2.2482693,2.0803657
2019-02-22,2019-02-23 02:45:00,3.005858898162842,1.7034615,2.412487,2.0807683
2019-02-22,2019-02-23 03:00:00,3.128906011581421,1.8498806,2.60663,2.268188
2019-02-22,2019-02-23 03:15:00,3.1746089458465576,1.912141,2.6828048,2.3607128
2019-02-22,2019-02-23 03:30:00,3.364453077316284,2.0025408,2.7989707,2.4285753
2019-02-22,2019-02-23 03:45:00,3.4558589458465576,2.0340185,2.9506674,2.4550815
2019-02-22,2019-02-23 04:00:00,3.533202886581421,2.1036458,3.0320973,2.573271
2019-02-22,2019-02-23 04:15:00,3.6140620708465576,2.115175,3.048619,2.5548005
2019-02-22,2019-02-23 04:30:00,3.6070311069488525,2.170304,3.1255448,2.6114078
2019-02-22,2019-02-23 04:45:00,3.3433589935302734,2.180104,3.0890598,2.4519231
2019-02-22,2019-02-23 05:00:00,3.4066410064697266,2.1708026,3.0408804,2.2700815
2019-02-22,2019-02-23 05:15:00,3.5718750953674316,2.145379,2.9297197,2.3760145
2019-02-22,2019-02-23 05:30:00,3.4945309162139893,2.0594296,2.9330812,2.1967819
2019-02-22,2019-02-23 05:45:00,3.2906250953674316,1.9733392,2.860329,2.0983648
2019-02-22,2019-02-23 06:00:00,3.3539059162139893,1.8344759,2.8385155,2.068986
2019-02-22,2019-02-23 06:15:00,3.244921922683716,1.7434745,2.718518,1.9227709
2019-02-22,2019-02-23 06:30:00,2.946094036102295,1.5941051,2.5879116,1.9589051
2019-02-22,2019-02-23 06:45:00,2.960155963897705,1.441206,2.462954,1.5749888
2019-02-22,2019-02-23 07:00:00,2.6332030296325684,1.318082,2.2507699,1.5064816
2019-02-22,2019-02-23 07:15:00,2.3871090412139893,1.1767946,2.143915,1.3566221
2019-02-22,2019-02-23 07:30:00,2.102344036102295,1.0067813,1.9611994,1.214401
2019-02-22,2019-02-23 07:45:00,1.919530987739563,0.85729784,1.8148345,1.1516039
2019-02-22,2019-02-23 08:00:00,1.5082030296325684,0.74327934,1.6002274,0.99543566
2019-02-22,2019-02-23 08:15:00,1.272655963897705,0.6127437,1.4557861,0.8827274
2019-02-22,2019-02-23 08:30:00,1.0371090173721313,0.44867945,1.1826727,0.7184343
2019-02-22,2019-02-23 08:45:00,0.7136719822883606,0.35473004,0.9542379,0.7185065
2019-02-22,2019-02-23 09:00:00,0.471094012260437,0.30171272,0.79944485,0.47659773
2019-02-22,2019-02-23 09:15:00,0.31992200016975403,0.21274868,0.6502205,0.29529017
2019-02-22,2019-02-23 09:30:00,0.1863279938697815,0.14713521,0.45019653,0.24089803
2019-02-22,2019-02-23 09:45:00,0.014062000438570976,0.10440663,0.3246994,0.2180613
2019-02-22,2019-02-23 10:00:00,0.0,0.056372214,0.17704509,0.11953112
2019-02-22,2019-02-23 10:15:00,0.0,0.014089932,0.06683018,0.16067943
2019-02-22,2019-02-23 10:30:00,0.0,0.001494729,0.050581828,0.0
2019-02-22,2019-02-23 10:45:00,0.0,0.0,0.0,0.0
2019-02-22,2019-02-23 11:00:00,0.0,0.0,0.0,0.0
2019-02-22,2019-02-23 11:15:00,0.0,0.0,0.0,0.0
2019-02-22,2019-02-23 11:30:00,0.0,0.0,0.0,0.0
2019-02-22,2019-02-23 11:45:00,0.0,0.0,0.0,0.0
2019-02-22,2019-02-23 12:00:00,0.0,0.0,0.0,0.0
2019-02-22,2019-02-23 12:15:00,0.0,0.0,0.0,0.012711122
2019-02-22,2019-02-23 12:30:00,0.0,0.0,0.0,0.00500803
2019-02-22,2019-02-23 12:45:00,0.0,0.0,0.008038283,0.0
2019-02-22,2019-02-23 13:00:00,0.0,0.0,0.040287685,0.0
2019-02-22,2019-02-23 13:15:00,0.0,0.0,0.017591825,0.0
2019-02-22,2019-02-23 13:30:00,0.0,0.0,0.027013633,0.12517914
2019-02-22,2019-02-23 13:45:00,0.0,0.0,0.0,0.10625062
2019-02-22,2019-02-23 14:00:00,0.0,0.0,0.011466091,0.0009845113
2019-02-22,2019-02-23 14:15:00,0.0,0.0,0.0032108226,0.04492932
2019-02-22,2019-02-23 14:30:00,0.0,0.0,0.0,0.1211727
2019-02-22,2019-02-23 14:45:00,0.0,0.0,0.0,0.10151413
2019-02-22,2019-02-23 15:00:00,0.0,0.0,0.0,0.0
2019-02-22,2019-02-23 15:15:00,0.0,0.0,0.0,0.12478596
2019-02-22,2019-02-23 15:30:00,0.0,0.0,0.0,0.04728008
2019-02-22,2019-02-23 15:45:00,0.0,0.0,0.0,0.019167418
2019-02-22,2019-02-23 16:00:00,0.0,0.0,0.0,0.08330618
2019-02-22,2019-02-23 16:15:00,0.0,0.0,0.0,0.080134474
2019-02-22,2019-02-23 16:30:00,0.0,0.0,0.0,0.13861386
2019-02-22,2019-02-23 16:45:00,0.0,0.0,0.0,0.03235741
2019-02-22,2019-02-23 17:00:00,0.0,0.0,0.0,0.061526302
2019-02-22,2019-02-23 17:15:00,0.0,0.0,0.0,0.10359351
2019-02-22,2019-02-23 17:30:00,0.0,0.0,0.0,0.062240385
2019-02-22,2019-02-23 17:45:00,0.0,0.0,0.0,0.0017876134
2019-02-22,2019-02-23 18:00:00,0.0,0.0,0.0,0.07129919
2019-02-22,2019-02-23 18:15:00,0.0,0.0,0.0,0.0066850893
2019-02-22,2019-02-23 18:30:00,0.0,0.0,0.0,0.13724765
2019-02-22,2019-02-23 18:45:00,0.0,0.0,0.0,0.1282699
2019-02-22,2019-02-23 19:00:00,0.0,0.0,0.0,0.0
2019-02-22,2019-02-23 19:15:00,0.0,0.0,0.0,0.023953706
2019-02-22,2019-02-23 19:30:00,0.0,0.0,0.0,0.048098143
2019-02-22,2019-02-23 19:45:00,0.0,0.0,0.0,0.0
2019-02-22,2019-02-23 20:00:00,0.0,0.004019769,0.0,0.0
2019-02-22,2019-02-23 20:15:00,0.0,0.0074431114,0.0,0.0
2019-02-22,2019-02-23 20:30:00,0.0,0.029719856,0.0,0.0
2019-02-22,2019-02-23 20:45:00,0.0,0.02810637,0.0,0.0
2019-02-22,2019-02-23 21:00:00,0.0,0.048185628,0.0,0.0
2019-02-22,2019-02-23 21:15:00,0.0,0.047146715,0.0,0.0
2019-02-22,2019-02-23 21:30:00,0.0,0.066012464,0.0,0.0
2019-02-22,2019-02-23 21:45:00,0.0,0.07398736,0.0,0.0
2019-02-22,2019-02-23 22:00:00,0.0,0.084963925,0.0,0.0
2019-02-22,2019-02-23 22:15:00,0.0,0.08976672,0.0,0.0
2019-02-22,2019-02-23 22:30:00,0.0,0.110575564,0.0,0.0
2019-02-22,2019-02-23 22:45:00,0.0,0.12119421,0.0,0.0
2019-02-22,2019-02-23 23:00:00,0.0,0.16993892,0.0,0.0
2019-02-22,2019-02-23 23:15:00,0.03515600040555,0.19208658,0.014218411,0.0
2019-02-22,2019-02-23 23:30:00,0.13359400629997253,0.26920563,0.10590384,0.075620666
2019-02-22,2019-02-23 23:45:00,0.22851599752902985,0.33533025,0.17939064,0.33988264
2019-02-23,2019-02-24 00:00:00,0.4007810056209564,0.47686508,0.48485813,0.5065176
2019-02-23,2019-02-24 00:15:00,0.5730469822883606,0.65478265,0.65273154,0.5941236
2019-02-23,2019-02-24 00:30:00,0.7699220180511475,0.8100235,0.827577,0.85719717
2019-02-23,2019-02-24 00:45:00,0.956250011920929,0.9783812,1.0807972,1.1050119
2019-02-23,2019-02-24 01:00:00,1.209375023841858,1.190167,1.2196236,1.3344553
2019-02-23,2019-02-24 01:15:00,1.4660160541534424,1.4244307,1.4676044,1.4231095
2019-02-23,2019-02-24 01:30:00,1.6136720180511475,1.603406,1.6841658,1.7348994
2019-02-23,2019-02-24 01:45:00,1.8808590173721313,1.8486193,1.8911517,1.9398764
2019-02-23,2019-02-24 02:00:00,2.0777339935302734,2.0946202,2.1359026,2.0572062
2019-02-23,2019-02-24 02:15:00,1.9968750476837158,2.3277366,2.3096852,2.302476
2019-02-23,2019-02-24 02:30:00,2.3589839935302734,2.5131736,2.4968064,2.414254
2019-02-23,2019-02-24 02:45:00,2.5804688930511475,2.6486418,2.6730807,2.5091448
2019-02-23,2019-02-24 03:00:00,2.3519530296325684,2.8420024,2.8673346,2.641972
2019-02-23,2019-02-24 03:15:00,2.0531249046325684,2.8944025,2.9028006,2.8097146
2019-02-23,2019-02-24 03:30:00,2.26406192779541,2.990311,3.0483468,2.8849447
2019-02-23,2019-02-24 03:45:00,1.9582029581069946,3.0134351,3.1641946,2.8310657
2019-02-23,2019-02-24 04:00:00,1.497655987739563,3.0545356,3.2190151,3.0064185
2019-02-23,2019-02-24 04:15:00,1.6347659826278687,3.017993,3.2185967,3.022469
2019-02-23,2019-02-24 04:30:00,2.1410160064697266,3.0525296,3.2821069,3.0290656
2019-02-23,2019-02-24 04:45:00,1.9230469465255737,3.0389302,3.2018514,2.8017337
2019-02-23,2019-02-24 05:00:00,2.489063024520874,2.9813175,3.1322577,2.6564896
2019-02-23,2019-02-24 05:15:00,2.242969036102295,2.954093,2.987394,2.7300382
2019-02-23,2019-02-24 05:30:00,1.6101560592651367,2.8258314,2.9734864,2.6036592
2019-02-23,2019-02-24 05:45:00,1.9968750476837158,2.7177253,2.8486898,2.5239277
2019-02-23,2019-02-24 06:00:00,1.4695310592651367,2.5294418,2.8234515,2.5250802
2019-02-23,2019-02-24 06:15:00,1.314844012260437,2.416782,2.6658084,2.3043506
2019-02-23,2019-02-24 06:30:00,1.3816410303115845,2.240869,2.5146763,2.241425
2019-02-23,2019-02-24 06:45:00,1.2937500476837158,2.027969,2.3613691,1.9487952
2019-02-23,2019-02-24 07:00:00,1.1425780057907104,1.8722318,2.1159778,1.8062949
2019-02-23,2019-02-24 07:15:00,1.1636719703674316,1.683288,1.9989257,1.6751652
2019-02-23,2019-02-24 07:30:00,1.117969036102295,1.4597003,1.7724144,1.5468554
2019-02-23,2019-02-24 07:45:00,1.082811951637268,1.2555097,1.5961208,1.4251349
2019-02-23,2019-02-24 08:00:00,0.8085939884185791,1.0549287,1.39067,1.255637
2019-02-23,2019-02-24 08:15:00,0.6152340173721313,0.89077795,1.254155,1.1733981
2019-02-23,2019-02-24 08:30:00,0.46406298875808716,0.64763725,0.94086677,0.94279504
2019-02-23,2019-02-24 08:45:00,0.33398398756980896,0.50515956,0.7145039,0.84505606
2019-02-23,2019-02-24 09:00:00,0.2355470061302185,0.3946761,0.59363437,0.6970523
2019-02-23,2019-02-24 09:15:00,0.16875000298023224,0.26830235,0.4528903,0.39529854
2019-02-23,2019-02-24 09:30:00,0.12656299769878387,0.18481335,0.27916017,0.34265292
2019-02-23,2019-02-24 09:45:00,0.021093999966979027,0.11416342,0.15826955,0.338684
2019-02-23,2019-02-24 10:00:00,0.0,0.063443184,0.03894727,0.16343133
2019-02-23,2019-02-24 10:15:00,0.0,0.0,0.0,0.20187202
2019-02-23,2019-02-24 10:30:00,0.0,0.0,0.0,0.039186638
2019-02-23,2019-02-24 10:45:00,0.0,0.0,0.0,0.0
2019-02-23,2019-02-24 11:00:00,0.0,0.0,0.0,0.0
2019-02-23,2019-02-24 11:15:00,0.0,0.0,0.0,0.0
2019-02-23,2019-02-24 11:30:00,0.0,0.0,0.0,0.0
2019-02-23,2019-02-24 11:45:00,0.0,0.0,0.0,0.0
2019-02-23,2019-02-24 12:00:00,0.0,0.0,0.0,0.0
2019-02-23,2019-02-24 12:15:00,0.0,0.0,0.0,0.0
2019-02-23,2019-02-24 12:30:00,0.0,0.0,0.0,0.0
2019-02-23,2019-02-24 12:45:00,0.0,0.0,0.0,0.0
2019-02-23,2019-02-24 13:00:00,0.0,0.0,0.0,0.0058178655
2019-02-23,2019-02-24 13:15:00,0.0,0.0,0.0,0.007162788
2019-02-23,2019-02-24 13:30:00,0.0,0.0,0.0,0.14085777
2019-02-23,2019-02-24 13:45:00,0.0,0.0,0.0,0.1768265
2019-02-23,2019-02-24 14:00:00,0.0,0.0,0.0,0.001251821
2019-02-23,2019-02-24 14:15:00,0.0,0.0,0.0,0.004841929
2019-02-23,2019-02-24 14:30:00,0.0,0.0,0.0,0.17419119
2019-02-23,2019-02-24 14:45:00,0.0,0.0,0.0,0.10784614
2019-02-23,2019-02-24 15:00:00,0.0,0.0,0.0,0.0
2019-02-23,2019-02-24 15:15:00,0.0,0.0,0.0,0.15242091
2019-02-23,2019-02-24 15:30:00,0.0,0.0,0.0,0.07563125
2019-02-23,2019-02-24 15:45:00,0.0,0.0,0.0,0.049437344
2019-02-23,2019-02-24 16:00:00,0.0,0.0,0.0,0.08970893
2019-02-23,2019-02-24 16:15:00,0.0,0.0,0.0,0.11532483
2019-02-23,2019-02-24 16:30:00,0.0,0.0,0.0,0.10157334
2019-02-23,2019-02-24 16:45:00,0.0,0.0,0.0,0.018638395
2019-02-23,2019-02-24 17:00:00,0.0,0.0,0.0,0.06978379
2019-02-23,2019-02-24 17:15:00,0.0,0.020328462,0.0,0.15163794
2019-02-23,2019-02-24 17:30:00,0.0,0.007485537,0.0,0.08609726
2019-02-23,2019-02-24 17:45:00,0.0,0.028603707,0.0,0.03709653
2019-02-23,2019-02-24 18:00:00,0.0,0.011023317,0.0,0.099208
2019-02-23,2019-02-24 18:15:00,0.0,0.01478664,0.0,0.06505853
2019-02-23,2019-02-24 18:30:00,0.0,0.030455535,0.0,0.15975805
2019-02-23,2019-02-24 18:45:00,0.0,0.028719708,0.0,0.115379915
2019-02-23,2019-02-24 19:00:00,0.0,0.047134493,0.0,0.03631782
2019-02-23,2019-02-24 19:15:00,0.0,0.06146651,0.0,0.080325074
2019-02-23,2019-02-24 19:30:00,0.0,0.038964346,0.0,0.12109864
2019-02-23,2019-02-24 19:45:00,0.0,0.03315855,0.0,0.062084604
2019-02-23,2019-02-24 20:00:00,0.0,0.05343117,0.0,0.018953592
2019-02-23,2019-02-24 20:15:00,0.0,0.040710665,0.0,0.019086024
2019-02-23,2019-02-24 20:30:00,0.0,0.05397694,0.0,0.0
2019-02-23,2019-02-24 20:45:00,0.0,0.046581604,0.0,0.0
2019-02-23,2019-02-24 21:00:00,0.0,0.08099531,0.0,0.0
2019-02-23,2019-02-24 21:15:00,0.0,0.08004367,0.0,0.0
2019-02-23,2019-02-24 21:30:00,0.0,0.10195602,0.0,0.0
2019-02-23,2019-02-24 21:45:00,0.0,0.10130537,0.0,0.0
2019-02-23,2019-02-24 22:00:00,0.0,0.14088583,0.0,0.0
2019-02-23,2019-02-24 22:15:00,0.0,0.1675858,0.0,0.0
2019-02-23,2019-02-24 22:30:00,0.0,0.19999333,0.0,0.0
2019-02-23,2019-02-24 22:45:00,0.0,0.22877398,0.0,0.0
2019-02-23,2019-02-24 23:00:00,0.0,0.2878157,0.0,0.11339336
2019-02-23,2019-02-24 23:15:00,0.007031000219285488,0.36700928,0.025244126,0.13920137
2019-02-23,2019-02-24 23:30:00,0.09140600264072418,0.46734178,0.14170001,0.2517622
2019-02-23,2019-02-24 23:45:00,0.21445299685001373,0.59577036,0.21077067,0.531128
2019-02-24,2019-02-25 00:00:00,0.26718801259994507,0.19671462,0.38793918,0.37580574
2019-02-24,2019-02-25 00:15:00,0.4781250059604645,0.31649664,0.53901476,0.50444293
2019-02-24,2019-02-25 00:30:00,0.5730469822883606,0.36286142,0.68061733,0.6870647
2019-02-24,2019-02-25 00:45:00,0.7277340292930603,0.43005908,0.8783372,0.8660009
2019-02-24,2019-02-25 01:00:00,1.0089839696884155,0.5208541,0.9683468,0.9882243
2019-02-24,2019-02-25 01:15:00,1.2269530296325684,0.6536628,1.1547524,1.1019201
2019-02-24,2019-02-25 01:30:00,1.4308589696884155,0.7234251,1.313323,1.3860092
2019-02-24,2019-02-25 01:45:00,1.6664060354232788,0.84209794,1.4680002,1.4722505
2019-02-24,2019-02-25 02:00:00,1.8562500476837158,0.9493212,1.6513231,1.5650617
2019-02-24,2019-02-25 02:15:00,2.109375,1.0626293,1.766807,1.6890992
2019-02-24,2019-02-25 02:30:00,2.2113280296325684,1.154435,1.9385333,1.8765728
2019-02-24,2019-02-25 02:45:00,2.3273439407348633,1.2051388,2.0516884,1.8727478
2019-02-24,2019-02-25 03:00:00,2.397655963897705,1.298497,2.194952,2.0003905
2019-02-24,2019-02-25 03:15:00,2.548827886581421,1.345277,2.2190852,2.0197978
2019-02-24,2019-02-25 03:30:00,2.6085939407348633,1.4013187,2.3316138,2.0618143
2019-02-24,2019-02-25 03:45:00,2.707031011581421,1.4103508,2.4225914,2.0380864
2019-02-24,2019-02-25 04:00:00,2.742187976837158,1.4614162,2.4865673,2.0875797
2019-02-24,2019-02-25 04:15:00,2.794922113418579,1.4585668,2.4704704,2.048194
2019-02-24,2019-02-25 04:30:00,2.777343988418579,1.4900731,2.5142155,2.0040617
2019-02-24,2019-02-25 04:45:00,2.707031011581421,1.4848171,2.450441,1.8987113
2019-02-24,2019-02-25 05:00:00,2.6683590412139893,1.4779698,2.37752,1.6725082
2019-02-24,2019-02-25 05:15:00,2.6261720657348633,1.4459817,2.2824926,1.760923
2019-02-24,2019-02-25 05:30:00,2.2886719703674316,1.3695046,2.2424245,1.5382637
2019-02-24,2019-02-25 05:45:00,2.496093988418579,1.2885765,2.1608999,1.3840364
2019-02-24,2019-02-25 06:00:00,2.496093988418579,1.1689671,2.1359653,1.3820654
2019-02-24,2019-02-25 06:15:00,2.373047113418579,1.1077937,1.9819349,1.2707398
2019-02-24,2019-02-25 06:30:00,2.2464840412139893,0.9849418,1.8539667,1.2241163
2019-02-24,2019-02-25 06:45:00,2.0425779819488525,0.8606574,1.7469238,0.87792915
2019-02-24,2019-02-25 07:00:00,1.9019529819488525,0.76492673,1.5548445,0.82263654
2019-02-24,2019-02-25 07:15:00,1.736719012260437,0.6698321,1.4450969,0.70292664
2019-02-24,2019-02-25 07:30:00,1.4695310592651367,0.5506114,1.2764688,0.60038894
2019-02-24,2019-02-25 07:45:00,0.8578130006790161,0.44290122,1.1552875,0.5492476
2019-02-24,2019-02-25 08:00:00,1.1636719703674316,0.3733343,0.99122703,0.43398845
2019-02-24,2019-02-25 08:15:00,0.6011719703674316,0.29599518,0.88961434,0.30329832
2019-02-24,2019-02-25 08:30:00,0.6574220061302185,0.18656816,0.66105866,0.23668015
2019-02-24,2019-02-25 08:45:00,0.5238280296325684,0.1379834,0.48615718,0.2696995
2019-02-24,2019-02-25 09:00:00,0.3761720061302185,0.13152617,0.3975816,0.049331754
2019-02-24,2019-02-25 09:15:00,0.1511719971895218,0.074039616,0.29020476,0.0073323566
2019-02-24,2019-02-25 09:30:00,0.09843800216913223,0.041252486,0.17740275,0.017332636
2019-02-24,2019-02-25 09:45:00,0.010546999983489513,0.02554057,0.089894176,0.007163066
2019-02-24,2019-02-25 10:00:00,0.0,0.004960456,0.0,0.020066595
2019-02-24,2019-02-25 10:15:00,0.0,0.0,0.0,0.062897444
2019-02-24,2019-02-25 10:30:00,0.0,0.0,0.0,0.0
2019-02-24,2019-02-25 10:45:00,0.0,0.0,0.0,0.0
2019-02-24,2019-02-25 11:00:00,0.0,0.0,0.0,0.0115617225
2019-02-24,2019-02-25 11:15:00,0.0,0.0,0.0,0.0
2019-02-24,2019-02-25 11:30:00,0.0,0.0,0.0,0.0
2019-02-24,2019-02-25 11:45:00,0.0,0.0,0.0,0.04877728
2019-02-24,2019-02-25 12:00:00,0.0,0.0,0.0,0.06946661
2019-02-24,2019-02-25 12:15:00,0.0,0.0039284164,0.0,0.12446004
2019-02-24,2019-02-25 12:30:00,0.0,0.020358007,0.0,0.10804532
2019-02-24,2019-02-25 12:45:00,0.0,0.020482568,0.0,0.119037
2019-02-24,2019-02-25 13:00:00,0.0,0.011792573,0.0,0.09447202
2019-02-24,2019-02-25 13:15:00,0.0,0.017283535,0.0,0.124624066
2019-02-24,2019-02-25 13:30:00,0.0,0.0071437047,0.0,0.2794101
2019-02-24,2019-02-25 13:45:00,0.0,0.01903907,0.0,0.21639061
2019-02-24,2019-02-25 14:00:00,0.0,0.0071634157,0.0,0.08727489
2019-02-24,2019-02-25 14:15:00,0.0,0.0040220325,0.0,0.11717834
2019-02-24,2019-02-25 14:30:00,0.0,0.0,0.0,0.18490773
2019-02-24,2019-02-25 14:45:00,0.0,0.0,0.0,0.1302987
2019-02-24,2019-02-25 15:00:00,0.0,0.0,0.0,0.028638808
2019-02-24,2019-02-25 15:15:00,0.0,0.0,0.0,0.14199954
2019-02-24,2019-02-25 15:30:00,0.0,0.0,0.0,0.050733425
2019-02-24,2019-02-25 15:45:00,0.0,0.0,0.0,0.04782466
2019-02-24,2019-02-25 16:00:00,0.0,0.0,0.0,0.09354778
2019-02-24,2019-02-25 16:15:00,0.0,0.0,0.0,0.089585304
2019-02-24,2019-02-25 16:30:00,0.0,0.0,0.0,0.105657645
2019-02-24,2019-02-25 16:45:00,0.0,0.0,0.0,0.030202875
2019-02-24,2019-02-25 17:00:00,0.0,0.0,0.0,0.0022204898
2019-02-24,2019-02-25 17:15:00,0.0,0.007993245,0.0,0.0675147
2019-02-24,2019-02-25 17:30:00,0.0,0.021885738,0.0,0.00411929
2019-02-24,2019-02-25 17:45:00,0.0,0.01995733,0.0,0.0
2019-02-24,2019-02-25 18:00:00,0.0,0.013358821,0.0,0.0137503315
2019-02-24,2019-02-25 18:15:00,0.0,0.018426884,0.0,0.0
2019-02-24,2019-02-25 18:30:00,0.0,0.0065744785,0.0,0.06680842
2019-02-24,2019-02-25 18:45:00,0.0,0.019850917,0.0,0.14301029
2019-02-24,2019-02-25 19:00:00,0.0,0.024229554,0.0,0.0
2019-02-24,2019-02-25 19:15:00,0.0,0.02183751,0.0,0.0
2019-02-24,2019-02-25 19:30:00,0.0,0.023085712,0.0,0.032108072
2019-02-24,2019-02-25 19:45:00,0.0,0.01855486,0.0,0.0
2019-02-24,2019-02-25 20:00:00,0.0,0.025783252,0.0,0.0
2019-02-24,2019-02-25 20:15:00,0.0,0.016888823,0.0,0.0
2019-02-24,2019-02-25 20:30:00,0.0,0.04149103,0.0,0.0
2019-02-24,2019-02-25 20:45:00,0.0,0.034233835,0.0,0.0
2019-02-24,2019-02-25 21:00:00,0.0,0.049986634,0.0,0.0
2019-02-24,2019-02-25 21:15:00,0.0,0.04974628,0.0,0.0
2019-02-24,2019-02-25 21:30:00,0.0,0.06563495,0.0,0.0
2019-02-24,2019-02-25 21:45:00,0.0,0.07826069,0.0,0.0
2019-02-24,2019-02-25 22:00:00,0.0,0.07668599,0.0,0.0
2019-02-24,2019-02-25 22:15:00,0.0,0.079803705,0.0,0.0
2019-02-24,2019-02-25 22:30:00,0.0,0.10345961,0.0,0.0
2019-02-24,2019-02-25 22:45:00,0.0,0.1155182,0.0,0.026208619
2019-02-24,2019-02-25 23:00:00,0.0,0.16007276,0.0,0.09543814
2019-02-24,2019-02-25 23:15:00,0.0,0.1819113,0.021015203,0.110023126
2019-02-24,2019-02-25 23:30:00,0.05624999850988388,0.24588709,0.12234225,0.2393209
2019-02-24,2019-02-25 23:45:00,0.20390599966049194,0.2880967,0.19109248,0.47916412
2019-02-25,2019-02-26 00:00:00,0.23906299471855164,0.26989865,0.31672862,0.37372413
2019-02-25,2019-02-26 00:15:00,0.28476598858833313,0.42806274,0.42070416,0.48201343
2019-02-25,2019-02-26 00:30:00,0.330469012260437,0.54416823,0.53003764,0.70191944
2019-02-25,2019-02-26 00:45:00,0.5660160183906555,0.679455,0.6631819,0.90429354
2019-02-25,2019-02-26 01:00:00,0.7277340292930603,0.8573011,0.74576837,1.0387331
2019-02-25,2019-02-26 01:15:00,0.8050780296325684,1.0671425,0.8840936,1.1684598
2019-02-25,2019-02-26 01:30:00,0.9316409826278687,1.2176387,1.0108681,1.481923
2019-02-25,2019-02-26 01:45:00,1.0863280296325684,1.4284054,1.1316143,1.597114
2019-02-25,2019-02-26 02:00:00,1.6980470418930054,1.6425765,1.2793337,1.687497
2019-02-25,2019-02-26 02:15:00,1.5011719465255737,1.8527415,1.3811625,1.8440504
2019-02-25,2019-02-26 02:30:00,1.3183590173721313,2.0268104,1.5055414,1.999022
2019-02-25,2019-02-26 02:45:00,1.0968749523162842,2.153883,1.6103592,2.0227365
2019-02-25,2019-02-26 03:00:00,0.9808589816093445,2.3252168,1.722677,2.1977684
2019-02-25,2019-02-26 03:15:00,1.3886719942092896,2.3918498,1.7241406,2.2885437
2019-02-25,2019-02-26 03:30:00,1.7015620470046997,2.4808962,1.8216563,2.3104367
2019-02-25,2019-02-26 03:45:00,1.771875023841858,2.5127902,1.9052505,2.2844014
2019-02-25,2019-02-26 04:00:00,1.9863280057907104,2.56404,1.9410657,2.3758683
2019-02-25,2019-02-26 04:15:00,1.6558589935302734,2.5342662,1.9266973,2.3158343
2019-02-25,2019-02-26 04:30:00,1.884374976158142,2.5537117,1.9702345,2.3443165
2019-02-25,2019-02-26 04:45:00,1.771875023841858,2.527055,1.9032332,2.1923413
2019-02-25,2019-02-26 05:00:00,2.1304690837860107,2.4666626,1.8580428,1.9857403
2019-02-25,2019-02-26 05:15:00,1.9054689407348633,2.4228923,1.7624913,2.077586
2019-02-25,2019-02-26 05:30:00,1.7085939645767212,2.2860205,1.7257198,1.859548
2019-02-25,2019-02-26 05:45:00,1.490625023841858,2.1584702,1.6462735,1.7261983
2019-02-25,2019-02-26 06:00:00,1.5714839696884155,1.9773779,1.631376,1.7330076
2019-02-25,2019-02-26 06:15:00,1.6699219942092896,1.8651755,1.4962834,1.5686187
2019-02-25,2019-02-26 06:30:00,1.5257810354232788,1.6924682,1.3876756,1.5640583
2019-02-25,2019-02-26 06:45:00,1.5644530057907104,1.4789822,1.2900699,1.1892976
2019-02-25,2019-02-26 07:00:00,1.3429689407348633,1.3289409,1.1330856,1.1163301
2019-02-25,2019-02-26 07:15:00,1.3535159826278687,1.1644496,1.0616685,1.0001493
2019-02-25,2019-02-26 07:30:00,1.2374999523162842,0.9699895,0.90985507,0.87284935
2019-02-25,2019-02-26 07:45:00,0.9808589816093445,0.79555815,0.8064865,0.8237475
2019-02-25,2019-02-26 08:00:00,0.9316409826278687,0.63499194,0.6894632,0.6383862
2019-02-25,2019-02-26 08:15:00,0.9140620231628418,0.51990986,0.6320829,0.5357014
2019-02-25,2019-02-26 08:30:00,0.675000011920929,0.32630888,0.43914583,0.42341807
2019-02-25,2019-02-26 08:45:00,0.5378909707069397,0.2341319,0.3050263,0.4128839
2019-02-25,2019-02-26 09:00:00,0.40781301259994507,0.17165446,0.22892757,0.21140055
2019-02-25,2019-02-26 09:15:00,0.29531198740005493,0.09615166,0.15655483,0.08564643
2019-02-25,2019-02-26 09:30:00,0.1511719971895218,0.056114636,0.07689112,0.080133274
2019-02-25,2019-02-26 09:45:00,0.04570300132036209,0.02296938,0.0,0.06268265
2019-02-25,2019-02-26 10:00:00,0.0,0.013225537,0.0,0.009399316
2019-02-25,2019-02-26 10:15:00,0.0,0.0,0.0,0.06279167
2019-02-25,2019-02-26 10:30:00,0.0,0.0,0.0,0.0
2019-02-25,2019-02-26 10:45:00,0.0,0.0,0.0,0.0
2019-02-25,2019-02-26 11:00:00,0.0,0.0,0.0,0.0
2019-02-25,2019-02-26 11:15:00,0.0,0.0,0.0,0.0
2019-02-25,2019-02-26 11:30:00,0.0,0.0,0.0,0.0
2019-02-25,2019-02-26 11:45:00,0.0,0.0,0.0,0.0
2019-02-25,2019-02-26 12:00:00,0.0,0.0,0.0,0.0
2019-02-25,2019-02-26 12:15:00,0.0,0.0,0.0,0.06962087
2019-02-25,2019-02-26 12:30:00,0.0,0.0,0.0,0.036002085
2019-02-25,2019-02-26 12:45:00,0.0,0.0,0.0,0.014886388
2019-02-25,2019-02-26 13:00:00,0.0,0.0,0.0,0.027099019
2019-02-25,2019-02-26 13:15:00,0.0,0.0,0.0,0.059230965
2019-02-25,2019-02-26 13:30:00,0.0,0.0,0.0,0.20361723
2019-02-25,2019-02-26 13:45:00,0.0,0.0,0.0,0.1734274
2019-02-25,2019-02-26 14:00:00,0.0,0.0,0.0,0.042710323
2019-02-25,2019-02-26 14:15:00,0.0,0.0,0.0,0.06528199
2019-02-25,2019-02-26 14:30:00,0.0,0.0,0.0,0.17234328
2019-02-25,2019-02-26 14:45:00,0.0,0.0,0.0,0.117928945
2019-02-25,2019-02-26 15:00:00,0.0,0.0,0.0,0.0
2019-02-25,2019-02-26 15:15:00,0.0,0.0,0.0,0.1604865
2019-02-25,2019-02-26 15:30:00,0.0,0.0,0.0,0.043776046
2019-02-25,2019-02-26 15:45:00,0.0,0.0,0.0,0.020026257
2019-02-25,2019-02-26 16:00:00,0.0,0.0,0.0,0.104470894
2019-02-25,2019-02-26 16:15:00,0.0,0.0,0.0,0.090554945
2019-02-25,2019-02-26 16:30:00,0.0,0.0,0.0,0.109302014
2019-02-25,2019-02-26 16:45:00,0.0,0.0,0.0,0.048943702
2019-02-25,2019-02-26 17:00:00,0.0,0.0,0.0,0.033320885
2019-02-25,2019-02-26 17:15:00,0.0,0.00577222,0.0,0.075133845
2019-02-25,2019-02-26 17:30:00,0.0,0.008993352,0.0,0.042636357
2019-02-25,2019-02-26 17:45:00,0.0,0.022408383,0.0,0.0
2019-02-25,2019-02-26 18:00:00,0.0,0.008035711,0.0,0.076240465
2019-02-25,2019-02-26 18:15:00,0.0,0.016490081,0.0,0.0
2019-02-25,2019-02-26 18:30:00,0.0,0.026721304,0.0,0.09852574
2019-02-25,2019-02-26 18:45:00,0.0,0.035867404,0.0,0.1361504
2019-02-25,2019-02-26 19:00:00,0.0,0.053660374,0.0,0.0
2019-02-25,2019-02-26 19:15:00,0.0,0.067747176,0.0,0.0
2019-02-25,2019-02-26 19:30:00,0.0,0.057809766,0.0,0.032804824
2019-02-25,2019-02-26 19:45:00,0.0,0.055669025,0.0,0.0
2019-02-25,2019-02-26 20:00:00,0.0,0.07274187,0.0,0.0
2019-02-25,2019-02-26 20:15:00,0.0,0.053037655,0.0,0.0
2019-02-25,2019-02-26 20:30:00,0.0,0.073658235,0.0,0.0
2019-02-25,2019-02-26 20:45:00,0.0,0.064858824,0.0,0.0
2019-02-25,2019-02-26 21:00:00,0.0,0.09344389,0.0,0.0
2019-02-25,2019-02-26 21:15:00,0.0,0.09509927,0.0,0.0
2019-02-25,2019-02-26 21:30:00,0.0,0.11725707,0.0,0.0
2019-02-25,2019-02-26 21:45:00,0.0,0.12077146,0.0,0.0
2019-02-25,2019-02-26 22:00:00,0.0,0.13920787,0.0,0.0
2019-02-25,2019-02-26 22:15:00,0.0,0.15439963,0.0,0.0
2019-02-25,2019-02-26 22:30:00,0.0,0.1764836,0.0,0.0
2019-02-25,2019-02-26 22:45:00,0.0,0.19895627,0.0,0.0
2019-02-25,2019-02-26 23:00:00,0.0,0.23841424,0.0,0.030462243
2019-02-25,2019-02-26 23:15:00,0.0,0.2932764,0.0006719264,0.030510943
2019-02-25,2019-02-26 23:30:00,0.12304700165987015,0.3671237,0.056926854,0.15192077
2019-02-25,2019-02-26 23:45:00,0.20742200314998627,0.4551707,0.09677858,0.4140478
2019-02-26,2019-02-27 00:00:00,0.25312501192092896,0.21634169,0.34144658,0.3036447
2019-02-26,2019-02-27 00:15:00,0.4675779938697815,0.334289,0.44946423,0.40132284
2019-02-26,2019-02-27 00:30:00,0.6890619993209839,0.38478315,0.55799764,0.60654575
2019-02-26,2019-02-27 00:45:00,0.46054700016975403,0.4531057,0.6941663,0.75379413
2019-02-26,2019-02-27 01:00:00,0.5378909707069397,0.54447466,0.7618161,0.8550885
2019-02-26,2019-02-27 01:15:00,0.6574220061302185,0.6759221,0.8875215,0.98830825
2019-02-26,2019-02-27 01:30:00,0.8578130006790161,0.7441706,1.0067445,1.2931688
2019-02-26,2019-02-27 01:45:00,1.0582029819488525,0.86056906,1.1115037,1.3884312
2019-02-26,2019-02-27 02:00:00,1.652343988418579,0.96646434,1.246741,1.4449443
2019-02-26,2019-02-27 02:15:00,1.6207029819488525,1.073796,1.3104597,1.5984021
2019-02-26,2019-02-27 02:30:00,2.133984088897705,1.158661,1.4463882,1.8242527
2019-02-26,2019-02-27 02:45:00,2.1726560592651367,1.2050614,1.5265926,1.8191395
2019-02-26,2019-02-27 03:00:00,2.4749999046325684,1.2899698,1.6142482,1.9761413
2019-02-26,2019-02-27 03:15:00,2.671875,1.3295739,1.6102817,2.0324955
2019-02-26,2019-02-27 03:30:00,2.390625,1.3781643,1.7042242,2.0644028
2019-02-26,2019-02-27 03:45:00,2.5945310592651367,1.3778709,1.7690924,2.09928
2019-02-26,2019-02-27 04:00:00,2.9496090412139893,1.4199662,1.8171656,2.1676
2019-02-26,2019-02-27 04:15:00,3.0339839458465576,1.4089789,1.8035793,2.1124654
2019-02-26,2019-02-27 04:30:00,2.7351560592651367,1.4348241,1.826866,2.1024444
2019-02-26,2019-02-27 04:45:00,3.0093750953674316,1.4268903,1.7838248,2.0172546
2019-02-26,2019-02-27 05:00:00,2.225390911102295,1.4180872,1.7524563,1.8023858
2019-02-26,2019-02-27 05:15:00,3.2097649574279785,1.3852015,1.6951563,1.9329225
2019-02-26,2019-02-27 05:30:00,3.005858898162842,1.309094,1.679303,1.6936218
2019-02-26,2019-02-27 05:45:00,2.9039061069488525,1.2317234,1.6258754,1.556751
2019-02-26,2019-02-27 06:00:00,2.924999952316284,1.1110222,1.6406525,1.5385035
2019-02-26,2019-02-27 06:15:00,2.8511719703674316,1.0555371,1.5331798,1.4427456
2019-02-26,2019-02-27 06:30:00,2.664844036102295,0.9374257,1.4459769,1.4582005
2019-02-26,2019-02-27 06:45:00,2.54531192779541,0.8168432,1.3949261,1.056053
2019-02-26,2019-02-27 07:00:00,2.373047113418579,0.72529596,1.2711791,1.0328484
2019-02-26,2019-02-27 07:15:00,2.1761720180511475,0.6357128,1.2110652,0.88132954
2019-02-26,2019-02-27 07:30:00,1.9863280057907104,0.5244565,1.0832268,0.7381761
2019-02-26,2019-02-27 07:45:00,1.8386720418930054,0.42095932,1.0017662,0.69629866
2019-02-26,2019-02-27 08:00:00,1.546875,0.3543802,0.8677026,0.57238936
2019-02-26,2019-02-27 08:15:00,1.3289060592651367,0.28408203,0.813793,0.40006948
2019-02-26,2019-02-27 08:30:00,1.026561975479126,0.1780157,0.6152592,0.33403948
2019-02-26,2019-02-27 08:45:00,0.7769529819488525,0.13226631,0.46743372,0.39320806
2019-02-26,2019-02-27 09:00:00,0.5167970061302185,0.12779118,0.3858375,0.12739551
2019-02-26,2019-02-27 09:15:00,0.3410159945487976,0.06877111,0.26923147,0.07014216
2019-02-26,2019-02-27 09:30:00,0.19687500596046448,0.036983676,0.17332003,0.038042117
2019-02-26,2019-02-27 09:45:00,0.021093999966979027,0.019588133,0.08072281,0.014559863
2019-02-26,2019-02-27 10:00:00,0.0,0.0,0.0,0.016821802
2019-02-26,2019-02-27 10:15:00,0.0,0.0,0.0,0.062193144
2019-02-26,2019-02-27 10:30:00,0.0,0.0,0.0,0.0
2019-02-26,2019-02-27 10:45:00,0.0,0.0,0.0,0.0
2019-02-26,2019-02-27 11:00:00,0.0,0.0,0.0,0.0
2019-02-26,2019-02-27 11:15:00,0.0,0.0,0.0,0.0
2019-02-26,2019-02-27 11:30:00,0.0,0.0,0.0,0.0
2019-02-26,2019-02-27 11:45:00,0.0,0.0,0.0,0.0
2019-02-26,2019-02-27 12:00:00,0.0,0.0,0.0,0.0
2019-02-26,2019-02-27 12:15:00,0.0,0.0,0.0,0.09294728
2019-02-26,2019-02-27 12:30:00,0.0,0.011460535,0.0,0.026620133
2019-02-26,2019-02-27 12:45:00,0.0,0.012676597,0.0,0.05870237
2019-02-26,2019-02-27 13:00:00,0.0,0.0060412167,0.0,0.04713041
2019-02-26,2019-02-27 13:15:00,0.0,0.01357671,0.0,0.08643481
2019-02-26,2019-02-27 13:30:00,0.0,0.006206228,0.0,0.24627133
2019-02-26,2019-02-27 13:45:00,0.0,0.019432506,0.0,0.18490206
2019-02-26,2019-02-27 14:00:00,0.0,0.0081199035,0.0,0.08855582
2019-02-26,2019-02-27 14:15:00,0.0,0.0060865227,0.0,0.108966075
2019-02-26,2019-02-27 14:30:00,0.0,0.0,0.0,0.16320337
2019-02-26,2019-02-27 14:45:00,0.0,0.0,0.0,0.14809671
2019-02-26,2019-02-27 15:00:00,0.0,0.0,0.0,0.0
2019-02-26,2019-02-27 15:15:00,0.0,0.0,0.0,0.14669678
2019-02-26,2019-02-27 15:30:00,0.0,0.0,0.0,0.051387336
2019-02-26,2019-02-27 15:45:00,0.0,0.0,0.0,0.036166687
2019-02-26,2019-02-27 16:00:00,0.0,0.0,0.0,0.13766827
2019-02-26,2019-02-27 16:15:00,0.0,0.0,0.0,0.100728
2019-02-26,2019-02-27 16:30:00,0.0,0.0,0.0,0.13181745
2019-02-26,2019-02-27 16:45:00,0.0,0.0,0.0,0.048974387
2019-02-26,2019-02-27 17:00:00,0.0,0.0,0.0,0.01778186
2019-02-26,2019-02-27 17:15:00,0.0,0.008781019,0.0,0.06473573
2019-02-26,2019-02-27 17:30:00,0.0,0.018429024,0.0,0.0
2019-02-26,2019-02-27 17:45:00,0.0,0.017930245,0.0,0.0
2019-02-26,2019-02-27 18:00:00,0.0,0.009968398,0.0,0.017031625
2019-02-26,2019-02-27 18:15:00,0.0,0.015294513,0.0,0.0
2019-02-26,2019-02-27 18:30:00,0.0,0.0045463233,0.0,0.09139416
2019-02-26,2019-02-27 18:45:00,0.0,0.014767835,0.0,0.13482103
2019-02-26,2019-02-27 19:00:00,0.0,0.020045638,0.0,0.0
2019-02-26,2019-02-27 19:15:00,0.0,0.017780831,0.0,0.0
2019-02-26,2019-02-27 19:30:00,0.0,0.01932568,0.0,0.027669007
2019-02-26,2019-02-27 19:45:00,0.0,0.01599871,0.0,0.0
2019-02-26,2019-02-27 20:00:00,0.0,0.024871329,0.0,0.0
2019-02-26,2019-02-27 20:15:00,0.0,0.018368822,0.0,0.0
2019-02-26,2019-02-27 20:30:00,0.0,0.045950733,0.0,0.0
2019-02-26,2019-02-27 20:45:00,0.0,0.03888748,0.0,0.0
2019-02-26,2019-02-27 21:00:00,0.0,0.05947078,0.0,0.0
2019-02-26,2019-02-27 21:15:00,0.0,0.061365817,0.0,0.0
2019-02-26,2019-02-27 21:30:00,0.0,0.0790656,0.0,0.0
2019-02-26,2019-02-27 21:45:00,0.0,0.094233185,0.0,0.0
2019-02-26,2019-02-27 22:00:00,0.0,0.09800793,0.0,0.0
2019-02-26,2019-02-27 22:15:00,0.0,0.10567967,0.0,0.0
2019-02-26,2019-02-27 22:30:00,0.0,0.13445035,0.0,0.0
2019-02-26,2019-02-27 22:45:00,0.0,0.15206464,0.0,0.0
2019-02-26,2019-02-27 23:00:00,0.0,0.20057453,0.0,0.0
2019-02-26,2019-02-27 23:15:00,0.03867200016975403,0.23045447,0.024491299,0.0
2019-02-26,2019-02-27 23:30:00,0.08437500149011612,0.29925776,0.087816186,0.076256946
2019-02-26,2019-02-27 23:45:00,0.24257799983024597,0.34953782,0.111253545,0.31778762
2019-02-27,2019-02-28 00:00:00,0.3480469882488251,0.5044158,0.4168181,0.37712398
2019-02-27,2019-02-28 00:15:00,0.49921900033950806,0.7065207,0.5653512,0.46672586
2019-02-27,2019-02-28 00:30:00,0.6433590054512024,0.8815144,0.72698253,0.6981892
2019-02-27,2019-02-28 00:45:00,0.8050780296325684,1.080289,0.95899504,0.90562165
2019-02-27,2019-02-28 01:00:00,0.9914060235023499,1.3262461,1.082979,1.0812385
2019-02-27,2019-02-28 01:15:00,1.132030963897705,1.6090437,1.3042244,1.2023363
2019-02-27,2019-02-28 01:30:00,1.3359379768371582,1.8375814,1.4889709,1.5005388
2019-02-27,2019-02-28 01:45:00,1.4800779819488525,2.1289728,1.6917214,1.6682452
2019-02-27,2019-02-28 02:00:00,1.5328119993209839,2.413499,1.9042537,1.7670695
2019-02-27,2019-02-28 02:15:00,1.6347659826278687,2.6960988,2.0502074,1.9820379
2019-02-27,2019-02-28 02:30:00,1.8105469942092896,2.9102318,2.2299752,2.1310446
2019-02-27,2019-02-28 02:45:00,1.6839840412139893,3.0725982,2.390892,2.1744378
2019-02-27,2019-02-28 03:00:00,1.638280987739563,3.3146212,2.559439,2.3368635
2019-02-27,2019-02-28 03:15:00,1.6839840412139893,3.3786712,2.5839028,2.4669678
2019-02-27,2019-02-28 03:30:00,1.9476560354232788,3.5044792,2.7145994,2.5331943
2019-02-27,2019-02-28 03:45:00,1.9652340412139893,3.5596747,2.8343434,2.5119286
2019-02-27,2019-02-28 04:00:00,2.133984088897705,3.6221912,2.8735573,2.6599567
2019-02-27,2019-02-28 04:15:00,1.8597660064697266,3.6157207,2.8737895,2.6518815
2019-02-27,2019-02-28 04:30:00,1.3851560354232788,3.675085,2.9157522,2.6896834
2019-02-27,2019-02-28 04:45:00,1.2761720418930054,3.6730957,2.8535948,2.503513
2019-02-27,2019-02-28 05:00:00,1.3816410303115845,3.6238518,2.800041,2.3464658
2019-02-27,2019-02-28 05:15:00,1.9863280057907104,3.5923657,2.6693246,2.4385378
2019-02-27,2019-02-28 05:30:00,2.1867189407348633,3.4840136,2.666758,2.2613726
2019-02-27,2019-02-28 05:45:00,2.102344036102295,3.3752384,2.5658984,2.1800013
2019-02-27,2019-02-28 06:00:00,2.003906011581421,3.2034388,2.546626,2.1800668
2019-02-27,2019-02-28 06:15:00,1.828125,3.0856156,2.412462,2.008875
2019-02-27,2019-02-28 06:30:00,1.6875,2.9190767,2.267343,1.9964967
2019-02-27,2019-02-28 06:45:00,1.6488280296325684,2.7218156,2.1408868,1.6563481
2019-02-27,2019-02-28 07:00:00,1.553905963897705,2.562294,1.9362502,1.5660506
2019-02-27,2019-02-28 07:15:00,1.455469012260437,2.351241,1.8279779,1.4285573
2019-02-27,2019-02-28 07:30:00,1.3921869993209839,2.0836525,1.623672,1.3010192
2019-02-27,2019-02-28 07:45:00,1.1707030534744263,1.8536476,1.4698975,1.2113247
2019-02-27,2019-02-28 08:00:00,1.075780987739563,1.6188583,1.2746183,1.0488423
2019-02-27,2019-02-28 08:15:00,0.8894529938697815,1.3861716,1.1643027,0.96398807
2019-02-27,2019-02-28 08:30:00,0.7101560235023499,1.0853915,0.874044,0.75325614
2019-02-27,2019-02-28 08:45:00,0.541405975818634,0.8820644,0.6593399,0.7304543
2019-02-27,2019-02-28 09:00:00,0.41484400629997253,0.7117648,0.542616,0.5335672
2019-02-27,2019-02-28 09:15:00,0.2460940033197403,0.52492595,0.4057148,0.30335942
2019-02-27,2019-02-28 09:30:00,0.140625,0.3852208,0.24300407,0.26100296
2019-02-27,2019-02-28 09:45:00,0.05624999850988388,0.26371297,0.12104232,0.24057043
2019-02-27,2019-02-28 10:00:00,0.0,0.18164665,0.020708151,0.10612047
2019-02-27,2019-02-28 10:15:00,0.0,0.07786248,0.0,0.13800137
2019-02-27,2019-02-28 10:30:00,0.0,0.043601673,0.0,0.0
2019-02-27,2019-02-28 10:45:00,0.0,0.018417852,0.0,0.0
2019-02-27,2019-02-28 11:00:00,0.0,0.0,0.0,0.0
2019-02-27,2019-02-28 11:15:00,0.0,0.0,0.0,0.0
2019-02-27,2019-02-28 11:30:00,0.0,0.0,0.0,0.0
2019-02-27,2019-02-28 11:45:00,0.0,0.0,0.0,0.0
2019-02-27,2019-02-28 12:00:00,0.0,0.0021388484,0.0,0.0
2019-02-27,2019-02-28 12:15:00,0.0,0.009599201,0.0,0.0
2019-02-27,2019-02-28 12:30:00,0.0,0.0,0.0,0.0
2019-02-27,2019-02-28 12:45:00,0.0,0.005574865,0.0,0.0
2019-02-27,2019-02-28 13:00:00,0.0,0.0,0.0,0.0
2019-02-27,2019-02-28 13:15:00,0.0,0.0,0.0,0.0
2019-02-27,2019-02-28 13:30:00,0.0,0.0,0.0,0.12111721
2019-02-27,2019-02-28 13:45:00,0.0,0.0,0.0,0.12755327
2019-02-27,2019-02-28 14:00:00,0.0,0.0,0.0,0.0
2019-02-27,2019-02-28 14:15:00,0.0,0.0,0.0,0.0076642307
2019-02-27,2019-02-28 14:30:00,0.0,0.0,0.0,0.14233091
2019-02-27,2019-02-28 14:45:00,0.0,0.0,0.0,0.08281164
2019-02-27,2019-02-28 15:00:00,0.0,0.0,0.0,0.0
2019-02-27,2019-02-28 15:15:00,0.0,0.0,0.0,0.12466805
2019-02-27,2019-02-28 15:30:00,0.0,0.0,0.0,0.053868223
2019-02-27,2019-02-28 15:45:00,0.0,0.0,0.0,0.017459368
2019-02-27,2019-02-28 16:00:00,0.0,0.0,0.0,0.07430708
2019-02-27,2019-02-28 16:15:00,0.0,0.0,0.0,0.083755
2019-02-27,2019-02-28 16:30:00,0.0,0.0,0.0,0.120986804
2019-02-27,2019-02-28 16:45:00,0.0,0.0,0.0,0.021543413
2019-02-27,2019-02-28 17:00:00,0.0,0.011085001,0.0,0.064554684
2019-02-27,2019-02-28 17:15:00,0.0,0.029854417,0.0,0.123923324
2019-02-27,2019-02-28 17:30:00,0.0,0.021081258,0.0,0.07777263
2019-02-27,2019-02-28 17:45:00,0.0,0.02687035,0.0,0.025001382
2019-02-27,2019-02-28 18:00:00,0.0,0.0018772584,0.0,0.08445903
2019-02-27,2019-02-28 18:15:00,0.0,0.0,0.0,0.00701684
2019-02-27,2019-02-28 18:30:00,0.0,0.009338188,0.0,0.14330576
2019-02-27,2019-02-28 18:45:00,0.0,0.012240943,0.0,0.11512454
2019-02-27,2019-02-28 19:00:00,0.0,0.01873662,0.0,0.0
2019-02-27,2019-02-28 19:15:00,0.0,0.040230323,0.0,0.03654932
2019-02-27,2019-02-28 19:30:00,0.0,0.01146963,0.0,0.053030204
2019-02-27,2019-02-28 19:45:00,0.0,0.0,0.0,0.0
2019-02-27,2019-02-28 20:00:00,0.0,0.017955676,0.0,0.0
2019-02-27,2019-02-28 20:15:00,0.0,0.0036533703,0.0,0.0
2019-02-27,2019-02-28 20:30:00,0.0,0.008817394,0.0,0.0
2019-02-27,2019-02-28 20:45:00,0.0,0.0048028105,0.0,0.0
2019-02-27,2019-02-28 21:00:00,0.0,0.0141547425,0.0,0.0
2019-02-27,2019-02-28 21:15:00,0.0,0.008581565,0.0,0.0
2019-02-27,2019-02-28 21:30:00,0.0,0.022670384,0.0,0.0
2019-02-27,2019-02-28 21:45:00,0.0,0.0034456458,0.0,0.0
2019-02-27,2019-02-28 22:00:00,0.0,0.023673784,0.0,0.0
2019-02-27,2019-02-28 22:15:00,0.0,0.030277232,0.0,0.0
2019-02-27,2019-02-28 22:30:00,0.0,0.03989378,0.0,0.0
2019-02-27,2019-02-28 22:45:00,0.0,0.02820879,0.0,0.0
2019-02-27,2019-02-28 23:00:00,0.0,0.06121019,0.0,0.0
2019-02-27,2019-02-28 23:15:00,0.04570300132036209,0.10259341,0.02728872,0.0033573792
2019-02-27,2019-02-28 23:30:00,0.11953099817037582,0.18937524,0.13451292,0.11270257
2019-02-27,2019-02-28 23:45:00,0.2460940033197403,0.2778217,0.18859328,0.382685
2019-05-24,2019-05-25 00:00:00,1.8949220180511475,1.9659353,1.8243153,2.0114515
2019-05-24,2019-05-25 00:15:00,2.133984088897705,2.247376,2.0366054,2.226065
2019-05-24,2019-05-25 00:30:00,2.3765621185302734,2.4606314,2.2260954,2.409874
2019-05-24,2019-05-25 00:45:00,2.6050779819488525,2.709751,2.5141613,2.591531
2019-05-24,2019-05-25 01:00:00,2.8687500953674316,2.9186912,2.6268365,2.9200299
2019-05-24,2019-05-25 01:15:00,3.0796871185302734,3.1075718,2.8556943,2.988705
2019-05-24,2019-05-25 01:30:00,3.244921922683716,3.231779,3.0423799,3.1751688
2019-05-24,2019-05-25 01:45:00,3.417186975479126,3.4191332,3.1076121,3.2228935
2019-05-24,2019-05-25 02:00:00,3.5542969703674316,3.6191902,3.3370187,3.4564734
2019-05-24,2019-05-25 02:15:00,3.684375047683716,3.755799,3.3602974,3.618355
2019-05-24,2019-05-25 02:30:00,3.7722649574279785,3.8209295,3.4872167,3.683094
2019-05-24,2019-05-25 02:45:00,3.81093692779541,3.9022036,3.518602,3.7092347
2019-05-24,2019-05-25 03:00:00,3.8460938930511475,4.0569754,3.4984136,3.7863138
2019-05-24,2019-05-25 03:15:00,3.779297113418579,3.9983122,3.414816,3.8223891
2019-05-24,2019-05-25 03:30:00,3.726562023162842,4.093344,3.526233,3.8533309
2019-05-24,2019-05-25 03:45:00,3.645703077316284,4.057725,3.537796,3.8039236
2019-05-24,2019-05-25 04:00:00,3.645703077316284,4.0583267,3.5725672,3.8394942
2019-05-24,2019-05-25 04:15:00,3.6175780296325684,4.09018,3.4058251,3.942424
2019-05-24,2019-05-25 04:30:00,3.6140620708465576,4.1339855,3.5495212,3.9578056
2019-05-24,2019-05-25 04:45:00,3.666796922683716,4.1490583,3.4384606,3.6532197
2019-05-24,2019-05-25 05:00:00,3.522655963897705,4.06461,3.3366473,3.6551452
2019-05-24,2019-05-25 05:15:00,3.698436975479126,4.057533,3.2933304,3.700412
2019-05-24,2019-05-25 05:30:00,3.568358898162842,3.9679482,3.168382,3.6223233
2019-05-24,2019-05-25 05:45:00,3.649219036102295,3.879386,3.1690457,3.3834732
2019-05-24,2019-05-25 06:00:00,3.6140620708465576,3.7852867,3.1958358,3.322672
2019-05-24,2019-05-25 06:15:00,3.4769530296325684,3.6725733,3.05641,3.2135172
2019-05-24,2019-05-25 06:30:00,3.540234088897705,3.5824728,3.025993,2.9386997
2019-05-24,2019-05-25 06:45:00,3.4066410064697266,3.5183938,2.8589575,2.887335
2019-05-24,2019-05-25 07:00:00,3.339843988418579,3.3874419,2.6113734,2.5971818
2019-05-24,2019-05-25 07:15:00,3.1921870708465576,3.3127217,2.6040404,2.4651628
2019-05-24,2019-05-25 07:30:00,3.0093750953674316,3.1320693,2.4588728,2.254246
2019-05-24,2019-05-25 07:45:00,2.7914059162139893,2.8860142,2.2434108,2.06768
2019-05-24,2019-05-25 08:00:00,2.489063024520874,2.641226,2.0714047,1.9864563
2019-05-24,2019-05-25 08:15:00,2.548827886581421,2.3938851,1.9339164,1.7947084
2019-05-24,2019-05-25 08:30:00,2.1937499046325684,2.0104861,1.6939399,1.5322902
2019-05-24,2019-05-25 08:45:00,1.5679689645767212,1.763449,1.3756044,1.32483
2019-05-24,2019-05-25 09:00:00,1.4589840173721313,1.5053157,1.1212142,1.0669202
2019-05-24,2019-05-25 09:15:00,0.6468750238418579,1.2320206,0.8856619,0.736167
2019-05-24,2019-05-25 09:30:00,1.399219036102295,1.0431323,0.76496875,0.58798295
2019-05-24,2019-05-25 09:45:00,0.8964840173721313,0.8032034,0.5485737,0.44614482
2019-05-24,2019-05-25 10:00:00,0.611719012260437,0.663878,0.33189476,0.41540423
2019-05-24,2019-05-25 10:15:00,0.5554689764976501,0.4610919,0.18128556,0.32721868
2019-05-24,2019-05-25 10:30:00,0.14414100348949432,0.33323467,0.18583275,0.19855417
2019-05-24,2019-05-25 10:45:00,0.16875000298023224,0.23211743,0.064266115,0.0042354665
2019-05-24,2019-05-25 11:00:00,0.08789099752902985,0.11010569,0.025462776,0.0
2019-05-24,2019-05-25 11:15:00,0.0,0.06245322,0.0,0.0
2019-05-24,2019-05-25 11:30:00,0.0,0.026985528,0.0,0.0
2019-05-24,2019-05-25 11:45:00,0.0,0.0,0.0,0.0
2019-05-24,2019-05-25 12:00:00,0.0,0.0,0.0,0.0
2019-05-24,2019-05-25 12:15:00,0.0,0.0,0.009373021,0.0
2019-05-24,2019-05-25 12:30:00,0.0,0.0,0.0,0.0
2019-05-24,2019-05-25 12:45:00,0.0,0.0,0.0,0.0
2019-05-24,2019-05-25 13:00:00,0.0,0.0,0.0,0.0
2019-05-24,2019-05-25 13:15:00,0.0,0.0,0.0,0.0
2019-05-24,2019-05-25 13:30:00,0.0,0.0,0.0,0.0
2019-05-24,2019-05-25 13:45:00,0.0,0.0,0.0,0.0
2019-05-24,2019-05-25 14:00:00,0.0,0.030812757,0.034188736,0.0
2019-05-24,2019-05-25 14:15:00,0.0,0.03167098,0.0,0.0
2019-05-24,2019-05-25 14:30:00,0.0,0.079942755,0.0,0.0
2019-05-24,2019-05-25 14:45:00,0.0,0.091492854,0.0,0.0
2019-05-24,2019-05-25 15:00:00,0.0,0.120234005,0.0,0.0
2019-05-24,2019-05-25 15:15:00,0.0,0.10041333,0.0,0.0
2019-05-24,2019-05-25 15:30:00,0.0,0.11088155,0.0,0.0
2019-05-24,2019-05-25 15:45:00,0.0,0.09171747,0.0,0.0
2019-05-24,2019-05-25 16:00:00,0.0,0.074569255,0.0,0.0
2019-05-24,2019-05-25 16:15:00,0.0,0.035660915,0.0,0.027332041
2019-05-24,2019-05-25 16:30:00,0.0,0.06001363,0.0,0.0047553545
2019-05-24,2019-05-25 16:45:00,0.0,0.05809798,0.0,0.0
2019-05-24,2019-05-25 17:00:00,0.0,0.056918748,0.0,0.0
2019-05-24,2019-05-25 17:15:00,0.0,0.006386341,0.0,0.12084846
2019-05-24,2019-05-25 17:30:00,0.0,0.05700002,0.0,0.044934105
2019-05-24,2019-05-25 17:45:00,0.0,0.015282703,0.0,0.030942153
2019-05-24,2019-05-25 18:00:00,0.0,0.029167213,0.0,0.0
2019-05-24,2019-05-25 18:15:00,0.0,0.008181258,0.0,0.03915353
2019-05-24,2019-05-25 18:30:00,0.0,0.029848326,0.0,0.0
2019-05-24,2019-05-25 18:45:00,0.0,0.046006575,0.0,0.028775178
2019-05-24,2019-05-25 19:00:00,0.0,0.028235415,0.0,0.028855102
2019-05-24,2019-05-25 19:15:00,0.0,0.03845277,0.0,0.0
2019-05-24,2019-05-25 19:30:00,0.0,0.0,0.0,0.0
2019-05-24,2019-05-25 19:45:00,0.0,0.0,0.0,0.0
2019-05-24,2019-05-25 20:00:00,0.0,0.0,0.0,0.0
2019-05-24,2019-05-25 20:15:00,0.0,0.0,0.00379435,0.0
2019-05-24,2019-05-25 20:30:00,0.0,0.0,0.0,0.0
2019-05-24,2019-05-25 20:45:00,0.0,0.0,0.11237307,0.0
2019-05-24,2019-05-25 21:00:00,0.0,0.0,0.0384592,0.0
2019-05-24,2019-05-25 21:15:00,0.0,0.0,0.06495394,0.0
2019-05-24,2019-05-25 21:30:00,0.05624999850988388,0.00030706055,0.15231878,0.0
2019-05-24,2019-05-25 21:45:00,0.1300780028104782,0.11214144,0.1616059,0.0
2019-05-24,2019-05-25 22:00:00,0.24960899353027344,0.2084881,0.19992098,0.08102763
2019-05-24,2019-05-25 22:15:00,0.3550780117511749,0.36022198,0.38200498,0.20821792
2019-05-24,2019-05-25 22:30:00,0.541405975818634,0.49820092,0.46146235,0.44519064
2019-05-24,2019-05-25 22:45:00,0.7734379768371582,0.66171575,0.55595446,0.42753175
2019-05-24,2019-05-25 23:00:00,0.9527339935302734,0.8986075,0.79473835,0.7941557
2019-05-24,2019-05-25 23:15:00,1.033594012260437,1.1495495,0.91200405,0.9544056
2019-05-24,2019-05-25 23:30:00,1.209375023841858,1.3487402,1.0585248,1.2222157
2019-05-24,2019-05-25 23:45:00,1.4730470180511475,1.5283217,1.2941155,1.5549451
2019-05-25,2019-05-26 00:00:00,1.6734369993209839,1.7983018,1.5704312,1.6386479
2019-05-25,2019-05-26 00:15:00,1.9582029581069946,2.0509975,1.7803669,1.9150174
2019-05-25,2019-05-26 00:30:00,1.5996090173721313,2.2335064,1.9887986,2.1609752
2019-05-25,2019-05-26 00:45:00,2.0882809162139893,2.4691725,2.1935582,2.3993242
2019-05-25,2019-05-26 01:00:00,2.6121089458465576,2.673751,2.310793,2.6964154
2019-05-25,2019-05-26 01:15:00,2.784374952316284,2.8381474,2.5012982,2.7260766
2019-05-25,2019-05-26 01:30:00,2.661328077316284,2.945072,2.6197567,3.0147035
2019-05-25,2019-05-26 01:45:00,3.0128910541534424,3.1142533,2.725964,3.0963476
2019-05-25,2019-05-26 02:00:00,3.487499952316284,3.2750213,2.897399,3.2626123
2019-05-25,2019-05-26 02:15:00,1.9546869993209839,3.4071472,2.9132025,3.4946358
2019-05-25,2019-05-26 02:30:00,3.2554690837860107,3.4756973,3.0106702,3.4900827
2019-05-25,2019-05-26 02:45:00,3.5613279342651367,3.5236657,3.0625396,3.599566
2019-05-25,2019-05-26 03:00:00,1.9652340412139893,3.6758997,3.1202974,3.607552
2019-05-25,2019-05-26 03:15:00,2.337891101837158,3.6063087,3.0721514,3.8147151
2019-05-25,2019-05-26 03:30:00,2.5101559162139893,3.690856,3.143634,3.7879288
2019-05-25,2019-05-26 03:45:00,2.12343692779541,3.6505034,3.2078915,3.796758
2019-05-25,2019-05-26 04:00:00,3.2941410541534424,3.6410694,3.1860735,3.8813827
2019-05-25,2019-05-26 04:15:00,3.2660160064697266,3.6801069,3.1942422,3.88808
2019-05-25,2019-05-26 04:30:00,2.373047113418579,3.7248204,3.2135003,3.8374379
2019-05-25,2019-05-26 04:45:00,3.779297113418579,3.7322237,3.1731129,3.577062
2019-05-25,2019-05-26 05:00:00,3.4910149574279785,3.6688716,3.105311,3.4891222
2019-05-25,2019-05-26 05:15:00,3.287108898162842,3.682137,2.9966078,3.633861
2019-05-25,2019-05-26 05:30:00,2.696484088897705,3.6102078,2.9587524,3.523501
2019-05-25,2019-05-26 05:45:00,1.3957029581069946,3.5277863,2.9303713,3.3492641
2019-05-25,2019-05-26 06:00:00,2.647265911102295,3.4771128,2.9584324,3.3746815
2019-05-25,2019-05-26 06:15:00,1.7613279819488525,3.3451765,2.8768108,3.1289062
2019-05-25,2019-05-26 06:30:00,2.96718692779541,3.25668,2.808492,2.8860817
2019-05-25,2019-05-26 06:45:00,2.8968749046325684,3.2131345,2.6912284,2.7596498
2019-05-25,2019-05-26 07:00:00,2.6578121185302734,3.086827,2.526373,2.55016
2019-05-25,2019-05-26 07:15:00,2.661328077316284,2.984731,2.476367,2.4607368
2019-05-25,2019-05-26 07:30:00,2.489063024520874,2.7804763,2.320526,2.240818
2019-05-25,2019-05-26 07:45:00,0.48515599966049194,2.537864,2.1896327,1.9972467
2019-05-25,2019-05-26 08:00:00,0.5273439884185791,2.3025699,2.0145843,1.8067297
2019-05-25,2019-05-26 08:15:00,0.7804690003395081,2.003415,1.9066663,1.6610228
2019-05-25,2019-05-26 08:30:00,0.24960899353027344,1.6393924,1.6298642,1.4716264
2019-05-25,2019-05-26 08:45:00,1.2023439407348633,1.3859303,1.4020284,1.21325
2019-05-25,2019-05-26 09:00:00,1.2761720418930054,1.1374592,1.2074696,1.0444638
2019-05-25,2019-05-26 09:15:00,1.2339839935302734,0.88377476,0.9859307,0.6812704
2019-05-25,2019-05-26 09:30:00,0.9175779819488525,0.686052,0.80752087,0.5513649
2019-05-25,2019-05-26 09:45:00,0.46054700016975403,0.4964323,0.61787486,0.48862684
2019-05-25,2019-05-26 10:00:00,0.42890599370002747,0.39459902,0.418482,0.34001824
2019-05-25,2019-05-26 10:15:00,0.5519530177116394,0.24570864,0.29095972,0.25838932
2019-05-25,2019-05-26 10:30:00,0.052733998745679855,0.16495633,0.23021258,0.20636457
2019-05-25,2019-05-26 10:45:00,0.0,0.097212255,0.11091917,0.011398195
2019-05-25,2019-05-26 11:00:00,0.0,0.035625815,0.06772272,0.012219772
2019-05-25,2019-05-26 11:15:00,0.0,0.0152983805,0.0,0.0
2019-05-25,2019-05-26 11:30:00,0.0,0.015482485,0.0,0.0
2019-05-25,2019-05-26 11:45:00,0.0,0.0067466083,0.0,0.0
2019-05-25,2019-05-26 12:00:00,0.0,0.02371086,0.0,0.0
2019-05-25,2019-05-26 12:15:00,0.0,0.0082141785,0.0,0.0
2019-05-25,2019-05-26 12:30:00,0.0,0.0,0.0,0.0
2019-05-25,2019-05-26 12:45:00,0.0,0.0,0.0,0.0
2019-05-25,2019-05-26 13:00:00,0.0,0.009277739,0.0,0.0
2019-05-25,2019-05-26 13:15:00,0.0,0.0061677936,0.019228896,0.0
2019-05-25,2019-05-26 13:30:00,0.0,0.041007027,0.0,0.0029658172
2019-05-25,2019-05-26 13:45:00,0.0,0.030820616,0.0,0.0
2019-05-25,2019-05-26 14:00:00,0.0,0.06665642,0.009259921,0.0
2019-05-25,2019-05-26 14:15:00,0.0,0.054544315,0.011947871,0.0
2019-05-25,2019-05-26 14:30:00,0.0,0.0906379,0.0,0.0
2019-05-25,2019-05-26 14:45:00,0.0,0.10546283,0.0,0.0004444922
2019-05-25,2019-05-26 15:00:00,0.0,0.11920576,0.0,0.0
2019-05-25,2019-05-26 15:15:00,0.0,0.11525404,0.0,0.033362776
2019-05-25,2019-05-26 15:30:00,0.0,0.12782192,0.0,0.05075807
2019-05-25,2019-05-26 15:45:00,0.0,0.10398014,0.0,0.05044169
2019-05-25,2019-05-26 16:00:00,0.0,0.104262054,0.0,0.041857813
2019-05-25,2019-05-26 16:15:00,0.0,0.06496302,0.0,0.09248223
2019-05-25,2019-05-26 16:30:00,0.0,0.08259048,0.0,0.017300209
2019-05-25,2019-05-26 16:45:00,0.0,0.07849586,0.0,0.029753806
2019-05-25,2019-05-26 17:00:00,0.0,0.07031863,0.0,0.014027713
2019-05-25,2019-05-26 17:15:00,0.0,0.018202618,0.0,0.16936605
2019-05-25,2019-05-26 17:30:00,0.0,0.060644418,0.0,0.03369405
2019-05-25,2019-05-26 17:45:00,0.0,0.0053142626,0.0,0.075971276
2019-05-25,2019-05-26 18:00:00,0.0,0.011627727,0.0,0.04560964
2019-05-25,2019-05-26 18:15:00,0.0,0.0,0.0,0.08001911
2019-05-25,2019-05-26 18:30:00,0.0,0.0,0.0,0.06428731
2019-05-25,2019-05-26 18:45:00,0.0,0.015719302,0.0,0.04451697
2019-05-25,2019-05-26 19:00:00,0.0,0.0078095924,0.0,0.0
2019-05-25,2019-05-26 19:15:00,0.0,0.005323727,0.0,0.0
2019-05-25,2019-05-26 19:30:00,0.0,0.0,0.0,0.014258872
2019-05-25,2019-05-26 19:45:00,0.0,0.0,0.0,0.05095627
2019-05-25,2019-05-26 20:00:00,0.0,0.0,0.0,0.0
2019-05-25,2019-05-26 20:15:00,0.0,0.0,0.0,0.0
2019-05-25,2019-05-26 20:30:00,0.0,0.0,0.0,0.0
2019-05-25,2019-05-26 20:45:00,0.0,0.0,0.0,0.0
2019-05-25,2019-05-26 21:00:00,0.0,0.0,0.0,0.0
2019-05-25,2019-05-26 21:15:00,0.014062000438570976,0.009374359,0.0,0.0
2019-05-25,2019-05-26 21:30:00,0.021093999966979027,0.034136847,0.0090039885,0.04234995
2019-05-25,2019-05-26 21:45:00,0.1757809966802597,0.14202324,0.012226623,0.0
2019-05-25,2019-05-26 22:00:00,0.291797012090683,0.24375871,0.09959502,0.0
2019-05-25,2019-05-26 22:15:00,0.4675779938697815,0.39699292,0.19226219,0.24483925
2019-05-25,2019-05-26 22:30:00,0.5695310235023499,0.53214765,0.26815766,0.3134352
2019-05-25,2019-05-26 22:45:00,1.0300780534744263,0.6803021,0.38637978,0.4104311
2019-05-25,2019-05-26 23:00:00,1.3957029581069946,0.8990874,0.5485898,0.67485183
2019-05-25,2019-05-26 23:15:00,1.4273439645767212,1.1058381,0.6495762,0.8681125
2019-05-25,2019-05-26 23:30:00,1.8562500476837158,1.3044086,0.84248435,1.0348927
2019-05-25,2019-05-26 23:45:00,2.1585938930511475,1.466935,0.96955293,1.3323377
2019-05-26,2019-05-27 00:00:00,1.8878910541534424,2.488345,2.0814288,2.210601
2019-05-26,2019-05-27 00:15:00,1.863281011581421,2.789402,2.322765,2.4546838
2019-05-26,2019-05-27 00:30:00,2.700000047683716,3.0022426,2.5721328,2.7014024
2019-05-26,2019-05-27 00:45:00,2.9390621185302734,3.2421923,2.8592849,2.8548496
2019-05-26,2019-05-27 01:00:00,3.550781011581421,3.4037125,2.9923291,3.0578384
2019-05-26,2019-05-27 01:15:00,3.8425779342651367,3.6252515,3.1980793,3.219069
2019-05-26,2019-05-27 01:30:00,3.8425779342651367,3.7530494,3.3724656,3.3684475
2019-05-26,2019-05-27 01:45:00,4.23281192779541,3.9140854,3.444758,3.382263
2019-05-26,2019-05-27 02:00:00,4.545702934265137,4.1208143,3.6257737,3.531548
2019-05-26,2019-05-27 02:15:00,4.682812213897705,4.213718,3.619372,3.6649356
2019-05-26,2019-05-27 02:30:00,4.633594036102295,4.2451005,3.7069883,3.7189462
2019-05-26,2019-05-27 02:45:00,4.7390618324279785,4.3001432,3.7267804,3.6220424
2019-05-26,2019-05-27 03:00:00,4.900781154632568,4.4150314,3.7439537,3.7580557
2019-05-26,2019-05-27 03:15:00,4.964062213897705,4.331948,3.690932,3.8030703
2019-05-26,2019-05-27 03:30:00,4.92539119720459,4.3814964,3.7893972,3.6954548
2019-05-26,2019-05-27 03:45:00,4.865624904632568,4.302501,3.8253517,3.730331
2019-05-26,2019-05-27 04:00:00,4.798828125,4.3054338,3.8034747,3.6166203
2019-05-26,2019-05-27 04:15:00,4.6160149574279785,4.316973,3.7990048,3.5308177
2019-05-26,2019-05-27 04:30:00,4.50351619720459,4.3285103,3.8654096,3.5881982
2019-05-26,2019-05-27 04:45:00,4.387499809265137,4.3085303,3.8291898,3.3440106
2019-05-26,2019-05-27 05:00:00,4.278514862060547,4.2201953,3.6946185,3.253466
2019-05-26,2019-05-27 05:15:00,4.36289119720459,4.2128663,3.5979865,3.2830987
2019-05-26,2019-05-27 05:30:00,4.187108993530273,4.0813155,3.561183,3.089333
2019-05-26,2019-05-27 05:45:00,4.169530868530273,3.966453,3.5436895,2.788503
2019-05-26,2019-05-27 06:00:00,3.9410150051116943,3.8277183,3.5728881,2.7233987
2019-05-26,2019-05-27 06:15:00,3.6421871185302734,3.7172341,3.4669952,2.556203
2019-05-26,2019-05-27 06:30:00,3.4769530296325684,3.5894804,3.4141598,2.381098
2019-05-26,2019-05-27 06:45:00,2.7281250953674316,3.4790854,3.2367814,2.2285833
2019-05-26,2019-05-27 07:00:00,1.2199219465255737,3.3049207,3.0502262,2.0079265
2019-05-26,2019-05-27 07:15:00,3.8882811069488525,3.2057822,2.953979,1.8462979
2019-05-26,2019-05-27 07:30:00,3.5929689407348633,2.9897103,2.761721,1.6350989
2019-05-26,2019-05-27 07:45:00,3.4699220657348633,2.7144911,2.5750663,1.4896356
2019-05-26,2019-05-27 08:00:00,2.5101559162139893,2.4476795,2.3455951,1.2809982
2019-05-26,2019-05-27 08:15:00,2.0179688930511475,2.195387,2.1764,1.0706973
2019-05-26,2019-05-27 08:30:00,2.1691410541534424,1.8069826,1.8372931,0.9555411
2019-05-26,2019-05-27 08:45:00,2.2113280296325684,1.5671206,1.5496548,0.8515888
2019-05-26,2019-05-27 09:00:00,0.935155987739563,1.3329443,1.3422022,0.56666374
2019-05-26,2019-05-27 09:15:00,1.40625,1.065543,1.0856341,0.3731897
2019-05-26,2019-05-27 09:30:00,1.0863280296325684,0.89656645,0.8733646,0.26705468
2019-05-26,2019-05-27 09:45:00,0.9527339935302734,0.6574847,0.6521153,0.15567599
2019-05-26,2019-05-27 10:00:00,0.6433590054512024,0.5196878,0.4634415,0.23698139
2019-05-26,2019-05-27 10:15:00,0.5871090292930603,0.32398555,0.2888127,0.16651058
2019-05-26,2019-05-27 10:30:00,0.48515599966049194,0.23127116,0.20215398,0.07855457
2019-05-26,2019-05-27 10:45:00,0.40781301259994507,0.13301907,0.014309682,0.0
2019-05-26,2019-05-27 11:00:00,0.2003909945487976,0.009732198,0.02925262,0.0
2019-05-26,2019-05-27 11:15:00,0.007031000219285488,0.0,0.0,0.0
2019-05-26,2019-05-27 11:30:00,0.0,0.0,0.0,0.0
2019-05-26,2019-05-27 11:45:00,0.0,0.0,0.0,0.0
2019-05-26,2019-05-27 12:00:00,0.0,0.0,0.0,0.04517506
2019-05-26,2019-05-27 12:15:00,0.0,0.0,0.0,0.0
2019-05-26,2019-05-27 12:30:00,0.0,0.0,0.0,0.0
2019-05-26,2019-05-27 12:45:00,0.0,0.0,0.0,0.0
2019-05-26,2019-05-27 13:00:00,0.0,0.0,0.0,0.0
2019-05-26,2019-05-27 13:15:00,0.0,0.0,0.0,0.0
2019-05-26,2019-05-27 13:30:00,0.0,0.0,0.0,0.0
2019-05-26,2019-05-27 13:45:00,0.0,0.0,0.0,0.0
2019-05-26,2019-05-27 14:00:00,0.0,0.0334173,0.0,0.0
2019-05-26,2019-05-27 14:15:00,0.0,0.030977892,0.0,0.0
2019-05-26,2019-05-27 14:30:00,0.0,0.06736556,0.0,0.0
2019-05-26,2019-05-27 14:45:00,0.0,0.06093588,0.0,0.0
2019-05-26,2019-05-27 15:00:00,0.0,0.07823483,0.0,0.0
2019-05-26,2019-05-27 15:15:00,0.0,0.023016352,0.0,0.0
2019-05-26,2019-05-27 15:30:00,0.0,0.04384168,0.0,0.0
2019-05-26,2019-05-27 15:45:00,0.0,0.0034249884,0.0,0.0
2019-05-26,2019-05-27 16:00:00,0.0,0.0,0.0,0.0
2019-05-26,2019-05-27 16:15:00,0.0,0.0,0.0,0.020165127
2019-05-26,2019-05-27 16:30:00,0.0,0.0,0.0,0.0
2019-05-26,2019-05-27 16:45:00,0.0,0.0,0.0,0.0
2019-05-26,2019-05-27 17:00:00,0.0,0.029117381,0.0,0.0
2019-05-26,2019-05-27 17:15:00,0.0,0.0,0.0,0.0
2019-05-26,2019-05-27 17:30:00,0.0,0.08254789,0.0,0.0
2019-05-26,2019-05-27 17:45:00,0.0,0.07428178,0.0,0.0
2019-05-26,2019-05-27 18:00:00,0.0,0.08484253,0.0,0.0
2019-05-26,2019-05-27 18:15:00,0.0,0.078833826,0.0,0.0
2019-05-26,2019-05-27 18:30:00,0.0,0.11867899,0.0,0.0
2019-05-26,2019-05-27 18:45:00,0.0,0.14183824,0.0,0.006697342
2019-05-26,2019-05-27 19:00:00,0.0,0.120602004,0.0,0.0
2019-05-26,2019-05-27 19:15:00,0.0,0.15665536,0.0,0.0
2019-05-26,2019-05-27 19:30:00,0.0,0.11692122,0.0,0.0
2019-05-26,2019-05-27 19:45:00,0.0,0.07835229,0.0,0.0
2019-05-26,2019-05-27 20:00:00,0.0,0.06627978,0.0,0.0
2019-05-26,2019-05-27 20:15:00,0.0,0.023434127,0.0,0.0
2019-05-26,2019-05-27 20:30:00,0.0,0.011772822,0.0,0.0
2019-05-26,2019-05-27 20:45:00,0.0,0.034722615,0.0,0.0
2019-05-26,2019-05-27 21:00:00,0.0,0.04769183,0.0,0.0
2019-05-26,2019-05-27 21:15:00,0.042187999933958054,0.08654805,0.0,0.0
2019-05-26,2019-05-27 21:30:00,0.1757809966802597,0.14992765,0.017198456,0.0
2019-05-26,2019-05-27 21:45:00,0.22499999403953552,0.24302849,0.0011392556,0.0
2019-05-26,2019-05-27 22:00:00,0.330469012260437,0.35845238,0.12313216,0.13133255
2019-05-26,2019-05-27 22:15:00,0.4781250059604645,0.51760584,0.25799838,0.28622732
2019-05-26,2019-05-27 22:30:00,0.703125,0.6962407,0.38993633,0.49909854
2019-05-26,2019-05-27 22:45:00,0.935155987739563,0.8819088,0.5614713,0.5971662
2019-05-26,2019-05-27 23:00:00,1.2269530296325684,1.1372068,0.78827685,0.89505374
2019-05-26,2019-05-27 23:15:00,1.539844036102295,1.4253407,0.9863324,1.1189109
2019-05-26,2019-05-27 23:30:00,1.8562500476837158,1.6180812,1.2051967,1.3371499
2019-05-26,2019-05-27 23:45:00,2.12343692779541,1.8157296,1.4102418,1.6268289
2019-05-27,2019-05-28 00:00:00,2.4117190837860107,2.2018971,2.2597125,2.398146
2019-05-27,2019-05-28 00:15:00,2.682421922683716,2.4553015,2.4867392,2.7771134
2019-05-27,2019-05-28 00:30:00,2.9214839935302734,2.589791,2.771336,2.9423456
2019-05-27,2019-05-28 00:45:00,3.164062023162842,2.7650793,3.0468304,3.199583
2019-05-27,2019-05-28 01:00:00,3.3714840412139893,2.8701835,3.2446811,3.468791
2019-05-27,2019-05-28 01:15:00,3.5789060592651367,3.018236,3.5168524,3.5608203
2019-05-27,2019-05-28 01:30:00,3.7195310592651367,3.087942,3.6987107,3.8137538
2019-05-27,2019-05-28 01:45:00,3.8953120708465576,3.202872,3.8252428,3.86033
2019-05-27,2019-05-28 02:00:00,4.004296779632568,3.3418462,4.0247335,4.02826
2019-05-27,2019-05-28 02:15:00,3.9375,3.4160893,4.0742006,4.3370194
2019-05-27,2019-05-28 02:30:00,4.018359184265137,3.43333,4.1957273,4.378112
2019-05-27,2019-05-28 02:45:00,4.095703125,3.4665458,4.246051,4.4106207
2019-05-27,2019-05-28 03:00:00,4.130858898162842,3.59085,4.3194895,4.5325623
2019-05-27,2019-05-28 03:15:00,4.229297161102295,3.5356605,4.2671723,4.730126
2019-05-27,2019-05-28 03:30:00,4.257421970367432,3.6141498,4.3636436,4.708201
2019-05-27,2019-05-28 03:45:00,4.267969131469727,3.5433216,4.4524693,4.7165294
2019-05-27,2019-05-28 04:00:00,4.21523380279541,3.5760503,4.4060717,4.850737
2019-05-27,2019-05-28 04:15:00,4.225780963897705,3.632404,4.4071484,4.7991076
2019-05-27,2019-05-28 04:30:00,4.123827934265137,3.675264,4.4535356,4.7404795
2019-05-27,2019-05-28 04:45:00,4.106249809265137,3.6758478,4.4397535,4.5373564
2019-05-27,2019-05-28 05:00:00,4.162499904632568,3.6438951,4.3032694,4.600776
2019-05-27,2019-05-28 05:15:00,4.141406059265137,3.7114816,4.186124,4.589363
2019-05-27,2019-05-28 05:30:00,4.123827934265137,3.6106176,4.128051,4.4832215
2019-05-27,2019-05-28 05:45:00,4.088672161102295,3.5384364,4.0976367,4.280928
2019-05-27,2019-05-28 06:00:00,4.011328220367432,3.4464467,4.0970635,4.2911572
2019-05-27,2019-05-28 06:15:00,3.9691410064697266,3.3555095,4.047877,4.0851026
2019-05-27,2019-05-28 06:30:00,3.979686975479126,3.219304,3.9930456,3.7462287
2019-05-27,2019-05-28 06:45:00,3.8460938930511475,3.1523826,3.806956,3.6876888
2019-05-27,2019-05-28 07:00:00,3.761718988418579,2.9855266,3.5775232,3.3741062
2019-05-27,2019-05-28 07:15:00,3.6140620708465576,2.8467839,3.5029936,3.3048065
2019-05-27,2019-05-28 07:30:00,3.4242188930511475,2.5939972,3.3377957,2.9834547
2019-05-27,2019-05-28 07:45:00,3.216797113418579,2.296538,3.1302574,2.769793
2019-05-27,2019-05-28 08:00:00,3.0269529819488525,2.0288231,2.965193,2.4603355
2019-05-27,2019-05-28 08:15:00,2.7703120708465576,1.6943296,2.7947967,2.2668288
2019-05-27,2019-05-28 08:30:00,2.53125,1.3459402,2.46415,1.9785787
2019-05-27,2019-05-28 08:45:00,2.267577886581421,1.1011341,2.0923839,1.691048
2019-05-27,2019-05-28 09:00:00,1.96875,0.8824945,1.8955365,1.4750221
2019-05-27,2019-05-28 09:15:00,1.6734369993209839,0.6731032,1.6130303,1.1096817
2019-05-27,2019-05-28 09:30:00,1.3675780296325684,0.5202184,1.3391826,0.9108772
2019-05-27,2019-05-28 09:45:00,1.068750023841858,0.36543015,1.0932579,0.8428027
2019-05-27,2019-05-28 10:00:00,0.8015620112419128,0.27550304,0.8346923,0.6206039
2019-05-27,2019-05-28 10:15:00,0.5484369993209839,0.16429624,0.6110334,0.49806774
2019-05-27,2019-05-28 10:30:00,0.26718801259994507,0.14386916,0.47512683,0.41771683
2019-05-27,2019-05-28 10:45:00,0.15820300579071045,0.06769533,0.26124248,0.27917784
2019-05-27,2019-05-28 11:00:00,0.10195299983024597,0.03970097,0.16460148,0.13500072
2019-05-27,2019-05-28 11:15:00,0.014062000438570976,0.0,0.058140427,0.10818395
2019-05-27,2019-05-28 11:30:00,0.0,0.0,0.0,0.0
2019-05-27,2019-05-28 11:45:00,0.0,0.022773424,0.0,0.0
2019-05-27,2019-05-28 12:00:00,0.0,0.016149402,0.0,0.0
2019-05-27,2019-05-28 12:15:00,0.0,0.0,0.0,0.0
2019-05-27,2019-05-28 12:30:00,0.0,0.0,0.0,0.0
2019-05-27,2019-05-28 12:45:00,0.0,0.0,0.0,0.0
2019-05-27,2019-05-28 13:00:00,0.0,0.0,0.0,0.0
2019-05-27,2019-05-28 13:15:00,0.0,0.0,0.0,0.0
2019-05-27,2019-05-28 13:30:00,0.0,0.044262685,0.0,0.0
2019-05-27,2019-05-28 13:45:00,0.0,0.048962474,0.0,0.040620424
2019-05-27,2019-05-28 14:00:00,0.0,0.09315644,0.0,0.0
2019-05-27,2019-05-28 14:15:00,0.0,0.10570228,0.0,0.043585327
2019-05-27,2019-05-28 14:30:00,0.0,0.12958387,0.0,0.0
2019-05-27,2019-05-28 14:45:00,0.0,0.16029269,0.0,0.028815493
2019-05-27,2019-05-28 15:00:00,0.0,0.16739717,0.0,0.0014586957
2019-05-27,2019-05-28 15:15:00,0.0,0.12047028,0.0,0.10361267
2019-05-27,2019-05-28 15:30:00,0.0,0.14543381,0.0,0.1450371
2019-05-27,2019-05-28 15:45:00,0.0,0.09496617,0.0,0.08621173
2019-05-27,2019-05-28 16:00:00,0.0,0.05850092,0.0,0.07248636
2019-05-27,2019-05-28 16:15:00,0.0,0.020654945,0.0,0.16965668
2019-05-27,2019-05-28 16:30:00,0.0,0.05445325,0.0,0.10428575
2019-05-27,2019-05-28 16:45:00,0.0,0.047839105,0.0,0.06728589
2019-05-27,2019-05-28 17:00:00,0.0,0.06787466,0.0,0.09888617
2019-05-27,2019-05-28 17:15:00,0.0,0.013839616,0.0,0.23399977
2019-05-27,2019-05-28 17:30:00,0.0,0.09817675,0.0,0.0
2019-05-27,2019-05-28 17:45:00,0.0,0.09195945,0.0,0.19038859
2019-05-27,2019-05-28 18:00:00,0.0,0.09675354,0.0,0.10318392
2019-05-27,2019-05-28 18:15:00,0.0,0.08376807,0.0,0.12071451
2019-05-27,2019-05-28 18:30:00,0.0,0.104874305,0.0,0.036209524
2019-05-27,2019-05-28 18:45:00,0.0,0.12993842,0.0,0.0
2019-05-27,2019-05-28 19:00:00,0.0,0.12730223,0.0,0.039344806
2019-05-27,2019-05-28 19:15:00,0.0,0.13309881,0.0,0.0
2019-05-27,2019-05-28 19:30:00,0.0,0.09990422,0.0,0.0
2019-05-27,2019-05-28 19:45:00,0.0,0.047782235,0.0,0.040446237
2019-05-27,2019-05-28 20:00:00,0.0,0.046460625,0.0,0.0
2019-05-27,2019-05-28 20:15:00,0.0,0.020704325,0.0,0.0
2019-05-27,2019-05-28 20:30:00,0.0,0.021075128,0.0,0.0
2019-05-27,2019-05-28 20:45:00,0.0,0.07724622,0.0,0.0
2019-05-27,2019-05-28 21:00:00,0.0,0.12477847,0.0,0.0
2019-05-27,2019-05-28 21:15:00,0.003515999997034669,0.18657358,0.0,0.0
2019-05-27,2019-05-28 21:30:00,0.07734400033950806,0.26468337,0.0,0.05206853
2019-05-27,2019-05-28 21:45:00,0.140625,0.37089717,0.0,0.10011286
2019-05-27,2019-05-28 22:00:00,0.2566410005092621,0.49426025,0.09517031,0.12588727
2019-05-27,2019-05-28 22:15:00,0.39375001192092896,0.6682068,0.2670935,0.37137732
2019-05-27,2019-05-28 22:30:00,0.6082029938697815,0.8330038,0.35804638,0.5648876
2019-05-27,2019-05-28 22:45:00,0.8507810235023499,0.98864585,0.5215972,0.5986932
2019-05-27,2019-05-28 23:00:00,1.1074219942092896,1.2159108,0.75168157,0.9753405
2019-05-27,2019-05-28 23:15:00,1.399219036102295,1.4523658,0.94803953,1.1444137
2019-05-27,2019-05-28 23:30:00,1.6875,1.6311204,1.158111,1.4041976
2019-05-27,2019-05-28 23:45:00,1.9792970418930054,1.8194952,1.4041402,1.7968044
2019-05-28,2019-05-29 00:00:00,2.26406192779541,2.168179,2.070316,2.167388
2019-05-28,2019-05-29 00:15:00,2.538280963897705,2.4231246,2.3159733,2.532693
2019-05-28,2019-05-29 00:30:00,2.7878899574279785,2.5805123,2.590506,2.7479692
2019-05-28,2019-05-29 00:45:00,3.0093750953674316,2.7496638,2.8709557,2.9970467
2019-05-28,2019-05-29 01:00:00,3.223828077316284,2.8645906,3.0183685,3.2958422
2019-05-28,2019-05-29 01:15:00,3.4347660541534424,2.996674,3.2886765,3.327036
2019-05-28,2019-05-29 01:30:00,3.5999999046325684,3.0610387,3.4448912,3.5825732
2019-05-28,2019-05-29 01:45:00,3.708983898162842,3.1960123,3.5742698,3.6542401
2019-05-28,2019-05-29 02:00:00,3.839061975479126,3.3772724,3.7510622,3.792681
2019-05-28,2019-05-29 02:15:00,3.909374952316284,3.4682567,3.7827098,4.0842757
2019-05-28,2019-05-29 02:30:00,3.9867188930511475,3.4862201,3.875357,4.070017
2019-05-28,2019-05-29 02:45:00,4.032422065734863,3.564336,3.9443693,4.1662555
2019-05-28,2019-05-29 03:00:00,4.050000190734863,3.7156997,4.005185,4.187195
2019-05-28,2019-05-29 03:15:00,4.071094036102295,3.685154,3.9268634,4.4300795
2019-05-28,2019-05-29 03:30:00,4.085155963897705,3.822314,4.0080185,4.3908997
2019-05-28,2019-05-29 03:45:00,4.06406307220459,3.7965562,4.078735,4.424388
2019-05-28,2019-05-29 04:00:00,4.028905868530273,3.85091,4.02888,4.532261
2019-05-28,2019-05-29 04:15:00,4.014842987060547,3.9373324,4.0617404,4.4733415
2019-05-28,2019-05-29 04:30:00,4.102734088897705,4.02161,4.0651836,4.4100122
2019-05-28,2019-05-29 04:45:00,4.07460880279541,4.07811,4.041603,4.1716886
2019-05-28,2019-05-29 05:00:00,4.120312213897705,4.0429916,3.9193113,4.173369
2019-05-28,2019-05-29 05:15:00,4.099218845367432,4.0987535,3.8026333,4.2761555
2019-05-28,2019-05-29 05:30:00,4.057031154632568,4.0294538,3.7585032,4.1549063
2019-05-28,2019-05-29 05:45:00,4.109766006469727,3.998678,3.7226572,3.9798174
2019-05-28,2019-05-29 06:00:00,4.130858898162842,3.8971932,3.7302725,4.0159264
2019-05-28,2019-05-29 06:15:00,3.744141101837158,3.8761168,3.6541984,3.7999005
2019-05-28,2019-05-29 06:30:00,3.948046922683716,3.797248,3.6140292,3.4670196
2019-05-28,2019-05-29 06:45:00,3.796875,3.7544215,3.463912,3.3720372
2019-05-28,2019-05-29 07:00:00,3.385546922683716,3.6267421,3.239714,3.1402285
2019-05-28,2019-05-29 07:15:00,3.779297113418579,3.560613,3.1757612,3.0733855
2019-05-28,2019-05-29 07:30:00,3.5648438930511475,3.3752167,2.9833164,2.7766569
2019-05-28,2019-05-29 07:45:00,3.128906011581421,3.0915542,2.8382244,2.516124
2019-05-28,2019-05-29 08:00:00,2.2957029342651367,2.8249235,2.6062229,2.2671788
2019-05-28,2019-05-29 08:15:00,3.216797113418579,2.5566542,2.4379096,2.0814037
2019-05-28,2019-05-29 08:30:00,2.6578121185302734,2.1739295,2.0938215,1.8491205
2019-05-28,2019-05-29 08:45:00,2.54531192779541,1.9172292,1.7957612,1.5145625
2019-05-28,2019-05-29 09:00:00,2.1304690837860107,1.6372159,1.5888531,1.3630677
2019-05-28,2019-05-29 09:15:00,1.835155963897705,1.3763814,1.321394,0.9616671
2019-05-28,2019-05-29 09:30:00,1.5433590412139893,1.2098355,1.0459906,0.7888254
2019-05-28,2019-05-29 09:45:00,0.8085939884185791,0.96040434,0.821137,0.7128396
2019-05-28,2019-05-29 10:00:00,0.4007810056209564,0.79019016,0.5770966,0.4984203
2019-05-28,2019-05-29 10:15:00,0.41835901141166687,0.5619985,0.41157767,0.35510245
2019-05-28,2019-05-29 10:30:00,0.37968701124191284,0.45607293,0.3185617,0.3179567
2019-05-28,2019-05-29 10:45:00,0.18281200528144836,0.31839037,0.1457966,0.13085547
2019-05-28,2019-05-29 11:00:00,0.11953099817037582,0.16379116,0.0931447,0.047617078
2019-05-28,2019-05-29 11:15:00,0.042187999933958054,0.06702113,0.0010303627,0.0
2019-05-28,2019-05-29 11:30:00,0.0,0.004446576,0.0,0.0
2019-05-28,2019-05-29 11:45:00,0.0,0.0,0.0,0.0
2019-05-28,2019-05-29 12:00:00,0.0,0.0,0.0,0.0
2019-05-28,2019-05-29 12:15:00,0.0,0.0,0.0,0.0
2019-05-28,2019-05-29 12:30:00,0.0,0.0,0.0,0.0
2019-05-28,2019-05-29 12:45:00,0.0,0.0,0.0,0.0
2019-05-28,2019-05-29 13:00:00,0.0,0.0,0.0,0.0
2019-05-28,2019-05-29 13:15:00,0.0,0.0,0.009628638,0.0
2019-05-28,2019-05-29 13:30:00,0.0,0.0,0.0,0.0
2019-05-28,2019-05-29 13:45:00,0.0,0.0,0.0,0.0
2019-05-28,2019-05-29 14:00:00,0.0,0.03345137,0.032920495,0.0
2019-05-28,2019-05-29 14:15:00,0.0,0.06954193,0.038389444,0.0
2019-05-28,2019-05-29 14:30:00,0.0,0.12116388,0.0,0.0
2019-05-28,2019-05-29 14:45:00,0.0,0.15363207,0.0,0.0
2019-05-28,2019-05-29 15:00:00,0.0,0.19322208,0.0,0.0
2019-05-28,2019-05-29 15:15:00,0.0,0.11732431,0.0,0.036635764
2019-05-28,2019-05-29 15:30:00,0.0,0.1579765,0.0,0.1146772
2019-05-28,2019-05-29 15:45:00,0.0,0.10917122,0.0,0.06526144
2019-05-28,2019-05-29 16:00:00,0.0,0.050791487,0.0,0.08328322
2019-05-28,2019-05-29 16:15:00,0.0,0.034876022,0.0,0.15523303
2019-05-28,2019-05-29 16:30:00,0.0,0.08222952,0.0,0.07897687
2019-05-28,2019-05-29 16:45:00,0.0,0.068306774,0.0,0.094546594
2019-05-28,2019-05-29 17:00:00,0.0,0.098726965,0.0,0.11311503
2019-05-28,2019-05-29 17:15:00,0.0,0.048009053,0.0,0.27538732
2019-05-28,2019-05-29 17:30:00,0.0,0.12944676,0.0,0.060350608
2019-05-28,2019-05-29 17:45:00,0.0,0.1348553,0.0,0.195547
2019-05-28,2019-05-29 18:00:00,0.0,0.14191115,0.0,0.12791918
2019-05-28,2019-05-29 18:15:00,0.0,0.13729034,0.0,0.15388808
2019-05-28,2019-05-29 18:30:00,0.0,0.18888253,0.0,0.10361426
2019-05-28,2019-05-29 18:45:00,0.0,0.20097129,0.0,0.0
2019-05-28,2019-05-29 19:00:00,0.0,0.16535589,0.0,0.02561534
2019-05-28,2019-05-29 19:15:00,0.0,0.1898547,0.0,0.0
2019-05-28,2019-05-29 19:30:00,0.0,0.12590483,0.0,0.019182416
2019-05-28,2019-05-29 19:45:00,0.0,0.06628076,0.0,0.060526997
2019-05-28,2019-05-29 20:00:00,0.0,0.045534052,0.0,0.0
2019-05-28,2019-05-29 20:15:00,0.0,0.0,0.0,0.0
2019-05-28,2019-05-29 20:30:00,0.0,0.0,0.0,0.0
2019-05-28,2019-05-29 20:45:00,0.0,0.016081791,0.0,0.0
2019-05-28,2019-05-29 21:00:00,0.0,0.05242913,0.0,0.0
2019-05-28,2019-05-29 21:15:00,0.0,0.1161803,0.0,0.0
2019-05-28,2019-05-29 21:30:00,0.0,0.16045102,0.0,0.018465566
2019-05-28,2019-05-29 21:45:00,0.19335900247097015,0.25952163,0.0,0.01442876
2019-05-28,2019-05-29 22:00:00,0.3023439943790436,0.3487298,0.100347176,0.0
2019-05-28,2019-05-29 22:15:00,0.43945300579071045,0.49050808,0.22786282,0.31352118
2019-05-28,2019-05-29 22:30:00,0.4816409945487976,0.6267042,0.32506958,0.41284883
2019-05-28,2019-05-29 22:45:00,0.583594024181366,0.78898907,0.47703773,0.48555878
2019-05-28,2019-05-29 23:00:00,0.984375,1.0497726,0.6556984,0.8633032
2019-05-28,2019-05-29 23:15:00,0.8121089935302734,1.3317492,0.8418249,1.0433481
2019-05-28,2019-05-29 23:30:00,1.364061951637268,1.4929057,1.1057522,1.2814903
2019-05-28,2019-05-29 23:45:00,1.4343750476837158,1.7114286,1.2756392,1.6249679
2019-05-29,2019-05-30 00:00:00,1.9300780296325684,1.7631761,1.6318332,1.7172611
2019-05-29,2019-05-30 00:15:00,2.383594036102295,2.0069475,1.8852254,1.9975393
2019-05-29,2019-05-30 00:30:00,2.4468750953674316,2.1625328,2.12764,2.2255635
2019-05-29,2019-05-30 00:45:00,2.707031011581421,2.3638437,2.3434331,2.4773192
2019-05-29,2019-05-30 01:00:00,3.058593988418579,2.552128,2.4870038,2.806649
2019-05-29,2019-05-30 01:15:00,3.2660160064697266,2.6863568,2.7346818,2.8160157
2019-05-29,2019-05-30 01:30:00,3.487499952316284,2.7660716,2.8507109,3.0967357
2019-05-29,2019-05-30 01:45:00,3.666796922683716,2.9335928,2.9961143,3.1944542
2019-05-29,2019-05-30 02:00:00,3.8636720180511475,3.071923,3.1576602,3.376737
2019-05-29,2019-05-30 02:15:00,3.909374952316284,3.201248,3.2000508,3.6205554
2019-05-29,2019-05-30 02:30:00,3.9937500953674316,3.2746093,3.2890577,3.6346545
2019-05-29,2019-05-30 02:45:00,3.8777339458465576,3.3192873,3.392814,3.7757673
2019-05-29,2019-05-30 03:00:00,4.158984184265137,3.4907176,3.4655776,3.7728846
2019-05-29,2019-05-30 03:15:00,4.187108993530273,3.432133,3.4100175,3.9697845
2019-05-29,2019-05-30 03:30:00,4.08164119720459,3.5390346,3.5014503,4.018571
2019-05-29,2019-05-30 03:45:00,4.09218692779541,3.5158045,3.6103928,3.9931648
2019-05-29,2019-05-30 04:00:00,3.8917970657348633,3.5184143,3.60095,4.115789
2019-05-29,2019-05-30 04:15:00,3.779297113418579,3.5742888,3.6199968,4.1411114
2019-05-29,2019-05-30 04:30:00,2.900391101837158,3.642072,3.6438463,4.0753393
2019-05-29,2019-05-30 04:45:00,3.3785150051116943,3.6679492,3.6515157,3.8153374
2019-05-29,2019-05-30 05:00:00,3.0093750953674316,3.6133232,3.546469,3.7899647
2019-05-29,2019-05-30 05:15:00,4.07460880279541,3.6424513,3.454915,3.8955042
2019-05-29,2019-05-30 05:30:00,3.9128899574279785,3.5834715,3.4084058,3.8258102
2019-05-29,2019-05-30 05:45:00,3.7300779819488525,3.5145326,3.3721602,3.6670125
2019-05-29,2019-05-30 06:00:00,3.3082029819488525,3.4817772,3.398069,3.7048945
2019-05-29,2019-05-30 06:15:00,3.8777339458465576,3.3537688,3.327203,3.4871356
2019-05-29,2019-05-30 06:30:00,2.267577886581421,3.2718134,3.29885,3.1910286
2019-05-29,2019-05-30 06:45:00,1.357030987739563,3.2480342,3.145621,3.0912535
2019-05-29,2019-05-30 07:00:00,2.664844036102295,3.1334085,2.9205668,2.8685942
2019-05-29,2019-05-30 07:15:00,2.506640911102295,3.038067,2.8670306,2.7915602
2019-05-29,2019-05-30 07:30:00,3.4769530296325684,2.8354273,2.689467,2.593954
2019-05-29,2019-05-30 07:45:00,3.1535160541534424,2.5952458,2.5430593,2.3195212
2019-05-29,2019-05-30 08:00:00,2.963671922683716,2.3668544,2.3793023,2.1445496
2019-05-29,2019-05-30 08:15:00,2.6261720657348633,2.0551372,2.233208,1.9980762
2019-05-29,2019-05-30 08:30:00,2.3238279819488525,1.6994444,1.9313462,1.7679412
2019-05-29,2019-05-30 08:45:00,2.0355470180511475,1.434829,1.6623312,1.4637718
2019-05-29,2019-05-30 09:00:00,1.7156250476837158,1.1815104,1.446773,1.3268597
2019-05-29,2019-05-30 09:15:00,1.4800779819488525,0.93645215,1.2012341,0.9155865
2019-05-29,2019-05-30 09:30:00,1.2410160303115845,0.73441845,0.9724527,0.7764746
2019-05-29,2019-05-30 09:45:00,0.9105470180511475,0.55022216,0.7598097,0.70640504
2019-05-29,2019-05-30 10:00:00,0.7136719822883606,0.4419675,0.5364877,0.51237714
2019-05-29,2019-05-30 10:15:00,0.5238280296325684,0.30443227,0.35457656,0.41745606
2019-05-29,2019-05-30 10:30:00,0.37968701124191284,0.22458595,0.3098592,0.34938338
2019-05-29,2019-05-30 10:45:00,0.2566410005092621,0.15303586,0.13667257,0.15348828
2019-05-29,2019-05-30 11:00:00,0.15468700230121613,0.10497549,0.09090643,0.100288644
2019-05-29,2019-05-30 11:15:00,0.014062000438570976,0.066871464,0.0,0.0356554
2019-05-29,2019-05-30 11:30:00,0.0,0.06915852,0.0,0.0
2019-05-29,2019-05-30 11:45:00,0.0,0.05755015,0.0,0.0
2019-05-29,2019-05-30 12:00:00,0.0,0.053507872,0.0,0.0
2019-05-29,2019-05-30 12:15:00,0.0,0.043116122,0.0,0.0
2019-05-29,2019-05-30 12:30:00,0.0,0.0,0.0,0.0
2019-05-29,2019-05-30 12:45:00,0.0,0.005537254,0.0,0.0
2019-05-29,2019-05-30 13:00:00,0.0,0.005454954,0.0,0.0
2019-05-29,2019-05-30 13:15:00,0.0,0.0072166226,0.0053303656,0.0
2019-05-29,2019-05-30 13:30:00,0.0,0.03137462,0.0,0.0011121583
2019-05-29,2019-05-30 13:45:00,0.0,0.02140157,0.0,0.0
2019-05-29,2019-05-30 14:00:00,0.0,0.055421714,0.01707297,0.0
2019-05-29,2019-05-30 14:15:00,0.0,0.047127232,0.0,0.0
2019-05-29,2019-05-30 14:30:00,0.0,0.07997037,0.0,0.0
2019-05-29,2019-05-30 14:45:00,0.0,0.10028076,0.0,0.0
2019-05-29,2019-05-30 15:00:00,0.0,0.11210399,0.0,0.0
2019-05-29,2019-05-30 15:15:00,0.0,0.115275085,0.0,0.038193535
2019-05-29,2019-05-30 15:30:00,0.0,0.12765156,0.0,0.046803277
2019-05-29,2019-05-30 15:45:00,0.0,0.10971065,0.0,0.034042284
2019-05-29,2019-05-30 16:00:00,0.0,0.11103605,0.0,0.0
2019-05-29,2019-05-30 16:15:00,0.0,0.07148595,0.0,0.08574099
2019-05-29,2019-05-30 16:30:00,0.0,0.086855136,0.0,0.03386476
2019-05-29,2019-05-30 16:45:00,0.0,0.07883078,0.0,0.014719155
2019-05-29,2019-05-30 17:00:00,0.0,0.061524656,0.0,0.02997161
2019-05-29,2019-05-30 17:15:00,0.0,0.015544827,0.0,0.20505057
2019-05-29,2019-05-30 17:30:00,0.0,0.047996625,0.0,0.04869826
2019-05-29,2019-05-30 17:45:00,0.0,0.0,0.0,0.08660514
2019-05-29,2019-05-30 18:00:00,0.0,0.00081851264,0.0,0.055628873
2019-05-29,2019-05-30 18:15:00,0.0,0.0,0.0,0.10785971
2019-05-29,2019-05-30 18:30:00,0.0,0.0,0.0,0.04699271
2019-05-29,2019-05-30 18:45:00,0.0,0.0,0.0,0.03202606
2019-05-29,2019-05-30 19:00:00,0.0,0.0002778441,0.0,0.057042856
2019-05-29,2019-05-30 19:15:00,0.0,0.0,0.0,0.0
2019-05-29,2019-05-30 19:30:00,0.0,0.0,0.0,0.047844537
2019-05-29,2019-05-30 19:45:00,0.0,0.0,0.0,0.09325594
2019-05-29,2019-05-30 20:00:00,0.0,0.0,0.0,0.0
2019-05-29,2019-05-30 20:15:00,0.0,0.0,0.0,0.0029289676
2019-05-29,2019-05-30 20:30:00,0.0,0.0,0.0,0.0
2019-05-29,2019-05-30 20:45:00,0.0,0.0,0.0,0.0
2019-05-29,2019-05-30 21:00:00,0.0,0.0,0.0,0.0
2019-05-29,2019-05-30 21:15:00,0.024608999490737915,0.02752772,0.0,0.0
2019-05-29,2019-05-30 21:30:00,0.0,0.047914244,0.043197703,0.11244844
2019-05-29,2019-05-30 21:45:00,0.18984399735927582,0.15218125,0.065436795,0.026635384
2019-05-29,2019-05-30 22:00:00,0.29882800579071045,0.2495664,0.18259954,0.044635277
2019-05-29,2019-05-30 22:15:00,0.46054700016975403,0.40350607,0.29470268,0.32353327
2019-05-29,2019-05-30 22:30:00,0.6609370112419128,0.52095836,0.3861235,0.40805912
2019-05-29,2019-05-30 22:45:00,0.864844024181366,0.6498591,0.52884036,0.47620252
2019-05-29,2019-05-30 23:00:00,1.1566410064697266,0.86347926,0.6721134,0.76257074
2019-05-29,2019-05-30 23:15:00,1.4343750476837158,1.0494525,0.8316274,0.92234397
2019-05-29,2019-05-30 23:30:00,1.7121089696884155,1.263014,1.0633157,1.1172596
2019-05-29,2019-05-30 23:45:00,2.0144529342651367,1.4289961,1.2179686,1.4259247
2019-05-30,2019-05-31 00:00:00,2.260546922683716,2.288194,2.0372496,2.1299455
2019-05-30,2019-05-31 00:15:00,2.5101559162139893,2.5702708,2.269919,2.4490516
2019-05-30,2019-05-31 00:30:00,2.7667970657348633,2.7642481,2.533872,2.680038
2019-05-30,2019-05-31 00:45:00,2.9988279342651367,2.9800358,2.8439996,2.8961813
2019-05-30,2019-05-31 01:00:00,3.2308590412139893,3.1366365,2.9762092,3.1932576
2019-05-30,2019-05-31 01:15:00,3.4382810592651367,3.313833,3.215582,3.2650082
2019-05-30,2019-05-31 01:30:00,3.568358898162842,3.4149754,3.3880694,3.5089993
2019-05-30,2019-05-31 01:45:00,3.744141101837158,3.5720654,3.5039682,3.5888977
2019-05-30,2019-05-31 02:00:00,3.902343988418579,3.7678123,3.7043753,3.7361107
2019-05-30,2019-05-31 02:15:00,4.014842987060547,3.8700259,3.7089586,3.9721584
2019-05-30,2019-05-31 02:30:00,4.095703125,3.9014556,3.81305,3.9496078
2019-05-30,2019-05-31 02:45:00,4.169530868530273,3.9757442,3.8752582,4.0004945
2019-05-30,2019-05-31 03:00:00,4.23281192779541,4.1190476,3.9506056,4.0820537
2019-05-30,2019-05-31 03:15:00,4.22226619720459,4.061159,3.8676214,4.286847
2019-05-30,2019-05-31 03:30:00,4.169530868530273,4.160075,3.966288,4.207391
2019-05-30,2019-05-31 03:45:00,4.201171875,4.119153,4.0283456,4.23326
2019-05-30,2019-05-31 04:00:00,4.225780963897705,4.1443644,3.9616988,4.266542
2019-05-30,2019-05-31 04:15:00,4.144921779632568,4.1920033,3.9887352,4.206079
2019-05-30,2019-05-31 04:30:00,4.201171875,4.2400985,3.990101,4.2167244
2019-05-30,2019-05-31 04:45:00,4.09218692779541,4.260621,3.951281,3.951096
2019-05-30,2019-05-31 05:00:00,4.014842987060547,4.187561,3.8304574,3.9013493
2019-05-30,2019-05-31 05:15:00,4.046483993530273,4.2050786,3.7086027,3.991253
2019-05-30,2019-05-31 05:30:00,4.050000190734863,4.1014986,3.6646478,3.8506732
2019-05-30,2019-05-31 05:45:00,3.9128899574279785,4.0186996,3.634377,3.6337106
2019-05-30,2019-05-31 06:00:00,4.000781059265137,3.903143,3.6556416,3.6147523
2019-05-30,2019-05-31 06:15:00,3.9410150051116943,3.820787,3.5847583,3.4038386
2019-05-30,2019-05-31 06:30:00,3.8988280296325684,3.7212372,3.4991484,3.1374083
2019-05-30,2019-05-31 06:45:00,3.8636720180511475,3.644843,3.35551,3.0301423
2019-05-30,2019-05-31 07:00:00,3.7160160541534424,3.4965224,3.1532187,2.7892673
2019-05-30,2019-05-31 07:15:00,2.988281011581421,3.4180498,3.0936992,2.6564188
2019-05-30,2019-05-31 07:30:00,2.460937976837158,3.2193983,2.8998713,2.4175615
2019-05-30,2019-05-31 07:45:00,2.882812023162842,2.9457557,2.7405498,2.18489
2019-05-30,2019-05-31 08:00:00,1.680469036102295,2.6800153,2.5585177,1.9550198
2019-05-30,2019-05-31 08:15:00,1.026561975479126,2.4247642,2.4146051,1.7735139
2019-05-30,2019-05-31 08:30:00,1.3605469465255737,2.0341918,2.1131647,1.5439061
2019-05-30,2019-05-31 08:45:00,1.2480469942092896,1.7841055,1.8076766,1.2896539
2019-05-30,2019-05-31 09:00:00,2.3414061069488525,1.5260963,1.6252906,1.0723889
2019-05-30,2019-05-31 09:15:00,1.6488280296325684,1.2564977,1.3743367,0.72528213
2019-05-30,2019-05-31 09:30:00,1.089843988418579,1.0857474,1.1096156,0.5782755
2019-05-30,2019-05-31 09:45:00,0.7558590173721313,0.8378588,0.88547516,0.46645492
2019-05-30,2019-05-31 10:00:00,0.8753910064697266,0.6890928,0.66812,0.32569894
2019-05-30,2019-05-31 10:15:00,0.28125,0.47425708,0.4678019,0.21389197
2019-05-30,2019-05-31 10:30:00,0.3269529938697815,0.3663738,0.34911105,0.14985336
2019-05-30,2019-05-31 10:45:00,0.2214840054512024,0.24960776,0.14323951,0.0
2019-05-30,2019-05-31 11:00:00,0.1300780028104782,0.10463185,0.11310667,0.0
2019-05-30,2019-05-31 11:15:00,0.0,0.04342619,0.011572525,0.0
2019-05-30,2019-05-31 11:30:00,0.0,0.0,0.0,0.0
2019-05-30,2019-05-31 11:45:00,0.0,0.0,0.0,0.0
2019-05-30,2019-05-31 12:00:00,0.0,0.0,0.0,0.0
2019-05-30,2019-05-31 12:15:00,0.0,0.0,0.0,0.0
2019-05-30,2019-05-31 12:30:00,0.0,0.0,0.0,0.0
2019-05-30,2019-05-31 12:45:00,0.0,0.0,0.0,0.0
2019-05-30,2019-05-31 13:00:00,0.0,0.0,0.0,0.0
2019-05-30,2019-05-31 13:15:00,0.0,0.0,0.0,0.0
2019-05-30,2019-05-31 13:30:00,0.0,0.0,0.0,0.0
2019-05-30,2019-05-31 13:45:00,0.0,0.0,0.0,0.0
2019-05-30,2019-05-31 14:00:00,0.0,0.032733962,0.008523666,0.0
2019-05-30,2019-05-31 14:15:00,0.0,0.04925863,0.0,0.0
2019-05-30,2019-05-31 14:30:00,0.0,0.10073572,0.0,0.0
2019-05-30,2019-05-31 14:45:00,0.0,0.11490976,0.0,0.0
2019-05-30,2019-05-31 15:00:00,0.0,0.14673482,0.0,0.0
2019-05-30,2019-05-31 15:15:00,0.0,0.09178639,0.0,0.0
2019-05-30,2019-05-31 15:30:00,0.0,0.11946803,0.0,0.0402009
2019-05-30,2019-05-31 15:45:00,0.0,0.08237572,0.0,0.023718925
2019-05-30,2019-05-31 16:00:00,0.0,0.037726063,0.0,0.05146436
2019-05-30,2019-05-31 16:15:00,0.0,0.017142473,0.0,0.103739984
2019-05-30,2019-05-31 16:30:00,0.0,0.05162905,0.0,0.05731334
2019-05-30,2019-05-31 16:45:00,0.0,0.050796796,0.0,0.07017145
2019-05-30,2019-05-31 17:00:00,0.0,0.07511861,0.0,0.020094277
2019-05-30,2019-05-31 17:15:00,0.0,0.026300052,0.0,0.18386602
2019-05-30,2019-05-31 17:30:00,0.0,0.10036,0.0,0.043280333
2019-05-30,2019-05-31 17:45:00,0.0,0.086861104,0.0,0.11327095
2019-05-30,2019-05-31 18:00:00,0.0,0.095821865,0.0,0.07210391
2019-05-30,2019-05-31 18:15:00,0.0,0.08311621,0.0,0.05870416
2019-05-30,2019-05-31 18:30:00,0.0,0.123796016,0.0,0.034270316
2019-05-30,2019-05-31 18:45:00,0.0,0.13795093,0.0,0.0
2019-05-30,2019-05-31 19:00:00,0.0,0.11158684,0.0,0.0
2019-05-30,2019-05-31 19:15:00,0.0,0.13670185,0.0,0.0
2019-05-30,2019-05-31 19:30:00,0.0,0.076376356,0.0,0.0
2019-05-30,2019-05-31 19:45:00,0.0,0.02370691,0.0,0.0
2019-05-30,2019-05-31 20:00:00,0.0,0.005008848,0.0,0.0
2019-05-30,2019-05-31 20:15:00,0.0,0.0,0.0,0.0
2019-05-30,2019-05-31 20:30:00,0.0,0.0,0.0,0.0
2019-05-30,2019-05-31 20:45:00,0.0,0.0,0.0,0.0
2019-05-30,2019-05-31 21:00:00,0.0,0.0,0.0,0.0
2019-05-30,2019-05-31 21:15:00,0.0,0.059410166,0.0,0.0
2019-05-30,2019-05-31 21:30:00,0.0,0.10946744,0.0,0.0
2019-05-30,2019-05-31 21:45:00,0.0,0.21028818,0.0,0.0
2019-05-30,2019-05-31 22:00:00,0.07734400033950806,0.31445143,0.0,0.0
2019-05-30,2019-05-31 22:15:00,0.16875000298023224,0.47317,0.073677,0.21111363
2019-05-30,2019-05-31 22:30:00,0.34453099966049194,0.62641644,0.20434786,0.35082388
2019-05-30,2019-05-31 22:45:00,0.29882800579071045,0.7959742,0.3347532,0.41216993
2019-05-30,2019-05-31 23:00:00,0.3515619933605194,1.0501097,0.5431232,0.7806296
2019-05-30,2019-05-31 23:15:00,0.29531198740005493,1.3310943,0.7233075,0.9849416
2019-05-30,2019-05-31 23:30:00,0.5238280296325684,1.5154958,0.94747156,1.2089211
2019-05-30,2019-05-31 23:45:00,0.8332030177116394,1.7169633,1.1137991,1.5177844
2018-08-24,2018-08-25 00:00:00,1.321874976158142,1.3729013,1.2866265,1.3799362
2018-08-24,2018-08-25 00:15:00,1.5609370470046997,1.6362486,1.4794443,1.5697927
2018-08-24,2018-08-25 00:30:00,1.792968988418579,1.8657262,1.6891756,1.8207572
2018-08-24,2018-08-25 00:45:00,2.0179688930511475,2.119789,1.857263,2.0490284
2018-08-24,2018-08-25 01:00:00,2.12343692779541,2.3747063,1.9942306,2.3441243
2018-08-24,2018-08-25 01:15:00,2.4117190837860107,2.6035924,2.1571841,2.4053898
2018-08-24,2018-08-25 01:30:00,2.654297113418579,2.7749324,2.3054757,2.6421068
2018-08-24,2018-08-25 01:45:00,2.794922113418579,3.0179074,2.3921583,2.7514682
2018-08-24,2018-08-25 02:00:00,2.9285149574279785,3.2699866,2.6111734,2.9292111
2018-08-24,2018-08-25 02:15:00,3.118359088897705,3.469747,2.6517801,3.098567
2018-08-24,2018-08-25 02:30:00,3.1957030296325684,3.6067014,2.7581608,3.127679
2018-08-24,2018-08-25 02:45:00,3.462891101837158,3.7116616,2.8415458,3.2253304
2018-08-24,2018-08-25 03:00:00,3.5929689407348633,3.8790011,2.8887,3.266845
2018-08-24,2018-08-25 03:15:00,3.6140620708465576,3.853634,2.8086507,3.4121249
2018-08-24,2018-08-25 03:30:00,3.7828121185302734,3.955342,2.9587808,3.4142516
2018-08-24,2018-08-25 03:45:00,3.526171922683716,3.907936,3.0288959,3.3400018
2018-08-24,2018-08-25 04:00:00,2.8792970180511475,3.901108,3.028091,3.444161
2018-08-24,2018-08-25 04:15:00,2.496093988418579,3.8912072,3.0165157,3.48899
2018-08-24,2018-08-25 04:30:00,4.028905868530273,3.9502215,3.048169,3.4750662
2018-08-24,2018-08-25 04:45:00,3.6949219703674316,3.971385,3.0197213,3.2007892
2018-08-24,2018-08-25 05:00:00,2.9039061069488525,3.900681,2.9248908,3.1162632
2018-08-24,2018-08-25 05:15:00,2.415234088897705,3.8961518,2.8647037,3.2039413
2018-08-24,2018-08-25 05:30:00,3.965625047683716,3.8269749,2.7670996,3.0818667
2018-08-24,2018-08-25 05:45:00,3.276561975479126,3.77743,2.7707691,2.9205117
2018-08-24,2018-08-25 06:00:00,3.2132809162139893,3.6421247,2.7803094,2.9468877
2018-08-24,2018-08-25 06:15:00,2.629688024520874,3.5634243,2.6888013,2.7286232
2018-08-24,2018-08-25 06:30:00,1.7999999523162842,3.4413326,2.5624533,2.5202398
2018-08-24,2018-08-25 06:45:00,2.583983898162842,3.3375406,2.4489248,2.3788538
2018-08-24,2018-08-25 07:00:00,1.9933589696884155,3.2154512,2.2676399,2.1756272
2018-08-24,2018-08-25 07:15:00,1.9160159826278687,3.1023536,2.2223234,2.0536125
2018-08-24,2018-08-25 07:30:00,2.7527339458465576,2.929373,2.0551152,1.9116004
2018-08-24,2018-08-25 07:45:00,1.8878910541534424,2.6951437,1.8888204,1.703727
2018-08-24,2018-08-25 08:00:00,1.3816410303115845,2.4406502,1.7004855,1.5300138
2018-08-24,2018-08-25 08:15:00,1.8878910541534424,2.207838,1.6201203,1.4431634
2018-08-24,2018-08-25 08:30:00,1.638280987739563,1.8425705,1.3483919,1.2056258
2018-08-24,2018-08-25 08:45:00,1.160156011581421,1.590093,1.1212817,1.0329365
2018-08-24,2018-08-25 09:00:00,0.5589839816093445,1.3344978,0.9190728,0.883582
2018-08-24,2018-08-25 09:15:00,0.8296869993209839,1.0655404,0.70270216,0.5253056
2018-08-24,2018-08-25 09:30:00,0.4429689943790436,0.8606673,0.5841123,0.42765015
2018-08-24,2018-08-25 09:45:00,0.33398398756980896,0.64847624,0.3548562,0.3449939
2018-08-24,2018-08-25 10:00:00,0.2355470061302185,0.4820515,0.2231997,0.25403425
2018-08-24,2018-08-25 10:15:00,0.16523399949073792,0.3099859,0.09072931,0.20157295
2018-08-24,2018-08-25 10:30:00,0.03867200016975403,0.19594121,0.05954166,0.09362289
2018-08-24,2018-08-25 10:45:00,0.0,0.121703155,0.0,0.0
2018-08-24,2018-08-25 11:00:00,0.0,0.06291762,0.0,0.0
2018-08-24,2018-08-25 11:15:00,0.0,0.003183706,0.0,0.0
2018-08-24,2018-08-25 11:30:00,0.0,0.004446082,0.0,0.0
2018-08-24,2018-08-25 11:45:00,0.0,0.0,0.0,0.0
2018-08-24,2018-08-25 12:00:00,0.0,0.0,0.0,0.0
2018-08-24,2018-08-25 12:15:00,0.0,0.0,0.0,0.0
2018-08-24,2018-08-25 12:30:00,0.0,0.0,0.0,0.0
2018-08-24,2018-08-25 12:45:00,0.0,0.0,0.0,0.0
2018-08-24,2018-08-25 13:00:00,0.0,0.004944078,0.0,0.0
2018-08-24,2018-08-25 13:15:00,0.0,0.0,0.0,0.0
2018-08-24,2018-08-25 13:30:00,0.0,0.010346155,0.0,0.0
2018-08-24,2018-08-25 13:45:00,0.0,0.005319077,0.0,0.0
2018-08-24,2018-08-25 14:00:00,0.0,0.019812688,1.2427269e-05,0.0
2018-08-24,2018-08-25 14:15:00,0.0,0.0,0.0,0.0
2018-08-24,2018-08-25 14:30:00,0.0,0.014850217,0.0,0.0
2018-08-24,2018-08-25 14:45:00,0.0,0.013056102,0.0,0.0
2018-08-24,2018-08-25 15:00:00,0.0,0.008363429,0.0,0.0
2018-08-24,2018-08-25 15:15:00,0.0,0.02189942,0.0,0.009666719
2018-08-24,2018-08-25 15:30:00,0.0,0.029453287,0.0,0.0
2018-08-24,2018-08-25 15:45:00,0.0,0.037285164,0.0,0.0
2018-08-24,2018-08-25 16:00:00,0.0,0.026443666,0.0,0.0
2018-08-24,2018-08-25 16:15:00,0.0,0.0364828,0.0,0.021951815
2018-08-24,2018-08-25 16:30:00,0.0,0.06225173,0.0,0.0
2018-08-24,2018-08-25 16:45:00,0.0,0.0673449,0.0,0.0
2018-08-24,2018-08-25 17:00:00,0.0,0.06725877,0.0,0.0
2018-08-24,2018-08-25 17:15:00,0.0,0.06289281,0.0,0.09514367
2018-08-24,2018-08-25 17:30:00,0.0,0.07059553,0.0,0.034220967
2018-08-24,2018-08-25 17:45:00,0.0,0.050536025,0.0,0.013948828
2018-08-24,2018-08-25 18:00:00,0.0,0.0693196,0.0,0.0032483216
2018-08-24,2018-08-25 18:15:00,0.0,0.050358176,0.0,0.0
2018-08-24,2018-08-25 18:30:00,0.0,0.058392696,0.0,0.0
2018-08-24,2018-08-25 18:45:00,0.0,0.04402463,0.0,0.029341215
2018-08-24,2018-08-25 19:00:00,0.0,0.02120689,0.0,0.009621814
2018-08-24,2018-08-25 19:15:00,0.0,0.010776377,0.0,0.0
2018-08-24,2018-08-25 19:30:00,0.0,0.0,0.0,0.0
2018-08-24,2018-08-25 19:45:00,0.0,0.0,0.0,0.0
2018-08-24,2018-08-25 20:00:00,0.0,0.0,0.0,0.0
2018-08-24,2018-08-25 20:15:00,0.0,0.0,0.0,0.0
2018-08-24,2018-08-25 20:30:00,0.0,0.0,0.0,0.0
2018-08-24,2018-08-25 20:45:00,0.0,0.0,0.0,0.0
2018-08-24,2018-08-25 21:00:00,0.0,0.0,0.0,0.0
2018-08-24,2018-08-25 21:15:00,0.0,0.0,0.0,0.0
2018-08-24,2018-08-25 21:30:00,0.0,0.0,0.04337185,0.0
2018-08-24,2018-08-25 21:45:00,0.0,0.0,0.0068721925,0.0
2018-08-24,2018-08-25 22:00:00,0.0,0.0,0.10499994,0.0
2018-08-24,2018-08-25 22:15:00,0.031640999019145966,0.08202486,0.1553933,0.18407089
2018-08-24,2018-08-25 22:30:00,0.12304700165987015,0.19140314,0.23986636,0.2414977
2018-08-24,2018-08-25 22:45:00,0.17226600646972656,0.33230543,0.3499706,0.2989868
2018-08-24,2018-08-25 23:00:00,0.3550780117511749,0.54440624,0.51937187,0.5634137
2018-08-24,2018-08-25 23:15:00,0.6503909826278687,0.7673672,0.62503374,0.6787275
2018-08-24,2018-08-25 23:30:00,0.6398440003395081,0.97446626,0.727925,0.8590966
2018-08-24,2018-08-25 23:45:00,1.068750023841858,1.1976861,0.8668107,1.1664966
2018-08-25,2018-08-26 00:00:00,1.2867189645767212,1.2964886,1.1633888,1.237129
2018-08-25,2018-08-26 00:15:00,1.504686951637268,1.5861543,1.4069937,1.4068545
2018-08-25,2018-08-26 00:30:00,1.7472660541534424,1.8264093,1.6347076,1.6618819
2018-08-25,2018-08-26 00:45:00,1.9160159826278687,2.083574,1.9205649,1.8882301
2018-08-25,2018-08-26 01:00:00,2.1691410541534424,2.348365,2.0773818,2.148798
2018-08-25,2018-08-26 01:15:00,2.3097660541534424,2.6111822,2.3785748,2.2302525
2018-08-25,2018-08-26 01:30:00,2.636718988418579,2.8029442,2.5668485,2.4850576
2018-08-25,2018-08-26 01:45:00,2.7703120708465576,3.0762055,2.7373807,2.6298747
2018-08-25,2018-08-26 02:00:00,2.8722660541534424,3.3473547,3.0059931,2.7731776
2018-08-25,2018-08-26 02:15:00,3.086719036102295,3.5733187,3.1503837,2.9871888
2018-08-25,2018-08-26 02:30:00,3.1886720657348633,3.7290802,3.2681832,3.0610886
2018-08-25,2018-08-26 02:45:00,3.181641101837158,3.8446708,3.4071982,3.128831
2018-08-25,2018-08-26 03:00:00,3.3257811069488525,4.0157237,3.5391557,3.2305765
2018-08-25,2018-08-26 03:15:00,3.3785150051116943,4.009267,3.536077,3.3578508
2018-08-25,2018-08-26 03:30:00,3.357422113418579,4.113317,3.6497693,3.3664227
2018-08-25,2018-08-26 03:45:00,3.38906192779541,4.0536985,3.750786,3.3615692
2018-08-25,2018-08-26 04:00:00,3.403125047683716,4.0517516,3.784242,3.4398355
2018-08-25,2018-08-26 04:15:00,3.4488279819488525,4.0186915,3.7666385,3.4738815
2018-08-25,2018-08-26 04:30:00,3.427733898162842,4.082853,3.8523479,3.471561
2018-08-25,2018-08-26 04:45:00,3.3960940837860107,4.098141,3.7718813,3.2291415
2018-08-25,2018-08-26 05:00:00,3.2730469703674316,4.0247164,3.6920247,3.1121209
2018-08-25,2018-08-26 05:15:00,3.403125047683716,4.0169487,3.5640583,3.204831
2018-08-25,2018-08-26 05:30:00,3.364453077316284,3.9435244,3.5110276,3.0925798
2018-08-25,2018-08-26 05:45:00,2.9742190837860107,3.894527,3.4298098,2.944106
2018-08-25,2018-08-26 06:00:00,3.058593988418579,3.721842,3.4591482,2.9005728
2018-08-25,2018-08-26 06:15:00,2.0636720657348633,3.6614337,3.3214145,2.7113347
2018-08-25,2018-08-26 06:30:00,2.882812023162842,3.507831,3.1784241,2.5632844
2018-08-25,2018-08-26 06:45:00,2.443358898162842,3.3738947,3.0411718,2.3836577
2018-08-25,2018-08-26 07:00:00,2.239453077316284,3.244981,2.7940288,2.1807947
2018-08-25,2018-08-26 07:15:00,2.373047113418579,3.1096714,2.6817188,2.043581
2018-08-25,2018-08-26 07:30:00,2.151561975479126,2.923975,2.4546833,1.8798316
2018-08-25,2018-08-26 07:45:00,1.9933589696884155,2.6811457,2.2629547,1.7167826
2018-08-25,2018-08-26 08:00:00,1.7824219465255737,2.4135146,2.0692704,1.5624183
2018-08-25,2018-08-26 08:15:00,1.5785160064697266,2.1827362,1.9126,1.4295299
2018-08-25,2018-08-26 08:30:00,1.3921869993209839,1.822057,1.6033026,1.2303765
2018-08-25,2018-08-26 08:45:00,1.019531011581421,1.5609053,1.3136954,1.0708047
2018-08-25,2018-08-26 09:00:00,0.44999998807907104,1.3133385,1.1218944,0.86929345
2018-08-25,2018-08-26 09:15:00,0.42539098858833313,1.04289,0.93386155,0.57381237
2018-08-25,2018-08-26 09:30:00,0.37968701124191284,0.83864003,0.72951055,0.46978503
2018-08-25,2018-08-26 09:45:00,0.29882800579071045,0.6281198,0.51538175,0.41430438
2018-08-25,2018-08-26 10:00:00,0.291797012090683,0.44169846,0.35526067,0.3089925
2018-08-25,2018-08-26 10:15:00,0.1757809966802597,0.28319588,0.23770708,0.28865835
2018-08-25,2018-08-26 10:30:00,0.024608999490737915,0.17492954,0.1733705,0.17206854
2018-08-25,2018-08-26 10:45:00,0.0,0.10163054,0.03684637,0.044056065
2018-08-25,2018-08-26 11:00:00,0.0,0.07044328,0.030060885,0.031716924
2018-08-25,2018-08-26 11:15:00,0.0,0.0,0.0,0.030418644
2018-08-25,2018-08-26 11:30:00,0.0,0.008278866,0.0,0.0
2018-08-25,2018-08-26 11:45:00,0.0,0.0046287053,0.0,0.0
2018-08-25,2018-08-26 12:00:00,0.0,0.010914147,0.0,0.0
2018-08-25,2018-08-26 12:15:00,0.0,0.009705697,0.0,0.0
2018-08-25,2018-08-26 12:30:00,0.0,0.03033192,0.0,0.0
2018-08-25,2018-08-26 12:45:00,0.0,0.032958806,0.0,0.0
2018-08-25,2018-08-26 13:00:00,0.0,0.03160222,0.0,0.0
2018-08-25,2018-08-26 13:15:00,0.0,0.02484454,0.0,0.0
2018-08-25,2018-08-26 13:30:00,0.0,0.023757113,0.0,0.032754447
2018-08-25,2018-08-26 13:45:00,0.0,0.023478692,0.0,0.032435957
2018-08-25,2018-08-26 14:00:00,0.0,0.0253999,0.02270174,0.0
2018-08-25,2018-08-26 14:15:00,0.0,0.0,0.010921727,0.0
2018-08-25,2018-08-26 14:30:00,0.0,0.0039903056,0.017000074,0.0
2018-08-25,2018-08-26 14:45:00,0.0,0.0,0.0069032917,0.031423926
2018-08-25,2018-08-26 15:00:00,0.0,0.0,0.0,0.0
2018-08-25,2018-08-26 15:15:00,0.0,0.0,0.0,0.04838085
2018-08-25,2018-08-26 15:30:00,0.0,0.0006309308,0.0,0.027511999
2018-08-25,2018-08-26 15:45:00,0.0,0.017190412,0.0,0.046800893
2018-08-25,2018-08-26 16:00:00,0.0,0.0,0.0,0.020442447
2018-08-25,2018-08-26 16:15:00,0.0,0.009842233,0.0,0.08797929
2018-08-25,2018-08-26 16:30:00,0.0,0.035752844,0.0,0.062347356
2018-08-25,2018-08-26 16:45:00,0.0,0.036150556,0.003127022,0.0
2018-08-25,2018-08-26 17:00:00,0.0,0.036355935,0.0,0.0068705105
2018-08-25,2018-08-26 17:15:00,0.0,0.0530623,0.0,0.1336051
2018-08-25,2018-08-26 17:30:00,0.0,0.046913806,0.0,0.055648543
2018-08-25,2018-08-26 17:45:00,0.0,0.04383345,0.0,0.044319328
2018-08-25,2018-08-26 18:00:00,0.0,0.06520852,0.0,0.04046102
2018-08-25,2018-08-26 18:15:00,0.0,0.047581136,0.0,0.07815183
2018-08-25,2018-08-26 18:30:00,0.0,0.052204244,0.0,0.08477977
2018-08-25,2018-08-26 18:45:00,0.0,0.032975882,0.0,0.08786399
2018-08-25,2018-08-26 19:00:00,0.0,0.02300197,0.0,0.01443666
2018-08-25,2018-08-26 19:15:00,0.0,0.011406053,0.0,0.0
2018-08-25,2018-08-26 19:30:00,0.0,0.0,0.0,0.034224823
2018-08-25,2018-08-26 19:45:00,0.0,0.0,0.0,0.01220543
2018-08-25,2018-08-26 20:00:00,0.0,0.0,0.0,0.0
2018-08-25,2018-08-26 20:15:00,0.0,0.0,0.0,0.0
2018-08-25,2018-08-26 20:30:00,0.0,0.0,0.0,0.0
2018-08-25,2018-08-26 20:45:00,0.0,0.0,0.0,0.0
2018-08-25,2018-08-26 21:00:00,0.0,0.0,0.0,0.0
2018-08-25,2018-08-26 21:15:00,0.0,0.0,0.0,0.0
2018-08-25,2018-08-26 21:30:00,0.0,0.0,0.0,0.0
2018-08-25,2018-08-26 21:45:00,0.0,0.0,0.0,0.0
2018-08-25,2018-08-26 22:00:00,0.0,0.0,0.019775653,0.0
2018-08-25,2018-08-26 22:15:00,0.0,0.01026797,0.08195842,0.0834894
2018-08-25,2018-08-26 22:30:00,0.20390599966049194,0.093851954,0.13712642,0.17400585
2018-08-25,2018-08-26 22:45:00,0.31992200016975403,0.2048009,0.22242187,0.23127848
2018-08-25,2018-08-26 23:00:00,0.46054700016975403,0.4039622,0.35373223,0.46182325
2018-08-25,2018-08-26 23:15:00,0.6328120231628418,0.60658514,0.4852086,0.5958237
2018-08-25,2018-08-26 23:30:00,0.8824219703674316,0.8188644,0.65185094,0.7598742
2018-08-25,2018-08-26 23:45:00,1.125,1.0620499,0.8542688,1.0341139
2018-08-26,2018-08-27 00:00:00,1.2972660064697266,1.3670771,1.312364,1.1941496
2018-08-26,2018-08-27 00:15:00,1.181249976158142,1.6558975,1.534051,1.4126437
2018-08-26,2018-08-27 00:30:00,1.8878910541534424,1.893206,1.7607375,1.6655501
2018-08-26,2018-08-27 00:45:00,2.021483898162842,2.1538901,2.0049396,1.8694754
2018-08-26,2018-08-27 01:00:00,2.285156011581421,2.4156187,2.133567,2.0711472
2018-08-26,2018-08-27 01:15:00,2.478516101837158,2.670937,2.3620028,2.1850038
2018-08-26,2018-08-27 01:30:00,2.6578121185302734,2.8566768,2.5160534,2.4421487
2018-08-26,2018-08-27 01:45:00,2.8441410064697266,3.122004,2.6613119,2.5356312
2018-08-26,2018-08-27 02:00:00,3.121875047683716,3.388284,2.8361418,2.6608133
2018-08-26,2018-08-27 02:15:00,3.287108898162842,3.604613,2.902673,2.8325934
2018-08-26,2018-08-27 02:30:00,2.3097660541534424,3.7567933,3.0242176,2.899724
2018-08-26,2018-08-27 02:45:00,3.427733898162842,3.8698595,3.1101573,2.939121
2018-08-26,2018-08-27 03:00:00,2.2113280296325684,4.0404415,3.1935475,3.0337641
2018-08-26,2018-08-27 03:15:00,3.4699220657348633,4.0256076,3.1173837,3.1621802
2018-08-26,2018-08-27 03:30:00,3.1500000953674316,4.129983,3.242473,3.126606
2018-08-26,2018-08-27 03:45:00,3.410156011581421,4.0763645,3.2939034,3.114224
2018-08-26,2018-08-27 04:00:00,4.151953220367432,4.0717893,3.3031595,3.1595967
2018-08-26,2018-08-27 04:15:00,3.67031192779541,4.0496373,3.2971964,3.0911038
2018-08-26,2018-08-27 04:30:00,3.5964839458465576,4.109462,3.3115625,3.102525
2018-08-26,2018-08-27 04:45:00,3.7230470180511475,4.1242433,3.2311335,2.899051
2018-08-26,2018-08-27 05:00:00,2.5804688930511475,4.043539,3.143026,2.7281735
2018-08-26,2018-08-27 05:15:00,2.696484088897705,4.0255337,3.0261776,2.8332238
2018-08-26,2018-08-27 05:30:00,4.310155868530273,3.9499137,2.9686785,2.639652
2018-08-26,2018-08-27 05:45:00,2.8441410064697266,3.8929474,2.9092264,2.4638698
2018-08-26,2018-08-27 06:00:00,3.4839839935302734,3.7313166,2.9087691,2.4542685
2018-08-26,2018-08-27 06:15:00,3.5964839458465576,3.6576543,2.7637708,2.2661598
2018-08-26,2018-08-27 06:30:00,3.3363280296325684,3.515074,2.6285844,2.129789
2018-08-26,2018-08-27 06:45:00,3.367969036102295,3.3949919,2.491559,1.8649809
2018-08-26,2018-08-27 07:00:00,3.0269529819488525,3.2687945,2.2931125,1.7388905
2018-08-26,2018-08-27 07:15:00,3.0550780296325684,3.1521502,2.2208865,1.6282129
2018-08-26,2018-08-27 07:30:00,2.8968749046325684,2.9809976,1.9715664,1.4709921
2018-08-26,2018-08-27 07:45:00,2.7351560592651367,2.7502007,1.8278506,1.3166858
2018-08-26,2018-08-27 08:00:00,2.3765621185302734,2.4982512,1.6124961,1.1152291
2018-08-26,2018-08-27 08:15:00,1.7015620470046997,2.2798944,1.5089326,0.9871116
2018-08-26,2018-08-27 08:30:00,2.2886719703674316,1.9180936,1.1975063,0.85558474
2018-08-26,2018-08-27 08:45:00,2.0144529342651367,1.6642909,0.9652038,0.7426232
2018-08-26,2018-08-27 09:00:00,0.6679689884185791,1.4171393,0.8130996,0.5470969
2018-08-26,2018-08-27 09:15:00,0.5695310235023499,1.1443725,0.6297597,0.33435223
2018-08-26,2018-08-27 09:30:00,0.5695310235023499,0.9394463,0.47251573,0.259938
2018-08-26,2018-08-27 09:45:00,0.4921880066394806,0.7178245,0.31751245,0.20224588
2018-08-26,2018-08-27 10:00:00,0.42890599370002747,0.53044856,0.17590389,0.14393389
2018-08-26,2018-08-27 10:15:00,0.15820300579071045,0.3581843,0.096028514,0.13453059
2018-08-26,2018-08-27 10:30:00,0.03515600040555,0.23435001,0.03751439,0.027446201
2018-08-26,2018-08-27 10:45:00,0.0,0.15206045,0.0,0.0
2018-08-26,2018-08-27 11:00:00,0.0,0.09582057,0.0,0.0
2018-08-26,2018-08-27 11:15:00,0.0,0.020738665,0.0,0.0
2018-08-26,2018-08-27 11:30:00,0.0,0.0207814,0.0,0.0
2018-08-26,2018-08-27 11:45:00,0.0,0.0,0.0,0.0
2018-08-26,2018-08-27 12:00:00,0.0,0.0066093733,0.0,0.0
2018-08-26,2018-08-27 12:15:00,0.0,0.0,0.0,0.0
2018-08-26,2018-08-27 12:30:00,0.0,0.017371265,0.0,0.0
2018-08-26,2018-08-27 12:45:00,0.0,0.018802993,0.0,0.0
2018-08-26,2018-08-27 13:00:00,0.0,0.02356519,0.0,0.0
2018-08-26,2018-08-27 13:15:00,0.0,0.020853657,0.0,0.0
2018-08-26,2018-08-27 13:30:00,0.0,0.024259923,0.0,0.097052984
2018-08-26,2018-08-27 13:45:00,0.0,0.022329293,0.0,0.040896744
2018-08-26,2018-08-27 14:00:00,0.0,0.028423635,0.0,0.0
2018-08-26,2018-08-27 14:15:00,0.0,0.0018635143,0.0,0.0
2018-08-26,2018-08-27 14:30:00,0.0,0.013631049,0.0,0.047874585
2018-08-26,2018-08-27 14:45:00,0.0,0.0027128689,0.0,0.037124272
2018-08-26,2018-08-27 15:00:00,0.0,0.0,0.0,0.0
2018-08-26,2018-08-27 15:15:00,0.0,0.0005034279,0.0,0.08232971
2018-08-26,2018-08-27 15:30:00,0.0,0.0070417146,0.0,0.02948345
2018-08-26,2018-08-27 15:45:00,0.0,0.01859811,0.0,0.02873481
2018-08-26,2018-08-27 16:00:00,0.0,0.0,0.0,0.05470554
2018-08-26,2018-08-27 16:15:00,0.0,0.009868446,0.0,0.06846104
2018-08-26,2018-08-27 16:30:00,0.0,0.03447839,0.0,0.07086818
2018-08-26,2018-08-27 16:45:00,0.0,0.03562466,0.0,0.027370835
2018-08-26,2018-08-27 17:00:00,0.0,0.034591224,0.0,0.0020317764
2018-08-26,2018-08-27 17:15:00,0.0,0.042877868,0.0,0.083232336
2018-08-26,2018-08-27 17:30:00,0.0,0.045572363,0.0,0.02541389
2018-08-26,2018-08-27 17:45:00,0.0,0.033284053,0.0,0.0
2018-08-26,2018-08-27 18:00:00,0.0,0.055491544,0.0,0.038218454
2018-08-26,2018-08-27 18:15:00,0.0,0.0376387,0.0,0.0
2018-08-26,2018-08-27 18:30:00,0.0,0.0450284,0.0,0.043050162
2018-08-26,2018-08-27 18:45:00,0.0,0.03225967,0.0,0.05753223
2018-08-26,2018-08-27 19:00:00,0.0,0.018183852,0.0,0.0
2018-08-26,2018-08-27 19:15:00,0.0,0.011127344,0.0,0.0
2018-08-26,2018-08-27 19:30:00,0.0,0.0,0.0,0.0
2018-08-26,2018-08-27 19:45:00,0.0,0.0,0.0,0.0
2018-08-26,2018-08-27 20:00:00,0.0,0.0,0.0,0.0
2018-08-26,2018-08-27 20:15:00,0.0,0.0,0.0,0.0
2018-08-26,2018-08-27 20:30:00,0.0,0.0,0.0,0.0
2018-08-26,2018-08-27 20:45:00,0.0,0.0,0.0,0.0
2018-08-26,2018-08-27 21:00:00,0.0,0.0,0.0,0.0
2018-08-26,2018-08-27 21:15:00,0.0,0.0,0.0,0.0
2018-08-26,2018-08-27 21:30:00,0.0,0.0,0.0,0.0
2018-08-26,2018-08-27 21:45:00,0.0,0.0,0.0,0.0
2018-08-26,2018-08-27 22:00:00,0.003515999997034669,0.0,0.0,0.0
2018-08-26,2018-08-27 22:15:00,0.0,0.04025623,0.0024728004,0.030913861
2018-08-26,2018-08-27 22:30:00,0.19687500596046448,0.1341868,0.0644121,0.09955086
2018-08-26,2018-08-27 22:45:00,0.31992200016975403,0.25939423,0.15714738,0.22194006
2018-08-26,2018-08-27 23:00:00,0.3410159945487976,0.46888092,0.31965828,0.4027196
2018-08-26,2018-08-27 23:15:00,0.5519530177116394,0.67728424,0.4259213,0.5343771
2018-08-26,2018-08-27 23:30:00,0.5660160183906555,0.89066255,0.61510396,0.6833419
2018-08-26,2018-08-27 23:45:00,0.731249988079071,1.1202909,0.7473529,0.9619925
2018-08-27,2018-08-28 00:00:00,0.935155987739563,1.0066882,0.9256542,1.0169765
2018-08-27,2018-08-28 00:15:00,1.8738280534744263,1.2252907,1.0847245,1.1353661
2018-08-27,2018-08-28 00:30:00,1.2269530296325684,1.4204783,1.2622881,1.3685806
2018-08-27,2018-08-28 00:45:00,1.4660160541534424,1.6413254,1.4735755,1.5836933
2018-08-27,2018-08-28 01:00:00,1.7507810592651367,1.884689,1.584251,1.8788003
2018-08-27,2018-08-28 01:15:00,2.742187976837158,2.09912,1.7705786,1.9436857
2018-08-27,2018-08-28 01:30:00,2.8441410064697266,2.2736661,1.9209911,2.220787
2018-08-27,2018-08-28 01:45:00,3.065624952316284,2.522675,2.0246966,2.366158
2018-08-27,2018-08-28 02:00:00,3.258984088897705,2.784863,2.2262325,2.5522301
2018-08-27,2018-08-28 02:15:00,3.4066410064697266,2.9988728,2.2956758,2.7459633
2018-08-27,2018-08-28 02:30:00,3.5999999046325684,3.1717725,2.4056637,2.8361
2018-08-27,2018-08-28 02:45:00,3.628124952316284,3.2889702,2.5179603,2.941471
2018-08-27,2018-08-28 03:00:00,3.6597650051116943,3.4829822,2.6153104,3.0368505
2018-08-27,2018-08-28 03:15:00,3.7335939407348633,3.4790692,2.5256524,3.1475768
2018-08-27,2018-08-28 03:30:00,3.789844036102295,3.5862055,2.7053812,3.2212658
2018-08-27,2018-08-28 03:45:00,3.7828121185302734,3.5574331,2.7474492,3.1522422
2018-08-27,2018-08-28 04:00:00,3.867187976837158,3.5665035,2.7385721,3.262131
2018-08-27,2018-08-28 04:15:00,3.825000047683716,3.5573676,2.746458,3.3752306
2018-08-27,2018-08-28 04:30:00,3.786328077316284,3.6249971,2.7516832,3.361248
2018-08-27,2018-08-28 04:45:00,3.796875,3.6535614,2.7190156,3.0963712
2018-08-27,2018-08-28 05:00:00,3.744141101837158,3.6010704,2.5965948,2.9954054
2018-08-27,2018-08-28 05:15:00,3.6527340412139893,3.6235723,2.5087404,3.0860248
2018-08-27,2018-08-28 05:30:00,3.628124952316284,3.5667808,2.4959624,2.9926224
2018-08-27,2018-08-28 05:45:00,3.5964839458465576,3.5443726,2.4459784,2.8662577
2018-08-27,2018-08-28 06:00:00,3.515625,3.4355247,2.4799225,2.8523774
2018-08-27,2018-08-28 06:15:00,3.4347660541534424,3.3683543,2.3419623,2.667551
2018-08-27,2018-08-28 06:30:00,3.3257811069488525,3.2588205,2.2155454,2.5349345
2018-08-27,2018-08-28 06:45:00,3.1851561069488525,3.1635642,2.1206722,2.367544
2018-08-27,2018-08-28 07:00:00,3.0164060592651367,3.0605671,1.9839723,2.1320524
2018-08-27,2018-08-28 07:15:00,2.840625047683716,2.9464629,1.8775886,2.0126617
2018-08-27,2018-08-28 07:30:00,2.629688024520874,2.783555,1.7184618,1.8625853
2018-08-27,2018-08-28 07:45:00,2.425781011581421,2.5712297,1.5741718,1.7008781
2018-08-27,2018-08-28 08:00:00,2.1832029819488525,2.3386965,1.404385,1.5966392
2018-08-27,2018-08-28 08:15:00,1.9160159826278687,2.1139112,1.3554918,1.4803922
2018-08-27,2018-08-28 08:30:00,1.680469036102295,1.7729626,1.0764115,1.2472558
2018-08-27,2018-08-28 08:45:00,1.4449219703674316,1.5331455,0.9140682,1.0916803
2018-08-27,2018-08-28 09:00:00,1.1496089696884155,1.2921091,0.73595846,0.90920836
2018-08-27,2018-08-28 09:15:00,0.9246090054512024,1.0363532,0.57052815,0.57417494
2018-08-27,2018-08-28 09:30:00,0.6785159707069397,0.8301093,0.47328722,0.48898992
2018-08-27,2018-08-28 09:45:00,0.4781250059604645,0.6328675,0.28104308,0.43648827
2018-08-27,2018-08-28 10:00:00,0.3023439943790436,0.46664158,0.13941668,0.31519333
2018-08-27,2018-08-28 10:15:00,0.16171899437904358,0.30766296,0.084831804,0.32308614
2018-08-27,2018-08-28 10:30:00,0.03867200016975403,0.19708979,0.0,0.15710929
2018-08-27,2018-08-28 10:45:00,0.0,0.11978549,0.0,0.03704344
2018-08-27,2018-08-28 11:00:00,0.0,0.06922376,0.0,0.02588878
2018-08-27,2018-08-28 11:15:00,0.0,0.0026734471,0.0,0.022981232
2018-08-27,2018-08-28 11:30:00,0.0,0.0055551543,0.0,0.0
2018-08-27,2018-08-28 11:45:00,0.0,0.0,0.0,0.0
2018-08-27,2018-08-28 12:00:00,0.0,0.0,0.0,0.0
2018-08-27,2018-08-28 12:15:00,0.0,0.0,0.0,0.0
2018-08-27,2018-08-28 12:30:00,0.0,0.0,0.0,0.0038716244
2018-08-27,2018-08-28 12:45:00,0.0,0.0,0.0,0.0
2018-08-27,2018-08-28 13:00:00,0.0,0.0,0.0,0.0
2018-08-27,2018-08-28 13:15:00,0.0,0.0,0.009388106,0.0
2018-08-27,2018-08-28 13:30:00,0.0,0.0,0.011604606,0.04025057
2018-08-27,2018-08-28 13:45:00,0.0,0.0,0.0,0.04241135
2018-08-27,2018-08-28 14:00:00,0.0,0.0,0.009503651,0.0
2018-08-27,2018-08-28 14:15:00,0.0,0.0,0.030227248,0.0
2018-08-27,2018-08-28 14:30:00,0.0,0.0,0.0,0.014164793
2018-08-27,2018-08-28 14:45:00,0.0,0.0,0.0,0.021746915
2018-08-27,2018-08-28 15:00:00,0.0,0.0,0.0,0.0
2018-08-27,2018-08-28 15:15:00,0.0,0.0,0.0,0.08002
2018-08-27,2018-08-28 15:30:00,0.0,0.0067758453,0.0,0.012401386
2018-08-27,2018-08-28 15:45:00,0.0,0.0186772,0.0,0.048925195
2018-08-27,2018-08-28 16:00:00,0.0,0.019436331,0.0,0.0
2018-08-27,2018-08-28 16:15:00,0.0,0.041137267,0.0,0.084826
2018-08-27,2018-08-28 16:30:00,0.0,0.05638997,0.0,0.06077825
2018-08-27,2018-08-28 16:45:00,0.0,0.06860935,0.0,0.0
2018-08-27,2018-08-28 17:00:00,0.0,0.069487035,0.0,0.0008955864
2018-08-27,2018-08-28 17:15:00,0.0,0.074013405,0.0,0.1450677
2018-08-27,2018-08-28 17:30:00,0.0,0.07182332,0.0,0.061766185
2018-08-27,2018-08-28 17:45:00,0.0,0.058865383,0.0,0.044731114
2018-08-27,2018-08-28 18:00:00,0.0,0.07654437,0.0,0.028969416
2018-08-27,2018-08-28 18:15:00,0.0,0.05905957,0.0,0.08000728
2018-08-27,2018-08-28 18:30:00,0.0,0.062910296,0.0,0.08453082
2018-08-27,2018-08-28 18:45:00,0.0,0.04330426,0.0,0.11705501
2018-08-27,2018-08-28 19:00:00,0.0,0.026808172,0.0,0.087126665
2018-08-27,2018-08-28 19:15:00,0.0,0.010602148,0.0,0.035988837
2018-08-27,2018-08-28 19:30:00,0.0,0.0,0.0,0.04749044
2018-08-27,2018-08-28 19:45:00,0.0,0.0,0.0,0.06566232
2018-08-27,2018-08-28 20:00:00,0.0,0.0,0.0,0.0
2018-08-27,2018-08-28 20:15:00,0.0,0.0,0.0,0.0
2018-08-27,2018-08-28 20:30:00,0.0,0.0,0.0,0.0
2018-08-27,2018-08-28 20:45:00,0.0,0.0,0.0,0.0
2018-08-27,2018-08-28 21:00:00,0.0,0.0,0.0,0.0
2018-08-27,2018-08-28 21:15:00,0.0,0.0,0.0,0.0
2018-08-27,2018-08-28 21:30:00,0.0,0.0,0.0,0.030445792
2018-08-27,2018-08-28 21:45:00,0.0,0.0,0.0,0.0
2018-08-27,2018-08-28 22:00:00,0.0,0.0008730774,0.0,0.0
2018-08-27,2018-08-28 22:15:00,0.0,0.08781874,0.0,0.078510635
2018-08-27,2018-08-28 22:30:00,0.0,0.18091628,0.042906135,0.17962268
2018-08-27,2018-08-28 22:45:00,0.21796900033950806,0.30659634,0.102212235,0.187535
2018-08-27,2018-08-28 23:00:00,0.3164060115814209,0.47573414,0.29674023,0.41226283
2018-08-27,2018-08-28 23:15:00,0.3058589994907379,0.6604237,0.37356368,0.5036152
2018-08-27,2018-08-28 23:30:00,0.28125,0.84960157,0.46492752,0.6680527
2018-08-27,2018-08-28 23:45:00,0.4007810056209564,1.061673,0.5591608,0.93733627
2018-08-28,2018-08-29 00:00:00,0.28828099370002747,0.69402695,0.6903685,0.73465186
2018-08-28,2018-08-29 00:15:00,0.5203120112419128,0.8841311,0.88380325,0.8362377
2018-08-28,2018-08-29 00:30:00,0.7593749761581421,1.0610597,1.123357,1.1028891
2018-08-28,2018-08-29 00:45:00,1.0863280296325684,1.2664869,1.3856026,1.3502945
2018-08-28,2018-08-29 01:00:00,1.3816410303115845,1.503734,1.5406096,1.6278945
2018-08-28,2018-08-29 01:15:00,2.566406011581421,1.7265962,1.8223585,1.6760273
2018-08-28,2018-08-29 01:30:00,2.3871090412139893,1.9116952,2.0526078,1.9551474
2018-08-28,2018-08-29 01:45:00,2.292186975479126,2.15602,2.242418,2.155148
2018-08-28,2018-08-29 02:00:00,2.4398438930511475,2.4250524,2.484421,2.300005
2018-08-28,2018-08-29 02:15:00,2.759766101837158,2.650229,2.6327355,2.5560699
2018-08-28,2018-08-29 02:30:00,3.7828121185302734,2.836003,2.8315816,2.6639106
2018-08-28,2018-08-29 02:45:00,3.786328077316284,2.9563725,3.018308,2.815735
2018-08-28,2018-08-29 03:00:00,3.7722649574279785,3.1436996,3.2044706,2.864988
2018-08-28,2018-08-29 03:15:00,3.638672113418579,3.1533024,3.2095387,3.0230794
2018-08-28,2018-08-29 03:30:00,3.7546870708465576,3.2337523,3.386551,3.1702745
2018-08-28,2018-08-29 03:45:00,3.779297113418579,3.200583,3.5108225,3.1075165
2018-08-28,2018-08-29 04:00:00,3.67031192779541,3.213214,3.5707352,3.2992396
2018-08-28,2018-08-29 04:15:00,3.6140620708465576,3.174919,3.6112409,3.3693235
2018-08-28,2018-08-29 04:30:00,3.726562023162842,3.227054,3.6583683,3.3238266
2018-08-28,2018-08-29 04:45:00,3.2941410541534424,3.233912,3.6485095,3.1096213
2018-08-28,2018-08-29 05:00:00,3.5753910541534424,3.1936588,3.5501754,3.0203123
2018-08-28,2018-08-29 05:15:00,3.462891101837158,3.242026,3.449241,3.0940616
2018-08-28,2018-08-29 05:30:00,3.3292970657348633,3.1687615,3.4521468,3.06079
2018-08-28,2018-08-29 05:45:00,3.4382810592651367,3.1412158,3.3702493,2.9906666
2018-08-28,2018-08-29 06:00:00,3.5894529819488525,3.0249887,3.358302,3.0075796
2018-08-28,2018-08-29 06:15:00,3.5015621185302734,2.9555712,3.2505662,2.7856848
2018-08-28,2018-08-29 06:30:00,3.375,2.819495,3.1407316,2.636977
2018-08-28,2018-08-29 06:45:00,3.2554690837860107,2.6765504,3.0050936,2.4482548
2018-08-28,2018-08-29 07:00:00,3.086719036102295,2.554813,2.7786307,2.2711933
2018-08-28,2018-08-29 07:15:00,2.924999952316284,2.3962634,2.6847908,2.173908
2018-08-28,2018-08-29 07:30:00,2.682421922683716,2.1997614,2.4632695,2.0541017
2018-08-28,2018-08-29 07:45:00,2.460937976837158,1.9757631,2.2979062,1.8491751
2018-08-28,2018-08-29 08:00:00,2.197266101837158,1.7270372,2.0552802,1.7065347
2018-08-28,2018-08-29 08:15:00,1.9828120470046997,1.4968418,1.9172453,1.6251729
2018-08-28,2018-08-29 08:30:00,1.694530963897705,1.1802982,1.5539211,1.3882968
2018-08-28,2018-08-29 08:45:00,1.3957029581069946,0.9624304,1.3063006,1.2137234
2018-08-28,2018-08-29 09:00:00,1.1988279819488525,0.76161253,1.1313256,1.0904478
2018-08-28,2018-08-29 09:15:00,0.9492189884185791,0.5448504,0.91324204,0.724934
2018-08-28,2018-08-29 09:30:00,0.7207030057907104,0.3718926,0.67844975,0.64768845
2018-08-28,2018-08-29 09:45:00,0.4886719882488251,0.23779704,0.4809545,0.6298369
2018-08-28,2018-08-29 10:00:00,0.3164060115814209,0.13145891,0.28992,0.4374955
2018-08-28,2018-08-29 10:15:00,0.17226600646972656,0.03610011,0.1913625,0.41103214
2018-08-28,2018-08-29 10:30:00,0.03867200016975403,0.0,0.1026599,0.29503253
2018-08-28,2018-08-29 10:45:00,0.0,0.0,0.0,0.19207922
2018-08-28,2018-08-29 11:00:00,0.0,0.0,0.0,0.13834026
2018-08-28,2018-08-29 11:15:00,0.0,0.0,0.0,0.11566449
2018-08-28,2018-08-29 11:30:00,0.0,0.0,0.0,0.025267756
2018-08-28,2018-08-29 11:45:00,0.0,0.0,0.0,0.06795449
2018-08-28,2018-08-29 12:00:00,0.0,0.010746996,0.0,0.0066019096
2018-08-28,2018-08-29 12:15:00,0.0,0.013635308,0.0,0.005502256
2018-08-28,2018-08-29 12:30:00,0.0,0.021212114,0.0,0.05369013
2018-08-28,2018-08-29 12:45:00,0.0,0.027142886,0.0,0.0
2018-08-28,2018-08-29 13:00:00,0.0,0.013433385,0.000277983,0.05250112
2018-08-28,2018-08-29 13:15:00,0.0,0.0,0.008732023,0.0132284835
2018-08-28,2018-08-29 13:30:00,0.0,0.0,0.0,0.1348992
2018-08-28,2018-08-29 13:45:00,0.0,0.0,0.0,0.118919246
2018-08-28,2018-08-29 14:00:00,0.0,0.0,0.009789479,0.0
2018-08-28,2018-08-29 14:15:00,0.0,0.0,0.03160679,0.0
2018-08-28,2018-08-29 14:30:00,0.0,0.0,0.0,0.13111457
2018-08-28,2018-08-29 14:45:00,0.0,0.0,0.0,0.045053035
2018-08-28,2018-08-29 15:00:00,0.0,0.0,0.0,0.013328939
2018-08-28,2018-08-29 15:15:00,0.0,0.0,0.0,0.09170792
2018-08-28,2018-08-29 15:30:00,0.0,0.0,0.0,0.064660795
2018-08-28,2018-08-29 15:45:00,0.0,0.0,0.0,0.049560733
2018-08-28,2018-08-29 16:00:00,0.0,0.0,0.0,0.012614296
2018-08-28,2018-08-29 16:15:00,0.0,0.019390203,0.0,0.08171593
2018-08-28,2018-08-29 16:30:00,0.0,0.025114689,0.0,0.06146544
2018-08-28,2018-08-29 16:45:00,0.0,0.04552319,0.0,0.0
2018-08-28,2018-08-29 17:00:00,0.0,0.04996248,0.0,0.050620712
2018-08-28,2018-08-29 17:15:00,0.0,0.064241864,0.0,0.16433927
2018-08-28,2018-08-29 17:30:00,0.0,0.056206975,0.0,0.06359531
2018-08-28,2018-08-29 17:45:00,0.0,0.059023276,0.0,0.031938247
2018-08-28,2018-08-29 18:00:00,0.0,0.07475262,0.0,0.041909978
2018-08-28,2018-08-29 18:15:00,0.0,0.06259513,0.0,0.1185495
2018-08-28,2018-08-29 18:30:00,0.0,0.06558879,0.0,0.12634368
2018-08-28,2018-08-29 18:45:00,0.0,0.04342545,0.0,0.10613716
2018-08-28,2018-08-29 19:00:00,0.0,0.041617855,0.0,0.1291663
2018-08-28,2018-08-29 19:15:00,0.0,0.028078346,0.0,0.145173
2018-08-28,2018-08-29 19:30:00,0.0,0.0,0.0,0.20212172
2018-08-28,2018-08-29 19:45:00,0.0,0.0,0.0,0.17916183
2018-08-28,2018-08-29 20:00:00,0.0,0.0,0.0,0.09465248
2018-08-28,2018-08-29 20:15:00,0.0,0.0,0.0,0.12282755
2018-08-28,2018-08-29 20:30:00,0.0,0.0,0.0,0.11353425
2018-08-28,2018-08-29 20:45:00,0.0,0.0,0.0,0.01075359
2018-08-28,2018-08-29 21:00:00,0.0,0.0,0.0,0.086194105
2018-08-28,2018-08-29 21:15:00,0.0,0.0,0.0,0.051681805
2018-08-28,2018-08-29 21:30:00,0.0,0.0,0.0,0.18016315
2018-08-28,2018-08-29 21:45:00,0.0,0.016245034,0.0,0.030491931
2018-08-28,2018-08-29 22:00:00,0.0,0.06891859,0.0,0.008789186
2018-08-28,2018-08-29 22:15:00,0.0,0.14920475,0.0,0.16415584
2018-08-28,2018-08-29 22:30:00,0.2003909945487976,0.23134157,0.0,0.1702965
2018-08-28,2018-08-29 22:45:00,0.34453099966049194,0.3367979,0.036306925,0.21399452
2018-08-28,2018-08-29 23:00:00,0.46406298875808716,0.45895025,0.15554127,0.39074755
2018-08-28,2018-08-29 23:15:00,0.6328120231628418,0.61489743,0.2397614,0.43923062
2018-08-28,2018-08-29 23:30:00,0.9597659707069397,0.77154547,0.3922385,0.55248713
2018-08-28,2018-08-29 23:45:00,0.9140620231628418,0.9756934,0.46462202,0.8229524
2018-08-29,2018-08-30 00:00:00,0.935155987739563,1.2310808,1.0781333,1.1102234
2018-08-29,2018-08-30 00:15:00,0.7347660064697266,1.4969393,1.2965609,1.2750114
2018-08-29,2018-08-30 00:30:00,1.694530963897705,1.7262028,1.5270423,1.5601457
2018-08-29,2018-08-30 00:45:00,1.033594012260437,1.9769009,1.8320119,1.8073317
2018-08-29,2018-08-30 01:00:00,1.3746089935302734,2.2325206,1.978536,2.1030948
2018-08-29,2018-08-30 01:15:00,2.348438024520874,2.4771333,2.2417142,2.1572893
2018-08-29,2018-08-30 01:30:00,1.4695310592651367,2.6600595,2.4701996,2.4770277
2018-08-29,2018-08-30 01:45:00,1.5222660303115845,2.9158034,2.6517804,2.6748269
2018-08-29,2018-08-30 02:00:00,1.4378910064697266,3.1878521,2.8711872,2.7874613
2018-08-29,2018-08-30 02:15:00,1.2867189645767212,3.402361,2.966645,3.090415
2018-08-29,2018-08-30 02:30:00,1.1953120231628418,3.5539021,3.1524491,3.1804066
2018-08-29,2018-08-30 02:45:00,1.223436951637268,3.676122,3.2882974,3.29129
2018-08-29,2018-08-30 03:00:00,1.821094036102295,3.8441262,3.4265032,3.3644154
2018-08-29,2018-08-30 03:15:00,1.4097659587860107,3.8378608,3.4130733,3.5761597
2018-08-29,2018-08-30 03:30:00,0.9597659707069397,3.946793,3.5288777,3.6502345
2018-08-29,2018-08-30 03:45:00,1.0019530057907104,3.8972392,3.6143482,3.6562262
2018-08-29,2018-08-30 04:00:00,0.9984380006790161,3.9028122,3.631416,3.807214
2018-08-29,2018-08-30 04:15:00,1.2550779581069946,3.8865998,3.6450174,3.8125253
2018-08-29,2018-08-30 04:30:00,1.8914060592651367,3.9557695,3.6597686,3.79991
2018-08-29,2018-08-30 04:45:00,1.3183590173721313,3.9833257,3.6001554,3.5527427
2018-08-29,2018-08-30 05:00:00,1.2445310354232788,3.918687,3.4930868,3.4388092
2018-08-29,2018-08-30 05:15:00,1.3324220180511475,3.9234934,3.3586175,3.5595973
2018-08-29,2018-08-30 05:30:00,1.230468988418579,3.8588,3.3825202,3.4773598
2018-08-29,2018-08-30 05:45:00,0.9386720061302185,3.8249896,3.2570522,3.370743
2018-08-29,2018-08-30 06:00:00,0.9773439764976501,3.6662786,3.290501,3.353508
2018-08-29,2018-08-30 06:15:00,1.2867189645767212,3.616252,3.158889,3.1441996
2018-08-29,2018-08-30 06:30:00,1.167186975479126,3.48127,3.0592897,3.0057275
2018-08-29,2018-08-30 06:45:00,1.1636719703674316,3.3596408,2.9244237,2.7731059
2018-08-29,2018-08-30 07:00:00,0.935155987739563,3.2369924,2.7176838,2.6066723
2018-08-29,2018-08-30 07:15:00,0.892969012260437,3.119481,2.636261,2.4628673
2018-08-29,2018-08-30 07:30:00,1.0054689645767212,2.9530215,2.4019392,2.295042
2018-08-29,2018-08-30 07:45:00,1.8492189645767212,2.7160366,2.2498863,2.0856125
2018-08-29,2018-08-30 08:00:00,1.089843988418579,2.4523146,2.0223894,1.9601463
2018-08-29,2018-08-30 08:15:00,1.4941409826278687,2.2367537,1.9166777,1.7827216
2018-08-29,2018-08-30 08:30:00,0.963280975818634,1.8718569,1.553053,1.5650324
2018-08-29,2018-08-30 08:45:00,0.5378909707069397,1.6194261,1.2846928,1.3725827
2018-08-29,2018-08-30 09:00:00,0.24960899353027344,1.3650167,1.1427636,1.1751266
2018-08-29,2018-08-30 09:15:00,0.16171899437904358,1.0952796,0.933391,0.81107545
2018-08-29,2018-08-30 09:30:00,0.042187999933958054,0.89532715,0.71650535,0.6908466
2018-08-29,2018-08-30 09:45:00,0.052733998745679855,0.6779683,0.5236251,0.662184
2018-08-29,2018-08-30 10:00:00,0.010546999983489513,0.4962305,0.32368198,0.4532875
2018-08-29,2018-08-30 10:15:00,0.0,0.32365417,0.20707972,0.4202425
2018-08-29,2018-08-30 10:30:00,0.0,0.2054589,0.113950714,0.28157258
2018-08-29,2018-08-30 10:45:00,0.0,0.12717211,0.0,0.13861322
2018-08-29,2018-08-30 11:00:00,0.0,0.07503191,0.0,0.08876998
2018-08-29,2018-08-30 11:15:00,0.0,0.0,0.0,0.06373282
2018-08-29,2018-08-30 11:30:00,0.0,0.00085044495,0.0,0.0
2018-08-29,2018-08-30 11:45:00,0.0,0.0,0.0,0.0
2018-08-29,2018-08-30 12:00:00,0.0,0.0,0.0,0.0
2018-08-29,2018-08-30 12:15:00,0.0,0.0,0.0,0.0
2018-08-29,2018-08-30 12:30:00,0.0,0.005357429,0.0,0.0
2018-08-29,2018-08-30 12:45:00,0.0,0.0025232707,0.0,0.0
2018-08-29,2018-08-30 13:00:00,0.0,0.014654632,0.0,0.0
2018-08-29,2018-08-30 13:15:00,0.0,0.007854034,0.0,0.0
2018-08-29,2018-08-30 13:30:00,0.0,0.016600981,0.0,0.075490505
2018-08-29,2018-08-30 13:45:00,0.0,0.014466947,0.0,0.0778402
2018-08-29,2018-08-30 14:00:00,0.0,0.025288053,0.0,0.0
2018-08-29,2018-08-30 14:15:00,0.0,0.0,0.0,0.0
2018-08-29,2018-08-30 14:30:00,0.0,0.012989871,0.0,0.043418422
2018-08-29,2018-08-30 14:45:00,0.0,0.0062228525,0.0,0.07680066
2018-08-29,2018-08-30 15:00:00,0.0,0.0,0.0,0.0
2018-08-29,2018-08-30 15:15:00,0.0,0.0012905225,0.0,0.09189864
2018-08-29,2018-08-30 15:30:00,0.0,0.006596679,0.0,0.077966265
2018-08-29,2018-08-30 15:45:00,0.0,0.016010191,0.0,0.055907898
2018-08-29,2018-08-30 16:00:00,0.0,0.0,0.0,0.08275836
2018-08-29,2018-08-30 16:15:00,0.0,0.011323259,0.0,0.13079314
2018-08-29,2018-08-30 16:30:00,0.0,0.03975249,0.0,0.10684448
2018-08-29,2018-08-30 16:45:00,0.0,0.043988008,0.0,0.04363838
2018-08-29,2018-08-30 17:00:00,0.0,0.049105532,0.0,0.060513582
2018-08-29,2018-08-30 17:15:00,0.0,0.055155475,0.0,0.22171175
2018-08-29,2018-08-30 17:30:00,0.0,0.060818974,0.0,0.057916068
2018-08-29,2018-08-30 17:45:00,0.0,0.055258967,0.0,0.06797056
2018-08-29,2018-08-30 18:00:00,0.0,0.07751234,0.0,0.08741919
2018-08-29,2018-08-30 18:15:00,0.0,0.061146405,0.0,0.13244225
2018-08-29,2018-08-30 18:30:00,0.0,0.07156984,0.0,0.16709629
2018-08-29,2018-08-30 18:45:00,0.0,0.05096555,0.0,0.10734198
2018-08-29,2018-08-30 19:00:00,0.0,0.029120056,0.0,0.036988195
2018-08-29,2018-08-30 19:15:00,0.0,0.020916576,0.0,0.03299193
2018-08-29,2018-08-30 19:30:00,0.0,0.0,0.0,0.10441462
2018-08-29,2018-08-30 19:45:00,0.0,0.0,0.0,0.09388868
2018-08-29,2018-08-30 20:00:00,0.0,0.0,0.0,0.0
2018-08-29,2018-08-30 20:15:00,0.0,0.0,0.0,0.023508577
2018-08-29,2018-08-30 20:30:00,0.0,0.0,0.0,0.0
2018-08-29,2018-08-30 20:45:00,0.0,0.0,0.0,0.0
2018-08-29,2018-08-30 21:00:00,0.0,0.0,0.0,0.0
2018-08-29,2018-08-30 21:15:00,0.0,0.0,0.0,0.0
2018-08-29,2018-08-30 21:30:00,0.0,0.0,0.0,0.0
2018-08-29,2018-08-30 21:45:00,0.0,0.0,0.0,0.0
2018-08-29,2018-08-30 22:00:00,0.0,0.0,0.0,0.0
2018-08-29,2018-08-30 22:15:00,0.0,0.00059560366,0.0,0.01423231
2018-08-29,2018-08-30 22:30:00,0.024608999490737915,0.09609357,0.03200528,0.04293985
2018-08-29,2018-08-30 22:45:00,0.07734400033950806,0.22970057,0.11253741,0.094455786
2018-08-29,2018-08-30 23:00:00,0.26367199420928955,0.4360304,0.2599206,0.33967996
2018-08-29,2018-08-30 23:15:00,0.23906299471855164,0.6553701,0.36408946,0.45451632
2018-08-29,2018-08-30 23:30:00,0.291797012090683,0.8520903,0.55152196,0.61519456
2018-08-29,2018-08-30 23:45:00,0.30937498807907104,1.0875013,0.663879,0.8985706
2018-08-30,2018-08-31 00:00:00,0.411327987909317,0.43392482,0.53718036,0.47353277
2018-08-30,2018-08-31 00:15:00,0.5730469822883606,0.55284315,0.6620567,0.6015731
2018-08-30,2018-08-31 00:30:00,0.5378909707069397,0.59986466,0.75834626,0.8115455
2018-08-30,2018-08-31 00:45:00,0.4816409945487976,0.65149057,0.8827916,1.0004581
2018-08-30,2018-08-31 01:00:00,1.1285159587860107,0.7339941,0.9340458,1.1405891
2018-08-30,2018-08-31 01:15:00,1.1917970180511475,0.83279306,1.0291139,1.2398479
2018-08-30,2018-08-31 01:30:00,1.2761720418930054,0.87414277,1.0961651,1.500026
2018-08-30,2018-08-31 01:45:00,0.5695310235023499,0.9754786,1.1518992,1.5790647
2018-08-30,2018-08-31 02:00:00,0.4675779938697815,1.0574898,1.2597845,1.7029247
2018-08-30,2018-08-31 02:15:00,0.48515599966049194,1.1393645,1.276183,1.8769455
2018-08-30,2018-08-31 02:30:00,0.9667969942092896,1.2165277,1.3367103,2.1249304
2018-08-30,2018-08-31 02:45:00,1.8175779581069946,1.2116176,1.4180806,1.9857639
2018-08-30,2018-08-31 03:00:00,2.091797113418579,1.2748592,1.4435235,2.1288693
2018-08-30,2018-08-31 03:15:00,1.722656011581421,1.2731024,1.3814896,2.072873
2018-08-30,2018-08-31 03:30:00,1.0933589935302734,1.2951988,1.4841207,2.2340307
2018-08-30,2018-08-31 03:45:00,1.1460939645767212,1.2312443,1.5290684,2.230023
2018-08-30,2018-08-31 04:00:00,1.364061951637268,1.2338747,1.5339345,2.271483
2018-08-30,2018-08-31 04:15:00,1.3746089935302734,1.1987594,1.526961,2.284599
2018-08-30,2018-08-31 04:30:00,1.132030963897705,1.2109811,1.5281701,2.2620041
2018-08-30,2018-08-31 04:45:00,0.5800780057907104,1.1982414,1.4954144,2.1042817
2018-08-30,2018-08-31 05:00:00,0.7875000238418579,1.1863687,1.4456201,1.9412427
2018-08-30,2018-08-31 05:15:00,0.7101560235023499,1.1707087,1.4150096,1.9969203
2018-08-30,2018-08-31 05:30:00,0.5554689764976501,1.1042095,1.3859059,1.8584921
2018-08-30,2018-08-31 05:45:00,0.6328120231628418,1.0655712,1.3432907,1.7030294
2018-08-30,2018-08-31 06:00:00,1.1109369993209839,0.9696089,1.3747575,1.6918377
2018-08-30,2018-08-31 06:15:00,1.082811951637268,0.9344061,1.2541789,1.519713
2018-08-30,2018-08-31 06:30:00,0.9210940003395081,0.83622223,1.1638708,1.5386999
2018-08-30,2018-08-31 06:45:00,0.8402339816093445,0.77622896,1.1310402,1.1885387
2018-08-30,2018-08-31 07:00:00,0.6398440003395081,0.719477,1.0328529,1.1082624
2018-08-30,2018-08-31 07:15:00,0.7628909945487976,0.6536534,0.9587748,0.9903437
2018-08-30,2018-08-31 07:30:00,0.8789060115814209,0.58702374,0.84769243,0.8733069
2018-08-30,2018-08-31 07:45:00,0.6292970180511475,0.5008936,0.7699207,0.84604627
2018-08-30,2018-08-31 08:00:00,0.4464839994907379,0.46520916,0.6381682,0.71036
2018-08-30,2018-08-31 08:15:00,0.3621090054512024,0.38005573,0.60334975,0.6022886
2018-08-30,2018-08-31 08:30:00,0.37968701124191284,0.29008546,0.42079532,0.50850636
2018-08-30,2018-08-31 08:45:00,0.42890599370002747,0.25467655,0.30283868,0.51144445
2018-08-30,2018-08-31 09:00:00,0.3023439943790436,0.24190368,0.214046,0.27364445
2018-08-30,2018-08-31 09:15:00,0.21445299685001373,0.18013105,0.123705834,0.16425128
2018-08-30,2018-08-31 09:30:00,0.18984399735927582,0.123425335,0.07916683,0.16563095
2018-08-30,2018-08-31 09:45:00,0.049219001084566116,0.11165367,0.0,0.19499011
2018-08-30,2018-08-31 10:00:00,0.049219001084566116,0.047345903,0.0,0.18610501
2018-08-30,2018-08-31 10:15:00,0.010546999983489513,0.020760557,0.0,0.22128204
2018-08-30,2018-08-31 10:30:00,0.0,0.010111806,0.0,0.087829016
2018-08-30,2018-08-31 10:45:00,0.0,0.0,0.0,0.051882107
2018-08-30,2018-08-31 11:00:00,0.0,0.0,0.0,0.06612672
2018-08-30,2018-08-31 11:15:00,0.0,0.0,0.0,0.10523455
2018-08-30,2018-08-31 11:30:00,0.0,0.0,0.0,0.05412476
2018-08-30,2018-08-31 11:45:00,0.0,0.0,0.0,0.0995879
2018-08-30,2018-08-31 12:00:00,0.0,0.0,0.0,0.10394979
2018-08-30,2018-08-31 12:15:00,0.0,0.0,0.0,0.16134106
2018-08-30,2018-08-31 12:30:00,0.0,0.0,0.0,0.23252752
2018-08-30,2018-08-31 12:45:00,0.0,0.0,0.0,0.18644801
2018-08-30,2018-08-31 13:00:00,0.0,0.0,0.0,0.12960726
2018-08-30,2018-08-31 13:15:00,0.0,0.0,0.0,0.08658418
2018-08-30,2018-08-31 13:30:00,0.0,0.0,0.0,0.19223762
2018-08-30,2018-08-31 13:45:00,0.0,0.0,0.0,0.10736447
2018-08-30,2018-08-31 14:00:00,0.0,0.0,0.0,0.05481459
2018-08-30,2018-08-31 14:15:00,0.0,0.0,0.0,0.1284966
2018-08-30,2018-08-31 14:30:00,0.0,0.0,0.0,0.15005067
2018-08-30,2018-08-31 14:45:00,0.0,0.0,0.0,0.10906853
2018-08-30,2018-08-31 15:00:00,0.0,0.0,0.0,0.06686851
2018-08-30,2018-08-31 15:15:00,0.0,0.0,0.0,0.13661517
2018-08-30,2018-08-31 15:30:00,0.0,0.0,0.0,0.0
2018-08-30,2018-08-31 15:45:00,0.0,0.0,0.0,0.05439381
2018-08-30,2018-08-31 16:00:00,0.0,0.0,0.0,0.015086417
2018-08-30,2018-08-31 16:15:00,0.0,0.0,0.0,0.07132638
2018-08-30,2018-08-31 16:30:00,0.0,0.0,0.0,0.09112853
2018-08-30,2018-08-31 16:45:00,0.0,0.0,0.0,0.0
2018-08-30,2018-08-31 17:00:00,0.0,0.0,0.0,0.03867362
2018-08-30,2018-08-31 17:15:00,0.0,0.0018135584,0.0,0.08078519
2018-08-30,2018-08-31 17:30:00,0.0,0.00032356166,0.0,0.047077842
2018-08-30,2018-08-31 17:45:00,0.0,0.009277204,0.0,0.0
2018-08-30,2018-08-31 18:00:00,0.0,0.0010262785,0.0,0.039408743
2018-08-30,2018-08-31 18:15:00,0.0,0.011643529,0.0,0.074864134
2018-08-30,2018-08-31 18:30:00,0.0,0.0030791236,0.0,0.07994476
2018-08-30,2018-08-31 18:45:00,0.0,0.0041265944,0.0,0.18281324
2018-08-30,2018-08-31 19:00:00,0.0,0.02023995,0.0,0.011886981
2018-08-30,2018-08-31 19:15:00,0.0,0.0028762545,0.0,0.06891103
2018-08-30,2018-08-31 19:30:00,0.0,0.001870551,0.0,0.095919654
2018-08-30,2018-08-31 19:45:00,0.0,0.017173992,0.0,0.023411823
2018-08-30,2018-08-31 20:00:00,0.0,0.008394004,0.0,0.043948133
2018-08-30,2018-08-31 20:15:00,0.0,0.037481837,0.0,0.0
2018-08-30,2018-08-31 20:30:00,0.0,0.06667535,0.0,0.0751079
2018-08-30,2018-08-31 20:45:00,0.0,0.07928871,0.0,0.051066536
2018-08-30,2018-08-31 21:00:00,0.0,0.116183326,0.0,0.00777908
2018-08-30,2018-08-31 21:15:00,0.0,0.110300064,0.0,0.0
2018-08-30,2018-08-31 21:30:00,0.0,0.12381303,0.011895181,0.0
2018-08-30,2018-08-31 21:45:00,0.0,0.15756963,0.023052415,0.0
2018-08-30,2018-08-31 22:00:00,0.0,0.18744394,0.09286076,0.0203674
2018-08-30,2018-08-31 22:15:00,0.0,0.21440023,0.11236495,0.0
2018-08-30,2018-08-31 22:30:00,0.0,0.28155583,0.20026141,0.10943149
2018-08-30,2018-08-31 22:45:00,0.052733998745679855,0.34821802,0.27215016,0.22889514
2018-08-30,2018-08-31 23:00:00,0.0703120008111,0.42756775,0.4116361,0.20057559
2018-08-30,2018-08-31 23:15:00,0.25312501192092896,0.4955799,0.4571145,0.32098293
2018-08-30,2018-08-31 23:30:00,0.4570310115814209,0.61337245,0.53704697,0.44296357
2018-08-30,2018-08-31 23:45:00,0.7910159826278687,0.7277986,0.5777703,0.72523767
2018-11-23,2018-11-24 00:00:00,0.2566410005092621,0.03598211,0.27153635,0.30096585
2018-11-23,2018-11-24 00:15:00,0.42539098858833313,0.14852978,0.41813853,0.43602782
2018-11-23,2018-11-24 00:30:00,0.6503909826278687,0.17906182,0.52909833,0.56830746
2018-11-23,2018-11-24 00:45:00,0.794530987739563,0.24136496,0.67868155,0.7333182
2018-11-23,2018-11-24 01:00:00,1.1039060354232788,0.3320424,0.7813862,0.8523051
2018-11-23,2018-11-24 01:15:00,1.3253910541534424,0.46999046,0.9439405,0.89771307
2018-11-23,2018-11-24 01:30:00,1.490625023841858,0.5485787,1.0904427,1.1728575
2018-11-23,2018-11-24 01:45:00,1.694530963897705,0.6678654,1.235595,1.2445855
2018-11-23,2018-11-24 02:00:00,1.835155963897705,0.7866547,1.418037,1.3019786
2018-11-23,2018-11-24 02:15:00,2.144531011581421,0.91177446,1.5428072,1.4034534
2018-11-23,2018-11-24 02:30:00,2.3132810592651367,1.0141758,1.6903632,1.6198648
2018-11-23,2018-11-24 02:45:00,2.513672113418579,1.0855944,1.8185096,1.623177
2018-11-23,2018-11-24 03:00:00,2.636718988418579,1.1892402,1.9428113,1.6939152
2018-11-23,2018-11-24 03:15:00,2.805469036102295,1.248045,1.9781784,1.7038169
2018-11-23,2018-11-24 03:30:00,2.8863279819488525,1.3076595,2.0784307,1.7740848
2018-11-23,2018-11-24 03:45:00,2.9039061069488525,1.3343662,2.1643023,1.7500345
2018-11-23,2018-11-24 04:00:00,2.9390621185302734,1.3968458,2.2089682,1.7994542
2018-11-23,2018-11-24 04:15:00,2.9496090412139893,1.3987803,2.1835513,1.7896093
2018-11-23,2018-11-24 04:30:00,2.865233898162842,1.4184442,2.2358713,1.6672893
2018-11-23,2018-11-24 04:45:00,2.707031011581421,1.3971431,2.1295033,1.588041
2018-11-23,2018-11-24 05:00:00,2.82656192779541,1.376893,2.0499933,1.4078851
2018-11-23,2018-11-24 05:15:00,2.68593692779541,1.3361648,1.9395933,1.502454
2018-11-23,2018-11-24 05:30:00,2.3695309162139893,1.2479749,1.8418695,1.2694929
2018-11-23,2018-11-24 05:45:00,2.242969036102295,1.1413343,1.7409939,1.1261088
2018-11-23,2018-11-24 06:00:00,2.1867189407348633,1.0261174,1.6635944,1.1567626
2018-11-23,2018-11-24 06:15:00,1.6664060354232788,0.9594833,1.4853134,1.06092
2018-11-23,2018-11-24 06:30:00,1.6488280296325684,0.83810306,1.3319077,0.98310906
2018-11-23,2018-11-24 06:45:00,1.5328119993209839,0.703384,1.1797291,0.6796165
2018-11-23,2018-11-24 07:00:00,1.314844012260437,0.6041062,0.97119015,0.6331989
2018-11-23,2018-11-24 07:15:00,1.2937500476837158,0.5179318,0.82472837,0.49538875
2018-11-23,2018-11-24 07:30:00,0.39375001192092896,0.39611116,0.6673201,0.42669284
2018-11-23,2018-11-24 07:45:00,0.40781301259994507,0.29811493,0.54604286,0.37434545
2018-11-23,2018-11-24 08:00:00,0.5625,0.23009713,0.41302326,0.31682658
2018-11-23,2018-11-24 08:15:00,0.2355470061302185,0.17131528,0.3241947,0.16084117
2018-11-23,2018-11-24 08:30:00,0.1054690033197403,0.07491833,0.15049843,0.104674906
2018-11-23,2018-11-24 08:45:00,0.007031000219285488,0.04593911,0.040038913,0.1545829
2018-11-23,2018-11-24 09:00:00,0.0,0.06041801,0.0,0.0
2018-11-23,2018-11-24 09:15:00,0.0,0.028938852,0.0,0.0
2018-11-23,2018-11-24 09:30:00,0.0,0.01999708,0.0,0.0
2018-11-23,2018-11-24 09:45:00,0.0,0.025575219,0.0,0.0
2018-11-23,2018-11-24 10:00:00,0.0,0.04610696,0.0,0.008057089
2018-11-23,2018-11-24 10:15:00,0.0,0.033324733,0.0,0.027903477
2018-11-23,2018-11-24 10:30:00,0.0,0.041371923,0.0,0.0
2018-11-23,2018-11-24 10:45:00,0.0,0.038000904,0.0,0.0
2018-11-23,2018-11-24 11:00:00,0.0,0.05963888,0.0,0.019004362
2018-11-23,2018-11-24 11:15:00,0.0,0.061047543,0.0,0.0
2018-11-23,2018-11-24 11:30:00,0.0,0.0689739,0.0,0.0
2018-11-23,2018-11-24 11:45:00,0.0,0.04883415,0.0,0.06637981
2018-11-23,2018-11-24 12:00:00,0.0,0.059628304,0.0,0.10498314
2018-11-23,2018-11-24 12:15:00,0.0,0.07730955,0.0,0.14884071
2018-11-23,2018-11-24 12:30:00,0.0,0.07869157,0.0,0.076612815
2018-11-23,2018-11-24 12:45:00,0.0,0.063976035,0.0,0.15287934
2018-11-23,2018-11-24 13:00:00,0.0,0.053831436,0.0,0.12750159
2018-11-23,2018-11-24 13:15:00,0.0,0.041175414,0.0,0.1654967
2018-11-23,2018-11-24 13:30:00,0.0,0.02941765,0.0,0.33484876
2018-11-23,2018-11-24 13:45:00,0.0,0.03181373,0.0,0.26753718
2018-11-23,2018-11-24 14:00:00,0.0,0.027466858,0.0,0.104519136
2018-11-23,2018-11-24 14:15:00,0.0,0.025686838,0.0,0.15340692
2018-11-23,2018-11-24 14:30:00,0.0,0.0071386024,0.0,0.21105532
2018-11-23,2018-11-24 14:45:00,0.0,0.0022819883,0.0,0.13832049
2018-11-23,2018-11-24 15:00:00,0.0,0.0050450186,0.0,0.052340183
2018-11-23,2018-11-24 15:15:00,0.0,0.013614362,0.0,0.11868775
2018-11-23,2018-11-24 15:30:00,0.0,0.0078087286,0.0,0.045543145
2018-11-23,2018-11-24 15:45:00,0.0,0.00071427994,0.0,0.058004733
2018-11-23,2018-11-24 16:00:00,0.0,0.011035497,0.0,0.12383351
2018-11-23,2018-11-24 16:15:00,0.0,0.014601589,0.0,0.10575302
2018-11-23,2018-11-24 16:30:00,0.0,0.008176197,0.0,0.062067103
2018-11-23,2018-11-24 16:45:00,0.0,0.03537089,0.0,0.00810542
2018-11-23,2018-11-24 17:00:00,0.0,0.029387077,0.0,0.0
2018-11-23,2018-11-24 17:15:00,0.0,0.044888575,0.0,0.06848468
2018-11-23,2018-11-24 17:30:00,0.0,0.07138146,0.0,0.0
2018-11-23,2018-11-24 17:45:00,0.0,0.058484294,0.0,0.0023809331
2018-11-23,2018-11-24 18:00:00,0.0,0.056068588,0.0,0.0
2018-11-23,2018-11-24 18:15:00,0.0,0.05429618,0.0,0.0
2018-11-23,2018-11-24 18:30:00,0.0,0.040301263,0.0,0.040335257
2018-11-23,2018-11-24 18:45:00,0.0,0.059646778,0.0,0.13807994
2018-11-23,2018-11-24 19:00:00,0.0,0.05851993,0.0,0.0
2018-11-23,2018-11-24 19:15:00,0.0,0.05712536,0.0,0.0
2018-11-23,2018-11-24 19:30:00,0.0,0.057039563,0.0,0.065564565
2018-11-23,2018-11-24 19:45:00,0.0,0.035590507,0.0,0.0
2018-11-23,2018-11-24 20:00:00,0.0,0.037089106,0.0,0.0
2018-11-23,2018-11-24 20:15:00,0.0,0.00066782173,0.0,0.0069901333
2018-11-23,2018-11-24 20:30:00,0.0,0.015747325,0.0,0.0
2018-11-23,2018-11-24 20:45:00,0.0,0.0018696457,0.0,0.038054798
2018-11-23,2018-11-24 21:00:00,0.0,0.0,0.0,0.0
2018-11-23,2018-11-24 21:15:00,0.0,0.0,0.0,0.0
2018-11-23,2018-11-24 21:30:00,0.0,0.0032850788,0.0,0.0
2018-11-23,2018-11-24 21:45:00,0.0,0.0058967397,0.0,0.0
2018-11-23,2018-11-24 22:00:00,0.0,0.0,0.0,0.0
2018-11-23,2018-11-24 22:15:00,0.0,0.0,0.0,0.0
2018-11-23,2018-11-24 22:30:00,0.0,0.0,0.0,0.0
2018-11-23,2018-11-24 22:45:00,0.0,0.0,0.0,0.083936684
2018-11-23,2018-11-24 23:00:00,0.0,0.01935391,0.0,0.14663614
2018-11-23,2018-11-24 23:15:00,0.0,0.026555387,0.0,0.12851581
2018-11-23,2018-11-24 23:30:00,0.04570300132036209,0.06363997,0.053237066,0.2609401
2018-11-23,2018-11-24 23:45:00,0.140625,0.06317826,0.12188035,0.4685888
2018-11-24,2018-11-25 00:00:00,0.27421900629997253,0.13831493,0.2664906,0.37113333
2018-11-24,2018-11-25 00:15:00,0.4816409945487976,0.30460602,0.3916066,0.49037796
2018-11-24,2018-11-25 00:30:00,0.7066410183906555,0.39148727,0.50247,0.67575794
2018-11-24,2018-11-25 00:45:00,0.9210940003395081,0.51475084,0.64742845,0.9060302
2018-11-24,2018-11-25 01:00:00,1.1039060354232788,0.6806712,0.7416867,1.0410339
2018-11-24,2018-11-25 01:15:00,1.2550779581069946,0.8962661,0.8969236,1.1239792
2018-11-24,2018-11-25 01:30:00,1.4835939407348633,1.0433547,1.0575417,1.420965
2018-11-24,2018-11-25 01:45:00,1.6875,1.2391863,1.2174219,1.5283618
2018-11-24,2018-11-25 02:00:00,1.877344012260437,1.437878,1.3760229,1.6414638
2018-11-24,2018-11-25 02:15:00,2.1128900051116943,1.6449815,1.512928,1.7610129
2018-11-24,2018-11-25 02:30:00,2.3167970180511475,1.8128198,1.6570497,1.9339547
2018-11-24,2018-11-25 02:45:00,2.4996089935302734,1.9388083,1.8022768,1.9299628
2018-11-24,2018-11-25 03:00:00,2.5875000953674316,2.1043139,1.934291,2.0797553
2018-11-24,2018-11-25 03:15:00,2.636718988418579,2.1805542,1.9840968,2.100956
2018-11-24,2018-11-25 03:30:00,2.7527339458465576,2.2695763,2.0814977,2.1687808
2018-11-24,2018-11-25 03:45:00,2.7703120708465576,2.3122592,2.1805477,2.114179
2018-11-24,2018-11-25 04:00:00,2.7914059162139893,2.376898,2.2320583,2.182109
2018-11-24,2018-11-25 04:15:00,2.7562499046325684,2.3621342,2.1997643,2.1388712
2018-11-24,2018-11-25 04:30:00,2.7562499046325684,2.3679535,2.2606852,2.1051652
2018-11-24,2018-11-25 04:45:00,2.654297113418579,2.3198118,2.151476,1.9662981
2018-11-24,2018-11-25 05:00:00,2.559375047683716,2.246664,2.0613728,1.7583262
2018-11-24,2018-11-25 05:15:00,2.401171922683716,2.1684947,1.9276152,1.8118994
2018-11-24,2018-11-25 05:30:00,2.2289059162139893,2.0212836,1.8521256,1.5940126
2018-11-24,2018-11-25 05:45:00,2.116405963897705,1.8514577,1.7073604,1.4469959
2018-11-24,2018-11-25 06:00:00,2.003906011581421,1.6782279,1.645132,1.4736239
2018-11-24,2018-11-25 06:15:00,1.7683589458465576,1.5526152,1.4469507,1.3068764
2018-11-24,2018-11-25 06:30:00,1.6066410541534424,1.3779637,1.3019439,1.2543007
2018-11-24,2018-11-25 06:45:00,1.4097659587860107,1.1650257,1.1510017,0.9047895
2018-11-24,2018-11-25 07:00:00,1.1847660541534424,1.00832,0.9293896,0.8265856
2018-11-24,2018-11-25 07:15:00,1.0054689645767212,0.859364,0.8151902,0.715087
2018-11-24,2018-11-25 07:30:00,0.7875000238418579,0.670389,0.6279883,0.6271325
2018-11-24,2018-11-25 07:45:00,0.5976560115814209,0.51599836,0.5017794,0.5925082
2018-11-24,2018-11-25 08:00:00,0.41835901141166687,0.38141197,0.3783975,0.43817002
2018-11-24,2018-11-25 08:15:00,0.2566410005092621,0.29017687,0.32458237,0.34113622
2018-11-24,2018-11-25 08:30:00,0.13710899651050568,0.13295199,0.14145148,0.24957208
2018-11-24,2018-11-25 08:45:00,0.02812499925494194,0.080301665,0.032772295,0.23145232
2018-11-24,2018-11-25 09:00:00,0.0,0.055322934,0.0,0.07176408
2018-11-24,2018-11-25 09:15:00,0.0,0.020928942,0.0,0.0
2018-11-24,2018-11-25 09:30:00,0.0,0.012509405,0.0,0.02547115
2018-11-24,2018-11-25 09:45:00,0.0,0.012492328,0.0,0.038887788
2018-11-24,2018-11-25 10:00:00,0.0,0.048557498,0.0,0.008895178
2018-11-24,2018-11-25 10:15:00,0.0,0.026646206,0.0,0.06577981
2018-11-24,2018-11-25 10:30:00,0.0,0.039201904,0.0,0.0
2018-11-24,2018-11-25 10:45:00,0.0,0.05640106,0.0,0.0
2018-11-24,2018-11-25 11:00:00,0.0,0.031202035,0.0,0.001892237
2018-11-24,2018-11-25 11:15:00,0.0,0.05790756,0.0,0.0
2018-11-24,2018-11-25 11:30:00,0.0,0.057314567,0.0,0.0
2018-11-24,2018-11-25 11:45:00,0.0,0.023859575,0.0,0.07304529
2018-11-24,2018-11-25 12:00:00,0.0,0.040636636,0.0,0.06314697
2018-11-24,2018-11-25 12:15:00,0.0,0.036365565,0.0,0.14470072
2018-11-24,2018-11-25 12:30:00,0.0,0.023859493,0.0,0.11824989
2018-11-24,2018-11-25 12:45:00,0.0,0.0,0.0,0.1180853
2018-11-24,2018-11-25 13:00:00,0.0,0.0,0.0,0.10972352
2018-11-24,2018-11-25 13:15:00,0.0,0.0,0.0,0.12950727
2018-11-24,2018-11-25 13:30:00,0.0,0.0,0.0,0.2740914
2018-11-24,2018-11-25 13:45:00,0.0,0.0,0.0,0.24166356
2018-11-24,2018-11-25 14:00:00,0.0,0.0,0.0,0.08308543
2018-11-24,2018-11-25 14:15:00,0.0,0.0,0.0,0.09909118
2018-11-24,2018-11-25 14:30:00,0.0,0.0,0.0,0.2145613
2018-11-24,2018-11-25 14:45:00,0.0,0.0,0.0,0.1131287
2018-11-24,2018-11-25 15:00:00,0.0,0.0,0.0,0.043365497
2018-11-24,2018-11-25 15:15:00,0.0,0.0121448375,0.0,0.1532931
2018-11-24,2018-11-25 15:30:00,0.0,0.025702454,0.0,0.021879936
2018-11-24,2018-11-25 15:45:00,0.0,0.00467039,0.0,0.03466064
2018-11-24,2018-11-25 16:00:00,0.0,0.0045120865,0.0,0.09386789
2018-11-24,2018-11-25 16:15:00,0.0,0.011556167,0.0,0.11056307
2018-11-24,2018-11-25 16:30:00,0.0,0.0,0.0,0.06817898
2018-11-24,2018-11-25 16:45:00,0.0,0.002717992,0.0,0.032898996
2018-11-24,2018-11-25 17:00:00,0.0,0.0026482018,0.0,0.0
2018-11-24,2018-11-25 17:15:00,0.0,0.0029110673,0.0,0.058265757
2018-11-24,2018-11-25 17:30:00,0.0,0.024499498,0.0,0.048183993
2018-11-24,2018-11-25 17:45:00,0.0,0.009305514,0.0,0.0
2018-11-24,2018-11-25 18:00:00,0.0,0.0,0.0,0.05330275
2018-11-24,2018-11-25 18:15:00,0.0,0.0,0.0,0.036451608
2018-11-24,2018-11-25 18:30:00,0.0,0.0,0.0,0.08394842
2018-11-24,2018-11-25 18:45:00,0.0,0.01703178,0.0,0.15561913
2018-11-24,2018-11-25 19:00:00,0.0,0.023711806,0.0,0.0
2018-11-24,2018-11-25 19:15:00,0.0,0.03986294,0.0,0.0042112805
2018-11-24,2018-11-25 19:30:00,0.0,0.038340185,0.0,0.084229216
2018-11-24,2018-11-25 19:45:00,0.0,0.027009312,0.0,0.0
2018-11-24,2018-11-25 20:00:00,0.0,0.03499881,0.0,0.0
2018-11-24,2018-11-25 20:15:00,0.0,0.0,0.0,0.0
2018-11-24,2018-11-25 20:30:00,0.0,0.008852331,0.0,0.0
2018-11-24,2018-11-25 20:45:00,0.0,0.0,0.0,0.02821416
2018-11-24,2018-11-25 21:00:00,0.0,0.0,0.0,0.0
2018-11-24,2018-11-25 21:15:00,0.0,0.0,0.0,0.0
2018-11-24,2018-11-25 21:30:00,0.0,0.0,0.0,0.0
2018-11-24,2018-11-25 21:45:00,0.0,0.0,0.0,0.0
2018-11-24,2018-11-25 22:00:00,0.0,0.0,0.0,0.0
2018-11-24,2018-11-25 22:15:00,0.0,0.0,0.0,0.0
2018-11-24,2018-11-25 22:30:00,0.0,0.0,0.0,0.022598682
2018-11-24,2018-11-25 22:45:00,0.0,0.0,0.0,0.07632143
2018-11-24,2018-11-25 23:00:00,0.0,0.0,0.0,0.15557478
2018-11-24,2018-11-25 23:15:00,0.0,0.0,0.0032336414,0.14471132
2018-11-24,2018-11-25 23:30:00,0.0,0.0424797,0.063856766,0.2841523
2018-11-24,2018-11-25 23:45:00,0.09843800216913223,0.06633977,0.12304377,0.53597605
2018-11-25,2018-11-26 00:00:00,0.22499999403953552,0.062617846,0.24873522,0.2864114
2018-11-25,2018-11-26 00:15:00,0.3550780117511749,0.21632688,0.37656084,0.3894834
2018-11-25,2018-11-26 00:30:00,0.5378909707069397,0.29854605,0.50265783,0.5605418
2018-11-25,2018-11-26 00:45:00,0.7347660064697266,0.41634905,0.6689493,0.7710445
2018-11-25,2018-11-26 01:00:00,1.1777340173721313,0.57808846,0.7696108,0.9048122
2018-11-25,2018-11-26 01:15:00,1.209375023841858,0.7862345,0.9350044,0.97306156
2018-11-25,2018-11-26 01:30:00,1.167186975479126,0.9320443,1.1186302,1.2574372
2018-11-25,2018-11-26 01:45:00,1.3605469465255737,1.1270295,1.2882302,1.3692029
2018-11-25,2018-11-26 02:00:00,1.4835939407348633,1.3286222,1.4651853,1.4595048
2018-11-25,2018-11-26 02:15:00,1.2339839935302734,1.5390568,1.615628,1.5754604
2018-11-25,2018-11-26 02:30:00,1.9863280057907104,1.7118132,1.7835,1.7514628
2018-11-25,2018-11-26 02:45:00,1.9441410303115845,1.84417,1.9314547,1.7683856
2018-11-25,2018-11-26 03:00:00,2.010936975479126,2.0161662,2.0825574,1.8911752
2018-11-25,2018-11-26 03:15:00,2.119921922683716,2.100134,2.123285,1.9276104
2018-11-25,2018-11-26 03:30:00,2.1304690837860107,2.1963,2.2564316,1.9932142
2018-11-25,2018-11-26 03:45:00,2.320312023162842,2.2506819,2.3534718,1.9383554
2018-11-25,2018-11-26 04:00:00,2.278125047683716,2.3239152,2.4050384,2.015228
2018-11-25,2018-11-26 04:15:00,2.366015911102295,2.3176954,2.3838074,1.9721305
2018-11-25,2018-11-26 04:30:00,2.144531011581421,2.3313487,2.4397159,1.9184649
2018-11-25,2018-11-26 04:45:00,2.583983898162842,2.2922025,2.328699,1.8064156
2018-11-25,2018-11-26 05:00:00,2.4679689407348633,2.2288065,2.2469215,1.5930517
2018-11-25,2018-11-26 05:15:00,2.3343749046325684,2.1631582,2.1027877,1.6538059
2018-11-25,2018-11-26 05:30:00,1.9828120470046997,2.023098,2.0246394,1.4388908
2018-11-25,2018-11-26 05:45:00,1.9722659587860107,1.8647398,1.8738425,1.2877631
2018-11-25,2018-11-26 06:00:00,1.722656011581421,1.6986433,1.7966077,1.3284216
2018-11-25,2018-11-26 06:15:00,1.6664060354232788,1.5792772,1.5915867,1.1783296
2018-11-25,2018-11-26 06:30:00,0.7734379768371582,1.4096783,1.4324,1.1055396
2018-11-25,2018-11-26 06:45:00,0.9703119993209839,1.1996323,1.2715617,0.7713966
2018-11-25,2018-11-26 07:00:00,0.6187499761581421,1.0473852,1.0338637,0.7058786
2018-11-25,2018-11-26 07:15:00,0.6644530296325684,0.89752096,0.8979212,0.5789067
2018-11-25,2018-11-26 07:30:00,0.47460898756980896,0.70813876,0.70084286,0.52313185
2018-11-25,2018-11-26 07:45:00,0.33398398756980896,0.55185896,0.5631166,0.4748674
2018-11-25,2018-11-26 08:00:00,0.27773401141166687,0.4144709,0.41559646,0.33888164
2018-11-25,2018-11-26 08:15:00,0.14765599370002747,0.3191792,0.35301968,0.22063074
2018-11-25,2018-11-26 08:30:00,0.06328099966049194,0.15555137,0.1521922,0.14459434
2018-11-25,2018-11-26 08:45:00,0.0,0.09571191,0.030615587,0.15493159
2018-11-25,2018-11-26 09:00:00,0.0,0.06280312,0.0,0.0
2018-11-25,2018-11-26 09:15:00,0.0,0.021834878,0.0,0.0
2018-11-25,2018-11-26 09:30:00,0.0,0.008893275,0.0,0.0
2018-11-25,2018-11-26 09:45:00,0.0,0.00308365,0.0,0.0
2018-11-25,2018-11-26 10:00:00,0.0,0.03564079,0.0,0.0
2018-11-25,2018-11-26 10:15:00,0.0,0.009520626,0.0,0.016760368
2018-11-25,2018-11-26 10:30:00,0.0,0.020622725,0.0,0.0
2018-11-25,2018-11-26 10:45:00,0.0,0.034641795,0.0,0.0
2018-11-25,2018-11-26 11:00:00,0.0,0.00857424,0.0,0.004573112
2018-11-25,2018-11-26 11:15:00,0.0,0.037933066,0.0,0.0
2018-11-25,2018-11-26 11:30:00,0.0,0.039675746,0.0,0.0
2018-11-25,2018-11-26 11:45:00,0.0,0.009003557,0.0,0.086004384
2018-11-25,2018-11-26 12:00:00,0.0,0.033285536,0.0,0.09338934
2018-11-25,2018-11-26 12:15:00,0.0,0.027959216,0.0,0.13578202
2018-11-25,2018-11-26 12:30:00,0.0,0.021233018,0.0,0.10050752
2018-11-25,2018-11-26 12:45:00,0.0,0.0,0.0,0.13785487
2018-11-25,2018-11-26 13:00:00,0.0,0.0,0.0,0.12139183
2018-11-25,2018-11-26 13:15:00,0.0,0.0,0.0,0.16513143
2018-11-25,2018-11-26 13:30:00,0.0,0.0,0.0,0.33509877
2018-11-25,2018-11-26 13:45:00,0.0,0.0,0.0,0.2857355
2018-11-25,2018-11-26 14:00:00,0.0,0.0,0.0,0.11300293
2018-11-25,2018-11-26 14:15:00,0.0,0.0,0.0,0.12637718
2018-11-25,2018-11-26 14:30:00,0.0,0.0,0.0,0.24954768
2018-11-25,2018-11-26 14:45:00,0.0,0.0,0.0,0.13374458
2018-11-25,2018-11-26 15:00:00,0.0,0.0,0.0,0.052338425
2018-11-25,2018-11-26 15:15:00,0.0,0.004562598,0.0,0.14303368
2018-11-25,2018-11-26 15:30:00,0.0,0.01931533,0.0,0.045189627
2018-11-25,2018-11-26 15:45:00,0.0,0.0,0.0,0.041369557
2018-11-25,2018-11-26 16:00:00,0.0,0.00087542296,0.0,0.11780022
2018-11-25,2018-11-26 16:15:00,0.0,0.012773957,0.0,0.10630023
2018-11-25,2018-11-26 16:30:00,0.0,0.0,0.0,0.056758713
2018-11-25,2018-11-26 16:45:00,0.0,0.010460222,0.0,0.025080124
2018-11-25,2018-11-26 17:00:00,0.0,0.013051966,0.0,0.0
2018-11-25,2018-11-26 17:15:00,0.0,0.014821412,0.0,0.042988725
2018-11-25,2018-11-26 17:30:00,0.0,0.039027594,0.0,0.0025540611
2018-11-25,2018-11-26 17:45:00,0.0,0.027633803,0.0,0.0
2018-11-25,2018-11-26 18:00:00,0.0,0.01493013,0.0,0.0055461526
2018-11-25,2018-11-26 18:15:00,0.0,0.016043935,0.0,0.014231404
2018-11-25,2018-11-26 18:30:00,0.0,0.015363933,0.0,0.064243555
2018-11-25,2018-11-26 18:45:00,0.0,0.036737643,0.0,0.14651579
2018-11-25,2018-11-26 19:00:00,0.0,0.042444024,0.0,0.0021908104
2018-11-25,2018-11-26 19:15:00,0.0,0.057384193,0.0,0.012702274
2018-11-25,2018-11-26 19:30:00,0.0,0.054401442,0.0,0.10079927
2018-11-25,2018-11-26 19:45:00,0.0,0.04276277,0.0,0.0
2018-11-25,2018-11-26 20:00:00,0.0,0.050657503,0.0,0.0
2018-11-25,2018-11-26 20:15:00,0.0,0.008440544,0.0,0.049079157
2018-11-25,2018-11-26 20:30:00,0.0,0.026796773,0.0,0.02048529
2018-11-25,2018-11-26 20:45:00,0.0,0.015750905,0.0,0.07088479
2018-11-25,2018-11-26 21:00:00,0.0,0.015310191,0.0,0.0
2018-11-25,2018-11-26 21:15:00,0.0,0.014956219,0.0,0.0
2018-11-25,2018-11-26 21:30:00,0.0,0.026240097,0.0,0.042512346
2018-11-25,2018-11-26 21:45:00,0.0,0.02257076,0.0,0.0
2018-11-25,2018-11-26 22:00:00,0.0,0.0016205653,0.0,0.0
2018-11-25,2018-11-26 22:15:00,0.0,0.0,0.0,0.0
2018-11-25,2018-11-26 22:30:00,0.0,0.00083098107,0.0,0.02233457
2018-11-25,2018-11-26 22:45:00,0.0,0.0,0.0,0.081049174
2018-11-25,2018-11-26 23:00:00,0.0,0.0061298124,0.0,0.15161577
2018-11-25,2018-11-26 23:15:00,0.0,0.02235958,0.0,0.12490992
2018-11-25,2018-11-26 23:30:00,0.0,0.059265237,0.0,0.24410765
2018-11-25,2018-11-26 23:45:00,0.003515999997034669,0.079149485,0.026985178,0.46954718
2018-11-26,2018-11-27 00:00:00,0.22499999403953552,0.0,0.13621728,0.0
2018-11-26,2018-11-27 00:15:00,0.38320299983024597,0.039649185,0.2435242,0.027680827
2018-11-26,2018-11-27 00:30:00,0.5027340054512024,0.03921495,0.3414948,0.07605127
2018-11-26,2018-11-27 00:45:00,0.7664059996604919,0.06296052,0.45411614,0.16587718
2018-11-26,2018-11-27 01:00:00,0.9035159945487976,0.10730124,0.5376534,0.27519014
2018-11-26,2018-11-27 01:15:00,1.321874976158142,0.19381708,0.66828626,0.31139788
2018-11-26,2018-11-27 01:30:00,1.040624976158142,0.2357404,0.8056456,0.3872015
2018-11-26,2018-11-27 01:45:00,1.4695310592651367,0.30811962,0.9482646,0.4762254
2018-11-26,2018-11-27 02:00:00,1.4941409826278687,0.38764155,1.0880207,0.58149093
2018-11-26,2018-11-27 02:15:00,1.778905987739563,0.46503872,1.2126805,0.64894503
2018-11-26,2018-11-27 02:30:00,1.835155963897705,0.5300326,1.3402289,0.7925106
2018-11-26,2018-11-27 02:45:00,2.0882809162139893,0.5742975,1.4901781,0.8535064
2018-11-26,2018-11-27 03:00:00,2.0460939407348633,0.6436992,1.6053115,0.9559544
2018-11-26,2018-11-27 03:15:00,2.1656250953674316,0.68859535,1.6546768,1.0445704
2018-11-26,2018-11-27 03:30:00,2.239453077316284,0.7294756,1.7608244,1.1498313
2018-11-26,2018-11-27 03:45:00,2.3343749046325684,0.74719775,1.8596945,1.1926228
2018-11-26,2018-11-27 04:00:00,2.4117190837860107,0.8069672,1.911862,1.2558029
2018-11-26,2018-11-27 04:15:00,2.5277340412139893,0.81399417,1.8930072,1.3123364
2018-11-26,2018-11-27 04:30:00,2.5171871185302734,0.8425969,1.9464357,1.3201123
2018-11-26,2018-11-27 04:45:00,2.6085939407348633,0.84324604,1.863674,1.3825865
2018-11-26,2018-11-27 05:00:00,2.5980470180511475,0.8587449,1.7859582,1.2808119
2018-11-26,2018-11-27 05:15:00,2.520703077316284,0.8569529,1.6874622,1.2744577
2018-11-26,2018-11-27 05:30:00,2.137500047683716,0.80734235,1.6026843,1.2232732
2018-11-26,2018-11-27 05:45:00,1.835155963897705,0.7543782,1.4900463,1.0401411
2018-11-26,2018-11-27 06:00:00,1.6417969465255737,0.6760685,1.4224693,1.1829909
2018-11-26,2018-11-27 06:15:00,1.4730470180511475,0.6573944,1.2475139,0.9862142
2018-11-26,2018-11-27 06:30:00,1.3113280534744263,0.57958335,1.1136789,0.95386374
2018-11-26,2018-11-27 06:45:00,1.1636719703674316,0.497598,0.9848327,0.73611796
2018-11-26,2018-11-27 07:00:00,0.935155987739563,0.43809628,0.78976995,0.66521263
2018-11-26,2018-11-27 07:15:00,0.8789060115814209,0.3923118,0.66956514,0.5422214
2018-11-26,2018-11-27 07:30:00,0.6152340173721313,0.31358153,0.52446216,0.4950731
2018-11-26,2018-11-27 07:45:00,0.471094012260437,0.24713996,0.4068285,0.39947286
2018-11-26,2018-11-27 08:00:00,0.3621090054512024,0.21473098,0.290605,0.22039339
2018-11-26,2018-11-27 08:15:00,0.3375000059604645,0.17482252,0.2571043,0.15445109
2018-11-26,2018-11-27 08:30:00,0.13359400629997253,0.10972612,0.0935364,0.07768605
2018-11-26,2018-11-27 08:45:00,0.049219001084566116,0.098888725,0.0,0.09192718
2018-11-26,2018-11-27 09:00:00,0.0,0.13835663,0.0,0.0
2018-11-26,2018-11-27 09:15:00,0.0,0.10466049,0.0,0.0
2018-11-26,2018-11-27 09:30:00,0.0,0.09637747,0.0,0.0
2018-11-26,2018-11-27 09:45:00,0.0,0.10379153,0.0,0.0
2018-11-26,2018-11-27 10:00:00,0.0,0.11120293,0.0,0.0
2018-11-26,2018-11-27 10:15:00,0.0,0.0986303,0.0,0.0
2018-11-26,2018-11-27 10:30:00,0.0,0.10544118,0.0,0.0
2018-11-26,2018-11-27 10:45:00,0.0,0.08544001,0.0,0.0
2018-11-26,2018-11-27 11:00:00,0.0,0.123067886,0.0,0.0
2018-11-26,2018-11-27 11:15:00,0.0,0.102333836,0.0,0.0
2018-11-26,2018-11-27 11:30:00,0.0,0.10173058,0.0,0.0
2018-11-26,2018-11-27 11:45:00,0.0,0.08455806,0.0,0.07330492
2018-11-26,2018-11-27 12:00:00,0.0,0.07050624,0.0,0.12910472
2018-11-26,2018-11-27 12:15:00,0.0,0.098542444,0.0,0.0036479798
2018-11-26,2018-11-27 12:30:00,0.0,0.096817195,0.0,0.11852566
2018-11-26,2018-11-27 12:45:00,0.0,0.08600732,0.0,0.16565678
2018-11-26,2018-11-27 13:00:00,0.0,0.075430565,0.0,0.10774614
2018-11-26,2018-11-27 13:15:00,0.0,0.06749316,0.0,0.19020201
2018-11-26,2018-11-27 13:30:00,0.0,0.053785756,0.0,0.33709973
2018-11-26,2018-11-27 13:45:00,0.0,0.06298638,0.0,0.26912272
2018-11-26,2018-11-27 14:00:00,0.0,0.057408925,0.0,0.18598129
2018-11-26,2018-11-27 14:15:00,0.0,0.05049457,0.0,0.23592731
2018-11-26,2018-11-27 14:30:00,0.0,0.029129809,0.0,0.3359573
2018-11-26,2018-11-27 14:45:00,0.0,0.016859937,0.0,0.23681875
2018-11-26,2018-11-27 15:00:00,0.0,0.017755792,0.0,0.18287848
2018-11-26,2018-11-27 15:15:00,0.0,0.025156971,0.0,0.10710214
2018-11-26,2018-11-27 15:30:00,0.0,0.013560887,0.0,0.12244093
2018-11-26,2018-11-27 15:45:00,0.0,0.011656408,0.0,0.13348895
2018-11-26,2018-11-27 16:00:00,0.0,0.014969552,0.0,0.18450177
2018-11-26,2018-11-27 16:15:00,0.0,0.02235748,0.0,0.13706833
2018-11-26,2018-11-27 16:30:00,0.0,0.015229495,0.0,0.0
2018-11-26,2018-11-27 16:45:00,0.0,0.04675114,0.0,0.0033121966
2018-11-26,2018-11-27 17:00:00,0.0,0.03844425,0.0,0.0
2018-11-26,2018-11-27 17:15:00,0.0,0.05662728,0.0,0.0
2018-11-26,2018-11-27 17:30:00,0.0,0.07411998,0.0,0.0
2018-11-26,2018-11-27 17:45:00,0.0,0.066387914,0.0,0.0
2018-11-26,2018-11-27 18:00:00,0.0,0.064749904,0.0,0.0
2018-11-26,2018-11-27 18:15:00,0.0,0.06161864,0.0,0.044611614
2018-11-26,2018-11-27 18:30:00,0.0,0.049356055,0.0,0.005342574
2018-11-26,2018-11-27 18:45:00,0.0,0.06091753,0.0,0.104627326
2018-11-26,2018-11-27 19:00:00,0.0,0.06182332,0.0,0.15558665
2018-11-26,2018-11-27 19:15:00,0.0,0.056431778,0.0,0.097755425
2018-11-26,2018-11-27 19:30:00,0.0,0.06339019,0.0,0.15906565
2018-11-26,2018-11-27 19:45:00,0.0,0.041468974,0.0,0.15006344
2018-11-26,2018-11-27 20:00:00,0.0,0.04315917,0.0,0.17848817
2018-11-26,2018-11-27 20:15:00,0.0,0.015427467,0.0,0.3317295
2018-11-26,2018-11-27 20:30:00,0.0,0.027493153,0.0,0.28967285
2018-11-26,2018-11-27 20:45:00,0.0,0.015429361,0.0,0.3184528
2018-11-26,2018-11-27 21:00:00,0.0,0.009019276,0.0,0.33506876
2018-11-26,2018-11-27 21:15:00,0.0,0.012115518,0.0,0.3156381
2018-11-26,2018-11-27 21:30:00,0.0,0.016591351,0.0,0.42814684
2018-11-26,2018-11-27 21:45:00,0.0,0.024412796,0.0,0.3762709
2018-11-26,2018-11-27 22:00:00,0.0,0.013289483,0.0,0.2544075
2018-11-26,2018-11-27 22:15:00,0.0,0.019581817,0.0,0.29568034
2018-11-26,2018-11-27 22:30:00,0.0,0.04429484,0.0,0.284576
2018-11-26,2018-11-27 22:45:00,0.0,0.043135095,0.0,0.3183397
2018-11-26,2018-11-27 23:00:00,0.0,0.07090677,0.0,0.2949005
2018-11-26,2018-11-27 23:15:00,0.0,0.07787182,0.014951754,0.30698717
2018-11-26,2018-11-27 23:30:00,0.014062000438570976,0.104248576,0.06126642,0.36520264
2018-11-26,2018-11-27 23:45:00,0.10898400098085403,0.09390707,0.10029652,0.33856335
2018-11-27,2018-11-28 00:00:00,0.21445299685001373,0.038681276,0.23023772,0.28928572
2018-11-27,2018-11-28 00:15:00,0.3621090054512024,0.131918,0.35271502,0.39427188
2018-11-27,2018-11-28 00:30:00,0.5273439884185791,0.14722443,0.47906688,0.5584444
2018-11-27,2018-11-28 00:45:00,0.6996089816093445,0.18782242,0.64108884,0.74763525
2018-11-27,2018-11-28 01:00:00,0.8542969822883606,0.2511014,0.73269945,0.8754912
2018-11-27,2018-11-28 01:15:00,1.040624976158142,0.3585033,0.9029763,0.9366044
2018-11-27,2018-11-28 01:30:00,1.2796880006790161,0.4133161,1.0719153,1.2198535
2018-11-27,2018-11-28 01:45:00,1.4730470180511475,0.5080056,1.2380033,1.3225269
2018-11-27,2018-11-28 02:00:00,1.652343988418579,0.6011601,1.4270189,1.3967527
2018-11-27,2018-11-28 02:15:00,1.821094036102295,0.70035535,1.5696642,1.508688
2018-11-27,2018-11-28 02:30:00,1.9792970418930054,0.78398335,1.7286896,1.7072308
2018-11-27,2018-11-28 02:45:00,2.119921922683716,0.8364338,1.8930185,1.7128946
2018-11-27,2018-11-28 03:00:00,2.1761720180511475,0.92520916,2.0411727,1.8160546
2018-11-27,2018-11-28 03:15:00,2.3238279819488525,0.9791163,2.0887098,1.8462282
2018-11-27,2018-11-28 03:30:00,2.383594036102295,1.0349578,2.2142453,1.9151572
2018-11-27,2018-11-28 03:45:00,2.415234088897705,1.0590914,2.3178217,1.8751525
2018-11-27,2018-11-28 04:00:00,2.418750047683716,1.1246817,2.3847237,1.9420376
2018-11-27,2018-11-28 04:15:00,2.4820311069488525,1.1362824,2.3724587,1.9004681
2018-11-27,2018-11-28 04:30:00,2.4644529819488525,1.1719989,2.4218109,1.826445
2018-11-27,2018-11-28 04:45:00,2.380078077316284,1.1730199,2.322115,1.726848
2018-11-27,2018-11-28 05:00:00,2.3449220657348633,1.1811172,2.2468605,1.5165621
2018-11-27,2018-11-28 05:15:00,2.1937499046325684,1.166215,2.1082149,1.5908841
2018-11-27,2018-11-28 05:30:00,2.074218988418579,1.1041919,2.0200655,1.3737307
2018-11-27,2018-11-28 05:45:00,1.9546869993209839,1.0343466,1.8929852,1.2246614
2018-11-27,2018-11-28 06:00:00,1.7648439407348633,0.9385655,1.8083938,1.2622828
2018-11-27,2018-11-28 06:15:00,1.6066410541534424,0.8949216,1.6171024,1.1274897
2018-11-27,2018-11-28 06:30:00,1.5292969942092896,0.79205036,1.4501477,1.0656549
2018-11-27,2018-11-28 06:45:00,1.371093988418579,0.6856463,1.2886578,0.7331185
2018-11-27,2018-11-28 07:00:00,1.160156011581421,0.60523254,1.0532042,0.68074435
2018-11-27,2018-11-28 07:15:00,0.9878910183906555,0.5320224,0.9161519,0.54536194
2018-11-27,2018-11-28 07:30:00,0.7839840054512024,0.42704198,0.7215584,0.48869407
2018-11-27,2018-11-28 07:45:00,0.5765630006790161,0.338374,0.5885563,0.4381666
2018-11-27,2018-11-28 08:00:00,0.42539098858833313,0.28588268,0.45946962,0.33755082
2018-11-27,2018-11-28 08:15:00,0.2601560056209564,0.22344725,0.3959721,0.20107302
2018-11-27,2018-11-28 08:30:00,0.13710899651050568,0.13483402,0.19610573,0.13877723
2018-11-27,2018-11-28 08:45:00,0.03867200016975403,0.10352689,0.084568106,0.16696848
2018-11-27,2018-11-28 09:00:00,0.0,0.119361274,0.03485956,0.0
2018-11-27,2018-11-28 09:15:00,0.0,0.075729065,0.019915441,0.0
2018-11-27,2018-11-28 09:30:00,0.0,0.05533923,0.0,0.0
2018-11-27,2018-11-28 09:45:00,0.0,0.053114954,0.0,0.0
2018-11-27,2018-11-28 10:00:00,0.0,0.051386062,0.0,0.0
2018-11-27,2018-11-28 10:15:00,0.0,0.034955274,0.0,0.03499166
2018-11-27,2018-11-28 10:30:00,0.0,0.037012793,0.0,0.0
2018-11-27,2018-11-28 10:45:00,0.0,0.017833235,0.0,0.0
2018-11-27,2018-11-28 11:00:00,0.0,0.048949286,0.0,0.01672836
2018-11-27,2018-11-28 11:15:00,0.0,0.037506405,0.0,0.0
2018-11-27,2018-11-28 11:30:00,0.0,0.045180902,0.0,0.0
2018-11-27,2018-11-28 11:45:00,0.0,0.030146211,0.0,0.08653548
2018-11-27,2018-11-28 12:00:00,0.0,0.03441407,0.0,0.10348796
2018-11-27,2018-11-28 12:15:00,0.0,0.060095232,0.0,0.14570303
2018-11-27,2018-11-28 12:30:00,0.0,0.0662136,0.0,0.088696405
2018-11-27,2018-11-28 12:45:00,0.0,0.060480475,0.0,0.14341928
2018-11-27,2018-11-28 13:00:00,0.0,0.051057685,0.0,0.12818725
2018-11-27,2018-11-28 13:15:00,0.0,0.047687672,0.0,0.16637962
2018-11-27,2018-11-28 13:30:00,0.0,0.034077507,0.0,0.3433725
2018-11-27,2018-11-28 13:45:00,0.0,0.042689275,0.0,0.28624558
2018-11-27,2018-11-28 14:00:00,0.0,0.033907104,0.0,0.12182391
2018-11-27,2018-11-28 14:15:00,0.0,0.028162332,0.0,0.14618571
2018-11-27,2018-11-28 14:30:00,0.0,0.0035894646,0.0,0.2424327
2018-11-27,2018-11-28 14:45:00,0.0,0.0,0.0,0.1485254
2018-11-27,2018-11-28 15:00:00,0.0,0.0,0.0,0.050847135
2018-11-27,2018-11-28 15:15:00,0.0,0.0010303317,0.0,0.14309238
2018-11-27,2018-11-28 15:30:00,0.0,0.0,0.0,0.053914722
2018-11-27,2018-11-28 15:45:00,0.0,0.0,0.0,0.05489193
2018-11-27,2018-11-28 16:00:00,0.0,0.0,0.0,0.13319965
2018-11-27,2018-11-28 16:15:00,0.0,0.0010024116,0.0,0.11654129
2018-11-27,2018-11-28 16:30:00,0.0,0.0,0.0,0.070809156
2018-11-27,2018-11-28 16:45:00,0.0,0.021188248,0.0,0.037494358
2018-11-27,2018-11-28 17:00:00,0.0,0.0144770285,0.0,0.0
2018-11-27,2018-11-28 17:15:00,0.0,0.036733776,0.0,0.055208247
2018-11-27,2018-11-28 17:30:00,0.0,0.05809304,0.0,0.0
2018-11-27,2018-11-28 17:45:00,0.0,0.051172614,0.0,0.0
2018-11-27,2018-11-28 18:00:00,0.0,0.049354285,0.0,0.0
2018-11-27,2018-11-28 18:15:00,0.0,0.050188474,0.0,0.012385276
2018-11-27,2018-11-28 18:30:00,0.0,0.036927342,0.0,0.063733764
2018-11-27,2018-11-28 18:45:00,0.0,0.052618172,0.0,0.14340293
2018-11-27,2018-11-28 19:00:00,0.0,0.05432371,0.0,0.0
2018-11-27,2018-11-28 19:15:00,0.0,0.050128065,0.0,0.0
2018-11-27,2018-11-28 19:30:00,0.0,0.053763703,0.0,0.085303105
2018-11-27,2018-11-28 19:45:00,0.0,0.03772096,0.0,0.0
2018-11-27,2018-11-28 20:00:00,0.0,0.04081852,0.0,0.0
2018-11-27,2018-11-28 20:15:00,0.0,0.017956993,0.0,0.029120343
2018-11-27,2018-11-28 20:30:00,0.0,0.033236157,0.0,0.004376842
2018-11-27,2018-11-28 20:45:00,0.0,0.02257006,0.0,0.051165394
2018-11-27,2018-11-28 21:00:00,0.0,0.021977214,0.0,0.0
2018-11-27,2018-11-28 21:15:00,0.0,0.022605738,0.0,0.0
2018-11-27,2018-11-28 21:30:00,0.0,0.030687332,0.0,0.010052735
2018-11-27,2018-11-28 21:45:00,0.0,0.038392074,0.0,0.0
2018-11-27,2018-11-28 22:00:00,0.0,0.025272746,0.0,0.0
2018-11-27,2018-11-28 22:15:00,0.0,0.025100945,0.0,0.0
2018-11-27,2018-11-28 22:30:00,0.0,0.042993765,0.0,0.0
2018-11-27,2018-11-28 22:45:00,0.0,0.04204351,0.0,0.070198014
2018-11-27,2018-11-28 23:00:00,0.0,0.07247248,0.0,0.12597607
2018-11-27,2018-11-28 23:15:00,0.0,0.07786417,0.0,0.1142328
2018-11-27,2018-11-28 23:30:00,0.021093999966979027,0.11521042,0.0,0.2339068
2018-11-27,2018-11-28 23:45:00,0.031640999019145966,0.11944491,0.046409577,0.4499952
2018-11-28,2018-11-29 00:00:00,0.23906299471855164,0.013715549,0.16972716,0.05457083
2018-11-28,2018-11-29 00:15:00,0.3972660005092621,0.15659465,0.27567893,0.08297123
2018-11-28,2018-11-29 00:30:00,0.583594024181366,0.22470863,0.38476485,0.18865214
2018-11-28,2018-11-29 00:45:00,0.7699220180511475,0.32998317,0.5268323,0.29444075
2018-11-28,2018-11-29 01:00:00,0.9246090054512024,0.47745445,0.6118124,0.42149654
2018-11-28,2018-11-29 01:15:00,1.1285159587860107,0.6722622,0.7431023,0.47253013
2018-11-28,2018-11-29 01:30:00,1.3324220180511475,0.8065592,0.90529895,0.62061
2018-11-28,2018-11-29 01:45:00,1.5152339935302734,0.98772186,1.0507691,0.7153434
2018-11-28,2018-11-29 02:00:00,1.6839840412139893,1.1756638,1.2104299,0.8020392
2018-11-28,2018-11-29 02:15:00,1.8175779581069946,1.3732725,1.336013,0.8887464
2018-11-28,2018-11-29 02:30:00,1.9863280057907104,1.5365231,1.4959865,1.0423867
2018-11-28,2018-11-29 02:45:00,2.067188024520874,1.6611334,1.6249611,1.0987152
2018-11-28,2018-11-29 03:00:00,2.2183589935302734,1.8247143,1.7535353,1.2018396
2018-11-28,2018-11-29 03:15:00,2.348438024520874,1.9090042,1.7863443,1.3096124
2018-11-28,2018-11-29 03:30:00,2.3941400051116943,2.0025215,1.9106767,1.391788
2018-11-28,2018-11-29 03:45:00,2.348438024520874,2.0573156,1.9988666,1.4107487
2018-11-28,2018-11-29 04:00:00,2.460937976837158,2.1348462,2.0510023,1.4879985
2018-11-28,2018-11-29 04:15:00,2.4363279342651367,2.1359007,2.0369704,1.5053494
2018-11-28,2018-11-29 04:30:00,2.3695309162139893,2.1526074,2.0831606,1.5014595
2018-11-28,2018-11-29 04:45:00,2.3238279819488525,2.1176274,1.9872824,1.5110466
2018-11-28,2018-11-29 05:00:00,2.25,2.0640085,1.9210109,1.3614349
2018-11-28,2018-11-29 05:15:00,2.144531011581421,2.0040262,1.8025692,1.4039118
2018-11-28,2018-11-29 05:30:00,2.091797113418579,1.8736544,1.7350007,1.3070763
2018-11-28,2018-11-29 05:45:00,1.9582029581069946,1.7233329,1.6055713,1.109019
2018-11-28,2018-11-29 06:00:00,1.8246090412139893,1.5692484,1.5427763,1.2311921
2018-11-28,2018-11-29 06:15:00,1.6277339458465576,1.4584779,1.3536062,1.0457444
2018-11-28,2018-11-29 06:30:00,1.40625,1.2975115,1.2213491,1.0143847
2018-11-28,2018-11-29 06:45:00,1.3429689407348633,1.1004466,1.0897821,0.75154895
2018-11-28,2018-11-29 07:00:00,1.068750023841858,0.9572106,0.88395727,0.70202816
2018-11-28,2018-11-29 07:15:00,0.8964840173721313,0.8178515,0.7678407,0.55159724
2018-11-28,2018-11-29 07:30:00,0.6996089816093445,0.63915795,0.5981608,0.5106298
2018-11-28,2018-11-29 07:45:00,0.5097659826278687,0.493207,0.4840153,0.42952347
2018-11-28,2018-11-29 08:00:00,0.35859400033950806,0.3687971,0.34860623,0.25451183
2018-11-28,2018-11-29 08:15:00,0.21796900033950806,0.27889842,0.30713585,0.15579838
2018-11-28,2018-11-29 08:30:00,0.10898400098085403,0.12792537,0.12052268,0.08737872
2018-11-28,2018-11-29 08:45:00,0.0,0.07473863,0.013249424,0.108165905
2018-11-28,2018-11-29 09:00:00,0.0,0.050231475,0.0,0.0
2018-11-28,2018-11-29 09:15:00,0.0,0.013077376,0.0,0.0
2018-11-28,2018-11-29 09:30:00,0.0,0.00184368,0.0,0.0
2018-11-28,2018-11-29 09:45:00,0.0,0.0,0.0,0.0
2018-11-28,2018-11-29 10:00:00,0.0,0.033668354,0.0,0.0
2018-11-28,2018-11-29 10:15:00,0.0,0.010546987,0.0,0.0
2018-11-28,2018-11-29 10:30:00,0.0,0.021310978,0.0,0.0
2018-11-28,2018-11-29 10:45:00,0.0,0.03253031,0.0,0.0
2018-11-28,2018-11-29 11:00:00,0.0,0.0147742545,0.0,0.0
2018-11-28,2018-11-29 11:15:00,0.0,0.040945653,0.0,0.0
2018-11-28,2018-11-29 11:30:00,0.0,0.04419129,0.0,0.0
2018-11-28,2018-11-29 11:45:00,0.0,0.014404975,0.0,0.05610118
2018-11-28,2018-11-29 12:00:00,0.0,0.038714115,0.0,0.112162694
2018-11-28,2018-11-29 12:15:00,0.0,0.03516592,0.0,0.0137825
2018-11-28,2018-11-29 12:30:00,0.0,0.029591016,0.0,0.07248271
2018-11-28,2018-11-29 12:45:00,0.0,0.0053287884,0.0,0.13892134
2018-11-28,2018-11-29 13:00:00,0.0,0.0,0.0,0.097237326
2018-11-28,2018-11-29 13:15:00,0.0,0.0,0.0,0.18019395
2018-11-28,2018-11-29 13:30:00,0.0,0.0,0.0,0.34907043
2018-11-28,2018-11-29 13:45:00,0.0,0.0,0.0,0.26104924
2018-11-28,2018-11-29 14:00:00,0.0,0.0,0.0,0.1553813
2018-11-28,2018-11-29 14:15:00,0.0,0.0,0.0,0.19361024
2018-11-28,2018-11-29 14:30:00,0.0,0.0,0.0,0.31704155
2018-11-28,2018-11-29 14:45:00,0.0,0.0,0.0,0.20943876
2018-11-28,2018-11-29 15:00:00,0.0,0.0,0.0,0.099914856
2018-11-28,2018-11-29 15:15:00,0.0,0.005586819,0.0,0.1276689
2018-11-28,2018-11-29 15:30:00,0.0,0.016496439,0.0,0.09946914
2018-11-28,2018-11-29 15:45:00,0.0,0.0,0.0,0.07977587
2018-11-28,2018-11-29 16:00:00,0.0,0.0042318967,0.0,0.18939528
2018-11-28,2018-11-29 16:15:00,0.0,0.011863516,0.0,0.11457598
2018-11-28,2018-11-29 16:30:00,0.0,0.0,0.0,0.005563394
2018-11-28,2018-11-29 16:45:00,0.0,0.014733269,0.0,0.007433832
2018-11-28,2018-11-29 17:00:00,0.0,0.016799487,0.0,0.0
2018-11-28,2018-11-29 17:15:00,0.0,0.018670162,0.0,0.0
2018-11-28,2018-11-29 17:30:00,0.0,0.04530386,0.0,0.0
2018-11-28,2018-11-29 17:45:00,0.0,0.031199154,0.0,0.0
2018-11-28,2018-11-29 18:00:00,0.0,0.019007262,0.0,0.0
2018-11-28,2018-11-29 18:15:00,0.0,0.018355241,0.0,0.0
2018-11-28,2018-11-29 18:30:00,0.0,0.013340591,0.0,0.0
2018-11-28,2018-11-29 18:45:00,0.0,0.034745123,0.0,0.11112825
2018-11-28,2018-11-29 19:00:00,0.0,0.035891067,0.0,0.0757561
2018-11-28,2018-11-29 19:15:00,0.0,0.04732395,0.0,0.0557276
2018-11-28,2018-11-29 19:30:00,0.0,0.044111088,0.0,0.13370459
2018-11-28,2018-11-29 19:45:00,0.0,0.030195137,0.0,0.0890326
2018-11-28,2018-11-29 20:00:00,0.0,0.035385005,0.0,0.10656476
2018-11-28,2018-11-29 20:15:00,0.0,0.0,0.0,0.25193754
2018-11-28,2018-11-29 20:30:00,0.0,0.011216969,0.0,0.18526126
2018-11-28,2018-11-29 20:45:00,0.0,0.0017064863,0.0,0.21761253
2018-11-28,2018-11-29 21:00:00,0.0,0.00025768066,0.0,0.20058373
2018-11-28,2018-11-29 21:15:00,0.0,0.0025967231,0.0,0.16762324
2018-11-28,2018-11-29 21:30:00,0.0,0.013520417,0.0,0.32355458
2018-11-28,2018-11-29 21:45:00,0.0,0.01312118,0.0,0.22160143
2018-11-28,2018-11-29 22:00:00,0.0,0.0,0.0,0.12132725
2018-11-28,2018-11-29 22:15:00,0.0,0.0,0.0,0.1475332
2018-11-28,2018-11-29 22:30:00,0.0,0.0,0.0,0.15952922
2018-11-28,2018-11-29 22:45:00,0.0,0.0,0.0,0.21808057
2018-11-28,2018-11-29 23:00:00,0.0,0.0,0.0,0.20998232
2018-11-28,2018-11-29 23:15:00,0.0,0.0,0.0,0.20178145
2018-11-28,2018-11-29 23:30:00,0.014062000438570976,0.03037488,0.0,0.25863945
2018-11-28,2018-11-29 23:45:00,0.1054690033197403,0.03981088,0.0,0.31472862
2018-11-29,2018-11-30 00:00:00,0.22499999403953552,0.038912147,0.22485173,0.28219646
2018-11-29,2018-11-30 00:15:00,0.3550780117511749,0.17142963,0.33402774,0.39976892
2018-11-29,2018-11-30 00:30:00,0.513280987739563,0.22268236,0.43497896,0.55478287
2018-11-29,2018-11-30 00:45:00,0.675000011920929,0.3093431,0.56700206,0.72901136
2018-11-29,2018-11-30 01:00:00,0.8261719942092896,0.4314332,0.649793,0.85911286
2018-11-29,2018-11-30 01:15:00,0.956250011920929,0.6020003,0.7720169,0.9084813
2018-11-29,2018-11-30 01:30:00,0.984375,0.71024317,0.9207144,1.1806271
2018-11-29,2018-11-30 01:45:00,0.9175779819488525,0.8635118,1.0529386,1.2804708
2018-11-29,2018-11-30 02:00:00,1.1917970180511475,1.0181552,1.1996574,1.3287394
2018-11-29,2018-11-30 02:15:00,1.2761720418930054,1.1824358,1.3110238,1.4342189
2018-11-29,2018-11-30 02:30:00,1.5996090173721313,1.3167751,1.456906,1.6138672
2018-11-29,2018-11-30 02:45:00,1.9582029581069946,1.415471,1.567562,1.6538742
2018-11-29,2018-11-30 03:00:00,2.0636720657348633,1.5511174,1.6793343,1.7249866
2018-11-29,2018-11-30 03:15:00,2.214843988418579,1.6238401,1.7026757,1.7794886
2018-11-29,2018-11-30 03:30:00,2.2359371185302734,1.7023228,1.8097665,1.8231598
2018-11-29,2018-11-30 03:45:00,2.3238279819488525,1.7438312,1.8859475,1.7806627
2018-11-29,2018-11-30 04:00:00,2.3238279819488525,1.8144224,1.9301374,1.8447671
2018-11-29,2018-11-30 04:15:00,2.3062500953674316,1.8168079,1.9026705,1.8035917
2018-11-29,2018-11-30 04:30:00,2.3238279819488525,1.8346148,1.9482808,1.7107838
2018-11-29,2018-11-30 04:45:00,2.0179688930511475,1.804327,1.8460925,1.6178085
2018-11-29,2018-11-30 05:00:00,1.589061975479126,1.7640775,1.7805583,1.4197745
2018-11-29,2018-11-30 05:15:00,1.975780963897705,1.7076783,1.6648046,1.5017539
2018-11-29,2018-11-30 05:30:00,1.680469036102295,1.5949316,1.5924088,1.275479
2018-11-29,2018-11-30 05:45:00,1.5257810354232788,1.459887,1.4689767,1.120748
2018-11-29,2018-11-30 06:00:00,1.6699219942092896,1.3219155,1.4138958,1.1618767
2018-11-29,2018-11-30 06:15:00,1.490625023841858,1.2274561,1.2293676,1.0388503
2018-11-29,2018-11-30 06:30:00,1.4167970418930054,1.0816218,1.1013587,0.95602715
2018-11-29,2018-11-30 06:45:00,0.9808589816093445,0.911253,0.9784983,0.64563376
2018-11-29,2018-11-30 07:00:00,0.8507810235023499,0.7857842,0.7822003,0.5995265
2018-11-29,2018-11-30 07:15:00,0.5730469822883606,0.6696288,0.6776326,0.46568993
2018-11-29,2018-11-30 07:30:00,0.37968701124191284,0.5156113,0.51708543,0.41296417
2018-11-29,2018-11-30 07:45:00,0.24257799983024597,0.39107272,0.41140148,0.35273373
2018-11-29,2018-11-30 08:00:00,0.2460940033197403,0.2929291,0.28932738,0.26694265
2018-11-29,2018-11-30 08:15:00,0.1757809966802597,0.21697062,0.25388336,0.12334703
2018-11-29,2018-11-30 08:30:00,0.03515600040555,0.092003316,0.08107845,0.07171604
2018-11-29,2018-11-30 08:45:00,0.010546999983489513,0.04983333,0.0,0.09800574
2018-11-29,2018-11-30 09:00:00,0.0,0.04316686,0.0,0.0
2018-11-29,2018-11-30 09:15:00,0.0,0.009856677,0.0,0.0
2018-11-29,2018-11-30 09:30:00,0.0,0.00014262555,0.0,0.0
2018-11-29,2018-11-30 09:45:00,0.0,0.0023913851,0.0,0.0
2018-11-29,2018-11-30 10:00:00,0.0,0.03106266,0.0,0.0
2018-11-29,2018-11-30 10:15:00,0.0,0.013464782,0.0,0.0
2018-11-29,2018-11-30 10:30:00,0.0,0.022623083,0.0,0.0
2018-11-29,2018-11-30 10:45:00,0.0,0.02822091,0.0,0.0
2018-11-29,2018-11-30 11:00:00,0.0,0.029008335,0.0,0.009662737
2018-11-29,2018-11-30 11:15:00,0.0,0.045476772,0.0,0.0
2018-11-29,2018-11-30 11:30:00,0.0,0.052054748,0.0,0.0
2018-11-29,2018-11-30 11:45:00,0.0,0.026308818,0.0,0.07940918
2018-11-29,2018-11-30 12:00:00,0.0,0.046921007,0.0,0.10325292
2018-11-29,2018-11-30 12:15:00,0.0,0.05302037,0.0,0.14348544
2018-11-29,2018-11-30 12:30:00,0.0,0.051146608,0.0,0.06560229
2018-11-29,2018-11-30 12:45:00,0.0,0.03157399,0.0,0.14239287
2018-11-29,2018-11-30 13:00:00,0.0,0.021477614,0.0,0.13976307
2018-11-29,2018-11-30 13:15:00,0.0,0.0026349926,0.0,0.19619204
2018-11-29,2018-11-30 13:30:00,0.0,0.0,0.0,0.36350256
2018-11-29,2018-11-30 13:45:00,0.0,0.0,0.0,0.30478027
2018-11-29,2018-11-30 14:00:00,0.0,0.0,0.0,0.1293849
2018-11-29,2018-11-30 14:15:00,0.0,0.0010215874,0.0,0.15827322
2018-11-29,2018-11-30 14:30:00,0.0,0.0,0.0,0.25300688
2018-11-29,2018-11-30 14:45:00,0.0,0.0,0.0,0.15175602
2018-11-29,2018-11-30 15:00:00,0.0,0.0,0.0,0.048347306
2018-11-29,2018-11-30 15:15:00,0.0,0.008601666,0.0,0.14395648
2018-11-29,2018-11-30 15:30:00,0.0,0.011299824,0.0,0.07157138
2018-11-29,2018-11-30 15:45:00,0.0,0.0,0.0,0.04833284
2018-11-29,2018-11-30 16:00:00,0.0,0.0075353696,0.0,0.15286389
2018-11-29,2018-11-30 16:15:00,0.0,0.010964309,0.0,0.113039546
2018-11-29,2018-11-30 16:30:00,0.0,0.0,0.0,0.06106194
2018-11-29,2018-11-30 16:45:00,0.0,0.021688549,0.0,0.03532222
2018-11-29,2018-11-30 17:00:00,0.0,0.019600643,0.0,0.0
2018-11-29,2018-11-30 17:15:00,0.0,0.027450193,0.0,0.057639457
2018-11-29,2018-11-30 17:30:00,0.0,0.05518605,0.0,0.0
2018-11-29,2018-11-30 17:45:00,0.0,0.039618507,0.0,0.0
2018-11-29,2018-11-30 18:00:00,0.0,0.03188821,0.0,0.0
2018-11-29,2018-11-30 18:15:00,0.0,0.030419692,0.0,0.0
2018-11-29,2018-11-30 18:30:00,0.0,0.01933605,0.0,0.039918713
2018-11-29,2018-11-30 18:45:00,0.0,0.040604457,0.0,0.13129264
2018-11-29,2018-11-30 19:00:00,0.0,0.03857268,0.0,0.0
2018-11-29,2018-11-30 19:15:00,0.0,0.043495566,0.0,0.0
2018-11-29,2018-11-30 19:30:00,0.0,0.04062244,0.0,0.07464682
2018-11-29,2018-11-30 19:45:00,0.0,0.022898192,0.0,0.0
2018-11-29,2018-11-30 20:00:00,0.0,0.025690582,0.0,0.0
2018-11-29,2018-11-30 20:15:00,0.0,0.0,0.0,0.043264776
2018-11-29,2018-11-30 20:30:00,0.0,0.0036673201,0.0,0.0
2018-11-29,2018-11-30 20:45:00,0.0,0.0,0.0,0.041969977
2018-11-29,2018-11-30 21:00:00,0.0,0.0,0.0,0.0
2018-11-29,2018-11-30 21:15:00,0.0,0.0,0.0,0.0
2018-11-29,2018-11-30 21:30:00,0.0,0.0,0.0,0.013509677
2018-11-29,2018-11-30 21:45:00,0.0,0.00057128404,0.0,0.0
2018-11-29,2018-11-30 22:00:00,0.0,0.0,0.0,0.0
2018-11-29,2018-11-30 22:15:00,0.0,0.0,0.0,0.0
2018-11-29,2018-11-30 22:30:00,0.0,0.0,0.0,0.0
2018-11-29,2018-11-30 22:45:00,0.0,0.0,0.0,0.06800389
2018-11-29,2018-11-30 23:00:00,0.0,0.0,0.0,0.14072025
2018-11-29,2018-11-30 23:15:00,0.0,0.0,0.0,0.10887641
2018-11-29,2018-11-30 23:30:00,0.0,0.033083573,0.0,0.22926444
2018-11-29,2018-11-30 23:45:00,0.0,0.037343368,0.02775248,0.4282693
