起报时间,预报时间,实际功率 (MW),PureLSTM预测功率 (MW)
2019-02-21,2019-02-22 00:00:00,0.2355470061302185,0.0
2019-02-21,2019-02-22 00:15:00,0.3621090054512024,0.06296209990978241
2019-02-21,2019-02-22 00:30:00,0.40781301259994507,0.19995732605457306
2019-02-21,2019-02-22 00:45:00,0.5484369993209839,0.38048431277275085
2019-02-21,2019-02-22 01:00:00,0.5765630006790161,0.5082941651344299
2019-02-21,2019-02-22 01:15:00,0.6468750238418579,0.6254799365997314
2019-02-21,2019-02-22 01:30:00,0.7382810115814209,0.8180126547813416
2019-02-21,2019-02-22 01:45:00,1.0546879768371582,0.92476886510849
2019-02-21,2019-02-22 02:00:00,1.2937500476837158,1.021911859512329
2019-02-21,2019-02-22 02:15:00,1.6628910303115845,1.167661190032959
2019-02-21,2019-02-22 02:30:00,2.021483898162842,1.305825114250183
2019-02-21,2019-02-22 02:45:00,1.8140619993209839,1.4441914558410645
2019-02-21,2019-02-22 03:00:00,1.9722659587860107,1.4813193082809448
2019-02-21,2019-02-22 03:15:00,1.9968750476837158,1.6215062141418457
2019-02-21,2019-02-22 03:30:00,1.6628910303115845,1.7103432416915894
2019-02-21,2019-02-22 03:45:00,1.652343988418579,1.778117060661316
2019-02-21,2019-02-22 04:00:00,1.884374976158142,1.842224359512329
2019-02-21,2019-02-22 04:15:00,2.010936975479126,1.8692164421081543
2019-02-21,2019-02-22 04:30:00,2.26406192779541,1.8993531465530396
2019-02-21,2019-02-22 04:45:00,2.1656250953674316,1.9168025255203247
2019-02-21,2019-02-22 05:00:00,2.366015911102295,1.9047240018844604
2019-02-21,2019-02-22 05:15:00,2.3449220657348633,1.8692576885223389
2019-02-21,2019-02-22 05:30:00,1.8070310354232788,1.8991843461990356
2019-02-21,2019-02-22 05:45:00,1.6769529581069946,1.7939479351043701
2019-02-21,2019-02-22 06:00:00,2.0531249046325684,1.7588526010513306
2019-02-21,2019-02-22 06:15:00,2.5910160541534424,1.677112102508545
2019-02-21,2019-02-22 06:30:00,1.7156250476837158,1.5900826454162598
2019-02-21,2019-02-22 06:45:00,1.5011719465255737,1.4850940704345703
2019-02-21,2019-02-22 07:00:00,1.3394529819488525,1.3583050966262817
2019-02-21,2019-02-22 07:15:00,1.2621090412139893,1.347791075706482
2019-02-21,2019-02-22 07:30:00,1.082811951637268,1.1390396356582642
2019-02-21,2019-02-22 07:45:00,1.0230469703674316,1.0454349517822266
2019-02-21,2019-02-22 08:00:00,1.4589840173721313,0.9033121466636658
2019-02-21,2019-02-22 08:15:00,1.6769529581069946,0.8131338357925415
2019-02-21,2019-02-22 08:30:00,1.5644530057907104,0.6998997926712036
2019-02-21,2019-02-22 08:45:00,1.1531250476837158,0.5960688591003418
2019-02-21,2019-02-22 09:00:00,0.5203120112419128,0.4520381987094879
2019-02-21,2019-02-22 09:15:00,0.1863279938697815,0.4016285240650177
2019-02-21,2019-02-22 09:30:00,0.16523399949073792,0.2874024510383606
2019-02-21,2019-02-22 09:45:00,0.09492199867963791,0.21159087121486664
2019-02-21,2019-02-22 10:00:00,0.0,0.14686764776706696
2019-02-21,2019-02-22 10:15:00,0.0,0.06760121881961823
2019-02-21,2019-02-22 10:30:00,0.0,0.016323816031217575
2019-02-21,2019-02-22 10:45:00,0.0,0.0
2019-02-21,2019-02-22 11:00:00,0.0,0.0
2019-02-21,2019-02-22 11:15:00,0.0,0.0
2019-02-21,2019-02-22 11:30:00,0.0,0.0
2019-02-21,2019-02-22 11:45:00,0.0,0.0
2019-02-21,2019-02-22 12:00:00,0.0,0.0
2019-02-21,2019-02-22 12:15:00,0.0,0.0
2019-02-21,2019-02-22 12:30:00,0.0,0.0
2019-02-21,2019-02-22 12:45:00,0.0,0.0
2019-02-21,2019-02-22 13:00:00,0.0,0.0
2019-02-21,2019-02-22 13:15:00,0.0,0.0
2019-02-21,2019-02-22 13:30:00,0.0,0.0
2019-02-21,2019-02-22 13:45:00,0.0,0.0
2019-02-21,2019-02-22 14:00:00,0.0,0.0216844342648983
2019-02-21,2019-02-22 14:15:00,0.0,0.03581426665186882
2019-02-21,2019-02-22 14:30:00,0.0,0.009138129651546478
2019-02-21,2019-02-22 14:45:00,0.0,0.0
2019-02-21,2019-02-22 15:00:00,0.0,0.0780116468667984
2019-02-21,2019-02-22 15:15:00,0.0,0.055740583688020706
2019-02-21,2019-02-22 15:30:00,0.0,0.0
2019-02-21,2019-02-22 15:45:00,0.0,0.012388629838824272
2019-02-21,2019-02-22 16:00:00,0.0,0.06768584251403809
2019-02-21,2019-02-22 16:15:00,0.0,0.0709344819188118
2019-02-21,2019-02-22 16:30:00,0.0,0.05352851375937462
2019-02-21,2019-02-22 16:45:00,0.0,0.0
2019-02-21,2019-02-22 17:00:00,0.0,0.03407347574830055
2019-02-21,2019-02-22 17:15:00,0.0,0.0
2019-02-21,2019-02-22 17:30:00,0.0,0.047660842537879944
2019-02-21,2019-02-22 17:45:00,0.0,0.0
2019-02-21,2019-02-22 18:00:00,0.0,0.012444840744137764
2019-02-21,2019-02-22 18:15:00,0.0,0.006738913245499134
2019-02-21,2019-02-22 18:30:00,0.0,0.0
2019-02-21,2019-02-22 18:45:00,0.0,0.0
2019-02-21,2019-02-22 19:00:00,0.0,0.0
2019-02-21,2019-02-22 19:15:00,0.0,0.0
2019-02-21,2019-02-22 19:30:00,0.0,0.0
2019-02-21,2019-02-22 19:45:00,0.0,0.0
2019-02-21,2019-02-22 20:00:00,0.0,0.0
2019-02-21,2019-02-22 20:15:00,0.0,0.0
2019-02-21,2019-02-22 20:30:00,0.0,0.0
2019-02-21,2019-02-22 20:45:00,0.0,0.0
2019-02-21,2019-02-22 21:00:00,0.0,0.0
2019-02-21,2019-02-22 21:15:00,0.0,0.0
2019-02-21,2019-02-22 21:30:00,0.0,0.0
2019-02-21,2019-02-22 21:45:00,0.0,0.0
2019-02-21,2019-02-22 22:00:00,0.0,0.0
2019-02-21,2019-02-22 22:15:00,0.0,0.0
2019-02-21,2019-02-22 22:30:00,0.0,0.0
2019-02-21,2019-02-22 22:45:00,0.0,0.03195473924279213
2019-02-21,2019-02-22 23:00:00,0.0,0.07059933990240097
2019-02-21,2019-02-22 23:15:00,0.007031000219285488,0.12880276143550873
2019-02-21,2019-02-22 23:30:00,0.10898400098085403,0.21829453110694885
2019-02-21,2019-02-22 23:45:00,0.21796900033950806,0.31281426548957825
2019-02-22,2019-02-23 00:00:00,0.3515619933605194,0.5257059931755066
2019-02-22,2019-02-23 00:15:00,0.5203120112419128,0.6616418361663818
2019-02-22,2019-02-23 00:30:00,0.7347660064697266,0.8441659808158875
2019-02-22,2019-02-23 00:45:00,0.9949219822883606,1.0942389965057373
2019-02-22,2019-02-23 01:00:00,1.2410160303115845,1.2386854887008667
2019-02-22,2019-02-23 01:15:00,1.4800779819488525,1.441141963005066
2019-02-22,2019-02-23 01:30:00,1.7121089696884155,1.700913429260254
2019-02-22,2019-02-23 01:45:00,2.003906011581421,1.8712881803512573
2019-02-22,2019-02-23 02:00:00,2.267577886581421,1.9812294244766235
2019-02-22,2019-02-23 02:15:00,2.5769529342651367,2.1909358501434326
2019-02-22,2019-02-23 02:30:00,2.784374952316284,2.369597911834717
2019-02-22,2019-02-23 02:45:00,3.005858898162842,2.56750750541687
2019-02-22,2019-02-23 03:00:00,3.128906011581421,2.625736713409424
2019-02-22,2019-02-23 03:15:00,3.1746089458465576,2.7512197494506836
2019-02-22,2019-02-23 03:30:00,3.364453077316284,2.955303907394409
2019-02-22,2019-02-23 03:45:00,3.4558589458465576,2.996103525161743
2019-02-22,2019-02-23 04:00:00,3.533202886581421,3.0340352058410645
2019-02-22,2019-02-23 04:15:00,3.6140620708465576,3.108701467514038
2019-02-22,2019-02-23 04:30:00,3.6070311069488525,3.1113672256469727
2019-02-22,2019-02-23 04:45:00,3.3433589935302734,3.1358330249786377
2019-02-22,2019-02-23 05:00:00,3.4066410064697266,3.1330947875976562
2019-02-22,2019-02-23 05:15:00,3.5718750953674316,3.0694055557250977
2019-02-22,2019-02-23 05:30:00,3.4945309162139893,3.01336669921875
2019-02-22,2019-02-23 05:45:00,3.2906250953674316,2.8886163234710693
2019-02-22,2019-02-23 06:00:00,3.3539059162139893,2.7901744842529297
2019-02-22,2019-02-23 06:15:00,3.244921922683716,2.699317693710327
2019-02-22,2019-02-23 06:30:00,2.946094036102295,2.5314888954162598
2019-02-22,2019-02-23 06:45:00,2.960155963897705,2.333596706390381
2019-02-22,2019-02-23 07:00:00,2.6332030296325684,2.141568183898926
2019-02-22,2019-02-23 07:15:00,2.3871090412139893,2.068183422088623
2019-02-22,2019-02-23 07:30:00,2.102344036102295,1.823224663734436
2019-02-22,2019-02-23 07:45:00,1.919530987739563,1.6345311403274536
2019-02-22,2019-02-23 08:00:00,1.5082030296325684,1.3438555002212524
2019-02-22,2019-02-23 08:15:00,1.272655963897705,1.1701903343200684
2019-02-22,2019-02-23 08:30:00,1.0371090173721313,0.9996038675308228
2019-02-22,2019-02-23 08:45:00,0.7136719822883606,0.8203487396240234
2019-02-22,2019-02-23 09:00:00,0.471094012260437,0.668345034122467
2019-02-22,2019-02-23 09:15:00,0.31992200016975403,0.5657104253768921
2019-02-22,2019-02-23 09:30:00,0.1863279938697815,0.3693867325782776
2019-02-22,2019-02-23 09:45:00,0.014062000438570976,0.28586819767951965
2019-02-22,2019-02-23 10:00:00,0.0,0.1692192107439041
2019-02-22,2019-02-23 10:15:00,0.0,0.049076274037361145
2019-02-22,2019-02-23 10:30:00,0.0,0.0004181652911938727
2019-02-22,2019-02-23 10:45:00,0.0,0.0
2019-02-22,2019-02-23 11:00:00,0.0,0.0
2019-02-22,2019-02-23 11:15:00,0.0,0.0
2019-02-22,2019-02-23 11:30:00,0.0,0.0
2019-02-22,2019-02-23 11:45:00,0.0,0.0
2019-02-22,2019-02-23 12:00:00,0.0,0.0
2019-02-22,2019-02-23 12:15:00,0.0,0.0
2019-02-22,2019-02-23 12:30:00,0.0,0.0
2019-02-22,2019-02-23 12:45:00,0.0,0.0
2019-02-22,2019-02-23 13:00:00,0.0,0.0
2019-02-22,2019-02-23 13:15:00,0.0,0.0
2019-02-22,2019-02-23 13:30:00,0.0,0.0
2019-02-22,2019-02-23 13:45:00,0.0,0.01808970235288143
2019-02-22,2019-02-23 14:00:00,0.0,0.06574885547161102
2019-02-22,2019-02-23 14:15:00,0.0,0.03598494827747345
2019-02-22,2019-02-23 14:30:00,0.0,0.026956377550959587
2019-02-22,2019-02-23 14:45:00,0.0,0.00892057828605175
2019-02-22,2019-02-23 15:00:00,0.0,0.06833911687135696
2019-02-22,2019-02-23 15:15:00,0.0,0.10740963369607925
2019-02-22,2019-02-23 15:30:00,0.0,0.019584553316235542
2019-02-22,2019-02-23 15:45:00,0.0,0.11046044528484344
2019-02-22,2019-02-23 16:00:00,0.0,0.11282280087471008
2019-02-22,2019-02-23 16:15:00,0.0,0.06782638281583786
2019-02-22,2019-02-23 16:30:00,0.0,0.038518548011779785
2019-02-22,2019-02-23 16:45:00,0.0,0.0
2019-02-22,2019-02-23 17:00:00,0.0,0.035399530082941055
2019-02-22,2019-02-23 17:15:00,0.0,0.043632883578538895
2019-02-22,2019-02-23 17:30:00,0.0,0.017116548493504524
2019-02-22,2019-02-23 17:45:00,0.0,0.0
2019-02-22,2019-02-23 18:00:00,0.0,0.0
2019-02-22,2019-02-23 18:15:00,0.0,0.026429839432239532
2019-02-22,2019-02-23 18:30:00,0.0,0.0
2019-02-22,2019-02-23 18:45:00,0.0,0.0
2019-02-22,2019-02-23 19:00:00,0.0,0.0
2019-02-22,2019-02-23 19:15:00,0.0,0.0
2019-02-22,2019-02-23 19:30:00,0.0,0.00591277377679944
2019-02-22,2019-02-23 19:45:00,0.0,0.0
2019-02-22,2019-02-23 20:00:00,0.0,0.0
2019-02-22,2019-02-23 20:15:00,0.0,0.0
2019-02-22,2019-02-23 20:30:00,0.0,0.0
2019-02-22,2019-02-23 20:45:00,0.0,0.0
2019-02-22,2019-02-23 21:00:00,0.0,0.0
2019-02-22,2019-02-23 21:15:00,0.0,0.0
2019-02-22,2019-02-23 21:30:00,0.0,0.0
2019-02-22,2019-02-23 21:45:00,0.0,0.0
2019-02-22,2019-02-23 22:00:00,0.0,0.0
2019-02-22,2019-02-23 22:15:00,0.0,0.0
2019-02-22,2019-02-23 22:30:00,0.0,0.0
2019-02-22,2019-02-23 22:45:00,0.0,0.0
2019-02-22,2019-02-23 23:00:00,0.0,0.06647196412086487
2019-02-22,2019-02-23 23:15:00,0.03515600040555,0.1555103212594986
2019-02-22,2019-02-23 23:30:00,0.13359400629997253,0.2539137005805969
2019-02-22,2019-02-23 23:45:00,0.22851599752902985,0.38012516498565674
2019-02-23,2019-02-24 00:00:00,0.4007810056209564,0.4645910859107971
2019-02-23,2019-02-24 00:15:00,0.5730469822883606,0.6169500946998596
2019-02-23,2019-02-24 00:30:00,0.7699220180511475,0.7802575826644897
2019-02-23,2019-02-24 00:45:00,0.956250011920929,1.0762275457382202
2019-02-23,2019-02-24 01:00:00,1.209375023841858,1.2228063344955444
2019-02-23,2019-02-24 01:15:00,1.4660160541534424,1.409762978553772
2019-02-23,2019-02-24 01:30:00,1.6136720180511475,1.7114793062210083
2019-02-23,2019-02-24 01:45:00,1.8808590173721313,1.895503282546997
2019-02-23,2019-02-24 02:00:00,2.0777339935302734,2.0192441940307617
2019-02-23,2019-02-24 02:15:00,1.9968750476837158,2.2386019229888916
2019-02-23,2019-02-24 02:30:00,2.3589839935302734,2.4130303859710693
2019-02-23,2019-02-24 02:45:00,2.5804688930511475,2.6416897773742676
2019-02-23,2019-02-24 03:00:00,2.3519530296325684,2.685990571975708
2019-02-23,2019-02-24 03:15:00,2.0531249046325684,2.855252504348755
2019-02-23,2019-02-24 03:30:00,2.26406192779541,3.085949420928955
2019-02-23,2019-02-24 03:45:00,1.9582029581069946,3.119281530380249
2019-02-23,2019-02-24 04:00:00,1.497655987739563,3.1705129146575928
2019-02-23,2019-02-24 04:15:00,1.6347659826278687,3.2629523277282715
2019-02-23,2019-02-24 04:30:00,2.1410160064697266,3.2729737758636475
2019-02-23,2019-02-24 04:45:00,1.9230469465255737,3.3098983764648438
2019-02-23,2019-02-24 05:00:00,2.489063024520874,3.2795886993408203
2019-02-23,2019-02-24 05:15:00,2.242969036102295,3.2173402309417725
2019-02-23,2019-02-24 05:30:00,1.6101560592651367,3.1352691650390625
2019-02-23,2019-02-24 05:45:00,1.9968750476837158,3.01973819732666
2019-02-23,2019-02-24 06:00:00,1.4695310592651367,2.902466297149658
2019-02-23,2019-02-24 06:15:00,1.314844012260437,2.8267476558685303
2019-02-23,2019-02-24 06:30:00,1.3816410303115845,2.6383121013641357
2019-02-23,2019-02-24 06:45:00,1.2937500476837158,2.3949179649353027
2019-02-23,2019-02-24 07:00:00,1.1425780057907104,2.2109222412109375
2019-02-23,2019-02-24 07:15:00,1.1636719703674316,2.144109010696411
2019-02-23,2019-02-24 07:30:00,1.117969036102295,1.8989496231079102
2019-02-23,2019-02-24 07:45:00,1.082811951637268,1.6697813272476196
2019-02-23,2019-02-24 08:00:00,0.8085939884185791,1.3732043504714966
2019-02-23,2019-02-24 08:15:00,0.6152340173721313,1.1984434127807617
2019-02-23,2019-02-24 08:30:00,0.46406298875808716,1.0165446996688843
2019-02-23,2019-02-24 08:45:00,0.33398398756980896,0.8247348666191101
2019-02-23,2019-02-24 09:00:00,0.2355470061302185,0.6639119386672974
2019-02-23,2019-02-24 09:15:00,0.16875000298023224,0.590417206287384
2019-02-23,2019-02-24 09:30:00,0.12656299769878387,0.37263745069503784
2019-02-23,2019-02-24 09:45:00,0.021093999966979027,0.2839861810207367
2019-02-23,2019-02-24 10:00:00,0.0,0.20107601583003998
2019-02-23,2019-02-24 10:15:00,0.0,0.08095777779817581
2019-02-23,2019-02-24 10:30:00,0.0,0.021036610007286072
2019-02-23,2019-02-24 10:45:00,0.0,0.0
2019-02-23,2019-02-24 11:00:00,0.0,0.0
2019-02-23,2019-02-24 11:15:00,0.0,0.0
2019-02-23,2019-02-24 11:30:00,0.0,0.0
2019-02-23,2019-02-24 11:45:00,0.0,0.0
2019-02-23,2019-02-24 12:00:00,0.0,0.0
2019-02-23,2019-02-24 12:15:00,0.0,0.0
2019-02-23,2019-02-24 12:30:00,0.0,0.0
2019-02-23,2019-02-24 12:45:00,0.0,0.0
2019-02-23,2019-02-24 13:00:00,0.0,0.0
2019-02-23,2019-02-24 13:15:00,0.0,0.0
2019-02-23,2019-02-24 13:30:00,0.0,0.011790978722274303
2019-02-23,2019-02-24 13:45:00,0.0,0.04654160514473915
2019-02-23,2019-02-24 14:00:00,0.0,0.12520161271095276
2019-02-23,2019-02-24 14:15:00,0.0,0.11272148787975311
2019-02-23,2019-02-24 14:30:00,0.0,0.0542764812707901
2019-02-23,2019-02-24 14:45:00,0.0,0.03370450437068939
2019-02-23,2019-02-24 15:00:00,0.0,0.11065259575843811
2019-02-23,2019-02-24 15:15:00,0.0,0.1657763570547104
2019-02-23,2019-02-24 15:30:00,0.0,0.05861753970384598
2019-02-23,2019-02-24 15:45:00,0.0,0.14252188801765442
2019-02-23,2019-02-24 16:00:00,0.0,0.15983828902244568
2019-02-23,2019-02-24 16:15:00,0.0,0.1127535030245781
2019-02-23,2019-02-24 16:30:00,0.0,0.043532878160476685
2019-02-23,2019-02-24 16:45:00,0.0,0.0
2019-02-23,2019-02-24 17:00:00,0.0,0.06728148460388184
2019-02-23,2019-02-24 17:15:00,0.0,0.0781606137752533
2019-02-23,2019-02-24 17:30:00,0.0,0.05509938672184944
2019-02-23,2019-02-24 17:45:00,0.0,0.0
2019-02-23,2019-02-24 18:00:00,0.0,0.004412256646901369
2019-02-23,2019-02-24 18:15:00,0.0,0.04712268337607384
2019-02-23,2019-02-24 18:30:00,0.0,0.0
2019-02-23,2019-02-24 18:45:00,0.0,0.0
2019-02-23,2019-02-24 19:00:00,0.0,0.0
2019-02-23,2019-02-24 19:15:00,0.0,0.0
2019-02-23,2019-02-24 19:30:00,0.0,0.0438619963824749
2019-02-23,2019-02-24 19:45:00,0.0,0.0
2019-02-23,2019-02-24 20:00:00,0.0,0.0
2019-02-23,2019-02-24 20:15:00,0.0,0.0
2019-02-23,2019-02-24 20:30:00,0.0,0.0
2019-02-23,2019-02-24 20:45:00,0.0,0.0
2019-02-23,2019-02-24 21:00:00,0.0,0.0
2019-02-23,2019-02-24 21:15:00,0.0,0.0
2019-02-23,2019-02-24 21:30:00,0.0,0.0
2019-02-23,2019-02-24 21:45:00,0.0,0.0
2019-02-23,2019-02-24 22:00:00,0.0,0.0
2019-02-23,2019-02-24 22:15:00,0.0,0.0
2019-02-23,2019-02-24 22:30:00,0.0,0.0
2019-02-23,2019-02-24 22:45:00,0.0,0.0
2019-02-23,2019-02-24 23:00:00,0.0,0.0
2019-02-23,2019-02-24 23:15:00,0.007031000219285488,0.018471037968993187
2019-02-23,2019-02-24 23:30:00,0.09140600264072418,0.13406163454055786
2019-02-23,2019-02-24 23:45:00,0.21445299685001373,0.2621038556098938
2019-02-24,2019-02-25 00:00:00,0.26718801259994507,0.2374948412179947
2019-02-24,2019-02-25 00:15:00,0.4781250059604645,0.3444597125053406
2019-02-24,2019-02-25 00:30:00,0.5730469822883606,0.4829707741737366
2019-02-24,2019-02-25 00:45:00,0.7277340292930603,0.7255873680114746
2019-02-24,2019-02-25 01:00:00,1.0089839696884155,0.8554230332374573
2019-02-24,2019-02-25 01:15:00,1.2269530296325684,1.0033655166625977
2019-02-24,2019-02-25 01:30:00,1.4308589696884155,1.2514362335205078
2019-02-24,2019-02-25 01:45:00,1.6664060354232788,1.3974980115890503
2019-02-24,2019-02-25 02:00:00,1.8562500476837158,1.4874063730239868
2019-02-24,2019-02-25 02:15:00,2.109375,1.6738324165344238
2019-02-24,2019-02-25 02:30:00,2.2113280296325684,1.831697940826416
2019-02-24,2019-02-25 02:45:00,2.3273439407348633,2.040847063064575
2019-02-24,2019-02-25 03:00:00,2.397655963897705,2.0767359733581543
2019-02-24,2019-02-25 03:15:00,2.548827886581421,2.2028584480285645
2019-02-24,2019-02-25 03:30:00,2.6085939407348633,2.3734517097473145
2019-02-24,2019-02-25 03:45:00,2.707031011581421,2.4195637702941895
2019-02-24,2019-02-25 04:00:00,2.742187976837158,2.4742045402526855
2019-02-24,2019-02-25 04:15:00,2.794922113418579,2.5407869815826416
2019-02-24,2019-02-25 04:30:00,2.777343988418579,2.566488742828369
2019-02-24,2019-02-25 04:45:00,2.707031011581421,2.592911958694458
2019-02-24,2019-02-25 05:00:00,2.6683590412139893,2.626868724822998
2019-02-24,2019-02-25 05:15:00,2.6261720657348633,2.5509636402130127
2019-02-24,2019-02-25 05:30:00,2.2886719703674316,2.5276260375976562
2019-02-24,2019-02-25 05:45:00,2.496093988418579,2.4140524864196777
2019-02-24,2019-02-25 06:00:00,2.496093988418579,2.344273328781128
2019-02-24,2019-02-25 06:15:00,2.373047113418579,2.2572977542877197
2019-02-24,2019-02-25 06:30:00,2.2464840412139893,2.1125094890594482
2019-02-24,2019-02-25 06:45:00,2.0425779819488525,1.967972755432129
2019-02-24,2019-02-25 07:00:00,1.9019529819488525,1.7841796875
2019-02-24,2019-02-25 07:15:00,1.736719012260437,1.734188437461853
2019-02-24,2019-02-25 07:30:00,1.4695310592651367,1.5072392225265503
2019-02-24,2019-02-25 07:45:00,0.8578130006790161,1.3557888269424438
2019-02-24,2019-02-25 08:00:00,1.1636719703674316,1.1088768243789673
2019-02-24,2019-02-25 08:15:00,0.6011719703674316,0.9487288594245911
2019-02-24,2019-02-25 08:30:00,0.6574220061302185,0.7958406805992126
2019-02-24,2019-02-25 08:45:00,0.5238280296325684,0.6484135389328003
2019-02-24,2019-02-25 09:00:00,0.3761720061302185,0.5114168524742126
2019-02-24,2019-02-25 09:15:00,0.1511719971895218,0.42749226093292236
2019-02-24,2019-02-25 09:30:00,0.09843800216913223,0.2760404944419861
2019-02-24,2019-02-25 09:45:00,0.010546999983489513,0.2145736962556839
2019-02-24,2019-02-25 10:00:00,0.0,0.12028210610151291
2019-02-24,2019-02-25 10:15:00,0.0,0.03320418298244476
2019-02-24,2019-02-25 10:30:00,0.0,0.0
2019-02-24,2019-02-25 10:45:00,0.0,0.0
2019-02-24,2019-02-25 11:00:00,0.0,0.0
2019-02-24,2019-02-25 11:15:00,0.0,0.0
2019-02-24,2019-02-25 11:30:00,0.0,0.0
2019-02-24,2019-02-25 11:45:00,0.0,0.0
2019-02-24,2019-02-25 12:00:00,0.0,0.0
2019-02-24,2019-02-25 12:15:00,0.0,0.0
2019-02-24,2019-02-25 12:30:00,0.0,0.0
2019-02-24,2019-02-25 12:45:00,0.0,0.0
2019-02-24,2019-02-25 13:00:00,0.0,0.0
2019-02-24,2019-02-25 13:15:00,0.0,0.0
2019-02-24,2019-02-25 13:30:00,0.0,0.0
2019-02-24,2019-02-25 13:45:00,0.0,0.014660515822470188
2019-02-24,2019-02-25 14:00:00,0.0,0.06664123386144638
2019-02-24,2019-02-25 14:15:00,0.0,0.05627435818314552
2019-02-24,2019-02-25 14:30:00,0.0,0.017332378774881363
2019-02-24,2019-02-25 14:45:00,0.0,0.0
2019-02-24,2019-02-25 15:00:00,0.0,0.07965855300426483
2019-02-24,2019-02-25 15:15:00,0.0,0.09976019710302353
2019-02-24,2019-02-25 15:30:00,0.0,0.022212756797671318
2019-02-24,2019-02-25 15:45:00,0.0,0.08408274501562119
2019-02-24,2019-02-25 16:00:00,0.0,0.12669821083545685
2019-02-24,2019-02-25 16:15:00,0.0,0.07938683032989502
2019-02-24,2019-02-25 16:30:00,0.0,0.04250635951757431
2019-02-24,2019-02-25 16:45:00,0.0,0.0
2019-02-24,2019-02-25 17:00:00,0.0,0.06611451506614685
2019-02-24,2019-02-25 17:15:00,0.0,0.044800471514463425
2019-02-24,2019-02-25 17:30:00,0.0,0.06680114567279816
2019-02-24,2019-02-25 17:45:00,0.0,0.0
2019-02-24,2019-02-25 18:00:00,0.0,0.0011554069351404905
2019-02-24,2019-02-25 18:15:00,0.0,0.03407232090830803
2019-02-24,2019-02-25 18:30:00,0.0,0.0
2019-02-24,2019-02-25 18:45:00,0.0,0.0
2019-02-24,2019-02-25 19:00:00,0.0,0.0018386752344667912
2019-02-24,2019-02-25 19:15:00,0.0,0.0
2019-02-24,2019-02-25 19:30:00,0.0,0.029836546629667282
2019-02-24,2019-02-25 19:45:00,0.0,0.0
2019-02-24,2019-02-25 20:00:00,0.0,0.0
2019-02-24,2019-02-25 20:15:00,0.0,0.0
2019-02-24,2019-02-25 20:30:00,0.0,0.0
2019-02-24,2019-02-25 20:45:00,0.0,0.0
2019-02-24,2019-02-25 21:00:00,0.0,0.0
2019-02-24,2019-02-25 21:15:00,0.0,0.0
2019-02-24,2019-02-25 21:30:00,0.0,0.0
2019-02-24,2019-02-25 21:45:00,0.0,0.0
2019-02-24,2019-02-25 22:00:00,0.0,0.0
2019-02-24,2019-02-25 22:15:00,0.0,0.0
2019-02-24,2019-02-25 22:30:00,0.0,0.0
2019-02-24,2019-02-25 22:45:00,0.0,0.0
2019-02-24,2019-02-25 23:00:00,0.0,0.019345493987202644
2019-02-24,2019-02-25 23:15:00,0.0,0.09792791306972504
2019-02-24,2019-02-25 23:30:00,0.05624999850988388,0.16725268959999084
2019-02-24,2019-02-25 23:45:00,0.20390599966049194,0.2733825743198395
2019-02-25,2019-02-26 00:00:00,0.23906299471855164,0.19647184014320374
2019-02-25,2019-02-26 00:15:00,0.28476598858833313,0.34242936968803406
2019-02-25,2019-02-26 00:30:00,0.330469012260437,0.5170331597328186
2019-02-25,2019-02-26 00:45:00,0.5660160183906555,0.7264553904533386
2019-02-25,2019-02-26 01:00:00,0.7277340292930603,0.8730311393737793
2019-02-25,2019-02-26 01:15:00,0.8050780296325684,0.9932698011398315
2019-02-25,2019-02-26 01:30:00,0.9316409826278687,1.1726351976394653
2019-02-25,2019-02-26 01:45:00,1.0863280296325684,1.3048932552337646
2019-02-25,2019-02-26 02:00:00,1.6980470418930054,1.4155471324920654
2019-02-25,2019-02-26 02:15:00,1.5011719465255737,1.5322909355163574
2019-02-25,2019-02-26 02:30:00,1.3183590173721313,1.6452527046203613
2019-02-25,2019-02-26 02:45:00,1.0968749523162842,1.793622374534607
2019-02-25,2019-02-26 03:00:00,0.9808589816093445,1.7768363952636719
2019-02-25,2019-02-26 03:15:00,1.3886719942092896,1.8626959323883057
2019-02-25,2019-02-26 03:30:00,1.7015620470046997,1.9695953130722046
2019-02-25,2019-02-26 03:45:00,1.771875023841858,1.9562504291534424
2019-02-25,2019-02-26 04:00:00,1.9863280057907104,1.9988555908203125
2019-02-25,2019-02-26 04:15:00,1.6558589935302734,1.9619317054748535
2019-02-25,2019-02-26 04:30:00,1.884374976158142,1.9822241067886353
2019-02-25,2019-02-26 04:45:00,1.771875023841858,1.932050347328186
2019-02-25,2019-02-26 05:00:00,2.1304690837860107,1.860385775566101
2019-02-25,2019-02-26 05:15:00,1.9054689407348633,1.728552222251892
2019-02-25,2019-02-26 05:30:00,1.7085939645767212,1.7293740510940552
2019-02-25,2019-02-26 05:45:00,1.490625023841858,1.5747579336166382
2019-02-25,2019-02-26 06:00:00,1.5714839696884155,1.5063694715499878
2019-02-25,2019-02-26 06:15:00,1.6699219942092896,1.3535890579223633
2019-02-25,2019-02-26 06:30:00,1.5257810354232788,1.2329515218734741
2019-02-25,2019-02-26 06:45:00,1.5644530057907104,1.1167670488357544
2019-02-25,2019-02-26 07:00:00,1.3429689407348633,0.9565956592559814
2019-02-25,2019-02-26 07:15:00,1.3535159826278687,0.9365682005882263
2019-02-25,2019-02-26 07:30:00,1.2374999523162842,0.7090052962303162
2019-02-25,2019-02-26 07:45:00,0.9808589816093445,0.6172714829444885
2019-02-25,2019-02-26 08:00:00,0.9316409826278687,0.4696112871170044
2019-02-25,2019-02-26 08:15:00,0.9140620231628418,0.42015498876571655
2019-02-25,2019-02-26 08:30:00,0.675000011920929,0.31958988308906555
2019-02-25,2019-02-26 08:45:00,0.5378909707069397,0.2330310344696045
2019-02-25,2019-02-26 09:00:00,0.40781301259994507,0.05667596310377121
2019-02-25,2019-02-26 09:15:00,0.29531198740005493,0.09239816665649414
2019-02-25,2019-02-26 09:30:00,0.1511719971895218,0.0
2019-02-25,2019-02-26 09:45:00,0.04570300132036209,0.0
2019-02-25,2019-02-26 10:00:00,0.0,0.0
2019-02-25,2019-02-26 10:15:00,0.0,0.0
2019-02-25,2019-02-26 10:30:00,0.0,0.0
2019-02-25,2019-02-26 10:45:00,0.0,0.0
2019-02-25,2019-02-26 11:00:00,0.0,0.0
2019-02-25,2019-02-26 11:15:00,0.0,0.0
2019-02-25,2019-02-26 11:30:00,0.0,0.0
2019-02-25,2019-02-26 11:45:00,0.0,0.0
2019-02-25,2019-02-26 12:00:00,0.0,0.0
2019-02-25,2019-02-26 12:15:00,0.0,0.0
2019-02-25,2019-02-26 12:30:00,0.0,0.0
2019-02-25,2019-02-26 12:45:00,0.0,0.0
2019-02-25,2019-02-26 13:00:00,0.0,0.0
2019-02-25,2019-02-26 13:15:00,0.0,0.0
2019-02-25,2019-02-26 13:30:00,0.0,0.016934428364038467
2019-02-25,2019-02-26 13:45:00,0.0,0.03719132021069527
2019-02-25,2019-02-26 14:00:00,0.0,0.06982648372650146
2019-02-25,2019-02-26 14:15:00,0.0,0.07761533558368683
2019-02-25,2019-02-26 14:30:00,0.0,0.02315794676542282
2019-02-25,2019-02-26 14:45:00,0.0,0.0
2019-02-25,2019-02-26 15:00:00,0.0,0.132816880941391
2019-02-25,2019-02-26 15:15:00,0.0,0.07529229670763016
2019-02-25,2019-02-26 15:30:00,0.0,0.0
2019-02-25,2019-02-26 15:45:00,0.0,0.005840137600898743
2019-02-25,2019-02-26 16:00:00,0.0,0.08787214010953903
2019-02-25,2019-02-26 16:15:00,0.0,0.151326522231102
2019-02-25,2019-02-26 16:30:00,0.0,0.08460527658462524
2019-02-25,2019-02-26 16:45:00,0.0,0.005932354833930731
2019-02-25,2019-02-26 17:00:00,0.0,0.06549187749624252
2019-02-25,2019-02-26 17:15:00,0.0,0.0
2019-02-25,2019-02-26 17:30:00,0.0,0.08418828994035721
2019-02-25,2019-02-26 17:45:00,0.0,0.01049026194959879
2019-02-25,2019-02-26 18:00:00,0.0,0.04229045286774635
2019-02-25,2019-02-26 18:15:00,0.0,0.010157564654946327
2019-02-25,2019-02-26 18:30:00,0.0,0.0
2019-02-25,2019-02-26 18:45:00,0.0,0.00014834538160357624
2019-02-25,2019-02-26 19:00:00,0.0,0.008522381074726582
2019-02-25,2019-02-26 19:15:00,0.0,0.0
2019-02-25,2019-02-26 19:30:00,0.0,0.015680141746997833
2019-02-25,2019-02-26 19:45:00,0.0,0.0
2019-02-25,2019-02-26 20:00:00,0.0,0.0
2019-02-25,2019-02-26 20:15:00,0.0,0.0
2019-02-25,2019-02-26 20:30:00,0.0,0.0
2019-02-25,2019-02-26 20:45:00,0.0,0.0
2019-02-25,2019-02-26 21:00:00,0.0,0.0
2019-02-25,2019-02-26 21:15:00,0.0,0.0
2019-02-25,2019-02-26 21:30:00,0.0,0.0
2019-02-25,2019-02-26 21:45:00,0.0,0.0
2019-02-25,2019-02-26 22:00:00,0.0,0.0
2019-02-25,2019-02-26 22:15:00,0.0,0.0
2019-02-25,2019-02-26 22:30:00,0.0,0.004528217017650604
2019-02-25,2019-02-26 22:45:00,0.0,0.08053550869226456
2019-02-25,2019-02-26 23:00:00,0.0,0.09258390218019485
2019-02-25,2019-02-26 23:15:00,0.0,0.20356303453445435
2019-02-25,2019-02-26 23:30:00,0.12304700165987015,0.36181777715682983
2019-02-25,2019-02-26 23:45:00,0.20742200314998627,0.46323856711387634
2019-02-26,2019-02-27 00:00:00,0.25312501192092896,0.40285101532936096
2019-02-26,2019-02-27 00:15:00,0.4675779938697815,0.5338118076324463
2019-02-26,2019-02-27 00:30:00,0.6890619993209839,0.6538810133934021
2019-02-26,2019-02-27 00:45:00,0.46054700016975403,0.8927772045135498
2019-02-26,2019-02-27 01:00:00,0.5378909707069397,0.9941691160202026
2019-02-26,2019-02-27 01:15:00,0.6574220061302185,1.1906026601791382
2019-02-26,2019-02-27 01:30:00,0.8578130006790161,1.4096999168395996
2019-02-26,2019-02-27 01:45:00,1.0582029819488525,1.5807031393051147
2019-02-26,2019-02-27 02:00:00,1.652343988418579,1.708837628364563
2019-02-26,2019-02-27 02:15:00,1.6207029819488525,1.8750916719436646
2019-02-26,2019-02-27 02:30:00,2.133984088897705,2.013622283935547
2019-02-26,2019-02-27 02:45:00,2.1726560592651367,2.188384532928467
2019-02-26,2019-02-27 03:00:00,2.4749999046325684,2.2527756690979004
2019-02-26,2019-02-27 03:15:00,2.671875,2.3667187690734863
2019-02-26,2019-02-27 03:30:00,2.390625,2.545041561126709
2019-02-26,2019-02-27 03:45:00,2.5945310592651367,2.6219615936279297
2019-02-26,2019-02-27 04:00:00,2.9496090412139893,2.6724116802215576
2019-02-26,2019-02-27 04:15:00,3.0339839458465576,2.734095335006714
2019-02-26,2019-02-27 04:30:00,2.7351560592651367,2.758230686187744
2019-02-26,2019-02-27 04:45:00,3.0093750953674316,2.7803943157196045
2019-02-26,2019-02-27 05:00:00,2.225390911102295,2.775582790374756
2019-02-26,2019-02-27 05:15:00,3.2097649574279785,2.720914602279663
2019-02-26,2019-02-27 05:30:00,3.005858898162842,2.6970198154449463
2019-02-26,2019-02-27 05:45:00,2.9039061069488525,2.5752127170562744
2019-02-26,2019-02-27 06:00:00,2.924999952316284,2.496828317642212
2019-02-26,2019-02-27 06:15:00,2.8511719703674316,2.3825154304504395
2019-02-26,2019-02-27 06:30:00,2.664844036102295,2.2350306510925293
2019-02-26,2019-02-27 06:45:00,2.54531192779541,2.0646913051605225
2019-02-26,2019-02-27 07:00:00,2.373047113418579,1.8996726274490356
2019-02-26,2019-02-27 07:15:00,2.1761720180511475,1.7999881505966187
2019-02-26,2019-02-27 07:30:00,1.9863280057907104,1.6086798906326294
2019-02-26,2019-02-27 07:45:00,1.8386720418930054,1.3903392553329468
2019-02-26,2019-02-27 08:00:00,1.546875,1.16713547706604
2019-02-26,2019-02-27 08:15:00,1.3289060592651367,0.9983661770820618
2019-02-26,2019-02-27 08:30:00,1.026561975479126,0.8207838535308838
2019-02-26,2019-02-27 08:45:00,0.7769529819488525,0.6570075154304504
2019-02-26,2019-02-27 09:00:00,0.5167970061302185,0.5317252278327942
2019-02-26,2019-02-27 09:15:00,0.3410159945487976,0.4345252513885498
2019-02-26,2019-02-27 09:30:00,0.19687500596046448,0.30378320813179016
2019-02-26,2019-02-27 09:45:00,0.021093999966979027,0.2455742508172989
2019-02-26,2019-02-27 10:00:00,0.0,0.12188991159200668
2019-02-26,2019-02-27 10:15:00,0.0,0.04039813205599785
2019-02-26,2019-02-27 10:30:00,0.0,0.05089833214879036
2019-02-26,2019-02-27 10:45:00,0.0,0.0
2019-02-26,2019-02-27 11:00:00,0.0,0.0
2019-02-26,2019-02-27 11:15:00,0.0,0.0
2019-02-26,2019-02-27 11:30:00,0.0,0.0
2019-02-26,2019-02-27 11:45:00,0.0,0.0
2019-02-26,2019-02-27 12:00:00,0.0,0.0
2019-02-26,2019-02-27 12:15:00,0.0,0.0
2019-02-26,2019-02-27 12:30:00,0.0,0.0
2019-02-26,2019-02-27 12:45:00,0.0,0.0
2019-02-26,2019-02-27 13:00:00,0.0,0.0
2019-02-26,2019-02-27 13:15:00,0.0,0.0
2019-02-26,2019-02-27 13:30:00,0.0,0.0
2019-02-26,2019-02-27 13:45:00,0.0,0.006592337507754564
2019-02-26,2019-02-27 14:00:00,0.0,0.06623207777738571
2019-02-26,2019-02-27 14:15:00,0.0,0.03274015709757805
2019-02-26,2019-02-27 14:30:00,0.0,0.0
2019-02-26,2019-02-27 14:45:00,0.0,0.0
2019-02-26,2019-02-27 15:00:00,0.0,0.023906240239739418
2019-02-26,2019-02-27 15:15:00,0.0,0.037679482251405716
2019-02-26,2019-02-27 15:30:00,0.0,0.0
2019-02-26,2019-02-27 15:45:00,0.0,0.03118734434247017
2019-02-26,2019-02-27 16:00:00,0.0,0.117246113717556
2019-02-26,2019-02-27 16:15:00,0.0,0.05804316699504852
2019-02-26,2019-02-27 16:30:00,0.0,0.032189201563596725
2019-02-26,2019-02-27 16:45:00,0.0,0.0
2019-02-26,2019-02-27 17:00:00,0.0,0.02739097736775875
2019-02-26,2019-02-27 17:15:00,0.0,0.06582658737897873
2019-02-26,2019-02-27 17:30:00,0.0,0.057186469435691833
2019-02-26,2019-02-27 17:45:00,0.0,0.0
2019-02-26,2019-02-27 18:00:00,0.0,0.0
2019-02-26,2019-02-27 18:15:00,0.0,0.0
2019-02-26,2019-02-27 18:30:00,0.0,0.0
2019-02-26,2019-02-27 18:45:00,0.0,0.0
2019-02-26,2019-02-27 19:00:00,0.0,0.0
2019-02-26,2019-02-27 19:15:00,0.0,0.0
2019-02-26,2019-02-27 19:30:00,0.0,0.0
2019-02-26,2019-02-27 19:45:00,0.0,0.0
2019-02-26,2019-02-27 20:00:00,0.0,0.0
2019-02-26,2019-02-27 20:15:00,0.0,0.0
2019-02-26,2019-02-27 20:30:00,0.0,0.0
2019-02-26,2019-02-27 20:45:00,0.0,0.0
2019-02-26,2019-02-27 21:00:00,0.0,0.0
2019-02-26,2019-02-27 21:15:00,0.0,0.0
2019-02-26,2019-02-27 21:30:00,0.0,0.0
2019-02-26,2019-02-27 21:45:00,0.0,0.0
2019-02-26,2019-02-27 22:00:00,0.0,0.0
2019-02-26,2019-02-27 22:15:00,0.0,0.0
2019-02-26,2019-02-27 22:30:00,0.0,0.0
2019-02-26,2019-02-27 22:45:00,0.0,0.0
2019-02-26,2019-02-27 23:00:00,0.0,0.06810610741376877
2019-02-26,2019-02-27 23:15:00,0.03867200016975403,0.13579076528549194
2019-02-26,2019-02-27 23:30:00,0.08437500149011612,0.21200740337371826
2019-02-26,2019-02-27 23:45:00,0.24257799983024597,0.3182363212108612
2019-02-27,2019-02-28 00:00:00,0.3480469882488251,0.15448831021785736
2019-02-27,2019-02-28 00:15:00,0.49921900033950806,0.297973096370697
2019-02-27,2019-02-28 00:30:00,0.6433590054512024,0.4795604646205902
2019-02-27,2019-02-28 00:45:00,0.8050780296325684,0.7276071906089783
2019-02-27,2019-02-28 01:00:00,0.9914060235023499,0.8233398795127869
2019-02-27,2019-02-28 01:15:00,1.132030963897705,1.0403565168380737
2019-02-27,2019-02-28 01:30:00,1.3359379768371582,1.296005368232727
2019-02-27,2019-02-28 01:45:00,1.4800779819488525,1.48636794090271
2019-02-27,2019-02-28 02:00:00,1.5328119993209839,1.6158887147903442
2019-02-27,2019-02-28 02:15:00,1.6347659826278687,1.8285698890686035
2019-02-27,2019-02-28 02:30:00,1.8105469942092896,2.029245615005493
2019-02-27,2019-02-28 02:45:00,1.6839840412139893,2.1540069580078125
2019-02-27,2019-02-28 03:00:00,1.638280987739563,2.2880375385284424
2019-02-27,2019-02-28 03:15:00,1.6839840412139893,2.4618442058563232
2019-02-27,2019-02-28 03:30:00,1.9476560354232788,2.6191048622131348
2019-02-27,2019-02-28 03:45:00,1.9652340412139893,2.7295827865600586
2019-02-27,2019-02-28 04:00:00,2.133984088897705,2.7883312702178955
2019-02-27,2019-02-28 04:15:00,1.8597660064697266,2.8589138984680176
2019-02-27,2019-02-28 04:30:00,1.3851560354232788,2.878103017807007
2019-02-27,2019-02-28 04:45:00,1.2761720418930054,2.839792490005493
2019-02-27,2019-02-28 05:00:00,1.3816410303115845,2.8469932079315186
2019-02-27,2019-02-28 05:15:00,1.9863280057907104,2.8406460285186768
2019-02-27,2019-02-28 05:30:00,2.1867189407348633,2.8337459564208984
2019-02-27,2019-02-28 05:45:00,2.102344036102295,2.696263551712036
2019-02-27,2019-02-28 06:00:00,2.003906011581421,2.607661008834839
2019-02-27,2019-02-28 06:15:00,1.828125,2.5479249954223633
2019-02-27,2019-02-28 06:30:00,1.6875,2.410378932952881
2019-02-27,2019-02-28 06:45:00,1.6488280296325684,2.2191669940948486
2019-02-27,2019-02-28 07:00:00,1.553905963897705,2.078329086303711
2019-02-27,2019-02-28 07:15:00,1.455469012260437,2.0846970081329346
2019-02-27,2019-02-28 07:30:00,1.3921869993209839,1.805478811264038
2019-02-27,2019-02-28 07:45:00,1.1707030534744263,1.5918469429016113
2019-02-27,2019-02-28 08:00:00,1.075780987739563,1.4409397840499878
2019-02-27,2019-02-28 08:15:00,0.8894529938697815,1.308233380317688
2019-02-27,2019-02-28 08:30:00,0.7101560235023499,1.1739925146102905
2019-02-27,2019-02-28 08:45:00,0.541405975818634,1.0023053884506226
2019-02-27,2019-02-28 09:00:00,0.41484400629997253,0.8061084151268005
2019-02-27,2019-02-28 09:15:00,0.2460940033197403,0.6975255012512207
2019-02-27,2019-02-28 09:30:00,0.140625,0.5025601983070374
2019-02-27,2019-02-28 09:45:00,0.05624999850988388,0.4243730306625366
2019-02-27,2019-02-28 10:00:00,0.0,0.28367647528648376
2019-02-27,2019-02-28 10:15:00,0.0,0.17305980622768402
2019-02-27,2019-02-28 10:30:00,0.0,0.1263626217842102
2019-02-27,2019-02-28 10:45:00,0.0,0.01706000789999962
2019-02-27,2019-02-28 11:00:00,0.0,0.02151942253112793
2019-02-27,2019-02-28 11:15:00,0.0,0.002652522409334779
2019-02-27,2019-02-28 11:30:00,0.0,0.0
2019-02-27,2019-02-28 11:45:00,0.0,0.0
2019-02-27,2019-02-28 12:00:00,0.0,0.0
2019-02-27,2019-02-28 12:15:00,0.0,0.0
2019-02-27,2019-02-28 12:30:00,0.0,0.0
2019-02-27,2019-02-28 12:45:00,0.0,0.0
2019-02-27,2019-02-28 13:00:00,0.0,0.0
2019-02-27,2019-02-28 13:15:00,0.0,0.0
2019-02-27,2019-02-28 13:30:00,0.0,0.0
2019-02-27,2019-02-28 13:45:00,0.0,0.02695285528898239
2019-02-27,2019-02-28 14:00:00,0.0,0.049606531858444214
2019-02-27,2019-02-28 14:15:00,0.0,0.10111649334430695
2019-02-27,2019-02-28 14:30:00,0.0,0.03937278315424919
2019-02-27,2019-02-28 14:45:00,0.0,0.003916318062692881
2019-02-27,2019-02-28 15:00:00,0.0,0.14634494483470917
2019-02-27,2019-02-28 15:15:00,0.0,0.17829111218452454
2019-02-27,2019-02-28 15:30:00,0.0,0.00863349623978138
2019-02-27,2019-02-28 15:45:00,0.0,0.04468850418925285
2019-02-27,2019-02-28 16:00:00,0.0,0.1258014589548111
2019-02-27,2019-02-28 16:15:00,0.0,0.11991051584482193
2019-02-27,2019-02-28 16:30:00,0.0,0.09387792646884918
2019-02-27,2019-02-28 16:45:00,0.0,0.0
2019-02-27,2019-02-28 17:00:00,0.0,0.01591254211962223
2019-02-27,2019-02-28 17:15:00,0.0,0.0008801551884971559
2019-02-27,2019-02-28 17:30:00,0.0,0.046996764838695526
2019-02-27,2019-02-28 17:45:00,0.0,0.0
2019-02-27,2019-02-28 18:00:00,0.0,0.032462578266859055
2019-02-27,2019-02-28 18:15:00,0.0,0.0
2019-02-27,2019-02-28 18:30:00,0.0,0.0
2019-02-27,2019-02-28 18:45:00,0.0,0.0
2019-02-27,2019-02-28 19:00:00,0.0,0.0
2019-02-27,2019-02-28 19:15:00,0.0,0.0
2019-02-27,2019-02-28 19:30:00,0.0,0.011548729613423347
2019-02-27,2019-02-28 19:45:00,0.0,0.0
2019-02-27,2019-02-28 20:00:00,0.0,0.0
2019-02-27,2019-02-28 20:15:00,0.0,0.07276860624551773
2019-02-27,2019-02-28 20:30:00,0.0,0.0
2019-02-27,2019-02-28 20:45:00,0.0,0.0
2019-02-27,2019-02-28 21:00:00,0.0,0.0
2019-02-27,2019-02-28 21:15:00,0.0,0.0
2019-02-27,2019-02-28 21:30:00,0.0,0.0
2019-02-27,2019-02-28 21:45:00,0.0,0.0
2019-02-27,2019-02-28 22:00:00,0.0,0.0
2019-02-27,2019-02-28 22:15:00,0.0,0.0
2019-02-27,2019-02-28 22:30:00,0.0,0.0
2019-02-27,2019-02-28 22:45:00,0.0,0.0
2019-02-27,2019-02-28 23:00:00,0.0,0.030435247346758842
2019-02-27,2019-02-28 23:15:00,0.04570300132036209,0.0899382084608078
2019-02-27,2019-02-28 23:30:00,0.11953099817037582,0.1869276612997055
2019-02-27,2019-02-28 23:45:00,0.2460940033197403,0.31826668977737427
2019-05-24,2019-05-25 00:00:00,1.8949220180511475,1.5962495803833008
2019-05-24,2019-05-25 00:15:00,2.133984088897705,1.8544330596923828
2019-05-24,2019-05-25 00:30:00,2.3765621185302734,2.0084497928619385
2019-05-24,2019-05-25 00:45:00,2.6050779819488525,2.109671115875244
2019-05-24,2019-05-25 01:00:00,2.8687500953674316,2.2655036449432373
2019-05-24,2019-05-25 01:15:00,3.0796871185302734,2.5057883262634277
2019-05-24,2019-05-25 01:30:00,3.244921922683716,2.6828556060791016
2019-05-24,2019-05-25 01:45:00,3.417186975479126,2.846365213394165
2019-05-24,2019-05-25 02:00:00,3.5542969703674316,3.033106803894043
2019-05-24,2019-05-25 02:15:00,3.684375047683716,3.185206890106201
2019-05-24,2019-05-25 02:30:00,3.7722649574279785,3.266508102416992
2019-05-24,2019-05-25 02:45:00,3.81093692779541,3.4069483280181885
2019-05-24,2019-05-25 03:00:00,3.8460938930511475,3.5402588844299316
2019-05-24,2019-05-25 03:15:00,3.779297113418579,3.5254688262939453
2019-05-24,2019-05-25 03:30:00,3.726562023162842,3.6649281978607178
2019-05-24,2019-05-25 03:45:00,3.645703077316284,3.7128818035125732
2019-05-24,2019-05-25 04:00:00,3.645703077316284,3.747075319290161
2019-05-24,2019-05-25 04:15:00,3.6175780296325684,3.800258159637451
2019-05-24,2019-05-25 04:30:00,3.6140620708465576,3.768324851989746
2019-05-24,2019-05-25 04:45:00,3.666796922683716,3.8260810375213623
2019-05-24,2019-05-25 05:00:00,3.522655963897705,3.7590765953063965
2019-05-24,2019-05-25 05:15:00,3.698436975479126,3.7098796367645264
2019-05-24,2019-05-25 05:30:00,3.568358898162842,3.580627918243408
2019-05-24,2019-05-25 05:45:00,3.649219036102295,3.6119070053100586
2019-05-24,2019-05-25 06:00:00,3.6140620708465576,3.4873266220092773
2019-05-24,2019-05-25 06:15:00,3.4769530296325684,3.3079209327697754
2019-05-24,2019-05-25 06:30:00,3.540234088897705,3.095427989959717
2019-05-24,2019-05-25 06:45:00,3.4066410064697266,2.9940693378448486
2019-05-24,2019-05-25 07:00:00,3.339843988418579,2.7879109382629395
2019-05-24,2019-05-25 07:15:00,3.1921870708465576,2.5718955993652344
2019-05-24,2019-05-25 07:30:00,3.0093750953674316,2.4967572689056396
2019-05-24,2019-05-25 07:45:00,2.7914059162139893,2.1447465419769287
2019-05-24,2019-05-25 08:00:00,2.489063024520874,1.8973731994628906
2019-05-24,2019-05-25 08:15:00,2.548827886581421,1.70564603805542
2019-05-24,2019-05-25 08:30:00,2.1937499046325684,1.414717197418213
2019-05-24,2019-05-25 08:45:00,1.5679689645767212,1.2369519472122192
2019-05-24,2019-05-25 09:00:00,1.4589840173721313,1.123249888420105
2019-05-24,2019-05-25 09:15:00,0.6468750238418579,0.8968440890312195
2019-05-24,2019-05-25 09:30:00,1.399219036102295,0.7226959466934204
2019-05-24,2019-05-25 09:45:00,0.8964840173721313,0.627255380153656
2019-05-24,2019-05-25 10:00:00,0.611719012260437,0.37632694840431213
2019-05-24,2019-05-25 10:15:00,0.5554689764976501,0.23105837404727936
2019-05-24,2019-05-25 10:30:00,0.14414100348949432,0.2243465781211853
2019-05-24,2019-05-25 10:45:00,0.16875000298023224,0.11467687040567398
2019-05-24,2019-05-25 11:00:00,0.08789099752902985,0.08864560723304749
2019-05-24,2019-05-25 11:15:00,0.0,0.024277247488498688
2019-05-24,2019-05-25 11:30:00,0.0,0.025478247553110123
2019-05-24,2019-05-25 11:45:00,0.0,0.11747568100690842
2019-05-24,2019-05-25 12:00:00,0.0,0.04104418680071831
2019-05-24,2019-05-25 12:15:00,0.0,0.09876757860183716
2019-05-24,2019-05-25 12:30:00,0.0,0.05932461842894554
2019-05-24,2019-05-25 12:45:00,0.0,0.1475134938955307
2019-05-24,2019-05-25 13:00:00,0.0,0.06614593416452408
2019-05-24,2019-05-25 13:15:00,0.0,0.011104798875749111
2019-05-24,2019-05-25 13:30:00,0.0,0.0
2019-05-24,2019-05-25 13:45:00,0.0,0.0
2019-05-24,2019-05-25 14:00:00,0.0,0.0
2019-05-24,2019-05-25 14:15:00,0.0,0.0
2019-05-24,2019-05-25 14:30:00,0.0,0.0
2019-05-24,2019-05-25 14:45:00,0.0,0.0
2019-05-24,2019-05-25 15:00:00,0.0,0.0
2019-05-24,2019-05-25 15:15:00,0.0,0.0
2019-05-24,2019-05-25 15:30:00,0.0,0.0
2019-05-24,2019-05-25 15:45:00,0.0,0.0
2019-05-24,2019-05-25 16:00:00,0.0,0.0
2019-05-24,2019-05-25 16:15:00,0.0,0.0
2019-05-24,2019-05-25 16:30:00,0.0,0.0
2019-05-24,2019-05-25 16:45:00,0.0,0.0
2019-05-24,2019-05-25 17:00:00,0.0,0.0
2019-05-24,2019-05-25 17:15:00,0.0,0.03927535563707352
2019-05-24,2019-05-25 17:30:00,0.0,0.0
2019-05-24,2019-05-25 17:45:00,0.0,0.0
2019-05-24,2019-05-25 18:00:00,0.0,0.0
2019-05-24,2019-05-25 18:15:00,0.0,0.0
2019-05-24,2019-05-25 18:30:00,0.0,0.0
2019-05-24,2019-05-25 18:45:00,0.0,0.009558422490954399
2019-05-24,2019-05-25 19:00:00,0.0,0.03118419647216797
2019-05-24,2019-05-25 19:15:00,0.0,0.028691118583083153
2019-05-24,2019-05-25 19:30:00,0.0,0.027057360857725143
2019-05-24,2019-05-25 19:45:00,0.0,0.0692732185125351
2019-05-24,2019-05-25 20:00:00,0.0,0.01288769580423832
2019-05-24,2019-05-25 20:15:00,0.0,0.04921993985772133
2019-05-24,2019-05-25 20:30:00,0.0,0.11139443516731262
2019-05-24,2019-05-25 20:45:00,0.0,0.08531324565410614
2019-05-24,2019-05-25 21:00:00,0.0,0.0953613817691803
2019-05-24,2019-05-25 21:15:00,0.0,0.08507375419139862
2019-05-24,2019-05-25 21:30:00,0.05624999850988388,0.12282168865203857
2019-05-24,2019-05-25 21:45:00,0.1300780028104782,0.13552546501159668
2019-05-24,2019-05-25 22:00:00,0.24960899353027344,0.2376730889081955
2019-05-24,2019-05-25 22:15:00,0.3550780117511749,0.33358895778656006
2019-05-24,2019-05-25 22:30:00,0.541405975818634,0.4064181447029114
2019-05-24,2019-05-25 22:45:00,0.7734379768371582,0.4658186733722687
2019-05-24,2019-05-25 23:00:00,0.9527339935302734,0.58746337890625
2019-05-24,2019-05-25 23:15:00,1.033594012260437,0.7448790073394775
2019-05-24,2019-05-25 23:30:00,1.209375023841858,0.8521829843521118
2019-05-24,2019-05-25 23:45:00,1.4730470180511475,1.0165005922317505
2019-05-25,2019-05-26 00:00:00,1.6734369993209839,1.679334282875061
2019-05-25,2019-05-26 00:15:00,1.9582029581069946,1.9687379598617554
2019-05-25,2019-05-26 00:30:00,1.5996090173721313,2.1456618309020996
2019-05-25,2019-05-26 00:45:00,2.0882809162139893,2.2286014556884766
2019-05-25,2019-05-26 01:00:00,2.6121089458465576,2.4817299842834473
2019-05-25,2019-05-26 01:15:00,2.784374952316284,2.6849770545959473
2019-05-25,2019-05-26 01:30:00,2.661328077316284,2.9580390453338623
2019-05-25,2019-05-26 01:45:00,3.0128910541534424,2.997706651687622
2019-05-25,2019-05-26 02:00:00,3.487499952316284,3.073918342590332
2019-05-25,2019-05-26 02:15:00,1.9546869993209839,3.3125367164611816
2019-05-25,2019-05-26 02:30:00,3.2554690837860107,3.502157688140869
2019-05-25,2019-05-26 02:45:00,3.5613279342651367,3.6500885486602783
2019-05-25,2019-05-26 03:00:00,1.9652340412139893,3.7503325939178467
2019-05-25,2019-05-26 03:15:00,2.337891101837158,3.8024518489837646
2019-05-25,2019-05-26 03:30:00,2.5101559162139893,3.868312120437622
2019-05-25,2019-05-26 03:45:00,2.12343692779541,3.907902479171753
2019-05-25,2019-05-26 04:00:00,3.2941410541534424,3.9324424266815186
2019-05-25,2019-05-26 04:15:00,3.2660160064697266,3.941290855407715
2019-05-25,2019-05-26 04:30:00,2.373047113418579,3.930824041366577
2019-05-25,2019-05-26 04:45:00,3.779297113418579,3.978360414505005
2019-05-25,2019-05-26 05:00:00,3.4910149574279785,3.980015754699707
2019-05-25,2019-05-26 05:15:00,3.287108898162842,3.968282699584961
2019-05-25,2019-05-26 05:30:00,2.696484088897705,3.7943906784057617
2019-05-25,2019-05-26 05:45:00,1.3957029581069946,3.868406295776367
2019-05-25,2019-05-26 06:00:00,2.647265911102295,3.6965415477752686
2019-05-25,2019-05-26 06:15:00,1.7613279819488525,3.5688488483428955
2019-05-25,2019-05-26 06:30:00,2.96718692779541,3.326324462890625
2019-05-25,2019-05-26 06:45:00,2.8968749046325684,3.256242275238037
2019-05-25,2019-05-26 07:00:00,2.6578121185302734,2.976039171218872
2019-05-25,2019-05-26 07:15:00,2.661328077316284,2.7901201248168945
2019-05-25,2019-05-26 07:30:00,2.489063024520874,2.6316769123077393
2019-05-25,2019-05-26 07:45:00,0.48515599966049194,2.3691158294677734
2019-05-25,2019-05-26 08:00:00,0.5273439884185791,1.9788743257522583
2019-05-25,2019-05-26 08:15:00,0.7804690003395081,1.813224196434021
2019-05-25,2019-05-26 08:30:00,0.24960899353027344,1.539911150932312
2019-05-25,2019-05-26 08:45:00,1.2023439407348633,1.333162784576416
2019-05-25,2019-05-26 09:00:00,1.2761720418930054,1.2881431579589844
2019-05-25,2019-05-26 09:15:00,1.2339839935302734,1.0399501323699951
2019-05-25,2019-05-26 09:30:00,0.9175779819488525,0.822184681892395
2019-05-25,2019-05-26 09:45:00,0.46054700016975403,0.6772298812866211
2019-05-25,2019-05-26 10:00:00,0.42890599370002747,0.5231623649597168
2019-05-25,2019-05-26 10:15:00,0.5519530177116394,0.3495362102985382
2019-05-25,2019-05-26 10:30:00,0.052733998745679855,0.24598513543605804
2019-05-25,2019-05-26 10:45:00,0.0,0.22820143401622772
2019-05-25,2019-05-26 11:00:00,0.0,0.17184466123580933
2019-05-25,2019-05-26 11:15:00,0.0,0.129363551735878
2019-05-25,2019-05-26 11:30:00,0.0,0.07276100665330887
2019-05-25,2019-05-26 11:45:00,0.0,0.06874530762434006
2019-05-25,2019-05-26 12:00:00,0.0,0.09349734336137772
2019-05-25,2019-05-26 12:15:00,0.0,0.10933244228363037
2019-05-25,2019-05-26 12:30:00,0.0,0.18060638010501862
2019-05-25,2019-05-26 12:45:00,0.0,0.1962970346212387
2019-05-25,2019-05-26 13:00:00,0.0,0.1619201898574829
2019-05-25,2019-05-26 13:15:00,0.0,0.029518792405724525
2019-05-25,2019-05-26 13:30:00,0.0,0.09311994910240173
2019-05-25,2019-05-26 13:45:00,0.0,0.08217638731002808
2019-05-25,2019-05-26 14:00:00,0.0,0.0
2019-05-25,2019-05-26 14:15:00,0.0,0.0
2019-05-25,2019-05-26 14:30:00,0.0,0.10656104236841202
2019-05-25,2019-05-26 14:45:00,0.0,0.014987533912062645
2019-05-25,2019-05-26 15:00:00,0.0,0.0
2019-05-25,2019-05-26 15:15:00,0.0,0.005338541232049465
2019-05-25,2019-05-26 15:30:00,0.0,0.03486141189932823
2019-05-25,2019-05-26 15:45:00,0.0,0.030371546745300293
2019-05-25,2019-05-26 16:00:00,0.0,0.0
2019-05-25,2019-05-26 16:15:00,0.0,0.0
2019-05-25,2019-05-26 16:30:00,0.0,0.0
2019-05-25,2019-05-26 16:45:00,0.0,0.0
2019-05-25,2019-05-26 17:00:00,0.0,0.0
2019-05-25,2019-05-26 17:15:00,0.0,0.0
2019-05-25,2019-05-26 17:30:00,0.0,0.0
2019-05-25,2019-05-26 17:45:00,0.0,0.0
2019-05-25,2019-05-26 18:00:00,0.0,0.0
2019-05-25,2019-05-26 18:15:00,0.0,0.0
2019-05-25,2019-05-26 18:30:00,0.0,0.0
2019-05-25,2019-05-26 18:45:00,0.0,0.0
2019-05-25,2019-05-26 19:00:00,0.0,0.0
2019-05-25,2019-05-26 19:15:00,0.0,0.0
2019-05-25,2019-05-26 19:30:00,0.0,0.0
2019-05-25,2019-05-26 19:45:00,0.0,0.0
2019-05-25,2019-05-26 20:00:00,0.0,0.0
2019-05-25,2019-05-26 20:15:00,0.0,0.0
2019-05-25,2019-05-26 20:30:00,0.0,0.0
2019-05-25,2019-05-26 20:45:00,0.0,0.0
2019-05-25,2019-05-26 21:00:00,0.0,0.0871337428689003
2019-05-25,2019-05-26 21:15:00,0.014062000438570976,0.19844740629196167
2019-05-25,2019-05-26 21:30:00,0.021093999966979027,0.1232304498553276
2019-05-25,2019-05-26 21:45:00,0.1757809966802597,0.15288285911083221
2019-05-25,2019-05-26 22:00:00,0.291797012090683,0.25648486614227295
2019-05-25,2019-05-26 22:15:00,0.4675779938697815,0.45391470193862915
2019-05-25,2019-05-26 22:30:00,0.5695310235023499,0.4227719008922577
2019-05-25,2019-05-26 22:45:00,1.0300780534744263,0.5597325563430786
2019-05-25,2019-05-26 23:00:00,1.3957029581069946,0.7913359999656677
2019-05-25,2019-05-26 23:15:00,1.4273439645767212,1.007628321647644
2019-05-25,2019-05-26 23:30:00,1.8562500476837158,1.0981892347335815
2019-05-25,2019-05-26 23:45:00,2.1585938930511475,1.2697175741195679
2019-05-26,2019-05-27 00:00:00,1.8878910541534424,2.268296003341675
2019-05-26,2019-05-27 00:15:00,1.863281011581421,2.615612268447876
2019-05-26,2019-05-27 00:30:00,2.700000047683716,2.876098871231079
2019-05-26,2019-05-27 00:45:00,2.9390621185302734,2.974520444869995
2019-05-26,2019-05-27 01:00:00,3.550781011581421,3.2634243965148926
2019-05-26,2019-05-27 01:15:00,3.8425779342651367,3.5521979331970215
2019-05-26,2019-05-27 01:30:00,3.8425779342651367,3.76993465423584
2019-05-26,2019-05-27 01:45:00,4.23281192779541,3.8169353008270264
2019-05-26,2019-05-27 02:00:00,4.545702934265137,3.9213790893554688
2019-05-26,2019-05-27 02:15:00,4.682812213897705,4.138635635375977
2019-05-26,2019-05-27 02:30:00,4.633594036102295,4.356775283813477
2019-05-26,2019-05-27 02:45:00,4.7390618324279785,4.369708061218262
2019-05-26,2019-05-27 03:00:00,4.900781154632568,4.40435791015625
2019-05-26,2019-05-27 03:15:00,4.964062213897705,4.470736980438232
2019-05-26,2019-05-27 03:30:00,4.92539119720459,4.606990814208984
2019-05-26,2019-05-27 03:45:00,4.865624904632568,4.553953170776367
2019-05-26,2019-05-27 04:00:00,4.798828125,4.539655685424805
2019-05-26,2019-05-27 04:15:00,4.6160149574279785,4.483829498291016
2019-05-26,2019-05-27 04:30:00,4.50351619720459,4.456724166870117
2019-05-26,2019-05-27 04:45:00,4.387499809265137,4.524756908416748
2019-05-26,2019-05-27 05:00:00,4.278514862060547,4.366835117340088
2019-05-26,2019-05-27 05:15:00,4.36289119720459,4.341416835784912
2019-05-26,2019-05-27 05:30:00,4.187108993530273,4.129993438720703
2019-05-26,2019-05-27 05:45:00,4.169530868530273,4.212342262268066
2019-05-26,2019-05-27 06:00:00,3.9410150051116943,3.9703497886657715
2019-05-26,2019-05-27 06:15:00,3.6421871185302734,3.829482316970825
2019-05-26,2019-05-27 06:30:00,3.4769530296325684,3.5965301990509033
2019-05-26,2019-05-27 06:45:00,2.7281250953674316,3.4600515365600586
2019-05-26,2019-05-27 07:00:00,1.2199219465255737,3.190213680267334
2019-05-26,2019-05-27 07:15:00,3.8882811069488525,2.9293389320373535
2019-05-26,2019-05-27 07:30:00,3.5929689407348633,2.793083429336548
2019-05-26,2019-05-27 07:45:00,3.4699220657348633,2.461840867996216
2019-05-26,2019-05-27 08:00:00,2.5101559162139893,2.1099393367767334
2019-05-26,2019-05-27 08:15:00,2.0179688930511475,1.968436360359192
2019-05-26,2019-05-27 08:30:00,2.1691410541534424,1.62301766872406
2019-05-26,2019-05-27 08:45:00,2.2113280296325684,1.386248230934143
2019-05-26,2019-05-27 09:00:00,0.935155987739563,1.300370454788208
2019-05-26,2019-05-27 09:15:00,1.40625,0.9794869422912598
2019-05-26,2019-05-27 09:30:00,1.0863280296325684,0.7584844827651978
2019-05-26,2019-05-27 09:45:00,0.9527339935302734,0.6178034543991089
2019-05-26,2019-05-27 10:00:00,0.6433590054512024,0.4332226812839508
2019-05-26,2019-05-27 10:15:00,0.5871090292930603,0.19866755604743958
2019-05-26,2019-05-27 10:30:00,0.48515599966049194,0.14228136837482452
2019-05-26,2019-05-27 10:45:00,0.40781301259994507,0.08561664819717407
2019-05-26,2019-05-27 11:00:00,0.2003909945487976,0.05658753216266632
2019-05-26,2019-05-27 11:15:00,0.007031000219285488,0.07627197355031967
2019-05-26,2019-05-27 11:30:00,0.0,0.0
2019-05-26,2019-05-27 11:45:00,0.0,0.0786605030298233
2019-05-26,2019-05-27 12:00:00,0.0,0.11357195675373077
2019-05-26,2019-05-27 12:15:00,0.0,0.11749263107776642
2019-05-26,2019-05-27 12:30:00,0.0,0.17630241811275482
2019-05-26,2019-05-27 12:45:00,0.0,0.21921971440315247
2019-05-26,2019-05-27 13:00:00,0.0,0.16624419391155243
2019-05-26,2019-05-27 13:15:00,0.0,0.06899578124284744
2019-05-26,2019-05-27 13:30:00,0.0,0.031195636838674545
2019-05-26,2019-05-27 13:45:00,0.0,0.10869988799095154
2019-05-26,2019-05-27 14:00:00,0.0,0.0
2019-05-26,2019-05-27 14:15:00,0.0,0.0
2019-05-26,2019-05-27 14:30:00,0.0,0.03727547079324722
2019-05-26,2019-05-27 14:45:00,0.0,0.002368999645113945
2019-05-26,2019-05-27 15:00:00,0.0,0.0
2019-05-26,2019-05-27 15:15:00,0.0,0.0
2019-05-26,2019-05-27 15:30:00,0.0,0.0
2019-05-26,2019-05-27 15:45:00,0.0,0.0
2019-05-26,2019-05-27 16:00:00,0.0,0.0
2019-05-26,2019-05-27 16:15:00,0.0,0.0
2019-05-26,2019-05-27 16:30:00,0.0,0.0
2019-05-26,2019-05-27 16:45:00,0.0,0.0
2019-05-26,2019-05-27 17:00:00,0.0,0.0
2019-05-26,2019-05-27 17:15:00,0.0,0.0
2019-05-26,2019-05-27 17:30:00,0.0,0.0
2019-05-26,2019-05-27 17:45:00,0.0,0.0
2019-05-26,2019-05-27 18:00:00,0.0,0.00957163143903017
2019-05-26,2019-05-27 18:15:00,0.0,0.04619178920984268
2019-05-26,2019-05-27 18:30:00,0.0,0.10545147210359573
2019-05-26,2019-05-27 18:45:00,0.0,0.11496705561876297
2019-05-26,2019-05-27 19:00:00,0.0,0.09361089766025543
2019-05-26,2019-05-27 19:15:00,0.0,0.09597858786582947
2019-05-26,2019-05-27 19:30:00,0.0,0.0752580463886261
2019-05-26,2019-05-27 19:45:00,0.0,0.08871649950742722
2019-05-26,2019-05-27 20:00:00,0.0,0.10185707360506058
2019-05-26,2019-05-27 20:15:00,0.0,0.0
2019-05-26,2019-05-27 20:30:00,0.0,0.12779445946216583
2019-05-26,2019-05-27 20:45:00,0.0,0.04638931155204773
2019-05-26,2019-05-27 21:00:00,0.0,0.11307089030742645
2019-05-26,2019-05-27 21:15:00,0.042187999933958054,0.2041674107313156
2019-05-26,2019-05-27 21:30:00,0.1757809966802597,0.14361074566841125
2019-05-26,2019-05-27 21:45:00,0.22499999403953552,0.15920262038707733
2019-05-26,2019-05-27 22:00:00,0.330469012260437,0.25246116518974304
2019-05-26,2019-05-27 22:15:00,0.4781250059604645,0.4617754817008972
2019-05-26,2019-05-27 22:30:00,0.703125,0.5059073567390442
2019-05-26,2019-05-27 22:45:00,0.935155987739563,0.669660210609436
2019-05-26,2019-05-27 23:00:00,1.2269530296325684,0.857560396194458
2019-05-26,2019-05-27 23:15:00,1.539844036102295,1.155547022819519
2019-05-26,2019-05-27 23:30:00,1.8562500476837158,1.3072549104690552
2019-05-26,2019-05-27 23:45:00,2.12343692779541,1.5351604223251343
2019-05-27,2019-05-28 00:00:00,2.4117190837860107,2.1618199348449707
2019-05-27,2019-05-28 00:15:00,2.682421922683716,2.497474193572998
2019-05-27,2019-05-28 00:30:00,2.9214839935302734,2.7450122833251953
2019-05-27,2019-05-28 00:45:00,3.164062023162842,2.827667474746704
2019-05-27,2019-05-28 01:00:00,3.3714840412139893,3.066739797592163
2019-05-27,2019-05-28 01:15:00,3.5789060592651367,3.372743844985962
2019-05-27,2019-05-28 01:30:00,3.7195310592651367,3.5766265392303467
2019-05-27,2019-05-28 01:45:00,3.8953120708465576,3.6458520889282227
2019-05-27,2019-05-28 02:00:00,4.004296779632568,3.7831363677978516
2019-05-27,2019-05-28 02:15:00,3.9375,3.998201847076416
2019-05-27,2019-05-28 02:30:00,4.018359184265137,4.208212375640869
2019-05-27,2019-05-28 02:45:00,4.095703125,4.2134222984313965
2019-05-27,2019-05-28 03:00:00,4.130858898162842,4.279176235198975
2019-05-27,2019-05-28 03:15:00,4.229297161102295,4.335685729980469
2019-05-27,2019-05-28 03:30:00,4.257421970367432,4.502806663513184
2019-05-27,2019-05-28 03:45:00,4.267969131469727,4.480829238891602
2019-05-27,2019-05-28 04:00:00,4.21523380279541,4.471980094909668
2019-05-27,2019-05-28 04:15:00,4.225780963897705,4.435251235961914
2019-05-27,2019-05-28 04:30:00,4.123827934265137,4.417375087738037
2019-05-27,2019-05-28 04:45:00,4.106249809265137,4.489552021026611
2019-05-27,2019-05-28 05:00:00,4.162499904632568,4.3238911628723145
2019-05-27,2019-05-28 05:15:00,4.141406059265137,4.3052825927734375
2019-05-27,2019-05-28 05:30:00,4.123827934265137,4.115086555480957
2019-05-27,2019-05-28 05:45:00,4.088672161102295,4.219745635986328
2019-05-27,2019-05-28 06:00:00,4.011328220367432,3.9878454208374023
2019-05-27,2019-05-28 06:15:00,3.9691410064697266,3.857497215270996
2019-05-27,2019-05-28 06:30:00,3.979686975479126,3.6439297199249268
2019-05-27,2019-05-28 06:45:00,3.8460938930511475,3.5136427879333496
2019-05-27,2019-05-28 07:00:00,3.761718988418579,3.270214557647705
2019-05-27,2019-05-28 07:15:00,3.6140620708465576,3.0190796852111816
2019-05-27,2019-05-28 07:30:00,3.4242188930511475,2.9046242237091064
2019-05-27,2019-05-28 07:45:00,3.216797113418579,2.559563159942627
2019-05-27,2019-05-28 08:00:00,3.0269529819488525,2.2414021492004395
2019-05-27,2019-05-28 08:15:00,2.7703120708465576,2.105346918106079
2019-05-27,2019-05-28 08:30:00,2.53125,1.7621890306472778
2019-05-27,2019-05-28 08:45:00,2.267577886581421,1.5309314727783203
2019-05-27,2019-05-28 09:00:00,1.96875,1.4371393918991089
2019-05-27,2019-05-28 09:15:00,1.6734369993209839,1.102078914642334
2019-05-27,2019-05-28 09:30:00,1.3675780296325684,0.8887258768081665
2019-05-27,2019-05-28 09:45:00,1.068750023841858,0.7464970946311951
2019-05-27,2019-05-28 10:00:00,0.8015620112419128,0.526253879070282
2019-05-27,2019-05-28 10:15:00,0.5484369993209839,0.27633678913116455
2019-05-27,2019-05-28 10:30:00,0.26718801259994507,0.22492681443691254
2019-05-27,2019-05-28 10:45:00,0.15820300579071045,0.14421699941158295
2019-05-27,2019-05-28 11:00:00,0.10195299983024597,0.10399691015481949
2019-05-27,2019-05-28 11:15:00,0.014062000438570976,0.11296036094427109
2019-05-27,2019-05-28 11:30:00,0.0,0.0086913937702775
2019-05-27,2019-05-28 11:45:00,0.0,0.10508470237255096
2019-05-27,2019-05-28 12:00:00,0.0,0.12097810953855515
2019-05-27,2019-05-28 12:15:00,0.0,0.12619300186634064
2019-05-27,2019-05-28 12:30:00,0.0,0.14398814737796783
2019-05-27,2019-05-28 12:45:00,0.0,0.20883792638778687
2019-05-27,2019-05-28 13:00:00,0.0,0.1303645521402359
2019-05-27,2019-05-28 13:15:00,0.0,0.055298373103141785
2019-05-27,2019-05-28 13:30:00,0.0,0.0
2019-05-27,2019-05-28 13:45:00,0.0,0.09473410248756409
2019-05-27,2019-05-28 14:00:00,0.0,0.0
2019-05-27,2019-05-28 14:15:00,0.0,0.0
2019-05-27,2019-05-28 14:30:00,0.0,0.027175141498446465
2019-05-27,2019-05-28 14:45:00,0.0,0.0008082868880592287
2019-05-27,2019-05-28 15:00:00,0.0,0.0
2019-05-27,2019-05-28 15:15:00,0.0,0.0
2019-05-27,2019-05-28 15:30:00,0.0,0.0
2019-05-27,2019-05-28 15:45:00,0.0,0.0
2019-05-27,2019-05-28 16:00:00,0.0,0.0
2019-05-27,2019-05-28 16:15:00,0.0,0.0
2019-05-27,2019-05-28 16:30:00,0.0,0.0
2019-05-27,2019-05-28 16:45:00,0.0,0.0
2019-05-27,2019-05-28 17:00:00,0.0,0.0
2019-05-27,2019-05-28 17:15:00,0.0,0.0
2019-05-27,2019-05-28 17:30:00,0.0,0.0
2019-05-27,2019-05-28 17:45:00,0.0,0.0
2019-05-27,2019-05-28 18:00:00,0.0,0.0014809025451540947
2019-05-27,2019-05-28 18:15:00,0.0,0.0016129114665091038
2019-05-27,2019-05-28 18:30:00,0.0,0.07020333409309387
2019-05-27,2019-05-28 18:45:00,0.0,0.09490808844566345
2019-05-27,2019-05-28 19:00:00,0.0,0.0643862932920456
2019-05-27,2019-05-28 19:15:00,0.0,0.07945270836353302
2019-05-27,2019-05-28 19:30:00,0.0,0.048028185963630676
2019-05-27,2019-05-28 19:45:00,0.0,0.1025623306632042
2019-05-27,2019-05-28 20:00:00,0.0,0.09458378702402115
2019-05-27,2019-05-28 20:15:00,0.0,0.009492057375609875
2019-05-27,2019-05-28 20:30:00,0.0,0.15888535976409912
2019-05-27,2019-05-28 20:45:00,0.0,0.09718795865774155
2019-05-27,2019-05-28 21:00:00,0.0,0.16723397374153137
2019-05-27,2019-05-28 21:15:00,0.003515999997034669,0.24073229730129242
2019-05-27,2019-05-28 21:30:00,0.07734400033950806,0.20744498074054718
2019-05-27,2019-05-28 21:45:00,0.140625,0.20160676538944244
2019-05-27,2019-05-28 22:00:00,0.2566410005092621,0.3189559876918793
2019-05-27,2019-05-28 22:15:00,0.39375001192092896,0.500900387763977
2019-05-27,2019-05-28 22:30:00,0.6082029938697815,0.5582692623138428
2019-05-27,2019-05-28 22:45:00,0.8507810235023499,0.6869288682937622
2019-05-27,2019-05-28 23:00:00,1.1074219942092896,0.8582738041877747
2019-05-27,2019-05-28 23:15:00,1.399219036102295,1.13643217086792
2019-05-27,2019-05-28 23:30:00,1.6875,1.2702414989471436
2019-05-27,2019-05-28 23:45:00,1.9792970418930054,1.471358060836792
2019-05-28,2019-05-29 00:00:00,2.26406192779541,1.89059317111969
2019-05-28,2019-05-29 00:15:00,2.538280963897705,2.190105676651001
2019-05-28,2019-05-29 00:30:00,2.7878899574279785,2.3947346210479736
2019-05-28,2019-05-29 00:45:00,3.0093750953674316,2.457242965698242
2019-05-28,2019-05-29 01:00:00,3.223828077316284,2.6512680053710938
2019-05-28,2019-05-29 01:15:00,3.4347660541534424,2.9335451126098633
2019-05-28,2019-05-29 01:30:00,3.5999999046325684,3.1382579803466797
2019-05-28,2019-05-29 01:45:00,3.708983898162842,3.242830991744995
2019-05-28,2019-05-29 02:00:00,3.839061975479126,3.4052674770355225
2019-05-28,2019-05-29 02:15:00,3.909374952316284,3.6230411529541016
2019-05-28,2019-05-29 02:30:00,3.9867188930511475,3.7906012535095215
2019-05-28,2019-05-29 02:45:00,4.032422065734863,3.8650734424591064
2019-05-28,2019-05-29 03:00:00,4.050000190734863,3.9748528003692627
2019-05-28,2019-05-29 03:15:00,4.071094036102295,3.9956772327423096
2019-05-28,2019-05-29 03:30:00,4.085155963897705,4.174995422363281
2019-05-28,2019-05-29 03:45:00,4.06406307220459,4.199184417724609
2019-05-28,2019-05-29 04:00:00,4.028905868530273,4.213856220245361
2019-05-28,2019-05-29 04:15:00,4.014842987060547,4.222489833831787
2019-05-28,2019-05-29 04:30:00,4.102734088897705,4.220620632171631
2019-05-28,2019-05-29 04:45:00,4.07460880279541,4.294332027435303
2019-05-28,2019-05-29 05:00:00,4.120312213897705,4.185310363769531
2019-05-28,2019-05-29 05:15:00,4.099218845367432,4.152068614959717
2019-05-28,2019-05-29 05:30:00,4.057031154632568,3.9820761680603027
2019-05-28,2019-05-29 05:45:00,4.109766006469727,4.113022327423096
2019-05-28,2019-05-29 06:00:00,4.130858898162842,3.9188082218170166
2019-05-28,2019-05-29 06:15:00,3.744141101837158,3.790360450744629
2019-05-28,2019-05-29 06:30:00,3.948046922683716,3.5855326652526855
2019-05-28,2019-05-29 06:45:00,3.796875,3.475555181503296
2019-05-28,2019-05-29 07:00:00,3.385546922683716,3.249051809310913
2019-05-28,2019-05-29 07:15:00,3.779297113418579,3.0256967544555664
2019-05-28,2019-05-29 07:30:00,3.5648438930511475,2.9464614391326904
2019-05-28,2019-05-29 07:45:00,3.128906011581421,2.6031835079193115
2019-05-28,2019-05-29 08:00:00,2.2957029342651367,2.300044298171997
2019-05-28,2019-05-29 08:15:00,3.216797113418579,2.1564013957977295
2019-05-28,2019-05-29 08:30:00,2.6578121185302734,1.8279221057891846
2019-05-28,2019-05-29 08:45:00,2.54531192779541,1.6254936456680298
2019-05-28,2019-05-29 09:00:00,2.1304690837860107,1.518660068511963
2019-05-28,2019-05-29 09:15:00,1.835155963897705,1.2133692502975464
2019-05-28,2019-05-29 09:30:00,1.5433590412139893,0.9939801096916199
2019-05-28,2019-05-29 09:45:00,0.8085939884185791,0.858503520488739
2019-05-28,2019-05-29 10:00:00,0.4007810056209564,0.6054015159606934
2019-05-28,2019-05-29 10:15:00,0.41835901141166687,0.3642403185367584
2019-05-28,2019-05-29 10:30:00,0.37968701124191284,0.30173856019973755
2019-05-28,2019-05-29 10:45:00,0.18281200528144836,0.1992550790309906
2019-05-28,2019-05-29 11:00:00,0.11953099817037582,0.14119072258472443
2019-05-28,2019-05-29 11:15:00,0.042187999933958054,0.11976423114538193
2019-05-28,2019-05-29 11:30:00,0.0,0.030815472826361656
2019-05-28,2019-05-29 11:45:00,0.0,0.10714845359325409
2019-05-28,2019-05-29 12:00:00,0.0,0.07973809540271759
2019-05-28,2019-05-29 12:15:00,0.0,0.1090489998459816
2019-05-28,2019-05-29 12:30:00,0.0,0.08903134614229202
2019-05-28,2019-05-29 12:45:00,0.0,0.17415176331996918
2019-05-28,2019-05-29 13:00:00,0.0,0.0958082377910614
2019-05-28,2019-05-29 13:15:00,0.0,0.018733905628323555
2019-05-28,2019-05-29 13:30:00,0.0,0.0
2019-05-28,2019-05-29 13:45:00,0.0,0.04235641285777092
2019-05-28,2019-05-29 14:00:00,0.0,0.0
2019-05-28,2019-05-29 14:15:00,0.0,0.0
2019-05-28,2019-05-29 14:30:00,0.0,0.029483739286661148
2019-05-28,2019-05-29 14:45:00,0.0,0.0
2019-05-28,2019-05-29 15:00:00,0.0,0.0
2019-05-28,2019-05-29 15:15:00,0.0,0.0
2019-05-28,2019-05-29 15:30:00,0.0,0.0
2019-05-28,2019-05-29 15:45:00,0.0,0.012010647915303707
2019-05-28,2019-05-29 16:00:00,0.0,0.0
2019-05-28,2019-05-29 16:15:00,0.0,0.0
2019-05-28,2019-05-29 16:30:00,0.0,0.0
2019-05-28,2019-05-29 16:45:00,0.0,0.02850441262125969
2019-05-28,2019-05-29 17:00:00,0.0,0.0
2019-05-28,2019-05-29 17:15:00,0.0,0.0
2019-05-28,2019-05-29 17:30:00,0.0,0.0
2019-05-28,2019-05-29 17:45:00,0.0,0.0
2019-05-28,2019-05-29 18:00:00,0.0,0.0
2019-05-28,2019-05-29 18:15:00,0.0,0.0
2019-05-28,2019-05-29 18:30:00,0.0,0.04162666201591492
2019-05-28,2019-05-29 18:45:00,0.0,0.05546257644891739
2019-05-28,2019-05-29 19:00:00,0.0,0.04214074835181236
2019-05-28,2019-05-29 19:15:00,0.0,0.04511580243706703
2019-05-28,2019-05-29 19:30:00,0.0,0.03434572368860245
2019-05-28,2019-05-29 19:45:00,0.0,0.08523943275213242
2019-05-28,2019-05-29 20:00:00,0.0,0.051552966237068176
2019-05-28,2019-05-29 20:15:00,0.0,0.007214822340756655
2019-05-28,2019-05-29 20:30:00,0.0,0.13882188498973846
2019-05-28,2019-05-29 20:45:00,0.0,0.0782255083322525
2019-05-28,2019-05-29 21:00:00,0.0,0.14730678498744965
2019-05-28,2019-05-29 21:15:00,0.0,0.1868920624256134
2019-05-28,2019-05-29 21:30:00,0.0,0.17671555280685425
2019-05-28,2019-05-29 21:45:00,0.19335900247097015,0.15452775359153748
2019-05-28,2019-05-29 22:00:00,0.3023439943790436,0.27738726139068604
2019-05-28,2019-05-29 22:15:00,0.43945300579071045,0.4284275770187378
2019-05-28,2019-05-29 22:30:00,0.4816409945487976,0.45978519320487976
2019-05-28,2019-05-29 22:45:00,0.583594024181366,0.554796040058136
2019-05-28,2019-05-29 23:00:00,0.984375,0.7024309039115906
2019-05-28,2019-05-29 23:15:00,0.8121089935302734,0.9365628957748413
2019-05-28,2019-05-29 23:30:00,1.364061951637268,1.0446420907974243
2019-05-28,2019-05-29 23:45:00,1.4343750476837158,1.2001127004623413
2019-05-29,2019-05-30 00:00:00,1.9300780296325684,1.9619492292404175
2019-05-29,2019-05-30 00:15:00,2.383594036102295,2.2974343299865723
2019-05-29,2019-05-30 00:30:00,2.4468750953674316,2.541221857070923
2019-05-29,2019-05-30 00:45:00,2.707031011581421,2.623915195465088
2019-05-29,2019-05-30 01:00:00,3.058593988418579,2.89619779586792
2019-05-29,2019-05-30 01:15:00,3.2660160064697266,3.173992395401001
2019-05-29,2019-05-30 01:30:00,3.487499952316284,3.416996717453003
2019-05-29,2019-05-30 01:45:00,3.666796922683716,3.456653118133545
2019-05-29,2019-05-30 02:00:00,3.8636720180511475,3.5709047317504883
2019-05-29,2019-05-30 02:15:00,3.909374952316284,3.802072048187256
2019-05-29,2019-05-30 02:30:00,3.9937500953674316,4.074314594268799
2019-05-29,2019-05-30 02:45:00,3.8777339458465576,4.138280391693115
2019-05-29,2019-05-30 03:00:00,4.158984184265137,4.2018561363220215
2019-05-29,2019-05-30 03:15:00,4.187108993530273,4.262815952301025
2019-05-29,2019-05-30 03:30:00,4.08164119720459,4.43079948425293
2019-05-29,2019-05-30 03:45:00,4.09218692779541,4.412036895751953
2019-05-29,2019-05-30 04:00:00,3.8917970657348633,4.418819904327393
2019-05-29,2019-05-30 04:15:00,3.779297113418579,4.4040374755859375
2019-05-29,2019-05-30 04:30:00,2.900391101837158,4.399026870727539
2019-05-29,2019-05-30 04:45:00,3.3785150051116943,4.508692741394043
2019-05-29,2019-05-30 05:00:00,3.0093750953674316,4.4189348220825195
2019-05-29,2019-05-30 05:15:00,4.07460880279541,4.392575740814209
2019-05-29,2019-05-30 05:30:00,3.9128899574279785,4.1945719718933105
2019-05-29,2019-05-30 05:45:00,3.7300779819488525,4.312167644500732
2019-05-29,2019-05-30 06:00:00,3.3082029819488525,4.0873026847839355
2019-05-29,2019-05-30 06:15:00,3.8777339458465576,3.968191385269165
2019-05-29,2019-05-30 06:30:00,2.267577886581421,3.7567498683929443
2019-05-29,2019-05-30 06:45:00,1.357030987739563,3.630401372909546
2019-05-29,2019-05-30 07:00:00,2.664844036102295,3.369379758834839
2019-05-29,2019-05-30 07:15:00,2.506640911102295,3.1230313777923584
2019-05-29,2019-05-30 07:30:00,3.4769530296325684,2.9859225749969482
2019-05-29,2019-05-30 07:45:00,3.1535160541534424,2.7301790714263916
2019-05-29,2019-05-30 08:00:00,2.963671922683716,2.3340113162994385
2019-05-29,2019-05-30 08:15:00,2.6261720657348633,2.171351432800293
2019-05-29,2019-05-30 08:30:00,2.3238279819488525,1.860239863395691
2019-05-29,2019-05-30 08:45:00,2.0355470180511475,1.6388524770736694
2019-05-29,2019-05-30 09:00:00,1.7156250476837158,1.5388544797897339
2019-05-29,2019-05-30 09:15:00,1.4800779819488525,1.2237975597381592
2019-05-29,2019-05-30 09:30:00,1.2410160303115845,0.9644361138343811
2019-05-29,2019-05-30 09:45:00,0.9105470180511475,0.8086671829223633
2019-05-29,2019-05-30 10:00:00,0.7136719822883606,0.616818904876709
2019-05-29,2019-05-30 10:15:00,0.5238280296325684,0.3739999234676361
2019-05-29,2019-05-30 10:30:00,0.37968701124191284,0.26459556818008423
2019-05-29,2019-05-30 10:45:00,0.2566410005092621,0.22243252396583557
2019-05-29,2019-05-30 11:00:00,0.15468700230121613,0.14312922954559326
2019-05-29,2019-05-30 11:15:00,0.014062000438570976,0.13335677981376648
2019-05-29,2019-05-30 11:30:00,0.0,0.024667594581842422
2019-05-29,2019-05-30 11:45:00,0.0,0.08125339448451996
2019-05-29,2019-05-30 12:00:00,0.0,0.1010325476527214
2019-05-29,2019-05-30 12:15:00,0.0,0.12055237591266632
2019-05-29,2019-05-30 12:30:00,0.0,0.14593355357646942
2019-05-29,2019-05-30 12:45:00,0.0,0.20298558473587036
2019-05-29,2019-05-30 13:00:00,0.0,0.1599990427494049
2019-05-29,2019-05-30 13:15:00,0.0,0.023504985496401787
2019-05-29,2019-05-30 13:30:00,0.0,0.012151606380939484
2019-05-29,2019-05-30 13:45:00,0.0,0.09762381762266159
2019-05-29,2019-05-30 14:00:00,0.0,0.0
2019-05-29,2019-05-30 14:15:00,0.0,0.0
2019-05-29,2019-05-30 14:30:00,0.0,0.06187429651618004
2019-05-29,2019-05-30 14:45:00,0.0,0.0006695294287055731
2019-05-29,2019-05-30 15:00:00,0.0,0.0
2019-05-29,2019-05-30 15:15:00,0.0,0.0
2019-05-29,2019-05-30 15:30:00,0.0,0.0
2019-05-29,2019-05-30 15:45:00,0.0,0.011239621788263321
2019-05-29,2019-05-30 16:00:00,0.0,0.0
2019-05-29,2019-05-30 16:15:00,0.0,0.0
2019-05-29,2019-05-30 16:30:00,0.0,0.0
2019-05-29,2019-05-30 16:45:00,0.0,0.0
2019-05-29,2019-05-30 17:00:00,0.0,0.0
2019-05-29,2019-05-30 17:15:00,0.0,0.0
2019-05-29,2019-05-30 17:30:00,0.0,0.0
2019-05-29,2019-05-30 17:45:00,0.0,0.0
2019-05-29,2019-05-30 18:00:00,0.0,0.0
2019-05-29,2019-05-30 18:15:00,0.0,0.0
2019-05-29,2019-05-30 18:30:00,0.0,0.02610882930457592
2019-05-29,2019-05-30 18:45:00,0.0,0.050041280686855316
2019-05-29,2019-05-30 19:00:00,0.0,0.03611066937446594
2019-05-29,2019-05-30 19:15:00,0.0,0.007217136677354574
2019-05-29,2019-05-30 19:30:00,0.0,0.02487598918378353
2019-05-29,2019-05-30 19:45:00,0.0,0.0073115346021950245
2019-05-29,2019-05-30 20:00:00,0.0,0.05151448771357536
2019-05-29,2019-05-30 20:15:00,0.0,0.0
2019-05-29,2019-05-30 20:30:00,0.0,0.07832320034503937
2019-05-29,2019-05-30 20:45:00,0.0,0.01254430040717125
2019-05-29,2019-05-30 21:00:00,0.0,0.10977406799793243
2019-05-29,2019-05-30 21:15:00,0.024608999490737915,0.22769984602928162
2019-05-29,2019-05-30 21:30:00,0.0,0.1575196385383606
2019-05-29,2019-05-30 21:45:00,0.18984399735927582,0.17746976017951965
2019-05-29,2019-05-30 22:00:00,0.29882800579071045,0.2645082473754883
2019-05-29,2019-05-30 22:15:00,0.46054700016975403,0.47058337926864624
2019-05-29,2019-05-30 22:30:00,0.6609370112419128,0.4700455367565155
2019-05-29,2019-05-30 22:45:00,0.864844024181366,0.6016390323638916
2019-05-29,2019-05-30 23:00:00,1.1566410064697266,0.8004546761512756
2019-05-29,2019-05-30 23:15:00,1.4343750476837158,1.059460163116455
2019-05-29,2019-05-30 23:30:00,1.7121089696884155,1.1768715381622314
2019-05-29,2019-05-30 23:45:00,2.0144529342651367,1.3818668127059937
2019-05-30,2019-05-31 00:00:00,2.260546922683716,1.953967809677124
2019-05-30,2019-05-31 00:15:00,2.5101559162139893,2.074904441833496
2019-05-30,2019-05-31 00:30:00,2.7667970657348633,2.3060691356658936
2019-05-30,2019-05-31 00:45:00,2.9988279342651367,2.3854846954345703
2019-05-30,2019-05-31 01:00:00,3.2308590412139893,2.585289239883423
2019-05-30,2019-05-31 01:15:00,3.4382810592651367,2.8751463890075684
2019-05-30,2019-05-31 01:30:00,3.568358898162842,3.022287368774414
2019-05-30,2019-05-31 01:45:00,3.744141101837158,3.156017541885376
2019-05-30,2019-05-31 02:00:00,3.902343988418579,3.2731106281280518
2019-05-30,2019-05-31 02:15:00,4.014842987060547,3.517482280731201
2019-05-30,2019-05-31 02:30:00,4.095703125,3.6634936332702637
2019-05-30,2019-05-31 02:45:00,4.169530868530273,3.8355469703674316
2019-05-30,2019-05-31 03:00:00,4.23281192779541,3.822805881500244
2019-05-30,2019-05-31 03:15:00,4.22226619720459,3.872493028640747
2019-05-30,2019-05-31 03:30:00,4.169530868530273,4.198188781738281
2019-05-30,2019-05-31 03:45:00,4.201171875,4.200540065765381
2019-05-30,2019-05-31 04:00:00,4.225780963897705,4.197328090667725
2019-05-30,2019-05-31 04:15:00,4.144921779632568,4.252010822296143
2019-05-30,2019-05-31 04:30:00,4.201171875,4.270047187805176
2019-05-30,2019-05-31 04:45:00,4.09218692779541,4.4260663986206055
2019-05-30,2019-05-31 05:00:00,4.014842987060547,4.301697254180908
2019-05-30,2019-05-31 05:15:00,4.046483993530273,4.262784481048584
2019-05-30,2019-05-31 05:30:00,4.050000190734863,4.130187511444092
2019-05-30,2019-05-31 05:45:00,3.9128899574279785,4.130334377288818
2019-05-30,2019-05-31 06:00:00,4.000781059265137,4.0443854331970215
2019-05-30,2019-05-31 06:15:00,3.9410150051116943,3.8956000804901123
2019-05-30,2019-05-31 06:30:00,3.8988280296325684,3.7359859943389893
2019-05-30,2019-05-31 06:45:00,3.8636720180511475,3.523381233215332
2019-05-30,2019-05-31 07:00:00,3.7160160541534424,3.3198981285095215
2019-05-30,2019-05-31 07:15:00,2.988281011581421,3.0860166549682617
2019-05-30,2019-05-31 07:30:00,2.460937976837158,3.0154311656951904
2019-05-30,2019-05-31 07:45:00,2.882812023162842,2.807403802871704
2019-05-30,2019-05-31 08:00:00,1.680469036102295,2.3670127391815186
2019-05-30,2019-05-31 08:15:00,1.026561975479126,2.2342686653137207
2019-05-30,2019-05-31 08:30:00,1.3605469465255737,1.919861078262329
2019-05-30,2019-05-31 08:45:00,1.2480469942092896,1.6824951171875
2019-05-30,2019-05-31 09:00:00,2.3414061069488525,1.5005306005477905
2019-05-30,2019-05-31 09:15:00,1.6488280296325684,1.256847620010376
2019-05-30,2019-05-31 09:30:00,1.089843988418579,1.054047703742981
2019-05-30,2019-05-31 09:45:00,0.7558590173721313,0.9172735810279846
2019-05-30,2019-05-31 10:00:00,0.8753910064697266,0.6767017245292664
2019-05-30,2019-05-31 10:15:00,0.28125,0.35665637254714966
2019-05-30,2019-05-31 10:30:00,0.3269529938697815,0.3014703094959259
2019-05-30,2019-05-31 10:45:00,0.2214840054512024,0.22965481877326965
2019-05-30,2019-05-31 11:00:00,0.1300780028104782,0.2170766294002533
2019-05-30,2019-05-31 11:15:00,0.0,0.09458174556493759
2019-05-30,2019-05-31 11:30:00,0.0,0.014889761805534363
2019-05-30,2019-05-31 11:45:00,0.0,0.1272028088569641
2019-05-30,2019-05-31 12:00:00,0.0,0.043938588351011276
2019-05-30,2019-05-31 12:15:00,0.0,0.10759065300226212
2019-05-30,2019-05-31 12:30:00,0.0,0.03280185908079147
2019-05-30,2019-05-31 12:45:00,0.0,0.14608848094940186
2019-05-30,2019-05-31 13:00:00,0.0,0.0768660381436348
2019-05-30,2019-05-31 13:15:00,0.0,0.0
2019-05-30,2019-05-31 13:30:00,0.0,0.0
2019-05-30,2019-05-31 13:45:00,0.0,0.06932243704795837
2019-05-30,2019-05-31 14:00:00,0.0,0.06696397066116333
2019-05-30,2019-05-31 14:15:00,0.0,0.0
2019-05-30,2019-05-31 14:30:00,0.0,0.0
2019-05-30,2019-05-31 14:45:00,0.0,0.07758729159832001
2019-05-30,2019-05-31 15:00:00,0.0,0.0
2019-05-30,2019-05-31 15:15:00,0.0,0.0
2019-05-30,2019-05-31 15:30:00,0.0,0.015568776056170464
2019-05-30,2019-05-31 15:45:00,0.0,0.1625346541404724
2019-05-30,2019-05-31 16:00:00,0.0,0.010574032552540302
2019-05-30,2019-05-31 16:15:00,0.0,0.0
2019-05-30,2019-05-31 16:30:00,0.0,0.0
2019-05-30,2019-05-31 16:45:00,0.0,0.08415557444095612
2019-05-30,2019-05-31 17:00:00,0.0,0.0
2019-05-30,2019-05-31 17:15:00,0.0,0.1310977339744568
2019-05-30,2019-05-31 17:30:00,0.0,0.0
2019-05-30,2019-05-31 17:45:00,0.0,0.03329816833138466
2019-05-30,2019-05-31 18:00:00,0.0,0.04515238478779793
2019-05-30,2019-05-31 18:15:00,0.0,0.06174065172672272
2019-05-30,2019-05-31 18:30:00,0.0,0.08919985592365265
2019-05-30,2019-05-31 18:45:00,0.0,0.03932720422744751
2019-05-30,2019-05-31 19:00:00,0.0,0.0696273148059845
2019-05-30,2019-05-31 19:15:00,0.0,0.07385116070508957
2019-05-30,2019-05-31 19:30:00,0.0,0.02704250067472458
2019-05-30,2019-05-31 19:45:00,0.0,0.1726333349943161
2019-05-30,2019-05-31 20:00:00,0.0,0.01684635691344738
2019-05-30,2019-05-31 20:15:00,0.0,0.0
2019-05-30,2019-05-31 20:30:00,0.0,0.17435772716999054
2019-05-30,2019-05-31 20:45:00,0.0,0.05209210887551308
2019-05-30,2019-05-31 21:00:00,0.0,0.03751422464847565
2019-05-30,2019-05-31 21:15:00,0.0,0.032009683549404144
2019-05-30,2019-05-31 21:30:00,0.0,0.12718205153942108
2019-05-30,2019-05-31 21:45:00,0.0,0.08913837373256683
2019-05-30,2019-05-31 22:00:00,0.07734400033950806,0.11796663701534271
2019-05-30,2019-05-31 22:15:00,0.16875000298023224,0.30526411533355713
2019-05-30,2019-05-31 22:30:00,0.34453099966049194,0.18607480823993683
2019-05-30,2019-05-31 22:45:00,0.29882800579071045,0.20073336362838745
2019-05-30,2019-05-31 23:00:00,0.3515619933605194,0.3870913088321686
2019-05-30,2019-05-31 23:15:00,0.29531198740005493,0.5524891018867493
2019-05-30,2019-05-31 23:30:00,0.5238280296325684,0.662291407585144
2019-05-30,2019-05-31 23:45:00,0.8332030177116394,0.7040273547172546
2018-08-24,2018-08-25 00:00:00,1.321874976158142,1.0071088075637817
2018-08-24,2018-08-25 00:15:00,1.5609370470046997,1.1873161792755127
2018-08-24,2018-08-25 00:30:00,1.792968988418579,1.3305145502090454
2018-08-24,2018-08-25 00:45:00,2.0179688930511475,1.4346585273742676
2018-08-24,2018-08-25 01:00:00,2.12343692779541,1.573848843574524
2018-08-24,2018-08-25 01:15:00,2.4117190837860107,1.7464011907577515
2018-08-24,2018-08-25 01:30:00,2.654297113418579,1.9049609899520874
2018-08-24,2018-08-25 01:45:00,2.794922113418579,2.0568430423736572
2018-08-24,2018-08-25 02:00:00,2.9285149574279785,2.1855337619781494
2018-08-24,2018-08-25 02:15:00,3.118359088897705,2.2905733585357666
2018-08-24,2018-08-25 02:30:00,3.1957030296325684,2.346914291381836
2018-08-24,2018-08-25 02:45:00,3.462891101837158,2.4710934162139893
2018-08-24,2018-08-25 03:00:00,3.5929689407348633,2.5985782146453857
2018-08-24,2018-08-25 03:15:00,3.6140620708465576,2.622373580932617
2018-08-24,2018-08-25 03:30:00,3.7828121185302734,2.608293294906616
2018-08-24,2018-08-25 03:45:00,3.526171922683716,2.6999218463897705
2018-08-24,2018-08-25 04:00:00,2.8792970180511475,2.731994390487671
2018-08-24,2018-08-25 04:15:00,2.496093988418579,2.744499444961548
2018-08-24,2018-08-25 04:30:00,4.028905868530273,2.687580108642578
2018-08-24,2018-08-25 04:45:00,3.6949219703674316,2.6655797958374023
2018-08-24,2018-08-25 05:00:00,2.9039061069488525,2.6405699253082275
2018-08-24,2018-08-25 05:15:00,2.415234088897705,2.610835313796997
2018-08-24,2018-08-25 05:30:00,3.965625047683716,2.563951015472412
2018-08-24,2018-08-25 05:45:00,3.276561975479126,2.455834150314331
2018-08-24,2018-08-25 06:00:00,3.2132809162139893,2.385388135910034
2018-08-24,2018-08-25 06:15:00,2.629688024520874,2.205747604370117
2018-08-24,2018-08-25 06:30:00,1.7999999523162842,2.0253825187683105
2018-08-24,2018-08-25 06:45:00,2.583983898162842,1.9649169445037842
2018-08-24,2018-08-25 07:00:00,1.9933589696884155,1.7886340618133545
2018-08-24,2018-08-25 07:15:00,1.9160159826278687,1.6783502101898193
2018-08-24,2018-08-25 07:30:00,2.7527339458465576,1.5081138610839844
2018-08-24,2018-08-25 07:45:00,1.8878910541534424,1.2538002729415894
2018-08-24,2018-08-25 08:00:00,1.3816410303115845,1.1216992139816284
2018-08-24,2018-08-25 08:15:00,1.8878910541534424,0.9694873690605164
2018-08-24,2018-08-25 08:30:00,1.638280987739563,0.7694948315620422
2018-08-24,2018-08-25 08:45:00,1.160156011581421,0.6422836184501648
2018-08-24,2018-08-25 09:00:00,0.5589839816093445,0.578446626663208
2018-08-24,2018-08-25 09:15:00,0.8296869993209839,0.4281306862831116
2018-08-24,2018-08-25 09:30:00,0.4429689943790436,0.3530921936035156
2018-08-24,2018-08-25 09:45:00,0.33398398756980896,0.28876999020576477
2018-08-24,2018-08-25 10:00:00,0.2355470061302185,0.13126903772354126
2018-08-24,2018-08-25 10:15:00,0.16523399949073792,0.07593321055173874
2018-08-24,2018-08-25 10:30:00,0.03867200016975403,0.12374040484428406
2018-08-24,2018-08-25 10:45:00,0.0,0.04049277678132057
2018-08-24,2018-08-25 11:00:00,0.0,0.0691366046667099
2018-08-24,2018-08-25 11:15:00,0.0,0.008590617217123508
2018-08-24,2018-08-25 11:30:00,0.0,0.04842779412865639
2018-08-24,2018-08-25 11:45:00,0.0,0.07173209637403488
2018-08-24,2018-08-25 12:00:00,0.0,0.0536445714533329
2018-08-24,2018-08-25 12:15:00,0.0,0.07193677127361298
2018-08-24,2018-08-25 12:30:00,0.0,0.04616599157452583
2018-08-24,2018-08-25 12:45:00,0.0,0.11585869640111923
2018-08-24,2018-08-25 13:00:00,0.0,0.04251105710864067
2018-08-24,2018-08-25 13:15:00,0.0,0.050263844430446625
2018-08-24,2018-08-25 13:30:00,0.0,0.02973831258714199
2018-08-24,2018-08-25 13:45:00,0.0,0.050025563687086105
2018-08-24,2018-08-25 14:00:00,0.0,0.019263172522187233
2018-08-24,2018-08-25 14:15:00,0.0,0.07559838891029358
2018-08-24,2018-08-25 14:30:00,0.0,0.00641536945477128
2018-08-24,2018-08-25 14:45:00,0.0,0.002436629496514797
2018-08-24,2018-08-25 15:00:00,0.0,0.0
2018-08-24,2018-08-25 15:15:00,0.0,0.0
2018-08-24,2018-08-25 15:30:00,0.0,0.0
2018-08-24,2018-08-25 15:45:00,0.0,0.0
2018-08-24,2018-08-25 16:00:00,0.0,0.0
2018-08-24,2018-08-25 16:15:00,0.0,0.0
2018-08-24,2018-08-25 16:30:00,0.0,0.0
2018-08-24,2018-08-25 16:45:00,0.0,0.0
2018-08-24,2018-08-25 17:00:00,0.0,0.0
2018-08-24,2018-08-25 17:15:00,0.0,0.0
2018-08-24,2018-08-25 17:30:00,0.0,0.0
2018-08-24,2018-08-25 17:45:00,0.0,0.0
2018-08-24,2018-08-25 18:00:00,0.0,0.0
2018-08-24,2018-08-25 18:15:00,0.0,0.0
2018-08-24,2018-08-25 18:30:00,0.0,0.0
2018-08-24,2018-08-25 18:45:00,0.0,0.0
2018-08-24,2018-08-25 19:00:00,0.0,0.0
2018-08-24,2018-08-25 19:15:00,0.0,0.0
2018-08-24,2018-08-25 19:30:00,0.0,0.0
2018-08-24,2018-08-25 19:45:00,0.0,0.0
2018-08-24,2018-08-25 20:00:00,0.0,0.009540233761072159
2018-08-24,2018-08-25 20:15:00,0.0,0.09362354129552841
2018-08-24,2018-08-25 20:30:00,0.0,0.018137838691473007
2018-08-24,2018-08-25 20:45:00,0.0,0.11320946365594864
2018-08-24,2018-08-25 21:00:00,0.0,0.10781639069318771
2018-08-24,2018-08-25 21:15:00,0.0,0.10025131702423096
2018-08-24,2018-08-25 21:30:00,0.0,0.1145876795053482
2018-08-24,2018-08-25 21:45:00,0.0,0.1628643125295639
2018-08-24,2018-08-25 22:00:00,0.0,0.26618537306785583
2018-08-24,2018-08-25 22:15:00,0.031640999019145966,0.29727092385292053
2018-08-24,2018-08-25 22:30:00,0.12304700165987015,0.4290943145751953
2018-08-24,2018-08-25 22:45:00,0.17226600646972656,0.4570302367210388
2018-08-24,2018-08-25 23:00:00,0.3550780117511749,0.6041519045829773
2018-08-24,2018-08-25 23:15:00,0.6503909826278687,0.6955379843711853
2018-08-24,2018-08-25 23:30:00,0.6398440003395081,0.782426655292511
2018-08-24,2018-08-25 23:45:00,1.068750023841858,0.9200664162635803
2018-08-25,2018-08-26 00:00:00,1.2867189645767212,1.260549783706665
2018-08-25,2018-08-26 00:15:00,1.504686951637268,1.470130205154419
2018-08-25,2018-08-26 00:30:00,1.7472660541534424,1.6009533405303955
2018-08-25,2018-08-26 00:45:00,1.9160159826278687,1.7394078969955444
2018-08-25,2018-08-26 01:00:00,2.1691410541534424,1.8686679601669312
2018-08-25,2018-08-26 01:15:00,2.3097660541534424,2.110013008117676
2018-08-25,2018-08-26 01:30:00,2.636718988418579,2.2873284816741943
2018-08-25,2018-08-26 01:45:00,2.7703120708465576,2.409189224243164
2018-08-25,2018-08-26 02:00:00,2.8722660541534424,2.53165340423584
2018-08-25,2018-08-26 02:15:00,3.086719036102295,2.65506911277771
2018-08-25,2018-08-26 02:30:00,3.1886720657348633,2.788817882537842
2018-08-25,2018-08-26 02:45:00,3.181641101837158,2.944807291030884
2018-08-25,2018-08-26 03:00:00,3.3257811069488525,3.044585943222046
2018-08-25,2018-08-26 03:15:00,3.3785150051116943,3.0827367305755615
2018-08-25,2018-08-26 03:30:00,3.357422113418579,3.213317394256592
2018-08-25,2018-08-26 03:45:00,3.38906192779541,3.2528982162475586
2018-08-25,2018-08-26 04:00:00,3.403125047683716,3.2763586044311523
2018-08-25,2018-08-26 04:15:00,3.4488279819488525,3.361767053604126
2018-08-25,2018-08-26 04:30:00,3.427733898162842,3.307955265045166
2018-08-25,2018-08-26 04:45:00,3.3960940837860107,3.3654162883758545
2018-08-25,2018-08-26 05:00:00,3.2730469703674316,3.3604235649108887
2018-08-25,2018-08-26 05:15:00,3.403125047683716,3.3532464504241943
2018-08-25,2018-08-26 05:30:00,3.364453077316284,3.2663443088531494
2018-08-25,2018-08-26 05:45:00,2.9742190837860107,3.1772005558013916
2018-08-25,2018-08-26 06:00:00,3.058593988418579,3.1116604804992676
2018-08-25,2018-08-26 06:15:00,2.0636720657348633,2.9310359954833984
2018-08-25,2018-08-26 06:30:00,2.882812023162842,2.7159907817840576
2018-08-25,2018-08-26 06:45:00,2.443358898162842,2.6316099166870117
2018-08-25,2018-08-26 07:00:00,2.239453077316284,2.435586929321289
2018-08-25,2018-08-26 07:15:00,2.373047113418579,2.257544755935669
2018-08-25,2018-08-26 07:30:00,2.151561975479126,2.0916247367858887
2018-08-25,2018-08-26 07:45:00,1.9933589696884155,1.8611974716186523
2018-08-25,2018-08-26 08:00:00,1.7824219465255737,1.5960923433303833
2018-08-25,2018-08-26 08:15:00,1.5785160064697266,1.3906757831573486
2018-08-25,2018-08-26 08:30:00,1.3921869993209839,1.1468591690063477
2018-08-25,2018-08-26 08:45:00,1.019531011581421,0.9714409708976746
2018-08-25,2018-08-26 09:00:00,0.44999998807907104,0.9031766057014465
2018-08-25,2018-08-26 09:15:00,0.42539098858833313,0.6799898147583008
2018-08-25,2018-08-26 09:30:00,0.37968701124191284,0.5766278505325317
2018-08-25,2018-08-26 09:45:00,0.29882800579071045,0.5045704245567322
2018-08-25,2018-08-26 10:00:00,0.291797012090683,0.3249947428703308
2018-08-25,2018-08-26 10:15:00,0.1757809966802597,0.21883083879947662
2018-08-25,2018-08-26 10:30:00,0.024608999490737915,0.2575220465660095
2018-08-25,2018-08-26 10:45:00,0.0,0.19190043210983276
2018-08-25,2018-08-26 11:00:00,0.0,0.19948799908161163
2018-08-25,2018-08-26 11:15:00,0.0,0.07049475610256195
2018-08-25,2018-08-26 11:30:00,0.0,0.10335517674684525
2018-08-25,2018-08-26 11:45:00,0.0,0.15257498621940613
2018-08-25,2018-08-26 12:00:00,0.0,0.08125849813222885
2018-08-25,2018-08-26 12:15:00,0.0,0.12814836204051971
2018-08-25,2018-08-26 12:30:00,0.0,0.08015596866607666
2018-08-25,2018-08-26 12:45:00,0.0,0.1330370455980301
2018-08-25,2018-08-26 13:00:00,0.0,0.021921703591942787
2018-08-25,2018-08-26 13:15:00,0.0,0.0
2018-08-25,2018-08-26 13:30:00,0.0,0.0
2018-08-25,2018-08-26 13:45:00,0.0,0.03362938389182091
2018-08-25,2018-08-26 14:00:00,0.0,0.0
2018-08-25,2018-08-26 14:15:00,0.0,0.0
2018-08-25,2018-08-26 14:30:00,0.0,0.0
2018-08-25,2018-08-26 14:45:00,0.0,0.0
2018-08-25,2018-08-26 15:00:00,0.0,0.0
2018-08-25,2018-08-26 15:15:00,0.0,0.0
2018-08-25,2018-08-26 15:30:00,0.0,0.0
2018-08-25,2018-08-26 15:45:00,0.0,0.0
2018-08-25,2018-08-26 16:00:00,0.0,0.0
2018-08-25,2018-08-26 16:15:00,0.0,0.0
2018-08-25,2018-08-26 16:30:00,0.0,0.0
2018-08-25,2018-08-26 16:45:00,0.0,0.0
2018-08-25,2018-08-26 17:00:00,0.0,0.0
2018-08-25,2018-08-26 17:15:00,0.0,0.0
2018-08-25,2018-08-26 17:30:00,0.0,0.0
2018-08-25,2018-08-26 17:45:00,0.0,0.0
2018-08-25,2018-08-26 18:00:00,0.0,0.0
2018-08-25,2018-08-26 18:15:00,0.0,0.0
2018-08-25,2018-08-26 18:30:00,0.0,0.0
2018-08-25,2018-08-26 18:45:00,0.0,0.0
2018-08-25,2018-08-26 19:00:00,0.0,0.0
2018-08-25,2018-08-26 19:15:00,0.0,0.0
2018-08-25,2018-08-26 19:30:00,0.0,0.0
2018-08-25,2018-08-26 19:45:00,0.0,0.0
2018-08-25,2018-08-26 20:00:00,0.0,0.0
2018-08-25,2018-08-26 20:15:00,0.0,0.0004784395860042423
2018-08-25,2018-08-26 20:30:00,0.0,0.0
2018-08-25,2018-08-26 20:45:00,0.0,0.05021863803267479
2018-08-25,2018-08-26 21:00:00,0.0,0.02680261619389057
2018-08-25,2018-08-26 21:15:00,0.0,0.07369165122509003
2018-08-25,2018-08-26 21:30:00,0.0,0.09874095022678375
2018-08-25,2018-08-26 21:45:00,0.0,0.12206142395734787
2018-08-25,2018-08-26 22:00:00,0.0,0.2031751126050949
2018-08-25,2018-08-26 22:15:00,0.0,0.2829422354698181
2018-08-25,2018-08-26 22:30:00,0.20390599966049194,0.35162535309791565
2018-08-25,2018-08-26 22:45:00,0.31992200016975403,0.3527095317840576
2018-08-25,2018-08-26 23:00:00,0.46054700016975403,0.5452240109443665
2018-08-25,2018-08-26 23:15:00,0.6328120231628418,0.6344160437583923
2018-08-25,2018-08-26 23:30:00,0.8824219703674316,0.6993469595909119
2018-08-25,2018-08-26 23:45:00,1.125,0.8420330882072449
2018-08-26,2018-08-27 00:00:00,1.2972660064697266,1.1082420349121094
2018-08-26,2018-08-27 00:15:00,1.181249976158142,1.3281100988388062
2018-08-26,2018-08-27 00:30:00,1.8878910541534424,1.548535704612732
2018-08-26,2018-08-27 00:45:00,2.021483898162842,1.738467812538147
2018-08-26,2018-08-27 01:00:00,2.285156011581421,1.9037176370620728
2018-08-26,2018-08-27 01:15:00,2.478516101837158,2.1082704067230225
2018-08-26,2018-08-27 01:30:00,2.6578121185302734,2.319091558456421
2018-08-26,2018-08-27 01:45:00,2.8441410064697266,2.4469587802886963
2018-08-26,2018-08-27 02:00:00,3.121875047683716,2.53662371635437
2018-08-26,2018-08-27 02:15:00,3.287108898162842,2.6284615993499756
2018-08-26,2018-08-27 02:30:00,2.3097660541534424,2.801182985305786
2018-08-26,2018-08-27 02:45:00,3.427733898162842,2.935279607772827
2018-08-26,2018-08-27 03:00:00,2.2113280296325684,3.010418653488159
2018-08-26,2018-08-27 03:15:00,3.4699220657348633,3.0687854290008545
2018-08-26,2018-08-27 03:30:00,3.1500000953674316,3.1235523223876953
2018-08-26,2018-08-27 03:45:00,3.410156011581421,3.1470396518707275
2018-08-26,2018-08-27 04:00:00,4.151953220367432,3.172088384628296
2018-08-26,2018-08-27 04:15:00,3.67031192779541,3.179208278656006
2018-08-26,2018-08-27 04:30:00,3.5964839458465576,3.1498634815216064
2018-08-26,2018-08-27 04:45:00,3.7230470180511475,3.0776028633117676
2018-08-26,2018-08-27 05:00:00,2.5804688930511475,3.074430227279663
2018-08-26,2018-08-27 05:15:00,2.696484088897705,3.034550666809082
2018-08-26,2018-08-27 05:30:00,4.310155868530273,2.9909613132476807
2018-08-26,2018-08-27 05:45:00,2.8441410064697266,2.7831790447235107
2018-08-26,2018-08-27 06:00:00,3.4839839935302734,2.678966999053955
2018-08-26,2018-08-27 06:15:00,3.5964839458465576,2.5004336833953857
2018-08-26,2018-08-27 06:30:00,3.3363280296325684,2.2653372287750244
2018-08-26,2018-08-27 06:45:00,3.367969036102295,2.1386168003082275
2018-08-26,2018-08-27 07:00:00,3.0269529819488525,1.8983532190322876
2018-08-26,2018-08-27 07:15:00,3.0550780296325684,1.7873598337173462
2018-08-26,2018-08-27 07:30:00,2.8968749046325684,1.4826213121414185
2018-08-26,2018-08-27 07:45:00,2.7351560592651367,1.3131108283996582
2018-08-26,2018-08-27 08:00:00,2.3765621185302734,1.0565022230148315
2018-08-26,2018-08-27 08:15:00,1.7015620470046997,0.8641501665115356
2018-08-26,2018-08-27 08:30:00,2.2886719703674316,0.7328843474388123
2018-08-26,2018-08-27 08:45:00,2.0144529342651367,0.539360523223877
2018-08-26,2018-08-27 09:00:00,0.6679689884185791,0.41421088576316833
2018-08-26,2018-08-27 09:15:00,0.5695310235023499,0.3265776038169861
2018-08-26,2018-08-27 09:30:00,0.5695310235023499,0.21548885107040405
2018-08-26,2018-08-27 09:45:00,0.4921880066394806,0.1424875557422638
2018-08-26,2018-08-27 10:00:00,0.42890599370002747,0.05187619850039482
2018-08-26,2018-08-27 10:15:00,0.15820300579071045,0.04019176587462425
2018-08-26,2018-08-27 10:30:00,0.03515600040555,0.06447495520114899
2018-08-26,2018-08-27 10:45:00,0.0,0.08283746242523193
2018-08-26,2018-08-27 11:00:00,0.0,0.0990491658449173
2018-08-26,2018-08-27 11:15:00,0.0,0.03363370522856712
2018-08-26,2018-08-27 11:30:00,0.0,0.10866355150938034
2018-08-26,2018-08-27 11:45:00,0.0,0.07456188648939133
2018-08-26,2018-08-27 12:00:00,0.0,0.09386786073446274
2018-08-26,2018-08-27 12:15:00,0.0,0.09197480231523514
2018-08-26,2018-08-27 12:30:00,0.0,0.06769075989723206
2018-08-26,2018-08-27 12:45:00,0.0,0.15196245908737183
2018-08-26,2018-08-27 13:00:00,0.0,0.05846896767616272
2018-08-26,2018-08-27 13:15:00,0.0,0.05603852495551109
2018-08-26,2018-08-27 13:30:00,0.0,0.1379045844078064
2018-08-26,2018-08-27 13:45:00,0.0,0.15192201733589172
2018-08-26,2018-08-27 14:00:00,0.0,0.08085025101900101
2018-08-26,2018-08-27 14:15:00,0.0,0.05973502993583679
2018-08-26,2018-08-27 14:30:00,0.0,0.040428049862384796
2018-08-26,2018-08-27 14:45:00,0.0,0.0
2018-08-26,2018-08-27 15:00:00,0.0,0.039370641112327576
2018-08-26,2018-08-27 15:15:00,0.0,0.03436156362295151
2018-08-26,2018-08-27 15:30:00,0.0,0.0
2018-08-26,2018-08-27 15:45:00,0.0,0.0
2018-08-26,2018-08-27 16:00:00,0.0,0.0
2018-08-26,2018-08-27 16:15:00,0.0,0.0
2018-08-26,2018-08-27 16:30:00,0.0,0.007269187830388546
2018-08-26,2018-08-27 16:45:00,0.0,0.0
2018-08-26,2018-08-27 17:00:00,0.0,0.0
2018-08-26,2018-08-27 17:15:00,0.0,0.0
2018-08-26,2018-08-27 17:30:00,0.0,0.0
2018-08-26,2018-08-27 17:45:00,0.0,0.0
2018-08-26,2018-08-27 18:00:00,0.0,0.0
2018-08-26,2018-08-27 18:15:00,0.0,0.0
2018-08-26,2018-08-27 18:30:00,0.0,0.0
2018-08-26,2018-08-27 18:45:00,0.0,0.0
2018-08-26,2018-08-27 19:00:00,0.0,0.0
2018-08-26,2018-08-27 19:15:00,0.0,0.0
2018-08-26,2018-08-27 19:30:00,0.0,0.0
2018-08-26,2018-08-27 19:45:00,0.0,0.0
2018-08-26,2018-08-27 20:00:00,0.0,0.0
2018-08-26,2018-08-27 20:15:00,0.0,0.03970130905508995
2018-08-26,2018-08-27 20:30:00,0.0,0.0
2018-08-26,2018-08-27 20:45:00,0.0,0.0038170646876096725
2018-08-26,2018-08-27 21:00:00,0.0,0.005456044804304838
2018-08-26,2018-08-27 21:15:00,0.0,0.04744920879602432
2018-08-26,2018-08-27 21:30:00,0.0,0.06881316751241684
2018-08-26,2018-08-27 21:45:00,0.0,0.17275945842266083
2018-08-26,2018-08-27 22:00:00,0.003515999997034669,0.22108905017375946
2018-08-26,2018-08-27 22:15:00,0.0,0.25947341322898865
2018-08-26,2018-08-27 22:30:00,0.19687500596046448,0.4453287720680237
2018-08-26,2018-08-27 22:45:00,0.31992200016975403,0.48985832929611206
2018-08-26,2018-08-27 23:00:00,0.3410159945487976,0.7315859794616699
2018-08-26,2018-08-27 23:15:00,0.5519530177116394,0.8494812250137329
2018-08-26,2018-08-27 23:30:00,0.5660160183906555,1.000105619430542
2018-08-26,2018-08-27 23:45:00,0.731249988079071,1.193311095237732
2018-08-27,2018-08-28 00:00:00,0.935155987739563,1.176971435546875
2018-08-27,2018-08-28 00:15:00,1.8738280534744263,1.3812872171401978
2018-08-27,2018-08-28 00:30:00,1.2269530296325684,1.552168607711792
2018-08-27,2018-08-28 00:45:00,1.4660160541534424,1.7502403259277344
2018-08-27,2018-08-28 01:00:00,1.7507810592651367,1.9159696102142334
2018-08-27,2018-08-28 01:15:00,2.742187976837158,2.150641441345215
2018-08-27,2018-08-28 01:30:00,2.8441410064697266,2.350595474243164
2018-08-27,2018-08-28 01:45:00,3.065624952316284,2.512326240539551
2018-08-27,2018-08-28 02:00:00,3.258984088897705,2.6646196842193604
2018-08-27,2018-08-28 02:15:00,3.4066410064697266,2.7831623554229736
2018-08-27,2018-08-28 02:30:00,3.5999999046325684,2.9729485511779785
2018-08-27,2018-08-28 02:45:00,3.628124952316284,3.18082857131958
2018-08-27,2018-08-28 03:00:00,3.6597650051116943,3.2407524585723877
2018-08-27,2018-08-28 03:15:00,3.7335939407348633,3.328367233276367
2018-08-27,2018-08-28 03:30:00,3.789844036102295,3.557529926300049
2018-08-27,2018-08-28 03:45:00,3.7828121185302734,3.5296218395233154
2018-08-27,2018-08-28 04:00:00,3.867187976837158,3.5800442695617676
2018-08-27,2018-08-28 04:15:00,3.825000047683716,3.7030577659606934
2018-08-27,2018-08-28 04:30:00,3.786328077316284,3.649240493774414
2018-08-27,2018-08-28 04:45:00,3.796875,3.7604548931121826
2018-08-27,2018-08-28 05:00:00,3.744141101837158,3.7265915870666504
2018-08-27,2018-08-28 05:15:00,3.6527340412139893,3.702120542526245
2018-08-27,2018-08-28 05:30:00,3.628124952316284,3.598606824874878
2018-08-27,2018-08-28 05:45:00,3.5964839458465576,3.480381727218628
2018-08-27,2018-08-28 06:00:00,3.515625,3.4138669967651367
2018-08-27,2018-08-28 06:15:00,3.4347660541534424,3.2378780841827393
2018-08-27,2018-08-28 06:30:00,3.3257811069488525,3.0299108028411865
2018-08-27,2018-08-28 06:45:00,3.1851561069488525,2.8830580711364746
2018-08-27,2018-08-28 07:00:00,3.0164060592651367,2.706996440887451
2018-08-27,2018-08-28 07:15:00,2.840625047683716,2.5432145595550537
2018-08-27,2018-08-28 07:30:00,2.629688024520874,2.3542776107788086
2018-08-27,2018-08-28 07:45:00,2.425781011581421,2.1605124473571777
2018-08-27,2018-08-28 08:00:00,2.1832029819488525,1.8687324523925781
2018-08-27,2018-08-28 08:15:00,1.9160159826278687,1.6503835916519165
2018-08-27,2018-08-28 08:30:00,1.680469036102295,1.4153352975845337
2018-08-27,2018-08-28 08:45:00,1.4449219703674316,1.2161530256271362
2018-08-27,2018-08-28 09:00:00,1.1496089696884155,1.0632487535476685
2018-08-27,2018-08-28 09:15:00,0.9246090054512024,0.8768029808998108
2018-08-27,2018-08-28 09:30:00,0.6785159707069397,0.699145495891571
2018-08-27,2018-08-28 09:45:00,0.4781250059604645,0.5978873372077942
2018-08-27,2018-08-28 10:00:00,0.3023439943790436,0.42298081517219543
2018-08-27,2018-08-28 10:15:00,0.16171899437904358,0.28831207752227783
2018-08-27,2018-08-28 10:30:00,0.03867200016975403,0.2869739532470703
2018-08-27,2018-08-28 10:45:00,0.0,0.18284906446933746
2018-08-27,2018-08-28 11:00:00,0.0,0.1836850494146347
2018-08-27,2018-08-28 11:15:00,0.0,0.05643042176961899
2018-08-27,2018-08-28 11:30:00,0.0,0.07105036079883575
2018-08-27,2018-08-28 11:45:00,0.0,0.11711388826370239
2018-08-27,2018-08-28 12:00:00,0.0,0.013657322153449059
2018-08-27,2018-08-28 12:15:00,0.0,0.058132875710725784
2018-08-27,2018-08-28 12:30:00,0.0,0.0
2018-08-27,2018-08-28 12:45:00,0.0,0.07645206898450851
2018-08-27,2018-08-28 13:00:00,0.0,0.0
2018-08-27,2018-08-28 13:15:00,0.0,0.0
2018-08-27,2018-08-28 13:30:00,0.0,0.0
2018-08-27,2018-08-28 13:45:00,0.0,0.007884691469371319
2018-08-27,2018-08-28 14:00:00,0.0,0.0
2018-08-27,2018-08-28 14:15:00,0.0,0.0
2018-08-27,2018-08-28 14:30:00,0.0,0.0
2018-08-27,2018-08-28 14:45:00,0.0,0.0
2018-08-27,2018-08-28 15:00:00,0.0,0.0
2018-08-27,2018-08-28 15:15:00,0.0,0.0
2018-08-27,2018-08-28 15:30:00,0.0,0.0
2018-08-27,2018-08-28 15:45:00,0.0,0.0
2018-08-27,2018-08-28 16:00:00,0.0,0.0
2018-08-27,2018-08-28 16:15:00,0.0,0.0
2018-08-27,2018-08-28 16:30:00,0.0,0.0
2018-08-27,2018-08-28 16:45:00,0.0,0.0
2018-08-27,2018-08-28 17:00:00,0.0,0.0
2018-08-27,2018-08-28 17:15:00,0.0,0.0
2018-08-27,2018-08-28 17:30:00,0.0,0.0
2018-08-27,2018-08-28 17:45:00,0.0,0.0
2018-08-27,2018-08-28 18:00:00,0.0,0.0
2018-08-27,2018-08-28 18:15:00,0.0,0.0
2018-08-27,2018-08-28 18:30:00,0.0,0.0
2018-08-27,2018-08-28 18:45:00,0.0,0.0
2018-08-27,2018-08-28 19:00:00,0.0,0.0
2018-08-27,2018-08-28 19:15:00,0.0,0.0
2018-08-27,2018-08-28 19:30:00,0.0,0.0
2018-08-27,2018-08-28 19:45:00,0.0,0.0
2018-08-27,2018-08-28 20:00:00,0.0,0.0
2018-08-27,2018-08-28 20:15:00,0.0,0.031234286725521088
2018-08-27,2018-08-28 20:30:00,0.0,0.008569585159420967
2018-08-27,2018-08-28 20:45:00,0.0,0.010230358690023422
2018-08-27,2018-08-28 21:00:00,0.0,0.0
2018-08-27,2018-08-28 21:15:00,0.0,0.0
2018-08-27,2018-08-28 21:30:00,0.0,0.0
2018-08-27,2018-08-28 21:45:00,0.0,0.015409814193844795
2018-08-27,2018-08-28 22:00:00,0.0,0.0
2018-08-27,2018-08-28 22:15:00,0.0,0.0403057225048542
2018-08-27,2018-08-28 22:30:00,0.0,0.11308474093675613
2018-08-27,2018-08-28 22:45:00,0.21796900033950806,0.12371347844600677
2018-08-27,2018-08-28 23:00:00,0.3164060115814209,0.21482093632221222
2018-08-27,2018-08-28 23:15:00,0.3058589994907379,0.29293420910835266
2018-08-27,2018-08-28 23:30:00,0.28125,0.3944185674190521
2018-08-27,2018-08-28 23:45:00,0.4007810056209564,0.5604340434074402
2018-08-28,2018-08-29 00:00:00,0.28828099370002747,0.7674710750579834
2018-08-28,2018-08-29 00:15:00,0.5203120112419128,0.9124228954315186
2018-08-28,2018-08-29 00:30:00,0.7593749761581421,1.1235977411270142
2018-08-28,2018-08-29 00:45:00,1.0863280296325684,1.2648224830627441
2018-08-28,2018-08-29 01:00:00,1.3816410303115845,1.4512248039245605
2018-08-28,2018-08-29 01:15:00,2.566406011581421,1.5677354335784912
2018-08-28,2018-08-29 01:30:00,2.3871090412139893,1.742727518081665
2018-08-28,2018-08-29 01:45:00,2.292186975479126,1.8621037006378174
2018-08-28,2018-08-29 02:00:00,2.4398438930511475,1.969314694404602
2018-08-28,2018-08-29 02:15:00,2.759766101837158,1.9850438833236694
2018-08-28,2018-08-29 02:30:00,3.7828121185302734,2.139930009841919
2018-08-28,2018-08-29 02:45:00,3.786328077316284,2.285841226577759
2018-08-28,2018-08-29 03:00:00,3.7722649574279785,2.3260226249694824
2018-08-28,2018-08-29 03:15:00,3.638672113418579,2.4048044681549072
2018-08-28,2018-08-29 03:30:00,3.7546870708465576,2.3961312770843506
2018-08-28,2018-08-29 03:45:00,3.779297113418579,2.4303908348083496
2018-08-28,2018-08-29 04:00:00,3.67031192779541,2.481199264526367
2018-08-28,2018-08-29 04:15:00,3.6140620708465576,2.4547412395477295
2018-08-28,2018-08-29 04:30:00,3.726562023162842,2.4559192657470703
2018-08-28,2018-08-29 04:45:00,3.2941410541534424,2.4455738067626953
2018-08-28,2018-08-29 05:00:00,3.5753910541534424,2.408395290374756
2018-08-28,2018-08-29 05:15:00,3.462891101837158,2.3580594062805176
2018-08-28,2018-08-29 05:30:00,3.3292970657348633,2.3586645126342773
2018-08-28,2018-08-29 05:45:00,3.4382810592651367,2.158496141433716
2018-08-28,2018-08-29 06:00:00,3.5894529819488525,2.0610833168029785
2018-08-28,2018-08-29 06:15:00,3.5015621185302734,1.9140678644180298
2018-08-28,2018-08-29 06:30:00,3.375,1.7080481052398682
2018-08-28,2018-08-29 06:45:00,3.2554690837860107,1.613724946975708
2018-08-28,2018-08-29 07:00:00,3.086719036102295,1.402403712272644
2018-08-28,2018-08-29 07:15:00,2.924999952316284,1.2916804552078247
2018-08-28,2018-08-29 07:30:00,2.682421922683716,0.9966093897819519
2018-08-28,2018-08-29 07:45:00,2.460937976837158,0.9108098745346069
2018-08-28,2018-08-29 08:00:00,2.197266101837158,0.7203245759010315
2018-08-28,2018-08-29 08:15:00,1.9828120470046997,0.5152680277824402
2018-08-28,2018-08-29 08:30:00,1.694530963897705,0.40989306569099426
2018-08-28,2018-08-29 08:45:00,1.3957029581069946,0.2607789635658264
2018-08-28,2018-08-29 09:00:00,1.1988279819488525,0.179072305560112
2018-08-28,2018-08-29 09:15:00,0.9492189884185791,0.12241332978010178
2018-08-28,2018-08-29 09:30:00,0.7207030057907104,0.08328422904014587
2018-08-28,2018-08-29 09:45:00,0.4886719882488251,0.0
2018-08-28,2018-08-29 10:00:00,0.3164060115814209,0.0
2018-08-28,2018-08-29 10:15:00,0.17226600646972656,0.0
2018-08-28,2018-08-29 10:30:00,0.03867200016975403,0.0
2018-08-28,2018-08-29 10:45:00,0.0,0.02339005470275879
2018-08-28,2018-08-29 11:00:00,0.0,0.02855897694826126
2018-08-28,2018-08-29 11:15:00,0.0,0.0
2018-08-28,2018-08-29 11:30:00,0.0,0.0844288095831871
2018-08-28,2018-08-29 11:45:00,0.0,0.05534805357456207
2018-08-28,2018-08-29 12:00:00,0.0,0.08273278176784515
2018-08-28,2018-08-29 12:15:00,0.0,0.0864470899105072
2018-08-28,2018-08-29 12:30:00,0.0,0.0709834098815918
2018-08-28,2018-08-29 12:45:00,0.0,0.13307680189609528
2018-08-28,2018-08-29 13:00:00,0.0,0.08614813536405563
2018-08-28,2018-08-29 13:15:00,0.0,0.04774734005331993
2018-08-28,2018-08-29 13:30:00,0.0,0.07895265519618988
2018-08-28,2018-08-29 13:45:00,0.0,0.09846986085176468
2018-08-28,2018-08-29 14:00:00,0.0,0.0725003182888031
2018-08-28,2018-08-29 14:15:00,0.0,0.03444048389792442
2018-08-28,2018-08-29 14:30:00,0.0,0.00722022308036685
2018-08-28,2018-08-29 14:45:00,0.0,0.0
2018-08-28,2018-08-29 15:00:00,0.0,0.0
2018-08-28,2018-08-29 15:15:00,0.0,0.0
2018-08-28,2018-08-29 15:30:00,0.0,0.0
2018-08-28,2018-08-29 15:45:00,0.0,0.0
2018-08-28,2018-08-29 16:00:00,0.0,0.0
2018-08-28,2018-08-29 16:15:00,0.0,0.0
2018-08-28,2018-08-29 16:30:00,0.0,0.0
2018-08-28,2018-08-29 16:45:00,0.0,0.0
2018-08-28,2018-08-29 17:00:00,0.0,0.0035848557017743587
2018-08-28,2018-08-29 17:15:00,0.0,0.0
2018-08-28,2018-08-29 17:30:00,0.0,0.0
2018-08-28,2018-08-29 17:45:00,0.0,0.0
2018-08-28,2018-08-29 18:00:00,0.0,0.0
2018-08-28,2018-08-29 18:15:00,0.0,0.0
2018-08-28,2018-08-29 18:30:00,0.0,0.0
2018-08-28,2018-08-29 18:45:00,0.0,0.0
2018-08-28,2018-08-29 19:00:00,0.0,0.01202322170138359
2018-08-28,2018-08-29 19:15:00,0.0,0.0
2018-08-28,2018-08-29 19:30:00,0.0,0.0
2018-08-28,2018-08-29 19:45:00,0.0,0.0
2018-08-28,2018-08-29 20:00:00,0.0,0.0007011942798271775
2018-08-28,2018-08-29 20:15:00,0.0,0.08966424316167831
2018-08-28,2018-08-29 20:30:00,0.0,0.0
2018-08-28,2018-08-29 20:45:00,0.0,0.10177246481180191
2018-08-28,2018-08-29 21:00:00,0.0,0.09291485697031021
2018-08-28,2018-08-29 21:15:00,0.0,0.12437071651220322
2018-08-28,2018-08-29 21:30:00,0.0,0.14622120559215546
2018-08-28,2018-08-29 21:45:00,0.0,0.20669680833816528
2018-08-28,2018-08-29 22:00:00,0.0,0.29722481966018677
2018-08-28,2018-08-29 22:15:00,0.0,0.3437671363353729
2018-08-28,2018-08-29 22:30:00,0.2003909945487976,0.5071855783462524
2018-08-28,2018-08-29 22:45:00,0.34453099966049194,0.5198913812637329
2018-08-28,2018-08-29 23:00:00,0.46406298875808716,0.7087827324867249
2018-08-28,2018-08-29 23:15:00,0.6328120231628418,0.7966846227645874
2018-08-28,2018-08-29 23:30:00,0.9597659707069397,0.9165787696838379
2018-08-28,2018-08-29 23:45:00,0.9140620231628418,1.0764554738998413
2018-08-29,2018-08-30 00:00:00,0.935155987739563,0.9615381956100464
2018-08-29,2018-08-30 00:15:00,0.7347660064697266,1.0934792757034302
2018-08-29,2018-08-30 00:30:00,1.694530963897705,1.3113255500793457
2018-08-29,2018-08-30 00:45:00,1.033594012260437,1.4710073471069336
2018-08-29,2018-08-30 01:00:00,1.3746089935302734,1.6570708751678467
2018-08-29,2018-08-30 01:15:00,2.348438024520874,1.736567735671997
2018-08-29,2018-08-30 01:30:00,1.4695310592651367,1.9147499799728394
2018-08-29,2018-08-30 01:45:00,1.5222660303115845,2.035954713821411
2018-08-29,2018-08-30 02:00:00,1.4378910064697266,2.11574649810791
2018-08-29,2018-08-30 02:15:00,1.2867189645767212,2.1094372272491455
2018-08-29,2018-08-30 02:30:00,1.1953120231628418,2.2390217781066895
2018-08-29,2018-08-30 02:45:00,1.223436951637268,2.3771750926971436
2018-08-29,2018-08-30 03:00:00,1.821094036102295,2.377213954925537
2018-08-29,2018-08-30 03:15:00,1.4097659587860107,2.429495334625244
2018-08-29,2018-08-30 03:30:00,0.9597659707069397,2.4286229610443115
2018-08-29,2018-08-30 03:45:00,1.0019530057907104,2.3672022819519043
2018-08-29,2018-08-30 04:00:00,0.9984380006790161,2.389425039291382
2018-08-29,2018-08-30 04:15:00,1.2550779581069946,2.345383644104004
2018-08-29,2018-08-30 04:30:00,1.8914060592651367,2.3239738941192627
2018-08-29,2018-08-30 04:45:00,1.3183590173721313,2.2610483169555664
2018-08-29,2018-08-30 05:00:00,1.2445310354232788,2.2058348655700684
2018-08-29,2018-08-30 05:15:00,1.3324220180511475,2.0786423683166504
2018-08-29,2018-08-30 05:30:00,1.230468988418579,2.0184624195098877
2018-08-29,2018-08-30 05:45:00,0.9386720061302185,1.816940188407898
2018-08-29,2018-08-30 06:00:00,0.9773439764976501,1.670507550239563
2018-08-29,2018-08-30 06:15:00,1.2867189645767212,1.5354536771774292
2018-08-29,2018-08-30 06:30:00,1.167186975479126,1.2970679998397827
2018-08-29,2018-08-30 06:45:00,1.1636719703674316,1.1706503629684448
2018-08-29,2018-08-30 07:00:00,0.935155987739563,0.9552963972091675
2018-08-29,2018-08-30 07:15:00,0.892969012260437,0.8816097378730774
2018-08-29,2018-08-30 07:30:00,1.0054689645767212,0.6021100282669067
2018-08-29,2018-08-30 07:45:00,1.8492189645767212,0.5225815176963806
2018-08-29,2018-08-30 08:00:00,1.089843988418579,0.3825002610683441
2018-08-29,2018-08-30 08:15:00,1.4941409826278687,0.19807492196559906
2018-08-29,2018-08-30 08:30:00,0.963280975818634,0.10885784029960632
2018-08-29,2018-08-30 08:45:00,0.5378909707069397,0.010185068473219872
2018-08-29,2018-08-30 09:00:00,0.24960899353027344,0.0
2018-08-29,2018-08-30 09:15:00,0.16171899437904358,0.0
2018-08-29,2018-08-30 09:30:00,0.042187999933958054,0.0
2018-08-29,2018-08-30 09:45:00,0.052733998745679855,0.0
2018-08-29,2018-08-30 10:00:00,0.010546999983489513,0.0
2018-08-29,2018-08-30 10:15:00,0.0,0.0
2018-08-29,2018-08-30 10:30:00,0.0,0.0
2018-08-29,2018-08-30 10:45:00,0.0,0.0
2018-08-29,2018-08-30 11:00:00,0.0,0.0
2018-08-29,2018-08-30 11:15:00,0.0,0.0
2018-08-29,2018-08-30 11:30:00,0.0,0.0741795226931572
2018-08-29,2018-08-30 11:45:00,0.0,0.06281881779432297
2018-08-29,2018-08-30 12:00:00,0.0,0.058990273624658585
2018-08-29,2018-08-30 12:15:00,0.0,0.0922488123178482
2018-08-29,2018-08-30 12:30:00,0.0,0.05687504634261131
2018-08-29,2018-08-30 12:45:00,0.0,0.12511923909187317
2018-08-29,2018-08-30 13:00:00,0.0,0.09846806526184082
2018-08-29,2018-08-30 13:15:00,0.0,0.07256551086902618
2018-08-29,2018-08-30 13:30:00,0.0,0.07893990725278854
2018-08-29,2018-08-30 13:45:00,0.0,0.09643742442131042
2018-08-29,2018-08-30 14:00:00,0.0,0.08520185202360153
2018-08-29,2018-08-30 14:15:00,0.0,0.050880689173936844
2018-08-29,2018-08-30 14:30:00,0.0,0.0005347429541870952
2018-08-29,2018-08-30 14:45:00,0.0,0.0
2018-08-29,2018-08-30 15:00:00,0.0,0.013735177926719189
2018-08-29,2018-08-30 15:15:00,0.0,0.015567747876048088
2018-08-29,2018-08-30 15:30:00,0.0,0.0
2018-08-29,2018-08-30 15:45:00,0.0,0.0
2018-08-29,2018-08-30 16:00:00,0.0,0.0
2018-08-29,2018-08-30 16:15:00,0.0,0.02075335569679737
2018-08-29,2018-08-30 16:30:00,0.0,0.0
2018-08-29,2018-08-30 16:45:00,0.0,0.0
2018-08-29,2018-08-30 17:00:00,0.0,0.04563198611140251
2018-08-29,2018-08-30 17:15:00,0.0,0.01748788356781006
2018-08-29,2018-08-30 17:30:00,0.0,0.055274847894907
2018-08-29,2018-08-30 17:45:00,0.0,0.058225132524967194
2018-08-29,2018-08-30 18:00:00,0.0,0.027696598321199417
2018-08-29,2018-08-30 18:15:00,0.0,0.04855387657880783
2018-08-29,2018-08-30 18:30:00,0.0,0.0028063408099114895
2018-08-29,2018-08-30 18:45:00,0.0,0.03589707240462303
2018-08-29,2018-08-30 19:00:00,0.0,0.08029181510210037
2018-08-29,2018-08-30 19:15:00,0.0,0.034992340952157974
2018-08-29,2018-08-30 19:30:00,0.0,0.03962695598602295
2018-08-29,2018-08-30 19:45:00,0.0,0.009723947383463383
2018-08-29,2018-08-30 20:00:00,0.0,0.020374467596411705
2018-08-29,2018-08-30 20:15:00,0.0,0.11465971916913986
2018-08-29,2018-08-30 20:30:00,0.0,0.006403906270861626
2018-08-29,2018-08-30 20:45:00,0.0,0.06704220175743103
2018-08-29,2018-08-30 21:00:00,0.0,0.002363259205594659
2018-08-29,2018-08-30 21:15:00,0.0,0.06026781350374222
2018-08-29,2018-08-30 21:30:00,0.0,0.048212867230176926
2018-08-29,2018-08-30 21:45:00,0.0,0.10917965322732925
2018-08-29,2018-08-30 22:00:00,0.0,0.17745652794837952
2018-08-29,2018-08-30 22:15:00,0.0,0.20903080701828003
2018-08-29,2018-08-30 22:30:00,0.024608999490737915,0.3816637396812439
2018-08-29,2018-08-30 22:45:00,0.07734400033950806,0.4210558235645294
2018-08-29,2018-08-30 23:00:00,0.26367199420928955,0.5365391969680786
2018-08-29,2018-08-30 23:15:00,0.23906299471855164,0.6522771120071411
2018-08-29,2018-08-30 23:30:00,0.291797012090683,0.7870058417320251
2018-08-29,2018-08-30 23:45:00,0.30937498807907104,0.9554645419120789
2018-08-30,2018-08-31 00:00:00,0.411327987909317,0.2919580936431885
2018-08-30,2018-08-31 00:15:00,0.5730469822883606,0.36019158363342285
2018-08-30,2018-08-31 00:30:00,0.5378909707069397,0.5590699911117554
2018-08-30,2018-08-31 00:45:00,0.4816409945487976,0.629817008972168
2018-08-30,2018-08-31 01:00:00,1.1285159587860107,0.8327878713607788
2018-08-30,2018-08-31 01:15:00,1.1917970180511475,0.879681408405304
2018-08-30,2018-08-31 01:30:00,1.2761720418930054,1.0096843242645264
2018-08-30,2018-08-31 01:45:00,0.5695310235023499,1.0948054790496826
2018-08-30,2018-08-31 02:00:00,0.4675779938697815,1.1926871538162231
2018-08-30,2018-08-31 02:15:00,0.48515599966049194,1.2225472927093506
2018-08-30,2018-08-31 02:30:00,0.9667969942092896,1.3175898790359497
2018-08-30,2018-08-31 02:45:00,1.8175779581069946,1.4923624992370605
2018-08-30,2018-08-31 03:00:00,2.091797113418579,1.4583852291107178
2018-08-30,2018-08-31 03:15:00,1.722656011581421,1.5791586637496948
2018-08-30,2018-08-31 03:30:00,1.0933589935302734,1.580122947692871
2018-08-30,2018-08-31 03:45:00,1.1460939645767212,1.6031454801559448
2018-08-30,2018-08-31 04:00:00,1.364061951637268,1.6688268184661865
2018-08-30,2018-08-31 04:15:00,1.3746089935302734,1.6503559350967407
2018-08-30,2018-08-31 04:30:00,1.132030963897705,1.6492282152175903
2018-08-30,2018-08-31 04:45:00,0.5800780057907104,1.7298941612243652
2018-08-30,2018-08-31 05:00:00,0.7875000238418579,1.6383755207061768
2018-08-30,2018-08-31 05:15:00,0.7101560235023499,1.597799301147461
2018-08-30,2018-08-31 05:30:00,0.5554689764976501,1.6357895135879517
2018-08-30,2018-08-31 05:45:00,0.6328120231628418,1.4925354719161987
2018-08-30,2018-08-31 06:00:00,1.1109369993209839,1.4772361516952515
2018-08-30,2018-08-31 06:15:00,1.082811951637268,1.3398637771606445
2018-08-30,2018-08-31 06:30:00,0.9210940003395081,1.2244937419891357
2018-08-30,2018-08-31 06:45:00,0.8402339816093445,1.1796650886535645
2018-08-30,2018-08-31 07:00:00,0.6398440003395081,1.0482512712478638
2018-08-30,2018-08-31 07:15:00,0.7628909945487976,1.0247331857681274
2018-08-30,2018-08-31 07:30:00,0.8789060115814209,0.7700268030166626
2018-08-30,2018-08-31 07:45:00,0.6292970180511475,0.7740214467048645
2018-08-30,2018-08-31 08:00:00,0.4464839994907379,0.6769145131111145
2018-08-30,2018-08-31 08:15:00,0.3621090054512024,0.5834614038467407
2018-08-30,2018-08-31 08:30:00,0.37968701124191284,0.44767990708351135
2018-08-30,2018-08-31 08:45:00,0.42890599370002747,0.38373705744743347
2018-08-30,2018-08-31 09:00:00,0.3023439943790436,0.28104761242866516
2018-08-30,2018-08-31 09:15:00,0.21445299685001373,0.2381579577922821
2018-08-30,2018-08-31 09:30:00,0.18984399735927582,0.23192518949508667
2018-08-30,2018-08-31 09:45:00,0.049219001084566116,0.13919076323509216
2018-08-30,2018-08-31 10:00:00,0.049219001084566116,0.13599054515361786
2018-08-30,2018-08-31 10:15:00,0.010546999983489513,0.06316529959440231
2018-08-30,2018-08-31 10:30:00,0.0,0.05504827946424484
2018-08-30,2018-08-31 10:45:00,0.0,0.02460562437772751
2018-08-30,2018-08-31 11:00:00,0.0,0.07621874660253525
2018-08-30,2018-08-31 11:15:00,0.0,0.04613718390464783
2018-08-30,2018-08-31 11:30:00,0.0,0.09819316864013672
2018-08-30,2018-08-31 11:45:00,0.0,0.04301217943429947
2018-08-30,2018-08-31 12:00:00,0.0,0.045078109949827194
2018-08-30,2018-08-31 12:15:00,0.0,0.06341072171926498
2018-08-30,2018-08-31 12:30:00,0.0,0.03629392385482788
2018-08-30,2018-08-31 12:45:00,0.0,0.09426742792129517
2018-08-30,2018-08-31 13:00:00,0.0,0.06747585535049438
2018-08-30,2018-08-31 13:15:00,0.0,0.02453102357685566
2018-08-30,2018-08-31 13:30:00,0.0,0.01702544093132019
2018-08-30,2018-08-31 13:45:00,0.0,0.07973480224609375
2018-08-30,2018-08-31 14:00:00,0.0,0.06796872615814209
2018-08-30,2018-08-31 14:15:00,0.0,0.01032133586704731
2018-08-30,2018-08-31 14:30:00,0.0,0.0
2018-08-30,2018-08-31 14:45:00,0.0,0.0
2018-08-30,2018-08-31 15:00:00,0.0,0.023871921002864838
2018-08-30,2018-08-31 15:15:00,0.0,0.0
2018-08-30,2018-08-31 15:30:00,0.0,0.0
2018-08-30,2018-08-31 15:45:00,0.0,0.0
2018-08-30,2018-08-31 16:00:00,0.0,0.0
2018-08-30,2018-08-31 16:15:00,0.0,0.0019856677390635014
2018-08-30,2018-08-31 16:30:00,0.0,0.0
2018-08-30,2018-08-31 16:45:00,0.0,0.0
2018-08-30,2018-08-31 17:00:00,0.0,0.0350458063185215
2018-08-30,2018-08-31 17:15:00,0.0,0.0078079053200781345
2018-08-30,2018-08-31 17:30:00,0.0,0.0788598284125328
2018-08-30,2018-08-31 17:45:00,0.0,0.09821460396051407
2018-08-30,2018-08-31 18:00:00,0.0,0.09080346673727036
2018-08-30,2018-08-31 18:15:00,0.0,0.06748081743717194
2018-08-30,2018-08-31 18:30:00,0.0,0.046902406960725784
2018-08-30,2018-08-31 18:45:00,0.0,0.10475821793079376
2018-08-30,2018-08-31 19:00:00,0.0,0.14357273280620575
2018-08-30,2018-08-31 19:15:00,0.0,0.1404443085193634
2018-08-30,2018-08-31 19:30:00,0.0,0.11281935125589371
2018-08-30,2018-08-31 19:45:00,0.0,0.11869984120130539
2018-08-30,2018-08-31 20:00:00,0.0,0.1464661955833435
2018-08-30,2018-08-31 20:15:00,0.0,0.19672109186649323
2018-08-30,2018-08-31 20:30:00,0.0,0.09878946095705032
2018-08-30,2018-08-31 20:45:00,0.0,0.1742350161075592
2018-08-30,2018-08-31 21:00:00,0.0,0.08366851508617401
2018-08-30,2018-08-31 21:15:00,0.0,0.09602583944797516
2018-08-30,2018-08-31 21:30:00,0.0,0.07907085120677948
2018-08-30,2018-08-31 21:45:00,0.0,0.11576565355062485
2018-08-30,2018-08-31 22:00:00,0.0,0.14889773726463318
2018-08-30,2018-08-31 22:15:00,0.0,0.1926189810037613
2018-08-30,2018-08-31 22:30:00,0.0,0.2755562961101532
2018-08-30,2018-08-31 22:45:00,0.052733998745679855,0.28732213377952576
2018-08-30,2018-08-31 23:00:00,0.0703120008111,0.3225204348564148
2018-08-30,2018-08-31 23:15:00,0.25312501192092896,0.3780536353588104
2018-08-30,2018-08-31 23:30:00,0.4570310115814209,0.4885677397251129
2018-08-30,2018-08-31 23:45:00,0.7910159826278687,0.5396930575370789
2018-11-23,2018-11-24 00:00:00,0.2566410005092621,0.23329800367355347
2018-11-23,2018-11-24 00:15:00,0.42539098858833313,0.367077499628067
2018-11-23,2018-11-24 00:30:00,0.6503909826278687,0.5437223315238953
2018-11-23,2018-11-24 00:45:00,0.794530987739563,0.7959455251693726
2018-11-23,2018-11-24 01:00:00,1.1039060354232788,0.9429329633712769
2018-11-23,2018-11-24 01:15:00,1.3253910541534424,1.0635809898376465
2018-11-23,2018-11-24 01:30:00,1.490625023841858,1.2763429880142212
2018-11-23,2018-11-24 01:45:00,1.694530963897705,1.4235718250274658
2018-11-23,2018-11-24 02:00:00,1.835155963897705,1.5320160388946533
2018-11-23,2018-11-24 02:15:00,2.144531011581421,1.6509106159210205
2018-11-23,2018-11-24 02:30:00,2.3132810592651367,1.7878361940383911
2018-11-23,2018-11-24 02:45:00,2.513672113418579,1.9718583822250366
2018-11-23,2018-11-24 03:00:00,2.636718988418579,1.9521777629852295
2018-11-23,2018-11-24 03:15:00,2.805469036102295,2.0471811294555664
2018-11-23,2018-11-24 03:30:00,2.8863279819488525,2.185171604156494
2018-11-23,2018-11-24 03:45:00,2.9039061069488525,2.1801233291625977
2018-11-23,2018-11-24 04:00:00,2.9390621185302734,2.223021984100342
2018-11-23,2018-11-24 04:15:00,2.9496090412139893,2.2136731147766113
2018-11-23,2018-11-24 04:30:00,2.865233898162842,2.2411463260650635
2018-11-23,2018-11-24 04:45:00,2.707031011581421,2.2137489318847656
2018-11-23,2018-11-24 05:00:00,2.82656192779541,2.1716015338897705
2018-11-23,2018-11-24 05:15:00,2.68593692779541,2.036149024963379
2018-11-23,2018-11-24 05:30:00,2.3695309162139893,2.026449680328369
2018-11-23,2018-11-24 05:45:00,2.242969036102295,1.8559855222702026
2018-11-23,2018-11-24 06:00:00,2.1867189407348633,1.7741349935531616
2018-11-23,2018-11-24 06:15:00,1.6664060354232788,1.6293562650680542
2018-11-23,2018-11-24 06:30:00,1.6488280296325684,1.4859925508499146
2018-11-23,2018-11-24 06:45:00,1.5328119993209839,1.3486967086791992
2018-11-23,2018-11-24 07:00:00,1.314844012260437,1.160427212715149
2018-11-23,2018-11-24 07:15:00,1.2937500476837158,1.1089551448822021
2018-11-23,2018-11-24 07:30:00,0.39375001192092896,0.8609626293182373
2018-11-23,2018-11-24 07:45:00,0.40781301259994507,0.7567432522773743
2018-11-23,2018-11-24 08:00:00,0.5625,0.5506653189659119
2018-11-23,2018-11-24 08:15:00,0.2355470061302185,0.437118798494339
2018-11-23,2018-11-24 08:30:00,0.1054690033197403,0.3404683768749237
2018-11-23,2018-11-24 08:45:00,0.007031000219285488,0.21542173624038696
2018-11-23,2018-11-24 09:00:00,0.0,0.04695865884423256
2018-11-23,2018-11-24 09:15:00,0.0,0.07475197315216064
2018-11-23,2018-11-24 09:30:00,0.0,0.0
2018-11-23,2018-11-24 09:45:00,0.0,0.0
2018-11-23,2018-11-24 10:00:00,0.0,0.0
2018-11-23,2018-11-24 10:15:00,0.0,0.0
2018-11-23,2018-11-24 10:30:00,0.0,0.0
2018-11-23,2018-11-24 10:45:00,0.0,0.0
2018-11-23,2018-11-24 11:00:00,0.0,0.0
2018-11-23,2018-11-24 11:15:00,0.0,0.0
2018-11-23,2018-11-24 11:30:00,0.0,0.0
2018-11-23,2018-11-24 11:45:00,0.0,0.0
2018-11-23,2018-11-24 12:00:00,0.0,0.0
2018-11-23,2018-11-24 12:15:00,0.0,0.0
2018-11-23,2018-11-24 12:30:00,0.0,0.0
2018-11-23,2018-11-24 12:45:00,0.0,0.0
2018-11-23,2018-11-24 13:00:00,0.0,0.0
2018-11-23,2018-11-24 13:15:00,0.0,0.0
2018-11-23,2018-11-24 13:30:00,0.0,0.024572765454649925
2018-11-23,2018-11-24 13:45:00,0.0,0.04488705098628998
2018-11-23,2018-11-24 14:00:00,0.0,0.09582186490297318
2018-11-23,2018-11-24 14:15:00,0.0,0.07656387984752655
2018-11-23,2018-11-24 14:30:00,0.0,0.016812054440379143
2018-11-23,2018-11-24 14:45:00,0.0,0.0
2018-11-23,2018-11-24 15:00:00,0.0,0.11522593349218369
2018-11-23,2018-11-24 15:15:00,0.0,0.0761667788028717
2018-11-23,2018-11-24 15:30:00,0.0,0.0
2018-11-23,2018-11-24 15:45:00,0.0,0.036497943103313446
2018-11-23,2018-11-24 16:00:00,0.0,0.11186680197715759
2018-11-23,2018-11-24 16:15:00,0.0,0.13213804364204407
2018-11-23,2018-11-24 16:30:00,0.0,0.06882307678461075
2018-11-23,2018-11-24 16:45:00,0.0,0.0
2018-11-23,2018-11-24 17:00:00,0.0,0.07240036875009537
2018-11-23,2018-11-24 17:15:00,0.0,0.027922922745347023
2018-11-23,2018-11-24 17:30:00,0.0,0.08574280887842178
2018-11-23,2018-11-24 17:45:00,0.0,0.01336219534277916
2018-11-23,2018-11-24 18:00:00,0.0,0.029315024614334106
2018-11-23,2018-11-24 18:15:00,0.0,0.02999214455485344
2018-11-23,2018-11-24 18:30:00,0.0,0.0
2018-11-23,2018-11-24 18:45:00,0.0,0.0
2018-11-23,2018-11-24 19:00:00,0.0,0.014779215678572655
2018-11-23,2018-11-24 19:15:00,0.0,0.0
2018-11-23,2018-11-24 19:30:00,0.0,0.02766568399965763
2018-11-23,2018-11-24 19:45:00,0.0,0.0
2018-11-23,2018-11-24 20:00:00,0.0,0.0
2018-11-23,2018-11-24 20:15:00,0.0,0.0
2018-11-23,2018-11-24 20:30:00,0.0,0.0
2018-11-23,2018-11-24 20:45:00,0.0,0.0
2018-11-23,2018-11-24 21:00:00,0.0,0.0
2018-11-23,2018-11-24 21:15:00,0.0,0.0
2018-11-23,2018-11-24 21:30:00,0.0,0.0
2018-11-23,2018-11-24 21:45:00,0.0,0.0
2018-11-23,2018-11-24 22:00:00,0.0,0.0
2018-11-23,2018-11-24 22:15:00,0.0,0.0
2018-11-23,2018-11-24 22:30:00,0.0,0.0
2018-11-23,2018-11-24 22:45:00,0.0,0.05258750542998314
2018-11-23,2018-11-24 23:00:00,0.0,0.09088590741157532
2018-11-23,2018-11-24 23:15:00,0.0,0.1978333443403244
2018-11-23,2018-11-24 23:30:00,0.04570300132036209,0.3389686346054077
2018-11-23,2018-11-24 23:45:00,0.140625,0.4624272286891937
2018-11-24,2018-11-25 00:00:00,0.27421900629997253,0.4262981414794922
2018-11-24,2018-11-25 00:15:00,0.4816409945487976,0.5723155736923218
2018-11-24,2018-11-25 00:30:00,0.7066410183906555,0.7541282176971436
2018-11-24,2018-11-25 00:45:00,0.9210940003395081,0.9840930700302124
2018-11-24,2018-11-25 01:00:00,1.1039060354232788,1.1360732316970825
2018-11-24,2018-11-25 01:15:00,1.2550779581069946,1.2948325872421265
2018-11-24,2018-11-25 01:30:00,1.4835939407348633,1.4879889488220215
2018-11-24,2018-11-25 01:45:00,1.6875,1.6774342060089111
2018-11-24,2018-11-25 02:00:00,1.877344012260437,1.8053520917892456
2018-11-24,2018-11-25 02:15:00,2.1128900051116943,1.9425948858261108
2018-11-24,2018-11-25 02:30:00,2.3167970180511475,2.0466277599334717
2018-11-24,2018-11-25 02:45:00,2.4996089935302734,2.1977734565734863
2018-11-24,2018-11-25 03:00:00,2.5875000953674316,2.223449468612671
2018-11-24,2018-11-25 03:15:00,2.636718988418579,2.313335418701172
2018-11-24,2018-11-25 03:30:00,2.7527339458465576,2.417813777923584
2018-11-24,2018-11-25 03:45:00,2.7703120708465576,2.4239232540130615
2018-11-24,2018-11-25 04:00:00,2.7914059162139893,2.461700201034546
2018-11-24,2018-11-25 04:15:00,2.7562499046325684,2.4345436096191406
2018-11-24,2018-11-25 04:30:00,2.7562499046325684,2.423757553100586
2018-11-24,2018-11-25 04:45:00,2.654297113418579,2.3761143684387207
2018-11-24,2018-11-25 05:00:00,2.559375047683716,2.3033673763275146
2018-11-24,2018-11-25 05:15:00,2.401171922683716,2.18168306350708
2018-11-24,2018-11-25 05:30:00,2.2289059162139893,2.1426422595977783
2018-11-24,2018-11-25 05:45:00,2.116405963897705,1.9686882495880127
2018-11-24,2018-11-25 06:00:00,2.003906011581421,1.8695251941680908
2018-11-24,2018-11-25 06:15:00,1.7683589458465576,1.7132823467254639
2018-11-24,2018-11-25 06:30:00,1.6066410541534424,1.5541635751724243
2018-11-24,2018-11-25 06:45:00,1.4097659587860107,1.4041359424591064
2018-11-24,2018-11-25 07:00:00,1.1847660541534424,1.2341256141662598
2018-11-24,2018-11-25 07:15:00,1.0054689645767212,1.192556381225586
2018-11-24,2018-11-25 07:30:00,0.7875000238418579,0.9428315758705139
2018-11-24,2018-11-25 07:45:00,0.5976560115814209,0.7509661316871643
2018-11-24,2018-11-25 08:00:00,0.41835901141166687,0.614555299282074
2018-11-24,2018-11-25 08:15:00,0.2566410005092621,0.5213428735733032
2018-11-24,2018-11-25 08:30:00,0.13710899651050568,0.3620598614215851
2018-11-24,2018-11-25 08:45:00,0.02812499925494194,0.25551605224609375
2018-11-24,2018-11-25 09:00:00,0.0,0.10798202455043793
2018-11-24,2018-11-25 09:15:00,0.0,0.08052725344896317
2018-11-24,2018-11-25 09:30:00,0.0,0.0
2018-11-24,2018-11-25 09:45:00,0.0,0.0
2018-11-24,2018-11-25 10:00:00,0.0,0.0
2018-11-24,2018-11-25 10:15:00,0.0,0.0
2018-11-24,2018-11-25 10:30:00,0.0,0.0
2018-11-24,2018-11-25 10:45:00,0.0,0.0
2018-11-24,2018-11-25 11:00:00,0.0,0.0
2018-11-24,2018-11-25 11:15:00,0.0,0.0
2018-11-24,2018-11-25 11:30:00,0.0,0.0
2018-11-24,2018-11-25 11:45:00,0.0,0.0
2018-11-24,2018-11-25 12:00:00,0.0,0.0
2018-11-24,2018-11-25 12:15:00,0.0,0.0
2018-11-24,2018-11-25 12:30:00,0.0,0.0
2018-11-24,2018-11-25 12:45:00,0.0,0.0
2018-11-24,2018-11-25 13:00:00,0.0,0.0
2018-11-24,2018-11-25 13:15:00,0.0,0.0
2018-11-24,2018-11-25 13:30:00,0.0,0.0
2018-11-24,2018-11-25 13:45:00,0.0,0.02604430541396141
2018-11-24,2018-11-25 14:00:00,0.0,0.06990865617990494
2018-11-24,2018-11-25 14:15:00,0.0,0.11182756721973419
2018-11-24,2018-11-25 14:30:00,0.0,0.0
2018-11-24,2018-11-25 14:45:00,0.0,0.0
2018-11-24,2018-11-25 15:00:00,0.0,0.1067274734377861
2018-11-24,2018-11-25 15:15:00,0.0,0.11536192893981934
2018-11-24,2018-11-25 15:30:00,0.0,0.0
2018-11-24,2018-11-25 15:45:00,0.0,0.016949107870459557
2018-11-24,2018-11-25 16:00:00,0.0,0.11766626685857773
2018-11-24,2018-11-25 16:15:00,0.0,0.13747034966945648
2018-11-24,2018-11-25 16:30:00,0.0,0.06482706218957901
2018-11-24,2018-11-25 16:45:00,0.0,0.0
2018-11-24,2018-11-25 17:00:00,0.0,0.049501270055770874
2018-11-24,2018-11-25 17:15:00,0.0,0.030299905687570572
2018-11-24,2018-11-25 17:30:00,0.0,0.09357960522174835
2018-11-24,2018-11-25 17:45:00,0.0,0.012838357128202915
2018-11-24,2018-11-25 18:00:00,0.0,0.040357187390327454
2018-11-24,2018-11-25 18:15:00,0.0,0.0024739732034504414
2018-11-24,2018-11-25 18:30:00,0.0,0.0
2018-11-24,2018-11-25 18:45:00,0.0,0.0
2018-11-24,2018-11-25 19:00:00,0.0,0.0041120839305222034
2018-11-24,2018-11-25 19:15:00,0.0,0.0031789634376764297
2018-11-24,2018-11-25 19:30:00,0.0,0.027779242023825645
2018-11-24,2018-11-25 19:45:00,0.0,0.007401920389384031
2018-11-24,2018-11-25 20:00:00,0.0,0.0
2018-11-24,2018-11-25 20:15:00,0.0,0.004395045805722475
2018-11-24,2018-11-25 20:30:00,0.0,0.0
2018-11-24,2018-11-25 20:45:00,0.0,0.0
2018-11-24,2018-11-25 21:00:00,0.0,0.0
2018-11-24,2018-11-25 21:15:00,0.0,0.0
2018-11-24,2018-11-25 21:30:00,0.0,0.0
2018-11-24,2018-11-25 21:45:00,0.0,0.0
2018-11-24,2018-11-25 22:00:00,0.0,0.0
2018-11-24,2018-11-25 22:15:00,0.0,0.0
2018-11-24,2018-11-25 22:30:00,0.0,0.0
2018-11-24,2018-11-25 22:45:00,0.0,0.049026310443878174
2018-11-24,2018-11-25 23:00:00,0.0,0.06633168458938599
2018-11-24,2018-11-25 23:15:00,0.0,0.17928417026996613
2018-11-24,2018-11-25 23:30:00,0.0,0.3200428783893585
2018-11-24,2018-11-25 23:45:00,0.09843800216913223,0.4397372603416443
2018-11-25,2018-11-26 00:00:00,0.22499999403953552,0.5270899534225464
2018-11-25,2018-11-26 00:15:00,0.3550780117511749,0.6055521965026855
2018-11-25,2018-11-26 00:30:00,0.5378909707069397,0.7644935846328735
2018-11-25,2018-11-26 00:45:00,0.7347660064697266,0.9359989166259766
2018-11-25,2018-11-26 01:00:00,1.1777340173721313,1.1520578861236572
2018-11-25,2018-11-26 01:15:00,1.209375023841858,1.2399611473083496
2018-11-25,2018-11-26 01:30:00,1.167186975479126,1.41546630859375
2018-11-25,2018-11-26 01:45:00,1.3605469465255737,1.5682369470596313
2018-11-25,2018-11-26 02:00:00,1.4835939407348633,1.676690697669983
2018-11-25,2018-11-26 02:15:00,1.2339839935302734,1.8124663829803467
2018-11-25,2018-11-26 02:30:00,1.9863280057907104,1.8958262205123901
2018-11-25,2018-11-26 02:45:00,1.9441410303115845,2.069655656814575
2018-11-25,2018-11-26 03:00:00,2.010936975479126,2.0631747245788574
2018-11-25,2018-11-26 03:15:00,2.119921922683716,2.1440651416778564
2018-11-25,2018-11-26 03:30:00,2.1304690837860107,2.192568063735962
2018-11-25,2018-11-26 03:45:00,2.320312023162842,2.242400646209717
2018-11-25,2018-11-26 04:00:00,2.278125047683716,2.2859792709350586
2018-11-25,2018-11-26 04:15:00,2.366015911102295,2.231977701187134
2018-11-25,2018-11-26 04:30:00,2.144531011581421,2.2573726177215576
2018-11-25,2018-11-26 04:45:00,2.583983898162842,2.309061050415039
2018-11-25,2018-11-26 05:00:00,2.4679689407348633,2.235985279083252
2018-11-25,2018-11-26 05:15:00,2.3343749046325684,2.1231701374053955
2018-11-25,2018-11-26 05:30:00,1.9828120470046997,2.0630035400390625
2018-11-25,2018-11-26 05:45:00,1.9722659587860107,1.934603214263916
2018-11-25,2018-11-26 06:00:00,1.722656011581421,1.8390164375305176
2018-11-25,2018-11-26 06:15:00,1.6664060354232788,1.7046431303024292
2018-11-25,2018-11-26 06:30:00,0.7734379768371582,1.5566949844360352
2018-11-25,2018-11-26 06:45:00,0.9703119993209839,1.3898956775665283
2018-11-25,2018-11-26 07:00:00,0.6187499761581421,1.2089815139770508
2018-11-25,2018-11-26 07:15:00,0.6644530296325684,1.0933722257614136
2018-11-25,2018-11-26 07:30:00,0.47460898756980896,0.9186202883720398
2018-11-25,2018-11-26 07:45:00,0.33398398756980896,0.776508092880249
2018-11-25,2018-11-26 08:00:00,0.27773401141166687,0.5726373791694641
2018-11-25,2018-11-26 08:15:00,0.14765599370002747,0.4282658100128174
2018-11-25,2018-11-26 08:30:00,0.06328099966049194,0.26983484625816345
2018-11-25,2018-11-26 08:45:00,0.0,0.16684702038764954
2018-11-25,2018-11-26 09:00:00,0.0,0.056428488343954086
2018-11-25,2018-11-26 09:15:00,0.0,0.033982809633016586
2018-11-25,2018-11-26 09:30:00,0.0,0.0
2018-11-25,2018-11-26 09:45:00,0.0,0.0
2018-11-25,2018-11-26 10:00:00,0.0,0.0
2018-11-25,2018-11-26 10:15:00,0.0,0.0
2018-11-25,2018-11-26 10:30:00,0.0,0.0
2018-11-25,2018-11-26 10:45:00,0.0,0.0
2018-11-25,2018-11-26 11:00:00,0.0,0.0
2018-11-25,2018-11-26 11:15:00,0.0,0.0
2018-11-25,2018-11-26 11:30:00,0.0,0.0
2018-11-25,2018-11-26 11:45:00,0.0,0.0
2018-11-25,2018-11-26 12:00:00,0.0,0.0
2018-11-25,2018-11-26 12:15:00,0.0,0.0
2018-11-25,2018-11-26 12:30:00,0.0,0.0
2018-11-25,2018-11-26 12:45:00,0.0,0.03031834028661251
2018-11-25,2018-11-26 13:00:00,0.0,0.11049146950244904
2018-11-25,2018-11-26 13:15:00,0.0,0.0608217678964138
2018-11-25,2018-11-26 13:30:00,0.0,0.0
2018-11-25,2018-11-26 13:45:00,0.0,0.011902855709195137
2018-11-25,2018-11-26 14:00:00,0.0,0.10212841629981995
2018-11-25,2018-11-26 14:15:00,0.0,0.0849287286400795
2018-11-25,2018-11-26 14:30:00,0.0,0.023906806483864784
2018-11-25,2018-11-26 14:45:00,0.0,0.042902760207653046
2018-11-25,2018-11-26 15:00:00,0.0,0.014241239055991173
2018-11-25,2018-11-26 15:15:00,0.0,0.022613268345594406
2018-11-25,2018-11-26 15:30:00,0.0,0.039357367902994156
2018-11-25,2018-11-26 15:45:00,0.0,0.07716293632984161
2018-11-25,2018-11-26 16:00:00,0.0,0.13157528638839722
2018-11-25,2018-11-26 16:15:00,0.0,0.08292628824710846
2018-11-25,2018-11-26 16:30:00,0.0,0.00637864088639617
2018-11-25,2018-11-26 16:45:00,0.0,0.035958509892225266
2018-11-25,2018-11-26 17:00:00,0.0,0.09850969165563583
2018-11-25,2018-11-26 17:15:00,0.0,0.08723515272140503
2018-11-25,2018-11-26 17:30:00,0.0,0.10522395372390747
2018-11-25,2018-11-26 17:45:00,0.0,0.11662605404853821
2018-11-25,2018-11-26 18:00:00,0.0,0.04302958399057388
2018-11-25,2018-11-26 18:15:00,0.0,0.08733967691659927
2018-11-25,2018-11-26 18:30:00,0.0,0.043643418699502945
2018-11-25,2018-11-26 18:45:00,0.0,0.0
2018-11-25,2018-11-26 19:00:00,0.0,0.05973333865404129
2018-11-25,2018-11-26 19:15:00,0.0,0.08947806060314178
2018-11-25,2018-11-26 19:30:00,0.0,0.10650317370891571
2018-11-25,2018-11-26 19:45:00,0.0,0.12304876744747162
2018-11-25,2018-11-26 20:00:00,0.0,0.009914944879710674
2018-11-25,2018-11-26 20:15:00,0.0,0.0
2018-11-25,2018-11-26 20:30:00,0.0,0.04278407618403435
2018-11-25,2018-11-26 20:45:00,0.0,0.0
2018-11-25,2018-11-26 21:00:00,0.0,0.0
2018-11-25,2018-11-26 21:15:00,0.0,0.0
2018-11-25,2018-11-26 21:30:00,0.0,0.0
2018-11-25,2018-11-26 21:45:00,0.0,0.0
2018-11-25,2018-11-26 22:00:00,0.0,0.0
2018-11-25,2018-11-26 22:15:00,0.0,0.050807904452085495
2018-11-25,2018-11-26 22:30:00,0.0,0.027736349031329155
2018-11-25,2018-11-26 22:45:00,0.0,0.09136288613080978
2018-11-25,2018-11-26 23:00:00,0.0,0.13458377122879028
2018-11-25,2018-11-26 23:15:00,0.0,0.2364005297422409
2018-11-25,2018-11-26 23:30:00,0.0,0.34318575263023376
2018-11-25,2018-11-26 23:45:00,0.003515999997034669,0.4387255907058716
2018-11-26,2018-11-27 00:00:00,0.22499999403953552,0.48175063729286194
2018-11-26,2018-11-27 00:15:00,0.38320299983024597,0.5953267812728882
2018-11-26,2018-11-27 00:30:00,0.5027340054512024,0.7485389113426208
2018-11-26,2018-11-27 00:45:00,0.7664059996604919,0.9879090189933777
2018-11-26,2018-11-27 01:00:00,0.9035159945487976,1.148240566253662
2018-11-26,2018-11-27 01:15:00,1.321874976158142,1.2236872911453247
2018-11-26,2018-11-27 01:30:00,1.040624976158142,1.4093493223190308
2018-11-26,2018-11-27 01:45:00,1.4695310592651367,1.5471928119659424
2018-11-26,2018-11-27 02:00:00,1.4941409826278687,1.6497353315353394
2018-11-26,2018-11-27 02:15:00,1.778905987739563,1.732518196105957
2018-11-26,2018-11-27 02:30:00,1.835155963897705,1.846746563911438
2018-11-26,2018-11-27 02:45:00,2.0882809162139893,2.0219321250915527
2018-11-26,2018-11-27 03:00:00,2.0460939407348633,1.9796046018600464
2018-11-26,2018-11-27 03:15:00,2.1656250953674316,2.0286762714385986
2018-11-26,2018-11-27 03:30:00,2.239453077316284,2.1345858573913574
2018-11-26,2018-11-27 03:45:00,2.3343749046325684,2.0986030101776123
2018-11-26,2018-11-27 04:00:00,2.4117190837860107,2.136131525039673
2018-11-26,2018-11-27 04:15:00,2.5277340412139893,2.089148759841919
2018-11-26,2018-11-27 04:30:00,2.5171871185302734,2.1268579959869385
2018-11-26,2018-11-27 04:45:00,2.6085939407348633,2.1033146381378174
2018-11-26,2018-11-27 05:00:00,2.5980470180511475,2.0598862171173096
2018-11-26,2018-11-27 05:15:00,2.520703077316284,1.877049207687378
2018-11-26,2018-11-27 05:30:00,2.137500047683716,1.8410935401916504
2018-11-26,2018-11-27 05:45:00,1.835155963897705,1.6894351243972778
2018-11-26,2018-11-27 06:00:00,1.6417969465255737,1.5847482681274414
2018-11-26,2018-11-27 06:15:00,1.4730470180511475,1.4259424209594727
2018-11-26,2018-11-27 06:30:00,1.3113280534744263,1.2742904424667358
2018-11-26,2018-11-27 06:45:00,1.1636719703674316,1.1651499271392822
2018-11-26,2018-11-27 07:00:00,0.935155987739563,0.953913688659668
2018-11-26,2018-11-27 07:15:00,0.8789060115814209,0.8548353910446167
2018-11-26,2018-11-27 07:30:00,0.6152340173721313,0.669366717338562
2018-11-26,2018-11-27 07:45:00,0.471094012260437,0.5679404735565186
2018-11-26,2018-11-27 08:00:00,0.3621090054512024,0.3606410026550293
2018-11-26,2018-11-27 08:15:00,0.3375000059604645,0.21823137998580933
2018-11-26,2018-11-27 08:30:00,0.13359400629997253,0.13051120936870575
2018-11-26,2018-11-27 08:45:00,0.049219001084566116,0.011293111369013786
2018-11-26,2018-11-27 09:00:00,0.0,0.0
2018-11-26,2018-11-27 09:15:00,0.0,0.0
2018-11-26,2018-11-27 09:30:00,0.0,0.0
2018-11-26,2018-11-27 09:45:00,0.0,0.0
2018-11-26,2018-11-27 10:00:00,0.0,0.0
2018-11-26,2018-11-27 10:15:00,0.0,0.0
2018-11-26,2018-11-27 10:30:00,0.0,0.0
2018-11-26,2018-11-27 10:45:00,0.0,0.0
2018-11-26,2018-11-27 11:00:00,0.0,0.0
2018-11-26,2018-11-27 11:15:00,0.0,0.0
2018-11-26,2018-11-27 11:30:00,0.0,0.0
2018-11-26,2018-11-27 11:45:00,0.0,0.0
2018-11-26,2018-11-27 12:00:00,0.0,0.0
2018-11-26,2018-11-27 12:15:00,0.0,0.0
2018-11-26,2018-11-27 12:30:00,0.0,0.0
2018-11-26,2018-11-27 12:45:00,0.0,0.027816837653517723
2018-11-26,2018-11-27 13:00:00,0.0,0.0585457943379879
2018-11-26,2018-11-27 13:15:00,0.0,0.0
2018-11-26,2018-11-27 13:30:00,0.0,0.001018717186525464
2018-11-26,2018-11-27 13:45:00,0.0,0.004821533802896738
2018-11-26,2018-11-27 14:00:00,0.0,0.08168316632509232
2018-11-26,2018-11-27 14:15:00,0.0,0.03863128647208214
2018-11-26,2018-11-27 14:30:00,0.0,0.0
2018-11-26,2018-11-27 14:45:00,0.0,0.0
2018-11-26,2018-11-27 15:00:00,0.0,0.04776793345808983
2018-11-26,2018-11-27 15:15:00,0.0,0.002758071990683675
2018-11-26,2018-11-27 15:30:00,0.0,0.0
2018-11-26,2018-11-27 15:45:00,0.0,0.02880966104567051
2018-11-26,2018-11-27 16:00:00,0.0,0.09428243339061737
2018-11-26,2018-11-27 16:15:00,0.0,0.09272146224975586
2018-11-26,2018-11-27 16:30:00,0.0,0.03156402334570885
2018-11-26,2018-11-27 16:45:00,0.0,0.0
2018-11-26,2018-11-27 17:00:00,0.0,0.07692085206508636
2018-11-26,2018-11-27 17:15:00,0.0,0.0511661134660244
2018-11-26,2018-11-27 17:30:00,0.0,0.1002442017197609
2018-11-26,2018-11-27 17:45:00,0.0,0.06040253862738609
2018-11-26,2018-11-27 18:00:00,0.0,0.011392555199563503
2018-11-26,2018-11-27 18:15:00,0.0,0.04489470645785332
2018-11-26,2018-11-27 18:30:00,0.0,0.0
2018-11-26,2018-11-27 18:45:00,0.0,0.0
2018-11-26,2018-11-27 19:00:00,0.0,0.026043511927127838
2018-11-26,2018-11-27 19:15:00,0.0,0.003611119696870446
2018-11-26,2018-11-27 19:30:00,0.0,0.05063455551862717
2018-11-26,2018-11-27 19:45:00,0.0,0.024060366675257683
2018-11-26,2018-11-27 20:00:00,0.0,0.0
2018-11-26,2018-11-27 20:15:00,0.0,0.0
2018-11-26,2018-11-27 20:30:00,0.0,0.0
2018-11-26,2018-11-27 20:45:00,0.0,0.0
2018-11-26,2018-11-27 21:00:00,0.0,0.0
2018-11-26,2018-11-27 21:15:00,0.0,0.0
2018-11-26,2018-11-27 21:30:00,0.0,0.0
2018-11-26,2018-11-27 21:45:00,0.0,0.0
2018-11-26,2018-11-27 22:00:00,0.0,0.0
2018-11-26,2018-11-27 22:15:00,0.0,0.01618841476738453
2018-11-26,2018-11-27 22:30:00,0.0,0.06799823045730591
2018-11-26,2018-11-27 22:45:00,0.0,0.13455608487129211
2018-11-26,2018-11-27 23:00:00,0.0,0.16395650804042816
2018-11-26,2018-11-27 23:15:00,0.0,0.3000982701778412
2018-11-26,2018-11-27 23:30:00,0.014062000438570976,0.4193568825721741
2018-11-26,2018-11-27 23:45:00,0.10898400098085403,0.5594234466552734
2018-11-27,2018-11-28 00:00:00,0.21445299685001373,0.2440638393163681
2018-11-27,2018-11-28 00:15:00,0.3621090054512024,0.3852376341819763
2018-11-27,2018-11-28 00:30:00,0.5273439884185791,0.5231999158859253
2018-11-27,2018-11-28 00:45:00,0.6996089816093445,0.7880105972290039
2018-11-27,2018-11-28 01:00:00,0.8542969822883606,0.9407168030738831
2018-11-27,2018-11-28 01:15:00,1.040624976158142,1.0393294095993042
2018-11-27,2018-11-28 01:30:00,1.2796880006790161,1.2593357563018799
2018-11-27,2018-11-28 01:45:00,1.4730470180511475,1.3829082250595093
2018-11-27,2018-11-28 02:00:00,1.652343988418579,1.4776443243026733
2018-11-27,2018-11-28 02:15:00,1.821094036102295,1.6074718236923218
2018-11-27,2018-11-28 02:30:00,1.9792970418930054,1.72848641872406
2018-11-27,2018-11-28 02:45:00,2.119921922683716,1.8917521238327026
2018-11-27,2018-11-28 03:00:00,2.1761720180511475,1.872162938117981
2018-11-27,2018-11-28 03:15:00,2.3238279819488525,1.9900357723236084
2018-11-27,2018-11-28 03:30:00,2.383594036102295,2.09622859954834
2018-11-27,2018-11-28 03:45:00,2.415234088897705,2.0746421813964844
2018-11-27,2018-11-28 04:00:00,2.418750047683716,2.1105167865753174
2018-11-27,2018-11-28 04:15:00,2.4820311069488525,2.1060564517974854
2018-11-27,2018-11-28 04:30:00,2.4644529819488525,2.1051337718963623
2018-11-27,2018-11-28 04:45:00,2.380078077316284,2.089256763458252
2018-11-27,2018-11-28 05:00:00,2.3449220657348633,2.0348193645477295
2018-11-27,2018-11-28 05:15:00,2.1937499046325684,1.9106441736221313
2018-11-27,2018-11-28 05:30:00,2.074218988418579,1.866700530052185
2018-11-27,2018-11-28 05:45:00,1.9546869993209839,1.7109134197235107
2018-11-27,2018-11-28 06:00:00,1.7648439407348633,1.6241087913513184
2018-11-27,2018-11-28 06:15:00,1.6066410541534424,1.4905521869659424
2018-11-27,2018-11-28 06:30:00,1.5292969942092896,1.3420336246490479
2018-11-27,2018-11-28 06:45:00,1.371093988418579,1.2059773206710815
2018-11-27,2018-11-28 07:00:00,1.160156011581421,1.0330424308776855
2018-11-27,2018-11-28 07:15:00,0.9878910183906555,0.9888269901275635
2018-11-27,2018-11-28 07:30:00,0.7839840054512024,0.7668912410736084
2018-11-27,2018-11-28 07:45:00,0.5765630006790161,0.6402119398117065
2018-11-27,2018-11-28 08:00:00,0.42539098858833313,0.4628852605819702
2018-11-27,2018-11-28 08:15:00,0.2601560056209564,0.357073575258255
2018-11-27,2018-11-28 08:30:00,0.13710899651050568,0.24407295882701874
2018-11-27,2018-11-28 08:45:00,0.03867200016975403,0.1374589204788208
2018-11-27,2018-11-28 09:00:00,0.0,8.048920426517725e-05
2018-11-27,2018-11-28 09:15:00,0.0,0.012682115659117699
2018-11-27,2018-11-28 09:30:00,0.0,0.0
2018-11-27,2018-11-28 09:45:00,0.0,0.0
2018-11-27,2018-11-28 10:00:00,0.0,0.0
2018-11-27,2018-11-28 10:15:00,0.0,0.0
2018-11-27,2018-11-28 10:30:00,0.0,0.0
2018-11-27,2018-11-28 10:45:00,0.0,0.0
2018-11-27,2018-11-28 11:00:00,0.0,0.0
2018-11-27,2018-11-28 11:15:00,0.0,0.0
2018-11-27,2018-11-28 11:30:00,0.0,0.0
2018-11-27,2018-11-28 11:45:00,0.0,0.0
2018-11-27,2018-11-28 12:00:00,0.0,0.0
2018-11-27,2018-11-28 12:15:00,0.0,0.0
2018-11-27,2018-11-28 12:30:00,0.0,0.0
2018-11-27,2018-11-28 12:45:00,0.0,0.0
2018-11-27,2018-11-28 13:00:00,0.0,0.0
2018-11-27,2018-11-28 13:15:00,0.0,0.0
2018-11-27,2018-11-28 13:30:00,0.0,0.02298453263938427
2018-11-27,2018-11-28 13:45:00,0.0,0.00899363961070776
2018-11-27,2018-11-28 14:00:00,0.0,0.07780524343252182
2018-11-27,2018-11-28 14:15:00,0.0,0.07889363914728165
2018-11-27,2018-11-28 14:30:00,0.0,0.0038947737775743008
2018-11-27,2018-11-28 14:45:00,0.0,0.0
2018-11-27,2018-11-28 15:00:00,0.0,0.09395600110292435
2018-11-27,2018-11-28 15:15:00,0.0,0.07384900748729706
2018-11-27,2018-11-28 15:30:00,0.0,0.0
2018-11-27,2018-11-28 15:45:00,0.0,0.02746002748608589
2018-11-27,2018-11-28 16:00:00,0.0,0.08358173817396164
2018-11-27,2018-11-28 16:15:00,0.0,0.0831044465303421
2018-11-27,2018-11-28 16:30:00,0.0,0.021704699844121933
2018-11-27,2018-11-28 16:45:00,0.0,0.0
2018-11-27,2018-11-28 17:00:00,0.0,0.031448524445295334
2018-11-27,2018-11-28 17:15:00,0.0,0.0
2018-11-27,2018-11-28 17:30:00,0.0,0.06924857199192047
2018-11-27,2018-11-28 17:45:00,0.0,0.0
2018-11-27,2018-11-28 18:00:00,0.0,0.0
2018-11-27,2018-11-28 18:15:00,0.0,0.010595934465527534
2018-11-27,2018-11-28 18:30:00,0.0,0.0
2018-11-27,2018-11-28 18:45:00,0.0,0.0
2018-11-27,2018-11-28 19:00:00,0.0,0.0
2018-11-27,2018-11-28 19:15:00,0.0,0.0
2018-11-27,2018-11-28 19:30:00,0.0,0.006094211246818304
2018-11-27,2018-11-28 19:45:00,0.0,0.0
2018-11-27,2018-11-28 20:00:00,0.0,0.0
2018-11-27,2018-11-28 20:15:00,0.0,0.0
2018-11-27,2018-11-28 20:30:00,0.0,0.0
2018-11-27,2018-11-28 20:45:00,0.0,0.0
2018-11-27,2018-11-28 21:00:00,0.0,0.0
2018-11-27,2018-11-28 21:15:00,0.0,0.0
2018-11-27,2018-11-28 21:30:00,0.0,0.0
2018-11-27,2018-11-28 21:45:00,0.0,0.0
2018-11-27,2018-11-28 22:00:00,0.0,0.0
2018-11-27,2018-11-28 22:15:00,0.0,0.0
2018-11-27,2018-11-28 22:30:00,0.0,0.0
2018-11-27,2018-11-28 22:45:00,0.0,0.029540792107582092
2018-11-27,2018-11-28 23:00:00,0.0,0.023212842643260956
2018-11-27,2018-11-28 23:15:00,0.0,0.12922167778015137
2018-11-27,2018-11-28 23:30:00,0.021093999966979027,0.25326982140541077
2018-11-27,2018-11-28 23:45:00,0.031640999019145966,0.3928861618041992
2018-11-28,2018-11-29 00:00:00,0.23906299471855164,0.0
2018-11-28,2018-11-29 00:15:00,0.3972660005092621,0.11240037530660629
2018-11-28,2018-11-29 00:30:00,0.583594024181366,0.24752724170684814
2018-11-28,2018-11-29 00:45:00,0.7699220180511475,0.45516079664230347
2018-11-28,2018-11-29 01:00:00,0.9246090054512024,0.5697280764579773
2018-11-28,2018-11-29 01:15:00,1.1285159587860107,0.6783268451690674
2018-11-28,2018-11-29 01:30:00,1.3324220180511475,0.8541049361228943
2018-11-28,2018-11-29 01:45:00,1.5152339935302734,0.9543789029121399
2018-11-28,2018-11-29 02:00:00,1.6839840412139893,1.0624940395355225
2018-11-28,2018-11-29 02:15:00,1.8175779581069946,1.1587966680526733
2018-11-28,2018-11-29 02:30:00,1.9863280057907104,1.2879279851913452
2018-11-28,2018-11-29 02:45:00,2.067188024520874,1.4144022464752197
2018-11-28,2018-11-29 03:00:00,2.2183589935302734,1.403702735900879
2018-11-28,2018-11-29 03:15:00,2.348438024520874,1.5337318181991577
2018-11-28,2018-11-29 03:30:00,2.3941400051116943,1.6434502601623535
2018-11-28,2018-11-29 03:45:00,2.348438024520874,1.643559217453003
2018-11-28,2018-11-29 04:00:00,2.460937976837158,1.6948283910751343
2018-11-28,2018-11-29 04:15:00,2.4363279342651367,1.6997512578964233
2018-11-28,2018-11-29 04:30:00,2.3695309162139893,1.7183743715286255
2018-11-28,2018-11-29 04:45:00,2.3238279819488525,1.7125368118286133
2018-11-28,2018-11-29 05:00:00,2.25,1.656750202178955
2018-11-28,2018-11-29 05:15:00,2.144531011581421,1.5648717880249023
2018-11-28,2018-11-29 05:30:00,2.091797113418579,1.5964620113372803
2018-11-28,2018-11-29 05:45:00,1.9582029581069946,1.4702447652816772
2018-11-28,2018-11-29 06:00:00,1.8246090412139893,1.4128042459487915
2018-11-28,2018-11-29 06:15:00,1.6277339458465576,1.2990378141403198
2018-11-28,2018-11-29 06:30:00,1.40625,1.216072916984558
2018-11-28,2018-11-29 06:45:00,1.3429689407348633,1.1167480945587158
2018-11-28,2018-11-29 07:00:00,1.068750023841858,0.9912695288658142
2018-11-28,2018-11-29 07:15:00,0.8964840173721313,0.9760748147964478
2018-11-28,2018-11-29 07:30:00,0.6996089816093445,0.7703624367713928
2018-11-28,2018-11-29 07:45:00,0.5097659826278687,0.6902872920036316
2018-11-28,2018-11-29 08:00:00,0.35859400033950806,0.5812417268753052
2018-11-28,2018-11-29 08:15:00,0.21796900033950806,0.5152599215507507
2018-11-28,2018-11-29 08:30:00,0.10898400098085403,0.41075068712234497
2018-11-28,2018-11-29 08:45:00,0.0,0.3319348692893982
2018-11-28,2018-11-29 09:00:00,0.0,0.1950218379497528
2018-11-28,2018-11-29 09:15:00,0.0,0.19565004110336304
2018-11-28,2018-11-29 09:30:00,0.0,0.10945737361907959
2018-11-28,2018-11-29 09:45:00,0.0,0.056120820343494415
2018-11-28,2018-11-29 10:00:00,0.0,0.021277131512761116
2018-11-28,2018-11-29 10:15:00,0.0,0.0
2018-11-28,2018-11-29 10:30:00,0.0,0.0
2018-11-28,2018-11-29 10:45:00,0.0,0.0
2018-11-28,2018-11-29 11:00:00,0.0,0.0
2018-11-28,2018-11-29 11:15:00,0.0,0.0
2018-11-28,2018-11-29 11:30:00,0.0,0.0
2018-11-28,2018-11-29 11:45:00,0.0,0.0
2018-11-28,2018-11-29 12:00:00,0.0,0.0
2018-11-28,2018-11-29 12:15:00,0.0,0.0
2018-11-28,2018-11-29 12:30:00,0.0,0.0
2018-11-28,2018-11-29 12:45:00,0.0,0.0
2018-11-28,2018-11-29 13:00:00,0.0,0.0
2018-11-28,2018-11-29 13:15:00,0.0,0.0
2018-11-28,2018-11-29 13:30:00,0.0,0.0
2018-11-28,2018-11-29 13:45:00,0.0,0.0
2018-11-28,2018-11-29 14:00:00,0.0,0.02050207369029522
2018-11-28,2018-11-29 14:15:00,0.0,0.007868091575801373
2018-11-28,2018-11-29 14:30:00,0.0,0.0
2018-11-28,2018-11-29 14:45:00,0.0,0.0
2018-11-28,2018-11-29 15:00:00,0.0,0.05958503484725952
2018-11-28,2018-11-29 15:15:00,0.0,0.017374269664287567
2018-11-28,2018-11-29 15:30:00,0.0,0.0
2018-11-28,2018-11-29 15:45:00,0.0,0.0
2018-11-28,2018-11-29 16:00:00,0.0,0.02424309216439724
2018-11-28,2018-11-29 16:15:00,0.0,0.06831946969032288
2018-11-28,2018-11-29 16:30:00,0.0,0.034115299582481384
2018-11-28,2018-11-29 16:45:00,0.0,0.0
2018-11-28,2018-11-29 17:00:00,0.0,0.0019996382761746645
2018-11-28,2018-11-29 17:15:00,0.0,0.0
2018-11-28,2018-11-29 17:30:00,0.0,0.042570848017930984
2018-11-28,2018-11-29 17:45:00,0.0,0.0
2018-11-28,2018-11-29 18:00:00,0.0,0.0
2018-11-28,2018-11-29 18:15:00,0.0,0.0
2018-11-28,2018-11-29 18:30:00,0.0,0.0
2018-11-28,2018-11-29 18:45:00,0.0,0.0
2018-11-28,2018-11-29 19:00:00,0.0,0.0
2018-11-28,2018-11-29 19:15:00,0.0,0.0
2018-11-28,2018-11-29 19:30:00,0.0,0.0
2018-11-28,2018-11-29 19:45:00,0.0,0.0
2018-11-28,2018-11-29 20:00:00,0.0,0.0
2018-11-28,2018-11-29 20:15:00,0.0,0.0
2018-11-28,2018-11-29 20:30:00,0.0,0.0
2018-11-28,2018-11-29 20:45:00,0.0,0.0
2018-11-28,2018-11-29 21:00:00,0.0,0.0
2018-11-28,2018-11-29 21:15:00,0.0,0.0
2018-11-28,2018-11-29 21:30:00,0.0,0.0
2018-11-28,2018-11-29 21:45:00,0.0,0.0
2018-11-28,2018-11-29 22:00:00,0.0,0.0
2018-11-28,2018-11-29 22:15:00,0.0,0.0
2018-11-28,2018-11-29 22:30:00,0.0,0.0
2018-11-28,2018-11-29 22:45:00,0.0,0.04431780427694321
2018-11-28,2018-11-29 23:00:00,0.0,0.03746751695871353
2018-11-28,2018-11-29 23:15:00,0.0,0.114345982670784
2018-11-28,2018-11-29 23:30:00,0.014062000438570976,0.22366498410701752
2018-11-28,2018-11-29 23:45:00,0.1054690033197403,0.32919842004776
2018-11-29,2018-11-30 00:00:00,0.22499999403953552,0.0
2018-11-29,2018-11-30 00:15:00,0.3550780117511749,0.04856017231941223
2018-11-29,2018-11-30 00:30:00,0.513280987739563,0.15782657265663147
2018-11-29,2018-11-30 00:45:00,0.675000011920929,0.36072850227355957
2018-11-29,2018-11-30 01:00:00,0.8261719942092896,0.45936596393585205
2018-11-29,2018-11-30 01:15:00,0.956250011920929,0.57450932264328
2018-11-29,2018-11-30 01:30:00,0.984375,0.7439102530479431
2018-11-29,2018-11-30 01:45:00,0.9175779819488525,0.8371116518974304
2018-11-29,2018-11-30 02:00:00,1.1917970180511475,0.9407286643981934
2018-11-29,2018-11-30 02:15:00,1.2761720418930054,1.0426615476608276
2018-11-29,2018-11-30 02:30:00,1.5996090173721313,1.1753430366516113
2018-11-29,2018-11-30 02:45:00,1.9582029581069946,1.2828395366668701
2018-11-29,2018-11-30 03:00:00,2.0636720657348633,1.299328327178955
2018-11-29,2018-11-30 03:15:00,2.214843988418579,1.4617195129394531
2018-11-29,2018-11-30 03:30:00,2.2359371185302734,1.5483441352844238
2018-11-29,2018-11-30 03:45:00,2.3238279819488525,1.5828230381011963
2018-11-29,2018-11-30 04:00:00,2.3238279819488525,1.6398437023162842
2018-11-29,2018-11-30 04:15:00,2.3062500953674316,1.6647557020187378
2018-11-29,2018-11-30 04:30:00,2.3238279819488525,1.6785880327224731
2018-11-29,2018-11-30 04:45:00,2.0179688930511475,1.6925259828567505
2018-11-29,2018-11-30 05:00:00,1.589061975479126,1.6545487642288208
2018-11-29,2018-11-30 05:15:00,1.975780963897705,1.606353998184204
2018-11-29,2018-11-30 05:30:00,1.680469036102295,1.646182656288147
2018-11-29,2018-11-30 05:45:00,1.5257810354232788,1.524234414100647
2018-11-29,2018-11-30 06:00:00,1.6699219942092896,1.4794508218765259
2018-11-29,2018-11-30 06:15:00,1.490625023841858,1.385650634765625
2018-11-29,2018-11-30 06:30:00,1.4167970418930054,1.310786485671997
2018-11-29,2018-11-30 06:45:00,0.9808589816093445,1.2104226350784302
2018-11-29,2018-11-30 07:00:00,0.8507810235023499,1.1052354574203491
2018-11-29,2018-11-30 07:15:00,0.5730469822883606,1.098120093345642
2018-11-29,2018-11-30 07:30:00,0.37968701124191284,0.8883347511291504
2018-11-29,2018-11-30 07:45:00,0.24257799983024597,0.7923389077186584
2018-11-29,2018-11-30 08:00:00,0.2460940033197403,0.7105317711830139
2018-11-29,2018-11-30 08:15:00,0.1757809966802597,0.6343086361885071
2018-11-29,2018-11-30 08:30:00,0.03515600040555,0.511932373046875
2018-11-29,2018-11-30 08:45:00,0.010546999983489513,0.4364299178123474
2018-11-29,2018-11-30 09:00:00,0.0,0.32307323813438416
2018-11-29,2018-11-30 09:15:00,0.0,0.28990885615348816
2018-11-29,2018-11-30 09:30:00,0.0,0.2078811079263687
2018-11-29,2018-11-30 09:45:00,0.0,0.1564198136329651
2018-11-29,2018-11-30 10:00:00,0.0,0.1136813685297966
2018-11-29,2018-11-30 10:15:00,0.0,0.07011070847511292
2018-11-29,2018-11-30 10:30:00,0.0,0.07165193557739258
2018-11-29,2018-11-30 10:45:00,0.0,0.0
2018-11-29,2018-11-30 11:00:00,0.0,0.0
2018-11-29,2018-11-30 11:15:00,0.0,0.016014471650123596
2018-11-29,2018-11-30 11:30:00,0.0,0.0
2018-11-29,2018-11-30 11:45:00,0.0,0.0
2018-11-29,2018-11-30 12:00:00,0.0,0.0
2018-11-29,2018-11-30 12:15:00,0.0,0.0
2018-11-29,2018-11-30 12:30:00,0.0,0.0
2018-11-29,2018-11-30 12:45:00,0.0,0.0
2018-11-29,2018-11-30 13:00:00,0.0,0.0
2018-11-29,2018-11-30 13:15:00,0.0,0.0
2018-11-29,2018-11-30 13:30:00,0.0,0.0
2018-11-29,2018-11-30 13:45:00,0.0,0.0
2018-11-29,2018-11-30 14:00:00,0.0,0.008669584058225155
2018-11-29,2018-11-30 14:15:00,0.0,0.00033167461515404284
2018-11-29,2018-11-30 14:30:00,0.0,0.0
2018-11-29,2018-11-30 14:45:00,0.0,0.0
2018-11-29,2018-11-30 15:00:00,0.0,0.03205420821905136
2018-11-29,2018-11-30 15:15:00,0.0,0.01181026827543974
2018-11-29,2018-11-30 15:30:00,0.0,0.0
2018-11-29,2018-11-30 15:45:00,0.0,0.0
2018-11-29,2018-11-30 16:00:00,0.0,0.0117241982370615
2018-11-29,2018-11-30 16:15:00,0.0,0.037389375269412994
2018-11-29,2018-11-30 16:30:00,0.0,0.013633021153509617
2018-11-29,2018-11-30 16:45:00,0.0,0.0
2018-11-29,2018-11-30 17:00:00,0.0,0.0
2018-11-29,2018-11-30 17:15:00,0.0,0.0
2018-11-29,2018-11-30 17:30:00,0.0,0.02962743304669857
2018-11-29,2018-11-30 17:45:00,0.0,0.0
2018-11-29,2018-11-30 18:00:00,0.0,0.0
2018-11-29,2018-11-30 18:15:00,0.0,0.0
2018-11-29,2018-11-30 18:30:00,0.0,0.0
2018-11-29,2018-11-30 18:45:00,0.0,0.0
2018-11-29,2018-11-30 19:00:00,0.0,0.0
2018-11-29,2018-11-30 19:15:00,0.0,0.0
2018-11-29,2018-11-30 19:30:00,0.0,0.0
2018-11-29,2018-11-30 19:45:00,0.0,0.0
2018-11-29,2018-11-30 20:00:00,0.0,0.0
2018-11-29,2018-11-30 20:15:00,0.0,0.0
2018-11-29,2018-11-30 20:30:00,0.0,0.0
2018-11-29,2018-11-30 20:45:00,0.0,0.0
2018-11-29,2018-11-30 21:00:00,0.0,0.0
2018-11-29,2018-11-30 21:15:00,0.0,0.0
2018-11-29,2018-11-30 21:30:00,0.0,0.0
2018-11-29,2018-11-30 21:45:00,0.0,0.0
2018-11-29,2018-11-30 22:00:00,0.0,0.0
2018-11-29,2018-11-30 22:15:00,0.0,0.0
2018-11-29,2018-11-30 22:30:00,0.0,0.0
2018-11-29,2018-11-30 22:45:00,0.0,0.039096880704164505
2018-11-29,2018-11-30 23:00:00,0.0,0.035422202199697495
2018-11-29,2018-11-30 23:15:00,0.0,0.08760225027799606
2018-11-29,2018-11-30 23:30:00,0.0,0.16717422008514404
2018-11-29,2018-11-30 23:45:00,0.0,0.27195054292678833
