起报时间,预报时间,实际功率 (MW),FusionModel预测功率 (MW)
2019-02-21,2019-02-22 00:00:00,0.2355470061302185,0.3160659074783325
2019-02-21,2019-02-22 00:15:00,0.3621090054512024,0.3939594328403473
2019-02-21,2019-02-22 00:30:00,0.40781301259994507,0.4919816851615906
2019-02-21,2019-02-22 00:45:00,0.5484369993209839,0.6255466341972351
2019-02-21,2019-02-22 01:00:00,0.5765630006790161,0.7699176073074341
2019-02-21,2019-02-22 01:15:00,0.6468750238418579,0.8680058717727661
2019-02-21,2019-02-22 01:30:00,0.7382810115814209,1.0211580991744995
2019-02-21,2019-02-22 01:45:00,1.0546879768371582,1.1496412754058838
2019-02-21,2019-02-22 02:00:00,1.2937500476837158,1.2741013765335083
2019-02-21,2019-02-22 02:15:00,1.6628910303115845,1.4136576652526855
2019-02-21,2019-02-22 02:30:00,2.021483898162842,1.5056419372558594
2019-02-21,2019-02-22 02:45:00,1.8140619993209839,1.5894111394882202
2019-02-21,2019-02-22 03:00:00,1.9722659587860107,1.6815776824951172
2019-02-21,2019-02-22 03:15:00,1.9968750476837158,1.7659621238708496
2019-02-21,2019-02-22 03:30:00,1.6628910303115845,1.8437191247940063
2019-02-21,2019-02-22 03:45:00,1.652343988418579,1.9150564670562744
2019-02-21,2019-02-22 04:00:00,1.884374976158142,1.9321074485778809
2019-02-21,2019-02-22 04:15:00,2.010936975479126,1.9171887636184692
2019-02-21,2019-02-22 04:30:00,2.26406192779541,1.9537651538848877
2019-02-21,2019-02-22 04:45:00,2.1656250953674316,1.9063559770584106
2019-02-21,2019-02-22 05:00:00,2.366015911102295,1.8950527906417847
2019-02-21,2019-02-22 05:15:00,2.3449220657348633,1.836639165878296
2019-02-21,2019-02-22 05:30:00,1.8070310354232788,1.774095892906189
2019-02-21,2019-02-22 05:45:00,1.6769529581069946,1.7190521955490112
2019-02-21,2019-02-22 06:00:00,2.0531249046325684,1.6439313888549805
2019-02-21,2019-02-22 06:15:00,2.5910160541534424,1.522234559059143
2019-02-21,2019-02-22 06:30:00,1.7156250476837158,1.4007091522216797
2019-02-21,2019-02-22 06:45:00,1.5011719465255737,1.3017961978912354
2019-02-21,2019-02-22 07:00:00,1.3394529819488525,1.159035563468933
2019-02-21,2019-02-22 07:15:00,1.2621090412139893,1.0228850841522217
2019-02-21,2019-02-22 07:30:00,1.082811951637268,0.9057291150093079
2019-02-21,2019-02-22 07:45:00,1.0230469703674316,0.7949479818344116
2019-02-21,2019-02-22 08:00:00,1.4589840173721313,0.6507810354232788
2019-02-21,2019-02-22 08:15:00,1.6769529581069946,0.5253787040710449
2019-02-21,2019-02-22 08:30:00,1.5644530057907104,0.4247457981109619
2019-02-21,2019-02-22 08:45:00,1.1531250476837158,0.3255612552165985
2019-02-21,2019-02-22 09:00:00,0.5203120112419128,0.2171582281589508
2019-02-21,2019-02-22 09:15:00,0.1863279938697815,0.1673419028520584
2019-02-21,2019-02-22 09:30:00,0.16523399949073792,0.11379121989011765
2019-02-21,2019-02-22 09:45:00,0.09492199867963791,0.0529283806681633
2019-02-21,2019-02-22 10:00:00,0.0,0.015344797633588314
2019-02-21,2019-02-22 10:15:00,0.0,0.0
2019-02-21,2019-02-22 10:30:00,0.0,0.0
2019-02-21,2019-02-22 10:45:00,0.0,0.0
2019-02-21,2019-02-22 11:00:00,0.0,0.0
2019-02-21,2019-02-22 11:15:00,0.0,0.0
2019-02-21,2019-02-22 11:30:00,0.0,0.0
2019-02-21,2019-02-22 11:45:00,0.0,0.0
2019-02-21,2019-02-22 12:00:00,0.0,0.0
2019-02-21,2019-02-22 12:15:00,0.0,0.0
2019-02-21,2019-02-22 12:30:00,0.0,0.0
2019-02-21,2019-02-22 12:45:00,0.0,0.0
2019-02-21,2019-02-22 13:00:00,0.0,0.010715506039559841
2019-02-21,2019-02-22 13:15:00,0.0,0.005280766636133194
2019-02-21,2019-02-22 13:30:00,0.0,0.01883539929986
2019-02-21,2019-02-22 13:45:00,0.0,0.0
2019-02-21,2019-02-22 14:00:00,0.0,0.000904083892237395
2019-02-21,2019-02-22 14:15:00,0.0,0.0
2019-02-21,2019-02-22 14:30:00,0.0,0.010319139808416367
2019-02-21,2019-02-22 14:45:00,0.0,0.033823490142822266
2019-02-21,2019-02-22 15:00:00,0.0,0.00026791670825332403
2019-02-21,2019-02-22 15:15:00,0.0,0.015786901116371155
2019-02-21,2019-02-22 15:30:00,0.0,0.0
2019-02-21,2019-02-22 15:45:00,0.0,0.01959880255162716
2019-02-21,2019-02-22 16:00:00,0.0,0.016594314947724342
2019-02-21,2019-02-22 16:15:00,0.0,0.02370462566614151
2019-02-21,2019-02-22 16:30:00,0.0,0.016597235575318336
2019-02-21,2019-02-22 16:45:00,0.0,0.02712334878742695
2019-02-21,2019-02-22 17:00:00,0.0,0.003943970892578363
2019-02-21,2019-02-22 17:15:00,0.0,0.0008764414233155549
2019-02-21,2019-02-22 17:30:00,0.0,0.01842247135937214
2019-02-21,2019-02-22 17:45:00,0.0,0.023885592818260193
2019-02-21,2019-02-22 18:00:00,0.0,0.015078280121088028
2019-02-21,2019-02-22 18:15:00,0.0,0.012959235347807407
2019-02-21,2019-02-22 18:30:00,0.0,0.0
2019-02-21,2019-02-22 18:45:00,0.0,0.014143796637654305
2019-02-21,2019-02-22 19:00:00,0.0,0.03416795656085014
2019-02-21,2019-02-22 19:15:00,0.0,0.012839190661907196
2019-02-21,2019-02-22 19:30:00,0.0,0.006596452556550503
2019-02-21,2019-02-22 19:45:00,0.0,0.007036200724542141
2019-02-21,2019-02-22 20:00:00,0.0,0.01936347596347332
2019-02-21,2019-02-22 20:15:00,0.0,0.014478510245680809
2019-02-21,2019-02-22 20:30:00,0.0,0.0
2019-02-21,2019-02-22 20:45:00,0.0,0.0
2019-02-21,2019-02-22 21:00:00,0.0,0.0
2019-02-21,2019-02-22 21:15:00,0.0,0.0
2019-02-21,2019-02-22 21:30:00,0.0,0.0
2019-02-21,2019-02-22 21:45:00,0.0,0.0
2019-02-21,2019-02-22 22:00:00,0.0,0.0
2019-02-21,2019-02-22 22:15:00,0.0,0.0
2019-02-21,2019-02-22 22:30:00,0.0,0.0
2019-02-21,2019-02-22 22:45:00,0.0,0.0
2019-02-21,2019-02-22 23:00:00,0.0,0.0
2019-02-21,2019-02-22 23:15:00,0.007031000219285488,0.0
2019-02-21,2019-02-22 23:30:00,0.10898400098085403,0.0
2019-02-21,2019-02-22 23:45:00,0.21796900033950806,0.022192325443029404
2019-02-22,2019-02-23 00:00:00,0.3515619933605194,0.3566882014274597
2019-02-22,2019-02-23 00:15:00,0.5203120112419128,0.4835333824157715
2019-02-22,2019-02-23 00:30:00,0.7347660064697266,0.6362692713737488
2019-02-22,2019-02-23 00:45:00,0.9949219822883606,0.8330214619636536
2019-02-22,2019-02-23 01:00:00,1.2410160303115845,1.0224440097808838
2019-02-22,2019-02-23 01:15:00,1.4800779819488525,1.185418725013733
2019-02-22,2019-02-23 01:30:00,1.7121089696884155,1.4112968444824219
2019-02-22,2019-02-23 01:45:00,2.003906011581421,1.5796316862106323
2019-02-22,2019-02-23 02:00:00,2.267577886581421,1.7774139642715454
2019-02-22,2019-02-23 02:15:00,2.5769529342651367,1.9919960498809814
2019-02-22,2019-02-23 02:30:00,2.784374952316284,2.111555337905884
2019-02-22,2019-02-23 02:45:00,3.005858898162842,2.254340887069702
2019-02-22,2019-02-23 03:00:00,3.128906011581421,2.3853437900543213
2019-02-22,2019-02-23 03:15:00,3.1746089458465576,2.505506992340088
2019-02-22,2019-02-23 03:30:00,3.364453077316284,2.557260036468506
2019-02-22,2019-02-23 03:45:00,3.4558589458465576,2.6906540393829346
2019-02-22,2019-02-23 04:00:00,3.533202886581421,2.7127814292907715
2019-02-22,2019-02-23 04:15:00,3.6140620708465576,2.703526735305786
2019-02-22,2019-02-23 04:30:00,3.6070311069488525,2.7683990001678467
2019-02-22,2019-02-23 04:45:00,3.3433589935302734,2.7193198204040527
2019-02-22,2019-02-23 05:00:00,3.4066410064697266,2.7271370887756348
2019-02-22,2019-02-23 05:15:00,3.5718750953674316,2.6684274673461914
2019-02-22,2019-02-23 05:30:00,3.4945309162139893,2.593811273574829
2019-02-22,2019-02-23 05:45:00,3.2906250953674316,2.558441638946533
2019-02-22,2019-02-23 06:00:00,3.3539059162139893,2.4455296993255615
2019-02-22,2019-02-23 06:15:00,3.244921922683716,2.329017400741577
2019-02-22,2019-02-23 06:30:00,2.946094036102295,2.155778408050537
2019-02-22,2019-02-23 06:45:00,2.960155963897705,2.040714740753174
2019-02-22,2019-02-23 07:00:00,2.6332030296325684,1.8708449602127075
2019-02-22,2019-02-23 07:15:00,2.3871090412139893,1.6765148639678955
2019-02-22,2019-02-23 07:30:00,2.102344036102295,1.5179904699325562
2019-02-22,2019-02-23 07:45:00,1.919530987739563,1.387181043624878
2019-02-22,2019-02-23 08:00:00,1.5082030296325684,1.167985200881958
2019-02-22,2019-02-23 08:15:00,1.272655963897705,0.9955199956893921
2019-02-22,2019-02-23 08:30:00,1.0371090173721313,0.8680662512779236
2019-02-22,2019-02-23 08:45:00,0.7136719822883606,0.6936568021774292
2019-02-22,2019-02-23 09:00:00,0.471094012260437,0.5403069257736206
2019-02-22,2019-02-23 09:15:00,0.31992200016975403,0.40859314799308777
2019-02-22,2019-02-23 09:30:00,0.1863279938697815,0.3102268874645233
2019-02-22,2019-02-23 09:45:00,0.014062000438570976,0.19436673820018768
2019-02-22,2019-02-23 10:00:00,0.0,0.13223816454410553
2019-02-22,2019-02-23 10:15:00,0.0,0.07284384220838547
2019-02-22,2019-02-23 10:30:00,0.0,0.041173726320266724
2019-02-22,2019-02-23 10:45:00,0.0,0.0
2019-02-22,2019-02-23 11:00:00,0.0,0.002230571350082755
2019-02-22,2019-02-23 11:15:00,0.0,0.0
2019-02-22,2019-02-23 11:30:00,0.0,0.0
2019-02-22,2019-02-23 11:45:00,0.0,0.0017935646465048194
2019-02-22,2019-02-23 12:00:00,0.0,0.033184945583343506
2019-02-22,2019-02-23 12:15:00,0.0,0.021263474598526955
2019-02-22,2019-02-23 12:30:00,0.0,0.05832056328654289
2019-02-22,2019-02-23 12:45:00,0.0,0.03914715349674225
2019-02-22,2019-02-23 13:00:00,0.0,0.06066972389817238
2019-02-22,2019-02-23 13:15:00,0.0,0.02825300581753254
2019-02-22,2019-02-23 13:30:00,0.0,0.04434964433312416
2019-02-22,2019-02-23 13:45:00,0.0,0.03428736329078674
2019-02-22,2019-02-23 14:00:00,0.0,0.03064081259071827
2019-02-22,2019-02-23 14:15:00,0.0,0.0003885167825501412
2019-02-22,2019-02-23 14:30:00,0.0,0.0038641607388854027
2019-02-22,2019-02-23 14:45:00,0.0,0.0
2019-02-22,2019-02-23 15:00:00,0.0,0.0
2019-02-22,2019-02-23 15:15:00,0.0,0.0
2019-02-22,2019-02-23 15:30:00,0.0,0.0
2019-02-22,2019-02-23 15:45:00,0.0,0.0
2019-02-22,2019-02-23 16:00:00,0.0,0.0
2019-02-22,2019-02-23 16:15:00,0.0,0.0
2019-02-22,2019-02-23 16:30:00,0.0,0.0
2019-02-22,2019-02-23 16:45:00,0.0,0.007664878387004137
2019-02-22,2019-02-23 17:00:00,0.0,0.0
2019-02-22,2019-02-23 17:15:00,0.0,0.0
2019-02-22,2019-02-23 17:30:00,0.0,0.0
2019-02-22,2019-02-23 17:45:00,0.0,0.016592852771282196
2019-02-22,2019-02-23 18:00:00,0.0,0.0
2019-02-22,2019-02-23 18:15:00,0.0,0.009708640165627003
2019-02-22,2019-02-23 18:30:00,0.0,0.0
2019-02-22,2019-02-23 18:45:00,0.0,0.008274020627140999
2019-02-22,2019-02-23 19:00:00,0.0,0.02834705449640751
2019-02-22,2019-02-23 19:15:00,0.0,0.0
2019-02-22,2019-02-23 19:30:00,0.0,0.003636251902207732
2019-02-22,2019-02-23 19:45:00,0.0,0.018747277557849884
2019-02-22,2019-02-23 20:00:00,0.0,0.0020253569819033146
2019-02-22,2019-02-23 20:15:00,0.0,0.0030360498931258917
2019-02-22,2019-02-23 20:30:00,0.0,0.0
2019-02-22,2019-02-23 20:45:00,0.0,0.0001112230311264284
2019-02-22,2019-02-23 21:00:00,0.0,0.0
2019-02-22,2019-02-23 21:15:00,0.0,0.0
2019-02-22,2019-02-23 21:30:00,0.0,0.0
2019-02-22,2019-02-23 21:45:00,0.0,0.0
2019-02-22,2019-02-23 22:00:00,0.0,0.0
2019-02-22,2019-02-23 22:15:00,0.0,0.0
2019-02-22,2019-02-23 22:30:00,0.0,0.0
2019-02-22,2019-02-23 22:45:00,0.0,0.0
2019-02-22,2019-02-23 23:00:00,0.0,0.0
2019-02-22,2019-02-23 23:15:00,0.03515600040555,0.0
2019-02-22,2019-02-23 23:30:00,0.13359400629997253,0.07971415668725967
2019-02-22,2019-02-23 23:45:00,0.22851599752902985,0.1438850611448288
2019-02-23,2019-02-24 00:00:00,0.4007810056209564,0.452580988407135
2019-02-23,2019-02-24 00:15:00,0.5730469822883606,0.5618581175804138
2019-02-23,2019-02-24 00:30:00,0.7699220180511475,0.727941632270813
2019-02-23,2019-02-24 00:45:00,0.956250011920929,0.9331832528114319
2019-02-23,2019-02-24 01:00:00,1.209375023841858,1.1423015594482422
2019-02-23,2019-02-24 01:15:00,1.4660160541534424,1.3161942958831787
2019-02-23,2019-02-24 01:30:00,1.6136720180511475,1.5592842102050781
2019-02-23,2019-02-24 01:45:00,1.8808590173721313,1.786753535270691
2019-02-23,2019-02-24 02:00:00,2.0777339935302734,1.9706039428710938
2019-02-23,2019-02-24 02:15:00,1.9968750476837158,2.2157812118530273
2019-02-23,2019-02-24 02:30:00,2.3589839935302734,2.351808786392212
2019-02-23,2019-02-24 02:45:00,2.5804688930511475,2.495666742324829
2019-02-23,2019-02-24 03:00:00,2.3519530296325684,2.6640138626098633
2019-02-23,2019-02-24 03:15:00,2.0531249046325684,2.761300802230835
2019-02-23,2019-02-24 03:30:00,2.26406192779541,2.8419249057769775
2019-02-23,2019-02-24 03:45:00,1.9582029581069946,2.9746904373168945
2019-02-23,2019-02-24 04:00:00,1.497655987739563,2.99633526802063
2019-02-23,2019-02-24 04:15:00,1.6347659826278687,3.008322238922119
2019-02-23,2019-02-24 04:30:00,2.1410160064697266,3.052399158477783
2019-02-23,2019-02-24 04:45:00,1.9230469465255737,2.9731154441833496
2019-02-23,2019-02-24 05:00:00,2.489063024520874,2.973964214324951
2019-02-23,2019-02-24 05:15:00,2.242969036102295,2.895883083343506
2019-02-23,2019-02-24 05:30:00,1.6101560592651367,2.8141579627990723
2019-02-23,2019-02-24 05:45:00,1.9968750476837158,2.744743824005127
2019-02-23,2019-02-24 06:00:00,1.4695310592651367,2.5956883430480957
2019-02-23,2019-02-24 06:15:00,1.314844012260437,2.4410359859466553
2019-02-23,2019-02-24 06:30:00,1.3816410303115845,2.2489683628082275
2019-02-23,2019-02-24 06:45:00,1.2937500476837158,2.119109630584717
2019-02-23,2019-02-24 07:00:00,1.1425780057907104,1.9157185554504395
2019-02-23,2019-02-24 07:15:00,1.1636719703674316,1.6898820400238037
2019-02-23,2019-02-24 07:30:00,1.117969036102295,1.5415281057357788
2019-02-23,2019-02-24 07:45:00,1.082811951637268,1.4025816917419434
2019-02-23,2019-02-24 08:00:00,0.8085939884185791,1.1561942100524902
2019-02-23,2019-02-24 08:15:00,0.6152340173721313,0.9705867171287537
2019-02-23,2019-02-24 08:30:00,0.46406298875808716,0.8368840217590332
2019-02-23,2019-02-24 08:45:00,0.33398398756980896,0.652667224407196
2019-02-23,2019-02-24 09:00:00,0.2355470061302185,0.4872191846370697
2019-02-23,2019-02-24 09:15:00,0.16875000298023224,0.36760473251342773
2019-02-23,2019-02-24 09:30:00,0.12656299769878387,0.2779151499271393
2019-02-23,2019-02-24 09:45:00,0.021093999966979027,0.16327843070030212
2019-02-23,2019-02-24 10:00:00,0.0,0.11663775146007538
2019-02-23,2019-02-24 10:15:00,0.0,0.05570178106427193
2019-02-23,2019-02-24 10:30:00,0.0,0.034119561314582825
2019-02-23,2019-02-24 10:45:00,0.0,0.003672463819384575
2019-02-23,2019-02-24 11:00:00,0.0,0.014527992345392704
2019-02-23,2019-02-24 11:15:00,0.0,0.0
2019-02-23,2019-02-24 11:30:00,0.0,2.8017937438562512e-05
2019-02-23,2019-02-24 11:45:00,0.0,0.0
2019-02-23,2019-02-24 12:00:00,0.0,0.02253022789955139
2019-02-23,2019-02-24 12:15:00,0.0,0.02068311721086502
2019-02-23,2019-02-24 12:30:00,0.0,0.039345502853393555
2019-02-23,2019-02-24 12:45:00,0.0,0.005128681659698486
2019-02-23,2019-02-24 13:00:00,0.0,0.029090577736496925
2019-02-23,2019-02-24 13:15:00,0.0,0.011652560904622078
2019-02-23,2019-02-24 13:30:00,0.0,0.012040568515658379
2019-02-23,2019-02-24 13:45:00,0.0,0.0
2019-02-23,2019-02-24 14:00:00,0.0,0.0
2019-02-23,2019-02-24 14:15:00,0.0,0.0
2019-02-23,2019-02-24 14:30:00,0.0,0.0
2019-02-23,2019-02-24 14:45:00,0.0,0.0
2019-02-23,2019-02-24 15:00:00,0.0,0.0
2019-02-23,2019-02-24 15:15:00,0.0,0.0
2019-02-23,2019-02-24 15:30:00,0.0,0.0
2019-02-23,2019-02-24 15:45:00,0.0,0.0
2019-02-23,2019-02-24 16:00:00,0.0,0.0
2019-02-23,2019-02-24 16:15:00,0.0,0.009793933480978012
2019-02-23,2019-02-24 16:30:00,0.0,0.0026235529221594334
2019-02-23,2019-02-24 16:45:00,0.0,0.01510373130440712
2019-02-23,2019-02-24 17:00:00,0.0,0.0
2019-02-23,2019-02-24 17:15:00,0.0,0.00720169534906745
2019-02-23,2019-02-24 17:30:00,0.0,0.012832030653953552
2019-02-23,2019-02-24 17:45:00,0.0,0.03074251301586628
2019-02-23,2019-02-24 18:00:00,0.0,0.027292326092720032
2019-02-23,2019-02-24 18:15:00,0.0,0.023718247190117836
2019-02-23,2019-02-24 18:30:00,0.0,0.0042318557389080524
2019-02-23,2019-02-24 18:45:00,0.0,0.028538772836327553
2019-02-23,2019-02-24 19:00:00,0.0,0.06071953475475311
2019-02-23,2019-02-24 19:15:00,0.0,0.026735542342066765
2019-02-23,2019-02-24 19:30:00,0.0,0.02917097881436348
2019-02-23,2019-02-24 19:45:00,0.0,0.04925961792469025
2019-02-23,2019-02-24 20:00:00,0.0,0.05629361793398857
2019-02-23,2019-02-24 20:15:00,0.0,0.02246657945215702
2019-02-23,2019-02-24 20:30:00,0.0,0.02301844023168087
2019-02-23,2019-02-24 20:45:00,0.0,0.013956446200609207
2019-02-23,2019-02-24 21:00:00,0.0,0.0
2019-02-23,2019-02-24 21:15:00,0.0,0.0
2019-02-23,2019-02-24 21:30:00,0.0,0.0
2019-02-23,2019-02-24 21:45:00,0.0,0.0
2019-02-23,2019-02-24 22:00:00,0.0,0.0
2019-02-23,2019-02-24 22:15:00,0.0,0.0
2019-02-23,2019-02-24 22:30:00,0.0,0.0
2019-02-23,2019-02-24 22:45:00,0.0,0.0
2019-02-23,2019-02-24 23:00:00,0.0,0.0
2019-02-23,2019-02-24 23:15:00,0.007031000219285488,0.0
2019-02-23,2019-02-24 23:30:00,0.09140600264072418,0.036183930933475494
2019-02-23,2019-02-24 23:45:00,0.21445299685001373,0.10119336098432541
2019-02-24,2019-02-25 00:00:00,0.26718801259994507,0.31309500336647034
2019-02-24,2019-02-25 00:15:00,0.4781250059604645,0.4067639112472534
2019-02-24,2019-02-25 00:30:00,0.5730469822883606,0.5089681148529053
2019-02-24,2019-02-25 00:45:00,0.7277340292930603,0.6731984615325928
2019-02-24,2019-02-25 01:00:00,1.0089839696884155,0.8364067077636719
2019-02-24,2019-02-25 01:15:00,1.2269530296325684,0.9820554256439209
2019-02-24,2019-02-25 01:30:00,1.4308589696884155,1.1955289840698242
2019-02-24,2019-02-25 01:45:00,1.6664060354232788,1.4022756814956665
2019-02-24,2019-02-25 02:00:00,1.8562500476837158,1.5953154563903809
2019-02-24,2019-02-25 02:15:00,2.109375,1.8318454027175903
2019-02-24,2019-02-25 02:30:00,2.2113280296325684,1.9741863012313843
2019-02-24,2019-02-25 02:45:00,2.3273439407348633,2.1337196826934814
2019-02-24,2019-02-25 03:00:00,2.397655963897705,2.319293737411499
2019-02-24,2019-02-25 03:15:00,2.548827886581421,2.428334951400757
2019-02-24,2019-02-25 03:30:00,2.6085939407348633,2.5388333797454834
2019-02-24,2019-02-25 03:45:00,2.707031011581421,2.6832361221313477
2019-02-24,2019-02-25 04:00:00,2.742187976837158,2.7300643920898438
2019-02-24,2019-02-25 04:15:00,2.794922113418579,2.752899408340454
2019-02-24,2019-02-25 04:30:00,2.777343988418579,2.813584804534912
2019-02-24,2019-02-25 04:45:00,2.707031011581421,2.7530877590179443
2019-02-24,2019-02-25 05:00:00,2.6683590412139893,2.757114887237549
2019-02-24,2019-02-25 05:15:00,2.6261720657348633,2.685317277908325
2019-02-24,2019-02-25 05:30:00,2.2886719703674316,2.6092426776885986
2019-02-24,2019-02-25 05:45:00,2.496093988418579,2.5538711547851562
2019-02-24,2019-02-25 06:00:00,2.496093988418579,2.4159774780273438
2019-02-24,2019-02-25 06:15:00,2.373047113418579,2.26985764503479
2019-02-24,2019-02-25 06:30:00,2.2464840412139893,2.081977367401123
2019-02-24,2019-02-25 06:45:00,2.0425779819488525,1.9580745697021484
2019-02-24,2019-02-25 07:00:00,1.9019529819488525,1.7704623937606812
2019-02-24,2019-02-25 07:15:00,1.736719012260437,1.5654104948043823
2019-02-24,2019-02-25 07:30:00,1.4695310592651367,1.4212939739227295
2019-02-24,2019-02-25 07:45:00,0.8578130006790161,1.2658743858337402
2019-02-24,2019-02-25 08:00:00,1.1636719703674316,1.056879997253418
2019-02-24,2019-02-25 08:15:00,0.6011719703674316,0.8848071098327637
2019-02-24,2019-02-25 08:30:00,0.6574220061302185,0.7554160356521606
2019-02-24,2019-02-25 08:45:00,0.5238280296325684,0.5862537622451782
2019-02-24,2019-02-25 09:00:00,0.3761720061302185,0.41959255933761597
2019-02-24,2019-02-25 09:15:00,0.1511719971895218,0.3261730372905731
2019-02-24,2019-02-25 09:30:00,0.09843800216913223,0.243674173951149
2019-02-24,2019-02-25 09:45:00,0.010546999983489513,0.13773854076862335
2019-02-24,2019-02-25 10:00:00,0.0,0.08721113950014114
2019-02-24,2019-02-25 10:15:00,0.0,0.047627776861190796
2019-02-24,2019-02-25 10:30:00,0.0,0.0218860674649477
2019-02-24,2019-02-25 10:45:00,0.0,0.0
2019-02-24,2019-02-25 11:00:00,0.0,0.010957271791994572
2019-02-24,2019-02-25 11:15:00,0.0,0.0
2019-02-24,2019-02-25 11:30:00,0.0,0.013911315239965916
2019-02-24,2019-02-25 11:45:00,0.0,0.03617088496685028
2019-02-24,2019-02-25 12:00:00,0.0,0.047534264624118805
2019-02-24,2019-02-25 12:15:00,0.0,0.04538987576961517
2019-02-24,2019-02-25 12:30:00,0.0,0.06283576041460037
2019-02-24,2019-02-25 12:45:00,0.0,0.019293079152703285
2019-02-24,2019-02-25 13:00:00,0.0,0.0489647276699543
2019-02-24,2019-02-25 13:15:00,0.0,0.02560865320265293
2019-02-24,2019-02-25 13:30:00,0.0,0.025700589641928673
2019-02-24,2019-02-25 13:45:00,0.0,0.008098341524600983
2019-02-24,2019-02-25 14:00:00,0.0,0.0
2019-02-24,2019-02-25 14:15:00,0.0,0.0
2019-02-24,2019-02-25 14:30:00,0.0,0.0
2019-02-24,2019-02-25 14:45:00,0.0,0.0
2019-02-24,2019-02-25 15:00:00,0.0,0.0
2019-02-24,2019-02-25 15:15:00,0.0,0.0
2019-02-24,2019-02-25 15:30:00,0.0,0.0
2019-02-24,2019-02-25 15:45:00,0.0,0.0
2019-02-24,2019-02-25 16:00:00,0.0,0.0
2019-02-24,2019-02-25 16:15:00,0.0,0.0
2019-02-24,2019-02-25 16:30:00,0.0,0.0
2019-02-24,2019-02-25 16:45:00,0.0,0.009422987699508667
2019-02-24,2019-02-25 17:00:00,0.0,0.0
2019-02-24,2019-02-25 17:15:00,0.0,0.0
2019-02-24,2019-02-25 17:30:00,0.0,0.009566220454871655
2019-02-24,2019-02-25 17:45:00,0.0,0.023833908140659332
2019-02-24,2019-02-25 18:00:00,0.0,0.01861998438835144
2019-02-24,2019-02-25 18:15:00,0.0,0.00999014638364315
2019-02-24,2019-02-25 18:30:00,0.0,0.0
2019-02-24,2019-02-25 18:45:00,0.0,0.019851267337799072
2019-02-24,2019-02-25 19:00:00,0.0,0.04335393011569977
2019-02-24,2019-02-25 19:15:00,0.0,0.012692120857536793
2019-02-24,2019-02-25 19:30:00,0.0,0.015362738631665707
2019-02-24,2019-02-25 19:45:00,0.0,0.03029784746468067
2019-02-24,2019-02-25 20:00:00,0.0,0.04601908475160599
2019-02-24,2019-02-25 20:15:00,0.0,0.016521653160452843
2019-02-24,2019-02-25 20:30:00,0.0,0.026352176442742348
2019-02-24,2019-02-25 20:45:00,0.0,0.026122022420167923
2019-02-24,2019-02-25 21:00:00,0.0,0.0028555148746818304
2019-02-24,2019-02-25 21:15:00,0.0,0.011134792119264603
2019-02-24,2019-02-25 21:30:00,0.0,0.0
2019-02-24,2019-02-25 21:45:00,0.0,0.0031840968877077103
2019-02-24,2019-02-25 22:00:00,0.0,0.0
2019-02-24,2019-02-25 22:15:00,0.0,0.0
2019-02-24,2019-02-25 22:30:00,0.0,0.0
2019-02-24,2019-02-25 22:45:00,0.0,0.0
2019-02-24,2019-02-25 23:00:00,0.0,0.0
2019-02-24,2019-02-25 23:15:00,0.0,0.0
2019-02-24,2019-02-25 23:30:00,0.05624999850988388,0.04404781758785248
2019-02-24,2019-02-25 23:45:00,0.20390599966049194,0.0961206927895546
2019-02-25,2019-02-26 00:00:00,0.23906299471855164,0.4207670986652374
2019-02-25,2019-02-26 00:15:00,0.28476598858833313,0.5044757723808289
2019-02-25,2019-02-26 00:30:00,0.330469012260437,0.6326625943183899
2019-02-25,2019-02-26 00:45:00,0.5660160183906555,0.7733362317085266
2019-02-25,2019-02-26 01:00:00,0.7277340292930603,0.934006929397583
2019-02-25,2019-02-26 01:15:00,0.8050780296325684,1.0501985549926758
2019-02-25,2019-02-26 01:30:00,0.9316409826278687,1.1999549865722656
2019-02-25,2019-02-26 01:45:00,1.0863280296325684,1.3343231678009033
2019-02-25,2019-02-26 02:00:00,1.6980470418930054,1.4783209562301636
2019-02-25,2019-02-26 02:15:00,1.5011719465255737,1.625903844833374
2019-02-25,2019-02-26 02:30:00,1.3183590173721313,1.7262877225875854
2019-02-25,2019-02-26 02:45:00,1.0968749523162842,1.8034296035766602
2019-02-25,2019-02-26 03:00:00,0.9808589816093445,1.9052268266677856
2019-02-25,2019-02-26 03:15:00,1.3886719942092896,1.969347596168518
2019-02-25,2019-02-26 03:30:00,1.7015620470046997,2.0175538063049316
2019-02-25,2019-02-26 03:45:00,1.771875023841858,2.0898938179016113
2019-02-25,2019-02-26 04:00:00,1.9863280057907104,2.0927960872650146
2019-02-25,2019-02-26 04:15:00,1.6558589935302734,2.039658784866333
2019-02-25,2019-02-26 04:30:00,1.884374976158142,2.0362768173217773
2019-02-25,2019-02-26 04:45:00,1.771875023841858,1.948890209197998
2019-02-25,2019-02-26 05:00:00,2.1304690837860107,1.8805040121078491
2019-02-25,2019-02-26 05:15:00,1.9054689407348633,1.7929743528366089
2019-02-25,2019-02-26 05:30:00,1.7085939645767212,1.6840691566467285
2019-02-25,2019-02-26 05:45:00,1.490625023841858,1.5772210359573364
2019-02-25,2019-02-26 06:00:00,1.5714839696884155,1.459491491317749
2019-02-25,2019-02-26 06:15:00,1.6699219942092896,1.2910114526748657
2019-02-25,2019-02-26 06:30:00,1.5257810354232788,1.1492424011230469
2019-02-25,2019-02-26 06:45:00,1.5644530057907104,1.0363404750823975
2019-02-25,2019-02-26 07:00:00,1.3429689407348633,0.877373456954956
2019-02-25,2019-02-26 07:15:00,1.3535159826278687,0.7355198860168457
2019-02-25,2019-02-26 07:30:00,1.2374999523162842,0.6322926878929138
2019-02-25,2019-02-26 07:45:00,0.9808589816093445,0.5487051010131836
2019-02-25,2019-02-26 08:00:00,0.9316409826278687,0.43008953332901
2019-02-25,2019-02-26 08:15:00,0.9140620231628418,0.3221486210823059
2019-02-25,2019-02-26 08:30:00,0.675000011920929,0.2626453638076782
2019-02-25,2019-02-26 08:45:00,0.5378909707069397,0.21440723538398743
2019-02-25,2019-02-26 09:00:00,0.40781301259994507,0.140440434217453
2019-02-25,2019-02-26 09:15:00,0.29531198740005493,0.11183694750070572
2019-02-25,2019-02-26 09:30:00,0.1511719971895218,0.08713018894195557
2019-02-25,2019-02-26 09:45:00,0.04570300132036209,0.06185849383473396
2019-02-25,2019-02-26 10:00:00,0.0,0.06791243702173233
2019-02-25,2019-02-26 10:15:00,0.0,0.040345314890146255
2019-02-25,2019-02-26 10:30:00,0.0,0.04070436954498291
2019-02-25,2019-02-26 10:45:00,0.0,0.03317444026470184
2019-02-25,2019-02-26 11:00:00,0.0,0.04955408722162247
2019-02-25,2019-02-26 11:15:00,0.0,0.024107998237013817
2019-02-25,2019-02-26 11:30:00,0.0,0.040473125874996185
2019-02-25,2019-02-26 11:45:00,0.0,0.008764373138546944
2019-02-25,2019-02-26 12:00:00,0.0,0.03976736590266228
2019-02-25,2019-02-26 12:15:00,0.0,0.014968188479542732
2019-02-25,2019-02-26 12:30:00,0.0,0.008554873988032341
2019-02-25,2019-02-26 12:45:00,0.0,0.0
2019-02-25,2019-02-26 13:00:00,0.0,0.017883848398923874
2019-02-25,2019-02-26 13:15:00,0.0,0.0
2019-02-25,2019-02-26 13:30:00,0.0,0.0
2019-02-25,2019-02-26 13:45:00,0.0,0.0
2019-02-25,2019-02-26 14:00:00,0.0,0.0
2019-02-25,2019-02-26 14:15:00,0.0,0.0
2019-02-25,2019-02-26 14:30:00,0.0,0.0
2019-02-25,2019-02-26 14:45:00,0.0,0.004989713430404663
2019-02-25,2019-02-26 15:00:00,0.0,0.0
2019-02-25,2019-02-26 15:15:00,0.0,0.00745863514021039
2019-02-25,2019-02-26 15:30:00,0.0,0.004305966664105654
2019-02-25,2019-02-26 15:45:00,0.0,0.008729570545256138
2019-02-25,2019-02-26 16:00:00,0.0,0.033378422260284424
2019-02-25,2019-02-26 16:15:00,0.0,0.038792092353105545
2019-02-25,2019-02-26 16:30:00,0.0,0.030088724568486214
2019-02-25,2019-02-26 16:45:00,0.0,0.020332947373390198
2019-02-25,2019-02-26 17:00:00,0.0,0.01087886095046997
2019-02-25,2019-02-26 17:15:00,0.0,0.005486042704433203
2019-02-25,2019-02-26 17:30:00,0.0,0.008798619732260704
2019-02-25,2019-02-26 17:45:00,0.0,0.010676650330424309
2019-02-25,2019-02-26 18:00:00,0.0,0.007674240041524172
2019-02-25,2019-02-26 18:15:00,0.0,0.002582176821306348
2019-02-25,2019-02-26 18:30:00,0.0,0.0
2019-02-25,2019-02-26 18:45:00,0.0,0.006245783064514399
2019-02-25,2019-02-26 19:00:00,0.0,0.03320521116256714
2019-02-25,2019-02-26 19:15:00,0.0,0.01088628824800253
2019-02-25,2019-02-26 19:30:00,0.0,0.022014332935214043
2019-02-25,2019-02-26 19:45:00,0.0,0.037898894399404526
2019-02-25,2019-02-26 20:00:00,0.0,0.051680754870176315
2019-02-25,2019-02-26 20:15:00,0.0,0.052699193358421326
2019-02-25,2019-02-26 20:30:00,0.0,0.030924348160624504
2019-02-25,2019-02-26 20:45:00,0.0,0.026123864576220512
2019-02-25,2019-02-26 21:00:00,0.0,0.0
2019-02-25,2019-02-26 21:15:00,0.0,0.0
2019-02-25,2019-02-26 21:30:00,0.0,0.0
2019-02-25,2019-02-26 21:45:00,0.0,0.0
2019-02-25,2019-02-26 22:00:00,0.0,0.0
2019-02-25,2019-02-26 22:15:00,0.0,0.0
2019-02-25,2019-02-26 22:30:00,0.0,0.0
2019-02-25,2019-02-26 22:45:00,0.0,0.0
2019-02-25,2019-02-26 23:00:00,0.0,0.0
2019-02-25,2019-02-26 23:15:00,0.0,0.0
2019-02-25,2019-02-26 23:30:00,0.12304700165987015,0.011906095780432224
2019-02-25,2019-02-26 23:45:00,0.20742200314998627,0.05957012251019478
2019-02-26,2019-02-27 00:00:00,0.25312501192092896,0.3422481119632721
2019-02-26,2019-02-27 00:15:00,0.4675779938697815,0.445431113243103
2019-02-26,2019-02-27 00:30:00,0.6890619993209839,0.5995694398880005
2019-02-26,2019-02-27 00:45:00,0.46054700016975403,0.7774144411087036
2019-02-26,2019-02-27 01:00:00,0.5378909707069397,0.9564151763916016
2019-02-26,2019-02-27 01:15:00,0.6574220061302185,1.148518681526184
2019-02-26,2019-02-27 01:30:00,0.8578130006790161,1.3566135168075562
2019-02-26,2019-02-27 01:45:00,1.0582029819488525,1.574208378791809
2019-02-26,2019-02-27 02:00:00,1.652343988418579,1.7842028141021729
2019-02-26,2019-02-27 02:15:00,1.6207029819488525,2.0615644454956055
2019-02-26,2019-02-27 02:30:00,2.133984088897705,2.1932144165039062
2019-02-26,2019-02-27 02:45:00,2.1726560592651367,2.386059045791626
2019-02-26,2019-02-27 03:00:00,2.4749999046325684,2.583650827407837
2019-02-26,2019-02-27 03:15:00,2.671875,2.7240123748779297
2019-02-26,2019-02-27 03:30:00,2.390625,2.8636014461517334
2019-02-26,2019-02-27 03:45:00,2.5945310592651367,3.0171070098876953
2019-02-26,2019-02-27 04:00:00,2.9496090412139893,3.0702314376831055
2019-02-26,2019-02-27 04:15:00,3.0339839458465576,3.104515314102173
2019-02-26,2019-02-27 04:30:00,2.7351560592651367,3.1820640563964844
2019-02-26,2019-02-27 04:45:00,3.0093750953674316,3.164177656173706
2019-02-26,2019-02-27 05:00:00,2.225390911102295,3.1779215335845947
2019-02-26,2019-02-27 05:15:00,3.2097649574279785,3.109168291091919
2019-02-26,2019-02-27 05:30:00,3.005858898162842,3.0236477851867676
2019-02-26,2019-02-27 05:45:00,2.9039061069488525,2.9736649990081787
2019-02-26,2019-02-27 06:00:00,2.924999952316284,2.847348213195801
2019-02-26,2019-02-27 06:15:00,2.8511719703674316,2.6844468116760254
2019-02-26,2019-02-27 06:30:00,2.664844036102295,2.4821386337280273
2019-02-26,2019-02-27 06:45:00,2.54531192779541,2.330151319503784
2019-02-26,2019-02-27 07:00:00,2.373047113418579,2.1512203216552734
2019-02-26,2019-02-27 07:15:00,2.1761720180511475,1.9056872129440308
2019-02-26,2019-02-27 07:30:00,1.9863280057907104,1.7547582387924194
2019-02-26,2019-02-27 07:45:00,1.8386720418930054,1.5765650272369385
2019-02-26,2019-02-27 08:00:00,1.546875,1.3202911615371704
2019-02-26,2019-02-27 08:15:00,1.3289060592651367,1.1357271671295166
2019-02-26,2019-02-27 08:30:00,1.026561975479126,0.9705621004104614
2019-02-26,2019-02-27 08:45:00,0.7769529819488525,0.7885316610336304
2019-02-26,2019-02-27 09:00:00,0.5167970061302185,0.5772693157196045
2019-02-26,2019-02-27 09:15:00,0.3410159945487976,0.46118083596229553
2019-02-26,2019-02-27 09:30:00,0.19687500596046448,0.31998300552368164
2019-02-26,2019-02-27 09:45:00,0.021093999966979027,0.18533679842948914
2019-02-26,2019-02-27 10:00:00,0.0,0.13508300483226776
2019-02-26,2019-02-27 10:15:00,0.0,0.060989849269390106
2019-02-26,2019-02-27 10:30:00,0.0,0.007182550150901079
2019-02-26,2019-02-27 10:45:00,0.0,0.0
2019-02-26,2019-02-27 11:00:00,0.0,0.0
2019-02-26,2019-02-27 11:15:00,0.0,0.0
2019-02-26,2019-02-27 11:30:00,0.0,0.0
2019-02-26,2019-02-27 11:45:00,0.0,0.0
2019-02-26,2019-02-27 12:00:00,0.0,0.0
2019-02-26,2019-02-27 12:15:00,0.0,0.0
2019-02-26,2019-02-27 12:30:00,0.0,0.0272518340498209
2019-02-26,2019-02-27 12:45:00,0.0,0.02537454478442669
2019-02-26,2019-02-27 13:00:00,0.0,0.049326907843351364
2019-02-26,2019-02-27 13:15:00,0.0,0.012022889219224453
2019-02-26,2019-02-27 13:30:00,0.0,0.04954016953706741
2019-02-26,2019-02-27 13:45:00,0.0,0.035094186663627625
2019-02-26,2019-02-27 14:00:00,0.0,0.02302343025803566
2019-02-26,2019-02-27 14:15:00,0.0,0.016193678602576256
2019-02-26,2019-02-27 14:30:00,0.0,0.008872689679265022
2019-02-26,2019-02-27 14:45:00,0.0,0.008597798645496368
2019-02-26,2019-02-27 15:00:00,0.0,0.0
2019-02-26,2019-02-27 15:15:00,0.0,0.0
2019-02-26,2019-02-27 15:30:00,0.0,0.0
2019-02-26,2019-02-27 15:45:00,0.0,0.0
2019-02-26,2019-02-27 16:00:00,0.0,0.0
2019-02-26,2019-02-27 16:15:00,0.0,0.00708526186645031
2019-02-26,2019-02-27 16:30:00,0.0,0.003014559391885996
2019-02-26,2019-02-27 16:45:00,0.0,0.0469948835670948
2019-02-26,2019-02-27 17:00:00,0.0,0.0034087959211319685
2019-02-26,2019-02-27 17:15:00,0.0,0.01664675958454609
2019-02-26,2019-02-27 17:30:00,0.0,0.024032363668084145
2019-02-26,2019-02-27 17:45:00,0.0,0.038145389407873154
2019-02-26,2019-02-27 18:00:00,0.0,0.03365281596779823
2019-02-26,2019-02-27 18:15:00,0.0,0.024339117109775543
2019-02-26,2019-02-27 18:30:00,0.0,0.005964935291558504
2019-02-26,2019-02-27 18:45:00,0.0,0.024571726098656654
2019-02-26,2019-02-27 19:00:00,0.0,0.03709140792489052
2019-02-26,2019-02-27 19:15:00,0.0,0.0032612427603453398
2019-02-26,2019-02-27 19:30:00,0.0,0.00833143014460802
2019-02-26,2019-02-27 19:45:00,0.0,0.0
2019-02-26,2019-02-27 20:00:00,0.0,0.018601112067699432
2019-02-26,2019-02-27 20:15:00,0.0,0.0
2019-02-26,2019-02-27 20:30:00,0.0,0.0
2019-02-26,2019-02-27 20:45:00,0.0,0.0
2019-02-26,2019-02-27 21:00:00,0.0,0.0
2019-02-26,2019-02-27 21:15:00,0.0,0.0
2019-02-26,2019-02-27 21:30:00,0.0,0.0
2019-02-26,2019-02-27 21:45:00,0.0,0.0
2019-02-26,2019-02-27 22:00:00,0.0,0.0
2019-02-26,2019-02-27 22:15:00,0.0,0.0
2019-02-26,2019-02-27 22:30:00,0.0,0.0
2019-02-26,2019-02-27 22:45:00,0.0,0.0
2019-02-26,2019-02-27 23:00:00,0.0,0.0
2019-02-26,2019-02-27 23:15:00,0.03867200016975403,0.0
2019-02-26,2019-02-27 23:30:00,0.08437500149011612,0.04551014304161072
2019-02-26,2019-02-27 23:45:00,0.24257799983024597,0.11550459265708923
2019-02-27,2019-02-28 00:00:00,0.3480469882488251,0.27886107563972473
2019-02-27,2019-02-28 00:15:00,0.49921900033950806,0.3519209623336792
2019-02-27,2019-02-28 00:30:00,0.6433590054512024,0.4602184295654297
2019-02-27,2019-02-28 00:45:00,0.8050780296325684,0.5695338845252991
2019-02-27,2019-02-28 01:00:00,0.9914060235023499,0.7124105095863342
2019-02-27,2019-02-28 01:15:00,1.132030963897705,0.7969148755073547
2019-02-27,2019-02-28 01:30:00,1.3359379768371582,0.9445987343788147
2019-02-27,2019-02-28 01:45:00,1.4800779819488525,1.0619477033615112
2019-02-27,2019-02-28 02:00:00,1.5328119993209839,1.197371482849121
2019-02-27,2019-02-28 02:15:00,1.6347659826278687,1.3428230285644531
2019-02-27,2019-02-28 02:30:00,1.8105469942092896,1.4189426898956299
2019-02-27,2019-02-28 02:45:00,1.6839840412139893,1.5131863355636597
2019-02-27,2019-02-28 03:00:00,1.638280987739563,1.6293745040893555
2019-02-27,2019-02-28 03:15:00,1.6839840412139893,1.7124083042144775
2019-02-27,2019-02-28 03:30:00,1.9476560354232788,1.7719128131866455
2019-02-27,2019-02-28 03:45:00,1.9652340412139893,1.8691518306732178
2019-02-27,2019-02-28 04:00:00,2.133984088897705,1.8990020751953125
2019-02-27,2019-02-28 04:15:00,1.8597660064697266,1.887223720550537
2019-02-27,2019-02-28 04:30:00,1.3851560354232788,1.946943759918213
2019-02-27,2019-02-28 04:45:00,1.2761720418930054,1.927815556526184
2019-02-27,2019-02-28 05:00:00,1.3816410303115845,1.9548457860946655
2019-02-27,2019-02-28 05:15:00,1.9863280057907104,1.9146277904510498
2019-02-27,2019-02-28 05:30:00,2.1867189407348633,1.8600212335586548
2019-02-27,2019-02-28 05:45:00,2.102344036102295,1.8616217374801636
2019-02-27,2019-02-28 06:00:00,2.003906011581421,1.7910515069961548
2019-02-27,2019-02-28 06:15:00,1.828125,1.709046483039856
2019-02-27,2019-02-28 06:30:00,1.6875,1.5875990390777588
2019-02-27,2019-02-28 06:45:00,1.6488280296325684,1.5241893529891968
2019-02-27,2019-02-28 07:00:00,1.553905963897705,1.3895361423492432
2019-02-27,2019-02-28 07:15:00,1.455469012260437,1.2522386312484741
2019-02-27,2019-02-28 07:30:00,1.3921869993209839,1.151721477508545
2019-02-27,2019-02-28 07:45:00,1.1707030534744263,1.0450891256332397
2019-02-27,2019-02-28 08:00:00,1.075780987739563,0.8935961723327637
2019-02-27,2019-02-28 08:15:00,0.8894529938697815,0.7582695484161377
2019-02-27,2019-02-28 08:30:00,0.7101560235023499,0.6646226644515991
2019-02-27,2019-02-28 08:45:00,0.541405975818634,0.5394234657287598
2019-02-27,2019-02-28 09:00:00,0.41484400629997253,0.42150941491127014
2019-02-27,2019-02-28 09:15:00,0.2460940033197403,0.33926641941070557
2019-02-27,2019-02-28 09:30:00,0.140625,0.2547356188297272
2019-02-27,2019-02-28 09:45:00,0.05624999850988388,0.18011467158794403
2019-02-27,2019-02-28 10:00:00,0.0,0.1201833188533783
2019-02-27,2019-02-28 10:15:00,0.0,0.07707440108060837
2019-02-27,2019-02-28 10:30:00,0.0,0.04819994792342186
2019-02-27,2019-02-28 10:45:00,0.0,0.008713552728295326
2019-02-27,2019-02-28 11:00:00,0.0,0.012641866691410542
2019-02-27,2019-02-28 11:15:00,0.0,0.0
2019-02-27,2019-02-28 11:30:00,0.0,0.0
2019-02-27,2019-02-28 11:45:00,0.0,0.0
2019-02-27,2019-02-28 12:00:00,0.0,0.0
2019-02-27,2019-02-28 12:15:00,0.0,0.0
2019-02-27,2019-02-28 12:30:00,0.0,0.0008939969702623785
2019-02-27,2019-02-28 12:45:00,0.0,0.0
2019-02-27,2019-02-28 13:00:00,0.0,0.0
2019-02-27,2019-02-28 13:15:00,0.0,0.0
2019-02-27,2019-02-28 13:30:00,0.0,0.001964341849088669
2019-02-27,2019-02-28 13:45:00,0.0,0.0
2019-02-27,2019-02-28 14:00:00,0.0,0.0
2019-02-27,2019-02-28 14:15:00,0.0,0.0
2019-02-27,2019-02-28 14:30:00,0.0,0.0
2019-02-27,2019-02-28 14:45:00,0.0,0.0
2019-02-27,2019-02-28 15:00:00,0.0,0.0
2019-02-27,2019-02-28 15:15:00,0.0,0.0
2019-02-27,2019-02-28 15:30:00,0.0,0.0
2019-02-27,2019-02-28 15:45:00,0.0,0.0
2019-02-27,2019-02-28 16:00:00,0.0,0.0
2019-02-27,2019-02-28 16:15:00,0.0,0.008354520425200462
2019-02-27,2019-02-28 16:30:00,0.0,0.0
2019-02-27,2019-02-28 16:45:00,0.0,0.02304149605333805
2019-02-27,2019-02-28 17:00:00,0.0,0.005352984648197889
2019-02-27,2019-02-28 17:15:00,0.0,0.0
2019-02-27,2019-02-28 17:30:00,0.0,0.02112824097275734
2019-02-27,2019-02-28 17:45:00,0.0,0.021699514240026474
2019-02-27,2019-02-28 18:00:00,0.0,0.004644558299332857
2019-02-27,2019-02-28 18:15:00,0.0,0.021139156073331833
2019-02-27,2019-02-28 18:30:00,0.0,0.009240559302270412
2019-02-27,2019-02-28 18:45:00,0.0,0.03470427170395851
2019-02-27,2019-02-28 19:00:00,0.0,0.05557398870587349
2019-02-27,2019-02-28 19:15:00,0.0,0.021205047145485878
2019-02-27,2019-02-28 19:30:00,0.0,0.027333317324519157
2019-02-27,2019-02-28 19:45:00,0.0,0.030366260558366776
2019-02-27,2019-02-28 20:00:00,0.0,0.03975837305188179
2019-02-27,2019-02-28 20:15:00,0.0,0.009918072260916233
2019-02-27,2019-02-28 20:30:00,0.0,0.005426825489848852
2019-02-27,2019-02-28 20:45:00,0.0,0.008389235474169254
2019-02-27,2019-02-28 21:00:00,0.0,0.0
2019-02-27,2019-02-28 21:15:00,0.0,0.0
2019-02-27,2019-02-28 21:30:00,0.0,0.0
2019-02-27,2019-02-28 21:45:00,0.0,0.0
2019-02-27,2019-02-28 22:00:00,0.0,0.0
2019-02-27,2019-02-28 22:15:00,0.0,0.0
2019-02-27,2019-02-28 22:30:00,0.0,0.0
2019-02-27,2019-02-28 22:45:00,0.0,0.0
2019-02-27,2019-02-28 23:00:00,0.0,0.0
2019-02-27,2019-02-28 23:15:00,0.04570300132036209,0.0
2019-02-27,2019-02-28 23:30:00,0.11953099817037582,0.04614312946796417
2019-02-27,2019-02-28 23:45:00,0.2460940033197403,0.10459344834089279
2019-05-24,2019-05-25 00:00:00,1.8949220180511475,1.8883846998214722
2019-05-24,2019-05-25 00:15:00,2.133984088897705,2.0222365856170654
2019-05-24,2019-05-25 00:30:00,2.3765621185302734,2.2144501209259033
2019-05-24,2019-05-25 00:45:00,2.6050779819488525,2.4689993858337402
2019-05-24,2019-05-25 01:00:00,2.8687500953674316,2.641317129135132
2019-05-24,2019-05-25 01:15:00,3.0796871185302734,2.7754385471343994
2019-05-24,2019-05-25 01:30:00,3.244921922683716,2.920842170715332
2019-05-24,2019-05-25 01:45:00,3.417186975479126,3.118089437484741
2019-05-24,2019-05-25 02:00:00,3.5542969703674316,3.2545053958892822
2019-05-24,2019-05-25 02:15:00,3.684375047683716,3.391632080078125
2019-05-24,2019-05-25 02:30:00,3.7722649574279785,3.424875259399414
2019-05-24,2019-05-25 02:45:00,3.81093692779541,3.529646873474121
2019-05-24,2019-05-25 03:00:00,3.8460938930511475,3.5941553115844727
2019-05-24,2019-05-25 03:15:00,3.779297113418579,3.587721586227417
2019-05-24,2019-05-25 03:30:00,3.726562023162842,3.627512216567993
2019-05-24,2019-05-25 03:45:00,3.645703077316284,3.6943728923797607
2019-05-24,2019-05-25 04:00:00,3.645703077316284,3.6739511489868164
2019-05-24,2019-05-25 04:15:00,3.6175780296325684,3.5883219242095947
2019-05-24,2019-05-25 04:30:00,3.6140620708465576,3.6788642406463623
2019-05-24,2019-05-25 04:45:00,3.666796922683716,3.6346731185913086
2019-05-24,2019-05-25 05:00:00,3.522655963897705,3.6547842025756836
2019-05-24,2019-05-25 05:15:00,3.698436975479126,3.5935239791870117
2019-05-24,2019-05-25 05:30:00,3.568358898162842,3.574852466583252
2019-05-24,2019-05-25 05:45:00,3.649219036102295,3.629408836364746
2019-05-24,2019-05-25 06:00:00,3.6140620708465576,3.6534311771392822
2019-05-24,2019-05-25 06:15:00,3.4769530296325684,3.5617587566375732
2019-05-24,2019-05-25 06:30:00,3.540234088897705,3.412694215774536
2019-05-24,2019-05-25 06:45:00,3.4066410064697266,3.457963705062866
2019-05-24,2019-05-25 07:00:00,3.339843988418579,3.298452377319336
2019-05-24,2019-05-25 07:15:00,3.1921870708465576,3.1596667766571045
2019-05-24,2019-05-25 07:30:00,3.0093750953674316,3.0736353397369385
2019-05-24,2019-05-25 07:45:00,2.7914059162139893,2.8995790481567383
2019-05-24,2019-05-25 08:00:00,2.489063024520874,2.595384120941162
2019-05-24,2019-05-25 08:15:00,2.548827886581421,2.3795018196105957
2019-05-24,2019-05-25 08:30:00,2.1937499046325684,2.1179187297821045
2019-05-24,2019-05-25 08:45:00,1.5679689645767212,1.891750693321228
2019-05-24,2019-05-25 09:00:00,1.4589840173721313,1.60799241065979
2019-05-24,2019-05-25 09:15:00,0.6468750238418579,1.3350330591201782
2019-05-24,2019-05-25 09:30:00,1.399219036102295,1.0531684160232544
2019-05-24,2019-05-25 09:45:00,0.8964840173721313,0.8224314451217651
2019-05-24,2019-05-25 10:00:00,0.611719012260437,0.6333957314491272
2019-05-24,2019-05-25 10:15:00,0.5554689764976501,0.42844900488853455
2019-05-24,2019-05-25 10:30:00,0.14414100348949432,0.28055664896965027
2019-05-24,2019-05-25 10:45:00,0.16875000298023224,0.17789803445339203
2019-05-24,2019-05-25 11:00:00,0.08789099752902985,0.047170378267765045
2019-05-24,2019-05-25 11:15:00,0.0,0.0
2019-05-24,2019-05-25 11:30:00,0.0,0.0
2019-05-24,2019-05-25 11:45:00,0.0,0.0
2019-05-24,2019-05-25 12:00:00,0.0,0.0
2019-05-24,2019-05-25 12:15:00,0.0,0.0
2019-05-24,2019-05-25 12:30:00,0.0,0.0
2019-05-24,2019-05-25 12:45:00,0.0,0.0
2019-05-24,2019-05-25 13:00:00,0.0,0.003959039691835642
2019-05-24,2019-05-25 13:15:00,0.0,0.0
2019-05-24,2019-05-25 13:30:00,0.0,0.0
2019-05-24,2019-05-25 13:45:00,0.0,0.020748313516378403
2019-05-24,2019-05-25 14:00:00,0.0,0.0
2019-05-24,2019-05-25 14:15:00,0.0,0.0
2019-05-24,2019-05-25 14:30:00,0.0,0.0
2019-05-24,2019-05-25 14:45:00,0.0,0.0
2019-05-24,2019-05-25 15:00:00,0.0,0.0
2019-05-24,2019-05-25 15:15:00,0.0,0.0
2019-05-24,2019-05-25 15:30:00,0.0,0.0
2019-05-24,2019-05-25 15:45:00,0.0,0.0
2019-05-24,2019-05-25 16:00:00,0.0,0.0
2019-05-24,2019-05-25 16:15:00,0.0,0.01039820909500122
2019-05-24,2019-05-25 16:30:00,0.0,0.0
2019-05-24,2019-05-25 16:45:00,0.0,0.0
2019-05-24,2019-05-25 17:00:00,0.0,0.0
2019-05-24,2019-05-25 17:15:00,0.0,0.0
2019-05-24,2019-05-25 17:30:00,0.0,0.01610560715198517
2019-05-24,2019-05-25 17:45:00,0.0,0.0
2019-05-24,2019-05-25 18:00:00,0.0,0.045411258935928345
2019-05-24,2019-05-25 18:15:00,0.0,0.0
2019-05-24,2019-05-25 18:30:00,0.0,0.019920378923416138
2019-05-24,2019-05-25 18:45:00,0.0,0.046365514397621155
2019-05-24,2019-05-25 19:00:00,0.0,0.032832928001880646
2019-05-24,2019-05-25 19:15:00,0.0,0.010341227054595947
2019-05-24,2019-05-25 19:30:00,0.0,0.01317258644849062
2019-05-24,2019-05-25 19:45:00,0.0,0.026789572089910507
2019-05-24,2019-05-25 20:00:00,0.0,0.03629850968718529
2019-05-24,2019-05-25 20:15:00,0.0,0.005375082138925791
2019-05-24,2019-05-25 20:30:00,0.0,0.0
2019-05-24,2019-05-25 20:45:00,0.0,0.0
2019-05-24,2019-05-25 21:00:00,0.0,0.020687783136963844
2019-05-24,2019-05-25 21:15:00,0.0,0.014073903672397137
2019-05-24,2019-05-25 21:30:00,0.05624999850988388,0.0031204766128212214
2019-05-24,2019-05-25 21:45:00,0.1300780028104782,0.03406250849366188
2019-05-24,2019-05-25 22:00:00,0.24960899353027344,0.06413935124874115
2019-05-24,2019-05-25 22:15:00,0.3550780117511749,0.09929036349058151
2019-05-24,2019-05-25 22:30:00,0.541405975818634,0.20371657609939575
2019-05-24,2019-05-25 22:45:00,0.7734379768371582,0.32751765847206116
2019-05-24,2019-05-25 23:00:00,0.9527339935302734,0.4456591010093689
2019-05-24,2019-05-25 23:15:00,1.033594012260437,0.5872604846954346
2019-05-24,2019-05-25 23:30:00,1.209375023841858,0.7844160199165344
2019-05-24,2019-05-25 23:45:00,1.4730470180511475,0.9618691802024841
2019-05-25,2019-05-26 00:00:00,1.6734369993209839,1.2948987483978271
2019-05-25,2019-05-26 00:15:00,1.9582029581069946,1.4187490940093994
2019-05-25,2019-05-26 00:30:00,1.5996090173721313,1.5269739627838135
2019-05-25,2019-05-26 00:45:00,2.0882809162139893,1.694317102432251
2019-05-25,2019-05-26 01:00:00,2.6121089458465576,1.7888299226760864
2019-05-25,2019-05-26 01:15:00,2.784374952316284,1.9236934185028076
2019-05-25,2019-05-26 01:30:00,2.661328077316284,2.0562117099761963
2019-05-25,2019-05-26 01:45:00,3.0128910541534424,2.2095491886138916
2019-05-25,2019-05-26 02:00:00,3.487499952316284,2.298673391342163
2019-05-25,2019-05-26 02:15:00,1.9546869993209839,2.4377758502960205
2019-05-25,2019-05-26 02:30:00,3.2554690837860107,2.5188136100769043
2019-05-25,2019-05-26 02:45:00,3.5613279342651367,2.5996086597442627
2019-05-25,2019-05-26 03:00:00,1.9652340412139893,2.709441900253296
2019-05-25,2019-05-26 03:15:00,2.337891101837158,2.7794113159179688
2019-05-25,2019-05-26 03:30:00,2.5101559162139893,2.8524529933929443
2019-05-25,2019-05-26 03:45:00,2.12343692779541,2.955195188522339
2019-05-25,2019-05-26 04:00:00,3.2941410541534424,2.9042141437530518
2019-05-25,2019-05-26 04:15:00,3.2660160064697266,2.8735928535461426
2019-05-25,2019-05-26 04:30:00,2.373047113418579,2.9886481761932373
2019-05-25,2019-05-26 04:45:00,3.779297113418579,2.8813769817352295
2019-05-25,2019-05-26 05:00:00,3.4910149574279785,2.954847574234009
2019-05-25,2019-05-26 05:15:00,3.287108898162842,2.9278101921081543
2019-05-25,2019-05-26 05:30:00,2.696484088897705,2.956111431121826
2019-05-25,2019-05-26 05:45:00,1.3957029581069946,2.964095115661621
2019-05-25,2019-05-26 06:00:00,2.647265911102295,2.9486615657806396
2019-05-25,2019-05-26 06:15:00,1.7613279819488525,2.8826515674591064
2019-05-25,2019-05-26 06:30:00,2.96718692779541,2.827420473098755
2019-05-25,2019-05-26 06:45:00,2.8968749046325684,2.831184148788452
2019-05-25,2019-05-26 07:00:00,2.6578121185302734,2.7790920734405518
2019-05-25,2019-05-26 07:15:00,2.661328077316284,2.627918243408203
2019-05-25,2019-05-26 07:30:00,2.489063024520874,2.570631980895996
2019-05-25,2019-05-26 07:45:00,0.48515599966049194,2.4262030124664307
2019-05-25,2019-05-26 08:00:00,0.5273439884185791,2.1437528133392334
2019-05-25,2019-05-26 08:15:00,0.7804690003395081,1.9557770490646362
2019-05-25,2019-05-26 08:30:00,0.24960899353027344,1.7806769609451294
2019-05-25,2019-05-26 08:45:00,1.2023439407348633,1.4768116474151611
2019-05-25,2019-05-26 09:00:00,1.2761720418930054,1.2757214307785034
2019-05-25,2019-05-26 09:15:00,1.2339839935302734,1.0149344205856323
2019-05-25,2019-05-26 09:30:00,0.9175779819488525,0.7873180508613586
2019-05-25,2019-05-26 09:45:00,0.46054700016975403,0.5834060907363892
2019-05-25,2019-05-26 10:00:00,0.42890599370002747,0.3969871997833252
2019-05-25,2019-05-26 10:15:00,0.5519530177116394,0.26754704117774963
2019-05-25,2019-05-26 10:30:00,0.052733998745679855,0.18365943431854248
2019-05-25,2019-05-26 10:45:00,0.0,0.053817011415958405
2019-05-25,2019-05-26 11:00:00,0.0,0.0
2019-05-25,2019-05-26 11:15:00,0.0,0.0
2019-05-25,2019-05-26 11:30:00,0.0,0.0
2019-05-25,2019-05-26 11:45:00,0.0,0.0
2019-05-25,2019-05-26 12:00:00,0.0,0.0
2019-05-25,2019-05-26 12:15:00,0.0,0.05803392827510834
2019-05-25,2019-05-26 12:30:00,0.0,0.08448956161737442
2019-05-25,2019-05-26 12:45:00,0.0,0.07361585646867752
2019-05-25,2019-05-26 13:00:00,0.0,0.10912194103002548
2019-05-25,2019-05-26 13:15:00,0.0,0.13283388316631317
2019-05-25,2019-05-26 13:30:00,0.0,0.15401220321655273
2019-05-25,2019-05-26 13:45:00,0.0,0.17073671519756317
2019-05-25,2019-05-26 14:00:00,0.0,0.07600118964910507
2019-05-25,2019-05-26 14:15:00,0.0,0.07318359613418579
2019-05-25,2019-05-26 14:30:00,0.0,0.016952678561210632
2019-05-25,2019-05-26 14:45:00,0.0,0.0
2019-05-25,2019-05-26 15:00:00,0.0,0.0
2019-05-25,2019-05-26 15:15:00,0.0,0.0
2019-05-25,2019-05-26 15:30:00,0.0,0.0
2019-05-25,2019-05-26 15:45:00,0.0,0.0
2019-05-25,2019-05-26 16:00:00,0.0,0.0
2019-05-25,2019-05-26 16:15:00,0.0,0.0
2019-05-25,2019-05-26 16:30:00,0.0,0.0
2019-05-25,2019-05-26 16:45:00,0.0,0.012200050055980682
2019-05-25,2019-05-26 17:00:00,0.0,0.0
2019-05-25,2019-05-26 17:15:00,0.0,0.0
2019-05-25,2019-05-26 17:30:00,0.0,0.0
2019-05-25,2019-05-26 17:45:00,0.0,0.006034426856786013
2019-05-25,2019-05-26 18:00:00,0.0,0.06981871277093887
2019-05-25,2019-05-26 18:15:00,0.0,0.0
2019-05-25,2019-05-26 18:30:00,0.0,0.0
2019-05-25,2019-05-26 18:45:00,0.0,0.0
2019-05-25,2019-05-26 19:00:00,0.0,0.0
2019-05-25,2019-05-26 19:15:00,0.0,0.005102741997689009
2019-05-25,2019-05-26 19:30:00,0.0,0.0
2019-05-25,2019-05-26 19:45:00,0.0,0.0
2019-05-25,2019-05-26 20:00:00,0.0,0.0
2019-05-25,2019-05-26 20:15:00,0.0,0.0
2019-05-25,2019-05-26 20:30:00,0.0,0.0
2019-05-25,2019-05-26 20:45:00,0.0,0.0
2019-05-25,2019-05-26 21:00:00,0.0,0.05280818045139313
2019-05-25,2019-05-26 21:15:00,0.014062000438570976,0.10449808090925217
2019-05-25,2019-05-26 21:30:00,0.021093999966979027,0.09572909027338028
2019-05-25,2019-05-26 21:45:00,0.1757809966802597,0.15706513822078705
2019-05-25,2019-05-26 22:00:00,0.291797012090683,0.20423078536987305
2019-05-25,2019-05-26 22:15:00,0.4675779938697815,0.31094181537628174
2019-05-25,2019-05-26 22:30:00,0.5695310235023499,0.4181976318359375
2019-05-25,2019-05-26 22:45:00,1.0300780534744263,0.479714572429657
2019-05-25,2019-05-26 23:00:00,1.3957029581069946,0.6859883069992065
2019-05-25,2019-05-26 23:15:00,1.4273439645767212,0.7418685555458069
2019-05-25,2019-05-26 23:30:00,1.8562500476837158,0.9667194485664368
2019-05-25,2019-05-26 23:45:00,2.1585938930511475,1.095410943031311
2019-05-26,2019-05-27 00:00:00,1.8878910541534424,2.382097005844116
2019-05-26,2019-05-27 00:15:00,1.863281011581421,2.63344407081604
2019-05-26,2019-05-27 00:30:00,2.700000047683716,2.966019630432129
2019-05-26,2019-05-27 00:45:00,2.9390621185302734,3.3421318531036377
2019-05-26,2019-05-27 01:00:00,3.550781011581421,3.5819551944732666
2019-05-26,2019-05-27 01:15:00,3.8425779342651367,3.8080430030822754
2019-05-26,2019-05-27 01:30:00,3.8425779342651367,4.039488792419434
2019-05-26,2019-05-27 01:45:00,4.23281192779541,4.235467910766602
2019-05-26,2019-05-27 02:00:00,4.545702934265137,4.374752998352051
2019-05-26,2019-05-27 02:15:00,4.682812213897705,4.517174243927002
2019-05-26,2019-05-27 02:30:00,4.633594036102295,4.529401779174805
2019-05-26,2019-05-27 02:45:00,4.7390618324279785,4.568880558013916
2019-05-26,2019-05-27 03:00:00,4.900781154632568,4.574599266052246
2019-05-26,2019-05-27 03:15:00,4.964062213897705,4.5499444007873535
2019-05-26,2019-05-27 03:30:00,4.92539119720459,4.474749565124512
2019-05-26,2019-05-27 03:45:00,4.865624904632568,4.56791353225708
2019-05-26,2019-05-27 04:00:00,4.798828125,4.440066814422607
2019-05-26,2019-05-27 04:15:00,4.6160149574279785,4.300685405731201
2019-05-26,2019-05-27 04:30:00,4.50351619720459,4.369305610656738
2019-05-26,2019-05-27 04:45:00,4.387499809265137,4.2247419357299805
2019-05-26,2019-05-27 05:00:00,4.278514862060547,4.22545051574707
2019-05-26,2019-05-27 05:15:00,4.36289119720459,4.150221824645996
2019-05-26,2019-05-27 05:30:00,4.187108993530273,4.071356773376465
2019-05-26,2019-05-27 05:45:00,4.169530868530273,4.085527420043945
2019-05-26,2019-05-27 06:00:00,3.9410150051116943,4.032891750335693
2019-05-26,2019-05-27 06:15:00,3.6421871185302734,3.895033121109009
2019-05-26,2019-05-27 06:30:00,3.4769530296325684,3.720628023147583
2019-05-26,2019-05-27 06:45:00,2.7281250953674316,3.6882987022399902
2019-05-26,2019-05-27 07:00:00,1.2199219465255737,3.512277841567993
2019-05-26,2019-05-27 07:15:00,3.8882811069488525,3.2990262508392334
2019-05-26,2019-05-27 07:30:00,3.5929689407348633,3.1999220848083496
2019-05-26,2019-05-27 07:45:00,3.4699220657348633,3.0070993900299072
2019-05-26,2019-05-27 08:00:00,2.5101559162139893,2.661452293395996
2019-05-26,2019-05-27 08:15:00,2.0179688930511475,2.407358407974243
2019-05-26,2019-05-27 08:30:00,2.1691410541534424,2.154365062713623
2019-05-26,2019-05-27 08:45:00,2.2113280296325684,1.8715825080871582
2019-05-26,2019-05-27 09:00:00,0.935155987739563,1.5798149108886719
2019-05-26,2019-05-27 09:15:00,1.40625,1.2745460271835327
2019-05-26,2019-05-27 09:30:00,1.0863280296325684,1.0213696956634521
2019-05-26,2019-05-27 09:45:00,0.9527339935302734,0.7739995121955872
2019-05-26,2019-05-27 10:00:00,0.6433590054512024,0.569957435131073
2019-05-26,2019-05-27 10:15:00,0.5871090292930603,0.3750942051410675
2019-05-26,2019-05-27 10:30:00,0.48515599966049194,0.22144268453121185
2019-05-26,2019-05-27 10:45:00,0.40781301259994507,0.08498229831457138
2019-05-26,2019-05-27 11:00:00,0.2003909945487976,0.019274817779660225
2019-05-26,2019-05-27 11:15:00,0.007031000219285488,0.0
2019-05-26,2019-05-27 11:30:00,0.0,0.0
2019-05-26,2019-05-27 11:45:00,0.0,0.0
2019-05-26,2019-05-27 12:00:00,0.0,0.0
2019-05-26,2019-05-27 12:15:00,0.0,0.0
2019-05-26,2019-05-27 12:30:00,0.0,0.0
2019-05-26,2019-05-27 12:45:00,0.0,0.0
2019-05-26,2019-05-27 13:00:00,0.0,0.048906825482845306
2019-05-26,2019-05-27 13:15:00,0.0,0.027692627161741257
2019-05-26,2019-05-27 13:30:00,0.0,0.06113789603114128
2019-05-26,2019-05-27 13:45:00,0.0,0.06807214021682739
2019-05-26,2019-05-27 14:00:00,0.0,0.008294605650007725
2019-05-26,2019-05-27 14:15:00,0.0,0.035459473729133606
2019-05-26,2019-05-27 14:30:00,0.0,0.0
2019-05-26,2019-05-27 14:45:00,0.0,0.0
2019-05-26,2019-05-27 15:00:00,0.0,0.0
2019-05-26,2019-05-27 15:15:00,0.0,0.0
2019-05-26,2019-05-27 15:30:00,0.0,0.0
2019-05-26,2019-05-27 15:45:00,0.0,0.0
2019-05-26,2019-05-27 16:00:00,0.0,0.0
2019-05-26,2019-05-27 16:15:00,0.0,0.0
2019-05-26,2019-05-27 16:30:00,0.0,0.0
2019-05-26,2019-05-27 16:45:00,0.0,0.0
2019-05-26,2019-05-27 17:00:00,0.0,0.0
2019-05-26,2019-05-27 17:15:00,0.0,0.0
2019-05-26,2019-05-27 17:30:00,0.0,0.0
2019-05-26,2019-05-27 17:45:00,0.0,0.02099066600203514
2019-05-26,2019-05-27 18:00:00,0.0,0.07014348357915878
2019-05-26,2019-05-27 18:15:00,0.0,0.01316335890442133
2019-05-26,2019-05-27 18:30:00,0.0,0.024593999609351158
2019-05-26,2019-05-27 18:45:00,0.0,0.04538847133517265
2019-05-26,2019-05-27 19:00:00,0.0,0.06274256855249405
2019-05-26,2019-05-27 19:15:00,0.0,0.040747977793216705
2019-05-26,2019-05-27 19:30:00,0.0,0.038151901215314865
2019-05-26,2019-05-27 19:45:00,0.0,0.07324044406414032
2019-05-26,2019-05-27 20:00:00,0.0,0.04593629017472267
2019-05-26,2019-05-27 20:15:00,0.0,0.01464836671948433
2019-05-26,2019-05-27 20:30:00,0.0,0.006978246383368969
2019-05-26,2019-05-27 20:45:00,0.0,0.0
2019-05-26,2019-05-27 21:00:00,0.0,0.041475992649793625
2019-05-26,2019-05-27 21:15:00,0.042187999933958054,0.07005578279495239
2019-05-26,2019-05-27 21:30:00,0.1757809966802597,0.0828917995095253
2019-05-26,2019-05-27 21:45:00,0.22499999403953552,0.12053951621055603
2019-05-26,2019-05-27 22:00:00,0.330469012260437,0.17868854105472565
2019-05-26,2019-05-27 22:15:00,0.4781250059604645,0.2448083460330963
2019-05-26,2019-05-27 22:30:00,0.703125,0.414508581161499
2019-05-26,2019-05-27 22:45:00,0.935155987739563,0.5720487833023071
2019-05-26,2019-05-27 23:00:00,1.2269530296325684,0.8175932168960571
2019-05-26,2019-05-27 23:15:00,1.539844036102295,0.9939057230949402
2019-05-26,2019-05-27 23:30:00,1.8562500476837158,1.3085764646530151
2019-05-26,2019-05-27 23:45:00,2.12343692779541,1.5816924571990967
2019-05-27,2019-05-28 00:00:00,2.4117190837860107,2.387967824935913
2019-05-27,2019-05-28 00:15:00,2.682421922683716,2.6157712936401367
2019-05-27,2019-05-28 00:30:00,2.9214839935302734,2.9184744358062744
2019-05-27,2019-05-28 00:45:00,3.164062023162842,3.225740671157837
2019-05-27,2019-05-28 01:00:00,3.3714840412139893,3.4326226711273193
2019-05-27,2019-05-28 01:15:00,3.5789060592651367,3.622021436691284
2019-05-27,2019-05-28 01:30:00,3.7195310592651367,3.8366665840148926
2019-05-27,2019-05-28 01:45:00,3.8953120708465576,4.022034168243408
2019-05-27,2019-05-28 02:00:00,4.004296779632568,4.124217510223389
2019-05-27,2019-05-28 02:15:00,3.9375,4.2673773765563965
2019-05-27,2019-05-28 02:30:00,4.018359184265137,4.279677867889404
2019-05-27,2019-05-28 02:45:00,4.095703125,4.342517852783203
2019-05-27,2019-05-28 03:00:00,4.130858898162842,4.389500141143799
2019-05-27,2019-05-28 03:15:00,4.229297161102295,4.347479820251465
2019-05-27,2019-05-28 03:30:00,4.257421970367432,4.3215203285217285
2019-05-27,2019-05-28 03:45:00,4.267969131469727,4.407613754272461
2019-05-27,2019-05-28 04:00:00,4.21523380279541,4.330596446990967
2019-05-27,2019-05-28 04:15:00,4.225780963897705,4.211766242980957
2019-05-27,2019-05-28 04:30:00,4.123827934265137,4.311591148376465
2019-05-27,2019-05-28 04:45:00,4.106249809265137,4.192704200744629
2019-05-27,2019-05-28 05:00:00,4.162499904632568,4.217489242553711
2019-05-27,2019-05-28 05:15:00,4.141406059265137,4.169386386871338
2019-05-27,2019-05-28 05:30:00,4.123827934265137,4.121753692626953
2019-05-27,2019-05-28 05:45:00,4.088672161102295,4.188722133636475
2019-05-27,2019-05-28 06:00:00,4.011328220367432,4.176568508148193
2019-05-27,2019-05-28 06:15:00,3.9691410064697266,4.0545806884765625
2019-05-27,2019-05-28 06:30:00,3.979686975479126,3.912341594696045
2019-05-27,2019-05-28 06:45:00,3.8460938930511475,3.9339635372161865
2019-05-27,2019-05-28 07:00:00,3.761718988418579,3.755770444869995
2019-05-27,2019-05-28 07:15:00,3.6140620708465576,3.5770583152770996
2019-05-27,2019-05-28 07:30:00,3.4242188930511475,3.476666212081909
2019-05-27,2019-05-28 07:45:00,3.216797113418579,3.2746224403381348
2019-05-27,2019-05-28 08:00:00,3.0269529819488525,2.952359676361084
2019-05-27,2019-05-28 08:15:00,2.7703120708465576,2.701324939727783
2019-05-27,2019-05-28 08:30:00,2.53125,2.398491621017456
2019-05-27,2019-05-28 08:45:00,2.267577886581421,2.1139206886291504
2019-05-27,2019-05-28 09:00:00,1.96875,1.811161994934082
2019-05-27,2019-05-28 09:15:00,1.6734369993209839,1.4734368324279785
2019-05-27,2019-05-28 09:30:00,1.3675780296325684,1.1715580224990845
2019-05-27,2019-05-28 09:45:00,1.068750023841858,0.8882176280021667
2019-05-27,2019-05-28 10:00:00,0.8015620112419128,0.6785753965377808
2019-05-27,2019-05-28 10:15:00,0.5484369993209839,0.46926578879356384
2019-05-27,2019-05-28 10:30:00,0.26718801259994507,0.3116927146911621
2019-05-27,2019-05-28 10:45:00,0.15820300579071045,0.14544154703617096
2019-05-27,2019-05-28 11:00:00,0.10195299983024597,0.05043726786971092
2019-05-27,2019-05-28 11:15:00,0.014062000438570976,0.0
2019-05-27,2019-05-28 11:30:00,0.0,0.0
2019-05-27,2019-05-28 11:45:00,0.0,0.0
2019-05-27,2019-05-28 12:00:00,0.0,0.0
2019-05-27,2019-05-28 12:15:00,0.0,0.0
2019-05-27,2019-05-28 12:30:00,0.0,0.0
2019-05-27,2019-05-28 12:45:00,0.0,0.0
2019-05-27,2019-05-28 13:00:00,0.0,0.07554622739553452
2019-05-27,2019-05-28 13:15:00,0.0,0.023271482437849045
2019-05-27,2019-05-28 13:30:00,0.0,0.07162375748157501
2019-05-27,2019-05-28 13:45:00,0.0,0.08166254311800003
2019-05-27,2019-05-28 14:00:00,0.0,0.004844145383685827
2019-05-27,2019-05-28 14:15:00,0.0,0.04291987046599388
2019-05-27,2019-05-28 14:30:00,0.0,0.0035372041165828705
2019-05-27,2019-05-28 14:45:00,0.0,0.0
2019-05-27,2019-05-28 15:00:00,0.0,0.0
2019-05-27,2019-05-28 15:15:00,0.0,0.0
2019-05-27,2019-05-28 15:30:00,0.0,0.0
2019-05-27,2019-05-28 15:45:00,0.0,0.0
2019-05-27,2019-05-28 16:00:00,0.0,0.0
2019-05-27,2019-05-28 16:15:00,0.0,0.0
2019-05-27,2019-05-28 16:30:00,0.0,0.0
2019-05-27,2019-05-28 16:45:00,0.0,0.0
2019-05-27,2019-05-28 17:00:00,0.0,0.0
2019-05-27,2019-05-28 17:15:00,0.0,0.0
2019-05-27,2019-05-28 17:30:00,0.0,0.01630994863808155
2019-05-27,2019-05-28 17:45:00,0.0,0.028943130746483803
2019-05-27,2019-05-28 18:00:00,0.0,0.06755264103412628
2019-05-27,2019-05-28 18:15:00,0.0,0.018076183274388313
2019-05-27,2019-05-28 18:30:00,0.0,0.04008328542113304
2019-05-27,2019-05-28 18:45:00,0.0,0.047868452966213226
2019-05-27,2019-05-28 19:00:00,0.0,0.056951627135276794
2019-05-27,2019-05-28 19:15:00,0.0,0.024762148037552834
2019-05-27,2019-05-28 19:30:00,0.0,0.012497193180024624
2019-05-27,2019-05-28 19:45:00,0.0,0.041657544672489166
2019-05-27,2019-05-28 20:00:00,0.0,0.010015618056058884
2019-05-27,2019-05-28 20:15:00,0.0,0.0
2019-05-27,2019-05-28 20:30:00,0.0,0.0
2019-05-27,2019-05-28 20:45:00,0.0,0.0
2019-05-27,2019-05-28 21:00:00,0.0,0.023565929383039474
2019-05-27,2019-05-28 21:15:00,0.003515999997034669,0.04628095403313637
2019-05-27,2019-05-28 21:30:00,0.07734400033950806,0.054604195058345795
2019-05-27,2019-05-28 21:45:00,0.140625,0.1211732029914856
2019-05-27,2019-05-28 22:00:00,0.2566410005092621,0.18463017046451569
2019-05-27,2019-05-28 22:15:00,0.39375001192092896,0.2903149724006653
2019-05-27,2019-05-28 22:30:00,0.6082029938697815,0.5186414122581482
2019-05-27,2019-05-28 22:45:00,0.8507810235023499,0.6885504722595215
2019-05-27,2019-05-28 23:00:00,1.1074219942092896,0.9606646299362183
2019-05-27,2019-05-28 23:15:00,1.399219036102295,1.1480461359024048
2019-05-27,2019-05-28 23:30:00,1.6875,1.4714568853378296
2019-05-27,2019-05-28 23:45:00,1.9792970418930054,1.7462307214736938
2019-05-28,2019-05-29 00:00:00,2.26406192779541,2.1478075981140137
2019-05-28,2019-05-29 00:15:00,2.538280963897705,2.3209640979766846
2019-05-28,2019-05-29 00:30:00,2.7878899574279785,2.571458101272583
2019-05-28,2019-05-29 00:45:00,3.0093750953674316,2.862795114517212
2019-05-28,2019-05-29 01:00:00,3.223828077316284,3.064203977584839
2019-05-28,2019-05-29 01:15:00,3.4347660541534424,3.2210323810577393
2019-05-28,2019-05-29 01:30:00,3.5999999046325684,3.423596143722534
2019-05-28,2019-05-29 01:45:00,3.708983898162842,3.6319825649261475
2019-05-28,2019-05-29 02:00:00,3.839061975479126,3.736884832382202
2019-05-28,2019-05-29 02:15:00,3.909374952316284,3.8981525897979736
2019-05-28,2019-05-29 02:30:00,3.9867188930511475,3.9309375286102295
2019-05-28,2019-05-29 02:45:00,4.032422065734863,4.0189290046691895
2019-05-28,2019-05-29 03:00:00,4.050000190734863,4.071260452270508
2019-05-28,2019-05-29 03:15:00,4.071094036102295,4.069798946380615
2019-05-28,2019-05-29 03:30:00,4.085155963897705,4.051107406616211
2019-05-28,2019-05-29 03:45:00,4.06406307220459,4.130759239196777
2019-05-28,2019-05-29 04:00:00,4.028905868530273,4.07531213760376
2019-05-28,2019-05-29 04:15:00,4.014842987060547,3.974120616912842
2019-05-28,2019-05-29 04:30:00,4.102734088897705,4.090031623840332
2019-05-28,2019-05-29 04:45:00,4.07460880279541,3.991103410720825
2019-05-28,2019-05-29 05:00:00,4.120312213897705,4.003943920135498
2019-05-28,2019-05-29 05:15:00,4.099218845367432,3.9511263370513916
2019-05-28,2019-05-29 05:30:00,4.057031154632568,3.9266176223754883
2019-05-28,2019-05-29 05:45:00,4.109766006469727,3.971392869949341
2019-05-28,2019-05-29 06:00:00,4.130858898162842,3.973564386367798
2019-05-28,2019-05-29 06:15:00,3.744141101837158,3.8464860916137695
2019-05-28,2019-05-29 06:30:00,3.948046922683716,3.7024223804473877
2019-05-28,2019-05-29 06:45:00,3.796875,3.7205352783203125
2019-05-28,2019-05-29 07:00:00,3.385546922683716,3.525331974029541
2019-05-28,2019-05-29 07:15:00,3.779297113418579,3.3645846843719482
2019-05-28,2019-05-29 07:30:00,3.5648438930511475,3.251387596130371
2019-05-28,2019-05-29 07:45:00,3.128906011581421,3.0354127883911133
2019-05-28,2019-05-29 08:00:00,2.2957029342651367,2.712480068206787
2019-05-28,2019-05-29 08:15:00,3.216797113418579,2.4648451805114746
2019-05-28,2019-05-29 08:30:00,2.6578121185302734,2.161364793777466
2019-05-28,2019-05-29 08:45:00,2.54531192779541,1.8869297504425049
2019-05-28,2019-05-29 09:00:00,2.1304690837860107,1.5802242755889893
2019-05-28,2019-05-29 09:15:00,1.835155963897705,1.271456241607666
2019-05-28,2019-05-29 09:30:00,1.5433590412139893,0.9721762537956238
2019-05-28,2019-05-29 09:45:00,0.8085939884185791,0.7136824727058411
2019-05-28,2019-05-29 10:00:00,0.4007810056209564,0.527462363243103
2019-05-28,2019-05-29 10:15:00,0.41835901141166687,0.3271477520465851
2019-05-28,2019-05-29 10:30:00,0.37968701124191284,0.2030237764120102
2019-05-28,2019-05-29 10:45:00,0.18281200528144836,0.07125966995954514
2019-05-28,2019-05-29 11:00:00,0.11953099817037582,0.0
2019-05-28,2019-05-29 11:15:00,0.042187999933958054,0.0
2019-05-28,2019-05-29 11:30:00,0.0,0.0
2019-05-28,2019-05-29 11:45:00,0.0,0.0
2019-05-28,2019-05-29 12:00:00,0.0,0.0
2019-05-28,2019-05-29 12:15:00,0.0,0.0
2019-05-28,2019-05-29 12:30:00,0.0,0.007449978496879339
2019-05-28,2019-05-29 12:45:00,0.0,0.02861957438290119
2019-05-28,2019-05-29 13:00:00,0.0,0.1287461370229721
2019-05-28,2019-05-29 13:15:00,0.0,0.0695398822426796
2019-05-28,2019-05-29 13:30:00,0.0,0.09539827704429626
2019-05-28,2019-05-29 13:45:00,0.0,0.11080751568078995
2019-05-28,2019-05-29 14:00:00,0.0,0.033878155052661896
2019-05-28,2019-05-29 14:15:00,0.0,0.049697473645210266
2019-05-28,2019-05-29 14:30:00,0.0,0.002048277296125889
2019-05-28,2019-05-29 14:45:00,0.0,0.0
2019-05-28,2019-05-29 15:00:00,0.0,0.0
2019-05-28,2019-05-29 15:15:00,0.0,0.0
2019-05-28,2019-05-29 15:30:00,0.0,0.0
2019-05-28,2019-05-29 15:45:00,0.0,0.0
2019-05-28,2019-05-29 16:00:00,0.0,0.0
2019-05-28,2019-05-29 16:15:00,0.0,0.0
2019-05-28,2019-05-29 16:30:00,0.0,0.0
2019-05-28,2019-05-29 16:45:00,0.0,0.0
2019-05-28,2019-05-29 17:00:00,0.0,0.0
2019-05-28,2019-05-29 17:15:00,0.0,0.0
2019-05-28,2019-05-29 17:30:00,0.0,0.015094914473593235
2019-05-28,2019-05-29 17:45:00,0.0,0.00477781193330884
2019-05-28,2019-05-29 18:00:00,0.0,0.05130629241466522
2019-05-28,2019-05-29 18:15:00,0.0,0.012590243481099606
2019-05-28,2019-05-29 18:30:00,0.0,0.03470517694950104
2019-05-28,2019-05-29 18:45:00,0.0,0.04091991111636162
2019-05-28,2019-05-29 19:00:00,0.0,0.05140893906354904
2019-05-28,2019-05-29 19:15:00,0.0,0.03403496742248535
2019-05-28,2019-05-29 19:30:00,0.0,0.02331104688346386
2019-05-28,2019-05-29 19:45:00,0.0,0.035415906459093094
2019-05-28,2019-05-29 20:00:00,0.0,0.02204900048673153
2019-05-28,2019-05-29 20:15:00,0.0,0.0
2019-05-28,2019-05-29 20:30:00,0.0,0.0
2019-05-28,2019-05-29 20:45:00,0.0,0.0
2019-05-28,2019-05-29 21:00:00,0.0,0.012004639953374863
2019-05-28,2019-05-29 21:15:00,0.0,0.02455623261630535
2019-05-28,2019-05-29 21:30:00,0.0,0.0
2019-05-28,2019-05-29 21:45:00,0.19335900247097015,0.044517237693071365
2019-05-28,2019-05-29 22:00:00,0.3023439943790436,0.07722484320402145
2019-05-28,2019-05-29 22:15:00,0.43945300579071045,0.14144852757453918
2019-05-28,2019-05-29 22:30:00,0.4816409945487976,0.3007047474384308
2019-05-28,2019-05-29 22:45:00,0.583594024181366,0.42957574129104614
2019-05-28,2019-05-29 23:00:00,0.984375,0.6286157369613647
2019-05-28,2019-05-29 23:15:00,0.8121089935302734,0.7574048042297363
2019-05-28,2019-05-29 23:30:00,1.364061951637268,1.028700590133667
2019-05-28,2019-05-29 23:45:00,1.4343750476837158,1.2313053607940674
2019-05-29,2019-05-30 00:00:00,1.9300780296325684,1.7332545518875122
2019-05-29,2019-05-30 00:15:00,2.383594036102295,1.965201497077942
2019-05-29,2019-05-30 00:30:00,2.4468750953674316,2.226531982421875
2019-05-29,2019-05-30 00:45:00,2.707031011581421,2.5463075637817383
2019-05-29,2019-05-30 01:00:00,3.058593988418579,2.7126383781433105
2019-05-29,2019-05-30 01:15:00,3.2660160064697266,2.9234778881073
2019-05-29,2019-05-30 01:30:00,3.487499952316284,3.124399185180664
2019-05-29,2019-05-30 01:45:00,3.666796922683716,3.3143863677978516
2019-05-29,2019-05-30 02:00:00,3.8636720180511475,3.455648183822632
2019-05-29,2019-05-30 02:15:00,3.909374952316284,3.612741708755493
2019-05-29,2019-05-30 02:30:00,3.9937500953674316,3.6785919666290283
2019-05-29,2019-05-30 02:45:00,3.8777339458465576,3.755136489868164
2019-05-29,2019-05-30 03:00:00,4.158984184265137,3.8297433853149414
2019-05-29,2019-05-30 03:15:00,4.187108993530273,3.8365285396575928
2019-05-29,2019-05-30 03:30:00,4.08164119720459,3.796872854232788
2019-05-29,2019-05-30 03:45:00,4.09218692779541,3.8763935565948486
2019-05-29,2019-05-30 04:00:00,3.8917970657348633,3.804270029067993
2019-05-29,2019-05-30 04:15:00,3.779297113418579,3.691401481628418
2019-05-29,2019-05-30 04:30:00,2.900391101837158,3.7735307216644287
2019-05-29,2019-05-30 04:45:00,3.3785150051116943,3.649847984313965
2019-05-29,2019-05-30 05:00:00,3.0093750953674316,3.6739726066589355
2019-05-29,2019-05-30 05:15:00,4.07460880279541,3.6352834701538086
2019-05-29,2019-05-30 05:30:00,3.9128899574279785,3.6033451557159424
2019-05-29,2019-05-30 05:45:00,3.7300779819488525,3.6562228202819824
2019-05-29,2019-05-30 06:00:00,3.3082029819488525,3.656214714050293
2019-05-29,2019-05-30 06:15:00,3.8777339458465576,3.5717132091522217
2019-05-29,2019-05-30 06:30:00,2.267577886581421,3.4587273597717285
2019-05-29,2019-05-30 06:45:00,1.357030987739563,3.5066370964050293
2019-05-29,2019-05-30 07:00:00,2.664844036102295,3.4414026737213135
2019-05-29,2019-05-30 07:15:00,2.506640911102295,3.294858932495117
2019-05-29,2019-05-30 07:30:00,3.4769530296325684,3.2676711082458496
2019-05-29,2019-05-30 07:45:00,3.1535160541534424,3.114757776260376
2019-05-29,2019-05-30 08:00:00,2.963671922683716,2.863377571105957
2019-05-29,2019-05-30 08:15:00,2.6261720657348633,2.6652393341064453
2019-05-29,2019-05-30 08:30:00,2.3238279819488525,2.455565929412842
2019-05-29,2019-05-30 08:45:00,2.0355470180511475,2.194516658782959
2019-05-29,2019-05-30 09:00:00,1.7156250476837158,1.9279242753982544
2019-05-29,2019-05-30 09:15:00,1.4800779819488525,1.6319924592971802
2019-05-29,2019-05-30 09:30:00,1.2410160303115845,1.3510862588882446
2019-05-29,2019-05-30 09:45:00,0.9105470180511475,1.1029244661331177
2019-05-29,2019-05-30 10:00:00,0.7136719822883606,0.8575692772865295
2019-05-29,2019-05-30 10:15:00,0.5238280296325684,0.639670729637146
2019-05-29,2019-05-30 10:30:00,0.37968701124191284,0.4891994595527649
2019-05-29,2019-05-30 10:45:00,0.2566410005092621,0.30208298563957214
2019-05-29,2019-05-30 11:00:00,0.15468700230121613,0.18072199821472168
2019-05-29,2019-05-30 11:15:00,0.014062000438570976,0.15477867424488068
2019-05-29,2019-05-30 11:30:00,0.0,0.062080446630716324
2019-05-29,2019-05-30 11:45:00,0.0,0.011459717527031898
2019-05-29,2019-05-30 12:00:00,0.0,0.011499297805130482
2019-05-29,2019-05-30 12:15:00,0.0,0.04655538126826286
2019-05-29,2019-05-30 12:30:00,0.0,0.05399218201637268
2019-05-29,2019-05-30 12:45:00,0.0,0.060066353529691696
2019-05-29,2019-05-30 13:00:00,0.0,0.10138915479183197
2019-05-29,2019-05-30 13:15:00,0.0,0.09035507589578629
2019-05-29,2019-05-30 13:30:00,0.0,0.11428202688694
2019-05-29,2019-05-30 13:45:00,0.0,0.12662790715694427
2019-05-29,2019-05-30 14:00:00,0.0,0.049259576946496964
2019-05-29,2019-05-30 14:15:00,0.0,0.046045102179050446
2019-05-29,2019-05-30 14:30:00,0.0,0.0036665897350758314
2019-05-29,2019-05-30 14:45:00,0.0,0.0
2019-05-29,2019-05-30 15:00:00,0.0,0.0
2019-05-29,2019-05-30 15:15:00,0.0,0.0
2019-05-29,2019-05-30 15:30:00,0.0,0.0
2019-05-29,2019-05-30 15:45:00,0.0,0.0
2019-05-29,2019-05-30 16:00:00,0.0,0.0
2019-05-29,2019-05-30 16:15:00,0.0,0.0
2019-05-29,2019-05-30 16:30:00,0.0,0.0
2019-05-29,2019-05-30 16:45:00,0.0,0.0
2019-05-29,2019-05-30 17:00:00,0.0,0.0
2019-05-29,2019-05-30 17:15:00,0.0,0.0
2019-05-29,2019-05-30 17:30:00,0.0,0.005206223577260971
2019-05-29,2019-05-30 17:45:00,0.0,0.03358820453286171
2019-05-29,2019-05-30 18:00:00,0.0,0.08639629185199738
2019-05-29,2019-05-30 18:15:00,0.0,0.020516537129878998
2019-05-29,2019-05-30 18:30:00,0.0,0.06323477625846863
2019-05-29,2019-05-30 18:45:00,0.0,0.050117846578359604
2019-05-29,2019-05-30 19:00:00,0.0,0.0704391822218895
2019-05-29,2019-05-30 19:15:00,0.0,0.03105699084699154
2019-05-29,2019-05-30 19:30:00,0.0,0.02076651342213154
2019-05-29,2019-05-30 19:45:00,0.0,0.050805166363716125
2019-05-29,2019-05-30 20:00:00,0.0,0.02706453576683998
2019-05-29,2019-05-30 20:15:00,0.0,0.0
2019-05-29,2019-05-30 20:30:00,0.0,0.0
2019-05-29,2019-05-30 20:45:00,0.0,0.0
2019-05-29,2019-05-30 21:00:00,0.0,0.06873146444559097
2019-05-29,2019-05-30 21:15:00,0.024608999490737915,0.12481839209794998
2019-05-29,2019-05-30 21:30:00,0.0,0.13979163765907288
2019-05-29,2019-05-30 21:45:00,0.18984399735927582,0.19978740811347961
2019-05-29,2019-05-30 22:00:00,0.29882800579071045,0.24909347295761108
2019-05-29,2019-05-30 22:15:00,0.46054700016975403,0.34729811549186707
2019-05-29,2019-05-30 22:30:00,0.6609370112419128,0.5379102826118469
2019-05-29,2019-05-30 22:45:00,0.864844024181366,0.6855785846710205
2019-05-29,2019-05-30 23:00:00,1.1566410064697266,0.9258008003234863
2019-05-29,2019-05-30 23:15:00,1.4343750476837158,1.0463035106658936
2019-05-29,2019-05-30 23:30:00,1.7121089696884155,1.3810462951660156
2019-05-29,2019-05-30 23:45:00,2.0144529342651367,1.5935040712356567
2019-05-30,2019-05-31 00:00:00,2.260546922683716,2.248002767562866
2019-05-30,2019-05-31 00:15:00,2.5101559162139893,2.4053919315338135
2019-05-30,2019-05-31 00:30:00,2.7667970657348633,2.626530647277832
2019-05-30,2019-05-31 00:45:00,2.9988279342651367,2.9258415699005127
2019-05-30,2019-05-31 01:00:00,3.2308590412139893,3.0649657249450684
2019-05-30,2019-05-31 01:15:00,3.4382810592651367,3.22005558013916
2019-05-30,2019-05-31 01:30:00,3.568358898162842,3.3949029445648193
2019-05-30,2019-05-31 01:45:00,3.744141101837158,3.5557827949523926
2019-05-30,2019-05-31 02:00:00,3.902343988418579,3.691579580307007
2019-05-30,2019-05-31 02:15:00,4.014842987060547,3.8411481380462646
2019-05-30,2019-05-31 02:30:00,4.095703125,3.8543450832366943
2019-05-30,2019-05-31 02:45:00,4.169530868530273,3.9403066635131836
2019-05-30,2019-05-31 03:00:00,4.23281192779541,3.999335765838623
2019-05-30,2019-05-31 03:15:00,4.22226619720459,4.000004768371582
2019-05-30,2019-05-31 03:30:00,4.169530868530273,3.9891743659973145
2019-05-30,2019-05-31 03:45:00,4.201171875,4.080967426300049
2019-05-30,2019-05-31 04:00:00,4.225780963897705,4.022348880767822
2019-05-30,2019-05-31 04:15:00,4.144921779632568,3.9257633686065674
2019-05-30,2019-05-31 04:30:00,4.201171875,4.0029215812683105
2019-05-30,2019-05-31 04:45:00,4.09218692779541,3.965590715408325
2019-05-30,2019-05-31 05:00:00,4.014842987060547,3.9617624282836914
2019-05-30,2019-05-31 05:15:00,4.046483993530273,3.9263412952423096
2019-05-30,2019-05-31 05:30:00,4.050000190734863,3.8797554969787598
2019-05-30,2019-05-31 05:45:00,3.9128899574279785,3.9515390396118164
2019-05-30,2019-05-31 06:00:00,4.000781059265137,3.9583678245544434
2019-05-30,2019-05-31 06:15:00,3.9410150051116943,3.8556504249572754
2019-05-30,2019-05-31 06:30:00,3.8988280296325684,3.6838977336883545
2019-05-30,2019-05-31 06:45:00,3.8636720180511475,3.7306907176971436
2019-05-30,2019-05-31 07:00:00,3.7160160541534424,3.5709025859832764
2019-05-30,2019-05-31 07:15:00,2.988281011581421,3.377007007598877
2019-05-30,2019-05-31 07:30:00,2.460937976837158,3.338348388671875
2019-05-30,2019-05-31 07:45:00,2.882812023162842,3.125373125076294
2019-05-30,2019-05-31 08:00:00,1.680469036102295,2.8310139179229736
2019-05-30,2019-05-31 08:15:00,1.026561975479126,2.5973687171936035
2019-05-30,2019-05-31 08:30:00,1.3605469465255737,2.3353874683380127
2019-05-30,2019-05-31 08:45:00,1.2480469942092896,2.1099743843078613
2019-05-30,2019-05-31 09:00:00,2.3414061069488525,1.7890980243682861
2019-05-30,2019-05-31 09:15:00,1.6488280296325684,1.519342064857483
2019-05-30,2019-05-31 09:30:00,1.089843988418579,1.2170326709747314
2019-05-30,2019-05-31 09:45:00,0.7558590173721313,0.965695858001709
2019-05-30,2019-05-31 10:00:00,0.8753910064697266,0.7900101542472839
2019-05-30,2019-05-31 10:15:00,0.28125,0.551031231880188
2019-05-30,2019-05-31 10:30:00,0.3269529938697815,0.3892832398414612
2019-05-30,2019-05-31 10:45:00,0.2214840054512024,0.2592647671699524
2019-05-30,2019-05-31 11:00:00,0.1300780028104782,0.13156725466251373
2019-05-30,2019-05-31 11:15:00,0.0,0.08084353804588318
2019-05-30,2019-05-31 11:30:00,0.0,0.0034114655572921038
2019-05-30,2019-05-31 11:45:00,0.0,0.0
2019-05-30,2019-05-31 12:00:00,0.0,0.0
2019-05-30,2019-05-31 12:15:00,0.0,0.005635715555399656
2019-05-30,2019-05-31 12:30:00,0.0,0.007698122411966324
2019-05-30,2019-05-31 12:45:00,0.0,0.025123154744505882
2019-05-30,2019-05-31 13:00:00,0.0,0.11531469970941544
2019-05-30,2019-05-31 13:15:00,0.0,0.015200525522232056
2019-05-30,2019-05-31 13:30:00,0.0,0.05659034103155136
2019-05-30,2019-05-31 13:45:00,0.0,0.08575171232223511
2019-05-30,2019-05-31 14:00:00,0.0,0.007699599023908377
2019-05-30,2019-05-31 14:15:00,0.0,0.02644156664609909
2019-05-30,2019-05-31 14:30:00,0.0,0.0
2019-05-30,2019-05-31 14:45:00,0.0,0.0
2019-05-30,2019-05-31 15:00:00,0.0,0.0
2019-05-30,2019-05-31 15:15:00,0.0,0.0
2019-05-30,2019-05-31 15:30:00,0.0,0.0
2019-05-30,2019-05-31 15:45:00,0.0,0.0
2019-05-30,2019-05-31 16:00:00,0.0,0.0
2019-05-30,2019-05-31 16:15:00,0.0,0.0
2019-05-30,2019-05-31 16:30:00,0.0,0.0
2019-05-30,2019-05-31 16:45:00,0.0,0.0
2019-05-30,2019-05-31 17:00:00,0.0,0.0
2019-05-30,2019-05-31 17:15:00,0.0,0.0
2019-05-30,2019-05-31 17:30:00,0.0,0.0
2019-05-30,2019-05-31 17:45:00,0.0,0.0
2019-05-30,2019-05-31 18:00:00,0.0,0.030896048992872238
2019-05-30,2019-05-31 18:15:00,0.0,0.0
2019-05-30,2019-05-31 18:30:00,0.0,0.009602874517440796
2019-05-30,2019-05-31 18:45:00,0.0,0.03881528973579407
2019-05-30,2019-05-31 19:00:00,0.0,0.02649255283176899
2019-05-30,2019-05-31 19:15:00,0.0,0.0
2019-05-30,2019-05-31 19:30:00,0.0,0.006164542865008116
2019-05-30,2019-05-31 19:45:00,0.0,0.04304123297333717
2019-05-30,2019-05-31 20:00:00,0.0,0.02446511760354042
2019-05-30,2019-05-31 20:15:00,0.0,0.0
2019-05-30,2019-05-31 20:30:00,0.0,0.0
2019-05-30,2019-05-31 20:45:00,0.0,0.0
2019-05-30,2019-05-31 21:00:00,0.0,0.014400736428797245
2019-05-30,2019-05-31 21:15:00,0.0,0.0
2019-05-30,2019-05-31 21:30:00,0.0,0.0
2019-05-30,2019-05-31 21:45:00,0.0,0.0
2019-05-30,2019-05-31 22:00:00,0.07734400033950806,0.0
2019-05-30,2019-05-31 22:15:00,0.16875000298023224,0.02015095204114914
2019-05-30,2019-05-31 22:30:00,0.34453099966049194,0.1408633440732956
2019-05-30,2019-05-31 22:45:00,0.29882800579071045,0.2566623091697693
2019-05-30,2019-05-31 23:00:00,0.3515619933605194,0.3943459093570709
2019-05-30,2019-05-31 23:15:00,0.29531198740005493,0.5154695510864258
2019-05-30,2019-05-31 23:30:00,0.5238280296325684,0.7587977051734924
2019-05-30,2019-05-31 23:45:00,0.8332030177116394,0.9547860622406006
2018-08-24,2018-08-25 00:00:00,1.321874976158142,1.1773345470428467
2018-08-24,2018-08-25 00:15:00,1.5609370470046997,1.3052359819412231
2018-08-24,2018-08-25 00:30:00,1.792968988418579,1.436673879623413
2018-08-24,2018-08-25 00:45:00,2.0179688930511475,1.5998133420944214
2018-08-24,2018-08-25 01:00:00,2.12343692779541,1.723211646080017
2018-08-24,2018-08-25 01:15:00,2.4117190837860107,1.7985668182373047
2018-08-24,2018-08-25 01:30:00,2.654297113418579,1.9415684938430786
2018-08-24,2018-08-25 01:45:00,2.794922113418579,2.0742318630218506
2018-08-24,2018-08-25 02:00:00,2.9285149574279785,2.1748178005218506
2018-08-24,2018-08-25 02:15:00,3.118359088897705,2.2771084308624268
2018-08-24,2018-08-25 02:30:00,3.1957030296325684,2.3540146350860596
2018-08-24,2018-08-25 02:45:00,3.462891101837158,2.4712109565734863
2018-08-24,2018-08-25 03:00:00,3.5929689407348633,2.546100378036499
2018-08-24,2018-08-25 03:15:00,3.6140620708465576,2.5459611415863037
2018-08-24,2018-08-25 03:30:00,3.7828121185302734,2.5896658897399902
2018-08-24,2018-08-25 03:45:00,3.526171922683716,2.6717827320098877
2018-08-24,2018-08-25 04:00:00,2.8792970180511475,2.69866681098938
2018-08-24,2018-08-25 04:15:00,2.496093988418579,2.6602914333343506
2018-08-24,2018-08-25 04:30:00,4.028905868530273,2.7414562702178955
2018-08-24,2018-08-25 04:45:00,3.6949219703674316,2.6923584938049316
2018-08-24,2018-08-25 05:00:00,2.9039061069488525,2.672757625579834
2018-08-24,2018-08-25 05:15:00,2.415234088897705,2.6470601558685303
2018-08-24,2018-08-25 05:30:00,3.965625047683716,2.591474771499634
2018-08-24,2018-08-25 05:45:00,3.276561975479126,2.612985134124756
2018-08-24,2018-08-25 06:00:00,3.2132809162139893,2.584524631500244
2018-08-24,2018-08-25 06:15:00,2.629688024520874,2.4562649726867676
2018-08-24,2018-08-25 06:30:00,1.7999999523162842,2.3266513347625732
2018-08-24,2018-08-25 06:45:00,2.583983898162842,2.3099594116210938
2018-08-24,2018-08-25 07:00:00,1.9933589696884155,2.1659533977508545
2018-08-24,2018-08-25 07:15:00,1.9160159826278687,2.0535850524902344
2018-08-24,2018-08-25 07:30:00,2.7527339458465576,1.9520422220230103
2018-08-24,2018-08-25 07:45:00,1.8878910541534424,1.8136322498321533
2018-08-24,2018-08-25 08:00:00,1.3816410303115845,1.598924160003662
2018-08-24,2018-08-25 08:15:00,1.8878910541534424,1.473073124885559
2018-08-24,2018-08-25 08:30:00,1.638280987739563,1.3050808906555176
2018-08-24,2018-08-25 08:45:00,1.160156011581421,1.1392560005187988
2018-08-24,2018-08-25 09:00:00,0.5589839816093445,0.962772011756897
2018-08-24,2018-08-25 09:15:00,0.8296869993209839,0.7935877442359924
2018-08-24,2018-08-25 09:30:00,0.4429689943790436,0.601410448551178
2018-08-24,2018-08-25 09:45:00,0.33398398756980896,0.488665908575058
2018-08-24,2018-08-25 10:00:00,0.2355470061302185,0.35779446363449097
2018-08-24,2018-08-25 10:15:00,0.16523399949073792,0.26381170749664307
2018-08-24,2018-08-25 10:30:00,0.03867200016975403,0.17680488526821136
2018-08-24,2018-08-25 10:45:00,0.0,0.09848156571388245
2018-08-24,2018-08-25 11:00:00,0.0,0.03071325644850731
2018-08-24,2018-08-25 11:15:00,0.0,0.007514537312090397
2018-08-24,2018-08-25 11:30:00,0.0,0.0
2018-08-24,2018-08-25 11:45:00,0.0,0.0
2018-08-24,2018-08-25 12:00:00,0.0,0.0
2018-08-24,2018-08-25 12:15:00,0.0,0.009163825772702694
2018-08-24,2018-08-25 12:30:00,0.0,0.0
2018-08-24,2018-08-25 12:45:00,0.0,0.0
2018-08-24,2018-08-25 13:00:00,0.0,0.04132629185914993
2018-08-24,2018-08-25 13:15:00,0.0,0.0
2018-08-24,2018-08-25 13:30:00,0.0,0.0
2018-08-24,2018-08-25 13:45:00,0.0,0.040903009474277496
2018-08-24,2018-08-25 14:00:00,0.0,0.0
2018-08-24,2018-08-25 14:15:00,0.0,0.0
2018-08-24,2018-08-25 14:30:00,0.0,0.002833160338923335
2018-08-24,2018-08-25 14:45:00,0.0,0.0
2018-08-24,2018-08-25 15:00:00,0.0,0.0
2018-08-24,2018-08-25 15:15:00,0.0,0.0
2018-08-24,2018-08-25 15:30:00,0.0,0.0
2018-08-24,2018-08-25 15:45:00,0.0,0.0
2018-08-24,2018-08-25 16:00:00,0.0,0.0
2018-08-24,2018-08-25 16:15:00,0.0,0.0
2018-08-24,2018-08-25 16:30:00,0.0,0.0
2018-08-24,2018-08-25 16:45:00,0.0,0.0
2018-08-24,2018-08-25 17:00:00,0.0,0.018775444477796555
2018-08-24,2018-08-25 17:15:00,0.0,0.0
2018-08-24,2018-08-25 17:30:00,0.0,0.03797100856900215
2018-08-24,2018-08-25 17:45:00,0.0,0.0477059930562973
2018-08-24,2018-08-25 18:00:00,0.0,0.08740636706352234
2018-08-24,2018-08-25 18:15:00,0.0,0.05336543172597885
2018-08-24,2018-08-25 18:30:00,0.0,0.0912228375673294
2018-08-24,2018-08-25 18:45:00,0.0,0.10053299367427826
2018-08-24,2018-08-25 19:00:00,0.0,0.0939069539308548
2018-08-24,2018-08-25 19:15:00,0.0,0.08094973117113113
2018-08-24,2018-08-25 19:30:00,0.0,0.021813293918967247
2018-08-24,2018-08-25 19:45:00,0.0,0.049314018338918686
2018-08-24,2018-08-25 20:00:00,0.0,0.05273234099149704
2018-08-24,2018-08-25 20:15:00,0.0,0.0424300841987133
2018-08-24,2018-08-25 20:30:00,0.0,0.003781377337872982
2018-08-24,2018-08-25 20:45:00,0.0,0.0
2018-08-24,2018-08-25 21:00:00,0.0,0.04526577517390251
2018-08-24,2018-08-25 21:15:00,0.0,0.06402820348739624
2018-08-24,2018-08-25 21:30:00,0.0,0.04294685646891594
2018-08-24,2018-08-25 21:45:00,0.0,0.09218468517065048
2018-08-24,2018-08-25 22:00:00,0.0,0.11276672035455704
2018-08-24,2018-08-25 22:15:00,0.031640999019145966,0.1737600415945053
2018-08-24,2018-08-25 22:30:00,0.12304700165987015,0.28256306052207947
2018-08-24,2018-08-25 22:45:00,0.17226600646972656,0.36592474579811096
2018-08-24,2018-08-25 23:00:00,0.3550780117511749,0.5009600520133972
2018-08-24,2018-08-25 23:15:00,0.6503909826278687,0.6293147206306458
2018-08-24,2018-08-25 23:30:00,0.6398440003395081,0.7851375341415405
2018-08-24,2018-08-25 23:45:00,1.068750023841858,0.9011049270629883
2018-08-25,2018-08-26 00:00:00,1.2867189645767212,1.2042244672775269
2018-08-25,2018-08-26 00:15:00,1.504686951637268,1.367850422859192
2018-08-25,2018-08-26 00:30:00,1.7472660541534424,1.597497582435608
2018-08-25,2018-08-26 00:45:00,1.9160159826278687,1.8180255889892578
2018-08-25,2018-08-26 01:00:00,2.1691410541534424,2.0249249935150146
2018-08-25,2018-08-26 01:15:00,2.3097660541534424,2.1736199855804443
2018-08-25,2018-08-26 01:30:00,2.636718988418579,2.401942253112793
2018-08-25,2018-08-26 01:45:00,2.7703120708465576,2.578108787536621
2018-08-25,2018-08-26 02:00:00,2.8722660541534424,2.7322347164154053
2018-08-25,2018-08-26 02:15:00,3.086719036102295,2.9226651191711426
2018-08-25,2018-08-26 02:30:00,3.1886720657348633,3.004939556121826
2018-08-25,2018-08-26 02:45:00,3.181641101837158,3.1345436573028564
2018-08-25,2018-08-26 03:00:00,3.3257811069488525,3.2598726749420166
2018-08-25,2018-08-26 03:15:00,3.3785150051116943,3.2908098697662354
2018-08-25,2018-08-26 03:30:00,3.357422113418579,3.3237738609313965
2018-08-25,2018-08-26 03:45:00,3.38906192779541,3.4689927101135254
2018-08-25,2018-08-26 04:00:00,3.403125047683716,3.462785482406616
2018-08-25,2018-08-26 04:15:00,3.4488279819488525,3.414973258972168
2018-08-25,2018-08-26 04:30:00,3.427733898162842,3.517772674560547
2018-08-25,2018-08-26 04:45:00,3.3960940837860107,3.450394630432129
2018-08-25,2018-08-26 05:00:00,3.2730469703674316,3.4795114994049072
2018-08-25,2018-08-26 05:15:00,3.403125047683716,3.4459221363067627
2018-08-25,2018-08-26 05:30:00,3.364453077316284,3.3766889572143555
2018-08-25,2018-08-26 05:45:00,2.9742190837860107,3.441455602645874
2018-08-25,2018-08-26 06:00:00,3.058593988418579,3.3942623138427734
2018-08-25,2018-08-26 06:15:00,2.0636720657348633,3.285175323486328
2018-08-25,2018-08-26 06:30:00,2.882812023162842,3.1300032138824463
2018-08-25,2018-08-26 06:45:00,2.443358898162842,3.102226495742798
2018-08-25,2018-08-26 07:00:00,2.239453077316284,2.963252067565918
2018-08-25,2018-08-26 07:15:00,2.373047113418579,2.7906782627105713
2018-08-25,2018-08-26 07:30:00,2.151561975479126,2.686993360519409
2018-08-25,2018-08-26 07:45:00,1.9933589696884155,2.5086395740509033
2018-08-25,2018-08-26 08:00:00,1.7824219465255737,2.203970193862915
2018-08-25,2018-08-26 08:15:00,1.5785160064697266,1.995505452156067
2018-08-25,2018-08-26 08:30:00,1.3921869993209839,1.7808858156204224
2018-08-25,2018-08-26 08:45:00,1.019531011581421,1.5310262441635132
2018-08-25,2018-08-26 09:00:00,0.44999998807907104,1.258687973022461
2018-08-25,2018-08-26 09:15:00,0.42539098858833313,1.0189167261123657
2018-08-25,2018-08-26 09:30:00,0.37968701124191284,0.7714899182319641
2018-08-25,2018-08-26 09:45:00,0.29882800579071045,0.5734862089157104
2018-08-25,2018-08-26 10:00:00,0.291797012090683,0.4064812660217285
2018-08-25,2018-08-26 10:15:00,0.1757809966802597,0.24760353565216064
2018-08-25,2018-08-26 10:30:00,0.024608999490737915,0.12960387766361237
2018-08-25,2018-08-26 10:45:00,0.0,0.027550844475626945
2018-08-25,2018-08-26 11:00:00,0.0,0.0
2018-08-25,2018-08-26 11:15:00,0.0,0.0
2018-08-25,2018-08-26 11:30:00,0.0,0.0
2018-08-25,2018-08-26 11:45:00,0.0,0.0
2018-08-25,2018-08-26 12:00:00,0.0,0.0
2018-08-25,2018-08-26 12:15:00,0.0,0.0
2018-08-25,2018-08-26 12:30:00,0.0,0.0
2018-08-25,2018-08-26 12:45:00,0.0,0.0
2018-08-25,2018-08-26 13:00:00,0.0,0.05538138747215271
2018-08-25,2018-08-26 13:15:00,0.0,0.010922561399638653
2018-08-25,2018-08-26 13:30:00,0.0,0.03601602092385292
2018-08-25,2018-08-26 13:45:00,0.0,0.02499125897884369
2018-08-25,2018-08-26 14:00:00,0.0,0.0
2018-08-25,2018-08-26 14:15:00,0.0,0.009156274609267712
2018-08-25,2018-08-26 14:30:00,0.0,0.0
2018-08-25,2018-08-26 14:45:00,0.0,0.0
2018-08-25,2018-08-26 15:00:00,0.0,0.0
2018-08-25,2018-08-26 15:15:00,0.0,0.0
2018-08-25,2018-08-26 15:30:00,0.0,0.0
2018-08-25,2018-08-26 15:45:00,0.0,0.0
2018-08-25,2018-08-26 16:00:00,0.0,0.0
2018-08-25,2018-08-26 16:15:00,0.0,0.0
2018-08-25,2018-08-26 16:30:00,0.0,0.0
2018-08-25,2018-08-26 16:45:00,0.0,0.0
2018-08-25,2018-08-26 17:00:00,0.0,0.027775214985013008
2018-08-25,2018-08-26 17:15:00,0.0,0.0
2018-08-25,2018-08-26 17:30:00,0.0,0.0359150655567646
2018-08-25,2018-08-26 17:45:00,0.0,0.05605469271540642
2018-08-25,2018-08-26 18:00:00,0.0,0.08365270495414734
2018-08-25,2018-08-26 18:15:00,0.0,0.051530517637729645
2018-08-25,2018-08-26 18:30:00,0.0,0.05964454635977745
2018-08-25,2018-08-26 18:45:00,0.0,0.09461305290460587
2018-08-25,2018-08-26 19:00:00,0.0,0.11257324367761612
2018-08-25,2018-08-26 19:15:00,0.0,0.06304650008678436
2018-08-25,2018-08-26 19:30:00,0.0,0.019916417077183723
2018-08-25,2018-08-26 19:45:00,0.0,0.04704497382044792
2018-08-25,2018-08-26 20:00:00,0.0,0.07777003943920135
2018-08-25,2018-08-26 20:15:00,0.0,0.0010166391730308533
2018-08-25,2018-08-26 20:30:00,0.0,0.0
2018-08-25,2018-08-26 20:45:00,0.0,0.0
2018-08-25,2018-08-26 21:00:00,0.0,0.024413680657744408
2018-08-25,2018-08-26 21:15:00,0.0,0.021529102697968483
2018-08-25,2018-08-26 21:30:00,0.0,0.00044265203177928925
2018-08-25,2018-08-26 21:45:00,0.0,0.044041234999895096
2018-08-25,2018-08-26 22:00:00,0.0,0.04999331012368202
2018-08-25,2018-08-26 22:15:00,0.0,0.06933560967445374
2018-08-25,2018-08-26 22:30:00,0.20390599966049194,0.15213675796985626
2018-08-25,2018-08-26 22:45:00,0.31992200016975403,0.24778705835342407
2018-08-25,2018-08-26 23:00:00,0.46054700016975403,0.35678383708000183
2018-08-25,2018-08-26 23:15:00,0.6328120231628418,0.45421868562698364
2018-08-25,2018-08-26 23:30:00,0.8824219703674316,0.6283065676689148
2018-08-25,2018-08-26 23:45:00,1.125,0.7729362845420837
2018-08-26,2018-08-27 00:00:00,1.2972660064697266,1.2591831684112549
2018-08-26,2018-08-27 00:15:00,1.181249976158142,1.4130934476852417
2018-08-26,2018-08-27 00:30:00,1.8878910541534424,1.6458178758621216
2018-08-26,2018-08-27 00:45:00,2.021483898162842,1.854386329650879
2018-08-26,2018-08-27 01:00:00,2.285156011581421,2.067064046859741
2018-08-26,2018-08-27 01:15:00,2.478516101837158,2.1906204223632812
2018-08-26,2018-08-27 01:30:00,2.6578121185302734,2.3851680755615234
2018-08-26,2018-08-27 01:45:00,2.8441410064697266,2.5194430351257324
2018-08-26,2018-08-27 02:00:00,3.121875047683716,2.6519668102264404
2018-08-26,2018-08-27 02:15:00,3.287108898162842,2.79476261138916
2018-08-26,2018-08-27 02:30:00,2.3097660541534424,2.856349229812622
2018-08-26,2018-08-27 02:45:00,3.427733898162842,2.9397408962249756
2018-08-26,2018-08-27 03:00:00,2.2113280296325684,3.0040454864501953
2018-08-26,2018-08-27 03:15:00,3.4699220657348633,3.007448196411133
2018-08-26,2018-08-27 03:30:00,3.1500000953674316,3.0006234645843506
2018-08-26,2018-08-27 03:45:00,3.410156011581421,3.106123208999634
2018-08-26,2018-08-27 04:00:00,4.151953220367432,3.0623350143432617
2018-08-26,2018-08-27 04:15:00,3.67031192779541,2.987215042114258
2018-08-26,2018-08-27 04:30:00,3.5964839458465576,3.0440008640289307
2018-08-26,2018-08-27 04:45:00,3.7230470180511475,2.951979637145996
2018-08-26,2018-08-27 05:00:00,2.5804688930511475,2.907341718673706
2018-08-26,2018-08-27 05:15:00,2.696484088897705,2.8581972122192383
2018-08-26,2018-08-27 05:30:00,4.310155868530273,2.7433698177337646
2018-08-26,2018-08-27 05:45:00,2.8441410064697266,2.7339131832122803
2018-08-26,2018-08-27 06:00:00,3.4839839935302734,2.6483421325683594
2018-08-26,2018-08-27 06:15:00,3.5964839458465576,2.478196620941162
2018-08-26,2018-08-27 06:30:00,3.3363280296325684,2.3013813495635986
2018-08-26,2018-08-27 06:45:00,3.367969036102295,2.2182693481445312
2018-08-26,2018-08-27 07:00:00,3.0269529819488525,2.0402979850769043
2018-08-26,2018-08-27 07:15:00,3.0550780296325684,1.8583036661148071
2018-08-26,2018-08-27 07:30:00,2.8968749046325684,1.7486968040466309
2018-08-26,2018-08-27 07:45:00,2.7351560592651367,1.5612704753875732
2018-08-26,2018-08-27 08:00:00,2.3765621185302734,1.3186366558074951
2018-08-26,2018-08-27 08:15:00,1.7015620470046997,1.1389425992965698
2018-08-26,2018-08-27 08:30:00,2.2886719703674316,0.9802553057670593
2018-08-26,2018-08-27 08:45:00,2.0144529342651367,0.8084366917610168
2018-08-26,2018-08-27 09:00:00,0.6679689884185791,0.6122148633003235
2018-08-26,2018-08-27 09:15:00,0.5695310235023499,0.47648629546165466
2018-08-26,2018-08-27 09:30:00,0.5695310235023499,0.34088775515556335
2018-08-26,2018-08-27 09:45:00,0.4921880066394806,0.26812681555747986
2018-08-26,2018-08-27 10:00:00,0.42890599370002747,0.17051592469215393
2018-08-26,2018-08-27 10:15:00,0.15820300579071045,0.09346848726272583
2018-08-26,2018-08-27 10:30:00,0.03515600040555,0.045078810304403305
2018-08-26,2018-08-27 10:45:00,0.0,0.02247653715312481
2018-08-26,2018-08-27 11:00:00,0.0,0.007270858157426119
2018-08-26,2018-08-27 11:15:00,0.0,0.0027341844979673624
2018-08-26,2018-08-27 11:30:00,0.0,0.011450951918959618
2018-08-26,2018-08-27 11:45:00,0.0,0.0016992285382002592
2018-08-26,2018-08-27 12:00:00,0.0,0.028085753321647644
2018-08-26,2018-08-27 12:15:00,0.0,0.06222182512283325
2018-08-26,2018-08-27 12:30:00,0.0,0.05276687070727348
2018-08-26,2018-08-27 12:45:00,0.0,0.05161863937973976
2018-08-26,2018-08-27 13:00:00,0.0,0.10940271615982056
2018-08-26,2018-08-27 13:15:00,0.0,0.08553571254014969
2018-08-26,2018-08-27 13:30:00,0.0,0.08543755859136581
2018-08-26,2018-08-27 13:45:00,0.0,0.07194805145263672
2018-08-26,2018-08-27 14:00:00,0.0,0.011318937875330448
2018-08-26,2018-08-27 14:15:00,0.0,0.026259716600179672
2018-08-26,2018-08-27 14:30:00,0.0,0.006349995266646147
2018-08-26,2018-08-27 14:45:00,0.0,0.0
2018-08-26,2018-08-27 15:00:00,0.0,0.0
2018-08-26,2018-08-27 15:15:00,0.0,0.0
2018-08-26,2018-08-27 15:30:00,0.0,0.0
2018-08-26,2018-08-27 15:45:00,0.0,0.0
2018-08-26,2018-08-27 16:00:00,0.0,0.0
2018-08-26,2018-08-27 16:15:00,0.0,0.0
2018-08-26,2018-08-27 16:30:00,0.0,0.0
2018-08-26,2018-08-27 16:45:00,0.0,0.0
2018-08-26,2018-08-27 17:00:00,0.0,0.00451671564951539
2018-08-26,2018-08-27 17:15:00,0.0,0.0
2018-08-26,2018-08-27 17:30:00,0.0,0.0202620979398489
2018-08-26,2018-08-27 17:45:00,0.0,0.04457559809088707
2018-08-26,2018-08-27 18:00:00,0.0,0.0971216931939125
2018-08-26,2018-08-27 18:15:00,0.0,0.055085085332393646
2018-08-26,2018-08-27 18:30:00,0.0,0.07872781157493591
2018-08-26,2018-08-27 18:45:00,0.0,0.10368139296770096
2018-08-26,2018-08-27 19:00:00,0.0,0.13145045936107635
2018-08-26,2018-08-27 19:15:00,0.0,0.09899207949638367
2018-08-26,2018-08-27 19:30:00,0.0,0.056204188615083694
2018-08-26,2018-08-27 19:45:00,0.0,0.06004642695188522
2018-08-26,2018-08-27 20:00:00,0.0,0.0841185450553894
2018-08-26,2018-08-27 20:15:00,0.0,0.027604658156633377
2018-08-26,2018-08-27 20:30:00,0.0,0.02562805451452732
2018-08-26,2018-08-27 20:45:00,0.0,0.002808928256854415
2018-08-26,2018-08-27 21:00:00,0.0,0.03337666392326355
2018-08-26,2018-08-27 21:15:00,0.0,0.036944080144166946
2018-08-26,2018-08-27 21:30:00,0.0,0.004056484904140234
2018-08-26,2018-08-27 21:45:00,0.0,0.035288773477077484
2018-08-26,2018-08-27 22:00:00,0.003515999997034669,0.032560084015131
2018-08-26,2018-08-27 22:15:00,0.0,0.03982218727469444
2018-08-26,2018-08-27 22:30:00,0.19687500596046448,0.1359514743089676
2018-08-26,2018-08-27 22:45:00,0.31992200016975403,0.22242435812950134
2018-08-26,2018-08-27 23:00:00,0.3410159945487976,0.34939491748809814
2018-08-26,2018-08-27 23:15:00,0.5519530177116394,0.44656431674957275
2018-08-26,2018-08-27 23:30:00,0.5660160183906555,0.6282200217247009
2018-08-26,2018-08-27 23:45:00,0.731249988079071,0.7898880243301392
2018-08-27,2018-08-28 00:00:00,0.935155987739563,1.2055391073226929
2018-08-27,2018-08-28 00:15:00,1.8738280534744263,1.3309438228607178
2018-08-27,2018-08-28 00:30:00,1.2269530296325684,1.5333056449890137
2018-08-27,2018-08-28 00:45:00,1.4660160541534424,1.7716560363769531
2018-08-27,2018-08-28 01:00:00,1.7507810592651367,1.9470348358154297
2018-08-27,2018-08-28 01:15:00,2.742187976837158,2.0855581760406494
2018-08-27,2018-08-28 01:30:00,2.8441410064697266,2.276132106781006
2018-08-27,2018-08-28 01:45:00,3.065624952316284,2.437997579574585
2018-08-27,2018-08-28 02:00:00,3.258984088897705,2.599968433380127
2018-08-27,2018-08-28 02:15:00,3.4066410064697266,2.7637362480163574
2018-08-27,2018-08-28 02:30:00,3.5999999046325684,2.835613965988159
2018-08-27,2018-08-28 02:45:00,3.628124952316284,2.9328596591949463
2018-08-27,2018-08-28 03:00:00,3.6597650051116943,3.0113437175750732
2018-08-27,2018-08-28 03:15:00,3.7335939407348633,3.0502331256866455
2018-08-27,2018-08-28 03:30:00,3.789844036102295,3.063732385635376
2018-08-27,2018-08-28 03:45:00,3.7828121185302734,3.1844165325164795
2018-08-27,2018-08-28 04:00:00,3.867187976837158,3.158761501312256
2018-08-27,2018-08-28 04:15:00,3.825000047683716,3.117870569229126
2018-08-27,2018-08-28 04:30:00,3.786328077316284,3.1820619106292725
2018-08-27,2018-08-28 04:45:00,3.796875,3.1372241973876953
2018-08-27,2018-08-28 05:00:00,3.744141101837158,3.1376354694366455
2018-08-27,2018-08-28 05:15:00,3.6527340412139893,3.0971004962921143
2018-08-27,2018-08-28 05:30:00,3.628124952316284,3.0457534790039062
2018-08-27,2018-08-28 05:45:00,3.5964839458465576,3.0711841583251953
2018-08-27,2018-08-28 06:00:00,3.515625,3.0312371253967285
2018-08-27,2018-08-28 06:15:00,3.4347660541534424,2.920992136001587
2018-08-27,2018-08-28 06:30:00,3.3257811069488525,2.7602198123931885
2018-08-27,2018-08-28 06:45:00,3.1851561069488525,2.724628448486328
2018-08-27,2018-08-28 07:00:00,3.0164060592651367,2.5637760162353516
2018-08-27,2018-08-28 07:15:00,2.840625047683716,2.3816685676574707
2018-08-27,2018-08-28 07:30:00,2.629688024520874,2.270292043685913
2018-08-27,2018-08-28 07:45:00,2.425781011581421,2.110304594039917
2018-08-27,2018-08-28 08:00:00,2.1832029819488525,1.8470054864883423
2018-08-27,2018-08-28 08:15:00,1.9160159826278687,1.6298816204071045
2018-08-27,2018-08-28 08:30:00,1.680469036102295,1.4314624071121216
2018-08-27,2018-08-28 08:45:00,1.4449219703674316,1.2434927225112915
2018-08-27,2018-08-28 09:00:00,1.1496089696884155,1.023676872253418
2018-08-27,2018-08-28 09:15:00,0.9246090054512024,0.8231098055839539
2018-08-27,2018-08-28 09:30:00,0.6785159707069397,0.6516906023025513
2018-08-27,2018-08-28 09:45:00,0.4781250059604645,0.4821186363697052
2018-08-27,2018-08-28 10:00:00,0.3023439943790436,0.35894009470939636
2018-08-27,2018-08-28 10:15:00,0.16171899437904358,0.22060485184192657
2018-08-27,2018-08-28 10:30:00,0.03867200016975403,0.12885868549346924
2018-08-27,2018-08-28 10:45:00,0.0,0.08018249273300171
2018-08-27,2018-08-28 11:00:00,0.0,0.006968447472900152
2018-08-27,2018-08-28 11:15:00,0.0,0.0
2018-08-27,2018-08-28 11:30:00,0.0,0.0
2018-08-27,2018-08-28 11:45:00,0.0,0.0
2018-08-27,2018-08-28 12:00:00,0.0,0.0
2018-08-27,2018-08-28 12:15:00,0.0,0.0
2018-08-27,2018-08-28 12:30:00,0.0,0.0
2018-08-27,2018-08-28 12:45:00,0.0,0.0
2018-08-27,2018-08-28 13:00:00,0.0,0.03618137165904045
2018-08-27,2018-08-28 13:15:00,0.0,0.003605019301176071
2018-08-27,2018-08-28 13:30:00,0.0,0.01130907516926527
2018-08-27,2018-08-28 13:45:00,0.0,0.021395212039351463
2018-08-27,2018-08-28 14:00:00,0.0,0.0
2018-08-27,2018-08-28 14:15:00,0.0,0.0
2018-08-27,2018-08-28 14:30:00,0.0,0.0
2018-08-27,2018-08-28 14:45:00,0.0,0.0
2018-08-27,2018-08-28 15:00:00,0.0,0.0
2018-08-27,2018-08-28 15:15:00,0.0,0.0
2018-08-27,2018-08-28 15:30:00,0.0,0.0
2018-08-27,2018-08-28 15:45:00,0.0,0.0
2018-08-27,2018-08-28 16:00:00,0.0,0.0
2018-08-27,2018-08-28 16:15:00,0.0,0.016141140833497047
2018-08-27,2018-08-28 16:30:00,0.0,0.0
2018-08-27,2018-08-28 16:45:00,0.0,0.0029046377167105675
2018-08-27,2018-08-28 17:00:00,0.0,0.020407387986779213
2018-08-27,2018-08-28 17:15:00,0.0,0.0
2018-08-27,2018-08-28 17:30:00,0.0,0.0
2018-08-27,2018-08-28 17:45:00,0.0,0.01923162117600441
2018-08-27,2018-08-28 18:00:00,0.0,0.030046144500374794
2018-08-27,2018-08-28 18:15:00,0.0,0.0
2018-08-27,2018-08-28 18:30:00,0.0,0.006152845919132233
2018-08-27,2018-08-28 18:45:00,0.0,0.020393284037709236
2018-08-27,2018-08-28 19:00:00,0.0,0.04783577099442482
2018-08-27,2018-08-28 19:15:00,0.0,0.012027869001030922
2018-08-27,2018-08-28 19:30:00,0.0,0.008719468489289284
2018-08-27,2018-08-28 19:45:00,0.0,0.02751222625374794
2018-08-27,2018-08-28 20:00:00,0.0,0.04733748733997345
2018-08-27,2018-08-28 20:15:00,0.0,0.023558728396892548
2018-08-27,2018-08-28 20:30:00,0.0,0.02128000743687153
2018-08-27,2018-08-28 20:45:00,0.0,0.02228761836886406
2018-08-27,2018-08-28 21:00:00,0.0,0.025981450453400612
2018-08-27,2018-08-28 21:15:00,0.0,0.03253042697906494
2018-08-27,2018-08-28 21:30:00,0.0,0.0
2018-08-27,2018-08-28 21:45:00,0.0,0.0065645198337733746
2018-08-27,2018-08-28 22:00:00,0.0,0.01798582822084427
2018-08-27,2018-08-28 22:15:00,0.0,0.00020580028649419546
2018-08-27,2018-08-28 22:30:00,0.0,0.023417441174387932
2018-08-27,2018-08-28 22:45:00,0.21796900033950806,0.09992028772830963
2018-08-27,2018-08-28 23:00:00,0.3164060115814209,0.16228315234184265
2018-08-27,2018-08-28 23:15:00,0.3058589994907379,0.20917125046253204
2018-08-27,2018-08-28 23:30:00,0.28125,0.3594960570335388
2018-08-27,2018-08-28 23:45:00,0.4007810056209564,0.4766734838485718
2018-08-28,2018-08-29 00:00:00,0.28828099370002747,0.683834969997406
2018-08-28,2018-08-29 00:15:00,0.5203120112419128,0.8701286911964417
2018-08-28,2018-08-29 00:30:00,0.7593749761581421,1.1032341718673706
2018-08-28,2018-08-29 00:45:00,1.0863280296325684,1.3466318845748901
2018-08-28,2018-08-29 01:00:00,1.3816410303115845,1.5483336448669434
2018-08-28,2018-08-29 01:15:00,2.566406011581421,1.726460337638855
2018-08-28,2018-08-29 01:30:00,2.3871090412139893,1.9528882503509521
2018-08-28,2018-08-29 01:45:00,2.292186975479126,2.129737138748169
2018-08-28,2018-08-29 02:00:00,2.4398438930511475,2.269634962081909
2018-08-28,2018-08-29 02:15:00,2.759766101837158,2.488513946533203
2018-08-28,2018-08-29 02:30:00,3.7828121185302734,2.582759380340576
2018-08-28,2018-08-29 02:45:00,3.786328077316284,2.695202112197876
2018-08-28,2018-08-29 03:00:00,3.7722649574279785,2.7968993186950684
2018-08-28,2018-08-29 03:15:00,3.638672113418579,2.8312180042266846
2018-08-28,2018-08-29 03:30:00,3.7546870708465576,2.859107255935669
2018-08-28,2018-08-29 03:45:00,3.779297113418579,2.975240468978882
2018-08-28,2018-08-29 04:00:00,3.67031192779541,2.9784610271453857
2018-08-28,2018-08-29 04:15:00,3.6140620708465576,2.9607040882110596
2018-08-28,2018-08-29 04:30:00,3.726562023162842,2.9898629188537598
2018-08-28,2018-08-29 04:45:00,3.2941410541534424,2.934453010559082
2018-08-28,2018-08-29 05:00:00,3.5753910541534424,2.897780418395996
2018-08-28,2018-08-29 05:15:00,3.462891101837158,2.844543695449829
2018-08-28,2018-08-29 05:30:00,3.3292970657348633,2.7516720294952393
2018-08-28,2018-08-29 05:45:00,3.4382810592651367,2.7294528484344482
2018-08-28,2018-08-29 06:00:00,3.5894529819488525,2.6747775077819824
2018-08-28,2018-08-29 06:15:00,3.5015621185302734,2.4922947883605957
2018-08-28,2018-08-29 06:30:00,3.375,2.3463833332061768
2018-08-28,2018-08-29 06:45:00,3.2554690837860107,2.257779836654663
2018-08-28,2018-08-29 07:00:00,3.086719036102295,2.1335813999176025
2018-08-28,2018-08-29 07:15:00,2.924999952316284,2.009969711303711
2018-08-28,2018-08-29 07:30:00,2.682421922683716,1.900998592376709
2018-08-28,2018-08-29 07:45:00,2.460937976837158,1.7419366836547852
2018-08-28,2018-08-29 08:00:00,2.197266101837158,1.5687559843063354
2018-08-28,2018-08-29 08:15:00,1.9828120470046997,1.4279377460479736
2018-08-28,2018-08-29 08:30:00,1.694530963897705,1.3093492984771729
2018-08-28,2018-08-29 08:45:00,1.3957029581069946,1.1522830724716187
2018-08-28,2018-08-29 09:00:00,1.1988279819488525,0.9471691846847534
2018-08-28,2018-08-29 09:15:00,0.9492189884185791,0.7765740752220154
2018-08-28,2018-08-29 09:30:00,0.7207030057907104,0.6398279070854187
2018-08-28,2018-08-29 09:45:00,0.4886719882488251,0.5297595858573914
2018-08-28,2018-08-29 10:00:00,0.3164060115814209,0.428791344165802
2018-08-28,2018-08-29 10:15:00,0.17226600646972656,0.3115694224834442
2018-08-28,2018-08-29 10:30:00,0.03867200016975403,0.23837992548942566
2018-08-28,2018-08-29 10:45:00,0.0,0.16901420056819916
2018-08-28,2018-08-29 11:00:00,0.0,0.10603590309619904
2018-08-28,2018-08-29 11:15:00,0.0,0.12186823785305023
2018-08-28,2018-08-29 11:30:00,0.0,0.06270630657672882
2018-08-28,2018-08-29 11:45:00,0.0,0.03240147605538368
2018-08-28,2018-08-29 12:00:00,0.0,0.04999494552612305
2018-08-28,2018-08-29 12:15:00,0.0,0.06960732489824295
2018-08-28,2018-08-29 12:30:00,0.0,0.06389777362346649
2018-08-28,2018-08-29 12:45:00,0.0,0.0579058900475502
2018-08-28,2018-08-29 13:00:00,0.0,0.07587698101997375
2018-08-28,2018-08-29 13:15:00,0.0,0.04792792722582817
2018-08-28,2018-08-29 13:30:00,0.0,0.035109128803014755
2018-08-28,2018-08-29 13:45:00,0.0,0.03493344411253929
2018-08-28,2018-08-29 14:00:00,0.0,0.005082424264401197
2018-08-28,2018-08-29 14:15:00,0.0,0.010318389162421227
2018-08-28,2018-08-29 14:30:00,0.0,0.006511837709695101
2018-08-28,2018-08-29 14:45:00,0.0,0.0
2018-08-28,2018-08-29 15:00:00,0.0,0.0
2018-08-28,2018-08-29 15:15:00,0.0,0.0
2018-08-28,2018-08-29 15:30:00,0.0,0.0
2018-08-28,2018-08-29 15:45:00,0.0,0.0
2018-08-28,2018-08-29 16:00:00,0.0,0.0
2018-08-28,2018-08-29 16:15:00,0.0,0.0
2018-08-28,2018-08-29 16:30:00,0.0,0.0
2018-08-28,2018-08-29 16:45:00,0.0,0.0
2018-08-28,2018-08-29 17:00:00,0.0,0.03624372184276581
2018-08-28,2018-08-29 17:15:00,0.0,0.005454645492136478
2018-08-28,2018-08-29 17:30:00,0.0,0.05319846794009209
2018-08-28,2018-08-29 17:45:00,0.0,0.06594433635473251
2018-08-28,2018-08-29 18:00:00,0.0,0.056715238839387894
2018-08-28,2018-08-29 18:15:00,0.0,0.04809386283159256
2018-08-28,2018-08-29 18:30:00,0.0,0.07147150486707687
2018-08-28,2018-08-29 18:45:00,0.0,0.07861189544200897
2018-08-28,2018-08-29 19:00:00,0.0,0.08317005634307861
2018-08-28,2018-08-29 19:15:00,0.0,0.048972874879837036
2018-08-28,2018-08-29 19:30:00,0.0,0.034824006259441376
2018-08-28,2018-08-29 19:45:00,0.0,0.0556831993162632
2018-08-28,2018-08-29 20:00:00,0.0,0.05739240348339081
2018-08-28,2018-08-29 20:15:00,0.0,0.013455184176564217
2018-08-28,2018-08-29 20:30:00,0.0,0.011399863287806511
2018-08-28,2018-08-29 20:45:00,0.0,0.0
2018-08-28,2018-08-29 21:00:00,0.0,0.019007468596100807
2018-08-28,2018-08-29 21:15:00,0.0,0.0509052537381649
2018-08-28,2018-08-29 21:30:00,0.0,0.0
2018-08-28,2018-08-29 21:45:00,0.0,0.0637502446770668
2018-08-28,2018-08-29 22:00:00,0.0,0.02909311279654503
2018-08-28,2018-08-29 22:15:00,0.0,0.06865397095680237
2018-08-28,2018-08-29 22:30:00,0.2003909945487976,0.12864939868450165
2018-08-28,2018-08-29 22:45:00,0.34453099966049194,0.21050339937210083
2018-08-28,2018-08-29 23:00:00,0.46406298875808716,0.3392942547798157
2018-08-28,2018-08-29 23:15:00,0.6328120231628418,0.38045036792755127
2018-08-28,2018-08-29 23:30:00,0.9597659707069397,0.5918253064155579
2018-08-28,2018-08-29 23:45:00,0.9140620231628418,0.7131125926971436
2018-08-29,2018-08-30 00:00:00,0.935155987739563,1.2266403436660767
2018-08-29,2018-08-30 00:15:00,0.7347660064697266,1.340038776397705
2018-08-29,2018-08-30 00:30:00,1.694530963897705,1.5157520771026611
2018-08-29,2018-08-30 00:45:00,1.033594012260437,1.695739507675171
2018-08-29,2018-08-30 01:00:00,1.3746089935302734,1.8433200120925903
2018-08-29,2018-08-30 01:15:00,2.348438024520874,1.9156631231307983
2018-08-29,2018-08-30 01:30:00,1.4695310592651367,2.0604381561279297
2018-08-29,2018-08-30 01:45:00,1.5222660303115845,2.1306986808776855
2018-08-29,2018-08-30 02:00:00,1.4378910064697266,2.2173547744750977
2018-08-29,2018-08-30 02:15:00,1.2867189645767212,2.3121554851531982
2018-08-29,2018-08-30 02:30:00,1.1953120231628418,2.3314058780670166
2018-08-29,2018-08-30 02:45:00,1.223436951637268,2.3700673580169678
2018-08-29,2018-08-30 03:00:00,1.821094036102295,2.3789749145507812
2018-08-29,2018-08-30 03:15:00,1.4097659587860107,2.3777432441711426
2018-08-29,2018-08-30 03:30:00,0.9597659707069397,2.3682491779327393
2018-08-29,2018-08-30 03:45:00,1.0019530057907104,2.443854570388794
2018-08-29,2018-08-30 04:00:00,0.9984380006790161,2.404536724090576
2018-08-29,2018-08-30 04:15:00,1.2550779581069946,2.3703300952911377
2018-08-29,2018-08-30 04:30:00,1.8914060592651367,2.365781545639038
2018-08-29,2018-08-30 04:45:00,1.3183590173721313,2.3194384574890137
2018-08-29,2018-08-30 05:00:00,1.2445310354232788,2.267253875732422
2018-08-29,2018-08-30 05:15:00,1.3324220180511475,2.1996376514434814
2018-08-29,2018-08-30 05:30:00,1.230468988418579,2.0693435668945312
2018-08-29,2018-08-30 05:45:00,0.9386720061302185,2.027348279953003
2018-08-29,2018-08-30 06:00:00,0.9773439764976501,1.928136944770813
2018-08-29,2018-08-30 06:15:00,1.2867189645767212,1.7559905052185059
2018-08-29,2018-08-30 06:30:00,1.167186975479126,1.5630172491073608
2018-08-29,2018-08-30 06:45:00,1.1636719703674316,1.4377057552337646
2018-08-29,2018-08-30 07:00:00,0.935155987739563,1.251461386680603
2018-08-29,2018-08-30 07:15:00,0.892969012260437,1.071697473526001
2018-08-29,2018-08-30 07:30:00,1.0054689645767212,0.9473389983177185
2018-08-29,2018-08-30 07:45:00,1.8492189645767212,0.8044202923774719
2018-08-29,2018-08-30 08:00:00,1.089843988418579,0.6276230216026306
2018-08-29,2018-08-30 08:15:00,1.4941409826278687,0.4844789206981659
2018-08-29,2018-08-30 08:30:00,0.963280975818634,0.3871515393257141
2018-08-29,2018-08-30 08:45:00,0.5378909707069397,0.3329625129699707
2018-08-29,2018-08-30 09:00:00,0.24960899353027344,0.20246782898902893
2018-08-29,2018-08-30 09:15:00,0.16171899437904358,0.14523331820964813
2018-08-29,2018-08-30 09:30:00,0.042187999933958054,0.119064562022686
2018-08-29,2018-08-30 09:45:00,0.052733998745679855,0.09175685048103333
2018-08-29,2018-08-30 10:00:00,0.010546999983489513,0.07965204864740372
2018-08-29,2018-08-30 10:15:00,0.0,0.03727911412715912
2018-08-29,2018-08-30 10:30:00,0.0,0.016988324001431465
2018-08-29,2018-08-30 10:45:00,0.0,0.03200891241431236
2018-08-29,2018-08-30 11:00:00,0.0,0.011489319615066051
2018-08-29,2018-08-30 11:15:00,0.0,0.02029929682612419
2018-08-29,2018-08-30 11:30:00,0.0,0.0
2018-08-29,2018-08-30 11:45:00,0.0,0.0
2018-08-29,2018-08-30 12:00:00,0.0,0.010017510503530502
2018-08-29,2018-08-30 12:15:00,0.0,0.0
2018-08-29,2018-08-30 12:30:00,0.0,0.0
2018-08-29,2018-08-30 12:45:00,0.0,0.0
2018-08-29,2018-08-30 13:00:00,0.0,0.0024876974057406187
2018-08-29,2018-08-30 13:15:00,0.0,0.0
2018-08-29,2018-08-30 13:30:00,0.0,0.0
2018-08-29,2018-08-30 13:45:00,0.0,0.0
2018-08-29,2018-08-30 14:00:00,0.0,0.0
2018-08-29,2018-08-30 14:15:00,0.0,0.0036755295004695654
2018-08-29,2018-08-30 14:30:00,0.0,0.034681495279073715
2018-08-29,2018-08-30 14:45:00,0.0,0.01704963855445385
2018-08-29,2018-08-30 15:00:00,0.0,0.009571311995387077
2018-08-29,2018-08-30 15:15:00,0.0,0.011575652286410332
2018-08-29,2018-08-30 15:30:00,0.0,0.0
2018-08-29,2018-08-30 15:45:00,0.0,0.0
2018-08-29,2018-08-30 16:00:00,0.0,0.024487636983394623
2018-08-29,2018-08-30 16:15:00,0.0,0.029332945123314857
2018-08-29,2018-08-30 16:30:00,0.0,0.032389722764492035
2018-08-29,2018-08-30 16:45:00,0.0,0.0
2018-08-29,2018-08-30 17:00:00,0.0,0.0442315936088562
2018-08-29,2018-08-30 17:15:00,0.0,0.008213664405047894
2018-08-29,2018-08-30 17:30:00,0.0,0.023984188213944435
2018-08-29,2018-08-30 17:45:00,0.0,0.023883309215307236
2018-08-29,2018-08-30 18:00:00,0.0,0.03475940600037575
2018-08-29,2018-08-30 18:15:00,0.0,0.01858236826956272
2018-08-29,2018-08-30 18:30:00,0.0,0.019673097878694534
2018-08-29,2018-08-30 18:45:00,0.0,0.023407256230711937
2018-08-29,2018-08-30 19:00:00,0.0,0.033829785883426666
2018-08-29,2018-08-30 19:15:00,0.0,0.008363213390111923
2018-08-29,2018-08-30 19:30:00,0.0,0.0
2018-08-29,2018-08-30 19:45:00,0.0,0.0
2018-08-29,2018-08-30 20:00:00,0.0,0.0
2018-08-29,2018-08-30 20:15:00,0.0,0.0
2018-08-29,2018-08-30 20:30:00,0.0,0.0
2018-08-29,2018-08-30 20:45:00,0.0,0.0
2018-08-29,2018-08-30 21:00:00,0.0,0.0
2018-08-29,2018-08-30 21:15:00,0.0,0.0
2018-08-29,2018-08-30 21:30:00,0.0,0.0
2018-08-29,2018-08-30 21:45:00,0.0,0.02268141321837902
2018-08-29,2018-08-30 22:00:00,0.0,0.07256826758384705
2018-08-29,2018-08-30 22:15:00,0.0,0.09746767580509186
2018-08-29,2018-08-30 22:30:00,0.024608999490737915,0.1399693638086319
2018-08-29,2018-08-30 22:45:00,0.07734400033950806,0.2527642250061035
2018-08-29,2018-08-30 23:00:00,0.26367199420928955,0.3447017967700958
2018-08-29,2018-08-30 23:15:00,0.23906299471855164,0.42621731758117676
2018-08-29,2018-08-30 23:30:00,0.291797012090683,0.5629419684410095
2018-08-29,2018-08-30 23:45:00,0.30937498807907104,0.6926409602165222
2018-08-30,2018-08-31 00:00:00,0.411327987909317,0.4926607608795166
2018-08-30,2018-08-31 00:15:00,0.5730469822883606,0.5364454388618469
2018-08-30,2018-08-31 00:30:00,0.5378909707069397,0.6309893727302551
2018-08-30,2018-08-31 00:45:00,0.4816409945487976,0.6750605702400208
2018-08-30,2018-08-31 01:00:00,1.1285159587860107,0.7677354216575623
2018-08-30,2018-08-31 01:15:00,1.1917970180511475,0.8137469291687012
2018-08-30,2018-08-31 01:30:00,1.2761720418930054,0.9290498495101929
2018-08-30,2018-08-31 01:45:00,0.5695310235023499,0.9988077878952026
2018-08-30,2018-08-31 02:00:00,0.4675779938697815,1.074905276298523
2018-08-30,2018-08-31 02:15:00,0.48515599966049194,1.1492761373519897
2018-08-30,2018-08-31 02:30:00,0.9667969942092896,1.2115503549575806
2018-08-30,2018-08-31 02:45:00,1.8175779581069946,1.261229395866394
2018-08-30,2018-08-31 03:00:00,2.091797113418579,1.3319143056869507
2018-08-30,2018-08-31 03:15:00,1.722656011581421,1.3527764081954956
2018-08-30,2018-08-31 03:30:00,1.0933589935302734,1.4203873872756958
2018-08-30,2018-08-31 03:45:00,1.1460939645767212,1.4797836542129517
2018-08-30,2018-08-31 04:00:00,1.364061951637268,1.451034665107727
2018-08-30,2018-08-31 04:15:00,1.3746089935302734,1.4435979127883911
2018-08-30,2018-08-31 04:30:00,1.132030963897705,1.427849531173706
2018-08-30,2018-08-31 04:45:00,0.5800780057907104,1.4217840433120728
2018-08-30,2018-08-31 05:00:00,0.7875000238418579,1.4151164293289185
2018-08-30,2018-08-31 05:15:00,0.7101560235023499,1.4113503694534302
2018-08-30,2018-08-31 05:30:00,0.5554689764976501,1.3423869609832764
2018-08-30,2018-08-31 05:45:00,0.6328120231628418,1.3887913227081299
2018-08-30,2018-08-31 06:00:00,1.1109369993209839,1.3774967193603516
2018-08-30,2018-08-31 06:15:00,1.082811951637268,1.2962520122528076
2018-08-30,2018-08-31 06:30:00,0.9210940003395081,1.2320936918258667
2018-08-30,2018-08-31 06:45:00,0.8402339816093445,1.2351750135421753
2018-08-30,2018-08-31 07:00:00,0.6398440003395081,1.1644706726074219
2018-08-30,2018-08-31 07:15:00,0.7628909945487976,1.0814622640609741
2018-08-30,2018-08-31 07:30:00,0.8789060115814209,1.065701961517334
2018-08-30,2018-08-31 07:45:00,0.6292970180511475,0.9877306818962097
2018-08-30,2018-08-31 08:00:00,0.4464839994907379,0.8820425271987915
2018-08-30,2018-08-31 08:15:00,0.3621090054512024,0.8054546117782593
2018-08-30,2018-08-31 08:30:00,0.37968701124191284,0.7065554857254028
2018-08-30,2018-08-31 08:45:00,0.42890599370002747,0.63192218542099
2018-08-30,2018-08-31 09:00:00,0.3023439943790436,0.5659692287445068
2018-08-30,2018-08-31 09:15:00,0.21445299685001373,0.4743165373802185
2018-08-30,2018-08-31 09:30:00,0.18984399735927582,0.37265780568122864
2018-08-30,2018-08-31 09:45:00,0.049219001084566116,0.3262440860271454
2018-08-30,2018-08-31 10:00:00,0.049219001084566116,0.2832460105419159
2018-08-30,2018-08-31 10:15:00,0.010546999983489513,0.21546193957328796
2018-08-30,2018-08-31 10:30:00,0.0,0.18194347620010376
2018-08-30,2018-08-31 10:45:00,0.0,0.1133815348148346
2018-08-30,2018-08-31 11:00:00,0.0,0.08349429816007614
2018-08-30,2018-08-31 11:15:00,0.0,0.036222342401742935
2018-08-30,2018-08-31 11:30:00,0.0,0.001175652607344091
2018-08-30,2018-08-31 11:45:00,0.0,0.03133641183376312
2018-08-30,2018-08-31 12:00:00,0.0,0.02526863105595112
2018-08-30,2018-08-31 12:15:00,0.0,0.0
2018-08-30,2018-08-31 12:30:00,0.0,0.0020999307744205
2018-08-30,2018-08-31 12:45:00,0.0,0.0
2018-08-30,2018-08-31 13:00:00,0.0,5.777622573077679e-05
2018-08-30,2018-08-31 13:15:00,0.0,0.0
2018-08-30,2018-08-31 13:30:00,0.0,0.0
2018-08-30,2018-08-31 13:45:00,0.0,0.0
2018-08-30,2018-08-31 14:00:00,0.0,0.0
2018-08-30,2018-08-31 14:15:00,0.0,0.0
2018-08-30,2018-08-31 14:30:00,0.0,0.0
2018-08-30,2018-08-31 14:45:00,0.0,0.0
2018-08-30,2018-08-31 15:00:00,0.0,0.0
2018-08-30,2018-08-31 15:15:00,0.0,0.0
2018-08-30,2018-08-31 15:30:00,0.0,0.0
2018-08-30,2018-08-31 15:45:00,0.0,0.008352138102054596
2018-08-30,2018-08-31 16:00:00,0.0,0.019307851791381836
2018-08-30,2018-08-31 16:15:00,0.0,0.03241771459579468
2018-08-30,2018-08-31 16:30:00,0.0,0.0065989005379378796
2018-08-30,2018-08-31 16:45:00,0.0,0.018367402255535126
2018-08-30,2018-08-31 17:00:00,0.0,0.035064611583948135
2018-08-30,2018-08-31 17:15:00,0.0,0.019804170355200768
2018-08-30,2018-08-31 17:30:00,0.0,0.009493199177086353
2018-08-30,2018-08-31 17:45:00,0.0,0.014737609773874283
2018-08-30,2018-08-31 18:00:00,0.0,0.0015549929812550545
2018-08-30,2018-08-31 18:15:00,0.0,0.0
2018-08-30,2018-08-31 18:30:00,0.0,0.0
2018-08-30,2018-08-31 18:45:00,0.0,0.0030745661351829767
2018-08-30,2018-08-31 19:00:00,0.0,0.0
2018-08-30,2018-08-31 19:15:00,0.0,0.010807013139128685
2018-08-30,2018-08-31 19:30:00,0.0,0.025076646357774734
2018-08-30,2018-08-31 19:45:00,0.0,0.038972143083810806
2018-08-30,2018-08-31 20:00:00,0.0,0.03864284232258797
2018-08-30,2018-08-31 20:15:00,0.0,0.01682990789413452
2018-08-30,2018-08-31 20:30:00,0.0,0.021779606118798256
2018-08-30,2018-08-31 20:45:00,0.0,0.019566848874092102
2018-08-30,2018-08-31 21:00:00,0.0,0.019875463098287582
2018-08-30,2018-08-31 21:15:00,0.0,0.038008853793144226
2018-08-30,2018-08-31 21:30:00,0.0,0.0
2018-08-30,2018-08-31 21:45:00,0.0,0.0
2018-08-30,2018-08-31 22:00:00,0.0,0.0
2018-08-30,2018-08-31 22:15:00,0.0,0.0
2018-08-30,2018-08-31 22:30:00,0.0,0.029370803385972977
2018-08-30,2018-08-31 22:45:00,0.052733998745679855,0.03269215673208237
2018-08-30,2018-08-31 23:00:00,0.0703120008111,0.0622243694961071
2018-08-30,2018-08-31 23:15:00,0.25312501192092896,0.11894446611404419
2018-08-30,2018-08-31 23:30:00,0.4570310115814209,0.19596606492996216
2018-08-30,2018-08-31 23:45:00,0.7910159826278687,0.2722322642803192
2018-11-23,2018-11-24 00:00:00,0.2566410005092621,0.19838352501392365
2018-11-23,2018-11-24 00:15:00,0.42539098858833313,0.26446768641471863
2018-11-23,2018-11-24 00:30:00,0.6503909826278687,0.3586580753326416
2018-11-23,2018-11-24 00:45:00,0.794530987739563,0.47310924530029297
2018-11-23,2018-11-24 01:00:00,1.1039060354232788,0.6095006465911865
2018-11-23,2018-11-24 01:15:00,1.3253910541534424,0.7296639084815979
2018-11-23,2018-11-24 01:30:00,1.490625023841858,0.9058075547218323
2018-11-23,2018-11-24 01:45:00,1.694530963897705,1.0215948820114136
2018-11-23,2018-11-24 02:00:00,1.835155963897705,1.2001992464065552
2018-11-23,2018-11-24 02:15:00,2.144531011581421,1.3791632652282715
2018-11-23,2018-11-24 02:30:00,2.3132810592651367,1.4942532777786255
2018-11-23,2018-11-24 02:45:00,2.513672113418579,1.6239408254623413
2018-11-23,2018-11-24 03:00:00,2.636718988418579,1.7495437860488892
2018-11-23,2018-11-24 03:15:00,2.805469036102295,1.8441518545150757
2018-11-23,2018-11-24 03:30:00,2.8863279819488525,1.9297668933868408
2018-11-23,2018-11-24 03:45:00,2.9039061069488525,2.0503811836242676
2018-11-23,2018-11-24 04:00:00,2.9390621185302734,2.072307825088501
2018-11-23,2018-11-24 04:15:00,2.9496090412139893,2.072951078414917
2018-11-23,2018-11-24 04:30:00,2.865233898162842,2.078155517578125
2018-11-23,2018-11-24 04:45:00,2.707031011581421,2.009546995162964
2018-11-23,2018-11-24 05:00:00,2.82656192779541,1.9775804281234741
2018-11-23,2018-11-24 05:15:00,2.68593692779541,1.8931549787521362
2018-11-23,2018-11-24 05:30:00,2.3695309162139893,1.7834218740463257
2018-11-23,2018-11-24 05:45:00,2.242969036102295,1.695754051208496
2018-11-23,2018-11-24 06:00:00,2.1867189407348633,1.5337759256362915
2018-11-23,2018-11-24 06:15:00,1.6664060354232788,1.3786847591400146
2018-11-23,2018-11-24 06:30:00,1.6488280296325684,1.2035698890686035
2018-11-23,2018-11-24 06:45:00,1.5328119993209839,1.050844669342041
2018-11-23,2018-11-24 07:00:00,1.314844012260437,0.8711109757423401
2018-11-23,2018-11-24 07:15:00,1.2937500476837158,0.6752409934997559
2018-11-23,2018-11-24 07:30:00,0.39375001192092896,0.5442355275154114
2018-11-23,2018-11-24 07:45:00,0.40781301259994507,0.4232102036476135
2018-11-23,2018-11-24 08:00:00,0.5625,0.2851477265357971
2018-11-23,2018-11-24 08:15:00,0.2355470061302185,0.17209339141845703
2018-11-23,2018-11-24 08:30:00,0.1054690033197403,0.10299354046583176
2018-11-23,2018-11-24 08:45:00,0.007031000219285488,0.036551810801029205
2018-11-23,2018-11-24 09:00:00,0.0,0.0
2018-11-23,2018-11-24 09:15:00,0.0,0.0
2018-11-23,2018-11-24 09:30:00,0.0,0.0
2018-11-23,2018-11-24 09:45:00,0.0,0.0
2018-11-23,2018-11-24 10:00:00,0.0,0.015142648480832577
2018-11-23,2018-11-24 10:15:00,0.0,0.010495302267372608
2018-11-23,2018-11-24 10:30:00,0.0,0.02390093170106411
2018-11-23,2018-11-24 10:45:00,0.0,0.01484085526317358
2018-11-23,2018-11-24 11:00:00,0.0,0.05950162187218666
2018-11-23,2018-11-24 11:15:00,0.0,0.052534524351358414
2018-11-23,2018-11-24 11:30:00,0.0,0.06425802409648895
2018-11-23,2018-11-24 11:45:00,0.0,0.05277865380048752
2018-11-23,2018-11-24 12:00:00,0.0,0.05917493253946304
2018-11-23,2018-11-24 12:15:00,0.0,0.04301341995596886
2018-11-23,2018-11-24 12:30:00,0.0,0.0014523856807500124
2018-11-23,2018-11-24 12:45:00,0.0,0.0
2018-11-23,2018-11-24 13:00:00,0.0,0.0
2018-11-23,2018-11-24 13:15:00,0.0,0.0
2018-11-23,2018-11-24 13:30:00,0.0,0.0
2018-11-23,2018-11-24 13:45:00,0.0,0.0
2018-11-23,2018-11-24 14:00:00,0.0,0.0
2018-11-23,2018-11-24 14:15:00,0.0,0.0
2018-11-23,2018-11-24 14:30:00,0.0,0.0
2018-11-23,2018-11-24 14:45:00,0.0,0.007458974607288837
2018-11-23,2018-11-24 15:00:00,0.0,0.0
2018-11-23,2018-11-24 15:15:00,0.0,0.021951783448457718
2018-11-23,2018-11-24 15:30:00,0.0,0.016057636588811874
2018-11-23,2018-11-24 15:45:00,0.0,0.02958439663052559
2018-11-23,2018-11-24 16:00:00,0.0,0.019694814458489418
2018-11-23,2018-11-24 16:15:00,0.0,0.03521358594298363
2018-11-23,2018-11-24 16:30:00,0.0,0.024830199778079987
2018-11-23,2018-11-24 16:45:00,0.0,0.01594936102628708
2018-11-23,2018-11-24 17:00:00,0.0,0.0015251798322424293
2018-11-23,2018-11-24 17:15:00,0.0,0.0
2018-11-23,2018-11-24 17:30:00,0.0,0.0
2018-11-23,2018-11-24 17:45:00,0.0,0.0
2018-11-23,2018-11-24 18:00:00,0.0,0.003999446053057909
2018-11-23,2018-11-24 18:15:00,0.0,0.010291919112205505
2018-11-23,2018-11-24 18:30:00,0.0,0.0
2018-11-23,2018-11-24 18:45:00,0.0,0.0
2018-11-23,2018-11-24 19:00:00,0.0,0.03400636091828346
2018-11-23,2018-11-24 19:15:00,0.0,0.0003728386654984206
2018-11-23,2018-11-24 19:30:00,0.0,0.0
2018-11-23,2018-11-24 19:45:00,0.0,0.03292238712310791
2018-11-23,2018-11-24 20:00:00,0.0,0.03205069154500961
2018-11-23,2018-11-24 20:15:00,0.0,0.009821493178606033
2018-11-23,2018-11-24 20:30:00,0.0,0.02558155171573162
2018-11-23,2018-11-24 20:45:00,0.0,0.019754070788621902
2018-11-23,2018-11-24 21:00:00,0.0,0.0
2018-11-23,2018-11-24 21:15:00,0.0,0.0
2018-11-23,2018-11-24 21:30:00,0.0,0.0
2018-11-23,2018-11-24 21:45:00,0.0,0.0
2018-11-23,2018-11-24 22:00:00,0.0,0.0
2018-11-23,2018-11-24 22:15:00,0.0,0.0
2018-11-23,2018-11-24 22:30:00,0.0,0.0
2018-11-23,2018-11-24 22:45:00,0.0,0.0
2018-11-23,2018-11-24 23:00:00,0.0,0.0
2018-11-23,2018-11-24 23:15:00,0.0,0.0
2018-11-23,2018-11-24 23:30:00,0.04570300132036209,0.010767344385385513
2018-11-23,2018-11-24 23:45:00,0.140625,0.06997442990541458
2018-11-24,2018-11-25 00:00:00,0.27421900629997253,0.41940027475357056
2018-11-24,2018-11-25 00:15:00,0.4816409945487976,0.5483944416046143
2018-11-24,2018-11-25 00:30:00,0.7066410183906555,0.7068246006965637
2018-11-24,2018-11-25 00:45:00,0.9210940003395081,0.9004150032997131
2018-11-24,2018-11-25 01:00:00,1.1039060354232788,1.098533272743225
2018-11-24,2018-11-25 01:15:00,1.2550779581069946,1.2673770189285278
2018-11-24,2018-11-25 01:30:00,1.4835939407348633,1.4591907262802124
2018-11-24,2018-11-25 01:45:00,1.6875,1.6296892166137695
2018-11-24,2018-11-25 02:00:00,1.877344012260437,1.810837745666504
2018-11-24,2018-11-25 02:15:00,2.1128900051116943,2.0114266872406006
2018-11-24,2018-11-25 02:30:00,2.3167970180511475,2.1329009532928467
2018-11-24,2018-11-25 02:45:00,2.4996089935302734,2.2395527362823486
2018-11-24,2018-11-25 03:00:00,2.5875000953674316,2.3663017749786377
2018-11-24,2018-11-25 03:15:00,2.636718988418579,2.452953815460205
2018-11-24,2018-11-25 03:30:00,2.7527339458465576,2.5143795013427734
2018-11-24,2018-11-25 03:45:00,2.7703120708465576,2.605201244354248
2018-11-24,2018-11-25 04:00:00,2.7914059162139893,2.6003942489624023
2018-11-24,2018-11-25 04:15:00,2.7562499046325684,2.5672500133514404
2018-11-24,2018-11-25 04:30:00,2.7562499046325684,2.5731656551361084
2018-11-24,2018-11-25 04:45:00,2.654297113418579,2.466587781906128
2018-11-24,2018-11-25 05:00:00,2.559375047683716,2.403775215148926
2018-11-24,2018-11-25 05:15:00,2.401171922683716,2.2894704341888428
2018-11-24,2018-11-25 05:30:00,2.2289059162139893,2.1738414764404297
2018-11-24,2018-11-25 05:45:00,2.116405963897705,2.0422046184539795
2018-11-24,2018-11-25 06:00:00,2.003906011581421,1.8799060583114624
2018-11-24,2018-11-25 06:15:00,1.7683589458465576,1.6805657148361206
2018-11-24,2018-11-25 06:30:00,1.6066410541534424,1.483776330947876
2018-11-24,2018-11-25 06:45:00,1.4097659587860107,1.3106149435043335
2018-11-24,2018-11-25 07:00:00,1.1847660541534424,1.1027653217315674
2018-11-24,2018-11-25 07:15:00,1.0054689645767212,0.8834429383277893
2018-11-24,2018-11-25 07:30:00,0.7875000238418579,0.7359136343002319
2018-11-24,2018-11-25 07:45:00,0.5976560115814209,0.5999516844749451
2018-11-24,2018-11-25 08:00:00,0.41835901141166687,0.4335692226886749
2018-11-24,2018-11-25 08:15:00,0.2566410005092621,0.30764785408973694
2018-11-24,2018-11-25 08:30:00,0.13710899651050568,0.2149914801120758
2018-11-24,2018-11-25 08:45:00,0.02812499925494194,0.12073664367198944
2018-11-24,2018-11-25 09:00:00,0.0,0.044392600655555725
2018-11-24,2018-11-25 09:15:00,0.0,0.03007267601788044
2018-11-24,2018-11-25 09:30:00,0.0,0.006861810572445393
2018-11-24,2018-11-25 09:45:00,0.0,0.0
2018-11-24,2018-11-25 10:00:00,0.0,0.004135750234127045
2018-11-24,2018-11-25 10:15:00,0.0,0.0005056294030509889
2018-11-24,2018-11-25 10:30:00,0.0,0.003560906508937478
2018-11-24,2018-11-25 10:45:00,0.0,0.0
2018-11-24,2018-11-25 11:00:00,0.0,0.02701612375676632
2018-11-24,2018-11-25 11:15:00,0.0,0.01069825328886509
2018-11-24,2018-11-25 11:30:00,0.0,0.022501042112708092
2018-11-24,2018-11-25 11:45:00,0.0,0.011394905857741833
2018-11-24,2018-11-25 12:00:00,0.0,0.023156899958848953
2018-11-24,2018-11-25 12:15:00,0.0,0.020071156322956085
2018-11-24,2018-11-25 12:30:00,0.0,0.014483627863228321
2018-11-24,2018-11-25 12:45:00,0.0,0.0053248279727995396
2018-11-24,2018-11-25 13:00:00,0.0,0.03215888887643814
2018-11-24,2018-11-25 13:15:00,0.0,0.006775618996471167
2018-11-24,2018-11-25 13:30:00,0.0,0.02715662121772766
2018-11-24,2018-11-25 13:45:00,0.0,0.017506731674075127
2018-11-24,2018-11-25 14:00:00,0.0,0.00459650531411171
2018-11-24,2018-11-25 14:15:00,0.0,0.007417104672640562
2018-11-24,2018-11-25 14:30:00,0.0,0.01267671026289463
2018-11-24,2018-11-25 14:45:00,0.0,0.04667587950825691
2018-11-24,2018-11-25 15:00:00,0.0,0.008161753416061401
2018-11-24,2018-11-25 15:15:00,0.0,0.030155273154377937
2018-11-24,2018-11-25 15:30:00,0.0,0.011806420981884003
2018-11-24,2018-11-25 15:45:00,0.0,0.023169096559286118
2018-11-24,2018-11-25 16:00:00,0.0,0.0023743698839098215
2018-11-24,2018-11-25 16:15:00,0.0,0.03253582492470741
2018-11-24,2018-11-25 16:30:00,0.0,0.012868170626461506
2018-11-24,2018-11-25 16:45:00,0.0,0.02341459132730961
2018-11-24,2018-11-25 17:00:00,0.0,4.419499236973934e-05
2018-11-24,2018-11-25 17:15:00,0.0,0.0
2018-11-24,2018-11-25 17:30:00,0.0,0.0
2018-11-24,2018-11-25 17:45:00,0.0,0.008129059337079525
2018-11-24,2018-11-25 18:00:00,0.0,0.014226723462343216
2018-11-24,2018-11-25 18:15:00,0.0,0.023616503924131393
2018-11-24,2018-11-25 18:30:00,0.0,0.0
2018-11-24,2018-11-25 18:45:00,0.0,0.021747928112745285
2018-11-24,2018-11-25 19:00:00,0.0,0.05298784002661705
2018-11-24,2018-11-25 19:15:00,0.0,0.02625536359846592
2018-11-24,2018-11-25 19:30:00,0.0,0.024886244907975197
2018-11-24,2018-11-25 19:45:00,0.0,0.04278556630015373
2018-11-24,2018-11-25 20:00:00,0.0,0.04233166202902794
2018-11-24,2018-11-25 20:15:00,0.0,0.03974394127726555
2018-11-24,2018-11-25 20:30:00,0.0,0.02746647782623768
2018-11-24,2018-11-25 20:45:00,0.0,0.004629950039088726
2018-11-24,2018-11-25 21:00:00,0.0,0.0
2018-11-24,2018-11-25 21:15:00,0.0,0.0
2018-11-24,2018-11-25 21:30:00,0.0,0.0
2018-11-24,2018-11-25 21:45:00,0.0,0.0
2018-11-24,2018-11-25 22:00:00,0.0,0.0
2018-11-24,2018-11-25 22:15:00,0.0,0.0
2018-11-24,2018-11-25 22:30:00,0.0,0.0
2018-11-24,2018-11-25 22:45:00,0.0,0.0
2018-11-24,2018-11-25 23:00:00,0.0,0.0
2018-11-24,2018-11-25 23:15:00,0.0,0.0
2018-11-24,2018-11-25 23:30:00,0.0,0.05860548093914986
2018-11-24,2018-11-25 23:45:00,0.09843800216913223,0.13922256231307983
2018-11-25,2018-11-26 00:00:00,0.22499999403953552,0.3323765993118286
2018-11-25,2018-11-26 00:15:00,0.3550780117511749,0.4796147644519806
2018-11-25,2018-11-26 00:30:00,0.5378909707069397,0.6325324177742004
2018-11-25,2018-11-26 00:45:00,0.7347660064697266,0.8548296689987183
2018-11-25,2018-11-26 01:00:00,1.1777340173721313,1.095620036125183
2018-11-25,2018-11-26 01:15:00,1.209375023841858,1.2883026599884033
2018-11-25,2018-11-26 01:30:00,1.167186975479126,1.5664677619934082
2018-11-25,2018-11-26 01:45:00,1.3605469465255737,1.7661014795303345
2018-11-25,2018-11-26 02:00:00,1.4835939407348633,2.0089893341064453
2018-11-25,2018-11-26 02:15:00,1.2339839935302734,2.253145694732666
2018-11-25,2018-11-26 02:30:00,1.9863280057907104,2.4143576622009277
2018-11-25,2018-11-26 02:45:00,1.9441410303115845,2.569260835647583
2018-11-25,2018-11-26 03:00:00,2.010936975479126,2.7418289184570312
2018-11-25,2018-11-26 03:15:00,2.119921922683716,2.853482723236084
2018-11-25,2018-11-26 03:30:00,2.1304690837860107,2.950345039367676
2018-11-25,2018-11-26 03:45:00,2.320312023162842,3.0568554401397705
2018-11-25,2018-11-26 04:00:00,2.278125047683716,3.065565824508667
2018-11-25,2018-11-26 04:15:00,2.366015911102295,3.0465080738067627
2018-11-25,2018-11-26 04:30:00,2.144531011581421,3.0202696323394775
2018-11-25,2018-11-26 04:45:00,2.583983898162842,2.92329740524292
2018-11-25,2018-11-26 05:00:00,2.4679689407348633,2.863795042037964
2018-11-25,2018-11-26 05:15:00,2.3343749046325684,2.719900131225586
2018-11-25,2018-11-26 05:30:00,1.9828120470046997,2.561953544616699
2018-11-25,2018-11-26 05:45:00,1.9722659587860107,2.453120231628418
2018-11-25,2018-11-26 06:00:00,1.722656011581421,2.2289958000183105
2018-11-25,2018-11-26 06:15:00,1.6664060354232788,2.040040969848633
2018-11-25,2018-11-26 06:30:00,0.7734379768371582,1.7914427518844604
2018-11-25,2018-11-26 06:45:00,0.9703119993209839,1.5971770286560059
2018-11-25,2018-11-26 07:00:00,0.6187499761581421,1.3754634857177734
2018-11-25,2018-11-26 07:15:00,0.6644530296325684,1.118077278137207
2018-11-25,2018-11-26 07:30:00,0.47460898756980896,0.9561797380447388
2018-11-25,2018-11-26 07:45:00,0.33398398756980896,0.8173980712890625
2018-11-25,2018-11-26 08:00:00,0.27773401141166687,0.5840249061584473
2018-11-25,2018-11-26 08:15:00,0.14765599370002747,0.44492992758750916
2018-11-25,2018-11-26 08:30:00,0.06328099966049194,0.35822758078575134
2018-11-25,2018-11-26 08:45:00,0.0,0.22324800491333008
2018-11-25,2018-11-26 09:00:00,0.0,0.1185106411576271
2018-11-25,2018-11-26 09:15:00,0.0,0.09722360968589783
2018-11-25,2018-11-26 09:30:00,0.0,0.052661292254924774
2018-11-25,2018-11-26 09:45:00,0.0,0.029665600508451462
2018-11-25,2018-11-26 10:00:00,0.0,0.028840072453022003
2018-11-25,2018-11-26 10:15:00,0.0,0.012373795732855797
2018-11-25,2018-11-26 10:30:00,0.0,0.0031659086234867573
2018-11-25,2018-11-26 10:45:00,0.0,0.0
2018-11-25,2018-11-26 11:00:00,0.0,0.004141510929912329
2018-11-25,2018-11-26 11:15:00,0.0,0.0
2018-11-25,2018-11-26 11:30:00,0.0,0.0026376417372375727
2018-11-25,2018-11-26 11:45:00,0.0,0.0009198288316838443
2018-11-25,2018-11-26 12:00:00,0.0,0.010071314871311188
2018-11-25,2018-11-26 12:15:00,0.0,0.011630581691861153
2018-11-25,2018-11-26 12:30:00,0.0,0.0
2018-11-25,2018-11-26 12:45:00,0.0,0.0
2018-11-25,2018-11-26 13:00:00,0.0,0.0014347437536343932
2018-11-25,2018-11-26 13:15:00,0.0,0.0
2018-11-25,2018-11-26 13:30:00,0.0,0.0
2018-11-25,2018-11-26 13:45:00,0.0,0.012485682033002377
2018-11-25,2018-11-26 14:00:00,0.0,0.011666448786854744
2018-11-25,2018-11-26 14:15:00,0.0,0.020924383774399757
2018-11-25,2018-11-26 14:30:00,0.0,0.01996941864490509
2018-11-25,2018-11-26 14:45:00,0.0,0.04898231104016304
2018-11-25,2018-11-26 15:00:00,0.0,0.02186739072203636
2018-11-25,2018-11-26 15:15:00,0.0,0.05712607130408287
2018-11-25,2018-11-26 15:30:00,0.0,0.035434406250715256
2018-11-25,2018-11-26 15:45:00,0.0,0.044838495552539825
2018-11-25,2018-11-26 16:00:00,0.0,0.026082905009388924
2018-11-25,2018-11-26 16:15:00,0.0,0.054399602115154266
2018-11-25,2018-11-26 16:30:00,0.0,0.044158246368169785
2018-11-25,2018-11-26 16:45:00,0.0,0.020093711093068123
2018-11-25,2018-11-26 17:00:00,0.0,0.023436164483428
2018-11-25,2018-11-26 17:15:00,0.0,0.004362691659480333
2018-11-25,2018-11-26 17:30:00,0.0,0.0
2018-11-25,2018-11-26 17:45:00,0.0,0.0
2018-11-25,2018-11-26 18:00:00,0.0,0.017024042084813118
2018-11-25,2018-11-26 18:15:00,0.0,0.005975973792374134
2018-11-25,2018-11-26 18:30:00,0.0,0.0
2018-11-25,2018-11-26 18:45:00,0.0,0.018330665305256844
2018-11-25,2018-11-26 19:00:00,0.0,0.03923634812235832
2018-11-25,2018-11-26 19:15:00,0.0,0.014733320102095604
2018-11-25,2018-11-26 19:30:00,0.0,0.0
2018-11-25,2018-11-26 19:45:00,0.0,0.043355513364076614
2018-11-25,2018-11-26 20:00:00,0.0,0.041839055716991425
2018-11-25,2018-11-26 20:15:00,0.0,0.017093030735850334
2018-11-25,2018-11-26 20:30:00,0.0,0.0
2018-11-25,2018-11-26 20:45:00,0.0,0.0
2018-11-25,2018-11-26 21:00:00,0.0,0.0
2018-11-25,2018-11-26 21:15:00,0.0,0.0
2018-11-25,2018-11-26 21:30:00,0.0,0.0
2018-11-25,2018-11-26 21:45:00,0.0,0.0
2018-11-25,2018-11-26 22:00:00,0.0,0.0
2018-11-25,2018-11-26 22:15:00,0.0,0.0
2018-11-25,2018-11-26 22:30:00,0.0,0.0
2018-11-25,2018-11-26 22:45:00,0.0,0.0
2018-11-25,2018-11-26 23:00:00,0.0,0.0
2018-11-25,2018-11-26 23:15:00,0.0,0.0
2018-11-25,2018-11-26 23:30:00,0.0,0.011921023018658161
2018-11-25,2018-11-26 23:45:00,0.003515999997034669,0.11743468046188354
2018-11-26,2018-11-27 00:00:00,0.22499999403953552,0.40790265798568726
2018-11-26,2018-11-27 00:15:00,0.38320299983024597,0.5758512616157532
2018-11-26,2018-11-27 00:30:00,0.5027340054512024,0.7640220522880554
2018-11-26,2018-11-27 00:45:00,0.7664059996604919,0.9608153104782104
2018-11-26,2018-11-27 01:00:00,0.9035159945487976,1.1760828495025635
2018-11-26,2018-11-27 01:15:00,1.321874976158142,1.368516206741333
2018-11-26,2018-11-27 01:30:00,1.040624976158142,1.595476746559143
2018-11-26,2018-11-27 01:45:00,1.4695310592651367,1.7731218338012695
2018-11-26,2018-11-27 02:00:00,1.4941409826278687,1.9834986925125122
2018-11-26,2018-11-27 02:15:00,1.778905987739563,2.206902027130127
2018-11-26,2018-11-27 02:30:00,1.835155963897705,2.3376705646514893
2018-11-26,2018-11-27 02:45:00,2.0882809162139893,2.4517412185668945
2018-11-26,2018-11-27 03:00:00,2.0460939407348633,2.5983779430389404
2018-11-26,2018-11-27 03:15:00,2.1656250953674316,2.6756279468536377
2018-11-26,2018-11-27 03:30:00,2.239453077316284,2.749910354614258
2018-11-26,2018-11-27 03:45:00,2.3343749046325684,2.8525660037994385
2018-11-26,2018-11-27 04:00:00,2.4117190837860107,2.845625400543213
2018-11-26,2018-11-27 04:15:00,2.5277340412139893,2.778503656387329
2018-11-26,2018-11-27 04:30:00,2.5171871185302734,2.778153419494629
2018-11-26,2018-11-27 04:45:00,2.6085939407348633,2.625014066696167
2018-11-26,2018-11-27 05:00:00,2.5980470180511475,2.5572400093078613
2018-11-26,2018-11-27 05:15:00,2.520703077316284,2.424158811569214
2018-11-26,2018-11-27 05:30:00,2.137500047683716,2.270639181137085
2018-11-26,2018-11-27 05:45:00,1.835155963897705,2.128901481628418
2018-11-26,2018-11-27 06:00:00,1.6417969465255737,1.914953589439392
2018-11-26,2018-11-27 06:15:00,1.4730470180511475,1.697658658027649
2018-11-26,2018-11-27 06:30:00,1.3113280534744263,1.4824163913726807
2018-11-26,2018-11-27 06:45:00,1.1636719703674316,1.2989286184310913
2018-11-26,2018-11-27 07:00:00,0.935155987739563,1.086342215538025
2018-11-26,2018-11-27 07:15:00,0.8789060115814209,0.8724200129508972
2018-11-26,2018-11-27 07:30:00,0.6152340173721313,0.7050064206123352
2018-11-26,2018-11-27 07:45:00,0.471094012260437,0.578871488571167
2018-11-26,2018-11-27 08:00:00,0.3621090054512024,0.41221532225608826
2018-11-26,2018-11-27 08:15:00,0.3375000059604645,0.2812531888484955
2018-11-26,2018-11-27 08:30:00,0.13359400629997253,0.21622318029403687
2018-11-26,2018-11-27 08:45:00,0.049219001084566116,0.12558220326900482
2018-11-26,2018-11-27 09:00:00,0.0,0.03712029382586479
2018-11-26,2018-11-27 09:15:00,0.0,0.02511962689459324
2018-11-26,2018-11-27 09:30:00,0.0,0.03391649201512337
2018-11-26,2018-11-27 09:45:00,0.0,0.017759082838892937
2018-11-26,2018-11-27 10:00:00,0.0,0.032647158950567245
2018-11-26,2018-11-27 10:15:00,0.0,0.04178449138998985
2018-11-26,2018-11-27 10:30:00,0.0,0.059504032135009766
2018-11-26,2018-11-27 10:45:00,0.0,0.047126058489084244
2018-11-26,2018-11-27 11:00:00,0.0,0.10667163133621216
2018-11-26,2018-11-27 11:15:00,0.0,0.09261306375265121
2018-11-26,2018-11-27 11:30:00,0.0,0.10688642412424088
2018-11-26,2018-11-27 11:45:00,0.0,0.10001857578754425
2018-11-26,2018-11-27 12:00:00,0.0,0.0979771688580513
2018-11-26,2018-11-27 12:15:00,0.0,0.08767790347337723
2018-11-26,2018-11-27 12:30:00,0.0,0.06470568478107452
2018-11-26,2018-11-27 12:45:00,0.0,0.025829292833805084
2018-11-26,2018-11-27 13:00:00,0.0,0.05101504176855087
2018-11-26,2018-11-27 13:15:00,0.0,0.019506368786096573
2018-11-26,2018-11-27 13:30:00,0.0,0.01589391753077507
2018-11-26,2018-11-27 13:45:00,0.0,0.001998362597078085
2018-11-26,2018-11-27 14:00:00,0.0,0.0
2018-11-26,2018-11-27 14:15:00,0.0,0.0
2018-11-26,2018-11-27 14:30:00,0.0,0.0
2018-11-26,2018-11-27 14:45:00,0.0,0.024386828765273094
2018-11-26,2018-11-27 15:00:00,0.0,0.0
2018-11-26,2018-11-27 15:15:00,0.0,0.023427214473485947
2018-11-26,2018-11-27 15:30:00,0.0,0.03969862312078476
2018-11-26,2018-11-27 15:45:00,0.0,0.05329134315252304
2018-11-26,2018-11-27 16:00:00,0.0,0.05179130285978317
2018-11-26,2018-11-27 16:15:00,0.0,0.07430802285671234
2018-11-26,2018-11-27 16:30:00,0.0,0.08610040694475174
2018-11-26,2018-11-27 16:45:00,0.0,0.059856612235307693
2018-11-26,2018-11-27 17:00:00,0.0,0.044236429035663605
2018-11-26,2018-11-27 17:15:00,0.0,0.024108635261654854
2018-11-26,2018-11-27 17:30:00,0.0,0.02537752315402031
2018-11-26,2018-11-27 17:45:00,0.0,0.028268303722143173
2018-11-26,2018-11-27 18:00:00,0.0,0.0423639640212059
2018-11-26,2018-11-27 18:15:00,0.0,0.012863417156040668
2018-11-26,2018-11-27 18:30:00,0.0,0.0
2018-11-26,2018-11-27 18:45:00,0.0,0.00615933770313859
2018-11-26,2018-11-27 19:00:00,0.0,0.047367896884679794
2018-11-26,2018-11-27 19:15:00,0.0,0.0070229400880634785
2018-11-26,2018-11-27 19:30:00,0.0,0.0
2018-11-26,2018-11-27 19:45:00,0.0,0.0343242846429348
2018-11-26,2018-11-27 20:00:00,0.0,0.03640967980027199
2018-11-26,2018-11-27 20:15:00,0.0,0.02721312828361988
2018-11-26,2018-11-27 20:30:00,0.0,0.006983248516917229
2018-11-26,2018-11-27 20:45:00,0.0,0.01607566513121128
2018-11-26,2018-11-27 21:00:00,0.0,0.0
2018-11-26,2018-11-27 21:15:00,0.0,0.0
2018-11-26,2018-11-27 21:30:00,0.0,0.0
2018-11-26,2018-11-27 21:45:00,0.0,0.0
2018-11-26,2018-11-27 22:00:00,0.0,0.0
2018-11-26,2018-11-27 22:15:00,0.0,0.0
2018-11-26,2018-11-27 22:30:00,0.0,0.0
2018-11-26,2018-11-27 22:45:00,0.0,0.0
2018-11-26,2018-11-27 23:00:00,0.0,0.0
2018-11-26,2018-11-27 23:15:00,0.0,0.016895202919840813
2018-11-26,2018-11-27 23:30:00,0.014062000438570976,0.10330911725759506
2018-11-26,2018-11-27 23:45:00,0.10898400098085403,0.1767144501209259
2018-11-27,2018-11-28 00:00:00,0.21445299685001373,0.3509112298488617
2018-11-27,2018-11-28 00:15:00,0.3621090054512024,0.4783102571964264
2018-11-27,2018-11-28 00:30:00,0.5273439884185791,0.6362795233726501
2018-11-27,2018-11-28 00:45:00,0.6996089816093445,0.8444149494171143
2018-11-27,2018-11-28 01:00:00,0.8542969822883606,1.059633493423462
2018-11-27,2018-11-28 01:15:00,1.040624976158142,1.241651177406311
2018-11-27,2018-11-28 01:30:00,1.2796880006790161,1.481001615524292
2018-11-27,2018-11-28 01:45:00,1.4730470180511475,1.6815904378890991
2018-11-27,2018-11-28 02:00:00,1.652343988418579,1.8891382217407227
2018-11-27,2018-11-28 02:15:00,1.821094036102295,2.112469434738159
2018-11-27,2018-11-28 02:30:00,1.9792970418930054,2.2537760734558105
2018-11-27,2018-11-28 02:45:00,2.119921922683716,2.4037129878997803
2018-11-27,2018-11-28 03:00:00,2.1761720180511475,2.5312483310699463
2018-11-27,2018-11-28 03:15:00,2.3238279819488525,2.6207919120788574
2018-11-27,2018-11-28 03:30:00,2.383594036102295,2.7119805812835693
2018-11-27,2018-11-28 03:45:00,2.415234088897705,2.800542116165161
2018-11-27,2018-11-28 04:00:00,2.418750047683716,2.799210786819458
2018-11-27,2018-11-28 04:15:00,2.4820311069488525,2.770922899246216
2018-11-27,2018-11-28 04:30:00,2.4644529819488525,2.748868703842163
2018-11-27,2018-11-28 04:45:00,2.380078077316284,2.644524097442627
2018-11-27,2018-11-28 05:00:00,2.3449220657348633,2.568483829498291
2018-11-27,2018-11-28 05:15:00,2.1937499046325684,2.426429271697998
2018-11-27,2018-11-28 05:30:00,2.074218988418579,2.289806842803955
2018-11-27,2018-11-28 05:45:00,1.9546869993209839,2.1396565437316895
2018-11-27,2018-11-28 06:00:00,1.7648439407348633,1.9384254217147827
2018-11-27,2018-11-28 06:15:00,1.6066410541534424,1.7336207628250122
2018-11-27,2018-11-28 06:30:00,1.5292969942092896,1.5020349025726318
2018-11-27,2018-11-28 06:45:00,1.371093988418579,1.313217282295227
2018-11-27,2018-11-28 07:00:00,1.160156011581421,1.0794211626052856
2018-11-27,2018-11-28 07:15:00,0.9878910183906555,0.8432067036628723
2018-11-27,2018-11-28 07:30:00,0.7839840054512024,0.6693136096000671
2018-11-27,2018-11-28 07:45:00,0.5765630006790161,0.5392616391181946
2018-11-27,2018-11-28 08:00:00,0.42539098858833313,0.33079636096954346
2018-11-27,2018-11-28 08:15:00,0.2601560056209564,0.19724969565868378
2018-11-27,2018-11-28 08:30:00,0.13710899651050568,0.10963179171085358
2018-11-27,2018-11-28 08:45:00,0.03867200016975403,0.02826627716422081
2018-11-27,2018-11-28 09:00:00,0.0,0.0
2018-11-27,2018-11-28 09:15:00,0.0,0.0
2018-11-27,2018-11-28 09:30:00,0.0,0.0
2018-11-27,2018-11-28 09:45:00,0.0,0.0
2018-11-27,2018-11-28 10:00:00,0.0,0.0
2018-11-27,2018-11-28 10:15:00,0.0,0.0
2018-11-27,2018-11-28 10:30:00,0.0,0.0
2018-11-27,2018-11-28 10:45:00,0.0,0.0
2018-11-27,2018-11-28 11:00:00,0.0,0.008931010030210018
2018-11-27,2018-11-28 11:15:00,0.0,0.005945131648331881
2018-11-27,2018-11-28 11:30:00,0.0,0.02510083094239235
2018-11-27,2018-11-28 11:45:00,0.0,0.020651422441005707
2018-11-27,2018-11-28 12:00:00,0.0,0.031178271397948265
2018-11-27,2018-11-28 12:15:00,0.0,0.03622984141111374
2018-11-27,2018-11-28 12:30:00,0.0,0.014767819084227085
2018-11-27,2018-11-28 12:45:00,0.0,0.0
2018-11-27,2018-11-28 13:00:00,0.0,0.01529958937317133
2018-11-27,2018-11-28 13:15:00,0.0,0.00129021389875561
2018-11-27,2018-11-28 13:30:00,0.0,0.0
2018-11-27,2018-11-28 13:45:00,0.0,0.0
2018-11-27,2018-11-28 14:00:00,0.0,0.0
2018-11-27,2018-11-28 14:15:00,0.0,0.0
2018-11-27,2018-11-28 14:30:00,0.0,0.0
2018-11-27,2018-11-28 14:45:00,0.0,0.025144604966044426
2018-11-27,2018-11-28 15:00:00,0.0,0.0
2018-11-27,2018-11-28 15:15:00,0.0,0.013599609956145287
2018-11-27,2018-11-28 15:30:00,0.0,0.0
2018-11-27,2018-11-28 15:45:00,0.0,0.01388163585215807
2018-11-27,2018-11-28 16:00:00,0.0,0.0024674611631780863
2018-11-27,2018-11-28 16:15:00,0.0,0.021038318052887917
2018-11-27,2018-11-28 16:30:00,0.0,0.02249918133020401
2018-11-27,2018-11-28 16:45:00,0.0,0.007444901391863823
2018-11-27,2018-11-28 17:00:00,0.0,0.0
2018-11-27,2018-11-28 17:15:00,0.0,0.0
2018-11-27,2018-11-28 17:30:00,0.0,0.0
2018-11-27,2018-11-28 17:45:00,0.0,0.004209799226373434
2018-11-27,2018-11-28 18:00:00,0.0,0.01951334998011589
2018-11-27,2018-11-28 18:15:00,0.0,0.028000861406326294
2018-11-27,2018-11-28 18:30:00,0.0,0.0
2018-11-27,2018-11-28 18:45:00,0.0,0.029410183429718018
2018-11-27,2018-11-28 19:00:00,0.0,0.05756506696343422
2018-11-27,2018-11-28 19:15:00,0.0,0.03218110278248787
2018-11-27,2018-11-28 19:30:00,0.0,0.023301398381590843
2018-11-27,2018-11-28 19:45:00,0.0,0.05376207455992699
2018-11-27,2018-11-28 20:00:00,0.0,0.04827004671096802
2018-11-27,2018-11-28 20:15:00,0.0,0.034378353506326675
2018-11-27,2018-11-28 20:30:00,0.0,0.012696795165538788
2018-11-27,2018-11-28 20:45:00,0.0,0.00023288271040655673
2018-11-27,2018-11-28 21:00:00,0.0,0.0
2018-11-27,2018-11-28 21:15:00,0.0,0.0
2018-11-27,2018-11-28 21:30:00,0.0,0.0
2018-11-27,2018-11-28 21:45:00,0.0,0.0
2018-11-27,2018-11-28 22:00:00,0.0,0.0
2018-11-27,2018-11-28 22:15:00,0.0,0.0
2018-11-27,2018-11-28 22:30:00,0.0,0.0
2018-11-27,2018-11-28 22:45:00,0.0,0.0
2018-11-27,2018-11-28 23:00:00,0.0,0.0
2018-11-27,2018-11-28 23:15:00,0.0,0.0
2018-11-27,2018-11-28 23:30:00,0.021093999966979027,0.0
2018-11-27,2018-11-28 23:45:00,0.031640999019145966,0.08201321959495544
2018-11-28,2018-11-29 00:00:00,0.23906299471855164,0.17716875672340393
2018-11-28,2018-11-29 00:15:00,0.3972660005092621,0.21823908388614655
2018-11-28,2018-11-29 00:30:00,0.583594024181366,0.32375386357307434
2018-11-28,2018-11-29 00:45:00,0.7699220180511475,0.44425755739212036
2018-11-28,2018-11-29 01:00:00,0.9246090054512024,0.551751434803009
2018-11-28,2018-11-29 01:15:00,1.1285159587860107,0.6684339046478271
2018-11-28,2018-11-29 01:30:00,1.3324220180511475,0.8082036972045898
2018-11-28,2018-11-29 01:45:00,1.5152339935302734,0.9330413937568665
2018-11-28,2018-11-29 02:00:00,1.6839840412139893,1.0824967622756958
2018-11-28,2018-11-29 02:15:00,1.8175779581069946,1.2269506454467773
2018-11-28,2018-11-29 02:30:00,1.9863280057907104,1.313315749168396
2018-11-28,2018-11-29 02:45:00,2.067188024520874,1.4218623638153076
2018-11-28,2018-11-29 03:00:00,2.2183589935302734,1.5217560529708862
2018-11-28,2018-11-29 03:15:00,2.348438024520874,1.5803154706954956
2018-11-28,2018-11-29 03:30:00,2.3941400051116943,1.6381312608718872
2018-11-28,2018-11-29 03:45:00,2.348438024520874,1.720224142074585
2018-11-28,2018-11-29 04:00:00,2.460937976837158,1.7189700603485107
2018-11-28,2018-11-29 04:15:00,2.4363279342651367,1.7019344568252563
2018-11-28,2018-11-29 04:30:00,2.3695309162139893,1.6752753257751465
2018-11-28,2018-11-29 04:45:00,2.3238279819488525,1.6102244853973389
2018-11-28,2018-11-29 05:00:00,2.25,1.5691365003585815
2018-11-28,2018-11-29 05:15:00,2.144531011581421,1.4895920753479004
2018-11-28,2018-11-29 05:30:00,2.091797113418579,1.3717682361602783
2018-11-28,2018-11-29 05:45:00,1.9582029581069946,1.2813926935195923
2018-11-28,2018-11-29 06:00:00,1.8246090412139893,1.1430939435958862
2018-11-28,2018-11-29 06:15:00,1.6277339458465576,1.0150567293167114
2018-11-28,2018-11-29 06:30:00,1.40625,0.8426706194877625
2018-11-28,2018-11-29 06:45:00,1.3429689407348633,0.7229770421981812
2018-11-28,2018-11-29 07:00:00,1.068750023841858,0.5828607082366943
2018-11-28,2018-11-29 07:15:00,0.8964840173721313,0.4165904223918915
2018-11-28,2018-11-29 07:30:00,0.6996089816093445,0.31116941571235657
2018-11-28,2018-11-29 07:45:00,0.5097659826278687,0.2397945374250412
2018-11-28,2018-11-29 08:00:00,0.35859400033950806,0.13089615106582642
2018-11-28,2018-11-29 08:15:00,0.21796900033950806,0.04001430794596672
2018-11-28,2018-11-29 08:30:00,0.10898400098085403,0.0
2018-11-28,2018-11-29 08:45:00,0.0,0.0
2018-11-28,2018-11-29 09:00:00,0.0,0.0
2018-11-28,2018-11-29 09:15:00,0.0,0.0
2018-11-28,2018-11-29 09:30:00,0.0,0.0
2018-11-28,2018-11-29 09:45:00,0.0,0.0
2018-11-28,2018-11-29 10:00:00,0.0,0.015037572011351585
2018-11-28,2018-11-29 10:15:00,0.0,0.02380247972905636
2018-11-28,2018-11-29 10:30:00,0.0,0.048117030411958694
2018-11-28,2018-11-29 10:45:00,0.0,0.052244242280721664
2018-11-28,2018-11-29 11:00:00,0.0,0.07826036214828491
2018-11-28,2018-11-29 11:15:00,0.0,0.07289894670248032
2018-11-28,2018-11-29 11:30:00,0.0,0.06519529968500137
2018-11-28,2018-11-29 11:45:00,0.0,0.04627320542931557
2018-11-28,2018-11-29 12:00:00,0.0,0.06467696279287338
2018-11-28,2018-11-29 12:15:00,0.0,0.03119712695479393
2018-11-28,2018-11-29 12:30:00,0.0,0.003105053212493658
2018-11-28,2018-11-29 12:45:00,0.0,0.0
2018-11-28,2018-11-29 13:00:00,0.0,0.0
2018-11-28,2018-11-29 13:15:00,0.0,0.0
2018-11-28,2018-11-29 13:30:00,0.0,0.0
2018-11-28,2018-11-29 13:45:00,0.0,0.0
2018-11-28,2018-11-29 14:00:00,0.0,0.0
2018-11-28,2018-11-29 14:15:00,0.0,0.0
2018-11-28,2018-11-29 14:30:00,0.0,0.0
2018-11-28,2018-11-29 14:45:00,0.0,0.006814341060817242
2018-11-28,2018-11-29 15:00:00,0.0,0.0
2018-11-28,2018-11-29 15:15:00,0.0,0.02762281708419323
2018-11-28,2018-11-29 15:30:00,0.0,0.017354723066091537
2018-11-28,2018-11-29 15:45:00,0.0,0.04158947989344597
2018-11-28,2018-11-29 16:00:00,0.0,0.05490465462207794
2018-11-28,2018-11-29 16:15:00,0.0,0.0593319833278656
2018-11-28,2018-11-29 16:30:00,0.0,0.045180901885032654
2018-11-28,2018-11-29 16:45:00,0.0,0.044243209064006805
2018-11-28,2018-11-29 17:00:00,0.0,0.012742621824145317
2018-11-28,2018-11-29 17:15:00,0.0,0.012360112741589546
2018-11-28,2018-11-29 17:30:00,0.0,0.01294451393187046
2018-11-28,2018-11-29 17:45:00,0.0,0.0
2018-11-28,2018-11-29 18:00:00,0.0,0.0
2018-11-28,2018-11-29 18:15:00,0.0,0.0
2018-11-28,2018-11-29 18:30:00,0.0,0.0
2018-11-28,2018-11-29 18:45:00,0.0,0.0
2018-11-28,2018-11-29 19:00:00,0.0,0.025443393737077713
2018-11-28,2018-11-29 19:15:00,0.0,0.0
2018-11-28,2018-11-29 19:30:00,0.0,0.00021968902728985995
2018-11-28,2018-11-29 19:45:00,0.0,0.023602943867444992
2018-11-28,2018-11-29 20:00:00,0.0,0.03746011108160019
2018-11-28,2018-11-29 20:15:00,0.0,0.012275652959942818
2018-11-28,2018-11-29 20:30:00,0.0,0.01997581124305725
2018-11-28,2018-11-29 20:45:00,0.0,0.015049289911985397
2018-11-28,2018-11-29 21:00:00,0.0,0.0
2018-11-28,2018-11-29 21:15:00,0.0,0.0
2018-11-28,2018-11-29 21:30:00,0.0,0.0
2018-11-28,2018-11-29 21:45:00,0.0,0.0
2018-11-28,2018-11-29 22:00:00,0.0,0.0
2018-11-28,2018-11-29 22:15:00,0.0,0.0
2018-11-28,2018-11-29 22:30:00,0.0,0.0
2018-11-28,2018-11-29 22:45:00,0.0,0.0
2018-11-28,2018-11-29 23:00:00,0.0,0.0
2018-11-28,2018-11-29 23:15:00,0.0,0.0
2018-11-28,2018-11-29 23:30:00,0.014062000438570976,0.0
2018-11-28,2018-11-29 23:45:00,0.1054690033197403,0.001766894361935556
2018-11-29,2018-11-30 00:00:00,0.22499999403953552,0.19867593050003052
2018-11-29,2018-11-30 00:15:00,0.3550780117511749,0.2332770973443985
2018-11-29,2018-11-30 00:30:00,0.513280987739563,0.3292224407196045
2018-11-29,2018-11-30 00:45:00,0.675000011920929,0.4664965271949768
2018-11-29,2018-11-30 01:00:00,0.8261719942092896,0.5861717462539673
2018-11-29,2018-11-30 01:15:00,0.956250011920929,0.7109932899475098
2018-11-29,2018-11-30 01:30:00,0.984375,0.8899059295654297
2018-11-29,2018-11-30 01:45:00,0.9175779819488525,1.0487054586410522
2018-11-29,2018-11-30 02:00:00,1.1917970180511475,1.214744210243225
2018-11-29,2018-11-30 02:15:00,1.2761720418930054,1.4066146612167358
2018-11-29,2018-11-30 02:30:00,1.5996090173721313,1.512256383895874
2018-11-29,2018-11-30 02:45:00,1.9582029581069946,1.6729670763015747
2018-11-29,2018-11-30 03:00:00,2.0636720657348633,1.8115912675857544
2018-11-29,2018-11-30 03:15:00,2.214843988418579,1.8782786130905151
2018-11-29,2018-11-30 03:30:00,2.2359371185302734,1.95845627784729
2018-11-29,2018-11-30 03:45:00,2.3238279819488525,2.057053327560425
2018-11-29,2018-11-30 04:00:00,2.3238279819488525,2.0771005153656006
2018-11-29,2018-11-30 04:15:00,2.3062500953674316,2.091063976287842
2018-11-29,2018-11-30 04:30:00,2.3238279819488525,2.078566551208496
2018-11-29,2018-11-30 04:45:00,2.0179688930511475,2.037346839904785
2018-11-29,2018-11-30 05:00:00,1.589061975479126,2.0100841522216797
2018-11-29,2018-11-30 05:15:00,1.975780963897705,1.915939450263977
2018-11-29,2018-11-30 05:30:00,1.680469036102295,1.7872945070266724
2018-11-29,2018-11-30 05:45:00,1.5257810354232788,1.710070013999939
2018-11-29,2018-11-30 06:00:00,1.6699219942092896,1.5551046133041382
2018-11-29,2018-11-30 06:15:00,1.490625023841858,1.3999844789505005
2018-11-29,2018-11-30 06:30:00,1.4167970418930054,1.1856518983840942
2018-11-29,2018-11-30 06:45:00,0.9808589816093445,1.0468964576721191
2018-11-29,2018-11-30 07:00:00,0.8507810235023499,0.8598787784576416
2018-11-29,2018-11-30 07:15:00,0.5730469822883606,0.6536020040512085
2018-11-29,2018-11-30 07:30:00,0.37968701124191284,0.5265846252441406
2018-11-29,2018-11-30 07:45:00,0.24257799983024597,0.4094918370246887
2018-11-29,2018-11-30 08:00:00,0.2460940033197403,0.2683885991573334
2018-11-29,2018-11-30 08:15:00,0.1757809966802597,0.15622319281101227
2018-11-29,2018-11-30 08:30:00,0.03515600040555,0.08138841390609741
2018-11-29,2018-11-30 08:45:00,0.010546999983489513,0.024496741592884064
2018-11-29,2018-11-30 09:00:00,0.0,0.0
2018-11-29,2018-11-30 09:15:00,0.0,0.0
2018-11-29,2018-11-30 09:30:00,0.0,0.0
2018-11-29,2018-11-30 09:45:00,0.0,0.002165040234103799
2018-11-29,2018-11-30 10:00:00,0.0,0.005807958543300629
2018-11-29,2018-11-30 10:15:00,0.0,0.023758593946695328
2018-11-29,2018-11-30 10:30:00,0.0,0.04670850932598114
2018-11-29,2018-11-30 10:45:00,0.0,0.04648280143737793
2018-11-29,2018-11-30 11:00:00,0.0,0.0648786798119545
2018-11-29,2018-11-30 11:15:00,0.0,0.0817701518535614
2018-11-29,2018-11-30 11:30:00,0.0,0.06194912642240524
2018-11-29,2018-11-30 11:45:00,0.0,0.0652240663766861
2018-11-29,2018-11-30 12:00:00,0.0,0.0734451413154602
2018-11-29,2018-11-30 12:15:00,0.0,0.0558801144361496
2018-11-29,2018-11-30 12:30:00,0.0,0.02114817313849926
2018-11-29,2018-11-30 12:45:00,0.0,0.0
2018-11-29,2018-11-30 13:00:00,0.0,0.0
2018-11-29,2018-11-30 13:15:00,0.0,0.0
2018-11-29,2018-11-30 13:30:00,0.0,0.0
2018-11-29,2018-11-30 13:45:00,0.0,0.0
2018-11-29,2018-11-30 14:00:00,0.0,0.0
2018-11-29,2018-11-30 14:15:00,0.0,0.0
2018-11-29,2018-11-30 14:30:00,0.0,0.0
2018-11-29,2018-11-30 14:45:00,0.0,0.0
2018-11-29,2018-11-30 15:00:00,0.0,0.0
2018-11-29,2018-11-30 15:15:00,0.0,0.018469052389264107
2018-11-29,2018-11-30 15:30:00,0.0,0.00940040685236454
2018-11-29,2018-11-30 15:45:00,0.0,0.038003262132406235
2018-11-29,2018-11-30 16:00:00,0.0,0.031836122274398804
2018-11-29,2018-11-30 16:15:00,0.0,0.05726148560643196
2018-11-29,2018-11-30 16:30:00,0.0,0.043046846985816956
2018-11-29,2018-11-30 16:45:00,0.0,0.042151570320129395
2018-11-29,2018-11-30 17:00:00,0.0,0.013466674834489822
2018-11-29,2018-11-30 17:15:00,0.0,0.013848453760147095
2018-11-29,2018-11-30 17:30:00,0.0,0.0305644478648901
2018-11-29,2018-11-30 17:45:00,0.0,0.0
2018-11-29,2018-11-30 18:00:00,0.0,0.0
2018-11-29,2018-11-30 18:15:00,0.0,0.0
2018-11-29,2018-11-30 18:30:00,0.0,0.0
2018-11-29,2018-11-30 18:45:00,0.0,0.0
2018-11-29,2018-11-30 19:00:00,0.0,0.012909052893519402
2018-11-29,2018-11-30 19:15:00,0.0,0.0
2018-11-29,2018-11-30 19:30:00,0.0,0.0
2018-11-29,2018-11-30 19:45:00,0.0,0.005258422344923019
2018-11-29,2018-11-30 20:00:00,0.0,0.0020933777559548616
2018-11-29,2018-11-30 20:15:00,0.0,0.0
2018-11-29,2018-11-30 20:30:00,0.0,0.0
2018-11-29,2018-11-30 20:45:00,0.0,0.0
2018-11-29,2018-11-30 21:00:00,0.0,0.0
2018-11-29,2018-11-30 21:15:00,0.0,0.0
2018-11-29,2018-11-30 21:30:00,0.0,0.0
2018-11-29,2018-11-30 21:45:00,0.0,0.0
2018-11-29,2018-11-30 22:00:00,0.0,0.0
2018-11-29,2018-11-30 22:15:00,0.0,0.0
2018-11-29,2018-11-30 22:30:00,0.0,0.0
2018-11-29,2018-11-30 22:45:00,0.0,0.0
2018-11-29,2018-11-30 23:00:00,0.0,0.0
2018-11-29,2018-11-30 23:15:00,0.0,0.0
2018-11-29,2018-11-30 23:30:00,0.0,0.0
2018-11-29,2018-11-30 23:45:00,0.0,0.0
