起报时间,预报时间,实际功率 (MW),BiFusionModel预测功率 (MW)
2019-02-21,2019-02-22 00:00:00,0.2355470061302185,0.10410348325967789
2019-02-21,2019-02-22 00:15:00,0.3621090054512024,0.2138068974018097
2019-02-21,2019-02-22 00:30:00,0.40781301259994507,0.2994830012321472
2019-02-21,2019-02-22 00:45:00,0.5484369993209839,0.4402103126049042
2019-02-21,2019-02-22 01:00:00,0.5765630006790161,0.5549396276473999
2019-02-21,2019-02-22 01:15:00,0.6468750238418579,0.7244701385498047
2019-02-21,2019-02-22 01:30:00,0.7382810115814209,0.852158784866333
2019-02-21,2019-02-22 01:45:00,1.0546879768371582,1.0407304763793945
2019-02-21,2019-02-22 02:00:00,1.2937500476837158,1.2207542657852173
2019-02-21,2019-02-22 02:15:00,1.6628910303115845,1.3319185972213745
2019-02-21,2019-02-22 02:30:00,2.021483898162842,1.4947272539138794
2019-02-21,2019-02-22 02:45:00,1.8140619993209839,1.6032159328460693
2019-02-21,2019-02-22 03:00:00,1.9722659587860107,1.7955901622772217
2019-02-21,2019-02-22 03:15:00,1.9968750476837158,1.8643877506256104
2019-02-21,2019-02-22 03:30:00,1.6628910303115845,2.019946336746216
2019-02-21,2019-02-22 03:45:00,1.652343988418579,2.0565731525421143
2019-02-21,2019-02-22 04:00:00,1.884374976158142,2.1518378257751465
2019-02-21,2019-02-22 04:15:00,2.010936975479126,2.1862995624542236
2019-02-21,2019-02-22 04:30:00,2.26406192779541,2.1854982376098633
2019-02-21,2019-02-22 04:45:00,2.1656250953674316,2.1474666595458984
2019-02-21,2019-02-22 05:00:00,2.366015911102295,2.0868072509765625
2019-02-21,2019-02-22 05:15:00,2.3449220657348633,2.0436208248138428
2019-02-21,2019-02-22 05:30:00,1.8070310354232788,1.9512712955474854
2019-02-21,2019-02-22 05:45:00,1.6769529581069946,1.84247887134552
2019-02-21,2019-02-22 06:00:00,2.0531249046325684,1.7035006284713745
2019-02-21,2019-02-22 06:15:00,2.5910160541534424,1.5829256772994995
2019-02-21,2019-02-22 06:30:00,1.7156250476837158,1.4541271924972534
2019-02-21,2019-02-22 06:45:00,1.5011719465255737,1.3121289014816284
2019-02-21,2019-02-22 07:00:00,1.3394529819488525,1.1719285249710083
2019-02-21,2019-02-22 07:15:00,1.2621090412139893,0.9594433903694153
2019-02-21,2019-02-22 07:30:00,1.082811951637268,0.818573534488678
2019-02-21,2019-02-22 07:45:00,1.0230469703674316,0.686542809009552
2019-02-21,2019-02-22 08:00:00,1.4589840173721313,0.5279554128646851
2019-02-21,2019-02-22 08:15:00,1.6769529581069946,0.43149715662002563
2019-02-21,2019-02-22 08:30:00,1.5644530057907104,0.3400037884712219
2019-02-21,2019-02-22 08:45:00,1.1531250476837158,0.21837669610977173
2019-02-21,2019-02-22 09:00:00,0.5203120112419128,0.11691241711378098
2019-02-21,2019-02-22 09:15:00,0.1863279938697815,0.040613118559122086
2019-02-21,2019-02-22 09:30:00,0.16523399949073792,0.049897175282239914
2019-02-21,2019-02-22 09:45:00,0.09492199867963791,0.008864367380738258
2019-02-21,2019-02-22 10:00:00,0.0,0.0
2019-02-21,2019-02-22 10:15:00,0.0,0.0
2019-02-21,2019-02-22 10:30:00,0.0,0.0
2019-02-21,2019-02-22 10:45:00,0.0,0.0013538008788600564
2019-02-21,2019-02-22 11:00:00,0.0,0.0
2019-02-21,2019-02-22 11:15:00,0.0,0.0
2019-02-21,2019-02-22 11:30:00,0.0,0.0
2019-02-21,2019-02-22 11:45:00,0.0,0.0
2019-02-21,2019-02-22 12:00:00,0.0,0.0
2019-02-21,2019-02-22 12:15:00,0.0,0.0
2019-02-21,2019-02-22 12:30:00,0.0,0.0
2019-02-21,2019-02-22 12:45:00,0.0,0.0
2019-02-21,2019-02-22 13:00:00,0.0,0.0
2019-02-21,2019-02-22 13:15:00,0.0,0.0
2019-02-21,2019-02-22 13:30:00,0.0,0.0
2019-02-21,2019-02-22 13:45:00,0.0,0.0
2019-02-21,2019-02-22 14:00:00,0.0,0.0
2019-02-21,2019-02-22 14:15:00,0.0,0.0
2019-02-21,2019-02-22 14:30:00,0.0,0.0
2019-02-21,2019-02-22 14:45:00,0.0,0.0
2019-02-21,2019-02-22 15:00:00,0.0,0.0
2019-02-21,2019-02-22 15:15:00,0.0,0.0
2019-02-21,2019-02-22 15:30:00,0.0,0.011240486055612564
2019-02-21,2019-02-22 15:45:00,0.0,0.014738041907548904
2019-02-21,2019-02-22 16:00:00,0.0,0.0
2019-02-21,2019-02-22 16:15:00,0.0,0.030381638556718826
2019-02-21,2019-02-22 16:30:00,0.0,0.07142746448516846
2019-02-21,2019-02-22 16:45:00,0.0,0.061940401792526245
2019-02-21,2019-02-22 17:00:00,0.0,0.08217943459749222
2019-02-21,2019-02-22 17:15:00,0.0,0.0929192379117012
2019-02-21,2019-02-22 17:30:00,0.0,0.05144602432847023
2019-02-21,2019-02-22 17:45:00,0.0,0.047991298139095306
2019-02-21,2019-02-22 18:00:00,0.0,0.06202639639377594
2019-02-21,2019-02-22 18:15:00,0.0,0.046577755361795425
2019-02-21,2019-02-22 18:30:00,0.0,0.03385602682828903
2019-02-21,2019-02-22 18:45:00,0.0,0.01604902744293213
2019-02-21,2019-02-22 19:00:00,0.0,0.008436763659119606
2019-02-21,2019-02-22 19:15:00,0.0,0.0
2019-02-21,2019-02-22 19:30:00,0.0,0.0
2019-02-21,2019-02-22 19:45:00,0.0,0.0
2019-02-21,2019-02-22 20:00:00,0.0,0.0
2019-02-21,2019-02-22 20:15:00,0.0,0.0
2019-02-21,2019-02-22 20:30:00,0.0,0.0
2019-02-21,2019-02-22 20:45:00,0.0,0.0
2019-02-21,2019-02-22 21:00:00,0.0,0.0
2019-02-21,2019-02-22 21:15:00,0.0,0.0
2019-02-21,2019-02-22 21:30:00,0.0,0.0
2019-02-21,2019-02-22 21:45:00,0.0,0.0
2019-02-21,2019-02-22 22:00:00,0.0,0.0
2019-02-21,2019-02-22 22:15:00,0.0,0.0
2019-02-21,2019-02-22 22:30:00,0.0,0.0
2019-02-21,2019-02-22 22:45:00,0.0,0.0
2019-02-21,2019-02-22 23:00:00,0.0,0.0
2019-02-21,2019-02-22 23:15:00,0.007031000219285488,0.0
2019-02-21,2019-02-22 23:30:00,0.10898400098085403,0.04799727350473404
2019-02-21,2019-02-22 23:45:00,0.21796900033950806,0.08908441662788391
2019-02-22,2019-02-23 00:00:00,0.3515619933605194,0.39959922432899475
2019-02-22,2019-02-23 00:15:00,0.5203120112419128,0.5894623398780823
2019-02-22,2019-02-23 00:30:00,0.7347660064697266,0.747765302658081
2019-02-22,2019-02-23 00:45:00,0.9949219822883606,0.9922751784324646
2019-02-22,2019-02-23 01:00:00,1.2410160303115845,1.1860531568527222
2019-02-22,2019-02-23 01:15:00,1.4800779819488525,1.372019648551941
2019-02-22,2019-02-23 01:30:00,1.7121089696884155,1.6006006002426147
2019-02-22,2019-02-23 01:45:00,2.003906011581421,1.8186594247817993
2019-02-22,2019-02-23 02:00:00,2.267577886581421,1.9983913898468018
2019-02-22,2019-02-23 02:15:00,2.5769529342651367,2.234361410140991
2019-02-22,2019-02-23 02:30:00,2.784374952316284,2.4017231464385986
2019-02-22,2019-02-23 02:45:00,3.005858898162842,2.5762836933135986
2019-02-22,2019-02-23 03:00:00,3.128906011581421,2.7571730613708496
2019-02-22,2019-02-23 03:15:00,3.1746089458465576,2.9190115928649902
2019-02-22,2019-02-23 03:30:00,3.364453077316284,2.993630886077881
2019-02-22,2019-02-23 03:45:00,3.4558589458465576,3.174774408340454
2019-02-22,2019-02-23 04:00:00,3.533202886581421,3.185638666152954
2019-02-22,2019-02-23 04:15:00,3.6140620708465576,3.2559828758239746
2019-02-22,2019-02-23 04:30:00,3.6070311069488525,3.264029026031494
2019-02-22,2019-02-23 04:45:00,3.3433589935302734,3.2927663326263428
2019-02-22,2019-02-23 05:00:00,3.4066410064697266,3.191985607147217
2019-02-22,2019-02-23 05:15:00,3.5718750953674316,3.133420705795288
2019-02-22,2019-02-23 05:30:00,3.4945309162139893,3.0567636489868164
2019-02-22,2019-02-23 05:45:00,3.2906250953674316,2.975240707397461
2019-02-22,2019-02-23 06:00:00,3.3539059162139893,2.7807440757751465
2019-02-22,2019-02-23 06:15:00,3.244921922683716,2.5749948024749756
2019-02-22,2019-02-23 06:30:00,2.946094036102295,2.461671829223633
2019-02-22,2019-02-23 06:45:00,2.960155963897705,2.3034169673919678
2019-02-22,2019-02-23 07:00:00,2.6332030296325684,2.091756582260132
2019-02-22,2019-02-23 07:15:00,2.3871090412139893,1.858182430267334
2019-02-22,2019-02-23 07:30:00,2.102344036102295,1.6992814540863037
2019-02-22,2019-02-23 07:45:00,1.919530987739563,1.4521725177764893
2019-02-22,2019-02-23 08:00:00,1.5082030296325684,1.2151203155517578
2019-02-22,2019-02-23 08:15:00,1.272655963897705,1.0194978713989258
2019-02-22,2019-02-23 08:30:00,1.0371090173721313,0.8130559921264648
2019-02-22,2019-02-23 08:45:00,0.7136719822883606,0.6577680706977844
2019-02-22,2019-02-23 09:00:00,0.471094012260437,0.5136334300041199
2019-02-22,2019-02-23 09:15:00,0.31992200016975403,0.34034544229507446
2019-02-22,2019-02-23 09:30:00,0.1863279938697815,0.19350270926952362
2019-02-22,2019-02-23 09:45:00,0.014062000438570976,0.09750666469335556
2019-02-22,2019-02-23 10:00:00,0.0,0.019140958786010742
2019-02-22,2019-02-23 10:15:00,0.0,0.00737551786005497
2019-02-22,2019-02-23 10:30:00,0.0,0.0
2019-02-22,2019-02-23 10:45:00,0.0,0.0
2019-02-22,2019-02-23 11:00:00,0.0,0.0
2019-02-22,2019-02-23 11:15:00,0.0,0.0
2019-02-22,2019-02-23 11:30:00,0.0,0.0
2019-02-22,2019-02-23 11:45:00,0.0,0.0
2019-02-22,2019-02-23 12:00:00,0.0,0.0
2019-02-22,2019-02-23 12:15:00,0.0,0.0
2019-02-22,2019-02-23 12:30:00,0.0,0.0
2019-02-22,2019-02-23 12:45:00,0.0,0.0
2019-02-22,2019-02-23 13:00:00,0.0,0.018239930272102356
2019-02-22,2019-02-23 13:15:00,0.0,0.0
2019-02-22,2019-02-23 13:30:00,0.0,0.0
2019-02-22,2019-02-23 13:45:00,0.0,0.0
2019-02-22,2019-02-23 14:00:00,0.0,0.0
2019-02-22,2019-02-23 14:15:00,0.0,0.0
2019-02-22,2019-02-23 14:30:00,0.0,0.0
2019-02-22,2019-02-23 14:45:00,0.0,0.0
2019-02-22,2019-02-23 15:00:00,0.0,0.0
2019-02-22,2019-02-23 15:15:00,0.0,0.0
2019-02-22,2019-02-23 15:30:00,0.0,0.009076536633074284
2019-02-22,2019-02-23 15:45:00,0.0,0.0
2019-02-22,2019-02-23 16:00:00,0.0,0.0
2019-02-22,2019-02-23 16:15:00,0.0,0.0
2019-02-22,2019-02-23 16:30:00,0.0,0.011842942796647549
2019-02-22,2019-02-23 16:45:00,0.0,0.008257580921053886
2019-02-22,2019-02-23 17:00:00,0.0,0.09132122248411179
2019-02-22,2019-02-23 17:15:00,0.0,0.12437068670988083
2019-02-22,2019-02-23 17:30:00,0.0,0.05423031002283096
2019-02-22,2019-02-23 17:45:00,0.0,0.06608562916517258
2019-02-22,2019-02-23 18:00:00,0.0,0.0816507637500763
2019-02-22,2019-02-23 18:15:00,0.0,0.064876027405262
2019-02-22,2019-02-23 18:30:00,0.0,0.05705835670232773
2019-02-22,2019-02-23 18:45:00,0.0,0.03585415333509445
2019-02-22,2019-02-23 19:00:00,0.0,0.0050187138840556145
2019-02-22,2019-02-23 19:15:00,0.0,0.13594549894332886
2019-02-22,2019-02-23 19:30:00,0.0,0.03998984768986702
2019-02-22,2019-02-23 19:45:00,0.0,0.06145547330379486
2019-02-22,2019-02-23 20:00:00,0.0,0.0
2019-02-22,2019-02-23 20:15:00,0.0,0.03841782361268997
2019-02-22,2019-02-23 20:30:00,0.0,0.0
2019-02-22,2019-02-23 20:45:00,0.0,0.0
2019-02-22,2019-02-23 21:00:00,0.0,0.0
2019-02-22,2019-02-23 21:15:00,0.0,0.0
2019-02-22,2019-02-23 21:30:00,0.0,0.0
2019-02-22,2019-02-23 21:45:00,0.0,0.0
2019-02-22,2019-02-23 22:00:00,0.0,0.0
2019-02-22,2019-02-23 22:15:00,0.0,0.0
2019-02-22,2019-02-23 22:30:00,0.0,0.0
2019-02-22,2019-02-23 22:45:00,0.0,0.0
2019-02-22,2019-02-23 23:00:00,0.0,0.0
2019-02-22,2019-02-23 23:15:00,0.03515600040555,0.0
2019-02-22,2019-02-23 23:30:00,0.13359400629997253,0.09488125890493393
2019-02-22,2019-02-23 23:45:00,0.22851599752902985,0.16790232062339783
2019-02-23,2019-02-24 00:00:00,0.4007810056209564,0.4034794867038727
2019-02-23,2019-02-24 00:15:00,0.5730469822883606,0.6332809329032898
2019-02-23,2019-02-24 00:30:00,0.7699220180511475,0.8339544534683228
2019-02-23,2019-02-24 00:45:00,0.956250011920929,1.1359320878982544
2019-02-23,2019-02-24 01:00:00,1.209375023841858,1.363124132156372
2019-02-23,2019-02-24 01:15:00,1.4660160541534424,1.5612804889678955
2019-02-23,2019-02-24 01:30:00,1.6136720180511475,1.8535748720169067
2019-02-23,2019-02-24 01:45:00,1.8808590173721313,2.1728057861328125
2019-02-23,2019-02-24 02:00:00,2.0777339935302734,2.432828903198242
2019-02-23,2019-02-24 02:15:00,1.9968750476837158,2.664482593536377
2019-02-23,2019-02-24 02:30:00,2.3589839935302734,2.8936264514923096
2019-02-23,2019-02-24 02:45:00,2.5804688930511475,3.093452215194702
2019-02-23,2019-02-24 03:00:00,2.3519530296325684,3.348750591278076
2019-02-23,2019-02-24 03:15:00,2.0531249046325684,3.445770025253296
2019-02-23,2019-02-24 03:30:00,2.26406192779541,3.6803693771362305
2019-02-23,2019-02-24 03:45:00,1.9582029581069946,3.793030261993408
2019-02-23,2019-02-24 04:00:00,1.497655987739563,3.8737168312072754
2019-02-23,2019-02-24 04:15:00,1.6347659826278687,3.940378427505493
2019-02-23,2019-02-24 04:30:00,2.1410160064697266,3.958542585372925
2019-02-23,2019-02-24 04:45:00,1.9230469465255737,3.952965259552002
2019-02-23,2019-02-24 05:00:00,2.489063024520874,3.850713014602661
2019-02-23,2019-02-24 05:15:00,2.242969036102295,3.837679386138916
2019-02-23,2019-02-24 05:30:00,1.6101560592651367,3.747671365737915
2019-02-23,2019-02-24 05:45:00,1.9968750476837158,3.6248159408569336
2019-02-23,2019-02-24 06:00:00,1.4695310592651367,3.5019335746765137
2019-02-23,2019-02-24 06:15:00,1.314844012260437,3.2986438274383545
2019-02-23,2019-02-24 06:30:00,1.3816410303115845,3.124279499053955
2019-02-23,2019-02-24 06:45:00,1.2937500476837158,2.916801929473877
2019-02-23,2019-02-24 07:00:00,1.1425780057907104,2.7283778190612793
2019-02-23,2019-02-24 07:15:00,1.1636719703674316,2.4311490058898926
2019-02-23,2019-02-24 07:30:00,1.117969036102295,2.2184717655181885
2019-02-23,2019-02-24 07:45:00,1.082811951637268,1.9636629819869995
2019-02-23,2019-02-24 08:00:00,0.8085939884185791,1.7025372982025146
2019-02-23,2019-02-24 08:15:00,0.6152340173721313,1.4399378299713135
2019-02-23,2019-02-24 08:30:00,0.46406298875808716,1.248275876045227
2019-02-23,2019-02-24 08:45:00,0.33398398756980896,0.9766133427619934
2019-02-23,2019-02-24 09:00:00,0.2355470061302185,0.7280978560447693
2019-02-23,2019-02-24 09:15:00,0.16875000298023224,0.5416005849838257
2019-02-23,2019-02-24 09:30:00,0.12656299769878387,0.4110766649246216
2019-02-23,2019-02-24 09:45:00,0.021093999966979027,0.23753879964351654
2019-02-23,2019-02-24 10:00:00,0.0,0.0905713438987732
2019-02-23,2019-02-24 10:15:00,0.0,0.038853153586387634
2019-02-23,2019-02-24 10:30:00,0.0,0.012755796313285828
2019-02-23,2019-02-24 10:45:00,0.0,0.0
2019-02-23,2019-02-24 11:00:00,0.0,0.0
2019-02-23,2019-02-24 11:15:00,0.0,0.0
2019-02-23,2019-02-24 11:30:00,0.0,0.0
2019-02-23,2019-02-24 11:45:00,0.0,0.0
2019-02-23,2019-02-24 12:00:00,0.0,0.0
2019-02-23,2019-02-24 12:15:00,0.0,0.0
2019-02-23,2019-02-24 12:30:00,0.0,0.0
2019-02-23,2019-02-24 12:45:00,0.0,0.0
2019-02-23,2019-02-24 13:00:00,0.0,0.0
2019-02-23,2019-02-24 13:15:00,0.0,0.0
2019-02-23,2019-02-24 13:30:00,0.0,0.0
2019-02-23,2019-02-24 13:45:00,0.0,0.0
2019-02-23,2019-02-24 14:00:00,0.0,0.0
2019-02-23,2019-02-24 14:15:00,0.0,0.0
2019-02-23,2019-02-24 14:30:00,0.0,0.03490954637527466
2019-02-23,2019-02-24 14:45:00,0.0,0.0
2019-02-23,2019-02-24 15:00:00,0.0,0.05519761145114899
2019-02-23,2019-02-24 15:15:00,0.0,0.024232234805822372
2019-02-23,2019-02-24 15:30:00,0.0,0.03654500097036362
2019-02-23,2019-02-24 15:45:00,0.0,0.031163858249783516
2019-02-23,2019-02-24 16:00:00,0.0,0.0055395993404090405
2019-02-23,2019-02-24 16:15:00,0.0,0.0200192928314209
2019-02-23,2019-02-24 16:30:00,0.0,0.05370580777525902
2019-02-23,2019-02-24 16:45:00,0.0,0.06399134546518326
2019-02-23,2019-02-24 17:00:00,0.0,0.12862838804721832
2019-02-23,2019-02-24 17:15:00,0.0,0.0886276587843895
2019-02-23,2019-02-24 17:30:00,0.0,0.07290444523096085
2019-02-23,2019-02-24 17:45:00,0.0,0.08493760973215103
2019-02-23,2019-02-24 18:00:00,0.0,0.06460307538509369
2019-02-23,2019-02-24 18:15:00,0.0,0.037238847464323044
2019-02-23,2019-02-24 18:30:00,0.0,0.06557165831327438
2019-02-23,2019-02-24 18:45:00,0.0,0.005871133878827095
2019-02-23,2019-02-24 19:00:00,0.0,0.0
2019-02-23,2019-02-24 19:15:00,0.0,0.04019218310713768
2019-02-23,2019-02-24 19:30:00,0.0,0.0
2019-02-23,2019-02-24 19:45:00,0.0,0.0
2019-02-23,2019-02-24 20:00:00,0.0,0.0
2019-02-23,2019-02-24 20:15:00,0.0,0.0
2019-02-23,2019-02-24 20:30:00,0.0,0.0
2019-02-23,2019-02-24 20:45:00,0.0,0.0
2019-02-23,2019-02-24 21:00:00,0.0,0.0
2019-02-23,2019-02-24 21:15:00,0.0,0.0
2019-02-23,2019-02-24 21:30:00,0.0,0.0
2019-02-23,2019-02-24 21:45:00,0.0,0.0
2019-02-23,2019-02-24 22:00:00,0.0,0.0
2019-02-23,2019-02-24 22:15:00,0.0,0.0
2019-02-23,2019-02-24 22:30:00,0.0,0.0
2019-02-23,2019-02-24 22:45:00,0.0,0.0
2019-02-23,2019-02-24 23:00:00,0.0,0.0
2019-02-23,2019-02-24 23:15:00,0.007031000219285488,0.06994766741991043
2019-02-23,2019-02-24 23:30:00,0.09140600264072418,0.21014830470085144
2019-02-23,2019-02-24 23:45:00,0.21445299685001373,0.31173333525657654
2019-02-24,2019-02-25 00:00:00,0.26718801259994507,0.23730550706386566
2019-02-24,2019-02-25 00:15:00,0.4781250059604645,0.3931103050708771
2019-02-24,2019-02-25 00:30:00,0.5730469822883606,0.5018646121025085
2019-02-24,2019-02-25 00:45:00,0.7277340292930603,0.7176730036735535
2019-02-24,2019-02-25 01:00:00,1.0089839696884155,0.8875694870948792
2019-02-24,2019-02-25 01:15:00,1.2269530296325684,1.0231088399887085
2019-02-24,2019-02-25 01:30:00,1.4308589696884155,1.2254339456558228
2019-02-24,2019-02-25 01:45:00,1.6664060354232788,1.4698060750961304
2019-02-24,2019-02-25 02:00:00,1.8562500476837158,1.649154782295227
2019-02-24,2019-02-25 02:15:00,2.109375,1.849374771118164
2019-02-24,2019-02-25 02:30:00,2.2113280296325684,2.03326416015625
2019-02-24,2019-02-25 02:45:00,2.3273439407348633,2.21663236618042
2019-02-24,2019-02-25 03:00:00,2.397655963897705,2.4213218688964844
2019-02-24,2019-02-25 03:15:00,2.548827886581421,2.5296382904052734
2019-02-24,2019-02-25 03:30:00,2.6085939407348633,2.711146593093872
2019-02-24,2019-02-25 03:45:00,2.707031011581421,2.849177122116089
2019-02-24,2019-02-25 04:00:00,2.742187976837158,2.9483892917633057
2019-02-24,2019-02-25 04:15:00,2.794922113418579,3.0031700134277344
2019-02-24,2019-02-25 04:30:00,2.777343988418579,3.0612051486968994
2019-02-24,2019-02-25 04:45:00,2.707031011581421,3.03920316696167
2019-02-24,2019-02-25 05:00:00,2.6683590412139893,3.001458168029785
2019-02-24,2019-02-25 05:15:00,2.6261720657348633,2.9599711894989014
2019-02-24,2019-02-25 05:30:00,2.2886719703674316,2.934741735458374
2019-02-24,2019-02-25 05:45:00,2.496093988418579,2.8264737129211426
2019-02-24,2019-02-25 06:00:00,2.496093988418579,2.704610824584961
2019-02-24,2019-02-25 06:15:00,2.373047113418579,2.530052661895752
2019-02-24,2019-02-25 06:30:00,2.2464840412139893,2.3933608531951904
2019-02-24,2019-02-25 06:45:00,2.0425779819488525,2.188009023666382
2019-02-24,2019-02-25 07:00:00,1.9019529819488525,2.025261163711548
2019-02-24,2019-02-25 07:15:00,1.736719012260437,1.7818148136138916
2019-02-24,2019-02-25 07:30:00,1.4695310592651367,1.6036375761032104
2019-02-24,2019-02-25 07:45:00,0.8578130006790161,1.329761266708374
2019-02-24,2019-02-25 08:00:00,1.1636719703674316,1.1305410861968994
2019-02-24,2019-02-25 08:15:00,0.6011719703674316,0.9257087111473083
2019-02-24,2019-02-25 08:30:00,0.6574220061302185,0.7589433789253235
2019-02-24,2019-02-25 08:45:00,0.5238280296325684,0.5618317127227783
2019-02-24,2019-02-25 09:00:00,0.3761720061302185,0.3723333477973938
2019-02-24,2019-02-25 09:15:00,0.1511719971895218,0.2006460428237915
2019-02-24,2019-02-25 09:30:00,0.09843800216913223,0.11749759316444397
2019-02-24,2019-02-25 09:45:00,0.010546999983489513,0.025163164362311363
2019-02-24,2019-02-25 10:00:00,0.0,0.0
2019-02-24,2019-02-25 10:15:00,0.0,0.0
2019-02-24,2019-02-25 10:30:00,0.0,0.0
2019-02-24,2019-02-25 10:45:00,0.0,0.0
2019-02-24,2019-02-25 11:00:00,0.0,0.0
2019-02-24,2019-02-25 11:15:00,0.0,0.0
2019-02-24,2019-02-25 11:30:00,0.0,0.0
2019-02-24,2019-02-25 11:45:00,0.0,0.0
2019-02-24,2019-02-25 12:00:00,0.0,0.0
2019-02-24,2019-02-25 12:15:00,0.0,0.0
2019-02-24,2019-02-25 12:30:00,0.0,0.0
2019-02-24,2019-02-25 12:45:00,0.0,0.0
2019-02-24,2019-02-25 13:00:00,0.0,0.0
2019-02-24,2019-02-25 13:15:00,0.0,0.0
2019-02-24,2019-02-25 13:30:00,0.0,0.0
2019-02-24,2019-02-25 13:45:00,0.0,0.0
2019-02-24,2019-02-25 14:00:00,0.0,0.0
2019-02-24,2019-02-25 14:15:00,0.0,0.0
2019-02-24,2019-02-25 14:30:00,0.0,0.0
2019-02-24,2019-02-25 14:45:00,0.0,0.0
2019-02-24,2019-02-25 15:00:00,0.0,0.010148413479328156
2019-02-24,2019-02-25 15:15:00,0.0,0.015104248188436031
2019-02-24,2019-02-25 15:30:00,0.0,0.01754930056631565
2019-02-24,2019-02-25 15:45:00,0.0,0.004731970839202404
2019-02-24,2019-02-25 16:00:00,0.0,0.0
2019-02-24,2019-02-25 16:15:00,0.0,0.0015647558029741049
2019-02-24,2019-02-25 16:30:00,0.0,0.051821909844875336
2019-02-24,2019-02-25 16:45:00,0.0,0.05944552645087242
2019-02-24,2019-02-25 17:00:00,0.0,0.1292828917503357
2019-02-24,2019-02-25 17:15:00,0.0,0.08882289379835129
2019-02-24,2019-02-25 17:30:00,0.0,0.08018514513969421
2019-02-24,2019-02-25 17:45:00,0.0,0.11463446170091629
2019-02-24,2019-02-25 18:00:00,0.0,0.07967521995306015
2019-02-24,2019-02-25 18:15:00,0.0,0.08656447380781174
2019-02-24,2019-02-25 18:30:00,0.0,0.09237264841794968
2019-02-24,2019-02-25 18:45:00,0.0,0.07217150926589966
2019-02-24,2019-02-25 19:00:00,0.0,0.025800134986639023
2019-02-24,2019-02-25 19:15:00,0.0,0.10653384029865265
2019-02-24,2019-02-25 19:30:00,0.0,0.02662569284439087
2019-02-24,2019-02-25 19:45:00,0.0,0.015569250099360943
2019-02-24,2019-02-25 20:00:00,0.0,0.02761569805443287
2019-02-24,2019-02-25 20:15:00,0.0,0.0
2019-02-24,2019-02-25 20:30:00,0.0,0.0
2019-02-24,2019-02-25 20:45:00,0.0,0.0
2019-02-24,2019-02-25 21:00:00,0.0,0.0
2019-02-24,2019-02-25 21:15:00,0.0,0.0
2019-02-24,2019-02-25 21:30:00,0.0,0.0
2019-02-24,2019-02-25 21:45:00,0.0,0.0
2019-02-24,2019-02-25 22:00:00,0.0,0.0
2019-02-24,2019-02-25 22:15:00,0.0,0.0
2019-02-24,2019-02-25 22:30:00,0.0,0.0
2019-02-24,2019-02-25 22:45:00,0.0,0.0
2019-02-24,2019-02-25 23:00:00,0.0,0.0
2019-02-24,2019-02-25 23:15:00,0.0,0.058825284242630005
2019-02-24,2019-02-25 23:30:00,0.05624999850988388,0.16147193312644958
2019-02-24,2019-02-25 23:45:00,0.20390599966049194,0.22758471965789795
2019-02-25,2019-02-26 00:00:00,0.23906299471855164,0.34573039412498474
2019-02-25,2019-02-26 00:15:00,0.28476598858833313,0.5107609033584595
2019-02-25,2019-02-26 00:30:00,0.330469012260437,0.645715594291687
2019-02-25,2019-02-26 00:45:00,0.5660160183906555,0.830845057964325
2019-02-25,2019-02-26 01:00:00,0.7277340292930603,0.9971135854721069
2019-02-25,2019-02-26 01:15:00,0.8050780296325684,1.1842916011810303
2019-02-25,2019-02-26 01:30:00,0.9316409826278687,1.3466122150421143
2019-02-25,2019-02-26 01:45:00,1.0863280296325684,1.5710911750793457
2019-02-25,2019-02-26 02:00:00,1.6980470418930054,1.7803208827972412
2019-02-25,2019-02-26 02:15:00,1.5011719465255737,1.8961650133132935
2019-02-25,2019-02-26 02:30:00,1.3183590173721313,2.083693027496338
2019-02-25,2019-02-26 02:45:00,1.0968749523162842,2.1757771968841553
2019-02-25,2019-02-26 03:00:00,0.9808589816093445,2.372673273086548
2019-02-25,2019-02-26 03:15:00,1.3886719942092896,2.435293436050415
2019-02-25,2019-02-26 03:30:00,1.7015620470046997,2.5483205318450928
2019-02-25,2019-02-26 03:45:00,1.771875023841858,2.601978302001953
2019-02-25,2019-02-26 04:00:00,1.9863280057907104,2.651198387145996
2019-02-25,2019-02-26 04:15:00,1.6558589935302734,2.6828091144561768
2019-02-25,2019-02-26 04:30:00,1.884374976158142,2.636721134185791
2019-02-25,2019-02-26 04:45:00,1.771875023841858,2.5765373706817627
2019-02-25,2019-02-26 05:00:00,2.1304690837860107,2.474945545196533
2019-02-25,2019-02-26 05:15:00,1.9054689407348633,2.395663261413574
2019-02-25,2019-02-26 05:30:00,1.7085939645767212,2.302967071533203
2019-02-25,2019-02-26 05:45:00,1.490625023841858,2.161003828048706
2019-02-25,2019-02-26 06:00:00,1.5714839696884155,2.0004665851593018
2019-02-25,2019-02-26 06:15:00,1.6699219942092896,1.8334362506866455
2019-02-25,2019-02-26 06:30:00,1.5257810354232788,1.671741008758545
2019-02-25,2019-02-26 06:45:00,1.5644530057907104,1.519489049911499
2019-02-25,2019-02-26 07:00:00,1.3429689407348633,1.3322391510009766
2019-02-25,2019-02-26 07:15:00,1.3535159826278687,1.100235939025879
2019-02-25,2019-02-26 07:30:00,1.2374999523162842,0.9246695041656494
2019-02-25,2019-02-26 07:45:00,0.9808589816093445,0.7599985599517822
2019-02-25,2019-02-26 08:00:00,0.9316409826278687,0.5755042433738708
2019-02-25,2019-02-26 08:15:00,0.9140620231628418,0.4705495536327362
2019-02-25,2019-02-26 08:30:00,0.675000011920929,0.33250269293785095
2019-02-25,2019-02-26 08:45:00,0.5378909707069397,0.1951799839735031
2019-02-25,2019-02-26 09:00:00,0.40781301259994507,0.10270937532186508
2019-02-25,2019-02-26 09:15:00,0.29531198740005493,0.025949887931346893
2019-02-25,2019-02-26 09:30:00,0.1511719971895218,0.009611094370484352
2019-02-25,2019-02-26 09:45:00,0.04570300132036209,0.0
2019-02-25,2019-02-26 10:00:00,0.0,0.0
2019-02-25,2019-02-26 10:15:00,0.0,0.0
2019-02-25,2019-02-26 10:30:00,0.0,0.0
2019-02-25,2019-02-26 10:45:00,0.0,0.0
2019-02-25,2019-02-26 11:00:00,0.0,0.0
2019-02-25,2019-02-26 11:15:00,0.0,0.0
2019-02-25,2019-02-26 11:30:00,0.0,0.0
2019-02-25,2019-02-26 11:45:00,0.0,0.0
2019-02-25,2019-02-26 12:00:00,0.0,0.000286140973912552
2019-02-25,2019-02-26 12:15:00,0.0,0.02179756388068199
2019-02-25,2019-02-26 12:30:00,0.0,0.0
2019-02-25,2019-02-26 12:45:00,0.0,0.002451772801578045
2019-02-25,2019-02-26 13:00:00,0.0,0.0
2019-02-25,2019-02-26 13:15:00,0.0,0.0
2019-02-25,2019-02-26 13:30:00,0.0,0.0
2019-02-25,2019-02-26 13:45:00,0.0,0.0
2019-02-25,2019-02-26 14:00:00,0.0,0.0
2019-02-25,2019-02-26 14:15:00,0.0,0.0
2019-02-25,2019-02-26 14:30:00,0.0,0.0
2019-02-25,2019-02-26 14:45:00,0.0,0.0
2019-02-25,2019-02-26 15:00:00,0.0,0.006988523527979851
2019-02-25,2019-02-26 15:15:00,0.0,0.0009097612928599119
2019-02-25,2019-02-26 15:30:00,0.0,0.013027399778366089
2019-02-25,2019-02-26 15:45:00,0.0,0.02716347575187683
2019-02-25,2019-02-26 16:00:00,0.0,0.009536941535770893
2019-02-25,2019-02-26 16:15:00,0.0,0.025724973529577255
2019-02-25,2019-02-26 16:30:00,0.0,0.045460063964128494
2019-02-25,2019-02-26 16:45:00,0.0,0.05873091518878937
2019-02-25,2019-02-26 17:00:00,0.0,0.09237898141145706
2019-02-25,2019-02-26 17:15:00,0.0,0.10615654289722443
2019-02-25,2019-02-26 17:30:00,0.0,0.054006755352020264
2019-02-25,2019-02-26 17:45:00,0.0,0.031101875007152557
2019-02-25,2019-02-26 18:00:00,0.0,0.04343635216355324
2019-02-25,2019-02-26 18:15:00,0.0,0.037282198667526245
2019-02-25,2019-02-26 18:30:00,0.0,0.023410692811012268
2019-02-25,2019-02-26 18:45:00,0.0,0.0
2019-02-25,2019-02-26 19:00:00,0.0,0.0
2019-02-25,2019-02-26 19:15:00,0.0,0.006359394174069166
2019-02-25,2019-02-26 19:30:00,0.0,0.0
2019-02-25,2019-02-26 19:45:00,0.0,0.0
2019-02-25,2019-02-26 20:00:00,0.0,0.0
2019-02-25,2019-02-26 20:15:00,0.0,0.0
2019-02-25,2019-02-26 20:30:00,0.0,0.0
2019-02-25,2019-02-26 20:45:00,0.0,0.0
2019-02-25,2019-02-26 21:00:00,0.0,0.0
2019-02-25,2019-02-26 21:15:00,0.0,0.0
2019-02-25,2019-02-26 21:30:00,0.0,0.0
2019-02-25,2019-02-26 21:45:00,0.0,0.0
2019-02-25,2019-02-26 22:00:00,0.0,0.0
2019-02-25,2019-02-26 22:15:00,0.0,0.0
2019-02-25,2019-02-26 22:30:00,0.0,0.0
2019-02-25,2019-02-26 22:45:00,0.0,0.0
2019-02-25,2019-02-26 23:00:00,0.0,0.0
2019-02-25,2019-02-26 23:15:00,0.0,0.0751626193523407
2019-02-25,2019-02-26 23:30:00,0.12304700165987015,0.1318208873271942
2019-02-25,2019-02-26 23:45:00,0.20742200314998627,0.20107968151569366
2019-02-26,2019-02-27 00:00:00,0.25312501192092896,0.37431561946868896
2019-02-26,2019-02-27 00:15:00,0.4675779938697815,0.5334625244140625
2019-02-26,2019-02-27 00:30:00,0.6890619993209839,0.6763665080070496
2019-02-26,2019-02-27 00:45:00,0.46054700016975403,0.8623321652412415
2019-02-26,2019-02-27 01:00:00,0.5378909707069397,1.0377397537231445
2019-02-26,2019-02-27 01:15:00,0.6574220061302185,1.1968412399291992
2019-02-26,2019-02-27 01:30:00,0.8578130006790161,1.3915647268295288
2019-02-26,2019-02-27 01:45:00,1.0582029819488525,1.621600866317749
2019-02-26,2019-02-27 02:00:00,1.652343988418579,1.8317567110061646
2019-02-26,2019-02-27 02:15:00,1.6207029819488525,2.034877061843872
2019-02-26,2019-02-27 02:30:00,2.133984088897705,2.216846466064453
2019-02-26,2019-02-27 02:45:00,2.1726560592651367,2.38372802734375
2019-02-26,2019-02-27 03:00:00,2.4749999046325684,2.5601067543029785
2019-02-26,2019-02-27 03:15:00,2.671875,2.7312397956848145
2019-02-26,2019-02-27 03:30:00,2.390625,2.838207960128784
2019-02-26,2019-02-27 03:45:00,2.5945310592651367,2.9885413646698
2019-02-26,2019-02-27 04:00:00,2.9496090412139893,3.042212963104248
2019-02-26,2019-02-27 04:15:00,3.0339839458465576,3.0995991230010986
2019-02-26,2019-02-27 04:30:00,2.7351560592651367,3.102908134460449
2019-02-26,2019-02-27 04:45:00,3.0093750953674316,3.0992493629455566
2019-02-26,2019-02-27 05:00:00,2.225390911102295,3.0201642513275146
2019-02-26,2019-02-27 05:15:00,3.2097649574279785,2.9388539791107178
2019-02-26,2019-02-27 05:30:00,3.005858898162842,2.871764659881592
2019-02-26,2019-02-27 05:45:00,2.9039061069488525,2.777026414871216
2019-02-26,2019-02-27 06:00:00,2.924999952316284,2.6027121543884277
2019-02-26,2019-02-27 06:15:00,2.8511719703674316,2.404503107070923
2019-02-26,2019-02-27 06:30:00,2.664844036102295,2.253779411315918
2019-02-26,2019-02-27 06:45:00,2.54531192779541,2.062504291534424
2019-02-26,2019-02-27 07:00:00,2.373047113418579,1.9047712087631226
2019-02-26,2019-02-27 07:15:00,2.1761720180511475,1.6792442798614502
2019-02-26,2019-02-27 07:30:00,1.9863280057907104,1.510657548904419
2019-02-26,2019-02-27 07:45:00,1.8386720418930054,1.2775758504867554
2019-02-26,2019-02-27 08:00:00,1.546875,1.0961555242538452
2019-02-26,2019-02-27 08:15:00,1.3289060592651367,0.8931633234024048
2019-02-26,2019-02-27 08:30:00,1.026561975479126,0.7454994916915894
2019-02-26,2019-02-27 08:45:00,0.7769529819488525,0.5718045830726624
2019-02-26,2019-02-27 09:00:00,0.5167970061302185,0.4358803927898407
2019-02-26,2019-02-27 09:15:00,0.3410159945487976,0.27617910504341125
2019-02-26,2019-02-27 09:30:00,0.19687500596046448,0.15685458481311798
2019-02-26,2019-02-27 09:45:00,0.021093999966979027,0.0748499184846878
2019-02-26,2019-02-27 10:00:00,0.0,0.0
2019-02-26,2019-02-27 10:15:00,0.0,0.0
2019-02-26,2019-02-27 10:30:00,0.0,0.0
2019-02-26,2019-02-27 10:45:00,0.0,0.0
2019-02-26,2019-02-27 11:00:00,0.0,0.0
2019-02-26,2019-02-27 11:15:00,0.0,0.0
2019-02-26,2019-02-27 11:30:00,0.0,0.0
2019-02-26,2019-02-27 11:45:00,0.0,0.0
2019-02-26,2019-02-27 12:00:00,0.0,0.0
2019-02-26,2019-02-27 12:15:00,0.0,0.0
2019-02-26,2019-02-27 12:30:00,0.0,0.0
2019-02-26,2019-02-27 12:45:00,0.0,0.0
2019-02-26,2019-02-27 13:00:00,0.0,0.0
2019-02-26,2019-02-27 13:15:00,0.0,0.0
2019-02-26,2019-02-27 13:30:00,0.0,0.0
2019-02-26,2019-02-27 13:45:00,0.0,0.0
2019-02-26,2019-02-27 14:00:00,0.0,0.0
2019-02-26,2019-02-27 14:15:00,0.0,0.0
2019-02-26,2019-02-27 14:30:00,0.0,0.0
2019-02-26,2019-02-27 14:45:00,0.0,0.0
2019-02-26,2019-02-27 15:00:00,0.0,0.0
2019-02-26,2019-02-27 15:15:00,0.0,0.0
2019-02-26,2019-02-27 15:30:00,0.0,0.015278464183211327
2019-02-26,2019-02-27 15:45:00,0.0,0.0
2019-02-26,2019-02-27 16:00:00,0.0,0.0
2019-02-26,2019-02-27 16:15:00,0.0,0.0
2019-02-26,2019-02-27 16:30:00,0.0,0.0
2019-02-26,2019-02-27 16:45:00,0.0,0.0
2019-02-26,2019-02-27 17:00:00,0.0,0.07699663937091827
2019-02-26,2019-02-27 17:15:00,0.0,0.0683070719242096
2019-02-26,2019-02-27 17:30:00,0.0,0.03833252936601639
2019-02-26,2019-02-27 17:45:00,0.0,0.034105777740478516
2019-02-26,2019-02-27 18:00:00,0.0,0.03336808457970619
2019-02-26,2019-02-27 18:15:00,0.0,0.04288817569613457
2019-02-26,2019-02-27 18:30:00,0.0,0.04669078439474106
2019-02-26,2019-02-27 18:45:00,0.0,0.005770872347056866
2019-02-26,2019-02-27 19:00:00,0.0,0.0
2019-02-26,2019-02-27 19:15:00,0.0,0.06676584482192993
2019-02-26,2019-02-27 19:30:00,0.0,0.024420304223895073
2019-02-26,2019-02-27 19:45:00,0.0,0.008626675233244896
2019-02-26,2019-02-27 20:00:00,0.0,0.0
2019-02-26,2019-02-27 20:15:00,0.0,0.01307525672018528
2019-02-26,2019-02-27 20:30:00,0.0,0.0
2019-02-26,2019-02-27 20:45:00,0.0,0.0
2019-02-26,2019-02-27 21:00:00,0.0,0.0
2019-02-26,2019-02-27 21:15:00,0.0,0.0
2019-02-26,2019-02-27 21:30:00,0.0,0.0
2019-02-26,2019-02-27 21:45:00,0.0,0.0
2019-02-26,2019-02-27 22:00:00,0.0,0.0
2019-02-26,2019-02-27 22:15:00,0.0,0.0
2019-02-26,2019-02-27 22:30:00,0.0,0.0
2019-02-26,2019-02-27 22:45:00,0.0,0.0
2019-02-26,2019-02-27 23:00:00,0.0,0.0
2019-02-26,2019-02-27 23:15:00,0.03867200016975403,0.0
2019-02-26,2019-02-27 23:30:00,0.08437500149011612,0.046174414455890656
2019-02-26,2019-02-27 23:45:00,0.24257799983024597,0.11830424517393112
2019-02-27,2019-02-28 00:00:00,0.3480469882488251,0.34617698192596436
2019-02-27,2019-02-28 00:15:00,0.49921900033950806,0.49092093110084534
2019-02-27,2019-02-28 00:30:00,0.6433590054512024,0.598120391368866
2019-02-27,2019-02-28 00:45:00,0.8050780296325684,0.7996609210968018
2019-02-27,2019-02-28 01:00:00,0.9914060235023499,0.9441362023353577
2019-02-27,2019-02-28 01:15:00,1.132030963897705,1.1409459114074707
2019-02-27,2019-02-28 01:30:00,1.3359379768371582,1.303449034690857
2019-02-27,2019-02-28 01:45:00,1.4800779819488525,1.4723893404006958
2019-02-27,2019-02-28 02:00:00,1.5328119993209839,1.629271149635315
2019-02-27,2019-02-28 02:15:00,1.6347659826278687,1.8347879648208618
2019-02-27,2019-02-28 02:30:00,1.8105469942092896,1.9402881860733032
2019-02-27,2019-02-28 02:45:00,1.6839840412139893,2.0930628776550293
2019-02-27,2019-02-28 03:00:00,1.638280987739563,2.2515344619750977
2019-02-27,2019-02-28 03:15:00,1.6839840412139893,2.3824400901794434
2019-02-27,2019-02-28 03:30:00,1.9476560354232788,2.4553465843200684
2019-02-27,2019-02-28 03:45:00,1.9652340412139893,2.552548408508301
2019-02-27,2019-02-28 04:00:00,2.133984088897705,2.5753417015075684
2019-02-27,2019-02-28 04:15:00,1.8597660064697266,2.6376285552978516
2019-02-27,2019-02-28 04:30:00,1.3851560354232788,2.6215744018554688
2019-02-27,2019-02-28 04:45:00,1.2761720418930054,2.640141248703003
2019-02-27,2019-02-28 05:00:00,1.3816410303115845,2.569654941558838
2019-02-27,2019-02-28 05:15:00,1.9863280057907104,2.5472054481506348
2019-02-27,2019-02-28 05:30:00,2.1867189407348633,2.414573907852173
2019-02-27,2019-02-28 05:45:00,2.102344036102295,2.350637674331665
2019-02-27,2019-02-28 06:00:00,2.003906011581421,2.1492056846618652
2019-02-27,2019-02-28 06:15:00,1.828125,2.00984787940979
2019-02-27,2019-02-28 06:30:00,1.6875,1.9336074590682983
2019-02-27,2019-02-28 06:45:00,1.6488280296325684,1.8083678483963013
2019-02-27,2019-02-28 07:00:00,1.553905963897705,1.6421849727630615
2019-02-27,2019-02-28 07:15:00,1.455469012260437,1.427040457725525
2019-02-27,2019-02-28 07:30:00,1.3921869993209839,1.319047212600708
2019-02-27,2019-02-28 07:45:00,1.1707030534744263,1.142582654953003
2019-02-27,2019-02-28 08:00:00,1.075780987739563,0.9414498805999756
2019-02-27,2019-02-28 08:15:00,0.8894529938697815,0.8369672894477844
2019-02-27,2019-02-28 08:30:00,0.7101560235023499,0.6548357009887695
2019-02-27,2019-02-28 08:45:00,0.541405975818634,0.5576468706130981
2019-02-27,2019-02-28 09:00:00,0.41484400629997253,0.4615359604358673
2019-02-27,2019-02-28 09:15:00,0.2460940033197403,0.3225383758544922
2019-02-27,2019-02-28 09:30:00,0.140625,0.2005036622285843
2019-02-27,2019-02-28 09:45:00,0.05624999850988388,0.1336764395236969
2019-02-27,2019-02-28 10:00:00,0.0,0.05171032249927521
2019-02-27,2019-02-28 10:15:00,0.0,0.05505005642771721
2019-02-27,2019-02-28 10:30:00,0.0,0.0
2019-02-27,2019-02-28 10:45:00,0.0,0.0
2019-02-27,2019-02-28 11:00:00,0.0,0.0
2019-02-27,2019-02-28 11:15:00,0.0,0.0
2019-02-27,2019-02-28 11:30:00,0.0,0.0
2019-02-27,2019-02-28 11:45:00,0.0,0.0
2019-02-27,2019-02-28 12:00:00,0.0,0.0
2019-02-27,2019-02-28 12:15:00,0.0,0.0
2019-02-27,2019-02-28 12:30:00,0.0,0.0
2019-02-27,2019-02-28 12:45:00,0.0,0.0
2019-02-27,2019-02-28 13:00:00,0.0,0.0
2019-02-27,2019-02-28 13:15:00,0.0,0.0
2019-02-27,2019-02-28 13:30:00,0.0,0.0
2019-02-27,2019-02-28 13:45:00,0.0,0.0
2019-02-27,2019-02-28 14:00:00,0.0,0.0
2019-02-27,2019-02-28 14:15:00,0.0,0.0
2019-02-27,2019-02-28 14:30:00,0.0,0.0
2019-02-27,2019-02-28 14:45:00,0.0,0.0
2019-02-27,2019-02-28 15:00:00,0.0,0.0
2019-02-27,2019-02-28 15:15:00,0.0,0.0
2019-02-27,2019-02-28 15:30:00,0.0,0.0
2019-02-27,2019-02-28 15:45:00,0.0,0.0
2019-02-27,2019-02-28 16:00:00,0.0,0.0
2019-02-27,2019-02-28 16:15:00,0.0,0.0
2019-02-27,2019-02-28 16:30:00,0.0,0.0
2019-02-27,2019-02-28 16:45:00,0.0,0.0
2019-02-27,2019-02-28 17:00:00,0.0,0.0
2019-02-27,2019-02-28 17:15:00,0.0,0.060997288674116135
2019-02-27,2019-02-28 17:30:00,0.0,0.0
2019-02-27,2019-02-28 17:45:00,0.0,0.01015821285545826
2019-02-27,2019-02-28 18:00:00,0.0,0.045354101806879044
2019-02-27,2019-02-28 18:15:00,0.0,0.021893329918384552
2019-02-27,2019-02-28 18:30:00,0.0,0.012651176191866398
2019-02-27,2019-02-28 18:45:00,0.0,0.019147541373968124
2019-02-27,2019-02-28 19:00:00,0.0,0.007110123988240957
2019-02-27,2019-02-28 19:15:00,0.0,0.1127852201461792
2019-02-27,2019-02-28 19:30:00,0.0,0.019204601645469666
2019-02-27,2019-02-28 19:45:00,0.0,0.05031651258468628
2019-02-27,2019-02-28 20:00:00,0.0,0.0
2019-02-27,2019-02-28 20:15:00,0.0,0.010537028312683105
2019-02-27,2019-02-28 20:30:00,0.0,0.0
2019-02-27,2019-02-28 20:45:00,0.0,0.0
2019-02-27,2019-02-28 21:00:00,0.0,0.0
2019-02-27,2019-02-28 21:15:00,0.0,0.0
2019-02-27,2019-02-28 21:30:00,0.0,0.0
2019-02-27,2019-02-28 21:45:00,0.0,0.0
2019-02-27,2019-02-28 22:00:00,0.0,0.0
2019-02-27,2019-02-28 22:15:00,0.0,0.0
2019-02-27,2019-02-28 22:30:00,0.0,0.0
2019-02-27,2019-02-28 22:45:00,0.0,0.0
2019-02-27,2019-02-28 23:00:00,0.0,0.0
2019-02-27,2019-02-28 23:15:00,0.04570300132036209,0.0
2019-02-27,2019-02-28 23:30:00,0.11953099817037582,0.0
2019-02-27,2019-02-28 23:45:00,0.2460940033197403,0.05837604030966759
2019-05-24,2019-05-25 00:00:00,1.8949220180511475,1.8414404392242432
2019-05-24,2019-05-25 00:15:00,2.133984088897705,2.041454553604126
2019-05-24,2019-05-25 00:30:00,2.3765621185302734,2.2095203399658203
2019-05-24,2019-05-25 00:45:00,2.6050779819488525,2.4149386882781982
2019-05-24,2019-05-25 01:00:00,2.8687500953674316,2.5355517864227295
2019-05-24,2019-05-25 01:15:00,3.0796871185302734,2.750943183898926
2019-05-24,2019-05-25 01:30:00,3.244921922683716,2.8560631275177
2019-05-24,2019-05-25 01:45:00,3.417186975479126,2.8634512424468994
2019-05-24,2019-05-25 02:00:00,3.5542969703674316,3.0737857818603516
2019-05-24,2019-05-25 02:15:00,3.684375047683716,3.1445746421813965
2019-05-24,2019-05-25 02:30:00,3.7722649574279785,3.1875710487365723
2019-05-24,2019-05-25 02:45:00,3.81093692779541,3.240657329559326
2019-05-24,2019-05-25 03:00:00,3.8460938930511475,3.359042167663574
2019-05-24,2019-05-25 03:15:00,3.779297113418579,3.387732982635498
2019-05-24,2019-05-25 03:30:00,3.726562023162842,3.277984619140625
2019-05-24,2019-05-25 03:45:00,3.645703077316284,3.3788251876831055
2019-05-24,2019-05-25 04:00:00,3.645703077316284,3.2880945205688477
2019-05-24,2019-05-25 04:15:00,3.6175780296325684,3.3374030590057373
2019-05-24,2019-05-25 04:30:00,3.6140620708465576,3.328310966491699
2019-05-24,2019-05-25 04:45:00,3.666796922683716,3.2694106101989746
2019-05-24,2019-05-25 05:00:00,3.522655963897705,3.305680751800537
2019-05-24,2019-05-25 05:15:00,3.698436975479126,3.212648391723633
2019-05-24,2019-05-25 05:30:00,3.568358898162842,3.1936569213867188
2019-05-24,2019-05-25 05:45:00,3.649219036102295,3.1063687801361084
2019-05-24,2019-05-25 06:00:00,3.6140620708465576,2.9768218994140625
2019-05-24,2019-05-25 06:15:00,3.4769530296325684,2.9289562702178955
2019-05-24,2019-05-25 06:30:00,3.540234088897705,2.8936190605163574
2019-05-24,2019-05-25 06:45:00,3.4066410064697266,2.814415693283081
2019-05-24,2019-05-25 07:00:00,3.339843988418579,2.5682854652404785
2019-05-24,2019-05-25 07:15:00,3.1921870708465576,2.466709852218628
2019-05-24,2019-05-25 07:30:00,3.0093750953674316,2.400516986846924
2019-05-24,2019-05-25 07:45:00,2.7914059162139893,2.239349842071533
2019-05-24,2019-05-25 08:00:00,2.489063024520874,1.9306721687316895
2019-05-24,2019-05-25 08:15:00,2.548827886581421,1.9498032331466675
2019-05-24,2019-05-25 08:30:00,2.1937499046325684,1.5406817197799683
2019-05-24,2019-05-25 08:45:00,1.5679689645767212,1.5050749778747559
2019-05-24,2019-05-25 09:00:00,1.4589840173721313,1.3682688474655151
2019-05-24,2019-05-25 09:15:00,0.6468750238418579,1.181443691253662
2019-05-24,2019-05-25 09:30:00,1.399219036102295,0.9268234372138977
2019-05-24,2019-05-25 09:45:00,0.8964840173721313,0.7249594330787659
2019-05-24,2019-05-25 10:00:00,0.611719012260437,0.6794204115867615
2019-05-24,2019-05-25 10:15:00,0.5554689764976501,0.49762725830078125
2019-05-24,2019-05-25 10:30:00,0.14414100348949432,0.28193992376327515
2019-05-24,2019-05-25 10:45:00,0.16875000298023224,0.1938096433877945
2019-05-24,2019-05-25 11:00:00,0.08789099752902985,0.20854733884334564
2019-05-24,2019-05-25 11:15:00,0.0,0.19475559890270233
2019-05-24,2019-05-25 11:30:00,0.0,0.07009220868349075
2019-05-24,2019-05-25 11:45:00,0.0,0.0846073105931282
2019-05-24,2019-05-25 12:00:00,0.0,0.0015307299327105284
2019-05-24,2019-05-25 12:15:00,0.0,0.03136076405644417
2019-05-24,2019-05-25 12:30:00,0.0,0.0
2019-05-24,2019-05-25 12:45:00,0.0,0.048925306648015976
2019-05-24,2019-05-25 13:00:00,0.0,0.015499160625040531
2019-05-24,2019-05-25 13:15:00,0.0,0.0
2019-05-24,2019-05-25 13:30:00,0.0,0.0
2019-05-24,2019-05-25 13:45:00,0.0,0.0
2019-05-24,2019-05-25 14:00:00,0.0,0.0
2019-05-24,2019-05-25 14:15:00,0.0,0.0
2019-05-24,2019-05-25 14:30:00,0.0,0.0
2019-05-24,2019-05-25 14:45:00,0.0,0.0
2019-05-24,2019-05-25 15:00:00,0.0,0.0
2019-05-24,2019-05-25 15:15:00,0.0,0.0
2019-05-24,2019-05-25 15:30:00,0.0,0.0
2019-05-24,2019-05-25 15:45:00,0.0,0.0
2019-05-24,2019-05-25 16:00:00,0.0,0.0
2019-05-24,2019-05-25 16:15:00,0.0,0.0
2019-05-24,2019-05-25 16:30:00,0.0,0.0
2019-05-24,2019-05-25 16:45:00,0.0,0.0
2019-05-24,2019-05-25 17:00:00,0.0,0.0
2019-05-24,2019-05-25 17:15:00,0.0,0.04303385689854622
2019-05-24,2019-05-25 17:30:00,0.0,0.0
2019-05-24,2019-05-25 17:45:00,0.0,0.0
2019-05-24,2019-05-25 18:00:00,0.0,0.017182162031531334
2019-05-24,2019-05-25 18:15:00,0.0,0.0
2019-05-24,2019-05-25 18:30:00,0.0,0.0
2019-05-24,2019-05-25 18:45:00,0.0,0.0
2019-05-24,2019-05-25 19:00:00,0.0,0.0
2019-05-24,2019-05-25 19:15:00,0.0,0.08162747323513031
2019-05-24,2019-05-25 19:30:00,0.0,0.05418456718325615
2019-05-24,2019-05-25 19:45:00,0.0,0.0974719300866127
2019-05-24,2019-05-25 20:00:00,0.0,0.011996862478554249
2019-05-24,2019-05-25 20:15:00,0.0,0.027631808072328568
2019-05-24,2019-05-25 20:30:00,0.0,0.08659525960683823
2019-05-24,2019-05-25 20:45:00,0.0,0.14793364703655243
2019-05-24,2019-05-25 21:00:00,0.0,0.26599958539009094
2019-05-24,2019-05-25 21:15:00,0.0,0.024015111848711967
2019-05-24,2019-05-25 21:30:00,0.05624999850988388,0.09000808000564575
2019-05-24,2019-05-25 21:45:00,0.1300780028104782,0.15487359464168549
2019-05-24,2019-05-25 22:00:00,0.24960899353027344,0.16390082240104675
2019-05-24,2019-05-25 22:15:00,0.3550780117511749,0.23643913865089417
2019-05-24,2019-05-25 22:30:00,0.541405975818634,0.193185955286026
2019-05-24,2019-05-25 22:45:00,0.7734379768371582,0.4065338373184204
2019-05-24,2019-05-25 23:00:00,0.9527339935302734,0.4542611539363861
2019-05-24,2019-05-25 23:15:00,1.033594012260437,0.5900880098342896
2019-05-24,2019-05-25 23:30:00,1.209375023841858,0.6946118474006653
2019-05-24,2019-05-25 23:45:00,1.4730470180511475,0.7489178776741028
2019-05-25,2019-05-26 00:00:00,1.6734369993209839,1.2958860397338867
2019-05-25,2019-05-26 00:15:00,1.9582029581069946,1.4524284601211548
2019-05-25,2019-05-26 00:30:00,1.5996090173721313,1.622584342956543
2019-05-25,2019-05-26 00:45:00,2.0882809162139893,1.8269959688186646
2019-05-25,2019-05-26 01:00:00,2.6121089458465576,1.9284796714782715
2019-05-25,2019-05-26 01:15:00,2.784374952316284,2.058079242706299
2019-05-25,2019-05-26 01:30:00,2.661328077316284,2.2319447994232178
2019-05-25,2019-05-26 01:45:00,3.0128910541534424,2.283792018890381
2019-05-25,2019-05-26 02:00:00,3.487499952316284,2.3294262886047363
2019-05-25,2019-05-26 02:15:00,1.9546869993209839,2.5073697566986084
2019-05-25,2019-05-26 02:30:00,3.2554690837860107,2.5883710384368896
2019-05-25,2019-05-26 02:45:00,3.5613279342651367,2.7132675647735596
2019-05-25,2019-05-26 03:00:00,1.9652340412139893,2.774606943130493
2019-05-25,2019-05-26 03:15:00,2.337891101837158,2.7833521366119385
2019-05-25,2019-05-26 03:30:00,2.5101559162139893,2.790631055831909
2019-05-25,2019-05-26 03:45:00,2.12343692779541,2.931276798248291
2019-05-25,2019-05-26 04:00:00,3.2941410541534424,2.922459602355957
2019-05-25,2019-05-26 04:15:00,3.2660160064697266,2.885004997253418
2019-05-25,2019-05-26 04:30:00,2.373047113418579,3.073507308959961
2019-05-25,2019-05-26 04:45:00,3.779297113418579,2.9862117767333984
2019-05-25,2019-05-26 05:00:00,3.4910149574279785,3.0187621116638184
2019-05-25,2019-05-26 05:15:00,3.287108898162842,2.9951424598693848
2019-05-25,2019-05-26 05:30:00,2.696484088897705,3.0687732696533203
2019-05-25,2019-05-26 05:45:00,1.3957029581069946,2.9961624145507812
2019-05-25,2019-05-26 06:00:00,2.647265911102295,2.893733024597168
2019-05-25,2019-05-26 06:15:00,1.7613279819488525,2.8392322063446045
2019-05-25,2019-05-26 06:30:00,2.96718692779541,2.789125442504883
2019-05-25,2019-05-26 06:45:00,2.8968749046325684,2.6554079055786133
2019-05-25,2019-05-26 07:00:00,2.6578121185302734,2.5054221153259277
2019-05-25,2019-05-26 07:15:00,2.661328077316284,2.314283609390259
2019-05-25,2019-05-26 07:30:00,2.489063024520874,2.2545793056488037
2019-05-25,2019-05-26 07:45:00,0.48515599966049194,1.9757643938064575
2019-05-25,2019-05-26 08:00:00,0.5273439884185791,1.7216095924377441
2019-05-25,2019-05-26 08:15:00,0.7804690003395081,1.541880488395691
2019-05-25,2019-05-26 08:30:00,0.24960899353027344,1.2271026372909546
2019-05-25,2019-05-26 08:45:00,1.2023439407348633,1.1675708293914795
2019-05-25,2019-05-26 09:00:00,1.2761720418930054,0.9550889730453491
2019-05-25,2019-05-26 09:15:00,1.2339839935302734,0.7475028038024902
2019-05-25,2019-05-26 09:30:00,0.9175779819488525,0.5381891131401062
2019-05-25,2019-05-26 09:45:00,0.46054700016975403,0.4083310663700104
2019-05-25,2019-05-26 10:00:00,0.42890599370002747,0.3076951503753662
2019-05-25,2019-05-26 10:15:00,0.5519530177116394,0.21207289397716522
2019-05-25,2019-05-26 10:30:00,0.052733998745679855,0.10610749572515488
2019-05-25,2019-05-26 10:45:00,0.0,0.0980096384882927
2019-05-25,2019-05-26 11:00:00,0.0,0.10780372470617294
2019-05-25,2019-05-26 11:15:00,0.0,0.144497811794281
2019-05-25,2019-05-26 11:30:00,0.0,0.03940228000283241
2019-05-25,2019-05-26 11:45:00,0.0,0.04142538830637932
2019-05-25,2019-05-26 12:00:00,0.0,0.02874494530260563
2019-05-25,2019-05-26 12:15:00,0.0,0.0625285804271698
2019-05-25,2019-05-26 12:30:00,0.0,0.024276794865727425
2019-05-25,2019-05-26 12:45:00,0.0,0.03680124878883362
2019-05-25,2019-05-26 13:00:00,0.0,0.05794557183980942
2019-05-25,2019-05-26 13:15:00,0.0,0.01848667487502098
2019-05-25,2019-05-26 13:30:00,0.0,0.0
2019-05-25,2019-05-26 13:45:00,0.0,0.013673082925379276
2019-05-25,2019-05-26 14:00:00,0.0,0.0
2019-05-25,2019-05-26 14:15:00,0.0,0.03150711953639984
2019-05-25,2019-05-26 14:30:00,0.0,0.0
2019-05-25,2019-05-26 14:45:00,0.0,0.05809935927391052
2019-05-25,2019-05-26 15:00:00,0.0,0.032695043832063675
2019-05-25,2019-05-26 15:15:00,0.0,0.06393308192491531
2019-05-25,2019-05-26 15:30:00,0.0,0.0
2019-05-25,2019-05-26 15:45:00,0.0,0.011446368880569935
2019-05-25,2019-05-26 16:00:00,0.0,0.100740447640419
2019-05-25,2019-05-26 16:15:00,0.0,0.02850237488746643
2019-05-25,2019-05-26 16:30:00,0.0,0.05232551321387291
2019-05-25,2019-05-26 16:45:00,0.0,0.10823042690753937
2019-05-25,2019-05-26 17:00:00,0.0,0.12030375748872757
2019-05-25,2019-05-26 17:15:00,0.0,0.10442055761814117
2019-05-25,2019-05-26 17:30:00,0.0,0.022838667035102844
2019-05-25,2019-05-26 17:45:00,0.0,0.15193063020706177
2019-05-25,2019-05-26 18:00:00,0.0,0.14693982899188995
2019-05-25,2019-05-26 18:15:00,0.0,0.045263323932886124
2019-05-25,2019-05-26 18:30:00,0.0,0.07050108164548874
2019-05-25,2019-05-26 18:45:00,0.0,0.06924068182706833
2019-05-25,2019-05-26 19:00:00,0.0,0.02003243751823902
2019-05-25,2019-05-26 19:15:00,0.0,0.07737644761800766
2019-05-25,2019-05-26 19:30:00,0.0,0.0
2019-05-25,2019-05-26 19:45:00,0.0,0.0
2019-05-25,2019-05-26 20:00:00,0.0,0.0
2019-05-25,2019-05-26 20:15:00,0.0,0.0
2019-05-25,2019-05-26 20:30:00,0.0,0.0
2019-05-25,2019-05-26 20:45:00,0.0,0.0
2019-05-25,2019-05-26 21:00:00,0.0,0.045120492577552795
2019-05-25,2019-05-26 21:15:00,0.014062000438570976,0.019594183191657066
2019-05-25,2019-05-26 21:30:00,0.021093999966979027,0.07519897073507309
2019-05-25,2019-05-26 21:45:00,0.1757809966802597,0.20198370516300201
2019-05-25,2019-05-26 22:00:00,0.291797012090683,0.3362084627151489
2019-05-25,2019-05-26 22:15:00,0.4675779938697815,0.5793106555938721
2019-05-25,2019-05-26 22:30:00,0.5695310235023499,0.7806118726730347
2019-05-25,2019-05-26 22:45:00,1.0300780534744263,1.0902565717697144
2019-05-25,2019-05-26 23:00:00,1.3957029581069946,1.3343703746795654
2019-05-25,2019-05-26 23:15:00,1.4273439645767212,1.598396897315979
2019-05-25,2019-05-26 23:30:00,1.8562500476837158,1.87118661403656
2019-05-25,2019-05-26 23:45:00,2.1585938930511475,2.020684242248535
2019-05-26,2019-05-27 00:00:00,1.8878910541534424,2.383842945098877
2019-05-26,2019-05-27 00:15:00,1.863281011581421,2.694345235824585
2019-05-26,2019-05-27 00:30:00,2.700000047683716,2.9995617866516113
2019-05-26,2019-05-27 00:45:00,2.9390621185302734,3.386220693588257
2019-05-26,2019-05-27 01:00:00,3.550781011581421,3.6287498474121094
2019-05-26,2019-05-27 01:15:00,3.8425779342651367,3.7614006996154785
2019-05-26,2019-05-27 01:30:00,3.8425779342651367,4.070467948913574
2019-05-26,2019-05-27 01:45:00,4.23281192779541,4.210325717926025
2019-05-26,2019-05-27 02:00:00,4.545702934265137,4.492884635925293
2019-05-26,2019-05-27 02:15:00,4.682812213897705,4.5822529792785645
2019-05-26,2019-05-27 02:30:00,4.633594036102295,4.674224853515625
2019-05-26,2019-05-27 02:45:00,4.7390618324279785,4.697390556335449
2019-05-26,2019-05-27 03:00:00,4.900781154632568,4.822134017944336
2019-05-26,2019-05-27 03:15:00,4.964062213897705,4.82099723815918
2019-05-26,2019-05-27 03:30:00,4.92539119720459,4.872446537017822
2019-05-26,2019-05-27 03:45:00,4.865624904632568,4.91022253036499
2019-05-26,2019-05-27 04:00:00,4.798828125,4.8316521644592285
2019-05-26,2019-05-27 04:15:00,4.6160149574279785,4.847855091094971
2019-05-26,2019-05-27 04:30:00,4.50351619720459,4.7532172203063965
2019-05-26,2019-05-27 04:45:00,4.387499809265137,4.713953495025635
2019-05-26,2019-05-27 05:00:00,4.278514862060547,4.56798791885376
2019-05-26,2019-05-27 05:15:00,4.36289119720459,4.498764991760254
2019-05-26,2019-05-27 05:30:00,4.187108993530273,4.376746654510498
2019-05-26,2019-05-27 05:45:00,4.169530868530273,4.2512288093566895
2019-05-26,2019-05-27 06:00:00,3.9410150051116943,4.126519680023193
2019-05-26,2019-05-27 06:15:00,3.6421871185302734,3.8956987857818604
2019-05-26,2019-05-27 06:30:00,3.4769530296325684,3.772113084793091
2019-05-26,2019-05-27 06:45:00,2.7281250953674316,3.5568249225616455
2019-05-26,2019-05-27 07:00:00,1.2199219465255737,3.3251736164093018
2019-05-26,2019-05-27 07:15:00,3.8882811069488525,3.075011730194092
2019-05-26,2019-05-27 07:30:00,3.5929689407348633,2.9295759201049805
2019-05-26,2019-05-27 07:45:00,3.4699220657348633,2.6465535163879395
2019-05-26,2019-05-27 08:00:00,2.5101559162139893,2.3142478466033936
2019-05-26,2019-05-27 08:15:00,2.0179688930511475,2.0158638954162598
2019-05-26,2019-05-27 08:30:00,2.1691410541534424,1.7901638746261597
2019-05-26,2019-05-27 08:45:00,2.2113280296325684,1.5358397960662842
2019-05-26,2019-05-27 09:00:00,0.935155987739563,1.240134358406067
2019-05-26,2019-05-27 09:15:00,1.40625,0.9327336549758911
2019-05-26,2019-05-27 09:30:00,1.0863280296325684,0.7075325846672058
2019-05-26,2019-05-27 09:45:00,0.9527339935302734,0.4916585087776184
2019-05-26,2019-05-27 10:00:00,0.6433590054512024,0.3427833616733551
2019-05-26,2019-05-27 10:15:00,0.5871090292930603,0.24632348120212555
2019-05-26,2019-05-27 10:30:00,0.48515599966049194,0.1744789332151413
2019-05-26,2019-05-27 10:45:00,0.40781301259994507,0.06381913274526596
2019-05-26,2019-05-27 11:00:00,0.2003909945487976,0.0126555897295475
2019-05-26,2019-05-27 11:15:00,0.007031000219285488,0.0
2019-05-26,2019-05-27 11:30:00,0.0,0.0
2019-05-26,2019-05-27 11:45:00,0.0,0.0
2019-05-26,2019-05-27 12:00:00,0.0,0.0
2019-05-26,2019-05-27 12:15:00,0.0,0.0
2019-05-26,2019-05-27 12:30:00,0.0,0.0
2019-05-26,2019-05-27 12:45:00,0.0,0.0
2019-05-26,2019-05-27 13:00:00,0.0,0.0
2019-05-26,2019-05-27 13:15:00,0.0,0.0
2019-05-26,2019-05-27 13:30:00,0.0,0.0
2019-05-26,2019-05-27 13:45:00,0.0,0.0
2019-05-26,2019-05-27 14:00:00,0.0,0.0
2019-05-26,2019-05-27 14:15:00,0.0,0.01601245440542698
2019-05-26,2019-05-27 14:30:00,0.0,0.06781037151813507
2019-05-26,2019-05-27 14:45:00,0.0,0.0
2019-05-26,2019-05-27 15:00:00,0.0,0.00962186511605978
2019-05-26,2019-05-27 15:15:00,0.0,0.04666405916213989
2019-05-26,2019-05-27 15:30:00,0.0,0.06388705223798752
2019-05-26,2019-05-27 15:45:00,0.0,0.023066112771630287
2019-05-26,2019-05-27 16:00:00,0.0,0.0062187169678509235
2019-05-26,2019-05-27 16:15:00,0.0,0.0
2019-05-26,2019-05-27 16:30:00,0.0,0.03579133003950119
2019-05-26,2019-05-27 16:45:00,0.0,0.057237688452005386
2019-05-26,2019-05-27 17:00:00,0.0,0.14986106753349304
2019-05-26,2019-05-27 17:15:00,0.0,0.1419420838356018
2019-05-26,2019-05-27 17:30:00,0.0,0.05083838477730751
2019-05-26,2019-05-27 17:45:00,0.0,0.16332833468914032
2019-05-26,2019-05-27 18:00:00,0.0,0.11505721509456635
2019-05-26,2019-05-27 18:15:00,0.0,0.08311763405799866
2019-05-26,2019-05-27 18:30:00,0.0,0.0850776955485344
2019-05-26,2019-05-27 18:45:00,0.0,0.0
2019-05-26,2019-05-27 19:00:00,0.0,0.0
2019-05-26,2019-05-27 19:15:00,0.0,0.02884790487587452
2019-05-26,2019-05-27 19:30:00,0.0,0.0
2019-05-26,2019-05-27 19:45:00,0.0,0.0
2019-05-26,2019-05-27 20:00:00,0.0,0.0
2019-05-26,2019-05-27 20:15:00,0.0,0.0
2019-05-26,2019-05-27 20:30:00,0.0,0.0
2019-05-26,2019-05-27 20:45:00,0.0,0.0
2019-05-26,2019-05-27 21:00:00,0.0,0.0
2019-05-26,2019-05-27 21:15:00,0.042187999933958054,0.01453026570379734
2019-05-26,2019-05-27 21:30:00,0.1757809966802597,0.022323038429021835
2019-05-26,2019-05-27 21:45:00,0.22499999403953552,0.06495046615600586
2019-05-26,2019-05-27 22:00:00,0.330469012260437,0.24845363199710846
2019-05-26,2019-05-27 22:15:00,0.4781250059604645,0.39147624373435974
2019-05-26,2019-05-27 22:30:00,0.703125,0.6543969511985779
2019-05-26,2019-05-27 22:45:00,0.935155987739563,0.8841886520385742
2019-05-26,2019-05-27 23:00:00,1.2269530296325684,1.150668978691101
2019-05-26,2019-05-27 23:15:00,1.539844036102295,1.4158872365951538
2019-05-26,2019-05-27 23:30:00,1.8562500476837158,1.79094398021698
2019-05-26,2019-05-27 23:45:00,2.12343692779541,1.9895684719085693
2019-05-27,2019-05-28 00:00:00,2.4117190837860107,2.48580265045166
2019-05-27,2019-05-28 00:15:00,2.682421922683716,2.7663424015045166
2019-05-27,2019-05-28 00:30:00,2.9214839935302734,3.0940918922424316
2019-05-27,2019-05-28 00:45:00,3.164062023162842,3.470036268234253
2019-05-27,2019-05-28 01:00:00,3.3714840412139893,3.7098641395568848
2019-05-27,2019-05-28 01:15:00,3.5789060592651367,3.8828794956207275
2019-05-27,2019-05-28 01:30:00,3.7195310592651367,4.231045722961426
2019-05-27,2019-05-28 01:45:00,3.8953120708465576,4.399013042449951
2019-05-27,2019-05-28 02:00:00,4.004296779632568,4.765890598297119
2019-05-27,2019-05-28 02:15:00,3.9375,4.814754009246826
2019-05-27,2019-05-28 02:30:00,4.018359184265137,4.948779582977295
2019-05-27,2019-05-28 02:45:00,4.095703125,4.980432987213135
2019-05-27,2019-05-28 03:00:00,4.130858898162842,5.175321102142334
2019-05-27,2019-05-28 03:15:00,4.229297161102295,5.139159679412842
2019-05-27,2019-05-28 03:30:00,4.257421970367432,5.365240573883057
2019-05-27,2019-05-28 03:45:00,4.267969131469727,5.309049606323242
2019-05-27,2019-05-28 04:00:00,4.21523380279541,5.248653411865234
2019-05-27,2019-05-28 04:15:00,4.225780963897705,5.407712459564209
2019-05-27,2019-05-28 04:30:00,4.123827934265137,5.25937557220459
2019-05-27,2019-05-28 04:45:00,4.106249809265137,5.312491416931152
2019-05-27,2019-05-28 05:00:00,4.162499904632568,5.117837429046631
2019-05-27,2019-05-28 05:15:00,4.141406059265137,5.209706783294678
2019-05-27,2019-05-28 05:30:00,4.123827934265137,4.954087257385254
2019-05-27,2019-05-28 05:45:00,4.088672161102295,4.928081512451172
2019-05-27,2019-05-28 06:00:00,4.011328220367432,4.834121227264404
2019-05-27,2019-05-28 06:15:00,3.9691410064697266,4.654694557189941
2019-05-27,2019-05-28 06:30:00,3.979686975479126,4.547413349151611
2019-05-27,2019-05-28 06:45:00,3.8460938930511475,4.476221084594727
2019-05-27,2019-05-28 07:00:00,3.761718988418579,4.282988548278809
2019-05-27,2019-05-28 07:15:00,3.6140620708465576,3.9534661769866943
2019-05-27,2019-05-28 07:30:00,3.4242188930511475,3.8382232189178467
2019-05-27,2019-05-28 07:45:00,3.216797113418579,3.709474563598633
2019-05-27,2019-05-28 08:00:00,3.0269529819488525,3.3413143157958984
2019-05-27,2019-05-28 08:15:00,2.7703120708465576,3.031352996826172
2019-05-27,2019-05-28 08:30:00,2.53125,2.8001034259796143
2019-05-27,2019-05-28 08:45:00,2.267577886581421,2.4421682357788086
2019-05-27,2019-05-28 09:00:00,1.96875,2.1183505058288574
2019-05-27,2019-05-28 09:15:00,1.6734369993209839,1.7832123041152954
2019-05-27,2019-05-28 09:30:00,1.3675780296325684,1.4759351015090942
2019-05-27,2019-05-28 09:45:00,1.068750023841858,1.1734684705734253
2019-05-27,2019-05-28 10:00:00,0.8015620112419128,0.8598158955574036
2019-05-27,2019-05-28 10:15:00,0.5484369993209839,0.6959785223007202
2019-05-27,2019-05-28 10:30:00,0.26718801259994507,0.5164687633514404
2019-05-27,2019-05-28 10:45:00,0.15820300579071045,0.3300466537475586
2019-05-27,2019-05-28 11:00:00,0.10195299983024597,0.15764591097831726
2019-05-27,2019-05-28 11:15:00,0.014062000438570976,0.0
2019-05-27,2019-05-28 11:30:00,0.0,0.0
2019-05-27,2019-05-28 11:45:00,0.0,0.0
2019-05-27,2019-05-28 12:00:00,0.0,0.0
2019-05-27,2019-05-28 12:15:00,0.0,0.0
2019-05-27,2019-05-28 12:30:00,0.0,0.0
2019-05-27,2019-05-28 12:45:00,0.0,0.0
2019-05-27,2019-05-28 13:00:00,0.0,0.0
2019-05-27,2019-05-28 13:15:00,0.0,0.0
2019-05-27,2019-05-28 13:30:00,0.0,0.0
2019-05-27,2019-05-28 13:45:00,0.0,0.0
2019-05-27,2019-05-28 14:00:00,0.0,0.0
2019-05-27,2019-05-28 14:15:00,0.0,0.0056030526757240295
2019-05-27,2019-05-28 14:30:00,0.0,0.06149345263838768
2019-05-27,2019-05-28 14:45:00,0.0,0.002428924199193716
2019-05-27,2019-05-28 15:00:00,0.0,0.03663058206439018
2019-05-27,2019-05-28 15:15:00,0.0,0.035422325134277344
2019-05-27,2019-05-28 15:30:00,0.0,0.08343736827373505
2019-05-27,2019-05-28 15:45:00,0.0,0.022153645753860474
2019-05-27,2019-05-28 16:00:00,0.0,0.0
2019-05-27,2019-05-28 16:15:00,0.0,0.0
2019-05-27,2019-05-28 16:30:00,0.0,0.02436249516904354
2019-05-27,2019-05-28 16:45:00,0.0,0.07623714208602905
2019-05-27,2019-05-28 17:00:00,0.0,0.13722477853298187
2019-05-27,2019-05-28 17:15:00,0.0,0.13890340924263
2019-05-27,2019-05-28 17:30:00,0.0,0.056295428425073624
2019-05-27,2019-05-28 17:45:00,0.0,0.13401661813259125
2019-05-27,2019-05-28 18:00:00,0.0,0.17802463471889496
2019-05-27,2019-05-28 18:15:00,0.0,0.056923046708106995
2019-05-27,2019-05-28 18:30:00,0.0,0.08329275995492935
2019-05-27,2019-05-28 18:45:00,0.0,0.0
2019-05-27,2019-05-28 19:00:00,0.0,0.0
2019-05-27,2019-05-28 19:15:00,0.0,0.019615262746810913
2019-05-27,2019-05-28 19:30:00,0.0,0.0
2019-05-27,2019-05-28 19:45:00,0.0,0.0
2019-05-27,2019-05-28 20:00:00,0.0,0.0
2019-05-27,2019-05-28 20:15:00,0.0,0.0
2019-05-27,2019-05-28 20:30:00,0.0,0.0
2019-05-27,2019-05-28 20:45:00,0.0,0.0
2019-05-27,2019-05-28 21:00:00,0.0,0.0
2019-05-27,2019-05-28 21:15:00,0.003515999997034669,0.160501167178154
2019-05-27,2019-05-28 21:30:00,0.07734400033950806,0.19613367319107056
2019-05-27,2019-05-28 21:45:00,0.140625,0.17010626196861267
2019-05-27,2019-05-28 22:00:00,0.2566410005092621,0.3720880448818207
2019-05-27,2019-05-28 22:15:00,0.39375001192092896,0.45958051085472107
2019-05-27,2019-05-28 22:30:00,0.6082029938697815,0.7678720355033875
2019-05-27,2019-05-28 22:45:00,0.8507810235023499,0.8485459685325623
2019-05-27,2019-05-28 23:00:00,1.1074219942092896,1.2100831270217896
2019-05-27,2019-05-28 23:15:00,1.399219036102295,1.3691051006317139
2019-05-27,2019-05-28 23:30:00,1.6875,1.7416203022003174
2019-05-27,2019-05-28 23:45:00,1.9792970418930054,1.9043577909469604
2019-05-28,2019-05-29 00:00:00,2.26406192779541,2.253831386566162
2019-05-28,2019-05-29 00:15:00,2.538280963897705,2.5161452293395996
2019-05-28,2019-05-29 00:30:00,2.7878899574279785,2.7509124279022217
2019-05-28,2019-05-29 00:45:00,3.0093750953674316,3.0573556423187256
2019-05-28,2019-05-29 01:00:00,3.223828077316284,3.2525248527526855
2019-05-28,2019-05-29 01:15:00,3.4347660541534424,3.4732089042663574
2019-05-28,2019-05-29 01:30:00,3.5999999046325684,3.6795969009399414
2019-05-28,2019-05-29 01:45:00,3.708983898162842,3.738147497177124
2019-05-28,2019-05-29 02:00:00,3.839061975479126,4.119604110717773
2019-05-28,2019-05-29 02:15:00,3.909374952316284,4.153850555419922
2019-05-28,2019-05-29 02:30:00,3.9867188930511475,4.270687580108643
2019-05-28,2019-05-29 02:45:00,4.032422065734863,4.291804313659668
2019-05-28,2019-05-29 03:00:00,4.050000190734863,4.476429462432861
2019-05-28,2019-05-29 03:15:00,4.071094036102295,4.506425380706787
2019-05-28,2019-05-29 03:30:00,4.085155963897705,4.56354284286499
2019-05-28,2019-05-29 03:45:00,4.06406307220459,4.592491626739502
2019-05-28,2019-05-29 04:00:00,4.028905868530273,4.5406012535095215
2019-05-28,2019-05-29 04:15:00,4.014842987060547,4.655082702636719
2019-05-28,2019-05-29 04:30:00,4.102734088897705,4.586155414581299
2019-05-28,2019-05-29 04:45:00,4.07460880279541,4.516551971435547
2019-05-28,2019-05-29 05:00:00,4.120312213897705,4.464170455932617
2019-05-28,2019-05-29 05:15:00,4.099218845367432,4.450775146484375
2019-05-28,2019-05-29 05:30:00,4.057031154632568,4.308445930480957
2019-05-28,2019-05-29 05:45:00,4.109766006469727,4.212879180908203
2019-05-28,2019-05-29 06:00:00,4.130858898162842,4.103112697601318
2019-05-28,2019-05-29 06:15:00,3.744141101837158,4.018612384796143
2019-05-28,2019-05-29 06:30:00,3.948046922683716,3.933323621749878
2019-05-28,2019-05-29 06:45:00,3.796875,3.7943413257598877
2019-05-28,2019-05-29 07:00:00,3.385546922683716,3.5894758701324463
2019-05-28,2019-05-29 07:15:00,3.779297113418579,3.3484466075897217
2019-05-28,2019-05-29 07:30:00,3.5648438930511475,3.2886874675750732
2019-05-28,2019-05-29 07:45:00,3.128906011581421,3.1327102184295654
2019-05-28,2019-05-29 08:00:00,2.2957029342651367,2.7795252799987793
2019-05-28,2019-05-29 08:15:00,3.216797113418579,2.6079704761505127
2019-05-28,2019-05-29 08:30:00,2.6578121185302734,2.298804759979248
2019-05-28,2019-05-29 08:45:00,2.54531192779541,2.1219422817230225
2019-05-28,2019-05-29 09:00:00,2.1304690837860107,1.8419914245605469
2019-05-28,2019-05-29 09:15:00,1.835155963897705,1.5655488967895508
2019-05-28,2019-05-29 09:30:00,1.5433590412139893,1.2907702922821045
2019-05-28,2019-05-29 09:45:00,0.8085939884185791,1.0621092319488525
2019-05-28,2019-05-29 10:00:00,0.4007810056209564,0.8615066409111023
2019-05-28,2019-05-29 10:15:00,0.41835901141166687,0.674120306968689
2019-05-28,2019-05-29 10:30:00,0.37968701124191284,0.4315769374370575
2019-05-28,2019-05-29 10:45:00,0.18281200528144836,0.30883529782295227
2019-05-28,2019-05-29 11:00:00,0.11953099817037582,0.24070531129837036
2019-05-28,2019-05-29 11:15:00,0.042187999933958054,0.13048948347568512
2019-05-28,2019-05-29 11:30:00,0.0,0.0722234845161438
2019-05-28,2019-05-29 11:45:00,0.0,0.034787796437740326
2019-05-28,2019-05-29 12:00:00,0.0,0.0
2019-05-28,2019-05-29 12:15:00,0.0,0.0
2019-05-28,2019-05-29 12:30:00,0.0,0.0
2019-05-28,2019-05-29 12:45:00,0.0,0.0
2019-05-28,2019-05-29 13:00:00,0.0,0.0
2019-05-28,2019-05-29 13:15:00,0.0,0.0
2019-05-28,2019-05-29 13:30:00,0.0,0.0
2019-05-28,2019-05-29 13:45:00,0.0,0.0
2019-05-28,2019-05-29 14:00:00,0.0,0.0
2019-05-28,2019-05-29 14:15:00,0.0,0.0
2019-05-28,2019-05-29 14:30:00,0.0,0.0
2019-05-28,2019-05-29 14:45:00,0.0,0.0
2019-05-28,2019-05-29 15:00:00,0.0,0.0
2019-05-28,2019-05-29 15:15:00,0.0,0.0
2019-05-28,2019-05-29 15:30:00,0.0,0.0
2019-05-28,2019-05-29 15:45:00,0.0,0.0
2019-05-28,2019-05-29 16:00:00,0.0,0.0
2019-05-28,2019-05-29 16:15:00,0.0,0.0
2019-05-28,2019-05-29 16:30:00,0.0,0.0
2019-05-28,2019-05-29 16:45:00,0.0,0.006999268662184477
2019-05-28,2019-05-29 17:00:00,0.0,0.008747871965169907
2019-05-28,2019-05-29 17:15:00,0.0,0.08978281915187836
2019-05-28,2019-05-29 17:30:00,0.0,0.0
2019-05-28,2019-05-29 17:45:00,0.0,0.05678916722536087
2019-05-28,2019-05-29 18:00:00,0.0,0.11900340765714645
2019-05-28,2019-05-29 18:15:00,0.0,0.024881286546587944
2019-05-28,2019-05-29 18:30:00,0.0,0.004636585712432861
2019-05-28,2019-05-29 18:45:00,0.0,0.0
2019-05-28,2019-05-29 19:00:00,0.0,0.0
2019-05-28,2019-05-29 19:15:00,0.0,0.025936035439372063
2019-05-28,2019-05-29 19:30:00,0.0,0.0
2019-05-28,2019-05-29 19:45:00,0.0,0.014042424038052559
2019-05-28,2019-05-29 20:00:00,0.0,0.0
2019-05-28,2019-05-29 20:15:00,0.0,0.0
2019-05-28,2019-05-29 20:30:00,0.0,0.0
2019-05-28,2019-05-29 20:45:00,0.0,0.0
2019-05-28,2019-05-29 21:00:00,0.0,0.008518358692526817
2019-05-28,2019-05-29 21:15:00,0.0,0.0
2019-05-28,2019-05-29 21:30:00,0.0,0.0
2019-05-28,2019-05-29 21:45:00,0.19335900247097015,0.0409204326570034
2019-05-28,2019-05-29 22:00:00,0.3023439943790436,0.0876929834485054
2019-05-28,2019-05-29 22:15:00,0.43945300579071045,0.171254962682724
2019-05-28,2019-05-29 22:30:00,0.4816409945487976,0.29065650701522827
2019-05-28,2019-05-29 22:45:00,0.583594024181366,0.4522326588630676
2019-05-28,2019-05-29 23:00:00,0.984375,0.6736469268798828
2019-05-28,2019-05-29 23:15:00,0.8121089935302734,0.8085581660270691
2019-05-28,2019-05-29 23:30:00,1.364061951637268,1.0646504163742065
2019-05-28,2019-05-29 23:45:00,1.4343750476837158,1.1685612201690674
2019-05-29,2019-05-30 00:00:00,1.9300780296325684,1.6243689060211182
2019-05-29,2019-05-30 00:15:00,2.383594036102295,1.884268879890442
2019-05-29,2019-05-30 00:30:00,2.4468750953674316,2.068875312805176
2019-05-29,2019-05-30 00:45:00,2.707031011581421,2.370534658432007
2019-05-29,2019-05-30 01:00:00,3.058593988418579,2.525374174118042
2019-05-29,2019-05-30 01:15:00,3.2660160064697266,2.736494541168213
2019-05-29,2019-05-30 01:30:00,3.487499952316284,2.9131858348846436
2019-05-29,2019-05-30 01:45:00,3.666796922683716,2.9016788005828857
2019-05-29,2019-05-30 02:00:00,3.8636720180511475,3.1610054969787598
2019-05-29,2019-05-30 02:15:00,3.909374952316284,3.256145715713501
2019-05-29,2019-05-30 02:30:00,3.9937500953674316,3.368291139602661
2019-05-29,2019-05-30 02:45:00,3.8777339458465576,3.403592348098755
2019-05-29,2019-05-30 03:00:00,4.158984184265137,3.5544650554656982
2019-05-29,2019-05-30 03:15:00,4.187108993530273,3.6153714656829834
2019-05-29,2019-05-30 03:30:00,4.08164119720459,3.566243886947632
2019-05-29,2019-05-30 03:45:00,4.09218692779541,3.6645259857177734
2019-05-29,2019-05-30 04:00:00,3.8917970657348633,3.6120526790618896
2019-05-29,2019-05-30 04:15:00,3.779297113418579,3.643261671066284
2019-05-29,2019-05-30 04:30:00,2.900391101837158,3.646631956100464
2019-05-29,2019-05-30 04:45:00,3.3785150051116943,3.564927101135254
2019-05-29,2019-05-30 05:00:00,3.0093750953674316,3.542861223220825
2019-05-29,2019-05-30 05:15:00,4.07460880279541,3.4731216430664062
2019-05-29,2019-05-30 05:30:00,3.9128899574279785,3.4306559562683105
2019-05-29,2019-05-30 05:45:00,3.7300779819488525,3.3291707038879395
2019-05-29,2019-05-30 06:00:00,3.3082029819488525,3.1979053020477295
2019-05-29,2019-05-30 06:15:00,3.8777339458465576,3.109644889831543
2019-05-29,2019-05-30 06:30:00,2.267577886581421,3.1000797748565674
2019-05-29,2019-05-30 06:45:00,1.357030987739563,2.9137747287750244
2019-05-29,2019-05-30 07:00:00,2.664844036102295,2.689842939376831
2019-05-29,2019-05-30 07:15:00,2.506640911102295,2.5234427452087402
2019-05-29,2019-05-30 07:30:00,3.4769530296325684,2.4705846309661865
2019-05-29,2019-05-30 07:45:00,3.1535160541534424,2.2600178718566895
2019-05-29,2019-05-30 08:00:00,2.963671922683716,1.9428861141204834
2019-05-29,2019-05-30 08:15:00,2.6261720657348633,1.7779461145401
2019-05-29,2019-05-30 08:30:00,2.3238279819488525,1.4759920835494995
2019-05-29,2019-05-30 08:45:00,2.0355470180511475,1.394605278968811
2019-05-29,2019-05-30 09:00:00,1.7156250476837158,1.1523936986923218
2019-05-29,2019-05-30 09:15:00,1.4800779819488525,0.9048286080360413
2019-05-29,2019-05-30 09:30:00,1.2410160303115845,0.6798617243766785
2019-05-29,2019-05-30 09:45:00,0.9105470180511475,0.5395892262458801
2019-05-29,2019-05-30 10:00:00,0.7136719822883606,0.4349866211414337
2019-05-29,2019-05-30 10:15:00,0.5238280296325684,0.31238505244255066
2019-05-29,2019-05-30 10:30:00,0.37968701124191284,0.1347111016511917
2019-05-29,2019-05-30 10:45:00,0.2566410005092621,0.0776139497756958
2019-05-29,2019-05-30 11:00:00,0.15468700230121613,0.09890735149383545
2019-05-29,2019-05-30 11:15:00,0.014062000438570976,0.10662422329187393
2019-05-29,2019-05-30 11:30:00,0.0,0.034149572253227234
2019-05-29,2019-05-30 11:45:00,0.0,0.02974221669137478
2019-05-29,2019-05-30 12:00:00,0.0,0.0099407397210598
2019-05-29,2019-05-30 12:15:00,0.0,0.02978411130607128
2019-05-29,2019-05-30 12:30:00,0.0,0.0
2019-05-29,2019-05-30 12:45:00,0.0,0.016173124313354492
2019-05-29,2019-05-30 13:00:00,0.0,0.0
2019-05-29,2019-05-30 13:15:00,0.0,0.0
2019-05-29,2019-05-30 13:30:00,0.0,0.0
2019-05-29,2019-05-30 13:45:00,0.0,0.0
2019-05-29,2019-05-30 14:00:00,0.0,0.0
2019-05-29,2019-05-30 14:15:00,0.0,0.0
2019-05-29,2019-05-30 14:30:00,0.0,0.0
2019-05-29,2019-05-30 14:45:00,0.0,0.0
2019-05-29,2019-05-30 15:00:00,0.0,0.0
2019-05-29,2019-05-30 15:15:00,0.0,0.0
2019-05-29,2019-05-30 15:30:00,0.0,0.0
2019-05-29,2019-05-30 15:45:00,0.0,0.0
2019-05-29,2019-05-30 16:00:00,0.0,0.0
2019-05-29,2019-05-30 16:15:00,0.0,0.0
2019-05-29,2019-05-30 16:30:00,0.0,0.0
2019-05-29,2019-05-30 16:45:00,0.0,0.0
2019-05-29,2019-05-30 17:00:00,0.0,0.0
2019-05-29,2019-05-30 17:15:00,0.0,0.059056103229522705
2019-05-29,2019-05-30 17:30:00,0.0,0.0
2019-05-29,2019-05-30 17:45:00,0.0,0.04608185961842537
2019-05-29,2019-05-30 18:00:00,0.0,0.0724807158112526
2019-05-29,2019-05-30 18:15:00,0.0,0.0
2019-05-29,2019-05-30 18:30:00,0.0,0.0
2019-05-29,2019-05-30 18:45:00,0.0,0.0
2019-05-29,2019-05-30 19:00:00,0.0,0.0
2019-05-29,2019-05-30 19:15:00,0.0,0.024723317474126816
2019-05-29,2019-05-30 19:30:00,0.0,0.0
2019-05-29,2019-05-30 19:45:00,0.0,0.0
2019-05-29,2019-05-30 20:00:00,0.0,0.0
2019-05-29,2019-05-30 20:15:00,0.0,0.0
2019-05-29,2019-05-30 20:30:00,0.0,0.0
2019-05-29,2019-05-30 20:45:00,0.0,0.0
2019-05-29,2019-05-30 21:00:00,0.0,0.052943091839551926
2019-05-29,2019-05-30 21:15:00,0.024608999490737915,0.034141700714826584
2019-05-29,2019-05-30 21:30:00,0.0,0.09129071980714798
2019-05-29,2019-05-30 21:45:00,0.18984399735927582,0.2350766658782959
2019-05-29,2019-05-30 22:00:00,0.29882800579071045,0.28727373480796814
2019-05-29,2019-05-30 22:15:00,0.46054700016975403,0.46775132417678833
2019-05-29,2019-05-30 22:30:00,0.6609370112419128,0.6119414567947388
2019-05-29,2019-05-30 22:45:00,0.864844024181366,0.869291365146637
2019-05-29,2019-05-30 23:00:00,1.1566410064697266,1.0458452701568604
2019-05-29,2019-05-30 23:15:00,1.4343750476837158,1.2955340147018433
2019-05-29,2019-05-30 23:30:00,1.7121089696884155,1.5504488945007324
2019-05-29,2019-05-30 23:45:00,2.0144529342651367,1.6425764560699463
2019-05-30,2019-05-31 00:00:00,2.260546922683716,2.1679654121398926
2019-05-30,2019-05-31 00:15:00,2.5101559162139893,2.380582332611084
2019-05-30,2019-05-31 00:30:00,2.7667970657348633,2.578786611557007
2019-05-30,2019-05-31 00:45:00,2.9988279342651367,2.812080144882202
2019-05-30,2019-05-31 01:00:00,3.2308590412139893,3.0047383308410645
2019-05-30,2019-05-31 01:15:00,3.4382810592651367,3.2253026962280273
2019-05-30,2019-05-31 01:30:00,3.568358898162842,3.3678431510925293
2019-05-30,2019-05-31 01:45:00,3.744141101837158,3.3845818042755127
2019-05-30,2019-05-31 02:00:00,3.902343988418579,3.643758773803711
2019-05-30,2019-05-31 02:15:00,4.014842987060547,3.6455695629119873
2019-05-30,2019-05-31 02:30:00,4.095703125,3.735842227935791
2019-05-30,2019-05-31 02:45:00,4.169530868530273,3.748222589492798
2019-05-30,2019-05-31 03:00:00,4.23281192779541,3.89621901512146
2019-05-30,2019-05-31 03:15:00,4.22226619720459,3.93062424659729
2019-05-30,2019-05-31 03:30:00,4.169530868530273,3.8548808097839355
2019-05-30,2019-05-31 03:45:00,4.201171875,3.9568140506744385
2019-05-30,2019-05-31 04:00:00,4.225780963897705,3.8772928714752197
2019-05-30,2019-05-31 04:15:00,4.144921779632568,3.9696335792541504
2019-05-30,2019-05-31 04:30:00,4.201171875,3.9013428688049316
2019-05-30,2019-05-31 04:45:00,4.09218692779541,3.8431849479675293
2019-05-30,2019-05-31 05:00:00,4.014842987060547,3.8402907848358154
2019-05-30,2019-05-31 05:15:00,4.046483993530273,3.7618138790130615
2019-05-30,2019-05-31 05:30:00,4.050000190734863,3.6868064403533936
2019-05-30,2019-05-31 05:45:00,3.9128899574279785,3.593719482421875
2019-05-30,2019-05-31 06:00:00,4.000781059265137,3.4611411094665527
2019-05-30,2019-05-31 06:15:00,3.9410150051116943,3.3892083168029785
2019-05-30,2019-05-31 06:30:00,3.8988280296325684,3.3613641262054443
2019-05-30,2019-05-31 06:45:00,3.8636720180511475,3.2719013690948486
2019-05-30,2019-05-31 07:00:00,3.7160160541534424,3.0417768955230713
2019-05-30,2019-05-31 07:15:00,2.988281011581421,2.8789873123168945
2019-05-30,2019-05-31 07:30:00,2.460937976837158,2.846205949783325
2019-05-30,2019-05-31 07:45:00,2.882812023162842,2.6766390800476074
2019-05-30,2019-05-31 08:00:00,1.680469036102295,2.339172601699829
2019-05-30,2019-05-31 08:15:00,1.026561975479126,2.310694694519043
2019-05-30,2019-05-31 08:30:00,1.3605469465255737,1.9494186639785767
2019-05-30,2019-05-31 08:45:00,1.2480469942092896,1.8708704710006714
2019-05-30,2019-05-31 09:00:00,2.3414061069488525,1.67731511592865
2019-05-30,2019-05-31 09:15:00,1.6488280296325684,1.4000333547592163
2019-05-30,2019-05-31 09:30:00,1.089843988418579,1.165414810180664
2019-05-30,2019-05-31 09:45:00,0.7558590173721313,0.9520915746688843
2019-05-30,2019-05-31 10:00:00,0.8753910064697266,0.8035103678703308
2019-05-30,2019-05-31 10:15:00,0.28125,0.6263590455055237
2019-05-30,2019-05-31 10:30:00,0.3269529938697815,0.3544817268848419
2019-05-30,2019-05-31 10:45:00,0.2214840054512024,0.2575673758983612
2019-05-30,2019-05-31 11:00:00,0.1300780028104782,0.2252253144979477
2019-05-30,2019-05-31 11:15:00,0.0,0.1619347780942917
2019-05-30,2019-05-31 11:30:00,0.0,0.013426154851913452
2019-05-30,2019-05-31 11:45:00,0.0,0.03073071874678135
2019-05-30,2019-05-31 12:00:00,0.0,0.0
2019-05-30,2019-05-31 12:15:00,0.0,0.0
2019-05-30,2019-05-31 12:30:00,0.0,0.0
2019-05-30,2019-05-31 12:45:00,0.0,0.0
2019-05-30,2019-05-31 13:00:00,0.0,0.0
2019-05-30,2019-05-31 13:15:00,0.0,0.0
2019-05-30,2019-05-31 13:30:00,0.0,0.0
2019-05-30,2019-05-31 13:45:00,0.0,0.0
2019-05-30,2019-05-31 14:00:00,0.0,0.0
2019-05-30,2019-05-31 14:15:00,0.0,0.0
2019-05-30,2019-05-31 14:30:00,0.0,0.0
2019-05-30,2019-05-31 14:45:00,0.0,0.0
2019-05-30,2019-05-31 15:00:00,0.0,0.0
2019-05-30,2019-05-31 15:15:00,0.0,0.0
2019-05-30,2019-05-31 15:30:00,0.0,0.0
2019-05-30,2019-05-31 15:45:00,0.0,0.0
2019-05-30,2019-05-31 16:00:00,0.0,0.0
2019-05-30,2019-05-31 16:15:00,0.0,0.0
2019-05-30,2019-05-31 16:30:00,0.0,0.0
2019-05-30,2019-05-31 16:45:00,0.0,0.004427955485880375
2019-05-30,2019-05-31 17:00:00,0.0,0.0
2019-05-30,2019-05-31 17:15:00,0.0,0.1131041944026947
2019-05-30,2019-05-31 17:30:00,0.0,0.0
2019-05-30,2019-05-31 17:45:00,0.0,0.08730825781822205
2019-05-30,2019-05-31 18:00:00,0.0,0.14369331300258636
2019-05-30,2019-05-31 18:15:00,0.0,0.09687846899032593
2019-05-30,2019-05-31 18:30:00,0.0,0.08091015368700027
2019-05-30,2019-05-31 18:45:00,0.0,0.10872664302587509
2019-05-30,2019-05-31 19:00:00,0.0,0.11166229099035263
2019-05-30,2019-05-31 19:15:00,0.0,0.21028536558151245
2019-05-30,2019-05-31 19:30:00,0.0,0.14772996306419373
2019-05-30,2019-05-31 19:45:00,0.0,0.22636164724826813
2019-05-30,2019-05-31 20:00:00,0.0,0.10215038806200027
2019-05-30,2019-05-31 20:15:00,0.0,0.1261182278394699
2019-05-30,2019-05-31 20:30:00,0.0,0.15833185613155365
2019-05-30,2019-05-31 20:45:00,0.0,0.19448255002498627
2019-05-30,2019-05-31 21:00:00,0.0,0.2962391972541809
2019-05-30,2019-05-31 21:15:00,0.0,0.12867143750190735
2019-05-30,2019-05-31 21:30:00,0.0,0.11459609121084213
2019-05-30,2019-05-31 21:45:00,0.0,0.16344642639160156
2019-05-30,2019-05-31 22:00:00,0.07734400033950806,0.13710226118564606
2019-05-30,2019-05-31 22:15:00,0.16875000298023224,0.1705780178308487
2019-05-30,2019-05-31 22:30:00,0.34453099966049194,0.14632876217365265
2019-05-30,2019-05-31 22:45:00,0.29882800579071045,0.2914190888404846
2019-05-30,2019-05-31 23:00:00,0.3515619933605194,0.34063708782196045
2019-05-30,2019-05-31 23:15:00,0.29531198740005493,0.47829005122184753
2019-05-30,2019-05-31 23:30:00,0.5238280296325684,0.6017675995826721
2019-05-30,2019-05-31 23:45:00,0.8332030177116394,0.6031171083450317
2018-08-24,2018-08-25 00:00:00,1.321874976158142,1.2717735767364502
2018-08-24,2018-08-25 00:15:00,1.5609370470046997,1.3840265274047852
2018-08-24,2018-08-25 00:30:00,1.792968988418579,1.5208619832992554
2018-08-24,2018-08-25 00:45:00,2.0179688930511475,1.6488690376281738
2018-08-24,2018-08-25 01:00:00,2.12343692779541,1.755134105682373
2018-08-24,2018-08-25 01:15:00,2.4117190837860107,1.7971267700195312
2018-08-24,2018-08-25 01:30:00,2.654297113418579,1.9216498136520386
2018-08-24,2018-08-25 01:45:00,2.794922113418579,2.018226385116577
2018-08-24,2018-08-25 02:00:00,2.9285149574279785,2.0921833515167236
2018-08-24,2018-08-25 02:15:00,3.118359088897705,2.151552200317383
2018-08-24,2018-08-25 02:30:00,3.1957030296325684,2.190812826156616
2018-08-24,2018-08-25 02:45:00,3.462891101837158,2.250795602798462
2018-08-24,2018-08-25 03:00:00,3.5929689407348633,2.3519158363342285
2018-08-24,2018-08-25 03:15:00,3.6140620708465576,2.350773334503174
2018-08-24,2018-08-25 03:30:00,3.7828121185302734,2.3377716541290283
2018-08-24,2018-08-25 03:45:00,3.526171922683716,2.374180555343628
2018-08-24,2018-08-25 04:00:00,2.8792970180511475,2.3903253078460693
2018-08-24,2018-08-25 04:15:00,2.496093988418579,2.356229543685913
2018-08-24,2018-08-25 04:30:00,4.028905868530273,2.3959290981292725
2018-08-24,2018-08-25 04:45:00,3.6949219703674316,2.331922769546509
2018-08-24,2018-08-25 05:00:00,2.9039061069488525,2.3133201599121094
2018-08-24,2018-08-25 05:15:00,2.415234088897705,2.2466037273406982
2018-08-24,2018-08-25 05:30:00,3.965625047683716,2.287065267562866
2018-08-24,2018-08-25 05:45:00,3.276561975479126,2.1313836574554443
2018-08-24,2018-08-25 06:00:00,3.2132809162139893,2.1092529296875
2018-08-24,2018-08-25 06:15:00,2.629688024520874,1.9502795934677124
2018-08-24,2018-08-25 06:30:00,1.7999999523162842,1.8408819437026978
2018-08-24,2018-08-25 06:45:00,2.583983898162842,1.6345493793487549
2018-08-24,2018-08-25 07:00:00,1.9933589696884155,1.5598468780517578
2018-08-24,2018-08-25 07:15:00,1.9160159826278687,1.4040614366531372
2018-08-24,2018-08-25 07:30:00,2.7527339458465576,1.3098305463790894
2018-08-24,2018-08-25 07:45:00,1.8878910541534424,1.1018704175949097
2018-08-24,2018-08-25 08:00:00,1.3816410303115845,0.9760700464248657
2018-08-24,2018-08-25 08:15:00,1.8878910541534424,0.8406482338905334
2018-08-24,2018-08-25 08:30:00,1.638280987739563,0.7137328386306763
2018-08-24,2018-08-25 08:45:00,1.160156011581421,0.6207370758056641
2018-08-24,2018-08-25 09:00:00,0.5589839816093445,0.5176348686218262
2018-08-24,2018-08-25 09:15:00,0.8296869993209839,0.4428831934928894
2018-08-24,2018-08-25 09:30:00,0.4429689943790436,0.3725415766239166
2018-08-24,2018-08-25 09:45:00,0.33398398756980896,0.2713545262813568
2018-08-24,2018-08-25 10:00:00,0.2355470061302185,0.29330116510391235
2018-08-24,2018-08-25 10:15:00,0.16523399949073792,0.2065826654434204
2018-08-24,2018-08-25 10:30:00,0.03867200016975403,0.21755708754062653
2018-08-24,2018-08-25 10:45:00,0.0,0.20658785104751587
2018-08-24,2018-08-25 11:00:00,0.0,0.2090691477060318
2018-08-24,2018-08-25 11:15:00,0.0,0.16082166135311127
2018-08-24,2018-08-25 11:30:00,0.0,0.13626039028167725
2018-08-24,2018-08-25 11:45:00,0.0,0.14153560996055603
2018-08-24,2018-08-25 12:00:00,0.0,0.08019628375768661
2018-08-24,2018-08-25 12:15:00,0.0,0.09100381284952164
2018-08-24,2018-08-25 12:30:00,0.0,0.0020524130668491125
2018-08-24,2018-08-25 12:45:00,0.0,0.017778988927602768
2018-08-24,2018-08-25 13:00:00,0.0,0.004679196048527956
2018-08-24,2018-08-25 13:15:00,0.0,0.015492689795792103
2018-08-24,2018-08-25 13:30:00,0.0,0.0
2018-08-24,2018-08-25 13:45:00,0.0,0.0
2018-08-24,2018-08-25 14:00:00,0.0,0.0
2018-08-24,2018-08-25 14:15:00,0.0,0.0
2018-08-24,2018-08-25 14:30:00,0.0,0.0
2018-08-24,2018-08-25 14:45:00,0.0,0.0
2018-08-24,2018-08-25 15:00:00,0.0,0.0
2018-08-24,2018-08-25 15:15:00,0.0,0.0
2018-08-24,2018-08-25 15:30:00,0.0,0.0
2018-08-24,2018-08-25 15:45:00,0.0,0.0
2018-08-24,2018-08-25 16:00:00,0.0,0.0
2018-08-24,2018-08-25 16:15:00,0.0,0.0
2018-08-24,2018-08-25 16:30:00,0.0,0.0
2018-08-24,2018-08-25 16:45:00,0.0,0.0
2018-08-24,2018-08-25 17:00:00,0.0,0.0048169661313295364
2018-08-24,2018-08-25 17:15:00,0.0,0.007778977043926716
2018-08-24,2018-08-25 17:30:00,0.0,0.0
2018-08-24,2018-08-25 17:45:00,0.0,0.017845621332526207
2018-08-24,2018-08-25 18:00:00,0.0,0.0
2018-08-24,2018-08-25 18:15:00,0.0,0.0
2018-08-24,2018-08-25 18:30:00,0.0,0.024883003905415535
2018-08-24,2018-08-25 18:45:00,0.0,0.0
2018-08-24,2018-08-25 19:00:00,0.0,0.0
2018-08-24,2018-08-25 19:15:00,0.0,0.003966240677982569
2018-08-24,2018-08-25 19:30:00,0.0,0.019702808931469917
2018-08-24,2018-08-25 19:45:00,0.0,0.035613108426332474
2018-08-24,2018-08-25 20:00:00,0.0,0.04708947613835335
2018-08-24,2018-08-25 20:15:00,0.0,0.023080237209796906
2018-08-24,2018-08-25 20:30:00,0.0,0.03330253064632416
2018-08-24,2018-08-25 20:45:00,0.0,0.1087396964430809
2018-08-24,2018-08-25 21:00:00,0.0,0.14989972114562988
2018-08-24,2018-08-25 21:15:00,0.0,0.14760620892047882
2018-08-24,2018-08-25 21:30:00,0.0,0.10665956884622574
2018-08-24,2018-08-25 21:45:00,0.0,0.18322576582431793
2018-08-24,2018-08-25 22:00:00,0.0,0.25782424211502075
2018-08-24,2018-08-25 22:15:00,0.031640999019145966,0.3316653370857239
2018-08-24,2018-08-25 22:30:00,0.12304700165987015,0.3971029222011566
2018-08-24,2018-08-25 22:45:00,0.17226600646972656,0.5263124108314514
2018-08-24,2018-08-25 23:00:00,0.3550780117511749,0.5886349678039551
2018-08-24,2018-08-25 23:15:00,0.6503909826278687,0.7028559446334839
2018-08-24,2018-08-25 23:30:00,0.6398440003395081,0.8361125588417053
2018-08-24,2018-08-25 23:45:00,1.068750023841858,0.9313379526138306
2018-08-25,2018-08-26 00:00:00,1.2867189645767212,1.4401590824127197
2018-08-25,2018-08-26 00:15:00,1.504686951637268,1.6102771759033203
2018-08-25,2018-08-26 00:30:00,1.7472660541534424,1.8464802503585815
2018-08-25,2018-08-26 00:45:00,1.9160159826278687,2.020601511001587
2018-08-25,2018-08-26 01:00:00,2.1691410541534424,2.192448854446411
2018-08-25,2018-08-26 01:15:00,2.3097660541534424,2.2953147888183594
2018-08-25,2018-08-26 01:30:00,2.636718988418579,2.5060882568359375
2018-08-25,2018-08-26 01:45:00,2.7703120708465576,2.6425726413726807
2018-08-25,2018-08-26 02:00:00,2.8722660541534424,2.742060661315918
2018-08-25,2018-08-26 02:15:00,3.086719036102295,2.8776345252990723
2018-08-25,2018-08-26 02:30:00,3.1886720657348633,2.937309741973877
2018-08-25,2018-08-26 02:45:00,3.181641101837158,3.0856690406799316
2018-08-25,2018-08-26 03:00:00,3.3257811069488525,3.1790778636932373
2018-08-25,2018-08-26 03:15:00,3.3785150051116943,3.239788293838501
2018-08-25,2018-08-26 03:30:00,3.357422113418579,3.2051334381103516
2018-08-25,2018-08-26 03:45:00,3.38906192779541,3.327805757522583
2018-08-25,2018-08-26 04:00:00,3.403125047683716,3.3229458332061768
2018-08-25,2018-08-26 04:15:00,3.4488279819488525,3.297233819961548
2018-08-25,2018-08-26 04:30:00,3.427733898162842,3.375364065170288
2018-08-25,2018-08-26 04:45:00,3.3960940837860107,3.338679075241089
2018-08-25,2018-08-26 05:00:00,3.2730469703674316,3.3457818031311035
2018-08-25,2018-08-26 05:15:00,3.403125047683716,3.2840940952301025
2018-08-25,2018-08-26 05:30:00,3.364453077316284,3.3144149780273438
2018-08-25,2018-08-26 05:45:00,2.9742190837860107,3.187776803970337
2018-08-25,2018-08-26 06:00:00,3.058593988418579,3.135376453399658
2018-08-25,2018-08-26 06:15:00,2.0636720657348633,3.0061633586883545
2018-08-25,2018-08-26 06:30:00,2.882812023162842,2.8646950721740723
2018-08-25,2018-08-26 06:45:00,2.443358898162842,2.6609957218170166
2018-08-25,2018-08-26 07:00:00,2.239453077316284,2.5515382289886475
2018-08-25,2018-08-26 07:15:00,2.373047113418579,2.4004628658294678
2018-08-25,2018-08-26 07:30:00,2.151561975479126,2.2693543434143066
2018-08-25,2018-08-26 07:45:00,1.9933589696884155,2.039611577987671
2018-08-25,2018-08-26 08:00:00,1.7824219465255737,1.7997876405715942
2018-08-25,2018-08-26 08:15:00,1.5785160064697266,1.6321150064468384
2018-08-25,2018-08-26 08:30:00,1.3921869993209839,1.3979661464691162
2018-08-25,2018-08-26 08:45:00,1.019531011581421,1.2772759199142456
2018-08-25,2018-08-26 09:00:00,0.44999998807907104,1.0830967426300049
2018-08-25,2018-08-26 09:15:00,0.42539098858833313,0.9447824954986572
2018-08-25,2018-08-26 09:30:00,0.37968701124191284,0.7498258352279663
2018-08-25,2018-08-26 09:45:00,0.29882800579071045,0.5138964653015137
2018-08-25,2018-08-26 10:00:00,0.291797012090683,0.5018741488456726
2018-08-25,2018-08-26 10:15:00,0.1757809966802597,0.33059757947921753
2018-08-25,2018-08-26 10:30:00,0.024608999490737915,0.2967226803302765
2018-08-25,2018-08-26 10:45:00,0.0,0.20965898036956787
2018-08-25,2018-08-26 11:00:00,0.0,0.21296876668930054
2018-08-25,2018-08-26 11:15:00,0.0,0.16630248725414276
2018-08-25,2018-08-26 11:30:00,0.0,0.06791546195745468
2018-08-25,2018-08-26 11:45:00,0.0,0.116817906498909
2018-08-25,2018-08-26 12:00:00,0.0,0.019477788358926773
2018-08-25,2018-08-26 12:15:00,0.0,0.03730215132236481
2018-08-25,2018-08-26 12:30:00,0.0,0.0
2018-08-25,2018-08-26 12:45:00,0.0,0.012228958308696747
2018-08-25,2018-08-26 13:00:00,0.0,0.022996045649051666
2018-08-25,2018-08-26 13:15:00,0.0,0.028294896706938744
2018-08-25,2018-08-26 13:30:00,0.0,0.0
2018-08-25,2018-08-26 13:45:00,0.0,0.0
2018-08-25,2018-08-26 14:00:00,0.0,0.0
2018-08-25,2018-08-26 14:15:00,0.0,0.0
2018-08-25,2018-08-26 14:30:00,0.0,0.0
2018-08-25,2018-08-26 14:45:00,0.0,0.015125633217394352
2018-08-25,2018-08-26 15:00:00,0.0,0.03460455685853958
2018-08-25,2018-08-26 15:15:00,0.0,0.032853301614522934
2018-08-25,2018-08-26 15:30:00,0.0,0.0
2018-08-25,2018-08-26 15:45:00,0.0,0.02765219658613205
2018-08-25,2018-08-26 16:00:00,0.0,0.07225695997476578
2018-08-25,2018-08-26 16:15:00,0.0,0.0016923102084547281
2018-08-25,2018-08-26 16:30:00,0.0,0.04660153016448021
2018-08-25,2018-08-26 16:45:00,0.0,0.06735385954380035
2018-08-25,2018-08-26 17:00:00,0.0,0.03808184713125229
2018-08-25,2018-08-26 17:15:00,0.0,0.03396482765674591
2018-08-25,2018-08-26 17:30:00,0.0,0.0
2018-08-25,2018-08-26 17:45:00,0.0,0.0472390353679657
2018-08-25,2018-08-26 18:00:00,0.0,0.012668469920754433
2018-08-25,2018-08-26 18:15:00,0.0,0.0
2018-08-25,2018-08-26 18:30:00,0.0,0.08061591535806656
2018-08-25,2018-08-26 18:45:00,0.0,0.04552140831947327
2018-08-25,2018-08-26 19:00:00,0.0,0.06994152069091797
2018-08-25,2018-08-26 19:15:00,0.0,0.04999755322933197
2018-08-25,2018-08-26 19:30:00,0.0,0.0919632762670517
2018-08-25,2018-08-26 19:45:00,0.0,0.07749834656715393
2018-08-25,2018-08-26 20:00:00,0.0,0.09950685501098633
2018-08-25,2018-08-26 20:15:00,0.0,0.026550449430942535
2018-08-25,2018-08-26 20:30:00,0.0,0.050001099705696106
2018-08-25,2018-08-26 20:45:00,0.0,0.11236295104026794
2018-08-25,2018-08-26 21:00:00,0.0,0.15658485889434814
2018-08-25,2018-08-26 21:15:00,0.0,0.06666946411132812
2018-08-25,2018-08-26 21:30:00,0.0,0.05163019150495529
2018-08-25,2018-08-26 21:45:00,0.0,0.09905017167329788
2018-08-25,2018-08-26 22:00:00,0.0,0.15592361986637115
2018-08-25,2018-08-26 22:15:00,0.0,0.22307300567626953
2018-08-25,2018-08-26 22:30:00,0.20390599966049194,0.25968125462532043
2018-08-25,2018-08-26 22:45:00,0.31992200016975403,0.42090141773223877
2018-08-25,2018-08-26 23:00:00,0.46054700016975403,0.5266939401626587
2018-08-25,2018-08-26 23:15:00,0.6328120231628418,0.6108092665672302
2018-08-25,2018-08-26 23:30:00,0.8824219703674316,0.7752149105072021
2018-08-25,2018-08-26 23:45:00,1.125,0.9113938212394714
2018-08-26,2018-08-27 00:00:00,1.2972660064697266,1.4740384817123413
2018-08-26,2018-08-27 00:15:00,1.181249976158142,1.672271490097046
2018-08-26,2018-08-27 00:30:00,1.8878910541534424,1.8906441926956177
2018-08-26,2018-08-27 00:45:00,2.021483898162842,2.126903772354126
2018-08-26,2018-08-27 01:00:00,2.285156011581421,2.297675848007202
2018-08-26,2018-08-27 01:15:00,2.478516101837158,2.3952651023864746
2018-08-26,2018-08-27 01:30:00,2.6578121185302734,2.634997844696045
2018-08-26,2018-08-27 01:45:00,2.8441410064697266,2.768446445465088
2018-08-26,2018-08-27 02:00:00,3.121875047683716,2.829162836074829
2018-08-26,2018-08-27 02:15:00,3.287108898162842,2.975111961364746
2018-08-26,2018-08-27 02:30:00,2.3097660541534424,3.0789382457733154
2018-08-26,2018-08-27 02:45:00,3.427733898162842,3.175337553024292
2018-08-26,2018-08-27 03:00:00,2.2113280296325684,3.2881247997283936
2018-08-26,2018-08-27 03:15:00,3.4699220657348633,3.2970006465911865
2018-08-26,2018-08-27 03:30:00,3.1500000953674316,3.2609102725982666
2018-08-26,2018-08-27 03:45:00,3.410156011581421,3.3758950233459473
2018-08-26,2018-08-27 04:00:00,4.151953220367432,3.3575572967529297
2018-08-26,2018-08-27 04:15:00,3.67031192779541,3.3077428340911865
2018-08-26,2018-08-27 04:30:00,3.5964839458465576,3.3952481746673584
2018-08-26,2018-08-27 04:45:00,3.7230470180511475,3.311659336090088
2018-08-26,2018-08-27 05:00:00,2.5804688930511475,3.2592051029205322
2018-08-26,2018-08-27 05:15:00,2.696484088897705,3.1314377784729004
2018-08-26,2018-08-27 05:30:00,4.310155868530273,3.1903648376464844
2018-08-26,2018-08-27 05:45:00,2.8441410064697266,3.030322313308716
2018-08-26,2018-08-27 06:00:00,3.4839839935302734,2.949310779571533
2018-08-26,2018-08-27 06:15:00,3.5964839458465576,2.761704683303833
2018-08-26,2018-08-27 06:30:00,3.3363280296325684,2.634902000427246
2018-08-26,2018-08-27 06:45:00,3.367969036102295,2.4060304164886475
2018-08-26,2018-08-27 07:00:00,3.0269529819488525,2.2660439014434814
2018-08-26,2018-08-27 07:15:00,3.0550780296325684,2.0799741744995117
2018-08-26,2018-08-27 07:30:00,2.8968749046325684,1.9503353834152222
2018-08-26,2018-08-27 07:45:00,2.7351560592651367,1.6666033267974854
2018-08-26,2018-08-27 08:00:00,2.3765621185302734,1.414847493171692
2018-08-26,2018-08-27 08:15:00,1.7015620470046997,1.2285494804382324
2018-08-26,2018-08-27 08:30:00,2.2886719703674316,1.0054181814193726
2018-08-26,2018-08-27 08:45:00,2.0144529342651367,0.8969840407371521
2018-08-26,2018-08-27 09:00:00,0.6679689884185791,0.6947810053825378
2018-08-26,2018-08-27 09:15:00,0.5695310235023499,0.5406608581542969
2018-08-26,2018-08-27 09:30:00,0.5695310235023499,0.4233039915561676
2018-08-26,2018-08-27 09:45:00,0.4921880066394806,0.2534284293651581
2018-08-26,2018-08-27 10:00:00,0.42890599370002747,0.25939151644706726
2018-08-26,2018-08-27 10:15:00,0.15820300579071045,0.14950454235076904
2018-08-26,2018-08-27 10:30:00,0.03515600040555,0.13204756379127502
2018-08-26,2018-08-27 10:45:00,0.0,0.09619216620922089
2018-08-26,2018-08-27 11:00:00,0.0,0.1369219273328781
2018-08-26,2018-08-27 11:15:00,0.0,0.11968812346458435
2018-08-26,2018-08-27 11:30:00,0.0,0.039084140211343765
2018-08-26,2018-08-27 11:45:00,0.0,0.042833682149648666
2018-08-26,2018-08-27 12:00:00,0.0,0.030328817665576935
2018-08-26,2018-08-27 12:15:00,0.0,0.05729509890079498
2018-08-26,2018-08-27 12:30:00,0.0,0.0
2018-08-26,2018-08-27 12:45:00,0.0,0.0
2018-08-26,2018-08-27 13:00:00,0.0,0.01300081703811884
2018-08-26,2018-08-27 13:15:00,0.0,0.008165148086845875
2018-08-26,2018-08-27 13:30:00,0.0,0.0
2018-08-26,2018-08-27 13:45:00,0.0,0.0
2018-08-26,2018-08-27 14:00:00,0.0,0.0
2018-08-26,2018-08-27 14:15:00,0.0,0.0
2018-08-26,2018-08-27 14:30:00,0.0,0.0
2018-08-26,2018-08-27 14:45:00,0.0,0.0
2018-08-26,2018-08-27 15:00:00,0.0,0.0
2018-08-26,2018-08-27 15:15:00,0.0,0.0
2018-08-26,2018-08-27 15:30:00,0.0,0.0
2018-08-26,2018-08-27 15:45:00,0.0,0.0
2018-08-26,2018-08-27 16:00:00,0.0,0.0
2018-08-26,2018-08-27 16:15:00,0.0,0.0
2018-08-26,2018-08-27 16:30:00,0.0,0.0
2018-08-26,2018-08-27 16:45:00,0.0,0.028855882585048676
2018-08-26,2018-08-27 17:00:00,0.0,0.05741671100258827
2018-08-26,2018-08-27 17:15:00,0.0,0.05199712514877319
2018-08-26,2018-08-27 17:30:00,0.0,0.0
2018-08-26,2018-08-27 17:45:00,0.0,0.03658096492290497
2018-08-26,2018-08-27 18:00:00,0.0,0.0
2018-08-26,2018-08-27 18:15:00,0.0,0.0
2018-08-26,2018-08-27 18:30:00,0.0,0.022752149030566216
2018-08-26,2018-08-27 18:45:00,0.0,0.011523494496941566
2018-08-26,2018-08-27 19:00:00,0.0,0.002660586731508374
2018-08-26,2018-08-27 19:15:00,0.0,0.07797493785619736
2018-08-26,2018-08-27 19:30:00,0.0,0.03389960899949074
2018-08-26,2018-08-27 19:45:00,0.0,0.051117002964019775
2018-08-26,2018-08-27 20:00:00,0.0,0.06268180906772614
2018-08-26,2018-08-27 20:15:00,0.0,0.03994541987776756
2018-08-26,2018-08-27 20:30:00,0.0,0.03896521031856537
2018-08-26,2018-08-27 20:45:00,0.0,0.09331199526786804
2018-08-26,2018-08-27 21:00:00,0.0,0.1684226542711258
2018-08-26,2018-08-27 21:15:00,0.0,0.13202235102653503
2018-08-26,2018-08-27 21:30:00,0.0,0.11938682198524475
2018-08-26,2018-08-27 21:45:00,0.0,0.1714082956314087
2018-08-26,2018-08-27 22:00:00,0.003515999997034669,0.30666661262512207
2018-08-26,2018-08-27 22:15:00,0.0,0.43000683188438416
2018-08-26,2018-08-27 22:30:00,0.19687500596046448,0.5534408688545227
2018-08-26,2018-08-27 22:45:00,0.31992200016975403,0.7181674838066101
2018-08-26,2018-08-27 23:00:00,0.3410159945487976,0.7932729721069336
2018-08-26,2018-08-27 23:15:00,0.5519530177116394,0.9905907511711121
2018-08-26,2018-08-27 23:30:00,0.5660160183906555,1.181218147277832
2018-08-26,2018-08-27 23:45:00,0.731249988079071,1.3201099634170532
2018-08-27,2018-08-28 00:00:00,0.935155987739563,1.1951948404312134
2018-08-27,2018-08-28 00:15:00,1.8738280534744263,1.5112981796264648
2018-08-27,2018-08-28 00:30:00,1.2269530296325684,1.7933193445205688
2018-08-27,2018-08-28 00:45:00,1.4660160541534424,2.172987222671509
2018-08-27,2018-08-28 01:00:00,1.7507810592651367,2.446197509765625
2018-08-27,2018-08-28 01:15:00,2.742187976837158,2.741852283477783
2018-08-27,2018-08-28 01:30:00,2.8441410064697266,3.0284552574157715
2018-08-27,2018-08-28 01:45:00,3.065624952316284,3.2242276668548584
2018-08-27,2018-08-28 02:00:00,3.258984088897705,3.5385642051696777
2018-08-27,2018-08-28 02:15:00,3.4066410064697266,3.6797680854797363
2018-08-27,2018-08-28 02:30:00,3.5999999046325684,3.784553050994873
2018-08-27,2018-08-28 02:45:00,3.628124952316284,3.8623735904693604
2018-08-27,2018-08-28 03:00:00,3.6597650051116943,4.069356441497803
2018-08-27,2018-08-28 03:15:00,3.7335939407348633,4.10486364364624
2018-08-27,2018-08-28 03:30:00,3.789844036102295,4.127960681915283
2018-08-27,2018-08-28 03:45:00,3.7828121185302734,4.1320929527282715
2018-08-27,2018-08-28 04:00:00,3.867187976837158,4.056759834289551
2018-08-27,2018-08-28 04:15:00,3.825000047683716,4.102144718170166
2018-08-27,2018-08-28 04:30:00,3.786328077316284,3.9828882217407227
2018-08-27,2018-08-28 04:45:00,3.796875,3.966432809829712
2018-08-27,2018-08-28 05:00:00,3.744141101837158,3.82611083984375
2018-08-27,2018-08-28 05:15:00,3.6527340412139893,3.8114328384399414
2018-08-27,2018-08-28 05:30:00,3.628124952316284,3.628323554992676
2018-08-27,2018-08-28 05:45:00,3.5964839458465576,3.4949841499328613
2018-08-27,2018-08-28 06:00:00,3.515625,3.370393753051758
2018-08-27,2018-08-28 06:15:00,3.4347660541534424,3.2658917903900146
2018-08-27,2018-08-28 06:30:00,3.3257811069488525,3.1902549266815186
2018-08-27,2018-08-28 06:45:00,3.1851561069488525,3.0688562393188477
2018-08-27,2018-08-28 07:00:00,3.0164060592651367,2.9186980724334717
2018-08-27,2018-08-28 07:15:00,2.840625047683716,2.7235987186431885
2018-08-27,2018-08-28 07:30:00,2.629688024520874,2.701483726501465
2018-08-27,2018-08-28 07:45:00,2.425781011581421,2.5795137882232666
2018-08-27,2018-08-28 08:00:00,2.1832029819488525,2.269904136657715
2018-08-27,2018-08-28 08:15:00,1.9160159826278687,2.1752352714538574
2018-08-27,2018-08-28 08:30:00,1.680469036102295,1.964512825012207
2018-08-27,2018-08-28 08:45:00,1.4449219703674316,1.8423646688461304
2018-08-27,2018-08-28 09:00:00,1.1496089696884155,1.636858582496643
2018-08-27,2018-08-28 09:15:00,0.9246090054512024,1.4656513929367065
2018-08-27,2018-08-28 09:30:00,0.6785159707069397,1.2878305912017822
2018-08-27,2018-08-28 09:45:00,0.4781250059604645,1.0298519134521484
2018-08-27,2018-08-28 10:00:00,0.3023439943790436,0.9269199371337891
2018-08-27,2018-08-28 10:15:00,0.16171899437904358,0.7617428302764893
2018-08-27,2018-08-28 10:30:00,0.03867200016975403,0.5841038823127747
2018-08-27,2018-08-28 10:45:00,0.0,0.46199870109558105
2018-08-27,2018-08-28 11:00:00,0.0,0.4152497947216034
2018-08-27,2018-08-28 11:15:00,0.0,0.2881494462490082
2018-08-27,2018-08-28 11:30:00,0.0,0.19774967432022095
2018-08-27,2018-08-28 11:45:00,0.0,0.2127862125635147
2018-08-27,2018-08-28 12:00:00,0.0,0.07838956266641617
2018-08-27,2018-08-28 12:15:00,0.0,0.1114010363817215
2018-08-27,2018-08-28 12:30:00,0.0,0.0065563516691327095
2018-08-27,2018-08-28 12:45:00,0.0,0.0
2018-08-27,2018-08-28 13:00:00,0.0,0.0
2018-08-27,2018-08-28 13:15:00,0.0,0.0
2018-08-27,2018-08-28 13:30:00,0.0,0.0
2018-08-27,2018-08-28 13:45:00,0.0,0.0
2018-08-27,2018-08-28 14:00:00,0.0,0.0
2018-08-27,2018-08-28 14:15:00,0.0,0.0
2018-08-27,2018-08-28 14:30:00,0.0,0.0
2018-08-27,2018-08-28 14:45:00,0.0,0.0
2018-08-27,2018-08-28 15:00:00,0.0,0.0
2018-08-27,2018-08-28 15:15:00,0.0,0.0
2018-08-27,2018-08-28 15:30:00,0.0,0.0
2018-08-27,2018-08-28 15:45:00,0.0,0.0
2018-08-27,2018-08-28 16:00:00,0.0,0.0
2018-08-27,2018-08-28 16:15:00,0.0,0.0
2018-08-27,2018-08-28 16:30:00,0.0,0.0
2018-08-27,2018-08-28 16:45:00,0.0,0.0
2018-08-27,2018-08-28 17:00:00,0.0,0.0
2018-08-27,2018-08-28 17:15:00,0.0,0.05146341025829315
2018-08-27,2018-08-28 17:30:00,0.0,0.0
2018-08-27,2018-08-28 17:45:00,0.0,0.0
2018-08-27,2018-08-28 18:00:00,0.0,0.0
2018-08-27,2018-08-28 18:15:00,0.0,0.0
2018-08-27,2018-08-28 18:30:00,0.0,0.0
2018-08-27,2018-08-28 18:45:00,0.0,0.0
2018-08-27,2018-08-28 19:00:00,0.0,0.03855443000793457
2018-08-27,2018-08-28 19:15:00,0.0,0.11500322073698044
2018-08-27,2018-08-28 19:30:00,0.0,0.0874069556593895
2018-08-27,2018-08-28 19:45:00,0.0,0.14553618431091309
2018-08-27,2018-08-28 20:00:00,0.0,0.05965622141957283
2018-08-27,2018-08-28 20:15:00,0.0,0.06940567493438721
2018-08-27,2018-08-28 20:30:00,0.0,0.09397752583026886
2018-08-27,2018-08-28 20:45:00,0.0,0.08778096735477448
2018-08-27,2018-08-28 21:00:00,0.0,0.11831440031528473
2018-08-27,2018-08-28 21:15:00,0.0,0.0
2018-08-27,2018-08-28 21:30:00,0.0,0.0
2018-08-27,2018-08-28 21:45:00,0.0,0.0
2018-08-27,2018-08-28 22:00:00,0.0,0.0
2018-08-27,2018-08-28 22:15:00,0.0,0.0
2018-08-27,2018-08-28 22:30:00,0.0,0.0
2018-08-27,2018-08-28 22:45:00,0.21796900033950806,0.0
2018-08-27,2018-08-28 23:00:00,0.3164060115814209,0.0
2018-08-27,2018-08-28 23:15:00,0.3058589994907379,0.0
2018-08-27,2018-08-28 23:30:00,0.28125,0.0
2018-08-27,2018-08-28 23:45:00,0.4007810056209564,0.056377094238996506
2018-08-28,2018-08-29 00:00:00,0.28828099370002747,0.9596933722496033
2018-08-28,2018-08-29 00:15:00,0.5203120112419128,1.175512433052063
2018-08-28,2018-08-29 00:30:00,0.7593749761581421,1.3294694423675537
2018-08-28,2018-08-29 00:45:00,1.0863280296325684,1.6064395904541016
2018-08-28,2018-08-29 01:00:00,1.3816410303115845,1.7968624830245972
2018-08-28,2018-08-29 01:15:00,2.566406011581421,1.9229542016983032
2018-08-28,2018-08-29 01:30:00,2.3871090412139893,2.1849777698516846
2018-08-28,2018-08-29 01:45:00,2.292186975479126,2.263871192932129
2018-08-28,2018-08-29 02:00:00,2.4398438930511475,2.3924641609191895
2018-08-28,2018-08-29 02:15:00,2.759766101837158,2.47843074798584
2018-08-28,2018-08-29 02:30:00,3.7828121185302734,2.6151492595672607
2018-08-28,2018-08-29 02:45:00,3.786328077316284,2.683769702911377
2018-08-28,2018-08-29 03:00:00,3.7722649574279785,2.8774397373199463
2018-08-28,2018-08-29 03:15:00,3.638672113418579,2.842843532562256
2018-08-28,2018-08-29 03:30:00,3.7546870708465576,2.8835537433624268
2018-08-28,2018-08-29 03:45:00,3.779297113418579,2.8655972480773926
2018-08-28,2018-08-29 04:00:00,3.67031192779541,2.898560047149658
2018-08-28,2018-08-29 04:15:00,3.6140620708465576,2.8998470306396484
2018-08-28,2018-08-29 04:30:00,3.726562023162842,2.8991165161132812
2018-08-28,2018-08-29 04:45:00,3.2941410541534424,2.802919387817383
2018-08-28,2018-08-29 05:00:00,3.5753910541534424,2.7167141437530518
2018-08-28,2018-08-29 05:15:00,3.462891101837158,2.6271896362304688
2018-08-28,2018-08-29 05:30:00,3.3292970657348633,2.5931882858276367
2018-08-28,2018-08-29 05:45:00,3.4382810592651367,2.4313647747039795
2018-08-28,2018-08-29 06:00:00,3.5894529819488525,2.3593223094940186
2018-08-28,2018-08-29 06:15:00,3.5015621185302734,2.2019879817962646
2018-08-28,2018-08-29 06:30:00,3.375,2.137810707092285
2018-08-28,2018-08-29 06:45:00,3.2554690837860107,1.9265319108963013
2018-08-28,2018-08-29 07:00:00,3.086719036102295,1.8115555047988892
2018-08-28,2018-08-29 07:15:00,2.924999952316284,1.6250770092010498
2018-08-28,2018-08-29 07:30:00,2.682421922683716,1.5596221685409546
2018-08-28,2018-08-29 07:45:00,2.460937976837158,1.3597248792648315
2018-08-28,2018-08-29 08:00:00,2.197266101837158,1.1275206804275513
2018-08-28,2018-08-29 08:15:00,1.9828120470046997,1.0067423582077026
2018-08-28,2018-08-29 08:30:00,1.694530963897705,0.8529486060142517
2018-08-28,2018-08-29 08:45:00,1.3957029581069946,0.7876631617546082
2018-08-28,2018-08-29 09:00:00,1.1988279819488525,0.6174639463424683
2018-08-28,2018-08-29 09:15:00,0.9492189884185791,0.4910350739955902
2018-08-28,2018-08-29 09:30:00,0.7207030057907104,0.42483678460121155
2018-08-28,2018-08-29 09:45:00,0.4886719882488251,0.33796370029449463
2018-08-28,2018-08-29 10:00:00,0.3164060115814209,0.296484112739563
2018-08-28,2018-08-29 10:15:00,0.17226600646972656,0.23512251675128937
2018-08-28,2018-08-29 10:30:00,0.03867200016975403,0.16858802735805511
2018-08-28,2018-08-29 10:45:00,0.0,0.17423850297927856
2018-08-28,2018-08-29 11:00:00,0.0,0.19405102729797363
2018-08-28,2018-08-29 11:15:00,0.0,0.16857506334781647
2018-08-28,2018-08-29 11:30:00,0.0,0.07361935079097748
2018-08-28,2018-08-29 11:45:00,0.0,0.0826643630862236
2018-08-28,2018-08-29 12:00:00,0.0,0.047911494970321655
2018-08-28,2018-08-29 12:15:00,0.0,0.09662674367427826
2018-08-28,2018-08-29 12:30:00,0.0,0.0012346821604296565
2018-08-28,2018-08-29 12:45:00,0.0,0.0
2018-08-28,2018-08-29 13:00:00,0.0,0.0
2018-08-28,2018-08-29 13:15:00,0.0,0.0
2018-08-28,2018-08-29 13:30:00,0.0,0.0
2018-08-28,2018-08-29 13:45:00,0.0,0.0
2018-08-28,2018-08-29 14:00:00,0.0,0.0
2018-08-28,2018-08-29 14:15:00,0.0,0.0
2018-08-28,2018-08-29 14:30:00,0.0,0.0
2018-08-28,2018-08-29 14:45:00,0.0,0.0
2018-08-28,2018-08-29 15:00:00,0.0,0.0
2018-08-28,2018-08-29 15:15:00,0.0,0.0
2018-08-28,2018-08-29 15:30:00,0.0,0.0
2018-08-28,2018-08-29 15:45:00,0.0,0.0
2018-08-28,2018-08-29 16:00:00,0.0,0.0
2018-08-28,2018-08-29 16:15:00,0.0,0.0
2018-08-28,2018-08-29 16:30:00,0.0,0.0
2018-08-28,2018-08-29 16:45:00,0.0,0.004054005723446608
2018-08-28,2018-08-29 17:00:00,0.0,0.04619714990258217
2018-08-28,2018-08-29 17:15:00,0.0,0.06281659007072449
2018-08-28,2018-08-29 17:30:00,0.0,0.0
2018-08-28,2018-08-29 17:45:00,0.0,0.07387752830982208
2018-08-28,2018-08-29 18:00:00,0.0,0.05060197040438652
2018-08-28,2018-08-29 18:15:00,0.0,0.0
2018-08-28,2018-08-29 18:30:00,0.0,0.0
2018-08-28,2018-08-29 18:45:00,0.0,0.02279452420771122
2018-08-28,2018-08-29 19:00:00,0.0,0.011320867575705051
2018-08-28,2018-08-29 19:15:00,0.0,0.13069027662277222
2018-08-28,2018-08-29 19:30:00,0.0,0.00877413060516119
2018-08-28,2018-08-29 19:45:00,0.0,0.1131507083773613
2018-08-28,2018-08-29 20:00:00,0.0,0.07318957895040512
2018-08-28,2018-08-29 20:15:00,0.0,0.06595353782176971
2018-08-28,2018-08-29 20:30:00,0.0,0.05547095090150833
2018-08-28,2018-08-29 20:45:00,0.0,0.09835488349199295
2018-08-28,2018-08-29 21:00:00,0.0,0.18385739624500275
2018-08-28,2018-08-29 21:15:00,0.0,0.21020305156707764
2018-08-28,2018-08-29 21:30:00,0.0,0.17376166582107544
2018-08-28,2018-08-29 21:45:00,0.0,0.21160829067230225
2018-08-28,2018-08-29 22:00:00,0.0,0.2929822504520416
2018-08-28,2018-08-29 22:15:00,0.0,0.3652300536632538
2018-08-28,2018-08-29 22:30:00,0.2003909945487976,0.48511043190956116
2018-08-28,2018-08-29 22:45:00,0.34453099966049194,0.5644650459289551
2018-08-28,2018-08-29 23:00:00,0.46406298875808716,0.6352967023849487
2018-08-28,2018-08-29 23:15:00,0.6328120231628418,0.8064383864402771
2018-08-28,2018-08-29 23:30:00,0.9597659707069397,0.9637405872344971
2018-08-28,2018-08-29 23:45:00,0.9140620231628418,0.9979853630065918
2018-08-29,2018-08-30 00:00:00,0.935155987739563,1.328415870666504
2018-08-29,2018-08-30 00:15:00,0.7347660064697266,1.5181705951690674
2018-08-29,2018-08-30 00:30:00,1.694530963897705,1.6868507862091064
2018-08-29,2018-08-30 00:45:00,1.033594012260437,1.9160367250442505
2018-08-29,2018-08-30 01:00:00,1.3746089935302734,2.0862796306610107
2018-08-29,2018-08-30 01:15:00,2.348438024520874,2.2087600231170654
2018-08-29,2018-08-30 01:30:00,1.4695310592651367,2.4246466159820557
2018-08-29,2018-08-30 01:45:00,1.5222660303115845,2.5899627208709717
2018-08-29,2018-08-30 02:00:00,1.4378910064697266,2.682729959487915
2018-08-29,2018-08-30 02:15:00,1.2867189645767212,2.7737371921539307
2018-08-29,2018-08-30 02:30:00,1.1953120231628418,2.8882076740264893
2018-08-29,2018-08-30 02:45:00,1.223436951637268,2.9600586891174316
2018-08-29,2018-08-30 03:00:00,1.821094036102295,3.122361421585083
2018-08-29,2018-08-30 03:15:00,1.4097659587860107,3.0746030807495117
2018-08-29,2018-08-30 03:30:00,0.9597659707069397,3.1089189052581787
2018-08-29,2018-08-30 03:45:00,1.0019530057907104,3.1002941131591797
2018-08-29,2018-08-30 04:00:00,0.9984380006790161,3.0982019901275635
2018-08-29,2018-08-30 04:15:00,1.2550779581069946,3.0521469116210938
2018-08-29,2018-08-30 04:30:00,1.8914060592651367,3.0242786407470703
2018-08-29,2018-08-30 04:45:00,1.3183590173721313,2.9232776165008545
2018-08-29,2018-08-30 05:00:00,1.2445310354232788,2.7992515563964844
2018-08-29,2018-08-30 05:15:00,1.3324220180511475,2.686579465866089
2018-08-29,2018-08-30 05:30:00,1.230468988418579,2.6364541053771973
2018-08-29,2018-08-30 05:45:00,0.9386720061302185,2.4284353256225586
2018-08-29,2018-08-30 06:00:00,0.9773439764976501,2.322953701019287
2018-08-29,2018-08-30 06:15:00,1.2867189645767212,2.1002585887908936
2018-08-29,2018-08-30 06:30:00,1.167186975479126,1.9714301824569702
2018-08-29,2018-08-30 06:45:00,1.1636719703674316,1.7438431978225708
2018-08-29,2018-08-30 07:00:00,0.935155987739563,1.6132731437683105
2018-08-29,2018-08-30 07:15:00,0.892969012260437,1.3868252038955688
2018-08-29,2018-08-30 07:30:00,1.0054689645767212,1.2742304801940918
2018-08-29,2018-08-30 07:45:00,1.8492189645767212,1.0625418424606323
2018-08-29,2018-08-30 08:00:00,1.089843988418579,0.8651383519172668
2018-08-29,2018-08-30 08:15:00,1.4941409826278687,0.7334035634994507
2018-08-29,2018-08-30 08:30:00,0.963280975818634,0.6101440191268921
2018-08-29,2018-08-30 08:45:00,0.5378909707069397,0.5144259333610535
2018-08-29,2018-08-30 09:00:00,0.24960899353027344,0.39501598477363586
2018-08-29,2018-08-30 09:15:00,0.16171899437904358,0.32093507051467896
2018-08-29,2018-08-30 09:30:00,0.042187999933958054,0.3102368414402008
2018-08-29,2018-08-30 09:45:00,0.052733998745679855,0.22525645792484283
2018-08-29,2018-08-30 10:00:00,0.010546999983489513,0.23513497412204742
2018-08-29,2018-08-30 10:15:00,0.0,0.18479813635349274
2018-08-29,2018-08-30 10:30:00,0.0,0.17920538783073425
2018-08-29,2018-08-30 10:45:00,0.0,0.20308776199817657
2018-08-29,2018-08-30 11:00:00,0.0,0.2193705439567566
2018-08-29,2018-08-30 11:15:00,0.0,0.176826611161232
2018-08-29,2018-08-30 11:30:00,0.0,0.1269627958536148
2018-08-29,2018-08-30 11:45:00,0.0,0.12692570686340332
2018-08-29,2018-08-30 12:00:00,0.0,0.08478952944278717
2018-08-29,2018-08-30 12:15:00,0.0,0.12654171884059906
2018-08-29,2018-08-30 12:30:00,0.0,0.02203630656003952
2018-08-29,2018-08-30 12:45:00,0.0,0.0
2018-08-29,2018-08-30 13:00:00,0.0,0.0
2018-08-29,2018-08-30 13:15:00,0.0,0.0
2018-08-29,2018-08-30 13:30:00,0.0,0.0
2018-08-29,2018-08-30 13:45:00,0.0,0.0
2018-08-29,2018-08-30 14:00:00,0.0,0.0
2018-08-29,2018-08-30 14:15:00,0.0,0.0
2018-08-29,2018-08-30 14:30:00,0.0,0.0
2018-08-29,2018-08-30 14:45:00,0.0,0.0
2018-08-29,2018-08-30 15:00:00,0.0,0.0
2018-08-29,2018-08-30 15:15:00,0.0,0.0
2018-08-29,2018-08-30 15:30:00,0.0,0.0
2018-08-29,2018-08-30 15:45:00,0.0,0.0
2018-08-29,2018-08-30 16:00:00,0.0,0.0
2018-08-29,2018-08-30 16:15:00,0.0,0.0
2018-08-29,2018-08-30 16:30:00,0.0,0.0
2018-08-29,2018-08-30 16:45:00,0.0,0.0
2018-08-29,2018-08-30 17:00:00,0.0,0.03774142265319824
2018-08-29,2018-08-30 17:15:00,0.0,0.055002983659505844
2018-08-29,2018-08-30 17:30:00,0.0,0.0
2018-08-29,2018-08-30 17:45:00,0.0,0.034956179559230804
2018-08-29,2018-08-30 18:00:00,0.0,0.0
2018-08-29,2018-08-30 18:15:00,0.0,0.0
2018-08-29,2018-08-30 18:30:00,0.0,0.0
2018-08-29,2018-08-30 18:45:00,0.0,0.0
2018-08-29,2018-08-30 19:00:00,0.0,0.0
2018-08-29,2018-08-30 19:15:00,0.0,0.07635834813117981
2018-08-29,2018-08-30 19:30:00,0.0,0.02396467700600624
2018-08-29,2018-08-30 19:45:00,0.0,0.0732717290520668
2018-08-29,2018-08-30 20:00:00,0.0,0.07783055305480957
2018-08-29,2018-08-30 20:15:00,0.0,0.08557005226612091
2018-08-29,2018-08-30 20:30:00,0.0,0.09500822424888611
2018-08-29,2018-08-30 20:45:00,0.0,0.12738317251205444
2018-08-29,2018-08-30 21:00:00,0.0,0.21116463840007782
2018-08-29,2018-08-30 21:15:00,0.0,0.2218829095363617
2018-08-29,2018-08-30 21:30:00,0.0,0.1599080115556717
2018-08-29,2018-08-30 21:45:00,0.0,0.19562557339668274
2018-08-29,2018-08-30 22:00:00,0.0,0.29203400015830994
2018-08-29,2018-08-30 22:15:00,0.0,0.36363479495048523
2018-08-29,2018-08-30 22:30:00,0.024608999490737915,0.4670378267765045
2018-08-29,2018-08-30 22:45:00,0.07734400033950806,0.5415666103363037
2018-08-29,2018-08-30 23:00:00,0.26367199420928955,0.5900339484214783
2018-08-29,2018-08-30 23:15:00,0.23906299471855164,0.7554754614830017
2018-08-29,2018-08-30 23:30:00,0.291797012090683,0.876741349697113
2018-08-29,2018-08-30 23:45:00,0.30937498807907104,0.9547847509384155
2018-08-30,2018-08-31 00:00:00,0.411327987909317,0.5155920386314392
2018-08-30,2018-08-31 00:15:00,0.5730469822883606,0.6629390120506287
2018-08-30,2018-08-31 00:30:00,0.5378909707069397,0.7042849659919739
2018-08-30,2018-08-31 00:45:00,0.4816409945487976,0.9049299955368042
2018-08-30,2018-08-31 01:00:00,1.1285159587860107,1.0583757162094116
2018-08-30,2018-08-31 01:15:00,1.1917970180511475,1.2319399118423462
2018-08-30,2018-08-31 01:30:00,1.2761720418930054,1.3664610385894775
2018-08-30,2018-08-31 01:45:00,0.5695310235023499,1.4292140007019043
2018-08-30,2018-08-31 02:00:00,0.4675779938697815,1.5286579132080078
2018-08-30,2018-08-31 02:15:00,0.48515599966049194,1.5829867124557495
2018-08-30,2018-08-31 02:30:00,0.9667969942092896,1.684866189956665
2018-08-30,2018-08-31 02:45:00,1.8175779581069946,1.7365361452102661
2018-08-30,2018-08-31 03:00:00,2.091797113418579,1.9164758920669556
2018-08-30,2018-08-31 03:15:00,1.722656011581421,1.8770899772644043
2018-08-30,2018-08-31 03:30:00,1.0933589935302734,1.8682901859283447
2018-08-30,2018-08-31 03:45:00,1.1460939645767212,1.8467365503311157
2018-08-30,2018-08-31 04:00:00,1.364061951637268,1.8994961977005005
2018-08-30,2018-08-31 04:15:00,1.3746089935302734,1.8961743116378784
2018-08-30,2018-08-31 04:30:00,1.132030963897705,1.8674589395523071
2018-08-30,2018-08-31 04:45:00,0.5800780057907104,1.6953791379928589
2018-08-30,2018-08-31 05:00:00,0.7875000238418579,1.680998682975769
2018-08-30,2018-08-31 05:15:00,0.7101560235023499,1.5855854749679565
2018-08-30,2018-08-31 05:30:00,0.5554689764976501,1.5006577968597412
2018-08-30,2018-08-31 05:45:00,0.6328120231628418,1.326930284500122
2018-08-30,2018-08-31 06:00:00,1.1109369993209839,1.181312084197998
2018-08-30,2018-08-31 06:15:00,1.082811951637268,1.136451005935669
2018-08-30,2018-08-31 06:30:00,0.9210940003395081,1.0973396301269531
2018-08-30,2018-08-31 06:45:00,0.8402339816093445,0.938859224319458
2018-08-30,2018-08-31 07:00:00,0.6398440003395081,0.8353472948074341
2018-08-30,2018-08-31 07:15:00,0.7628909945487976,0.6854331493377686
2018-08-30,2018-08-31 07:30:00,0.8789060115814209,0.6844496726989746
2018-08-30,2018-08-31 07:45:00,0.6292970180511475,0.5380886197090149
2018-08-30,2018-08-31 08:00:00,0.4464839994907379,0.3274635374546051
2018-08-30,2018-08-31 08:15:00,0.3621090054512024,0.4284079074859619
2018-08-30,2018-08-31 08:30:00,0.37968701124191284,0.2784596085548401
2018-08-30,2018-08-31 08:45:00,0.42890599370002747,0.3683045506477356
2018-08-30,2018-08-31 09:00:00,0.3023439943790436,0.29790040850639343
2018-08-30,2018-08-31 09:15:00,0.21445299685001373,0.23184002935886383
2018-08-30,2018-08-31 09:30:00,0.18984399735927582,0.26086288690567017
2018-08-30,2018-08-31 09:45:00,0.049219001084566116,0.26906171441078186
2018-08-30,2018-08-31 10:00:00,0.049219001084566116,0.25618940591812134
2018-08-30,2018-08-31 10:15:00,0.010546999983489513,0.2636684477329254
2018-08-30,2018-08-31 10:30:00,0.0,0.10288411378860474
2018-08-30,2018-08-31 10:45:00,0.0,0.1840083748102188
2018-08-30,2018-08-31 11:00:00,0.0,0.2232985943555832
2018-08-30,2018-08-31 11:15:00,0.0,0.2491048276424408
2018-08-30,2018-08-31 11:30:00,0.0,0.0773075744509697
2018-08-30,2018-08-31 11:45:00,0.0,0.13937562704086304
2018-08-30,2018-08-31 12:00:00,0.0,0.1167006865143776
2018-08-30,2018-08-31 12:15:00,0.0,0.1534886211156845
2018-08-30,2018-08-31 12:30:00,0.0,0.04198320582509041
2018-08-30,2018-08-31 12:45:00,0.0,0.055090270936489105
2018-08-30,2018-08-31 13:00:00,0.0,0.0
2018-08-30,2018-08-31 13:15:00,0.0,0.0
2018-08-30,2018-08-31 13:30:00,0.0,0.0
2018-08-30,2018-08-31 13:45:00,0.0,0.0
2018-08-30,2018-08-31 14:00:00,0.0,0.0
2018-08-30,2018-08-31 14:15:00,0.0,0.0
2018-08-30,2018-08-31 14:30:00,0.0,0.0
2018-08-30,2018-08-31 14:45:00,0.0,0.02644653618335724
2018-08-30,2018-08-31 15:00:00,0.0,0.0
2018-08-30,2018-08-31 15:15:00,0.0,0.09078741073608398
2018-08-30,2018-08-31 15:30:00,0.0,0.0
2018-08-30,2018-08-31 15:45:00,0.0,0.0705374926328659
2018-08-30,2018-08-31 16:00:00,0.0,0.062173258513212204
2018-08-30,2018-08-31 16:15:00,0.0,0.0
2018-08-30,2018-08-31 16:30:00,0.0,0.07063550502061844
2018-08-30,2018-08-31 16:45:00,0.0,0.06574687361717224
2018-08-30,2018-08-31 17:00:00,0.0,0.0404793806374073
2018-08-30,2018-08-31 17:15:00,0.0,0.09621861577033997
2018-08-30,2018-08-31 17:30:00,0.0,0.0
2018-08-30,2018-08-31 17:45:00,0.0,0.0593891404569149
2018-08-30,2018-08-31 18:00:00,0.0,0.03949670121073723
2018-08-30,2018-08-31 18:15:00,0.0,0.0
2018-08-30,2018-08-31 18:30:00,0.0,0.0
2018-08-30,2018-08-31 18:45:00,0.0,0.07504138350486755
2018-08-30,2018-08-31 19:00:00,0.0,0.06406834721565247
2018-08-30,2018-08-31 19:15:00,0.0,0.18659436702728271
2018-08-30,2018-08-31 19:30:00,0.0,0.05119771882891655
2018-08-30,2018-08-31 19:45:00,0.0,0.1398615688085556
2018-08-30,2018-08-31 20:00:00,0.0,0.10687491297721863
2018-08-30,2018-08-31 20:15:00,0.0,0.12461236864328384
2018-08-30,2018-08-31 20:30:00,0.0,0.13547764718532562
2018-08-30,2018-08-31 20:45:00,0.0,0.07703104615211487
2018-08-30,2018-08-31 21:00:00,0.0,0.2213253527879715
2018-08-30,2018-08-31 21:15:00,0.0,0.1191251128911972
2018-08-30,2018-08-31 21:30:00,0.0,0.041685208678245544
2018-08-30,2018-08-31 21:45:00,0.0,0.12147983908653259
2018-08-30,2018-08-31 22:00:00,0.0,0.14140573143959045
2018-08-30,2018-08-31 22:15:00,0.0,0.19454032182693481
2018-08-30,2018-08-31 22:30:00,0.0,0.19029317796230316
2018-08-30,2018-08-31 22:45:00,0.052733998745679855,0.28175920248031616
2018-08-30,2018-08-31 23:00:00,0.0703120008111,0.3261282444000244
2018-08-30,2018-08-31 23:15:00,0.25312501192092896,0.47746145725250244
2018-08-30,2018-08-31 23:30:00,0.4570310115814209,0.5156155228614807
2018-08-30,2018-08-31 23:45:00,0.7910159826278687,0.49606698751449585
2018-11-23,2018-11-24 00:00:00,0.2566410005092621,0.2101718634366989
2018-11-23,2018-11-24 00:15:00,0.42539098858833313,0.3615037202835083
2018-11-23,2018-11-24 00:30:00,0.6503909826278687,0.49292391538619995
2018-11-23,2018-11-24 00:45:00,0.794530987739563,0.6687877774238586
2018-11-23,2018-11-24 01:00:00,1.1039060354232788,0.8178742527961731
2018-11-23,2018-11-24 01:15:00,1.3253910541534424,0.9714437127113342
2018-11-23,2018-11-24 01:30:00,1.490625023841858,1.1387240886688232
2018-11-23,2018-11-24 01:45:00,1.694530963897705,1.3318357467651367
2018-11-23,2018-11-24 02:00:00,1.835155963897705,1.5170886516571045
2018-11-23,2018-11-24 02:15:00,2.144531011581421,1.639891505241394
2018-11-23,2018-11-24 02:30:00,2.3132810592651367,1.7894903421401978
2018-11-23,2018-11-24 02:45:00,2.513672113418579,1.9111511707305908
2018-11-23,2018-11-24 03:00:00,2.636718988418579,2.073150157928467
2018-11-23,2018-11-24 03:15:00,2.805469036102295,2.150719165802002
2018-11-23,2018-11-24 03:30:00,2.8863279819488525,2.269526958465576
2018-11-23,2018-11-24 03:45:00,2.9039061069488525,2.334831714630127
2018-11-23,2018-11-24 04:00:00,2.9390621185302734,2.3361778259277344
2018-11-23,2018-11-24 04:15:00,2.9496090412139893,2.3812365531921387
2018-11-23,2018-11-24 04:30:00,2.865233898162842,2.3248915672302246
2018-11-23,2018-11-24 04:45:00,2.707031011581421,2.2902305126190186
2018-11-23,2018-11-24 05:00:00,2.82656192779541,2.186389923095703
2018-11-23,2018-11-24 05:15:00,2.68593692779541,2.105635643005371
2018-11-23,2018-11-24 05:30:00,2.3695309162139893,2.0014166831970215
2018-11-23,2018-11-24 05:45:00,2.242969036102295,1.8707853555679321
2018-11-23,2018-11-24 06:00:00,2.1867189407348633,1.717890739440918
2018-11-23,2018-11-24 06:15:00,1.6664060354232788,1.540088176727295
2018-11-23,2018-11-24 06:30:00,1.6488280296325684,1.4028512239456177
2018-11-23,2018-11-24 06:45:00,1.5328119993209839,1.2754580974578857
2018-11-23,2018-11-24 07:00:00,1.314844012260437,1.0918786525726318
2018-11-23,2018-11-24 07:15:00,1.2937500476837158,0.8935611844062805
2018-11-23,2018-11-24 07:30:00,0.39375001192092896,0.750112771987915
2018-11-23,2018-11-24 07:45:00,0.40781301259994507,0.622407853603363
2018-11-23,2018-11-24 08:00:00,0.5625,0.47850629687309265
2018-11-23,2018-11-24 08:15:00,0.2355470061302185,0.3695942461490631
2018-11-23,2018-11-24 08:30:00,0.1054690033197403,0.26956915855407715
2018-11-23,2018-11-24 08:45:00,0.007031000219285488,0.14538194239139557
2018-11-23,2018-11-24 09:00:00,0.0,0.06828638911247253
2018-11-23,2018-11-24 09:15:00,0.0,0.006058685015887022
2018-11-23,2018-11-24 09:30:00,0.0,0.0
2018-11-23,2018-11-24 09:45:00,0.0,0.0
2018-11-23,2018-11-24 10:00:00,0.0,0.0
2018-11-23,2018-11-24 10:15:00,0.0,0.0
2018-11-23,2018-11-24 10:30:00,0.0,0.0
2018-11-23,2018-11-24 10:45:00,0.0,0.0
2018-11-23,2018-11-24 11:00:00,0.0,0.0
2018-11-23,2018-11-24 11:15:00,0.0,0.0
2018-11-23,2018-11-24 11:30:00,0.0,0.0
2018-11-23,2018-11-24 11:45:00,0.0,0.0
2018-11-23,2018-11-24 12:00:00,0.0,0.0
2018-11-23,2018-11-24 12:15:00,0.0,0.009187177754938602
2018-11-23,2018-11-24 12:30:00,0.0,0.0
2018-11-23,2018-11-24 12:45:00,0.0,0.0
2018-11-23,2018-11-24 13:00:00,0.0,0.0
2018-11-23,2018-11-24 13:15:00,0.0,0.0
2018-11-23,2018-11-24 13:30:00,0.0,0.0
2018-11-23,2018-11-24 13:45:00,0.0,0.0
2018-11-23,2018-11-24 14:00:00,0.0,0.0
2018-11-23,2018-11-24 14:15:00,0.0,0.0
2018-11-23,2018-11-24 14:30:00,0.0,0.0
2018-11-23,2018-11-24 14:45:00,0.0,0.0
2018-11-23,2018-11-24 15:00:00,0.0,0.011863721534609795
2018-11-23,2018-11-24 15:15:00,0.0,0.018959054723381996
2018-11-23,2018-11-24 15:30:00,0.0,0.03054227866232395
2018-11-23,2018-11-24 15:45:00,0.0,0.03686001896858215
2018-11-23,2018-11-24 16:00:00,0.0,0.0389435850083828
2018-11-23,2018-11-24 16:15:00,0.0,0.05522286519408226
2018-11-23,2018-11-24 16:30:00,0.0,0.08465084433555603
2018-11-23,2018-11-24 16:45:00,0.0,0.09087783843278885
2018-11-23,2018-11-24 17:00:00,0.0,0.09986509382724762
2018-11-23,2018-11-24 17:15:00,0.0,0.10551384836435318
2018-11-23,2018-11-24 17:30:00,0.0,0.06060832738876343
2018-11-23,2018-11-24 17:45:00,0.0,0.06368360668420792
2018-11-23,2018-11-24 18:00:00,0.0,0.07243112474679947
2018-11-23,2018-11-24 18:15:00,0.0,0.044865284115076065
2018-11-23,2018-11-24 18:30:00,0.0,0.02626790478825569
2018-11-23,2018-11-24 18:45:00,0.0,0.0
2018-11-23,2018-11-24 19:00:00,0.0,0.0
2018-11-23,2018-11-24 19:15:00,0.0,0.0
2018-11-23,2018-11-24 19:30:00,0.0,0.0
2018-11-23,2018-11-24 19:45:00,0.0,0.0
2018-11-23,2018-11-24 20:00:00,0.0,0.0
2018-11-23,2018-11-24 20:15:00,0.0,0.0
2018-11-23,2018-11-24 20:30:00,0.0,0.0
2018-11-23,2018-11-24 20:45:00,0.0,0.0
2018-11-23,2018-11-24 21:00:00,0.0,0.0
2018-11-23,2018-11-24 21:15:00,0.0,0.0
2018-11-23,2018-11-24 21:30:00,0.0,0.0
2018-11-23,2018-11-24 21:45:00,0.0,0.0
2018-11-23,2018-11-24 22:00:00,0.0,0.0
2018-11-23,2018-11-24 22:15:00,0.0,0.0
2018-11-23,2018-11-24 22:30:00,0.0,0.03233272209763527
2018-11-23,2018-11-24 22:45:00,0.0,0.037393778562545776
2018-11-23,2018-11-24 23:00:00,0.0,0.05042802914977074
2018-11-23,2018-11-24 23:15:00,0.0,0.11399056762456894
2018-11-23,2018-11-24 23:30:00,0.04570300132036209,0.18292546272277832
2018-11-23,2018-11-24 23:45:00,0.140625,0.22935448586940765
2018-11-24,2018-11-25 00:00:00,0.27421900629997253,0.37994134426116943
2018-11-24,2018-11-25 00:15:00,0.4816409945487976,0.5472261905670166
2018-11-24,2018-11-25 00:30:00,0.7066410183906555,0.6881348490715027
2018-11-24,2018-11-25 00:45:00,0.9210940003395081,0.8701168298721313
2018-11-24,2018-11-25 01:00:00,1.1039060354232788,1.0369404554367065
2018-11-24,2018-11-25 01:15:00,1.2550779581069946,1.2151188850402832
2018-11-24,2018-11-25 01:30:00,1.4835939407348633,1.3488481044769287
2018-11-24,2018-11-25 01:45:00,1.6875,1.5399373769760132
2018-11-24,2018-11-25 02:00:00,1.877344012260437,1.7393982410430908
2018-11-24,2018-11-25 02:15:00,2.1128900051116943,1.844517469406128
2018-11-24,2018-11-25 02:30:00,2.3167970180511475,1.9811793565750122
2018-11-24,2018-11-25 02:45:00,2.4996089935302734,2.0431747436523438
2018-11-24,2018-11-25 03:00:00,2.5875000953674316,2.211522102355957
2018-11-24,2018-11-25 03:15:00,2.636718988418579,2.2826755046844482
2018-11-24,2018-11-25 03:30:00,2.7527339458465576,2.3208632469177246
2018-11-24,2018-11-25 03:45:00,2.7703120708465576,2.3686625957489014
2018-11-24,2018-11-25 04:00:00,2.7914059162139893,2.3689827919006348
2018-11-24,2018-11-25 04:15:00,2.7562499046325684,2.3841915130615234
2018-11-24,2018-11-25 04:30:00,2.7562499046325684,2.300910711288452
2018-11-24,2018-11-25 04:45:00,2.654297113418579,2.2265210151672363
2018-11-24,2018-11-25 05:00:00,2.559375047683716,2.1243741512298584
2018-11-24,2018-11-25 05:15:00,2.401171922683716,2.0119972229003906
2018-11-24,2018-11-25 05:30:00,2.2289059162139893,1.913258671760559
2018-11-24,2018-11-25 05:45:00,2.116405963897705,1.7377928495407104
2018-11-24,2018-11-25 06:00:00,2.003906011581421,1.585774540901184
2018-11-24,2018-11-25 06:15:00,1.7683589458465576,1.409676194190979
2018-11-24,2018-11-25 06:30:00,1.6066410541534424,1.2591339349746704
2018-11-24,2018-11-25 06:45:00,1.4097659587860107,1.084572672843933
2018-11-24,2018-11-25 07:00:00,1.1847660541534424,0.9284001588821411
2018-11-24,2018-11-25 07:15:00,1.0054689645767212,0.7386901378631592
2018-11-24,2018-11-25 07:30:00,0.7875000238418579,0.6041823029518127
2018-11-24,2018-11-25 07:45:00,0.5976560115814209,0.47033002972602844
2018-11-24,2018-11-25 08:00:00,0.41835901141166687,0.3365268409252167
2018-11-24,2018-11-25 08:15:00,0.2566410005092621,0.26123687624931335
2018-11-24,2018-11-25 08:30:00,0.13710899651050568,0.18747512996196747
2018-11-24,2018-11-25 08:45:00,0.02812499925494194,0.08770756423473358
2018-11-24,2018-11-25 09:00:00,0.0,0.025362113490700722
2018-11-24,2018-11-25 09:15:00,0.0,0.0
2018-11-24,2018-11-25 09:30:00,0.0,0.008188603445887566
2018-11-24,2018-11-25 09:45:00,0.0,0.0
2018-11-24,2018-11-25 10:00:00,0.0,0.0
2018-11-24,2018-11-25 10:15:00,0.0,0.010215288028120995
2018-11-24,2018-11-25 10:30:00,0.0,0.0
2018-11-24,2018-11-25 10:45:00,0.0,0.01854337938129902
2018-11-24,2018-11-25 11:00:00,0.0,0.028421740978956223
2018-11-24,2018-11-25 11:15:00,0.0,0.017716513946652412
2018-11-24,2018-11-25 11:30:00,0.0,0.029374586418271065
2018-11-24,2018-11-25 11:45:00,0.0,0.0341264046728611
2018-11-24,2018-11-25 12:00:00,0.0,0.042667243629693985
2018-11-24,2018-11-25 12:15:00,0.0,0.04034645855426788
2018-11-24,2018-11-25 12:30:00,0.0,0.0
2018-11-24,2018-11-25 12:45:00,0.0,0.009052237495779991
2018-11-24,2018-11-25 13:00:00,0.0,0.0
2018-11-24,2018-11-25 13:15:00,0.0,0.0
2018-11-24,2018-11-25 13:30:00,0.0,0.0
2018-11-24,2018-11-25 13:45:00,0.0,0.0
2018-11-24,2018-11-25 14:00:00,0.0,0.0
2018-11-24,2018-11-25 14:15:00,0.0,0.0
2018-11-24,2018-11-25 14:30:00,0.0,0.0
2018-11-24,2018-11-25 14:45:00,0.0,0.0
2018-11-24,2018-11-25 15:00:00,0.0,0.0
2018-11-24,2018-11-25 15:15:00,0.0,0.0
2018-11-24,2018-11-25 15:30:00,0.0,0.0
2018-11-24,2018-11-25 15:45:00,0.0,0.0
2018-11-24,2018-11-25 16:00:00,0.0,0.0
2018-11-24,2018-11-25 16:15:00,0.0,0.0
2018-11-24,2018-11-25 16:30:00,0.0,0.002258250955492258
2018-11-24,2018-11-25 16:45:00,0.0,0.0
2018-11-24,2018-11-25 17:00:00,0.0,0.02419954538345337
2018-11-24,2018-11-25 17:15:00,0.0,0.059597719460725784
2018-11-24,2018-11-25 17:30:00,0.0,0.001058979774825275
2018-11-24,2018-11-25 17:45:00,0.0,0.0
2018-11-24,2018-11-25 18:00:00,0.0,0.0
2018-11-24,2018-11-25 18:15:00,0.0,0.004372629337012768
2018-11-24,2018-11-25 18:30:00,0.0,0.0
2018-11-24,2018-11-25 18:45:00,0.0,0.0
2018-11-24,2018-11-25 19:00:00,0.0,0.0
2018-11-24,2018-11-25 19:15:00,0.0,0.0
2018-11-24,2018-11-25 19:30:00,0.0,0.0
2018-11-24,2018-11-25 19:45:00,0.0,0.0
2018-11-24,2018-11-25 20:00:00,0.0,0.0
2018-11-24,2018-11-25 20:15:00,0.0,0.013112970627844334
2018-11-24,2018-11-25 20:30:00,0.0,0.018875088542699814
2018-11-24,2018-11-25 20:45:00,0.0,0.03567887470126152
2018-11-24,2018-11-25 21:00:00,0.0,0.040848106145858765
2018-11-24,2018-11-25 21:15:00,0.0,0.026501687243580818
2018-11-24,2018-11-25 21:30:00,0.0,0.0
2018-11-24,2018-11-25 21:45:00,0.0,0.010421568527817726
2018-11-24,2018-11-25 22:00:00,0.0,0.01808330975472927
2018-11-24,2018-11-25 22:15:00,0.0,0.010818760842084885
2018-11-24,2018-11-25 22:30:00,0.0,0.03059442527592182
2018-11-24,2018-11-25 22:45:00,0.0,0.01558922789990902
2018-11-24,2018-11-25 23:00:00,0.0,0.01738317310810089
2018-11-24,2018-11-25 23:15:00,0.0,0.08267299085855484
2018-11-24,2018-11-25 23:30:00,0.0,0.12386525422334671
2018-11-24,2018-11-25 23:45:00,0.09843800216913223,0.2106591761112213
2018-11-25,2018-11-26 00:00:00,0.22499999403953552,0.1976689100265503
2018-11-25,2018-11-26 00:15:00,0.3550780117511749,0.3613135516643524
2018-11-25,2018-11-26 00:30:00,0.5378909707069397,0.4899663031101227
2018-11-25,2018-11-26 00:45:00,0.7347660064697266,0.6582168936729431
2018-11-25,2018-11-26 01:00:00,1.1777340173721313,0.8598473072052002
2018-11-25,2018-11-26 01:15:00,1.209375023841858,1.0595483779907227
2018-11-25,2018-11-26 01:30:00,1.167186975479126,1.2010595798492432
2018-11-25,2018-11-26 01:45:00,1.3605469465255737,1.473590612411499
2018-11-25,2018-11-26 02:00:00,1.4835939407348633,1.7143362760543823
2018-11-25,2018-11-26 02:15:00,1.2339839935302734,1.8271199464797974
2018-11-25,2018-11-26 02:30:00,1.9863280057907104,2.026226282119751
2018-11-25,2018-11-26 02:45:00,1.9441410303115845,2.153984308242798
2018-11-25,2018-11-26 03:00:00,2.010936975479126,2.3632493019104004
2018-11-25,2018-11-26 03:15:00,2.119921922683716,2.4713261127471924
2018-11-25,2018-11-26 03:30:00,2.1304690837860107,2.6028316020965576
2018-11-25,2018-11-26 03:45:00,2.320312023162842,2.6903457641601562
2018-11-25,2018-11-26 04:00:00,2.278125047683716,2.7382402420043945
2018-11-25,2018-11-26 04:15:00,2.366015911102295,2.8045341968536377
2018-11-25,2018-11-26 04:30:00,2.144531011581421,2.730287551879883
2018-11-25,2018-11-26 04:45:00,2.583983898162842,2.6613216400146484
2018-11-25,2018-11-26 05:00:00,2.4679689407348633,2.5633139610290527
2018-11-25,2018-11-26 05:15:00,2.3343749046325684,2.505891799926758
2018-11-25,2018-11-26 05:30:00,1.9828120470046997,2.389042377471924
2018-11-25,2018-11-26 05:45:00,1.9722659587860107,2.2470338344573975
2018-11-25,2018-11-26 06:00:00,1.722656011581421,2.075451612472534
2018-11-25,2018-11-26 06:15:00,1.6664060354232788,1.8762127161026
2018-11-25,2018-11-26 06:30:00,0.7734379768371582,1.7280672788619995
2018-11-25,2018-11-26 06:45:00,0.9703119993209839,1.5751656293869019
2018-11-25,2018-11-26 07:00:00,0.6187499761581421,1.3866146802902222
2018-11-25,2018-11-26 07:15:00,0.6644530296325684,1.1122968196868896
2018-11-25,2018-11-26 07:30:00,0.47460898756980896,0.9423066973686218
2018-11-25,2018-11-26 07:45:00,0.33398398756980896,0.7508046627044678
2018-11-25,2018-11-26 08:00:00,0.27773401141166687,0.5885956287384033
2018-11-25,2018-11-26 08:15:00,0.14765599370002747,0.47714054584503174
2018-11-25,2018-11-26 08:30:00,0.06328099966049194,0.34156855940818787
2018-11-25,2018-11-26 08:45:00,0.0,0.18222801387310028
2018-11-25,2018-11-26 09:00:00,0.0,0.10195253044366837
2018-11-25,2018-11-26 09:15:00,0.0,0.0
2018-11-25,2018-11-26 09:30:00,0.0,0.0
2018-11-25,2018-11-26 09:45:00,0.0,0.0
2018-11-25,2018-11-26 10:00:00,0.0,0.0
2018-11-25,2018-11-26 10:15:00,0.0,0.0
2018-11-25,2018-11-26 10:30:00,0.0,0.0
2018-11-25,2018-11-26 10:45:00,0.0,0.0
2018-11-25,2018-11-26 11:00:00,0.0,0.0
2018-11-25,2018-11-26 11:15:00,0.0,0.0
2018-11-25,2018-11-26 11:30:00,0.0,0.0
2018-11-25,2018-11-26 11:45:00,0.0,0.0
2018-11-25,2018-11-26 12:00:00,0.0,0.0
2018-11-25,2018-11-26 12:15:00,0.0,0.0
2018-11-25,2018-11-26 12:30:00,0.0,0.0
2018-11-25,2018-11-26 12:45:00,0.0,0.003200433449819684
2018-11-25,2018-11-26 13:00:00,0.0,0.0
2018-11-25,2018-11-26 13:15:00,0.0,0.0
2018-11-25,2018-11-26 13:30:00,0.0,0.0
2018-11-25,2018-11-26 13:45:00,0.0,0.0
2018-11-25,2018-11-26 14:00:00,0.0,0.0
2018-11-25,2018-11-26 14:15:00,0.0,0.0
2018-11-25,2018-11-26 14:30:00,0.0,0.0
2018-11-25,2018-11-26 14:45:00,0.0,0.0
2018-11-25,2018-11-26 15:00:00,0.0,0.0
2018-11-25,2018-11-26 15:15:00,0.0,0.0
2018-11-25,2018-11-26 15:30:00,0.0,0.000510217621922493
2018-11-25,2018-11-26 15:45:00,0.0,0.0
2018-11-25,2018-11-26 16:00:00,0.0,0.0002447801816742867
2018-11-25,2018-11-26 16:15:00,0.0,0.02293889783322811
2018-11-25,2018-11-26 16:30:00,0.0,0.05549466609954834
2018-11-25,2018-11-26 16:45:00,0.0,0.07524021714925766
2018-11-25,2018-11-26 17:00:00,0.0,0.11996200680732727
2018-11-25,2018-11-26 17:15:00,0.0,0.12872189283370972
2018-11-25,2018-11-26 17:30:00,0.0,0.1113419160246849
2018-11-25,2018-11-26 17:45:00,0.0,0.10261939465999603
2018-11-25,2018-11-26 18:00:00,0.0,0.10655873268842697
2018-11-25,2018-11-26 18:15:00,0.0,0.12145273387432098
2018-11-25,2018-11-26 18:30:00,0.0,0.07717498391866684
2018-11-25,2018-11-26 18:45:00,0.0,0.02825520746409893
2018-11-25,2018-11-26 19:00:00,0.0,0.023741016164422035
2018-11-25,2018-11-26 19:15:00,0.0,0.05958383530378342
2018-11-25,2018-11-26 19:30:00,0.0,0.0
2018-11-25,2018-11-26 19:45:00,0.0,0.0026688692159950733
2018-11-25,2018-11-26 20:00:00,0.0,0.0
2018-11-25,2018-11-26 20:15:00,0.0,0.0
2018-11-25,2018-11-26 20:30:00,0.0,0.0
2018-11-25,2018-11-26 20:45:00,0.0,0.0
2018-11-25,2018-11-26 21:00:00,0.0,0.0
2018-11-25,2018-11-26 21:15:00,0.0,0.0
2018-11-25,2018-11-26 21:30:00,0.0,0.0
2018-11-25,2018-11-26 21:45:00,0.0,0.0
2018-11-25,2018-11-26 22:00:00,0.0,0.0
2018-11-25,2018-11-26 22:15:00,0.0,0.0
2018-11-25,2018-11-26 22:30:00,0.0,0.0
2018-11-25,2018-11-26 22:45:00,0.0,0.0
2018-11-25,2018-11-26 23:00:00,0.0,0.0
2018-11-25,2018-11-26 23:15:00,0.0,0.07832317799329758
2018-11-25,2018-11-26 23:30:00,0.0,0.15682561695575714
2018-11-25,2018-11-26 23:45:00,0.003515999997034669,0.19433237612247467
2018-11-26,2018-11-27 00:00:00,0.22499999403953552,0.36784273386001587
2018-11-26,2018-11-27 00:15:00,0.38320299983024597,0.5981357097625732
2018-11-26,2018-11-27 00:30:00,0.5027340054512024,0.7698596715927124
2018-11-26,2018-11-27 00:45:00,0.7664059996604919,1.0134155750274658
2018-11-26,2018-11-27 01:00:00,0.9035159945487976,1.1991372108459473
2018-11-26,2018-11-27 01:15:00,1.321874976158142,1.4274121522903442
2018-11-26,2018-11-27 01:30:00,1.040624976158142,1.5960853099822998
2018-11-26,2018-11-27 01:45:00,1.4695310592651367,1.8214234113693237
2018-11-26,2018-11-27 02:00:00,1.4941409826278687,2.128427743911743
2018-11-26,2018-11-27 02:15:00,1.778905987739563,2.231494426727295
2018-11-26,2018-11-27 02:30:00,1.835155963897705,2.4631519317626953
2018-11-26,2018-11-27 02:45:00,2.0882809162139893,2.5106632709503174
2018-11-26,2018-11-27 03:00:00,2.0460939407348633,2.720089912414551
2018-11-26,2018-11-27 03:15:00,2.1656250953674316,2.813734292984009
2018-11-26,2018-11-27 03:30:00,2.239453077316284,2.9143564701080322
2018-11-26,2018-11-27 03:45:00,2.3343749046325684,2.987276554107666
2018-11-26,2018-11-27 04:00:00,2.4117190837860107,2.9856414794921875
2018-11-26,2018-11-27 04:15:00,2.5277340412139893,3.0285470485687256
2018-11-26,2018-11-27 04:30:00,2.5171871185302734,2.9319536685943604
2018-11-26,2018-11-27 04:45:00,2.6085939407348633,2.8427622318267822
2018-11-26,2018-11-27 05:00:00,2.5980470180511475,2.701162099838257
2018-11-26,2018-11-27 05:15:00,2.520703077316284,2.570844888687134
2018-11-26,2018-11-27 05:30:00,2.137500047683716,2.44572377204895
2018-11-26,2018-11-27 05:45:00,1.835155963897705,2.2741379737854004
2018-11-26,2018-11-27 06:00:00,1.6417969465255737,2.0765626430511475
2018-11-26,2018-11-27 06:15:00,1.4730470180511475,1.8699198961257935
2018-11-26,2018-11-27 06:30:00,1.3113280534744263,1.6915253400802612
2018-11-26,2018-11-27 06:45:00,1.1636719703674316,1.5139009952545166
2018-11-26,2018-11-27 07:00:00,0.935155987739563,1.2681118249893188
2018-11-26,2018-11-27 07:15:00,0.8789060115814209,1.0233774185180664
2018-11-26,2018-11-27 07:30:00,0.6152340173721313,0.8429641127586365
2018-11-26,2018-11-27 07:45:00,0.471094012260437,0.6856855750083923
2018-11-26,2018-11-27 08:00:00,0.3621090054512024,0.49675285816192627
2018-11-26,2018-11-27 08:15:00,0.3375000059604645,0.3603617250919342
2018-11-26,2018-11-27 08:30:00,0.13359400629997253,0.24996653199195862
2018-11-26,2018-11-27 08:45:00,0.049219001084566116,0.10034600645303726
2018-11-26,2018-11-27 09:00:00,0.0,0.007904432713985443
2018-11-26,2018-11-27 09:15:00,0.0,0.0
2018-11-26,2018-11-27 09:30:00,0.0,0.0
2018-11-26,2018-11-27 09:45:00,0.0,0.0
2018-11-26,2018-11-27 10:00:00,0.0,0.0
2018-11-26,2018-11-27 10:15:00,0.0,0.0
2018-11-26,2018-11-27 10:30:00,0.0,0.0
2018-11-26,2018-11-27 10:45:00,0.0,0.0
2018-11-26,2018-11-27 11:00:00,0.0,0.0
2018-11-26,2018-11-27 11:15:00,0.0,0.0011369100539013743
2018-11-26,2018-11-27 11:30:00,0.0,0.05755435675382614
2018-11-26,2018-11-27 11:45:00,0.0,0.023022279143333435
2018-11-26,2018-11-27 12:00:00,0.0,0.08179409056901932
2018-11-26,2018-11-27 12:15:00,0.0,0.07781169563531876
2018-11-26,2018-11-27 12:30:00,0.0,0.057039931416511536
2018-11-26,2018-11-27 12:45:00,0.0,0.06932806223630905
2018-11-26,2018-11-27 13:00:00,0.0,0.036416683346033096
2018-11-26,2018-11-27 13:15:00,0.0,0.02836921438574791
2018-11-26,2018-11-27 13:30:00,0.0,0.0
2018-11-26,2018-11-27 13:45:00,0.0,0.0
2018-11-26,2018-11-27 14:00:00,0.0,0.0
2018-11-26,2018-11-27 14:15:00,0.0,0.0
2018-11-26,2018-11-27 14:30:00,0.0,0.0
2018-11-26,2018-11-27 14:45:00,0.0,0.0
2018-11-26,2018-11-27 15:00:00,0.0,0.0
2018-11-26,2018-11-27 15:15:00,0.0,0.0
2018-11-26,2018-11-27 15:30:00,0.0,0.0
2018-11-26,2018-11-27 15:45:00,0.0,0.0
2018-11-26,2018-11-27 16:00:00,0.0,0.0
2018-11-26,2018-11-27 16:15:00,0.0,0.0
2018-11-26,2018-11-27 16:30:00,0.0,0.0
2018-11-26,2018-11-27 16:45:00,0.0,0.0064416672103106976
2018-11-26,2018-11-27 17:00:00,0.0,0.05940326303243637
2018-11-26,2018-11-27 17:15:00,0.0,0.10543380677700043
2018-11-26,2018-11-27 17:30:00,0.0,0.012339034117758274
2018-11-26,2018-11-27 17:45:00,0.0,0.0
2018-11-26,2018-11-27 18:00:00,0.0,0.0006137713207863271
2018-11-26,2018-11-27 18:15:00,0.0,0.01649734377861023
2018-11-26,2018-11-27 18:30:00,0.0,0.0
2018-11-26,2018-11-27 18:45:00,0.0,0.0
2018-11-26,2018-11-27 19:00:00,0.0,0.0
2018-11-26,2018-11-27 19:15:00,0.0,0.0
2018-11-26,2018-11-27 19:30:00,0.0,0.0
2018-11-26,2018-11-27 19:45:00,0.0,0.0
2018-11-26,2018-11-27 20:00:00,0.0,0.0
2018-11-26,2018-11-27 20:15:00,0.0,0.0
2018-11-26,2018-11-27 20:30:00,0.0,0.0
2018-11-26,2018-11-27 20:45:00,0.0,0.0
2018-11-26,2018-11-27 21:00:00,0.0,0.0
2018-11-26,2018-11-27 21:15:00,0.0,0.0
2018-11-26,2018-11-27 21:30:00,0.0,0.0
2018-11-26,2018-11-27 21:45:00,0.0,0.0
2018-11-26,2018-11-27 22:00:00,0.0,0.0
2018-11-26,2018-11-27 22:15:00,0.0,0.0
2018-11-26,2018-11-27 22:30:00,0.0,0.03602282702922821
2018-11-26,2018-11-27 22:45:00,0.0,0.0656944140791893
2018-11-26,2018-11-27 23:00:00,0.0,0.0440535843372345
2018-11-26,2018-11-27 23:15:00,0.0,0.1621754765510559
2018-11-26,2018-11-27 23:30:00,0.014062000438570976,0.2338469922542572
2018-11-26,2018-11-27 23:45:00,0.10898400098085403,0.3051062226295471
2018-11-27,2018-11-28 00:00:00,0.21445299685001373,0.23608174920082092
2018-11-27,2018-11-28 00:15:00,0.3621090054512024,0.41762930154800415
2018-11-27,2018-11-28 00:30:00,0.5273439884185791,0.5430687665939331
2018-11-27,2018-11-28 00:45:00,0.6996089816093445,0.7623422145843506
2018-11-27,2018-11-28 01:00:00,0.8542969822883606,0.9435797333717346
2018-11-27,2018-11-28 01:15:00,1.040624976158142,1.128976583480835
2018-11-27,2018-11-28 01:30:00,1.2796880006790161,1.3112339973449707
2018-11-27,2018-11-28 01:45:00,1.4730470180511475,1.5688285827636719
2018-11-27,2018-11-28 02:00:00,1.652343988418579,1.7827692031860352
2018-11-27,2018-11-28 02:15:00,1.821094036102295,1.933485984802246
2018-11-27,2018-11-28 02:30:00,1.9792970418930054,2.0945732593536377
2018-11-27,2018-11-28 02:45:00,2.119921922683716,2.2368359565734863
2018-11-27,2018-11-28 03:00:00,2.1761720180511475,2.4490487575531006
2018-11-27,2018-11-28 03:15:00,2.3238279819488525,2.518131971359253
2018-11-27,2018-11-28 03:30:00,2.383594036102295,2.6816494464874268
2018-11-27,2018-11-28 03:45:00,2.415234088897705,2.717150926589966
2018-11-27,2018-11-28 04:00:00,2.418750047683716,2.757432460784912
2018-11-27,2018-11-28 04:15:00,2.4820311069488525,2.8065106868743896
2018-11-27,2018-11-28 04:30:00,2.4644529819488525,2.72456955909729
2018-11-27,2018-11-28 04:45:00,2.380078077316284,2.671710968017578
2018-11-27,2018-11-28 05:00:00,2.3449220657348633,2.5502405166625977
2018-11-27,2018-11-28 05:15:00,2.1937499046325684,2.491893768310547
2018-11-27,2018-11-28 05:30:00,2.074218988418579,2.335644483566284
2018-11-27,2018-11-28 05:45:00,1.9546869993209839,2.166856050491333
2018-11-27,2018-11-28 06:00:00,1.7648439407348633,2.0027990341186523
2018-11-27,2018-11-28 06:15:00,1.6066410541534424,1.7936673164367676
2018-11-27,2018-11-28 06:30:00,1.5292969942092896,1.6297615766525269
2018-11-27,2018-11-28 06:45:00,1.371093988418579,1.4428460597991943
2018-11-27,2018-11-28 07:00:00,1.160156011581421,1.2538670301437378
2018-11-27,2018-11-28 07:15:00,0.9878910183906555,1.0010004043579102
2018-11-27,2018-11-28 07:30:00,0.7839840054512024,0.8223971128463745
2018-11-27,2018-11-28 07:45:00,0.5765630006790161,0.6627420783042908
2018-11-27,2018-11-28 08:00:00,0.42539098858833313,0.49753648042678833
2018-11-27,2018-11-28 08:15:00,0.2601560056209564,0.3706745207309723
2018-11-27,2018-11-28 08:30:00,0.13710899651050568,0.27793458104133606
2018-11-27,2018-11-28 08:45:00,0.03867200016975403,0.11497028172016144
2018-11-27,2018-11-28 09:00:00,0.0,0.013661005534231663
2018-11-27,2018-11-28 09:15:00,0.0,0.0
2018-11-27,2018-11-28 09:30:00,0.0,0.0
2018-11-27,2018-11-28 09:45:00,0.0,0.0
2018-11-27,2018-11-28 10:00:00,0.0,0.0
2018-11-27,2018-11-28 10:15:00,0.0,0.0
2018-11-27,2018-11-28 10:30:00,0.0,0.0
2018-11-27,2018-11-28 10:45:00,0.0,0.0
2018-11-27,2018-11-28 11:00:00,0.0,0.0
2018-11-27,2018-11-28 11:15:00,0.0,0.0
2018-11-27,2018-11-28 11:30:00,0.0,0.0
2018-11-27,2018-11-28 11:45:00,0.0,0.0
2018-11-27,2018-11-28 12:00:00,0.0,0.0
2018-11-27,2018-11-28 12:15:00,0.0,0.0
2018-11-27,2018-11-28 12:30:00,0.0,0.0
2018-11-27,2018-11-28 12:45:00,0.0,0.0
2018-11-27,2018-11-28 13:00:00,0.0,0.0
2018-11-27,2018-11-28 13:15:00,0.0,0.0
2018-11-27,2018-11-28 13:30:00,0.0,0.0
2018-11-27,2018-11-28 13:45:00,0.0,0.0
2018-11-27,2018-11-28 14:00:00,0.0,0.0
2018-11-27,2018-11-28 14:15:00,0.0,0.0
2018-11-27,2018-11-28 14:30:00,0.0,0.0
2018-11-27,2018-11-28 14:45:00,0.0,0.0
2018-11-27,2018-11-28 15:00:00,0.0,0.003948461264371872
2018-11-27,2018-11-28 15:15:00,0.0,0.0
2018-11-27,2018-11-28 15:30:00,0.0,0.03858628123998642
2018-11-27,2018-11-28 15:45:00,0.0,0.0334823839366436
2018-11-27,2018-11-28 16:00:00,0.0,0.007202446460723877
2018-11-27,2018-11-28 16:15:00,0.0,0.03676949441432953
2018-11-27,2018-11-28 16:30:00,0.0,0.08994104713201523
2018-11-27,2018-11-28 16:45:00,0.0,0.07766999304294586
2018-11-27,2018-11-28 17:00:00,0.0,0.10767906904220581
2018-11-27,2018-11-28 17:15:00,0.0,0.10400837659835815
2018-11-27,2018-11-28 17:30:00,0.0,0.09749261289834976
2018-11-27,2018-11-28 17:45:00,0.0,0.08405694365501404
2018-11-27,2018-11-28 18:00:00,0.0,0.08482463657855988
2018-11-27,2018-11-28 18:15:00,0.0,0.061967797577381134
2018-11-27,2018-11-28 18:30:00,0.0,0.04856067895889282
2018-11-27,2018-11-28 18:45:00,0.0,0.019412588328123093
2018-11-27,2018-11-28 19:00:00,0.0,0.0
2018-11-27,2018-11-28 19:15:00,0.0,0.028968865051865578
2018-11-27,2018-11-28 19:30:00,0.0,0.0
2018-11-27,2018-11-28 19:45:00,0.0,0.0
2018-11-27,2018-11-28 20:00:00,0.0,0.0
2018-11-27,2018-11-28 20:15:00,0.0,0.0
2018-11-27,2018-11-28 20:30:00,0.0,0.0
2018-11-27,2018-11-28 20:45:00,0.0,0.0
2018-11-27,2018-11-28 21:00:00,0.0,0.0
2018-11-27,2018-11-28 21:15:00,0.0,0.0
2018-11-27,2018-11-28 21:30:00,0.0,0.0
2018-11-27,2018-11-28 21:45:00,0.0,0.0
2018-11-27,2018-11-28 22:00:00,0.0,0.0
2018-11-27,2018-11-28 22:15:00,0.0,0.0
2018-11-27,2018-11-28 22:30:00,0.0,0.0
2018-11-27,2018-11-28 22:45:00,0.0,0.0
2018-11-27,2018-11-28 23:00:00,0.0,0.0
2018-11-27,2018-11-28 23:15:00,0.0,0.04011545330286026
2018-11-27,2018-11-28 23:30:00,0.021093999966979027,0.11651372164487839
2018-11-27,2018-11-28 23:45:00,0.031640999019145966,0.18579573929309845
2018-11-28,2018-11-29 00:00:00,0.23906299471855164,0.08081085234880447
2018-11-28,2018-11-29 00:15:00,0.3972660005092621,0.13405831158161163
2018-11-28,2018-11-29 00:30:00,0.583594024181366,0.1905115842819214
2018-11-28,2018-11-29 00:45:00,0.7699220180511475,0.29830309748649597
2018-11-28,2018-11-29 01:00:00,0.9246090054512024,0.3751954734325409
2018-11-28,2018-11-29 01:15:00,1.1285159587860107,0.48546865582466125
2018-11-28,2018-11-29 01:30:00,1.3324220180511475,0.5897725820541382
2018-11-28,2018-11-29 01:45:00,1.5152339935302734,0.706371545791626
2018-11-28,2018-11-29 02:00:00,1.6839840412139893,0.8514253497123718
2018-11-28,2018-11-29 02:15:00,1.8175779581069946,0.9485031366348267
2018-11-28,2018-11-29 02:30:00,1.9863280057907104,1.015724539756775
2018-11-28,2018-11-29 02:45:00,2.067188024520874,1.1173105239868164
2018-11-28,2018-11-29 03:00:00,2.2183589935302734,1.245058298110962
2018-11-28,2018-11-29 03:15:00,2.348438024520874,1.3007392883300781
2018-11-28,2018-11-29 03:30:00,2.3941400051116943,1.426203966140747
2018-11-28,2018-11-29 03:45:00,2.348438024520874,1.416080117225647
2018-11-28,2018-11-29 04:00:00,2.460937976837158,1.4929331541061401
2018-11-28,2018-11-29 04:15:00,2.4363279342651367,1.4980489015579224
2018-11-28,2018-11-29 04:30:00,2.3695309162139893,1.482632040977478
2018-11-28,2018-11-29 04:45:00,2.3238279819488525,1.4565836191177368
2018-11-28,2018-11-29 05:00:00,2.25,1.431226134300232
2018-11-28,2018-11-29 05:15:00,2.144531011581421,1.4178439378738403
2018-11-28,2018-11-29 05:30:00,2.091797113418579,1.3011633157730103
2018-11-28,2018-11-29 05:45:00,1.9582029581069946,1.2209147214889526
2018-11-28,2018-11-29 06:00:00,1.8246090412139893,1.142313003540039
2018-11-28,2018-11-29 06:15:00,1.6277339458465576,1.0729931592941284
2018-11-28,2018-11-29 06:30:00,1.40625,0.9745145440101624
2018-11-28,2018-11-29 06:45:00,1.3429689407348633,0.8202637434005737
2018-11-28,2018-11-29 07:00:00,1.068750023841858,0.7829356789588928
2018-11-28,2018-11-29 07:15:00,0.8964840173721313,0.6391862630844116
2018-11-28,2018-11-29 07:30:00,0.6996089816093445,0.5463510751724243
2018-11-28,2018-11-29 07:45:00,0.5097659826278687,0.47723492980003357
2018-11-28,2018-11-29 08:00:00,0.35859400033950806,0.3773454427719116
2018-11-28,2018-11-29 08:15:00,0.21796900033950806,0.28770989179611206
2018-11-28,2018-11-29 08:30:00,0.10898400098085403,0.2868235111236572
2018-11-28,2018-11-29 08:45:00,0.0,0.18996450304985046
2018-11-28,2018-11-29 09:00:00,0.0,0.06333895027637482
2018-11-28,2018-11-29 09:15:00,0.0,0.011147343553602695
2018-11-28,2018-11-29 09:30:00,0.0,0.04815871641039848
2018-11-28,2018-11-29 09:45:00,0.0,0.0
2018-11-28,2018-11-29 10:00:00,0.0,0.0
2018-11-28,2018-11-29 10:15:00,0.0,0.0
2018-11-28,2018-11-29 10:30:00,0.0,0.0
2018-11-28,2018-11-29 10:45:00,0.0,0.0
2018-11-28,2018-11-29 11:00:00,0.0,0.0
2018-11-28,2018-11-29 11:15:00,0.0,0.0
2018-11-28,2018-11-29 11:30:00,0.0,0.0
2018-11-28,2018-11-29 11:45:00,0.0,0.0
2018-11-28,2018-11-29 12:00:00,0.0,0.0
2018-11-28,2018-11-29 12:15:00,0.0,0.0
2018-11-28,2018-11-29 12:30:00,0.0,0.0
2018-11-28,2018-11-29 12:45:00,0.0,0.0
2018-11-28,2018-11-29 13:00:00,0.0,0.0
2018-11-28,2018-11-29 13:15:00,0.0,0.0
2018-11-28,2018-11-29 13:30:00,0.0,0.0
2018-11-28,2018-11-29 13:45:00,0.0,0.0
2018-11-28,2018-11-29 14:00:00,0.0,0.0
2018-11-28,2018-11-29 14:15:00,0.0,0.0
2018-11-28,2018-11-29 14:30:00,0.0,0.0
2018-11-28,2018-11-29 14:45:00,0.0,0.0
2018-11-28,2018-11-29 15:00:00,0.0,0.0
2018-11-28,2018-11-29 15:15:00,0.0,0.0
2018-11-28,2018-11-29 15:30:00,0.0,0.0
2018-11-28,2018-11-29 15:45:00,0.0,0.0
2018-11-28,2018-11-29 16:00:00,0.0,0.0
2018-11-28,2018-11-29 16:15:00,0.0,0.0
2018-11-28,2018-11-29 16:30:00,0.0,0.018548177555203438
2018-11-28,2018-11-29 16:45:00,0.0,0.0
2018-11-28,2018-11-29 17:00:00,0.0,0.0
2018-11-28,2018-11-29 17:15:00,0.0,0.0
2018-11-28,2018-11-29 17:30:00,0.0,0.0
2018-11-28,2018-11-29 17:45:00,0.0,0.0
2018-11-28,2018-11-29 18:00:00,0.0,0.0
2018-11-28,2018-11-29 18:15:00,0.0,0.0
2018-11-28,2018-11-29 18:30:00,0.0,0.0
2018-11-28,2018-11-29 18:45:00,0.0,0.008877401240170002
2018-11-28,2018-11-29 19:00:00,0.0,0.016214143484830856
2018-11-28,2018-11-29 19:15:00,0.0,0.0
2018-11-28,2018-11-29 19:30:00,0.0,0.0
2018-11-28,2018-11-29 19:45:00,0.0,0.0
2018-11-28,2018-11-29 20:00:00,0.0,0.0
2018-11-28,2018-11-29 20:15:00,0.0,0.0
2018-11-28,2018-11-29 20:30:00,0.0,0.0
2018-11-28,2018-11-29 20:45:00,0.0,0.00030724573298357427
2018-11-28,2018-11-29 21:00:00,0.0,0.017650796100497246
2018-11-28,2018-11-29 21:15:00,0.0,0.04165627062320709
2018-11-28,2018-11-29 21:30:00,0.0,0.030131561681628227
2018-11-28,2018-11-29 21:45:00,0.0,0.033142413944005966
2018-11-28,2018-11-29 22:00:00,0.0,0.0
2018-11-28,2018-11-29 22:15:00,0.0,0.0
2018-11-28,2018-11-29 22:30:00,0.0,0.0
2018-11-28,2018-11-29 22:45:00,0.0,0.0
2018-11-28,2018-11-29 23:00:00,0.0,0.0018125759670510888
2018-11-28,2018-11-29 23:15:00,0.0,0.0
2018-11-28,2018-11-29 23:30:00,0.014062000438570976,0.0
2018-11-28,2018-11-29 23:45:00,0.1054690033197403,0.0
2018-11-29,2018-11-30 00:00:00,0.22499999403953552,0.13276664912700653
2018-11-29,2018-11-30 00:15:00,0.3550780117511749,0.15222914516925812
2018-11-29,2018-11-30 00:30:00,0.513280987739563,0.22661066055297852
2018-11-29,2018-11-30 00:45:00,0.675000011920929,0.3254888355731964
2018-11-29,2018-11-30 01:00:00,0.8261719942092896,0.4114547669887543
2018-11-29,2018-11-30 01:15:00,0.956250011920929,0.49658331274986267
2018-11-29,2018-11-30 01:30:00,0.984375,0.6417569518089294
2018-11-29,2018-11-30 01:45:00,0.9175779819488525,0.7411509156227112
2018-11-29,2018-11-30 02:00:00,1.1917970180511475,0.8866374492645264
2018-11-29,2018-11-30 02:15:00,1.2761720418930054,0.978601336479187
2018-11-29,2018-11-30 02:30:00,1.5996090173721313,1.0246614217758179
2018-11-29,2018-11-30 02:45:00,1.9582029581069946,1.1206225156784058
2018-11-29,2018-11-30 03:00:00,2.0636720657348633,1.244981288909912
2018-11-29,2018-11-30 03:15:00,2.214843988418579,1.3086438179016113
2018-11-29,2018-11-30 03:30:00,2.2359371185302734,1.4687753915786743
2018-11-29,2018-11-30 03:45:00,2.3238279819488525,1.4190243482589722
2018-11-29,2018-11-30 04:00:00,2.3238279819488525,1.5082062482833862
2018-11-29,2018-11-30 04:15:00,2.3062500953674316,1.5327829122543335
2018-11-29,2018-11-30 04:30:00,2.3238279819488525,1.4727433919906616
2018-11-29,2018-11-30 04:45:00,2.0179688930511475,1.5168870687484741
2018-11-29,2018-11-30 05:00:00,1.589061975479126,1.4402140378952026
2018-11-29,2018-11-30 05:15:00,1.975780963897705,1.4705257415771484
2018-11-29,2018-11-30 05:30:00,1.680469036102295,1.2802581787109375
2018-11-29,2018-11-30 05:45:00,1.5257810354232788,1.2149937152862549
2018-11-29,2018-11-30 06:00:00,1.6699219942092896,1.120923399925232
2018-11-29,2018-11-30 06:15:00,1.490625023841858,1.036352276802063
2018-11-29,2018-11-30 06:30:00,1.4167970418930054,0.908383846282959
2018-11-29,2018-11-30 06:45:00,0.9808589816093445,0.7575695514678955
2018-11-29,2018-11-30 07:00:00,0.8507810235023499,0.732155442237854
2018-11-29,2018-11-30 07:15:00,0.5730469822883606,0.5674333572387695
2018-11-29,2018-11-30 07:30:00,0.37968701124191284,0.46770381927490234
2018-11-29,2018-11-30 07:45:00,0.24257799983024597,0.4302752912044525
2018-11-29,2018-11-30 08:00:00,0.2460940033197403,0.3222085237503052
2018-11-29,2018-11-30 08:15:00,0.1757809966802597,0.17914831638336182
2018-11-29,2018-11-30 08:30:00,0.03515600040555,0.24714525043964386
2018-11-29,2018-11-30 08:45:00,0.010546999983489513,0.1301935911178589
2018-11-29,2018-11-30 09:00:00,0.0,0.005028147250413895
2018-11-29,2018-11-30 09:15:00,0.0,0.0
2018-11-29,2018-11-30 09:30:00,0.0,0.024684343487024307
2018-11-29,2018-11-30 09:45:00,0.0,0.0
2018-11-29,2018-11-30 10:00:00,0.0,0.0
2018-11-29,2018-11-30 10:15:00,0.0,0.0
2018-11-29,2018-11-30 10:30:00,0.0,0.0
2018-11-29,2018-11-30 10:45:00,0.0,0.0
2018-11-29,2018-11-30 11:00:00,0.0,0.0
2018-11-29,2018-11-30 11:15:00,0.0,0.0
2018-11-29,2018-11-30 11:30:00,0.0,0.0
2018-11-29,2018-11-30 11:45:00,0.0,0.021769609302282333
2018-11-29,2018-11-30 12:00:00,0.0,0.0
2018-11-29,2018-11-30 12:15:00,0.0,0.006336770951747894
2018-11-29,2018-11-30 12:30:00,0.0,0.0
2018-11-29,2018-11-30 12:45:00,0.0,0.0
2018-11-29,2018-11-30 13:00:00,0.0,0.0
2018-11-29,2018-11-30 13:15:00,0.0,0.0
2018-11-29,2018-11-30 13:30:00,0.0,0.0
2018-11-29,2018-11-30 13:45:00,0.0,0.0
2018-11-29,2018-11-30 14:00:00,0.0,0.0
2018-11-29,2018-11-30 14:15:00,0.0,0.0
2018-11-29,2018-11-30 14:30:00,0.0,0.0
2018-11-29,2018-11-30 14:45:00,0.0,0.0
2018-11-29,2018-11-30 15:00:00,0.0,0.0
2018-11-29,2018-11-30 15:15:00,0.0,0.0
2018-11-29,2018-11-30 15:30:00,0.0,0.0014826925471425056
2018-11-29,2018-11-30 15:45:00,0.0,0.0
2018-11-29,2018-11-30 16:00:00,0.0,0.0
2018-11-29,2018-11-30 16:15:00,0.0,0.0
2018-11-29,2018-11-30 16:30:00,0.0,0.0
2018-11-29,2018-11-30 16:45:00,0.0,0.0
2018-11-29,2018-11-30 17:00:00,0.0,0.0
2018-11-29,2018-11-30 17:15:00,0.0,0.0
2018-11-29,2018-11-30 17:30:00,0.0,0.0
2018-11-29,2018-11-30 17:45:00,0.0,0.0
2018-11-29,2018-11-30 18:00:00,0.0,0.0
2018-11-29,2018-11-30 18:15:00,0.0,0.0
2018-11-29,2018-11-30 18:30:00,0.0,0.0
2018-11-29,2018-11-30 18:45:00,0.0,0.018775073811411858
2018-11-29,2018-11-30 19:00:00,0.0,0.05270286649465561
2018-11-29,2018-11-30 19:15:00,0.0,0.0
2018-11-29,2018-11-30 19:30:00,0.0,0.0
2018-11-29,2018-11-30 19:45:00,0.0,0.0
2018-11-29,2018-11-30 20:00:00,0.0,0.0
2018-11-29,2018-11-30 20:15:00,0.0,0.0
2018-11-29,2018-11-30 20:30:00,0.0,0.00459675258025527
2018-11-29,2018-11-30 20:45:00,0.0,0.0
2018-11-29,2018-11-30 21:00:00,0.0,0.005621487740427256
2018-11-29,2018-11-30 21:15:00,0.0,0.0658634826540947
2018-11-29,2018-11-30 21:30:00,0.0,0.05224638059735298
2018-11-29,2018-11-30 21:45:00,0.0,0.03650622442364693
2018-11-29,2018-11-30 22:00:00,0.0,0.0
2018-11-29,2018-11-30 22:15:00,0.0,0.0
2018-11-29,2018-11-30 22:30:00,0.0,0.0
2018-11-29,2018-11-30 22:45:00,0.0,0.0
2018-11-29,2018-11-30 23:00:00,0.0,0.0
2018-11-29,2018-11-30 23:15:00,0.0,0.0
2018-11-29,2018-11-30 23:30:00,0.0,0.0
2018-11-29,2018-11-30 23:45:00,0.0,0.0
