起报时间,预报时间,实际功率,PureLSTM预测功率,FusionModel预测功率,BiFusionModel预测功率
2019-02-21,2019-02-22 00:00:00,0.2355470061302185,0.0,0.3160659074783325,0.10410348325967789
2019-02-21,2019-02-22 00:15:00,0.3621090054512024,0.06296209990978241,0.3939594328403473,0.2138068974018097
2019-02-21,2019-02-22 00:30:00,0.40781301259994507,0.19995732605457306,0.4919816851615906,0.2994830012321472
2019-02-21,2019-02-22 00:45:00,0.5484369993209839,0.38048431277275085,0.6255466341972351,0.4402103126049042
2019-02-21,2019-02-22 01:00:00,0.5765630006790161,0.5082941651344299,0.7699176073074341,0.5549396276473999
2019-02-21,2019-02-22 01:15:00,0.6468750238418579,0.6254799365997314,0.8680058717727661,0.7244701385498047
2019-02-21,2019-02-22 01:30:00,0.7382810115814209,0.8180126547813416,1.0211580991744995,0.852158784866333
2019-02-21,2019-02-22 01:45:00,1.0546879768371582,0.92476886510849,1.1496412754058838,1.0407304763793945
2019-02-21,2019-02-22 02:00:00,1.2937500476837158,1.021911859512329,1.2741013765335083,1.2207542657852173
2019-02-21,2019-02-22 02:15:00,1.6628910303115845,1.167661190032959,1.4136576652526855,1.3319185972213745
2019-02-21,2019-02-22 02:30:00,2.021483898162842,1.305825114250183,1.5056419372558594,1.4947272539138794
2019-02-21,2019-02-22 02:45:00,1.8140619993209839,1.4441914558410645,1.5894111394882202,1.6032159328460693
2019-02-21,2019-02-22 03:00:00,1.9722659587860107,1.4813193082809448,1.6815776824951172,1.7955901622772217
2019-02-21,2019-02-22 03:15:00,1.9968750476837158,1.6215062141418457,1.7659621238708496,1.8643877506256104
2019-02-21,2019-02-22 03:30:00,1.6628910303115845,1.7103432416915894,1.8437191247940063,2.019946336746216
2019-02-21,2019-02-22 03:45:00,1.652343988418579,1.778117060661316,1.9150564670562744,2.0565731525421143
2019-02-21,2019-02-22 04:00:00,1.884374976158142,1.842224359512329,1.9321074485778809,2.1518378257751465
2019-02-21,2019-02-22 04:15:00,2.010936975479126,1.8692164421081543,1.9171887636184692,2.1862995624542236
2019-02-21,2019-02-22 04:30:00,2.26406192779541,1.8993531465530396,1.9537651538848877,2.1854982376098633
2019-02-21,2019-02-22 04:45:00,2.1656250953674316,1.9168025255203247,1.9063559770584106,2.1474666595458984
2019-02-21,2019-02-22 05:00:00,2.366015911102295,1.9047240018844604,1.8950527906417847,2.0868072509765625
2019-02-21,2019-02-22 05:15:00,2.3449220657348633,1.8692576885223389,1.836639165878296,2.0436208248138428
2019-02-21,2019-02-22 05:30:00,1.8070310354232788,1.8991843461990356,1.774095892906189,1.9512712955474854
2019-02-21,2019-02-22 05:45:00,1.6769529581069946,1.7939479351043701,1.7190521955490112,1.84247887134552
2019-02-21,2019-02-22 06:00:00,2.0531249046325684,1.7588526010513306,1.6439313888549805,1.7035006284713745
2019-02-21,2019-02-22 06:15:00,2.5910160541534424,1.677112102508545,1.522234559059143,1.5829256772994995
2019-02-21,2019-02-22 06:30:00,1.7156250476837158,1.5900826454162598,1.4007091522216797,1.4541271924972534
2019-02-21,2019-02-22 06:45:00,1.5011719465255737,1.4850940704345703,1.3017961978912354,1.3121289014816284
2019-02-21,2019-02-22 07:00:00,1.3394529819488525,1.3583050966262817,1.159035563468933,1.1719285249710083
2019-02-21,2019-02-22 07:15:00,1.2621090412139893,1.347791075706482,1.0228850841522217,0.9594433903694153
2019-02-21,2019-02-22 07:30:00,1.082811951637268,1.1390396356582642,0.9057291150093079,0.818573534488678
2019-02-21,2019-02-22 07:45:00,1.0230469703674316,1.0454349517822266,0.7949479818344116,0.686542809009552
2019-02-21,2019-02-22 08:00:00,1.4589840173721313,0.9033121466636658,0.6507810354232788,0.5279554128646851
2019-02-21,2019-02-22 08:15:00,1.6769529581069946,0.8131338357925415,0.5253787040710449,0.43149715662002563
2019-02-21,2019-02-22 08:30:00,1.5644530057907104,0.6998997926712036,0.4247457981109619,0.3400037884712219
2019-02-21,2019-02-22 08:45:00,1.1531250476837158,0.5960688591003418,0.3255612552165985,0.21837669610977173
2019-02-21,2019-02-22 09:00:00,0.5203120112419128,0.4520381987094879,0.2171582281589508,0.11691241711378098
2019-02-21,2019-02-22 09:15:00,0.1863279938697815,0.4016285240650177,0.1673419028520584,0.040613118559122086
2019-02-21,2019-02-22 09:30:00,0.16523399949073792,0.2874024510383606,0.11379121989011765,0.049897175282239914
2019-02-21,2019-02-22 09:45:00,0.09492199867963791,0.21159087121486664,0.0529283806681633,0.008864367380738258
2019-02-21,2019-02-22 10:00:00,0.0,0.14686764776706696,0.015344797633588314,0.0
2019-02-21,2019-02-22 10:15:00,0.0,0.06760121881961823,0.0,0.0
2019-02-21,2019-02-22 10:30:00,0.0,0.016323816031217575,0.0,0.0
2019-02-21,2019-02-22 10:45:00,0.0,0.0,0.0,0.0013538008788600564
2019-02-21,2019-02-22 11:00:00,0.0,0.0,0.0,0.0
2019-02-21,2019-02-22 11:15:00,0.0,0.0,0.0,0.0
2019-02-21,2019-02-22 11:30:00,0.0,0.0,0.0,0.0
2019-02-21,2019-02-22 11:45:00,0.0,0.0,0.0,0.0
2019-02-21,2019-02-22 12:00:00,0.0,0.0,0.0,0.0
2019-02-21,2019-02-22 12:15:00,0.0,0.0,0.0,0.0
2019-02-21,2019-02-22 12:30:00,0.0,0.0,0.0,0.0
2019-02-21,2019-02-22 12:45:00,0.0,0.0,0.0,0.0
2019-02-21,2019-02-22 13:00:00,0.0,0.0,0.010715506039559841,0.0
2019-02-21,2019-02-22 13:15:00,0.0,0.0,0.005280766636133194,0.0
2019-02-21,2019-02-22 13:30:00,0.0,0.0,0.01883539929986,0.0
2019-02-21,2019-02-22 13:45:00,0.0,0.0,0.0,0.0
2019-02-21,2019-02-22 14:00:00,0.0,0.0216844342648983,0.000904083892237395,0.0
2019-02-21,2019-02-22 14:15:00,0.0,0.03581426665186882,0.0,0.0
2019-02-21,2019-02-22 14:30:00,0.0,0.009138129651546478,0.010319139808416367,0.0
2019-02-21,2019-02-22 14:45:00,0.0,0.0,0.033823490142822266,0.0
2019-02-21,2019-02-22 15:00:00,0.0,0.0780116468667984,0.00026791670825332403,0.0
2019-02-21,2019-02-22 15:15:00,0.0,0.055740583688020706,0.015786901116371155,0.0
2019-02-21,2019-02-22 15:30:00,0.0,0.0,0.0,0.011240486055612564
2019-02-21,2019-02-22 15:45:00,0.0,0.012388629838824272,0.01959880255162716,0.014738041907548904
2019-02-21,2019-02-22 16:00:00,0.0,0.06768584251403809,0.016594314947724342,0.0
2019-02-21,2019-02-22 16:15:00,0.0,0.0709344819188118,0.02370462566614151,0.030381638556718826
2019-02-21,2019-02-22 16:30:00,0.0,0.05352851375937462,0.016597235575318336,0.07142746448516846
2019-02-21,2019-02-22 16:45:00,0.0,0.0,0.02712334878742695,0.061940401792526245
2019-02-21,2019-02-22 17:00:00,0.0,0.03407347574830055,0.003943970892578363,0.08217943459749222
2019-02-21,2019-02-22 17:15:00,0.0,0.0,0.0008764414233155549,0.0929192379117012
2019-02-21,2019-02-22 17:30:00,0.0,0.047660842537879944,0.01842247135937214,0.05144602432847023
2019-02-21,2019-02-22 17:45:00,0.0,0.0,0.023885592818260193,0.047991298139095306
2019-02-21,2019-02-22 18:00:00,0.0,0.012444840744137764,0.015078280121088028,0.06202639639377594
2019-02-21,2019-02-22 18:15:00,0.0,0.006738913245499134,0.012959235347807407,0.046577755361795425
2019-02-21,2019-02-22 18:30:00,0.0,0.0,0.0,0.03385602682828903
2019-02-21,2019-02-22 18:45:00,0.0,0.0,0.014143796637654305,0.01604902744293213
2019-02-21,2019-02-22 19:00:00,0.0,0.0,0.03416795656085014,0.008436763659119606
2019-02-21,2019-02-22 19:15:00,0.0,0.0,0.012839190661907196,0.0
2019-02-21,2019-02-22 19:30:00,0.0,0.0,0.006596452556550503,0.0
2019-02-21,2019-02-22 19:45:00,0.0,0.0,0.007036200724542141,0.0
2019-02-21,2019-02-22 20:00:00,0.0,0.0,0.01936347596347332,0.0
2019-02-21,2019-02-22 20:15:00,0.0,0.0,0.014478510245680809,0.0
2019-02-21,2019-02-22 20:30:00,0.0,0.0,0.0,0.0
2019-02-21,2019-02-22 20:45:00,0.0,0.0,0.0,0.0
2019-02-21,2019-02-22 21:00:00,0.0,0.0,0.0,0.0
2019-02-21,2019-02-22 21:15:00,0.0,0.0,0.0,0.0
2019-02-21,2019-02-22 21:30:00,0.0,0.0,0.0,0.0
2019-02-21,2019-02-22 21:45:00,0.0,0.0,0.0,0.0
2019-02-21,2019-02-22 22:00:00,0.0,0.0,0.0,0.0
2019-02-21,2019-02-22 22:15:00,0.0,0.0,0.0,0.0
2019-02-21,2019-02-22 22:30:00,0.0,0.0,0.0,0.0
2019-02-21,2019-02-22 22:45:00,0.0,0.03195473924279213,0.0,0.0
2019-02-21,2019-02-22 23:00:00,0.0,0.07059933990240097,0.0,0.0
2019-02-21,2019-02-22 23:15:00,0.007031000219285488,0.12880276143550873,0.0,0.0
2019-02-21,2019-02-22 23:30:00,0.10898400098085403,0.21829453110694885,0.0,0.04799727350473404
2019-02-21,2019-02-22 23:45:00,0.21796900033950806,0.31281426548957825,0.022192325443029404,0.08908441662788391
2019-02-22,2019-02-23 00:00:00,0.3515619933605194,0.5257059931755066,0.3566882014274597,0.39959922432899475
2019-02-22,2019-02-23 00:15:00,0.5203120112419128,0.6616418361663818,0.4835333824157715,0.5894623398780823
2019-02-22,2019-02-23 00:30:00,0.7347660064697266,0.8441659808158875,0.6362692713737488,0.747765302658081
2019-02-22,2019-02-23 00:45:00,0.9949219822883606,1.0942389965057373,0.8330214619636536,0.9922751784324646
2019-02-22,2019-02-23 01:00:00,1.2410160303115845,1.2386854887008667,1.0224440097808838,1.1860531568527222
2019-02-22,2019-02-23 01:15:00,1.4800779819488525,1.441141963005066,1.185418725013733,1.372019648551941
2019-02-22,2019-02-23 01:30:00,1.7121089696884155,1.700913429260254,1.4112968444824219,1.6006006002426147
2019-02-22,2019-02-23 01:45:00,2.003906011581421,1.8712881803512573,1.5796316862106323,1.8186594247817993
2019-02-22,2019-02-23 02:00:00,2.267577886581421,1.9812294244766235,1.7774139642715454,1.9983913898468018
2019-02-22,2019-02-23 02:15:00,2.5769529342651367,2.1909358501434326,1.9919960498809814,2.234361410140991
2019-02-22,2019-02-23 02:30:00,2.784374952316284,2.369597911834717,2.111555337905884,2.4017231464385986
2019-02-22,2019-02-23 02:45:00,3.005858898162842,2.56750750541687,2.254340887069702,2.5762836933135986
2019-02-22,2019-02-23 03:00:00,3.128906011581421,2.625736713409424,2.3853437900543213,2.7571730613708496
2019-02-22,2019-02-23 03:15:00,3.1746089458465576,2.7512197494506836,2.505506992340088,2.9190115928649902
2019-02-22,2019-02-23 03:30:00,3.364453077316284,2.955303907394409,2.557260036468506,2.993630886077881
2019-02-22,2019-02-23 03:45:00,3.4558589458465576,2.996103525161743,2.6906540393829346,3.174774408340454
2019-02-22,2019-02-23 04:00:00,3.533202886581421,3.0340352058410645,2.7127814292907715,3.185638666152954
2019-02-22,2019-02-23 04:15:00,3.6140620708465576,3.108701467514038,2.703526735305786,3.2559828758239746
2019-02-22,2019-02-23 04:30:00,3.6070311069488525,3.1113672256469727,2.7683990001678467,3.264029026031494
2019-02-22,2019-02-23 04:45:00,3.3433589935302734,3.1358330249786377,2.7193198204040527,3.2927663326263428
2019-02-22,2019-02-23 05:00:00,3.4066410064697266,3.1330947875976562,2.7271370887756348,3.191985607147217
2019-02-22,2019-02-23 05:15:00,3.5718750953674316,3.0694055557250977,2.6684274673461914,3.133420705795288
2019-02-22,2019-02-23 05:30:00,3.4945309162139893,3.01336669921875,2.593811273574829,3.0567636489868164
2019-02-22,2019-02-23 05:45:00,3.2906250953674316,2.8886163234710693,2.558441638946533,2.975240707397461
2019-02-22,2019-02-23 06:00:00,3.3539059162139893,2.7901744842529297,2.4455296993255615,2.7807440757751465
2019-02-22,2019-02-23 06:15:00,3.244921922683716,2.699317693710327,2.329017400741577,2.5749948024749756
2019-02-22,2019-02-23 06:30:00,2.946094036102295,2.5314888954162598,2.155778408050537,2.461671829223633
2019-02-22,2019-02-23 06:45:00,2.960155963897705,2.333596706390381,2.040714740753174,2.3034169673919678
2019-02-22,2019-02-23 07:00:00,2.6332030296325684,2.141568183898926,1.8708449602127075,2.091756582260132
2019-02-22,2019-02-23 07:15:00,2.3871090412139893,2.068183422088623,1.6765148639678955,1.858182430267334
2019-02-22,2019-02-23 07:30:00,2.102344036102295,1.823224663734436,1.5179904699325562,1.6992814540863037
2019-02-22,2019-02-23 07:45:00,1.919530987739563,1.6345311403274536,1.387181043624878,1.4521725177764893
2019-02-22,2019-02-23 08:00:00,1.5082030296325684,1.3438555002212524,1.167985200881958,1.2151203155517578
2019-02-22,2019-02-23 08:15:00,1.272655963897705,1.1701903343200684,0.9955199956893921,1.0194978713989258
2019-02-22,2019-02-23 08:30:00,1.0371090173721313,0.9996038675308228,0.8680662512779236,0.8130559921264648
2019-02-22,2019-02-23 08:45:00,0.7136719822883606,0.8203487396240234,0.6936568021774292,0.6577680706977844
2019-02-22,2019-02-23 09:00:00,0.471094012260437,0.668345034122467,0.5403069257736206,0.5136334300041199
2019-02-22,2019-02-23 09:15:00,0.31992200016975403,0.5657104253768921,0.40859314799308777,0.34034544229507446
2019-02-22,2019-02-23 09:30:00,0.1863279938697815,0.3693867325782776,0.3102268874645233,0.19350270926952362
2019-02-22,2019-02-23 09:45:00,0.014062000438570976,0.28586819767951965,0.19436673820018768,0.09750666469335556
2019-02-22,2019-02-23 10:00:00,0.0,0.1692192107439041,0.13223816454410553,0.019140958786010742
2019-02-22,2019-02-23 10:15:00,0.0,0.049076274037361145,0.07284384220838547,0.00737551786005497
2019-02-22,2019-02-23 10:30:00,0.0,0.0004181652911938727,0.041173726320266724,0.0
2019-02-22,2019-02-23 10:45:00,0.0,0.0,0.0,0.0
2019-02-22,2019-02-23 11:00:00,0.0,0.0,0.002230571350082755,0.0
2019-02-22,2019-02-23 11:15:00,0.0,0.0,0.0,0.0
2019-02-22,2019-02-23 11:30:00,0.0,0.0,0.0,0.0
2019-02-22,2019-02-23 11:45:00,0.0,0.0,0.0017935646465048194,0.0
2019-02-22,2019-02-23 12:00:00,0.0,0.0,0.033184945583343506,0.0
2019-02-22,2019-02-23 12:15:00,0.0,0.0,0.021263474598526955,0.0
2019-02-22,2019-02-23 12:30:00,0.0,0.0,0.05832056328654289,0.0
2019-02-22,2019-02-23 12:45:00,0.0,0.0,0.03914715349674225,0.0
2019-02-22,2019-02-23 13:00:00,0.0,0.0,0.06066972389817238,0.018239930272102356
2019-02-22,2019-02-23 13:15:00,0.0,0.0,0.02825300581753254,0.0
2019-02-22,2019-02-23 13:30:00,0.0,0.0,0.04434964433312416,0.0
2019-02-22,2019-02-23 13:45:00,0.0,0.01808970235288143,0.03428736329078674,0.0
2019-02-22,2019-02-23 14:00:00,0.0,0.06574885547161102,0.03064081259071827,0.0
2019-02-22,2019-02-23 14:15:00,0.0,0.03598494827747345,0.0003885167825501412,0.0
2019-02-22,2019-02-23 14:30:00,0.0,0.026956377550959587,0.0038641607388854027,0.0
2019-02-22,2019-02-23 14:45:00,0.0,0.00892057828605175,0.0,0.0
2019-02-22,2019-02-23 15:00:00,0.0,0.06833911687135696,0.0,0.0
2019-02-22,2019-02-23 15:15:00,0.0,0.10740963369607925,0.0,0.0
2019-02-22,2019-02-23 15:30:00,0.0,0.019584553316235542,0.0,0.009076536633074284
2019-02-22,2019-02-23 15:45:00,0.0,0.11046044528484344,0.0,0.0
2019-02-22,2019-02-23 16:00:00,0.0,0.11282280087471008,0.0,0.0
2019-02-22,2019-02-23 16:15:00,0.0,0.06782638281583786,0.0,0.0
2019-02-22,2019-02-23 16:30:00,0.0,0.038518548011779785,0.0,0.011842942796647549
2019-02-22,2019-02-23 16:45:00,0.0,0.0,0.007664878387004137,0.008257580921053886
2019-02-22,2019-02-23 17:00:00,0.0,0.035399530082941055,0.0,0.09132122248411179
2019-02-22,2019-02-23 17:15:00,0.0,0.043632883578538895,0.0,0.12437068670988083
2019-02-22,2019-02-23 17:30:00,0.0,0.017116548493504524,0.0,0.05423031002283096
2019-02-22,2019-02-23 17:45:00,0.0,0.0,0.016592852771282196,0.06608562916517258
2019-02-22,2019-02-23 18:00:00,0.0,0.0,0.0,0.0816507637500763
2019-02-22,2019-02-23 18:15:00,0.0,0.026429839432239532,0.009708640165627003,0.064876027405262
2019-02-22,2019-02-23 18:30:00,0.0,0.0,0.0,0.05705835670232773
2019-02-22,2019-02-23 18:45:00,0.0,0.0,0.008274020627140999,0.03585415333509445
2019-02-22,2019-02-23 19:00:00,0.0,0.0,0.02834705449640751,0.0050187138840556145
2019-02-22,2019-02-23 19:15:00,0.0,0.0,0.0,0.13594549894332886
2019-02-22,2019-02-23 19:30:00,0.0,0.00591277377679944,0.003636251902207732,0.03998984768986702
2019-02-22,2019-02-23 19:45:00,0.0,0.0,0.018747277557849884,0.06145547330379486
2019-02-22,2019-02-23 20:00:00,0.0,0.0,0.0020253569819033146,0.0
2019-02-22,2019-02-23 20:15:00,0.0,0.0,0.0030360498931258917,0.03841782361268997
2019-02-22,2019-02-23 20:30:00,0.0,0.0,0.0,0.0
2019-02-22,2019-02-23 20:45:00,0.0,0.0,0.0001112230311264284,0.0
2019-02-22,2019-02-23 21:00:00,0.0,0.0,0.0,0.0
2019-02-22,2019-02-23 21:15:00,0.0,0.0,0.0,0.0
2019-02-22,2019-02-23 21:30:00,0.0,0.0,0.0,0.0
2019-02-22,2019-02-23 21:45:00,0.0,0.0,0.0,0.0
2019-02-22,2019-02-23 22:00:00,0.0,0.0,0.0,0.0
2019-02-22,2019-02-23 22:15:00,0.0,0.0,0.0,0.0
2019-02-22,2019-02-23 22:30:00,0.0,0.0,0.0,0.0
2019-02-22,2019-02-23 22:45:00,0.0,0.0,0.0,0.0
2019-02-22,2019-02-23 23:00:00,0.0,0.06647196412086487,0.0,0.0
2019-02-22,2019-02-23 23:15:00,0.03515600040555,0.1555103212594986,0.0,0.0
2019-02-22,2019-02-23 23:30:00,0.13359400629997253,0.2539137005805969,0.07971415668725967,0.09488125890493393
2019-02-22,2019-02-23 23:45:00,0.22851599752902985,0.38012516498565674,0.1438850611448288,0.16790232062339783
2019-02-23,2019-02-24 00:00:00,0.4007810056209564,0.4645910859107971,0.452580988407135,0.4034794867038727
2019-02-23,2019-02-24 00:15:00,0.5730469822883606,0.6169500946998596,0.5618581175804138,0.6332809329032898
2019-02-23,2019-02-24 00:30:00,0.7699220180511475,0.7802575826644897,0.727941632270813,0.8339544534683228
2019-02-23,2019-02-24 00:45:00,0.956250011920929,1.0762275457382202,0.9331832528114319,1.1359320878982544
2019-02-23,2019-02-24 01:00:00,1.209375023841858,1.2228063344955444,1.1423015594482422,1.363124132156372
2019-02-23,2019-02-24 01:15:00,1.4660160541534424,1.409762978553772,1.3161942958831787,1.5612804889678955
2019-02-23,2019-02-24 01:30:00,1.6136720180511475,1.7114793062210083,1.5592842102050781,1.8535748720169067
2019-02-23,2019-02-24 01:45:00,1.8808590173721313,1.895503282546997,1.786753535270691,2.1728057861328125
2019-02-23,2019-02-24 02:00:00,2.0777339935302734,2.0192441940307617,1.9706039428710938,2.432828903198242
2019-02-23,2019-02-24 02:15:00,1.9968750476837158,2.2386019229888916,2.2157812118530273,2.664482593536377
2019-02-23,2019-02-24 02:30:00,2.3589839935302734,2.4130303859710693,2.351808786392212,2.8936264514923096
2019-02-23,2019-02-24 02:45:00,2.5804688930511475,2.6416897773742676,2.495666742324829,3.093452215194702
2019-02-23,2019-02-24 03:00:00,2.3519530296325684,2.685990571975708,2.6640138626098633,3.348750591278076
2019-02-23,2019-02-24 03:15:00,2.0531249046325684,2.855252504348755,2.761300802230835,3.445770025253296
2019-02-23,2019-02-24 03:30:00,2.26406192779541,3.085949420928955,2.8419249057769775,3.6803693771362305
2019-02-23,2019-02-24 03:45:00,1.9582029581069946,3.119281530380249,2.9746904373168945,3.793030261993408
2019-02-23,2019-02-24 04:00:00,1.497655987739563,3.1705129146575928,2.99633526802063,3.8737168312072754
2019-02-23,2019-02-24 04:15:00,1.6347659826278687,3.2629523277282715,3.008322238922119,3.940378427505493
2019-02-23,2019-02-24 04:30:00,2.1410160064697266,3.2729737758636475,3.052399158477783,3.958542585372925
2019-02-23,2019-02-24 04:45:00,1.9230469465255737,3.3098983764648438,2.9731154441833496,3.952965259552002
2019-02-23,2019-02-24 05:00:00,2.489063024520874,3.2795886993408203,2.973964214324951,3.850713014602661
2019-02-23,2019-02-24 05:15:00,2.242969036102295,3.2173402309417725,2.895883083343506,3.837679386138916
2019-02-23,2019-02-24 05:30:00,1.6101560592651367,3.1352691650390625,2.8141579627990723,3.747671365737915
2019-02-23,2019-02-24 05:45:00,1.9968750476837158,3.01973819732666,2.744743824005127,3.6248159408569336
2019-02-23,2019-02-24 06:00:00,1.4695310592651367,2.902466297149658,2.5956883430480957,3.5019335746765137
2019-02-23,2019-02-24 06:15:00,1.314844012260437,2.8267476558685303,2.4410359859466553,3.2986438274383545
2019-02-23,2019-02-24 06:30:00,1.3816410303115845,2.6383121013641357,2.2489683628082275,3.124279499053955
2019-02-23,2019-02-24 06:45:00,1.2937500476837158,2.3949179649353027,2.119109630584717,2.916801929473877
2019-02-23,2019-02-24 07:00:00,1.1425780057907104,2.2109222412109375,1.9157185554504395,2.7283778190612793
2019-02-23,2019-02-24 07:15:00,1.1636719703674316,2.144109010696411,1.6898820400238037,2.4311490058898926
2019-02-23,2019-02-24 07:30:00,1.117969036102295,1.8989496231079102,1.5415281057357788,2.2184717655181885
2019-02-23,2019-02-24 07:45:00,1.082811951637268,1.6697813272476196,1.4025816917419434,1.9636629819869995
2019-02-23,2019-02-24 08:00:00,0.8085939884185791,1.3732043504714966,1.1561942100524902,1.7025372982025146
2019-02-23,2019-02-24 08:15:00,0.6152340173721313,1.1984434127807617,0.9705867171287537,1.4399378299713135
2019-02-23,2019-02-24 08:30:00,0.46406298875808716,1.0165446996688843,0.8368840217590332,1.248275876045227
2019-02-23,2019-02-24 08:45:00,0.33398398756980896,0.8247348666191101,0.652667224407196,0.9766133427619934
2019-02-23,2019-02-24 09:00:00,0.2355470061302185,0.6639119386672974,0.4872191846370697,0.7280978560447693
2019-02-23,2019-02-24 09:15:00,0.16875000298023224,0.590417206287384,0.36760473251342773,0.5416005849838257
2019-02-23,2019-02-24 09:30:00,0.12656299769878387,0.37263745069503784,0.2779151499271393,0.4110766649246216
2019-02-23,2019-02-24 09:45:00,0.021093999966979027,0.2839861810207367,0.16327843070030212,0.23753879964351654
2019-02-23,2019-02-24 10:00:00,0.0,0.20107601583003998,0.11663775146007538,0.0905713438987732
2019-02-23,2019-02-24 10:15:00,0.0,0.08095777779817581,0.05570178106427193,0.038853153586387634
2019-02-23,2019-02-24 10:30:00,0.0,0.021036610007286072,0.034119561314582825,0.012755796313285828
2019-02-23,2019-02-24 10:45:00,0.0,0.0,0.003672463819384575,0.0
2019-02-23,2019-02-24 11:00:00,0.0,0.0,0.014527992345392704,0.0
2019-02-23,2019-02-24 11:15:00,0.0,0.0,0.0,0.0
2019-02-23,2019-02-24 11:30:00,0.0,0.0,2.8017937438562512e-05,0.0
2019-02-23,2019-02-24 11:45:00,0.0,0.0,0.0,0.0
2019-02-23,2019-02-24 12:00:00,0.0,0.0,0.02253022789955139,0.0
2019-02-23,2019-02-24 12:15:00,0.0,0.0,0.02068311721086502,0.0
2019-02-23,2019-02-24 12:30:00,0.0,0.0,0.039345502853393555,0.0
2019-02-23,2019-02-24 12:45:00,0.0,0.0,0.005128681659698486,0.0
2019-02-23,2019-02-24 13:00:00,0.0,0.0,0.029090577736496925,0.0
2019-02-23,2019-02-24 13:15:00,0.0,0.0,0.011652560904622078,0.0
2019-02-23,2019-02-24 13:30:00,0.0,0.011790978722274303,0.012040568515658379,0.0
2019-02-23,2019-02-24 13:45:00,0.0,0.04654160514473915,0.0,0.0
2019-02-23,2019-02-24 14:00:00,0.0,0.12520161271095276,0.0,0.0
2019-02-23,2019-02-24 14:15:00,0.0,0.11272148787975311,0.0,0.0
2019-02-23,2019-02-24 14:30:00,0.0,0.0542764812707901,0.0,0.03490954637527466
2019-02-23,2019-02-24 14:45:00,0.0,0.03370450437068939,0.0,0.0
2019-02-23,2019-02-24 15:00:00,0.0,0.11065259575843811,0.0,0.05519761145114899
2019-02-23,2019-02-24 15:15:00,0.0,0.1657763570547104,0.0,0.024232234805822372
2019-02-23,2019-02-24 15:30:00,0.0,0.05861753970384598,0.0,0.03654500097036362
2019-02-23,2019-02-24 15:45:00,0.0,0.14252188801765442,0.0,0.031163858249783516
2019-02-23,2019-02-24 16:00:00,0.0,0.15983828902244568,0.0,0.0055395993404090405
2019-02-23,2019-02-24 16:15:00,0.0,0.1127535030245781,0.009793933480978012,0.0200192928314209
2019-02-23,2019-02-24 16:30:00,0.0,0.043532878160476685,0.0026235529221594334,0.05370580777525902
2019-02-23,2019-02-24 16:45:00,0.0,0.0,0.01510373130440712,0.06399134546518326
2019-02-23,2019-02-24 17:00:00,0.0,0.06728148460388184,0.0,0.12862838804721832
2019-02-23,2019-02-24 17:15:00,0.0,0.0781606137752533,0.00720169534906745,0.0886276587843895
2019-02-23,2019-02-24 17:30:00,0.0,0.05509938672184944,0.012832030653953552,0.07290444523096085
2019-02-23,2019-02-24 17:45:00,0.0,0.0,0.03074251301586628,0.08493760973215103
2019-02-23,2019-02-24 18:00:00,0.0,0.004412256646901369,0.027292326092720032,0.06460307538509369
2019-02-23,2019-02-24 18:15:00,0.0,0.04712268337607384,0.023718247190117836,0.037238847464323044
2019-02-23,2019-02-24 18:30:00,0.0,0.0,0.0042318557389080524,0.06557165831327438
2019-02-23,2019-02-24 18:45:00,0.0,0.0,0.028538772836327553,0.005871133878827095
2019-02-23,2019-02-24 19:00:00,0.0,0.0,0.06071953475475311,0.0
2019-02-23,2019-02-24 19:15:00,0.0,0.0,0.026735542342066765,0.04019218310713768
2019-02-23,2019-02-24 19:30:00,0.0,0.0438619963824749,0.02917097881436348,0.0
2019-02-23,2019-02-24 19:45:00,0.0,0.0,0.04925961792469025,0.0
2019-02-23,2019-02-24 20:00:00,0.0,0.0,0.05629361793398857,0.0
2019-02-23,2019-02-24 20:15:00,0.0,0.0,0.02246657945215702,0.0
2019-02-23,2019-02-24 20:30:00,0.0,0.0,0.02301844023168087,0.0
2019-02-23,2019-02-24 20:45:00,0.0,0.0,0.013956446200609207,0.0
2019-02-23,2019-02-24 21:00:00,0.0,0.0,0.0,0.0
2019-02-23,2019-02-24 21:15:00,0.0,0.0,0.0,0.0
2019-02-23,2019-02-24 21:30:00,0.0,0.0,0.0,0.0
2019-02-23,2019-02-24 21:45:00,0.0,0.0,0.0,0.0
2019-02-23,2019-02-24 22:00:00,0.0,0.0,0.0,0.0
2019-02-23,2019-02-24 22:15:00,0.0,0.0,0.0,0.0
2019-02-23,2019-02-24 22:30:00,0.0,0.0,0.0,0.0
2019-02-23,2019-02-24 22:45:00,0.0,0.0,0.0,0.0
2019-02-23,2019-02-24 23:00:00,0.0,0.0,0.0,0.0
2019-02-23,2019-02-24 23:15:00,0.007031000219285488,0.018471037968993187,0.0,0.06994766741991043
2019-02-23,2019-02-24 23:30:00,0.09140600264072418,0.13406163454055786,0.036183930933475494,0.21014830470085144
2019-02-23,2019-02-24 23:45:00,0.21445299685001373,0.2621038556098938,0.10119336098432541,0.31173333525657654
2019-02-24,2019-02-25 00:00:00,0.26718801259994507,0.2374948412179947,0.31309500336647034,0.23730550706386566
2019-02-24,2019-02-25 00:15:00,0.4781250059604645,0.3444597125053406,0.4067639112472534,0.3931103050708771
2019-02-24,2019-02-25 00:30:00,0.5730469822883606,0.4829707741737366,0.5089681148529053,0.5018646121025085
2019-02-24,2019-02-25 00:45:00,0.7277340292930603,0.7255873680114746,0.6731984615325928,0.7176730036735535
2019-02-24,2019-02-25 01:00:00,1.0089839696884155,0.8554230332374573,0.8364067077636719,0.8875694870948792
2019-02-24,2019-02-25 01:15:00,1.2269530296325684,1.0033655166625977,0.9820554256439209,1.0231088399887085
2019-02-24,2019-02-25 01:30:00,1.4308589696884155,1.2514362335205078,1.1955289840698242,1.2254339456558228
2019-02-24,2019-02-25 01:45:00,1.6664060354232788,1.3974980115890503,1.4022756814956665,1.4698060750961304
2019-02-24,2019-02-25 02:00:00,1.8562500476837158,1.4874063730239868,1.5953154563903809,1.649154782295227
2019-02-24,2019-02-25 02:15:00,2.109375,1.6738324165344238,1.8318454027175903,1.849374771118164
2019-02-24,2019-02-25 02:30:00,2.2113280296325684,1.831697940826416,1.9741863012313843,2.03326416015625
2019-02-24,2019-02-25 02:45:00,2.3273439407348633,2.040847063064575,2.1337196826934814,2.21663236618042
2019-02-24,2019-02-25 03:00:00,2.397655963897705,2.0767359733581543,2.319293737411499,2.4213218688964844
2019-02-24,2019-02-25 03:15:00,2.548827886581421,2.2028584480285645,2.428334951400757,2.5296382904052734
2019-02-24,2019-02-25 03:30:00,2.6085939407348633,2.3734517097473145,2.5388333797454834,2.711146593093872
2019-02-24,2019-02-25 03:45:00,2.707031011581421,2.4195637702941895,2.6832361221313477,2.849177122116089
2019-02-24,2019-02-25 04:00:00,2.742187976837158,2.4742045402526855,2.7300643920898438,2.9483892917633057
2019-02-24,2019-02-25 04:15:00,2.794922113418579,2.5407869815826416,2.752899408340454,3.0031700134277344
2019-02-24,2019-02-25 04:30:00,2.777343988418579,2.566488742828369,2.813584804534912,3.0612051486968994
2019-02-24,2019-02-25 04:45:00,2.707031011581421,2.592911958694458,2.7530877590179443,3.03920316696167
2019-02-24,2019-02-25 05:00:00,2.6683590412139893,2.626868724822998,2.757114887237549,3.001458168029785
2019-02-24,2019-02-25 05:15:00,2.6261720657348633,2.5509636402130127,2.685317277908325,2.9599711894989014
2019-02-24,2019-02-25 05:30:00,2.2886719703674316,2.5276260375976562,2.6092426776885986,2.934741735458374
2019-02-24,2019-02-25 05:45:00,2.496093988418579,2.4140524864196777,2.5538711547851562,2.8264737129211426
2019-02-24,2019-02-25 06:00:00,2.496093988418579,2.344273328781128,2.4159774780273438,2.704610824584961
2019-02-24,2019-02-25 06:15:00,2.373047113418579,2.2572977542877197,2.26985764503479,2.530052661895752
2019-02-24,2019-02-25 06:30:00,2.2464840412139893,2.1125094890594482,2.081977367401123,2.3933608531951904
2019-02-24,2019-02-25 06:45:00,2.0425779819488525,1.967972755432129,1.9580745697021484,2.188009023666382
2019-02-24,2019-02-25 07:00:00,1.9019529819488525,1.7841796875,1.7704623937606812,2.025261163711548
2019-02-24,2019-02-25 07:15:00,1.736719012260437,1.734188437461853,1.5654104948043823,1.7818148136138916
2019-02-24,2019-02-25 07:30:00,1.4695310592651367,1.5072392225265503,1.4212939739227295,1.6036375761032104
2019-02-24,2019-02-25 07:45:00,0.8578130006790161,1.3557888269424438,1.2658743858337402,1.329761266708374
2019-02-24,2019-02-25 08:00:00,1.1636719703674316,1.1088768243789673,1.056879997253418,1.1305410861968994
2019-02-24,2019-02-25 08:15:00,0.6011719703674316,0.9487288594245911,0.8848071098327637,0.9257087111473083
2019-02-24,2019-02-25 08:30:00,0.6574220061302185,0.7958406805992126,0.7554160356521606,0.7589433789253235
2019-02-24,2019-02-25 08:45:00,0.5238280296325684,0.6484135389328003,0.5862537622451782,0.5618317127227783
2019-02-24,2019-02-25 09:00:00,0.3761720061302185,0.5114168524742126,0.41959255933761597,0.3723333477973938
2019-02-24,2019-02-25 09:15:00,0.1511719971895218,0.42749226093292236,0.3261730372905731,0.2006460428237915
2019-02-24,2019-02-25 09:30:00,0.09843800216913223,0.2760404944419861,0.243674173951149,0.11749759316444397
2019-02-24,2019-02-25 09:45:00,0.010546999983489513,0.2145736962556839,0.13773854076862335,0.025163164362311363
2019-02-24,2019-02-25 10:00:00,0.0,0.12028210610151291,0.08721113950014114,0.0
2019-02-24,2019-02-25 10:15:00,0.0,0.03320418298244476,0.047627776861190796,0.0
2019-02-24,2019-02-25 10:30:00,0.0,0.0,0.0218860674649477,0.0
2019-02-24,2019-02-25 10:45:00,0.0,0.0,0.0,0.0
2019-02-24,2019-02-25 11:00:00,0.0,0.0,0.010957271791994572,0.0
2019-02-24,2019-02-25 11:15:00,0.0,0.0,0.0,0.0
2019-02-24,2019-02-25 11:30:00,0.0,0.0,0.013911315239965916,0.0
2019-02-24,2019-02-25 11:45:00,0.0,0.0,0.03617088496685028,0.0
2019-02-24,2019-02-25 12:00:00,0.0,0.0,0.047534264624118805,0.0
2019-02-24,2019-02-25 12:15:00,0.0,0.0,0.04538987576961517,0.0
2019-02-24,2019-02-25 12:30:00,0.0,0.0,0.06283576041460037,0.0
2019-02-24,2019-02-25 12:45:00,0.0,0.0,0.019293079152703285,0.0
2019-02-24,2019-02-25 13:00:00,0.0,0.0,0.0489647276699543,0.0
2019-02-24,2019-02-25 13:15:00,0.0,0.0,0.02560865320265293,0.0
2019-02-24,2019-02-25 13:30:00,0.0,0.0,0.025700589641928673,0.0
2019-02-24,2019-02-25 13:45:00,0.0,0.014660515822470188,0.008098341524600983,0.0
2019-02-24,2019-02-25 14:00:00,0.0,0.06664123386144638,0.0,0.0
2019-02-24,2019-02-25 14:15:00,0.0,0.05627435818314552,0.0,0.0
2019-02-24,2019-02-25 14:30:00,0.0,0.017332378774881363,0.0,0.0
2019-02-24,2019-02-25 14:45:00,0.0,0.0,0.0,0.0
2019-02-24,2019-02-25 15:00:00,0.0,0.07965855300426483,0.0,0.010148413479328156
2019-02-24,2019-02-25 15:15:00,0.0,0.09976019710302353,0.0,0.015104248188436031
2019-02-24,2019-02-25 15:30:00,0.0,0.022212756797671318,0.0,0.01754930056631565
2019-02-24,2019-02-25 15:45:00,0.0,0.08408274501562119,0.0,0.004731970839202404
2019-02-24,2019-02-25 16:00:00,0.0,0.12669821083545685,0.0,0.0
2019-02-24,2019-02-25 16:15:00,0.0,0.07938683032989502,0.0,0.0015647558029741049
2019-02-24,2019-02-25 16:30:00,0.0,0.04250635951757431,0.0,0.051821909844875336
2019-02-24,2019-02-25 16:45:00,0.0,0.0,0.009422987699508667,0.05944552645087242
2019-02-24,2019-02-25 17:00:00,0.0,0.06611451506614685,0.0,0.1292828917503357
2019-02-24,2019-02-25 17:15:00,0.0,0.044800471514463425,0.0,0.08882289379835129
2019-02-24,2019-02-25 17:30:00,0.0,0.06680114567279816,0.009566220454871655,0.08018514513969421
2019-02-24,2019-02-25 17:45:00,0.0,0.0,0.023833908140659332,0.11463446170091629
2019-02-24,2019-02-25 18:00:00,0.0,0.0011554069351404905,0.01861998438835144,0.07967521995306015
2019-02-24,2019-02-25 18:15:00,0.0,0.03407232090830803,0.00999014638364315,0.08656447380781174
2019-02-24,2019-02-25 18:30:00,0.0,0.0,0.0,0.09237264841794968
2019-02-24,2019-02-25 18:45:00,0.0,0.0,0.019851267337799072,0.07217150926589966
2019-02-24,2019-02-25 19:00:00,0.0,0.0018386752344667912,0.04335393011569977,0.025800134986639023
2019-02-24,2019-02-25 19:15:00,0.0,0.0,0.012692120857536793,0.10653384029865265
2019-02-24,2019-02-25 19:30:00,0.0,0.029836546629667282,0.015362738631665707,0.02662569284439087
2019-02-24,2019-02-25 19:45:00,0.0,0.0,0.03029784746468067,0.015569250099360943
2019-02-24,2019-02-25 20:00:00,0.0,0.0,0.04601908475160599,0.02761569805443287
2019-02-24,2019-02-25 20:15:00,0.0,0.0,0.016521653160452843,0.0
2019-02-24,2019-02-25 20:30:00,0.0,0.0,0.026352176442742348,0.0
2019-02-24,2019-02-25 20:45:00,0.0,0.0,0.026122022420167923,0.0
2019-02-24,2019-02-25 21:00:00,0.0,0.0,0.0028555148746818304,0.0
2019-02-24,2019-02-25 21:15:00,0.0,0.0,0.011134792119264603,0.0
2019-02-24,2019-02-25 21:30:00,0.0,0.0,0.0,0.0
2019-02-24,2019-02-25 21:45:00,0.0,0.0,0.0031840968877077103,0.0
2019-02-24,2019-02-25 22:00:00,0.0,0.0,0.0,0.0
2019-02-24,2019-02-25 22:15:00,0.0,0.0,0.0,0.0
2019-02-24,2019-02-25 22:30:00,0.0,0.0,0.0,0.0
2019-02-24,2019-02-25 22:45:00,0.0,0.0,0.0,0.0
2019-02-24,2019-02-25 23:00:00,0.0,0.019345493987202644,0.0,0.0
2019-02-24,2019-02-25 23:15:00,0.0,0.09792791306972504,0.0,0.058825284242630005
2019-02-24,2019-02-25 23:30:00,0.05624999850988388,0.16725268959999084,0.04404781758785248,0.16147193312644958
2019-02-24,2019-02-25 23:45:00,0.20390599966049194,0.2733825743198395,0.0961206927895546,0.22758471965789795
2019-02-25,2019-02-26 00:00:00,0.23906299471855164,0.19647184014320374,0.4207670986652374,0.34573039412498474
2019-02-25,2019-02-26 00:15:00,0.28476598858833313,0.34242936968803406,0.5044757723808289,0.5107609033584595
2019-02-25,2019-02-26 00:30:00,0.330469012260437,0.5170331597328186,0.6326625943183899,0.645715594291687
2019-02-25,2019-02-26 00:45:00,0.5660160183906555,0.7264553904533386,0.7733362317085266,0.830845057964325
2019-02-25,2019-02-26 01:00:00,0.7277340292930603,0.8730311393737793,0.934006929397583,0.9971135854721069
2019-02-25,2019-02-26 01:15:00,0.8050780296325684,0.9932698011398315,1.0501985549926758,1.1842916011810303
2019-02-25,2019-02-26 01:30:00,0.9316409826278687,1.1726351976394653,1.1999549865722656,1.3466122150421143
2019-02-25,2019-02-26 01:45:00,1.0863280296325684,1.3048932552337646,1.3343231678009033,1.5710911750793457
2019-02-25,2019-02-26 02:00:00,1.6980470418930054,1.4155471324920654,1.4783209562301636,1.7803208827972412
2019-02-25,2019-02-26 02:15:00,1.5011719465255737,1.5322909355163574,1.625903844833374,1.8961650133132935
2019-02-25,2019-02-26 02:30:00,1.3183590173721313,1.6452527046203613,1.7262877225875854,2.083693027496338
2019-02-25,2019-02-26 02:45:00,1.0968749523162842,1.793622374534607,1.8034296035766602,2.1757771968841553
2019-02-25,2019-02-26 03:00:00,0.9808589816093445,1.7768363952636719,1.9052268266677856,2.372673273086548
2019-02-25,2019-02-26 03:15:00,1.3886719942092896,1.8626959323883057,1.969347596168518,2.435293436050415
2019-02-25,2019-02-26 03:30:00,1.7015620470046997,1.9695953130722046,2.0175538063049316,2.5483205318450928
2019-02-25,2019-02-26 03:45:00,1.771875023841858,1.9562504291534424,2.0898938179016113,2.601978302001953
2019-02-25,2019-02-26 04:00:00,1.9863280057907104,1.9988555908203125,2.0927960872650146,2.651198387145996
2019-02-25,2019-02-26 04:15:00,1.6558589935302734,1.9619317054748535,2.039658784866333,2.6828091144561768
2019-02-25,2019-02-26 04:30:00,1.884374976158142,1.9822241067886353,2.0362768173217773,2.636721134185791
2019-02-25,2019-02-26 04:45:00,1.771875023841858,1.932050347328186,1.948890209197998,2.5765373706817627
2019-02-25,2019-02-26 05:00:00,2.1304690837860107,1.860385775566101,1.8805040121078491,2.474945545196533
2019-02-25,2019-02-26 05:15:00,1.9054689407348633,1.728552222251892,1.7929743528366089,2.395663261413574
2019-02-25,2019-02-26 05:30:00,1.7085939645767212,1.7293740510940552,1.6840691566467285,2.302967071533203
2019-02-25,2019-02-26 05:45:00,1.490625023841858,1.5747579336166382,1.5772210359573364,2.161003828048706
2019-02-25,2019-02-26 06:00:00,1.5714839696884155,1.5063694715499878,1.459491491317749,2.0004665851593018
2019-02-25,2019-02-26 06:15:00,1.6699219942092896,1.3535890579223633,1.2910114526748657,1.8334362506866455
2019-02-25,2019-02-26 06:30:00,1.5257810354232788,1.2329515218734741,1.1492424011230469,1.671741008758545
2019-02-25,2019-02-26 06:45:00,1.5644530057907104,1.1167670488357544,1.0363404750823975,1.519489049911499
2019-02-25,2019-02-26 07:00:00,1.3429689407348633,0.9565956592559814,0.877373456954956,1.3322391510009766
2019-02-25,2019-02-26 07:15:00,1.3535159826278687,0.9365682005882263,0.7355198860168457,1.100235939025879
2019-02-25,2019-02-26 07:30:00,1.2374999523162842,0.7090052962303162,0.6322926878929138,0.9246695041656494
2019-02-25,2019-02-26 07:45:00,0.9808589816093445,0.6172714829444885,0.5487051010131836,0.7599985599517822
2019-02-25,2019-02-26 08:00:00,0.9316409826278687,0.4696112871170044,0.43008953332901,0.5755042433738708
2019-02-25,2019-02-26 08:15:00,0.9140620231628418,0.42015498876571655,0.3221486210823059,0.4705495536327362
2019-02-25,2019-02-26 08:30:00,0.675000011920929,0.31958988308906555,0.2626453638076782,0.33250269293785095
2019-02-25,2019-02-26 08:45:00,0.5378909707069397,0.2330310344696045,0.21440723538398743,0.1951799839735031
2019-02-25,2019-02-26 09:00:00,0.40781301259994507,0.05667596310377121,0.140440434217453,0.10270937532186508
2019-02-25,2019-02-26 09:15:00,0.29531198740005493,0.09239816665649414,0.11183694750070572,0.025949887931346893
2019-02-25,2019-02-26 09:30:00,0.1511719971895218,0.0,0.08713018894195557,0.009611094370484352
2019-02-25,2019-02-26 09:45:00,0.04570300132036209,0.0,0.06185849383473396,0.0
2019-02-25,2019-02-26 10:00:00,0.0,0.0,0.06791243702173233,0.0
2019-02-25,2019-02-26 10:15:00,0.0,0.0,0.040345314890146255,0.0
2019-02-25,2019-02-26 10:30:00,0.0,0.0,0.04070436954498291,0.0
2019-02-25,2019-02-26 10:45:00,0.0,0.0,0.03317444026470184,0.0
2019-02-25,2019-02-26 11:00:00,0.0,0.0,0.04955408722162247,0.0
2019-02-25,2019-02-26 11:15:00,0.0,0.0,0.024107998237013817,0.0
2019-02-25,2019-02-26 11:30:00,0.0,0.0,0.040473125874996185,0.0
2019-02-25,2019-02-26 11:45:00,0.0,0.0,0.008764373138546944,0.0
2019-02-25,2019-02-26 12:00:00,0.0,0.0,0.03976736590266228,0.000286140973912552
2019-02-25,2019-02-26 12:15:00,0.0,0.0,0.014968188479542732,0.02179756388068199
2019-02-25,2019-02-26 12:30:00,0.0,0.0,0.008554873988032341,0.0
2019-02-25,2019-02-26 12:45:00,0.0,0.0,0.0,0.002451772801578045
2019-02-25,2019-02-26 13:00:00,0.0,0.0,0.017883848398923874,0.0
2019-02-25,2019-02-26 13:15:00,0.0,0.0,0.0,0.0
2019-02-25,2019-02-26 13:30:00,0.0,0.016934428364038467,0.0,0.0
2019-02-25,2019-02-26 13:45:00,0.0,0.03719132021069527,0.0,0.0
2019-02-25,2019-02-26 14:00:00,0.0,0.06982648372650146,0.0,0.0
2019-02-25,2019-02-26 14:15:00,0.0,0.07761533558368683,0.0,0.0
2019-02-25,2019-02-26 14:30:00,0.0,0.02315794676542282,0.0,0.0
2019-02-25,2019-02-26 14:45:00,0.0,0.0,0.004989713430404663,0.0
2019-02-25,2019-02-26 15:00:00,0.0,0.132816880941391,0.0,0.006988523527979851
2019-02-25,2019-02-26 15:15:00,0.0,0.07529229670763016,0.00745863514021039,0.0009097612928599119
2019-02-25,2019-02-26 15:30:00,0.0,0.0,0.004305966664105654,0.013027399778366089
2019-02-25,2019-02-26 15:45:00,0.0,0.005840137600898743,0.008729570545256138,0.02716347575187683
2019-02-25,2019-02-26 16:00:00,0.0,0.08787214010953903,0.033378422260284424,0.009536941535770893
2019-02-25,2019-02-26 16:15:00,0.0,0.151326522231102,0.038792092353105545,0.025724973529577255
2019-02-25,2019-02-26 16:30:00,0.0,0.08460527658462524,0.030088724568486214,0.045460063964128494
2019-02-25,2019-02-26 16:45:00,0.0,0.005932354833930731,0.020332947373390198,0.05873091518878937
2019-02-25,2019-02-26 17:00:00,0.0,0.06549187749624252,0.01087886095046997,0.09237898141145706
2019-02-25,2019-02-26 17:15:00,0.0,0.0,0.005486042704433203,0.10615654289722443
2019-02-25,2019-02-26 17:30:00,0.0,0.08418828994035721,0.008798619732260704,0.054006755352020264
2019-02-25,2019-02-26 17:45:00,0.0,0.01049026194959879,0.010676650330424309,0.031101875007152557
2019-02-25,2019-02-26 18:00:00,0.0,0.04229045286774635,0.007674240041524172,0.04343635216355324
2019-02-25,2019-02-26 18:15:00,0.0,0.010157564654946327,0.002582176821306348,0.037282198667526245
2019-02-25,2019-02-26 18:30:00,0.0,0.0,0.0,0.023410692811012268
2019-02-25,2019-02-26 18:45:00,0.0,0.00014834538160357624,0.006245783064514399,0.0
2019-02-25,2019-02-26 19:00:00,0.0,0.008522381074726582,0.03320521116256714,0.0
2019-02-25,2019-02-26 19:15:00,0.0,0.0,0.01088628824800253,0.006359394174069166
2019-02-25,2019-02-26 19:30:00,0.0,0.015680141746997833,0.022014332935214043,0.0
2019-02-25,2019-02-26 19:45:00,0.0,0.0,0.037898894399404526,0.0
2019-02-25,2019-02-26 20:00:00,0.0,0.0,0.051680754870176315,0.0
2019-02-25,2019-02-26 20:15:00,0.0,0.0,0.052699193358421326,0.0
2019-02-25,2019-02-26 20:30:00,0.0,0.0,0.030924348160624504,0.0
2019-02-25,2019-02-26 20:45:00,0.0,0.0,0.026123864576220512,0.0
2019-02-25,2019-02-26 21:00:00,0.0,0.0,0.0,0.0
2019-02-25,2019-02-26 21:15:00,0.0,0.0,0.0,0.0
2019-02-25,2019-02-26 21:30:00,0.0,0.0,0.0,0.0
2019-02-25,2019-02-26 21:45:00,0.0,0.0,0.0,0.0
2019-02-25,2019-02-26 22:00:00,0.0,0.0,0.0,0.0
2019-02-25,2019-02-26 22:15:00,0.0,0.0,0.0,0.0
2019-02-25,2019-02-26 22:30:00,0.0,0.004528217017650604,0.0,0.0
2019-02-25,2019-02-26 22:45:00,0.0,0.08053550869226456,0.0,0.0
2019-02-25,2019-02-26 23:00:00,0.0,0.09258390218019485,0.0,0.0
2019-02-25,2019-02-26 23:15:00,0.0,0.20356303453445435,0.0,0.0751626193523407
2019-02-25,2019-02-26 23:30:00,0.12304700165987015,0.36181777715682983,0.011906095780432224,0.1318208873271942
2019-02-25,2019-02-26 23:45:00,0.20742200314998627,0.46323856711387634,0.05957012251019478,0.20107968151569366
2019-02-26,2019-02-27 00:00:00,0.25312501192092896,0.40285101532936096,0.3422481119632721,0.37431561946868896
2019-02-26,2019-02-27 00:15:00,0.4675779938697815,0.5338118076324463,0.445431113243103,0.5334625244140625
2019-02-26,2019-02-27 00:30:00,0.6890619993209839,0.6538810133934021,0.5995694398880005,0.6763665080070496
2019-02-26,2019-02-27 00:45:00,0.46054700016975403,0.8927772045135498,0.7774144411087036,0.8623321652412415
2019-02-26,2019-02-27 01:00:00,0.5378909707069397,0.9941691160202026,0.9564151763916016,1.0377397537231445
2019-02-26,2019-02-27 01:15:00,0.6574220061302185,1.1906026601791382,1.148518681526184,1.1968412399291992
2019-02-26,2019-02-27 01:30:00,0.8578130006790161,1.4096999168395996,1.3566135168075562,1.3915647268295288
2019-02-26,2019-02-27 01:45:00,1.0582029819488525,1.5807031393051147,1.574208378791809,1.621600866317749
2019-02-26,2019-02-27 02:00:00,1.652343988418579,1.708837628364563,1.7842028141021729,1.8317567110061646
2019-02-26,2019-02-27 02:15:00,1.6207029819488525,1.8750916719436646,2.0615644454956055,2.034877061843872
2019-02-26,2019-02-27 02:30:00,2.133984088897705,2.013622283935547,2.1932144165039062,2.216846466064453
2019-02-26,2019-02-27 02:45:00,2.1726560592651367,2.188384532928467,2.386059045791626,2.38372802734375
2019-02-26,2019-02-27 03:00:00,2.4749999046325684,2.2527756690979004,2.583650827407837,2.5601067543029785
2019-02-26,2019-02-27 03:15:00,2.671875,2.3667187690734863,2.7240123748779297,2.7312397956848145
2019-02-26,2019-02-27 03:30:00,2.390625,2.545041561126709,2.8636014461517334,2.838207960128784
2019-02-26,2019-02-27 03:45:00,2.5945310592651367,2.6219615936279297,3.0171070098876953,2.9885413646698
2019-02-26,2019-02-27 04:00:00,2.9496090412139893,2.6724116802215576,3.0702314376831055,3.042212963104248
2019-02-26,2019-02-27 04:15:00,3.0339839458465576,2.734095335006714,3.104515314102173,3.0995991230010986
2019-02-26,2019-02-27 04:30:00,2.7351560592651367,2.758230686187744,3.1820640563964844,3.102908134460449
2019-02-26,2019-02-27 04:45:00,3.0093750953674316,2.7803943157196045,3.164177656173706,3.0992493629455566
2019-02-26,2019-02-27 05:00:00,2.225390911102295,2.775582790374756,3.1779215335845947,3.0201642513275146
2019-02-26,2019-02-27 05:15:00,3.2097649574279785,2.720914602279663,3.109168291091919,2.9388539791107178
2019-02-26,2019-02-27 05:30:00,3.005858898162842,2.6970198154449463,3.0236477851867676,2.871764659881592
2019-02-26,2019-02-27 05:45:00,2.9039061069488525,2.5752127170562744,2.9736649990081787,2.777026414871216
2019-02-26,2019-02-27 06:00:00,2.924999952316284,2.496828317642212,2.847348213195801,2.6027121543884277
2019-02-26,2019-02-27 06:15:00,2.8511719703674316,2.3825154304504395,2.6844468116760254,2.404503107070923
2019-02-26,2019-02-27 06:30:00,2.664844036102295,2.2350306510925293,2.4821386337280273,2.253779411315918
2019-02-26,2019-02-27 06:45:00,2.54531192779541,2.0646913051605225,2.330151319503784,2.062504291534424
2019-02-26,2019-02-27 07:00:00,2.373047113418579,1.8996726274490356,2.1512203216552734,1.9047712087631226
2019-02-26,2019-02-27 07:15:00,2.1761720180511475,1.7999881505966187,1.9056872129440308,1.6792442798614502
2019-02-26,2019-02-27 07:30:00,1.9863280057907104,1.6086798906326294,1.7547582387924194,1.510657548904419
2019-02-26,2019-02-27 07:45:00,1.8386720418930054,1.3903392553329468,1.5765650272369385,1.2775758504867554
2019-02-26,2019-02-27 08:00:00,1.546875,1.16713547706604,1.3202911615371704,1.0961555242538452
2019-02-26,2019-02-27 08:15:00,1.3289060592651367,0.9983661770820618,1.1357271671295166,0.8931633234024048
2019-02-26,2019-02-27 08:30:00,1.026561975479126,0.8207838535308838,0.9705621004104614,0.7454994916915894
2019-02-26,2019-02-27 08:45:00,0.7769529819488525,0.6570075154304504,0.7885316610336304,0.5718045830726624
2019-02-26,2019-02-27 09:00:00,0.5167970061302185,0.5317252278327942,0.5772693157196045,0.4358803927898407
2019-02-26,2019-02-27 09:15:00,0.3410159945487976,0.4345252513885498,0.46118083596229553,0.27617910504341125
2019-02-26,2019-02-27 09:30:00,0.19687500596046448,0.30378320813179016,0.31998300552368164,0.15685458481311798
2019-02-26,2019-02-27 09:45:00,0.021093999966979027,0.2455742508172989,0.18533679842948914,0.0748499184846878
2019-02-26,2019-02-27 10:00:00,0.0,0.12188991159200668,0.13508300483226776,0.0
2019-02-26,2019-02-27 10:15:00,0.0,0.04039813205599785,0.060989849269390106,0.0
2019-02-26,2019-02-27 10:30:00,0.0,0.05089833214879036,0.007182550150901079,0.0
2019-02-26,2019-02-27 10:45:00,0.0,0.0,0.0,0.0
2019-02-26,2019-02-27 11:00:00,0.0,0.0,0.0,0.0
2019-02-26,2019-02-27 11:15:00,0.0,0.0,0.0,0.0
2019-02-26,2019-02-27 11:30:00,0.0,0.0,0.0,0.0
2019-02-26,2019-02-27 11:45:00,0.0,0.0,0.0,0.0
2019-02-26,2019-02-27 12:00:00,0.0,0.0,0.0,0.0
2019-02-26,2019-02-27 12:15:00,0.0,0.0,0.0,0.0
2019-02-26,2019-02-27 12:30:00,0.0,0.0,0.0272518340498209,0.0
2019-02-26,2019-02-27 12:45:00,0.0,0.0,0.02537454478442669,0.0
2019-02-26,2019-02-27 13:00:00,0.0,0.0,0.049326907843351364,0.0
2019-02-26,2019-02-27 13:15:00,0.0,0.0,0.012022889219224453,0.0
2019-02-26,2019-02-27 13:30:00,0.0,0.0,0.04954016953706741,0.0
2019-02-26,2019-02-27 13:45:00,0.0,0.006592337507754564,0.035094186663627625,0.0
2019-02-26,2019-02-27 14:00:00,0.0,0.06623207777738571,0.02302343025803566,0.0
2019-02-26,2019-02-27 14:15:00,0.0,0.03274015709757805,0.016193678602576256,0.0
2019-02-26,2019-02-27 14:30:00,0.0,0.0,0.008872689679265022,0.0
2019-02-26,2019-02-27 14:45:00,0.0,0.0,0.008597798645496368,0.0
2019-02-26,2019-02-27 15:00:00,0.0,0.023906240239739418,0.0,0.0
2019-02-26,2019-02-27 15:15:00,0.0,0.037679482251405716,0.0,0.0
2019-02-26,2019-02-27 15:30:00,0.0,0.0,0.0,0.015278464183211327
2019-02-26,2019-02-27 15:45:00,0.0,0.03118734434247017,0.0,0.0
2019-02-26,2019-02-27 16:00:00,0.0,0.117246113717556,0.0,0.0
2019-02-26,2019-02-27 16:15:00,0.0,0.05804316699504852,0.00708526186645031,0.0
2019-02-26,2019-02-27 16:30:00,0.0,0.032189201563596725,0.003014559391885996,0.0
2019-02-26,2019-02-27 16:45:00,0.0,0.0,0.0469948835670948,0.0
2019-02-26,2019-02-27 17:00:00,0.0,0.02739097736775875,0.0034087959211319685,0.07699663937091827
2019-02-26,2019-02-27 17:15:00,0.0,0.06582658737897873,0.01664675958454609,0.0683070719242096
2019-02-26,2019-02-27 17:30:00,0.0,0.057186469435691833,0.024032363668084145,0.03833252936601639
2019-02-26,2019-02-27 17:45:00,0.0,0.0,0.038145389407873154,0.034105777740478516
2019-02-26,2019-02-27 18:00:00,0.0,0.0,0.03365281596779823,0.03336808457970619
2019-02-26,2019-02-27 18:15:00,0.0,0.0,0.024339117109775543,0.04288817569613457
2019-02-26,2019-02-27 18:30:00,0.0,0.0,0.005964935291558504,0.04669078439474106
2019-02-26,2019-02-27 18:45:00,0.0,0.0,0.024571726098656654,0.005770872347056866
2019-02-26,2019-02-27 19:00:00,0.0,0.0,0.03709140792489052,0.0
2019-02-26,2019-02-27 19:15:00,0.0,0.0,0.0032612427603453398,0.06676584482192993
2019-02-26,2019-02-27 19:30:00,0.0,0.0,0.00833143014460802,0.024420304223895073
2019-02-26,2019-02-27 19:45:00,0.0,0.0,0.0,0.008626675233244896
2019-02-26,2019-02-27 20:00:00,0.0,0.0,0.018601112067699432,0.0
2019-02-26,2019-02-27 20:15:00,0.0,0.0,0.0,0.01307525672018528
2019-02-26,2019-02-27 20:30:00,0.0,0.0,0.0,0.0
2019-02-26,2019-02-27 20:45:00,0.0,0.0,0.0,0.0
2019-02-26,2019-02-27 21:00:00,0.0,0.0,0.0,0.0
2019-02-26,2019-02-27 21:15:00,0.0,0.0,0.0,0.0
2019-02-26,2019-02-27 21:30:00,0.0,0.0,0.0,0.0
2019-02-26,2019-02-27 21:45:00,0.0,0.0,0.0,0.0
2019-02-26,2019-02-27 22:00:00,0.0,0.0,0.0,0.0
2019-02-26,2019-02-27 22:15:00,0.0,0.0,0.0,0.0
2019-02-26,2019-02-27 22:30:00,0.0,0.0,0.0,0.0
2019-02-26,2019-02-27 22:45:00,0.0,0.0,0.0,0.0
2019-02-26,2019-02-27 23:00:00,0.0,0.06810610741376877,0.0,0.0
2019-02-26,2019-02-27 23:15:00,0.03867200016975403,0.13579076528549194,0.0,0.0
2019-02-26,2019-02-27 23:30:00,0.08437500149011612,0.21200740337371826,0.04551014304161072,0.046174414455890656
2019-02-26,2019-02-27 23:45:00,0.24257799983024597,0.3182363212108612,0.11550459265708923,0.11830424517393112
2019-02-27,2019-02-28 00:00:00,0.3480469882488251,0.15448831021785736,0.27886107563972473,0.34617698192596436
2019-02-27,2019-02-28 00:15:00,0.49921900033950806,0.297973096370697,0.3519209623336792,0.49092093110084534
2019-02-27,2019-02-28 00:30:00,0.6433590054512024,0.4795604646205902,0.4602184295654297,0.598120391368866
2019-02-27,2019-02-28 00:45:00,0.8050780296325684,0.7276071906089783,0.5695338845252991,0.7996609210968018
2019-02-27,2019-02-28 01:00:00,0.9914060235023499,0.8233398795127869,0.7124105095863342,0.9441362023353577
2019-02-27,2019-02-28 01:15:00,1.132030963897705,1.0403565168380737,0.7969148755073547,1.1409459114074707
2019-02-27,2019-02-28 01:30:00,1.3359379768371582,1.296005368232727,0.9445987343788147,1.303449034690857
2019-02-27,2019-02-28 01:45:00,1.4800779819488525,1.48636794090271,1.0619477033615112,1.4723893404006958
2019-02-27,2019-02-28 02:00:00,1.5328119993209839,1.6158887147903442,1.197371482849121,1.629271149635315
2019-02-27,2019-02-28 02:15:00,1.6347659826278687,1.8285698890686035,1.3428230285644531,1.8347879648208618
2019-02-27,2019-02-28 02:30:00,1.8105469942092896,2.029245615005493,1.4189426898956299,1.9402881860733032
2019-02-27,2019-02-28 02:45:00,1.6839840412139893,2.1540069580078125,1.5131863355636597,2.0930628776550293
2019-02-27,2019-02-28 03:00:00,1.638280987739563,2.2880375385284424,1.6293745040893555,2.2515344619750977
2019-02-27,2019-02-28 03:15:00,1.6839840412139893,2.4618442058563232,1.7124083042144775,2.3824400901794434
2019-02-27,2019-02-28 03:30:00,1.9476560354232788,2.6191048622131348,1.7719128131866455,2.4553465843200684
2019-02-27,2019-02-28 03:45:00,1.9652340412139893,2.7295827865600586,1.8691518306732178,2.552548408508301
2019-02-27,2019-02-28 04:00:00,2.133984088897705,2.7883312702178955,1.8990020751953125,2.5753417015075684
2019-02-27,2019-02-28 04:15:00,1.8597660064697266,2.8589138984680176,1.887223720550537,2.6376285552978516
2019-02-27,2019-02-28 04:30:00,1.3851560354232788,2.878103017807007,1.946943759918213,2.6215744018554688
2019-02-27,2019-02-28 04:45:00,1.2761720418930054,2.839792490005493,1.927815556526184,2.640141248703003
2019-02-27,2019-02-28 05:00:00,1.3816410303115845,2.8469932079315186,1.9548457860946655,2.569654941558838
2019-02-27,2019-02-28 05:15:00,1.9863280057907104,2.8406460285186768,1.9146277904510498,2.5472054481506348
2019-02-27,2019-02-28 05:30:00,2.1867189407348633,2.8337459564208984,1.8600212335586548,2.414573907852173
2019-02-27,2019-02-28 05:45:00,2.102344036102295,2.696263551712036,1.8616217374801636,2.350637674331665
2019-02-27,2019-02-28 06:00:00,2.003906011581421,2.607661008834839,1.7910515069961548,2.1492056846618652
2019-02-27,2019-02-28 06:15:00,1.828125,2.5479249954223633,1.709046483039856,2.00984787940979
2019-02-27,2019-02-28 06:30:00,1.6875,2.410378932952881,1.5875990390777588,1.9336074590682983
2019-02-27,2019-02-28 06:45:00,1.6488280296325684,2.2191669940948486,1.5241893529891968,1.8083678483963013
2019-02-27,2019-02-28 07:00:00,1.553905963897705,2.078329086303711,1.3895361423492432,1.6421849727630615
2019-02-27,2019-02-28 07:15:00,1.455469012260437,2.0846970081329346,1.2522386312484741,1.427040457725525
2019-02-27,2019-02-28 07:30:00,1.3921869993209839,1.805478811264038,1.151721477508545,1.319047212600708
2019-02-27,2019-02-28 07:45:00,1.1707030534744263,1.5918469429016113,1.0450891256332397,1.142582654953003
2019-02-27,2019-02-28 08:00:00,1.075780987739563,1.4409397840499878,0.8935961723327637,0.9414498805999756
2019-02-27,2019-02-28 08:15:00,0.8894529938697815,1.308233380317688,0.7582695484161377,0.8369672894477844
2019-02-27,2019-02-28 08:30:00,0.7101560235023499,1.1739925146102905,0.6646226644515991,0.6548357009887695
2019-02-27,2019-02-28 08:45:00,0.541405975818634,1.0023053884506226,0.5394234657287598,0.5576468706130981
2019-02-27,2019-02-28 09:00:00,0.41484400629997253,0.8061084151268005,0.42150941491127014,0.4615359604358673
2019-02-27,2019-02-28 09:15:00,0.2460940033197403,0.6975255012512207,0.33926641941070557,0.3225383758544922
2019-02-27,2019-02-28 09:30:00,0.140625,0.5025601983070374,0.2547356188297272,0.2005036622285843
2019-02-27,2019-02-28 09:45:00,0.05624999850988388,0.4243730306625366,0.18011467158794403,0.1336764395236969
2019-02-27,2019-02-28 10:00:00,0.0,0.28367647528648376,0.1201833188533783,0.05171032249927521
2019-02-27,2019-02-28 10:15:00,0.0,0.17305980622768402,0.07707440108060837,0.05505005642771721
2019-02-27,2019-02-28 10:30:00,0.0,0.1263626217842102,0.04819994792342186,0.0
2019-02-27,2019-02-28 10:45:00,0.0,0.01706000789999962,0.008713552728295326,0.0
2019-02-27,2019-02-28 11:00:00,0.0,0.02151942253112793,0.012641866691410542,0.0
2019-02-27,2019-02-28 11:15:00,0.0,0.002652522409334779,0.0,0.0
2019-02-27,2019-02-28 11:30:00,0.0,0.0,0.0,0.0
2019-02-27,2019-02-28 11:45:00,0.0,0.0,0.0,0.0
2019-02-27,2019-02-28 12:00:00,0.0,0.0,0.0,0.0
2019-02-27,2019-02-28 12:15:00,0.0,0.0,0.0,0.0
2019-02-27,2019-02-28 12:30:00,0.0,0.0,0.0008939969702623785,0.0
2019-02-27,2019-02-28 12:45:00,0.0,0.0,0.0,0.0
2019-02-27,2019-02-28 13:00:00,0.0,0.0,0.0,0.0
2019-02-27,2019-02-28 13:15:00,0.0,0.0,0.0,0.0
2019-02-27,2019-02-28 13:30:00,0.0,0.0,0.001964341849088669,0.0
2019-02-27,2019-02-28 13:45:00,0.0,0.02695285528898239,0.0,0.0
2019-02-27,2019-02-28 14:00:00,0.0,0.049606531858444214,0.0,0.0
2019-02-27,2019-02-28 14:15:00,0.0,0.10111649334430695,0.0,0.0
2019-02-27,2019-02-28 14:30:00,0.0,0.03937278315424919,0.0,0.0
2019-02-27,2019-02-28 14:45:00,0.0,0.003916318062692881,0.0,0.0
2019-02-27,2019-02-28 15:00:00,0.0,0.14634494483470917,0.0,0.0
2019-02-27,2019-02-28 15:15:00,0.0,0.17829111218452454,0.0,0.0
2019-02-27,2019-02-28 15:30:00,0.0,0.00863349623978138,0.0,0.0
2019-02-27,2019-02-28 15:45:00,0.0,0.04468850418925285,0.0,0.0
2019-02-27,2019-02-28 16:00:00,0.0,0.1258014589548111,0.0,0.0
2019-02-27,2019-02-28 16:15:00,0.0,0.11991051584482193,0.008354520425200462,0.0
2019-02-27,2019-02-28 16:30:00,0.0,0.09387792646884918,0.0,0.0
2019-02-27,2019-02-28 16:45:00,0.0,0.0,0.02304149605333805,0.0
2019-02-27,2019-02-28 17:00:00,0.0,0.01591254211962223,0.005352984648197889,0.0
2019-02-27,2019-02-28 17:15:00,0.0,0.0008801551884971559,0.0,0.060997288674116135
2019-02-27,2019-02-28 17:30:00,0.0,0.046996764838695526,0.02112824097275734,0.0
2019-02-27,2019-02-28 17:45:00,0.0,0.0,0.021699514240026474,0.01015821285545826
2019-02-27,2019-02-28 18:00:00,0.0,0.032462578266859055,0.004644558299332857,0.045354101806879044
2019-02-27,2019-02-28 18:15:00,0.0,0.0,0.021139156073331833,0.021893329918384552
2019-02-27,2019-02-28 18:30:00,0.0,0.0,0.009240559302270412,0.012651176191866398
2019-02-27,2019-02-28 18:45:00,0.0,0.0,0.03470427170395851,0.019147541373968124
2019-02-27,2019-02-28 19:00:00,0.0,0.0,0.05557398870587349,0.007110123988240957
2019-02-27,2019-02-28 19:15:00,0.0,0.0,0.021205047145485878,0.1127852201461792
2019-02-27,2019-02-28 19:30:00,0.0,0.011548729613423347,0.027333317324519157,0.019204601645469666
2019-02-27,2019-02-28 19:45:00,0.0,0.0,0.030366260558366776,0.05031651258468628
2019-02-27,2019-02-28 20:00:00,0.0,0.0,0.03975837305188179,0.0
2019-02-27,2019-02-28 20:15:00,0.0,0.07276860624551773,0.009918072260916233,0.010537028312683105
2019-02-27,2019-02-28 20:30:00,0.0,0.0,0.005426825489848852,0.0
2019-02-27,2019-02-28 20:45:00,0.0,0.0,0.008389235474169254,0.0
2019-02-27,2019-02-28 21:00:00,0.0,0.0,0.0,0.0
2019-02-27,2019-02-28 21:15:00,0.0,0.0,0.0,0.0
2019-02-27,2019-02-28 21:30:00,0.0,0.0,0.0,0.0
2019-02-27,2019-02-28 21:45:00,0.0,0.0,0.0,0.0
2019-02-27,2019-02-28 22:00:00,0.0,0.0,0.0,0.0
2019-02-27,2019-02-28 22:15:00,0.0,0.0,0.0,0.0
2019-02-27,2019-02-28 22:30:00,0.0,0.0,0.0,0.0
2019-02-27,2019-02-28 22:45:00,0.0,0.0,0.0,0.0
2019-02-27,2019-02-28 23:00:00,0.0,0.030435247346758842,0.0,0.0
2019-02-27,2019-02-28 23:15:00,0.04570300132036209,0.0899382084608078,0.0,0.0
2019-02-27,2019-02-28 23:30:00,0.11953099817037582,0.1869276612997055,0.04614312946796417,0.0
2019-02-27,2019-02-28 23:45:00,0.2460940033197403,0.31826668977737427,0.10459344834089279,0.05837604030966759
2019-05-24,2019-05-25 00:00:00,1.8949220180511475,1.5962495803833008,1.8883846998214722,1.8414404392242432
2019-05-24,2019-05-25 00:15:00,2.133984088897705,1.8544330596923828,2.0222365856170654,2.041454553604126
2019-05-24,2019-05-25 00:30:00,2.3765621185302734,2.0084497928619385,2.2144501209259033,2.2095203399658203
2019-05-24,2019-05-25 00:45:00,2.6050779819488525,2.109671115875244,2.4689993858337402,2.4149386882781982
2019-05-24,2019-05-25 01:00:00,2.8687500953674316,2.2655036449432373,2.641317129135132,2.5355517864227295
2019-05-24,2019-05-25 01:15:00,3.0796871185302734,2.5057883262634277,2.7754385471343994,2.750943183898926
2019-05-24,2019-05-25 01:30:00,3.244921922683716,2.6828556060791016,2.920842170715332,2.8560631275177
2019-05-24,2019-05-25 01:45:00,3.417186975479126,2.846365213394165,3.118089437484741,2.8634512424468994
2019-05-24,2019-05-25 02:00:00,3.5542969703674316,3.033106803894043,3.2545053958892822,3.0737857818603516
2019-05-24,2019-05-25 02:15:00,3.684375047683716,3.185206890106201,3.391632080078125,3.1445746421813965
2019-05-24,2019-05-25 02:30:00,3.7722649574279785,3.266508102416992,3.424875259399414,3.1875710487365723
2019-05-24,2019-05-25 02:45:00,3.81093692779541,3.4069483280181885,3.529646873474121,3.240657329559326
2019-05-24,2019-05-25 03:00:00,3.8460938930511475,3.5402588844299316,3.5941553115844727,3.359042167663574
2019-05-24,2019-05-25 03:15:00,3.779297113418579,3.5254688262939453,3.587721586227417,3.387732982635498
2019-05-24,2019-05-25 03:30:00,3.726562023162842,3.6649281978607178,3.627512216567993,3.277984619140625
2019-05-24,2019-05-25 03:45:00,3.645703077316284,3.7128818035125732,3.6943728923797607,3.3788251876831055
2019-05-24,2019-05-25 04:00:00,3.645703077316284,3.747075319290161,3.6739511489868164,3.2880945205688477
2019-05-24,2019-05-25 04:15:00,3.6175780296325684,3.800258159637451,3.5883219242095947,3.3374030590057373
2019-05-24,2019-05-25 04:30:00,3.6140620708465576,3.768324851989746,3.6788642406463623,3.328310966491699
2019-05-24,2019-05-25 04:45:00,3.666796922683716,3.8260810375213623,3.6346731185913086,3.2694106101989746
2019-05-24,2019-05-25 05:00:00,3.522655963897705,3.7590765953063965,3.6547842025756836,3.305680751800537
2019-05-24,2019-05-25 05:15:00,3.698436975479126,3.7098796367645264,3.5935239791870117,3.212648391723633
2019-05-24,2019-05-25 05:30:00,3.568358898162842,3.580627918243408,3.574852466583252,3.1936569213867188
2019-05-24,2019-05-25 05:45:00,3.649219036102295,3.6119070053100586,3.629408836364746,3.1063687801361084
2019-05-24,2019-05-25 06:00:00,3.6140620708465576,3.4873266220092773,3.6534311771392822,2.9768218994140625
2019-05-24,2019-05-25 06:15:00,3.4769530296325684,3.3079209327697754,3.5617587566375732,2.9289562702178955
2019-05-24,2019-05-25 06:30:00,3.540234088897705,3.095427989959717,3.412694215774536,2.8936190605163574
2019-05-24,2019-05-25 06:45:00,3.4066410064697266,2.9940693378448486,3.457963705062866,2.814415693283081
2019-05-24,2019-05-25 07:00:00,3.339843988418579,2.7879109382629395,3.298452377319336,2.5682854652404785
2019-05-24,2019-05-25 07:15:00,3.1921870708465576,2.5718955993652344,3.1596667766571045,2.466709852218628
2019-05-24,2019-05-25 07:30:00,3.0093750953674316,2.4967572689056396,3.0736353397369385,2.400516986846924
2019-05-24,2019-05-25 07:45:00,2.7914059162139893,2.1447465419769287,2.8995790481567383,2.239349842071533
2019-05-24,2019-05-25 08:00:00,2.489063024520874,1.8973731994628906,2.595384120941162,1.9306721687316895
2019-05-24,2019-05-25 08:15:00,2.548827886581421,1.70564603805542,2.3795018196105957,1.9498032331466675
2019-05-24,2019-05-25 08:30:00,2.1937499046325684,1.414717197418213,2.1179187297821045,1.5406817197799683
2019-05-24,2019-05-25 08:45:00,1.5679689645767212,1.2369519472122192,1.891750693321228,1.5050749778747559
2019-05-24,2019-05-25 09:00:00,1.4589840173721313,1.123249888420105,1.60799241065979,1.3682688474655151
2019-05-24,2019-05-25 09:15:00,0.6468750238418579,0.8968440890312195,1.3350330591201782,1.181443691253662
2019-05-24,2019-05-25 09:30:00,1.399219036102295,0.7226959466934204,1.0531684160232544,0.9268234372138977
2019-05-24,2019-05-25 09:45:00,0.8964840173721313,0.627255380153656,0.8224314451217651,0.7249594330787659
2019-05-24,2019-05-25 10:00:00,0.611719012260437,0.37632694840431213,0.6333957314491272,0.6794204115867615
2019-05-24,2019-05-25 10:15:00,0.5554689764976501,0.23105837404727936,0.42844900488853455,0.49762725830078125
2019-05-24,2019-05-25 10:30:00,0.14414100348949432,0.2243465781211853,0.28055664896965027,0.28193992376327515
2019-05-24,2019-05-25 10:45:00,0.16875000298023224,0.11467687040567398,0.17789803445339203,0.1938096433877945
2019-05-24,2019-05-25 11:00:00,0.08789099752902985,0.08864560723304749,0.047170378267765045,0.20854733884334564
2019-05-24,2019-05-25 11:15:00,0.0,0.024277247488498688,0.0,0.19475559890270233
2019-05-24,2019-05-25 11:30:00,0.0,0.025478247553110123,0.0,0.07009220868349075
2019-05-24,2019-05-25 11:45:00,0.0,0.11747568100690842,0.0,0.0846073105931282
2019-05-24,2019-05-25 12:00:00,0.0,0.04104418680071831,0.0,0.0015307299327105284
2019-05-24,2019-05-25 12:15:00,0.0,0.09876757860183716,0.0,0.03136076405644417
2019-05-24,2019-05-25 12:30:00,0.0,0.05932461842894554,0.0,0.0
2019-05-24,2019-05-25 12:45:00,0.0,0.1475134938955307,0.0,0.048925306648015976
2019-05-24,2019-05-25 13:00:00,0.0,0.06614593416452408,0.003959039691835642,0.015499160625040531
2019-05-24,2019-05-25 13:15:00,0.0,0.011104798875749111,0.0,0.0
2019-05-24,2019-05-25 13:30:00,0.0,0.0,0.0,0.0
2019-05-24,2019-05-25 13:45:00,0.0,0.0,0.020748313516378403,0.0
2019-05-24,2019-05-25 14:00:00,0.0,0.0,0.0,0.0
2019-05-24,2019-05-25 14:15:00,0.0,0.0,0.0,0.0
2019-05-24,2019-05-25 14:30:00,0.0,0.0,0.0,0.0
2019-05-24,2019-05-25 14:45:00,0.0,0.0,0.0,0.0
2019-05-24,2019-05-25 15:00:00,0.0,0.0,0.0,0.0
2019-05-24,2019-05-25 15:15:00,0.0,0.0,0.0,0.0
2019-05-24,2019-05-25 15:30:00,0.0,0.0,0.0,0.0
2019-05-24,2019-05-25 15:45:00,0.0,0.0,0.0,0.0
2019-05-24,2019-05-25 16:00:00,0.0,0.0,0.0,0.0
2019-05-24,2019-05-25 16:15:00,0.0,0.0,0.01039820909500122,0.0
2019-05-24,2019-05-25 16:30:00,0.0,0.0,0.0,0.0
2019-05-24,2019-05-25 16:45:00,0.0,0.0,0.0,0.0
2019-05-24,2019-05-25 17:00:00,0.0,0.0,0.0,0.0
2019-05-24,2019-05-25 17:15:00,0.0,0.03927535563707352,0.0,0.04303385689854622
2019-05-24,2019-05-25 17:30:00,0.0,0.0,0.01610560715198517,0.0
2019-05-24,2019-05-25 17:45:00,0.0,0.0,0.0,0.0
2019-05-24,2019-05-25 18:00:00,0.0,0.0,0.045411258935928345,0.017182162031531334
2019-05-24,2019-05-25 18:15:00,0.0,0.0,0.0,0.0
2019-05-24,2019-05-25 18:30:00,0.0,0.0,0.019920378923416138,0.0
2019-05-24,2019-05-25 18:45:00,0.0,0.009558422490954399,0.046365514397621155,0.0
2019-05-24,2019-05-25 19:00:00,0.0,0.03118419647216797,0.032832928001880646,0.0
2019-05-24,2019-05-25 19:15:00,0.0,0.028691118583083153,0.010341227054595947,0.08162747323513031
2019-05-24,2019-05-25 19:30:00,0.0,0.027057360857725143,0.01317258644849062,0.05418456718325615
2019-05-24,2019-05-25 19:45:00,0.0,0.0692732185125351,0.026789572089910507,0.0974719300866127
2019-05-24,2019-05-25 20:00:00,0.0,0.01288769580423832,0.03629850968718529,0.011996862478554249
2019-05-24,2019-05-25 20:15:00,0.0,0.04921993985772133,0.005375082138925791,0.027631808072328568
2019-05-24,2019-05-25 20:30:00,0.0,0.11139443516731262,0.0,0.08659525960683823
2019-05-24,2019-05-25 20:45:00,0.0,0.08531324565410614,0.0,0.14793364703655243
2019-05-24,2019-05-25 21:00:00,0.0,0.0953613817691803,0.020687783136963844,0.26599958539009094
2019-05-24,2019-05-25 21:15:00,0.0,0.08507375419139862,0.014073903672397137,0.024015111848711967
2019-05-24,2019-05-25 21:30:00,0.05624999850988388,0.12282168865203857,0.0031204766128212214,0.09000808000564575
2019-05-24,2019-05-25 21:45:00,0.1300780028104782,0.13552546501159668,0.03406250849366188,0.15487359464168549
2019-05-24,2019-05-25 22:00:00,0.24960899353027344,0.2376730889081955,0.06413935124874115,0.16390082240104675
2019-05-24,2019-05-25 22:15:00,0.3550780117511749,0.33358895778656006,0.09929036349058151,0.23643913865089417
2019-05-24,2019-05-25 22:30:00,0.541405975818634,0.4064181447029114,0.20371657609939575,0.193185955286026
2019-05-24,2019-05-25 22:45:00,0.7734379768371582,0.4658186733722687,0.32751765847206116,0.4065338373184204
2019-05-24,2019-05-25 23:00:00,0.9527339935302734,0.58746337890625,0.4456591010093689,0.4542611539363861
2019-05-24,2019-05-25 23:15:00,1.033594012260437,0.7448790073394775,0.5872604846954346,0.5900880098342896
2019-05-24,2019-05-25 23:30:00,1.209375023841858,0.8521829843521118,0.7844160199165344,0.6946118474006653
2019-05-24,2019-05-25 23:45:00,1.4730470180511475,1.0165005922317505,0.9618691802024841,0.7489178776741028
2019-05-25,2019-05-26 00:00:00,1.6734369993209839,1.679334282875061,1.2948987483978271,1.2958860397338867
2019-05-25,2019-05-26 00:15:00,1.9582029581069946,1.9687379598617554,1.4187490940093994,1.4524284601211548
2019-05-25,2019-05-26 00:30:00,1.5996090173721313,2.1456618309020996,1.5269739627838135,1.622584342956543
2019-05-25,2019-05-26 00:45:00,2.0882809162139893,2.2286014556884766,1.694317102432251,1.8269959688186646
2019-05-25,2019-05-26 01:00:00,2.6121089458465576,2.4817299842834473,1.7888299226760864,1.9284796714782715
2019-05-25,2019-05-26 01:15:00,2.784374952316284,2.6849770545959473,1.9236934185028076,2.058079242706299
2019-05-25,2019-05-26 01:30:00,2.661328077316284,2.9580390453338623,2.0562117099761963,2.2319447994232178
2019-05-25,2019-05-26 01:45:00,3.0128910541534424,2.997706651687622,2.2095491886138916,2.283792018890381
2019-05-25,2019-05-26 02:00:00,3.487499952316284,3.073918342590332,2.298673391342163,2.3294262886047363
2019-05-25,2019-05-26 02:15:00,1.9546869993209839,3.3125367164611816,2.4377758502960205,2.5073697566986084
2019-05-25,2019-05-26 02:30:00,3.2554690837860107,3.502157688140869,2.5188136100769043,2.5883710384368896
2019-05-25,2019-05-26 02:45:00,3.5613279342651367,3.6500885486602783,2.5996086597442627,2.7132675647735596
2019-05-25,2019-05-26 03:00:00,1.9652340412139893,3.7503325939178467,2.709441900253296,2.774606943130493
2019-05-25,2019-05-26 03:15:00,2.337891101837158,3.8024518489837646,2.7794113159179688,2.7833521366119385
2019-05-25,2019-05-26 03:30:00,2.5101559162139893,3.868312120437622,2.8524529933929443,2.790631055831909
2019-05-25,2019-05-26 03:45:00,2.12343692779541,3.907902479171753,2.955195188522339,2.931276798248291
2019-05-25,2019-05-26 04:00:00,3.2941410541534424,3.9324424266815186,2.9042141437530518,2.922459602355957
2019-05-25,2019-05-26 04:15:00,3.2660160064697266,3.941290855407715,2.8735928535461426,2.885004997253418
2019-05-25,2019-05-26 04:30:00,2.373047113418579,3.930824041366577,2.9886481761932373,3.073507308959961
2019-05-25,2019-05-26 04:45:00,3.779297113418579,3.978360414505005,2.8813769817352295,2.9862117767333984
2019-05-25,2019-05-26 05:00:00,3.4910149574279785,3.980015754699707,2.954847574234009,3.0187621116638184
2019-05-25,2019-05-26 05:15:00,3.287108898162842,3.968282699584961,2.9278101921081543,2.9951424598693848
2019-05-25,2019-05-26 05:30:00,2.696484088897705,3.7943906784057617,2.956111431121826,3.0687732696533203
2019-05-25,2019-05-26 05:45:00,1.3957029581069946,3.868406295776367,2.964095115661621,2.9961624145507812
2019-05-25,2019-05-26 06:00:00,2.647265911102295,3.6965415477752686,2.9486615657806396,2.893733024597168
2019-05-25,2019-05-26 06:15:00,1.7613279819488525,3.5688488483428955,2.8826515674591064,2.8392322063446045
2019-05-25,2019-05-26 06:30:00,2.96718692779541,3.326324462890625,2.827420473098755,2.789125442504883
2019-05-25,2019-05-26 06:45:00,2.8968749046325684,3.256242275238037,2.831184148788452,2.6554079055786133
2019-05-25,2019-05-26 07:00:00,2.6578121185302734,2.976039171218872,2.7790920734405518,2.5054221153259277
2019-05-25,2019-05-26 07:15:00,2.661328077316284,2.7901201248168945,2.627918243408203,2.314283609390259
2019-05-25,2019-05-26 07:30:00,2.489063024520874,2.6316769123077393,2.570631980895996,2.2545793056488037
2019-05-25,2019-05-26 07:45:00,0.48515599966049194,2.3691158294677734,2.4262030124664307,1.9757643938064575
2019-05-25,2019-05-26 08:00:00,0.5273439884185791,1.9788743257522583,2.1437528133392334,1.7216095924377441
2019-05-25,2019-05-26 08:15:00,0.7804690003395081,1.813224196434021,1.9557770490646362,1.541880488395691
2019-05-25,2019-05-26 08:30:00,0.24960899353027344,1.539911150932312,1.7806769609451294,1.2271026372909546
2019-05-25,2019-05-26 08:45:00,1.2023439407348633,1.333162784576416,1.4768116474151611,1.1675708293914795
2019-05-25,2019-05-26 09:00:00,1.2761720418930054,1.2881431579589844,1.2757214307785034,0.9550889730453491
2019-05-25,2019-05-26 09:15:00,1.2339839935302734,1.0399501323699951,1.0149344205856323,0.7475028038024902
2019-05-25,2019-05-26 09:30:00,0.9175779819488525,0.822184681892395,0.7873180508613586,0.5381891131401062
2019-05-25,2019-05-26 09:45:00,0.46054700016975403,0.6772298812866211,0.5834060907363892,0.4083310663700104
2019-05-25,2019-05-26 10:00:00,0.42890599370002747,0.5231623649597168,0.3969871997833252,0.3076951503753662
2019-05-25,2019-05-26 10:15:00,0.5519530177116394,0.3495362102985382,0.26754704117774963,0.21207289397716522
2019-05-25,2019-05-26 10:30:00,0.052733998745679855,0.24598513543605804,0.18365943431854248,0.10610749572515488
2019-05-25,2019-05-26 10:45:00,0.0,0.22820143401622772,0.053817011415958405,0.0980096384882927
2019-05-25,2019-05-26 11:00:00,0.0,0.17184466123580933,0.0,0.10780372470617294
2019-05-25,2019-05-26 11:15:00,0.0,0.129363551735878,0.0,0.144497811794281
2019-05-25,2019-05-26 11:30:00,0.0,0.07276100665330887,0.0,0.03940228000283241
2019-05-25,2019-05-26 11:45:00,0.0,0.06874530762434006,0.0,0.04142538830637932
2019-05-25,2019-05-26 12:00:00,0.0,0.09349734336137772,0.0,0.02874494530260563
2019-05-25,2019-05-26 12:15:00,0.0,0.10933244228363037,0.05803392827510834,0.0625285804271698
2019-05-25,2019-05-26 12:30:00,0.0,0.18060638010501862,0.08448956161737442,0.024276794865727425
2019-05-25,2019-05-26 12:45:00,0.0,0.1962970346212387,0.07361585646867752,0.03680124878883362
2019-05-25,2019-05-26 13:00:00,0.0,0.1619201898574829,0.10912194103002548,0.05794557183980942
2019-05-25,2019-05-26 13:15:00,0.0,0.029518792405724525,0.13283388316631317,0.01848667487502098
2019-05-25,2019-05-26 13:30:00,0.0,0.09311994910240173,0.15401220321655273,0.0
2019-05-25,2019-05-26 13:45:00,0.0,0.08217638731002808,0.17073671519756317,0.013673082925379276
2019-05-25,2019-05-26 14:00:00,0.0,0.0,0.07600118964910507,0.0
2019-05-25,2019-05-26 14:15:00,0.0,0.0,0.07318359613418579,0.03150711953639984
2019-05-25,2019-05-26 14:30:00,0.0,0.10656104236841202,0.016952678561210632,0.0
2019-05-25,2019-05-26 14:45:00,0.0,0.014987533912062645,0.0,0.05809935927391052
2019-05-25,2019-05-26 15:00:00,0.0,0.0,0.0,0.032695043832063675
2019-05-25,2019-05-26 15:15:00,0.0,0.005338541232049465,0.0,0.06393308192491531
2019-05-25,2019-05-26 15:30:00,0.0,0.03486141189932823,0.0,0.0
2019-05-25,2019-05-26 15:45:00,0.0,0.030371546745300293,0.0,0.011446368880569935
2019-05-25,2019-05-26 16:00:00,0.0,0.0,0.0,0.100740447640419
2019-05-25,2019-05-26 16:15:00,0.0,0.0,0.0,0.02850237488746643
2019-05-25,2019-05-26 16:30:00,0.0,0.0,0.0,0.05232551321387291
2019-05-25,2019-05-26 16:45:00,0.0,0.0,0.012200050055980682,0.10823042690753937
2019-05-25,2019-05-26 17:00:00,0.0,0.0,0.0,0.12030375748872757
2019-05-25,2019-05-26 17:15:00,0.0,0.0,0.0,0.10442055761814117
2019-05-25,2019-05-26 17:30:00,0.0,0.0,0.0,0.022838667035102844
2019-05-25,2019-05-26 17:45:00,0.0,0.0,0.006034426856786013,0.15193063020706177
2019-05-25,2019-05-26 18:00:00,0.0,0.0,0.06981871277093887,0.14693982899188995
2019-05-25,2019-05-26 18:15:00,0.0,0.0,0.0,0.045263323932886124
2019-05-25,2019-05-26 18:30:00,0.0,0.0,0.0,0.07050108164548874
2019-05-25,2019-05-26 18:45:00,0.0,0.0,0.0,0.06924068182706833
2019-05-25,2019-05-26 19:00:00,0.0,0.0,0.0,0.02003243751823902
2019-05-25,2019-05-26 19:15:00,0.0,0.0,0.005102741997689009,0.07737644761800766
2019-05-25,2019-05-26 19:30:00,0.0,0.0,0.0,0.0
2019-05-25,2019-05-26 19:45:00,0.0,0.0,0.0,0.0
2019-05-25,2019-05-26 20:00:00,0.0,0.0,0.0,0.0
2019-05-25,2019-05-26 20:15:00,0.0,0.0,0.0,0.0
2019-05-25,2019-05-26 20:30:00,0.0,0.0,0.0,0.0
2019-05-25,2019-05-26 20:45:00,0.0,0.0,0.0,0.0
2019-05-25,2019-05-26 21:00:00,0.0,0.0871337428689003,0.05280818045139313,0.045120492577552795
2019-05-25,2019-05-26 21:15:00,0.014062000438570976,0.19844740629196167,0.10449808090925217,0.019594183191657066
2019-05-25,2019-05-26 21:30:00,0.021093999966979027,0.1232304498553276,0.09572909027338028,0.07519897073507309
2019-05-25,2019-05-26 21:45:00,0.1757809966802597,0.15288285911083221,0.15706513822078705,0.20198370516300201
2019-05-25,2019-05-26 22:00:00,0.291797012090683,0.25648486614227295,0.20423078536987305,0.3362084627151489
2019-05-25,2019-05-26 22:15:00,0.4675779938697815,0.45391470193862915,0.31094181537628174,0.5793106555938721
2019-05-25,2019-05-26 22:30:00,0.5695310235023499,0.4227719008922577,0.4181976318359375,0.7806118726730347
2019-05-25,2019-05-26 22:45:00,1.0300780534744263,0.5597325563430786,0.479714572429657,1.0902565717697144
2019-05-25,2019-05-26 23:00:00,1.3957029581069946,0.7913359999656677,0.6859883069992065,1.3343703746795654
2019-05-25,2019-05-26 23:15:00,1.4273439645767212,1.007628321647644,0.7418685555458069,1.598396897315979
2019-05-25,2019-05-26 23:30:00,1.8562500476837158,1.0981892347335815,0.9667194485664368,1.87118661403656
2019-05-25,2019-05-26 23:45:00,2.1585938930511475,1.2697175741195679,1.095410943031311,2.020684242248535
2019-05-26,2019-05-27 00:00:00,1.8878910541534424,2.268296003341675,2.382097005844116,2.383842945098877
2019-05-26,2019-05-27 00:15:00,1.863281011581421,2.615612268447876,2.63344407081604,2.694345235824585
2019-05-26,2019-05-27 00:30:00,2.700000047683716,2.876098871231079,2.966019630432129,2.9995617866516113
2019-05-26,2019-05-27 00:45:00,2.9390621185302734,2.974520444869995,3.3421318531036377,3.386220693588257
2019-05-26,2019-05-27 01:00:00,3.550781011581421,3.2634243965148926,3.5819551944732666,3.6287498474121094
2019-05-26,2019-05-27 01:15:00,3.8425779342651367,3.5521979331970215,3.8080430030822754,3.7614006996154785
2019-05-26,2019-05-27 01:30:00,3.8425779342651367,3.76993465423584,4.039488792419434,4.070467948913574
2019-05-26,2019-05-27 01:45:00,4.23281192779541,3.8169353008270264,4.235467910766602,4.210325717926025
2019-05-26,2019-05-27 02:00:00,4.545702934265137,3.9213790893554688,4.374752998352051,4.492884635925293
2019-05-26,2019-05-27 02:15:00,4.682812213897705,4.138635635375977,4.517174243927002,4.5822529792785645
2019-05-26,2019-05-27 02:30:00,4.633594036102295,4.356775283813477,4.529401779174805,4.674224853515625
2019-05-26,2019-05-27 02:45:00,4.7390618324279785,4.369708061218262,4.568880558013916,4.697390556335449
2019-05-26,2019-05-27 03:00:00,4.900781154632568,4.40435791015625,4.574599266052246,4.822134017944336
2019-05-26,2019-05-27 03:15:00,4.964062213897705,4.470736980438232,4.5499444007873535,4.82099723815918
2019-05-26,2019-05-27 03:30:00,4.92539119720459,4.606990814208984,4.474749565124512,4.872446537017822
2019-05-26,2019-05-27 03:45:00,4.865624904632568,4.553953170776367,4.56791353225708,4.91022253036499
2019-05-26,2019-05-27 04:00:00,4.798828125,4.539655685424805,4.440066814422607,4.8316521644592285
2019-05-26,2019-05-27 04:15:00,4.6160149574279785,4.483829498291016,4.300685405731201,4.847855091094971
2019-05-26,2019-05-27 04:30:00,4.50351619720459,4.456724166870117,4.369305610656738,4.7532172203063965
2019-05-26,2019-05-27 04:45:00,4.387499809265137,4.524756908416748,4.2247419357299805,4.713953495025635
2019-05-26,2019-05-27 05:00:00,4.278514862060547,4.366835117340088,4.22545051574707,4.56798791885376
2019-05-26,2019-05-27 05:15:00,4.36289119720459,4.341416835784912,4.150221824645996,4.498764991760254
2019-05-26,2019-05-27 05:30:00,4.187108993530273,4.129993438720703,4.071356773376465,4.376746654510498
2019-05-26,2019-05-27 05:45:00,4.169530868530273,4.212342262268066,4.085527420043945,4.2512288093566895
2019-05-26,2019-05-27 06:00:00,3.9410150051116943,3.9703497886657715,4.032891750335693,4.126519680023193
2019-05-26,2019-05-27 06:15:00,3.6421871185302734,3.829482316970825,3.895033121109009,3.8956987857818604
2019-05-26,2019-05-27 06:30:00,3.4769530296325684,3.5965301990509033,3.720628023147583,3.772113084793091
2019-05-26,2019-05-27 06:45:00,2.7281250953674316,3.4600515365600586,3.6882987022399902,3.5568249225616455
2019-05-26,2019-05-27 07:00:00,1.2199219465255737,3.190213680267334,3.512277841567993,3.3251736164093018
2019-05-26,2019-05-27 07:15:00,3.8882811069488525,2.9293389320373535,3.2990262508392334,3.075011730194092
2019-05-26,2019-05-27 07:30:00,3.5929689407348633,2.793083429336548,3.1999220848083496,2.9295759201049805
2019-05-26,2019-05-27 07:45:00,3.4699220657348633,2.461840867996216,3.0070993900299072,2.6465535163879395
2019-05-26,2019-05-27 08:00:00,2.5101559162139893,2.1099393367767334,2.661452293395996,2.3142478466033936
2019-05-26,2019-05-27 08:15:00,2.0179688930511475,1.968436360359192,2.407358407974243,2.0158638954162598
2019-05-26,2019-05-27 08:30:00,2.1691410541534424,1.62301766872406,2.154365062713623,1.7901638746261597
2019-05-26,2019-05-27 08:45:00,2.2113280296325684,1.386248230934143,1.8715825080871582,1.5358397960662842
2019-05-26,2019-05-27 09:00:00,0.935155987739563,1.300370454788208,1.5798149108886719,1.240134358406067
2019-05-26,2019-05-27 09:15:00,1.40625,0.9794869422912598,1.2745460271835327,0.9327336549758911
2019-05-26,2019-05-27 09:30:00,1.0863280296325684,0.7584844827651978,1.0213696956634521,0.7075325846672058
2019-05-26,2019-05-27 09:45:00,0.9527339935302734,0.6178034543991089,0.7739995121955872,0.4916585087776184
2019-05-26,2019-05-27 10:00:00,0.6433590054512024,0.4332226812839508,0.569957435131073,0.3427833616733551
2019-05-26,2019-05-27 10:15:00,0.5871090292930603,0.19866755604743958,0.3750942051410675,0.24632348120212555
2019-05-26,2019-05-27 10:30:00,0.48515599966049194,0.14228136837482452,0.22144268453121185,0.1744789332151413
2019-05-26,2019-05-27 10:45:00,0.40781301259994507,0.08561664819717407,0.08498229831457138,0.06381913274526596
2019-05-26,2019-05-27 11:00:00,0.2003909945487976,0.05658753216266632,0.019274817779660225,0.0126555897295475
2019-05-26,2019-05-27 11:15:00,0.007031000219285488,0.07627197355031967,0.0,0.0
2019-05-26,2019-05-27 11:30:00,0.0,0.0,0.0,0.0
2019-05-26,2019-05-27 11:45:00,0.0,0.0786605030298233,0.0,0.0
2019-05-26,2019-05-27 12:00:00,0.0,0.11357195675373077,0.0,0.0
2019-05-26,2019-05-27 12:15:00,0.0,0.11749263107776642,0.0,0.0
2019-05-26,2019-05-27 12:30:00,0.0,0.17630241811275482,0.0,0.0
2019-05-26,2019-05-27 12:45:00,0.0,0.21921971440315247,0.0,0.0
2019-05-26,2019-05-27 13:00:00,0.0,0.16624419391155243,0.048906825482845306,0.0
2019-05-26,2019-05-27 13:15:00,0.0,0.06899578124284744,0.027692627161741257,0.0
2019-05-26,2019-05-27 13:30:00,0.0,0.031195636838674545,0.06113789603114128,0.0
2019-05-26,2019-05-27 13:45:00,0.0,0.10869988799095154,0.06807214021682739,0.0
2019-05-26,2019-05-27 14:00:00,0.0,0.0,0.008294605650007725,0.0
2019-05-26,2019-05-27 14:15:00,0.0,0.0,0.035459473729133606,0.01601245440542698
2019-05-26,2019-05-27 14:30:00,0.0,0.03727547079324722,0.0,0.06781037151813507
2019-05-26,2019-05-27 14:45:00,0.0,0.002368999645113945,0.0,0.0
2019-05-26,2019-05-27 15:00:00,0.0,0.0,0.0,0.00962186511605978
2019-05-26,2019-05-27 15:15:00,0.0,0.0,0.0,0.04666405916213989
2019-05-26,2019-05-27 15:30:00,0.0,0.0,0.0,0.06388705223798752
2019-05-26,2019-05-27 15:45:00,0.0,0.0,0.0,0.023066112771630287
2019-05-26,2019-05-27 16:00:00,0.0,0.0,0.0,0.0062187169678509235
2019-05-26,2019-05-27 16:15:00,0.0,0.0,0.0,0.0
2019-05-26,2019-05-27 16:30:00,0.0,0.0,0.0,0.03579133003950119
2019-05-26,2019-05-27 16:45:00,0.0,0.0,0.0,0.057237688452005386
2019-05-26,2019-05-27 17:00:00,0.0,0.0,0.0,0.14986106753349304
2019-05-26,2019-05-27 17:15:00,0.0,0.0,0.0,0.1419420838356018
2019-05-26,2019-05-27 17:30:00,0.0,0.0,0.0,0.05083838477730751
2019-05-26,2019-05-27 17:45:00,0.0,0.0,0.02099066600203514,0.16332833468914032
2019-05-26,2019-05-27 18:00:00,0.0,0.00957163143903017,0.07014348357915878,0.11505721509456635
2019-05-26,2019-05-27 18:15:00,0.0,0.04619178920984268,0.01316335890442133,0.08311763405799866
2019-05-26,2019-05-27 18:30:00,0.0,0.10545147210359573,0.024593999609351158,0.0850776955485344
2019-05-26,2019-05-27 18:45:00,0.0,0.11496705561876297,0.04538847133517265,0.0
2019-05-26,2019-05-27 19:00:00,0.0,0.09361089766025543,0.06274256855249405,0.0
2019-05-26,2019-05-27 19:15:00,0.0,0.09597858786582947,0.040747977793216705,0.02884790487587452
2019-05-26,2019-05-27 19:30:00,0.0,0.0752580463886261,0.038151901215314865,0.0
2019-05-26,2019-05-27 19:45:00,0.0,0.08871649950742722,0.07324044406414032,0.0
2019-05-26,2019-05-27 20:00:00,0.0,0.10185707360506058,0.04593629017472267,0.0
2019-05-26,2019-05-27 20:15:00,0.0,0.0,0.01464836671948433,0.0
2019-05-26,2019-05-27 20:30:00,0.0,0.12779445946216583,0.006978246383368969,0.0
2019-05-26,2019-05-27 20:45:00,0.0,0.04638931155204773,0.0,0.0
2019-05-26,2019-05-27 21:00:00,0.0,0.11307089030742645,0.041475992649793625,0.0
2019-05-26,2019-05-27 21:15:00,0.042187999933958054,0.2041674107313156,0.07005578279495239,0.01453026570379734
2019-05-26,2019-05-27 21:30:00,0.1757809966802597,0.14361074566841125,0.0828917995095253,0.022323038429021835
2019-05-26,2019-05-27 21:45:00,0.22499999403953552,0.15920262038707733,0.12053951621055603,0.06495046615600586
2019-05-26,2019-05-27 22:00:00,0.330469012260437,0.25246116518974304,0.17868854105472565,0.24845363199710846
2019-05-26,2019-05-27 22:15:00,0.4781250059604645,0.4617754817008972,0.2448083460330963,0.39147624373435974
2019-05-26,2019-05-27 22:30:00,0.703125,0.5059073567390442,0.414508581161499,0.6543969511985779
2019-05-26,2019-05-27 22:45:00,0.935155987739563,0.669660210609436,0.5720487833023071,0.8841886520385742
2019-05-26,2019-05-27 23:00:00,1.2269530296325684,0.857560396194458,0.8175932168960571,1.150668978691101
2019-05-26,2019-05-27 23:15:00,1.539844036102295,1.155547022819519,0.9939057230949402,1.4158872365951538
2019-05-26,2019-05-27 23:30:00,1.8562500476837158,1.3072549104690552,1.3085764646530151,1.79094398021698
2019-05-26,2019-05-27 23:45:00,2.12343692779541,1.5351604223251343,1.5816924571990967,1.9895684719085693
2019-05-27,2019-05-28 00:00:00,2.4117190837860107,2.1618199348449707,2.387967824935913,2.48580265045166
2019-05-27,2019-05-28 00:15:00,2.682421922683716,2.497474193572998,2.6157712936401367,2.7663424015045166
2019-05-27,2019-05-28 00:30:00,2.9214839935302734,2.7450122833251953,2.9184744358062744,3.0940918922424316
2019-05-27,2019-05-28 00:45:00,3.164062023162842,2.827667474746704,3.225740671157837,3.470036268234253
2019-05-27,2019-05-28 01:00:00,3.3714840412139893,3.066739797592163,3.4326226711273193,3.7098641395568848
2019-05-27,2019-05-28 01:15:00,3.5789060592651367,3.372743844985962,3.622021436691284,3.8828794956207275
2019-05-27,2019-05-28 01:30:00,3.7195310592651367,3.5766265392303467,3.8366665840148926,4.231045722961426
2019-05-27,2019-05-28 01:45:00,3.8953120708465576,3.6458520889282227,4.022034168243408,4.399013042449951
2019-05-27,2019-05-28 02:00:00,4.004296779632568,3.7831363677978516,4.124217510223389,4.765890598297119
2019-05-27,2019-05-28 02:15:00,3.9375,3.998201847076416,4.2673773765563965,4.814754009246826
2019-05-27,2019-05-28 02:30:00,4.018359184265137,4.208212375640869,4.279677867889404,4.948779582977295
2019-05-27,2019-05-28 02:45:00,4.095703125,4.2134222984313965,4.342517852783203,4.980432987213135
2019-05-27,2019-05-28 03:00:00,4.130858898162842,4.279176235198975,4.389500141143799,5.175321102142334
2019-05-27,2019-05-28 03:15:00,4.229297161102295,4.335685729980469,4.347479820251465,5.139159679412842
2019-05-27,2019-05-28 03:30:00,4.257421970367432,4.502806663513184,4.3215203285217285,5.365240573883057
2019-05-27,2019-05-28 03:45:00,4.267969131469727,4.480829238891602,4.407613754272461,5.309049606323242
2019-05-27,2019-05-28 04:00:00,4.21523380279541,4.471980094909668,4.330596446990967,5.248653411865234
2019-05-27,2019-05-28 04:15:00,4.225780963897705,4.435251235961914,4.211766242980957,5.407712459564209
2019-05-27,2019-05-28 04:30:00,4.123827934265137,4.417375087738037,4.311591148376465,5.25937557220459
2019-05-27,2019-05-28 04:45:00,4.106249809265137,4.489552021026611,4.192704200744629,5.312491416931152
2019-05-27,2019-05-28 05:00:00,4.162499904632568,4.3238911628723145,4.217489242553711,5.117837429046631
2019-05-27,2019-05-28 05:15:00,4.141406059265137,4.3052825927734375,4.169386386871338,5.209706783294678
2019-05-27,2019-05-28 05:30:00,4.123827934265137,4.115086555480957,4.121753692626953,4.954087257385254
2019-05-27,2019-05-28 05:45:00,4.088672161102295,4.219745635986328,4.188722133636475,4.928081512451172
2019-05-27,2019-05-28 06:00:00,4.011328220367432,3.9878454208374023,4.176568508148193,4.834121227264404
2019-05-27,2019-05-28 06:15:00,3.9691410064697266,3.857497215270996,4.0545806884765625,4.654694557189941
2019-05-27,2019-05-28 06:30:00,3.979686975479126,3.6439297199249268,3.912341594696045,4.547413349151611
2019-05-27,2019-05-28 06:45:00,3.8460938930511475,3.5136427879333496,3.9339635372161865,4.476221084594727
2019-05-27,2019-05-28 07:00:00,3.761718988418579,3.270214557647705,3.755770444869995,4.282988548278809
2019-05-27,2019-05-28 07:15:00,3.6140620708465576,3.0190796852111816,3.5770583152770996,3.9534661769866943
2019-05-27,2019-05-28 07:30:00,3.4242188930511475,2.9046242237091064,3.476666212081909,3.8382232189178467
2019-05-27,2019-05-28 07:45:00,3.216797113418579,2.559563159942627,3.2746224403381348,3.709474563598633
2019-05-27,2019-05-28 08:00:00,3.0269529819488525,2.2414021492004395,2.952359676361084,3.3413143157958984
2019-05-27,2019-05-28 08:15:00,2.7703120708465576,2.105346918106079,2.701324939727783,3.031352996826172
2019-05-27,2019-05-28 08:30:00,2.53125,1.7621890306472778,2.398491621017456,2.8001034259796143
2019-05-27,2019-05-28 08:45:00,2.267577886581421,1.5309314727783203,2.1139206886291504,2.4421682357788086
2019-05-27,2019-05-28 09:00:00,1.96875,1.4371393918991089,1.811161994934082,2.1183505058288574
2019-05-27,2019-05-28 09:15:00,1.6734369993209839,1.102078914642334,1.4734368324279785,1.7832123041152954
2019-05-27,2019-05-28 09:30:00,1.3675780296325684,0.8887258768081665,1.1715580224990845,1.4759351015090942
2019-05-27,2019-05-28 09:45:00,1.068750023841858,0.7464970946311951,0.8882176280021667,1.1734684705734253
2019-05-27,2019-05-28 10:00:00,0.8015620112419128,0.526253879070282,0.6785753965377808,0.8598158955574036
2019-05-27,2019-05-28 10:15:00,0.5484369993209839,0.27633678913116455,0.46926578879356384,0.6959785223007202
2019-05-27,2019-05-28 10:30:00,0.26718801259994507,0.22492681443691254,0.3116927146911621,0.5164687633514404
2019-05-27,2019-05-28 10:45:00,0.15820300579071045,0.14421699941158295,0.14544154703617096,0.3300466537475586
2019-05-27,2019-05-28 11:00:00,0.10195299983024597,0.10399691015481949,0.05043726786971092,0.15764591097831726
2019-05-27,2019-05-28 11:15:00,0.014062000438570976,0.11296036094427109,0.0,0.0
2019-05-27,2019-05-28 11:30:00,0.0,0.0086913937702775,0.0,0.0
2019-05-27,2019-05-28 11:45:00,0.0,0.10508470237255096,0.0,0.0
2019-05-27,2019-05-28 12:00:00,0.0,0.12097810953855515,0.0,0.0
2019-05-27,2019-05-28 12:15:00,0.0,0.12619300186634064,0.0,0.0
2019-05-27,2019-05-28 12:30:00,0.0,0.14398814737796783,0.0,0.0
2019-05-27,2019-05-28 12:45:00,0.0,0.20883792638778687,0.0,0.0
2019-05-27,2019-05-28 13:00:00,0.0,0.1303645521402359,0.07554622739553452,0.0
2019-05-27,2019-05-28 13:15:00,0.0,0.055298373103141785,0.023271482437849045,0.0
2019-05-27,2019-05-28 13:30:00,0.0,0.0,0.07162375748157501,0.0
2019-05-27,2019-05-28 13:45:00,0.0,0.09473410248756409,0.08166254311800003,0.0
2019-05-27,2019-05-28 14:00:00,0.0,0.0,0.004844145383685827,0.0
2019-05-27,2019-05-28 14:15:00,0.0,0.0,0.04291987046599388,0.0056030526757240295
2019-05-27,2019-05-28 14:30:00,0.0,0.027175141498446465,0.0035372041165828705,0.06149345263838768
2019-05-27,2019-05-28 14:45:00,0.0,0.0008082868880592287,0.0,0.002428924199193716
2019-05-27,2019-05-28 15:00:00,0.0,0.0,0.0,0.03663058206439018
2019-05-27,2019-05-28 15:15:00,0.0,0.0,0.0,0.035422325134277344
2019-05-27,2019-05-28 15:30:00,0.0,0.0,0.0,0.08343736827373505
2019-05-27,2019-05-28 15:45:00,0.0,0.0,0.0,0.022153645753860474
2019-05-27,2019-05-28 16:00:00,0.0,0.0,0.0,0.0
2019-05-27,2019-05-28 16:15:00,0.0,0.0,0.0,0.0
2019-05-27,2019-05-28 16:30:00,0.0,0.0,0.0,0.02436249516904354
2019-05-27,2019-05-28 16:45:00,0.0,0.0,0.0,0.07623714208602905
2019-05-27,2019-05-28 17:00:00,0.0,0.0,0.0,0.13722477853298187
2019-05-27,2019-05-28 17:15:00,0.0,0.0,0.0,0.13890340924263
2019-05-27,2019-05-28 17:30:00,0.0,0.0,0.01630994863808155,0.056295428425073624
2019-05-27,2019-05-28 17:45:00,0.0,0.0,0.028943130746483803,0.13401661813259125
2019-05-27,2019-05-28 18:00:00,0.0,0.0014809025451540947,0.06755264103412628,0.17802463471889496
2019-05-27,2019-05-28 18:15:00,0.0,0.0016129114665091038,0.018076183274388313,0.056923046708106995
2019-05-27,2019-05-28 18:30:00,0.0,0.07020333409309387,0.04008328542113304,0.08329275995492935
2019-05-27,2019-05-28 18:45:00,0.0,0.09490808844566345,0.047868452966213226,0.0
2019-05-27,2019-05-28 19:00:00,0.0,0.0643862932920456,0.056951627135276794,0.0
2019-05-27,2019-05-28 19:15:00,0.0,0.07945270836353302,0.024762148037552834,0.019615262746810913
2019-05-27,2019-05-28 19:30:00,0.0,0.048028185963630676,0.012497193180024624,0.0
2019-05-27,2019-05-28 19:45:00,0.0,0.1025623306632042,0.041657544672489166,0.0
2019-05-27,2019-05-28 20:00:00,0.0,0.09458378702402115,0.010015618056058884,0.0
2019-05-27,2019-05-28 20:15:00,0.0,0.009492057375609875,0.0,0.0
2019-05-27,2019-05-28 20:30:00,0.0,0.15888535976409912,0.0,0.0
2019-05-27,2019-05-28 20:45:00,0.0,0.09718795865774155,0.0,0.0
2019-05-27,2019-05-28 21:00:00,0.0,0.16723397374153137,0.023565929383039474,0.0
2019-05-27,2019-05-28 21:15:00,0.003515999997034669,0.24073229730129242,0.04628095403313637,0.160501167178154
2019-05-27,2019-05-28 21:30:00,0.07734400033950806,0.20744498074054718,0.054604195058345795,0.19613367319107056
2019-05-27,2019-05-28 21:45:00,0.140625,0.20160676538944244,0.1211732029914856,0.17010626196861267
2019-05-27,2019-05-28 22:00:00,0.2566410005092621,0.3189559876918793,0.18463017046451569,0.3720880448818207
2019-05-27,2019-05-28 22:15:00,0.39375001192092896,0.500900387763977,0.2903149724006653,0.45958051085472107
2019-05-27,2019-05-28 22:30:00,0.6082029938697815,0.5582692623138428,0.5186414122581482,0.7678720355033875
2019-05-27,2019-05-28 22:45:00,0.8507810235023499,0.6869288682937622,0.6885504722595215,0.8485459685325623
2019-05-27,2019-05-28 23:00:00,1.1074219942092896,0.8582738041877747,0.9606646299362183,1.2100831270217896
2019-05-27,2019-05-28 23:15:00,1.399219036102295,1.13643217086792,1.1480461359024048,1.3691051006317139
2019-05-27,2019-05-28 23:30:00,1.6875,1.2702414989471436,1.4714568853378296,1.7416203022003174
2019-05-27,2019-05-28 23:45:00,1.9792970418930054,1.471358060836792,1.7462307214736938,1.9043577909469604
2019-05-28,2019-05-29 00:00:00,2.26406192779541,1.89059317111969,2.1478075981140137,2.253831386566162
2019-05-28,2019-05-29 00:15:00,2.538280963897705,2.190105676651001,2.3209640979766846,2.5161452293395996
2019-05-28,2019-05-29 00:30:00,2.7878899574279785,2.3947346210479736,2.571458101272583,2.7509124279022217
2019-05-28,2019-05-29 00:45:00,3.0093750953674316,2.457242965698242,2.862795114517212,3.0573556423187256
2019-05-28,2019-05-29 01:00:00,3.223828077316284,2.6512680053710938,3.064203977584839,3.2525248527526855
2019-05-28,2019-05-29 01:15:00,3.4347660541534424,2.9335451126098633,3.2210323810577393,3.4732089042663574
2019-05-28,2019-05-29 01:30:00,3.5999999046325684,3.1382579803466797,3.423596143722534,3.6795969009399414
2019-05-28,2019-05-29 01:45:00,3.708983898162842,3.242830991744995,3.6319825649261475,3.738147497177124
2019-05-28,2019-05-29 02:00:00,3.839061975479126,3.4052674770355225,3.736884832382202,4.119604110717773
2019-05-28,2019-05-29 02:15:00,3.909374952316284,3.6230411529541016,3.8981525897979736,4.153850555419922
2019-05-28,2019-05-29 02:30:00,3.9867188930511475,3.7906012535095215,3.9309375286102295,4.270687580108643
2019-05-28,2019-05-29 02:45:00,4.032422065734863,3.8650734424591064,4.0189290046691895,4.291804313659668
2019-05-28,2019-05-29 03:00:00,4.050000190734863,3.9748528003692627,4.071260452270508,4.476429462432861
2019-05-28,2019-05-29 03:15:00,4.071094036102295,3.9956772327423096,4.069798946380615,4.506425380706787
2019-05-28,2019-05-29 03:30:00,4.085155963897705,4.174995422363281,4.051107406616211,4.56354284286499
2019-05-28,2019-05-29 03:45:00,4.06406307220459,4.199184417724609,4.130759239196777,4.592491626739502
2019-05-28,2019-05-29 04:00:00,4.028905868530273,4.213856220245361,4.07531213760376,4.5406012535095215
2019-05-28,2019-05-29 04:15:00,4.014842987060547,4.222489833831787,3.974120616912842,4.655082702636719
2019-05-28,2019-05-29 04:30:00,4.102734088897705,4.220620632171631,4.090031623840332,4.586155414581299
2019-05-28,2019-05-29 04:45:00,4.07460880279541,4.294332027435303,3.991103410720825,4.516551971435547
2019-05-28,2019-05-29 05:00:00,4.120312213897705,4.185310363769531,4.003943920135498,4.464170455932617
2019-05-28,2019-05-29 05:15:00,4.099218845367432,4.152068614959717,3.9511263370513916,4.450775146484375
2019-05-28,2019-05-29 05:30:00,4.057031154632568,3.9820761680603027,3.9266176223754883,4.308445930480957
2019-05-28,2019-05-29 05:45:00,4.109766006469727,4.113022327423096,3.971392869949341,4.212879180908203
2019-05-28,2019-05-29 06:00:00,4.130858898162842,3.9188082218170166,3.973564386367798,4.103112697601318
2019-05-28,2019-05-29 06:15:00,3.744141101837158,3.790360450744629,3.8464860916137695,4.018612384796143
2019-05-28,2019-05-29 06:30:00,3.948046922683716,3.5855326652526855,3.7024223804473877,3.933323621749878
2019-05-28,2019-05-29 06:45:00,3.796875,3.475555181503296,3.7205352783203125,3.7943413257598877
2019-05-28,2019-05-29 07:00:00,3.385546922683716,3.249051809310913,3.525331974029541,3.5894758701324463
2019-05-28,2019-05-29 07:15:00,3.779297113418579,3.0256967544555664,3.3645846843719482,3.3484466075897217
2019-05-28,2019-05-29 07:30:00,3.5648438930511475,2.9464614391326904,3.251387596130371,3.2886874675750732
2019-05-28,2019-05-29 07:45:00,3.128906011581421,2.6031835079193115,3.0354127883911133,3.1327102184295654
2019-05-28,2019-05-29 08:00:00,2.2957029342651367,2.300044298171997,2.712480068206787,2.7795252799987793
2019-05-28,2019-05-29 08:15:00,3.216797113418579,2.1564013957977295,2.4648451805114746,2.6079704761505127
2019-05-28,2019-05-29 08:30:00,2.6578121185302734,1.8279221057891846,2.161364793777466,2.298804759979248
2019-05-28,2019-05-29 08:45:00,2.54531192779541,1.6254936456680298,1.8869297504425049,2.1219422817230225
2019-05-28,2019-05-29 09:00:00,2.1304690837860107,1.518660068511963,1.5802242755889893,1.8419914245605469
2019-05-28,2019-05-29 09:15:00,1.835155963897705,1.2133692502975464,1.271456241607666,1.5655488967895508
2019-05-28,2019-05-29 09:30:00,1.5433590412139893,0.9939801096916199,0.9721762537956238,1.2907702922821045
2019-05-28,2019-05-29 09:45:00,0.8085939884185791,0.858503520488739,0.7136824727058411,1.0621092319488525
2019-05-28,2019-05-29 10:00:00,0.4007810056209564,0.6054015159606934,0.527462363243103,0.8615066409111023
2019-05-28,2019-05-29 10:15:00,0.41835901141166687,0.3642403185367584,0.3271477520465851,0.674120306968689
2019-05-28,2019-05-29 10:30:00,0.37968701124191284,0.30173856019973755,0.2030237764120102,0.4315769374370575
2019-05-28,2019-05-29 10:45:00,0.18281200528144836,0.1992550790309906,0.07125966995954514,0.30883529782295227
2019-05-28,2019-05-29 11:00:00,0.11953099817037582,0.14119072258472443,0.0,0.24070531129837036
2019-05-28,2019-05-29 11:15:00,0.042187999933958054,0.11976423114538193,0.0,0.13048948347568512
2019-05-28,2019-05-29 11:30:00,0.0,0.030815472826361656,0.0,0.0722234845161438
2019-05-28,2019-05-29 11:45:00,0.0,0.10714845359325409,0.0,0.034787796437740326
2019-05-28,2019-05-29 12:00:00,0.0,0.07973809540271759,0.0,0.0
2019-05-28,2019-05-29 12:15:00,0.0,0.1090489998459816,0.0,0.0
2019-05-28,2019-05-29 12:30:00,0.0,0.08903134614229202,0.007449978496879339,0.0
2019-05-28,2019-05-29 12:45:00,0.0,0.17415176331996918,0.02861957438290119,0.0
2019-05-28,2019-05-29 13:00:00,0.0,0.0958082377910614,0.1287461370229721,0.0
2019-05-28,2019-05-29 13:15:00,0.0,0.018733905628323555,0.0695398822426796,0.0
2019-05-28,2019-05-29 13:30:00,0.0,0.0,0.09539827704429626,0.0
2019-05-28,2019-05-29 13:45:00,0.0,0.04235641285777092,0.11080751568078995,0.0
2019-05-28,2019-05-29 14:00:00,0.0,0.0,0.033878155052661896,0.0
2019-05-28,2019-05-29 14:15:00,0.0,0.0,0.049697473645210266,0.0
2019-05-28,2019-05-29 14:30:00,0.0,0.029483739286661148,0.002048277296125889,0.0
2019-05-28,2019-05-29 14:45:00,0.0,0.0,0.0,0.0
2019-05-28,2019-05-29 15:00:00,0.0,0.0,0.0,0.0
2019-05-28,2019-05-29 15:15:00,0.0,0.0,0.0,0.0
2019-05-28,2019-05-29 15:30:00,0.0,0.0,0.0,0.0
2019-05-28,2019-05-29 15:45:00,0.0,0.012010647915303707,0.0,0.0
2019-05-28,2019-05-29 16:00:00,0.0,0.0,0.0,0.0
2019-05-28,2019-05-29 16:15:00,0.0,0.0,0.0,0.0
2019-05-28,2019-05-29 16:30:00,0.0,0.0,0.0,0.0
2019-05-28,2019-05-29 16:45:00,0.0,0.02850441262125969,0.0,0.006999268662184477
2019-05-28,2019-05-29 17:00:00,0.0,0.0,0.0,0.008747871965169907
2019-05-28,2019-05-29 17:15:00,0.0,0.0,0.0,0.08978281915187836
2019-05-28,2019-05-29 17:30:00,0.0,0.0,0.015094914473593235,0.0
2019-05-28,2019-05-29 17:45:00,0.0,0.0,0.00477781193330884,0.05678916722536087
2019-05-28,2019-05-29 18:00:00,0.0,0.0,0.05130629241466522,0.11900340765714645
2019-05-28,2019-05-29 18:15:00,0.0,0.0,0.012590243481099606,0.024881286546587944
2019-05-28,2019-05-29 18:30:00,0.0,0.04162666201591492,0.03470517694950104,0.004636585712432861
2019-05-28,2019-05-29 18:45:00,0.0,0.05546257644891739,0.04091991111636162,0.0
2019-05-28,2019-05-29 19:00:00,0.0,0.04214074835181236,0.05140893906354904,0.0
2019-05-28,2019-05-29 19:15:00,0.0,0.04511580243706703,0.03403496742248535,0.025936035439372063
2019-05-28,2019-05-29 19:30:00,0.0,0.03434572368860245,0.02331104688346386,0.0
2019-05-28,2019-05-29 19:45:00,0.0,0.08523943275213242,0.035415906459093094,0.014042424038052559
2019-05-28,2019-05-29 20:00:00,0.0,0.051552966237068176,0.02204900048673153,0.0
2019-05-28,2019-05-29 20:15:00,0.0,0.007214822340756655,0.0,0.0
2019-05-28,2019-05-29 20:30:00,0.0,0.13882188498973846,0.0,0.0
2019-05-28,2019-05-29 20:45:00,0.0,0.0782255083322525,0.0,0.0
2019-05-28,2019-05-29 21:00:00,0.0,0.14730678498744965,0.012004639953374863,0.008518358692526817
2019-05-28,2019-05-29 21:15:00,0.0,0.1868920624256134,0.02455623261630535,0.0
2019-05-28,2019-05-29 21:30:00,0.0,0.17671555280685425,0.0,0.0
2019-05-28,2019-05-29 21:45:00,0.19335900247097015,0.15452775359153748,0.044517237693071365,0.0409204326570034
2019-05-28,2019-05-29 22:00:00,0.3023439943790436,0.27738726139068604,0.07722484320402145,0.0876929834485054
2019-05-28,2019-05-29 22:15:00,0.43945300579071045,0.4284275770187378,0.14144852757453918,0.171254962682724
2019-05-28,2019-05-29 22:30:00,0.4816409945487976,0.45978519320487976,0.3007047474384308,0.29065650701522827
2019-05-28,2019-05-29 22:45:00,0.583594024181366,0.554796040058136,0.42957574129104614,0.4522326588630676
2019-05-28,2019-05-29 23:00:00,0.984375,0.7024309039115906,0.6286157369613647,0.6736469268798828
2019-05-28,2019-05-29 23:15:00,0.8121089935302734,0.9365628957748413,0.7574048042297363,0.8085581660270691
2019-05-28,2019-05-29 23:30:00,1.364061951637268,1.0446420907974243,1.028700590133667,1.0646504163742065
2019-05-28,2019-05-29 23:45:00,1.4343750476837158,1.2001127004623413,1.2313053607940674,1.1685612201690674
2019-05-29,2019-05-30 00:00:00,1.9300780296325684,1.9619492292404175,1.7332545518875122,1.6243689060211182
2019-05-29,2019-05-30 00:15:00,2.383594036102295,2.2974343299865723,1.965201497077942,1.884268879890442
2019-05-29,2019-05-30 00:30:00,2.4468750953674316,2.541221857070923,2.226531982421875,2.068875312805176
2019-05-29,2019-05-30 00:45:00,2.707031011581421,2.623915195465088,2.5463075637817383,2.370534658432007
2019-05-29,2019-05-30 01:00:00,3.058593988418579,2.89619779586792,2.7126383781433105,2.525374174118042
2019-05-29,2019-05-30 01:15:00,3.2660160064697266,3.173992395401001,2.9234778881073,2.736494541168213
2019-05-29,2019-05-30 01:30:00,3.487499952316284,3.416996717453003,3.124399185180664,2.9131858348846436
2019-05-29,2019-05-30 01:45:00,3.666796922683716,3.456653118133545,3.3143863677978516,2.9016788005828857
2019-05-29,2019-05-30 02:00:00,3.8636720180511475,3.5709047317504883,3.455648183822632,3.1610054969787598
2019-05-29,2019-05-30 02:15:00,3.909374952316284,3.802072048187256,3.612741708755493,3.256145715713501
2019-05-29,2019-05-30 02:30:00,3.9937500953674316,4.074314594268799,3.6785919666290283,3.368291139602661
2019-05-29,2019-05-30 02:45:00,3.8777339458465576,4.138280391693115,3.755136489868164,3.403592348098755
2019-05-29,2019-05-30 03:00:00,4.158984184265137,4.2018561363220215,3.8297433853149414,3.5544650554656982
2019-05-29,2019-05-30 03:15:00,4.187108993530273,4.262815952301025,3.8365285396575928,3.6153714656829834
2019-05-29,2019-05-30 03:30:00,4.08164119720459,4.43079948425293,3.796872854232788,3.566243886947632
2019-05-29,2019-05-30 03:45:00,4.09218692779541,4.412036895751953,3.8763935565948486,3.6645259857177734
2019-05-29,2019-05-30 04:00:00,3.8917970657348633,4.418819904327393,3.804270029067993,3.6120526790618896
2019-05-29,2019-05-30 04:15:00,3.779297113418579,4.4040374755859375,3.691401481628418,3.643261671066284
2019-05-29,2019-05-30 04:30:00,2.900391101837158,4.399026870727539,3.7735307216644287,3.646631956100464
2019-05-29,2019-05-30 04:45:00,3.3785150051116943,4.508692741394043,3.649847984313965,3.564927101135254
2019-05-29,2019-05-30 05:00:00,3.0093750953674316,4.4189348220825195,3.6739726066589355,3.542861223220825
2019-05-29,2019-05-30 05:15:00,4.07460880279541,4.392575740814209,3.6352834701538086,3.4731216430664062
2019-05-29,2019-05-30 05:30:00,3.9128899574279785,4.1945719718933105,3.6033451557159424,3.4306559562683105
2019-05-29,2019-05-30 05:45:00,3.7300779819488525,4.312167644500732,3.6562228202819824,3.3291707038879395
2019-05-29,2019-05-30 06:00:00,3.3082029819488525,4.0873026847839355,3.656214714050293,3.1979053020477295
2019-05-29,2019-05-30 06:15:00,3.8777339458465576,3.968191385269165,3.5717132091522217,3.109644889831543
2019-05-29,2019-05-30 06:30:00,2.267577886581421,3.7567498683929443,3.4587273597717285,3.1000797748565674
2019-05-29,2019-05-30 06:45:00,1.357030987739563,3.630401372909546,3.5066370964050293,2.9137747287750244
2019-05-29,2019-05-30 07:00:00,2.664844036102295,3.369379758834839,3.4414026737213135,2.689842939376831
2019-05-29,2019-05-30 07:15:00,2.506640911102295,3.1230313777923584,3.294858932495117,2.5234427452087402
2019-05-29,2019-05-30 07:30:00,3.4769530296325684,2.9859225749969482,3.2676711082458496,2.4705846309661865
2019-05-29,2019-05-30 07:45:00,3.1535160541534424,2.7301790714263916,3.114757776260376,2.2600178718566895
2019-05-29,2019-05-30 08:00:00,2.963671922683716,2.3340113162994385,2.863377571105957,1.9428861141204834
2019-05-29,2019-05-30 08:15:00,2.6261720657348633,2.171351432800293,2.6652393341064453,1.7779461145401
2019-05-29,2019-05-30 08:30:00,2.3238279819488525,1.860239863395691,2.455565929412842,1.4759920835494995
2019-05-29,2019-05-30 08:45:00,2.0355470180511475,1.6388524770736694,2.194516658782959,1.394605278968811
2019-05-29,2019-05-30 09:00:00,1.7156250476837158,1.5388544797897339,1.9279242753982544,1.1523936986923218
2019-05-29,2019-05-30 09:15:00,1.4800779819488525,1.2237975597381592,1.6319924592971802,0.9048286080360413
2019-05-29,2019-05-30 09:30:00,1.2410160303115845,0.9644361138343811,1.3510862588882446,0.6798617243766785
2019-05-29,2019-05-30 09:45:00,0.9105470180511475,0.8086671829223633,1.1029244661331177,0.5395892262458801
2019-05-29,2019-05-30 10:00:00,0.7136719822883606,0.616818904876709,0.8575692772865295,0.4349866211414337
2019-05-29,2019-05-30 10:15:00,0.5238280296325684,0.3739999234676361,0.639670729637146,0.31238505244255066
2019-05-29,2019-05-30 10:30:00,0.37968701124191284,0.26459556818008423,0.4891994595527649,0.1347111016511917
2019-05-29,2019-05-30 10:45:00,0.2566410005092621,0.22243252396583557,0.30208298563957214,0.0776139497756958
2019-05-29,2019-05-30 11:00:00,0.15468700230121613,0.14312922954559326,0.18072199821472168,0.09890735149383545
2019-05-29,2019-05-30 11:15:00,0.014062000438570976,0.13335677981376648,0.15477867424488068,0.10662422329187393
2019-05-29,2019-05-30 11:30:00,0.0,0.024667594581842422,0.062080446630716324,0.034149572253227234
2019-05-29,2019-05-30 11:45:00,0.0,0.08125339448451996,0.011459717527031898,0.02974221669137478
2019-05-29,2019-05-30 12:00:00,0.0,0.1010325476527214,0.011499297805130482,0.0099407397210598
2019-05-29,2019-05-30 12:15:00,0.0,0.12055237591266632,0.04655538126826286,0.02978411130607128
2019-05-29,2019-05-30 12:30:00,0.0,0.14593355357646942,0.05399218201637268,0.0
2019-05-29,2019-05-30 12:45:00,0.0,0.20298558473587036,0.060066353529691696,0.016173124313354492
2019-05-29,2019-05-30 13:00:00,0.0,0.1599990427494049,0.10138915479183197,0.0
2019-05-29,2019-05-30 13:15:00,0.0,0.023504985496401787,0.09035507589578629,0.0
2019-05-29,2019-05-30 13:30:00,0.0,0.012151606380939484,0.11428202688694,0.0
2019-05-29,2019-05-30 13:45:00,0.0,0.09762381762266159,0.12662790715694427,0.0
2019-05-29,2019-05-30 14:00:00,0.0,0.0,0.049259576946496964,0.0
2019-05-29,2019-05-30 14:15:00,0.0,0.0,0.046045102179050446,0.0
2019-05-29,2019-05-30 14:30:00,0.0,0.06187429651618004,0.0036665897350758314,0.0
2019-05-29,2019-05-30 14:45:00,0.0,0.0006695294287055731,0.0,0.0
2019-05-29,2019-05-30 15:00:00,0.0,0.0,0.0,0.0
2019-05-29,2019-05-30 15:15:00,0.0,0.0,0.0,0.0
2019-05-29,2019-05-30 15:30:00,0.0,0.0,0.0,0.0
2019-05-29,2019-05-30 15:45:00,0.0,0.011239621788263321,0.0,0.0
2019-05-29,2019-05-30 16:00:00,0.0,0.0,0.0,0.0
2019-05-29,2019-05-30 16:15:00,0.0,0.0,0.0,0.0
2019-05-29,2019-05-30 16:30:00,0.0,0.0,0.0,0.0
2019-05-29,2019-05-30 16:45:00,0.0,0.0,0.0,0.0
2019-05-29,2019-05-30 17:00:00,0.0,0.0,0.0,0.0
2019-05-29,2019-05-30 17:15:00,0.0,0.0,0.0,0.059056103229522705
2019-05-29,2019-05-30 17:30:00,0.0,0.0,0.005206223577260971,0.0
2019-05-29,2019-05-30 17:45:00,0.0,0.0,0.03358820453286171,0.04608185961842537
2019-05-29,2019-05-30 18:00:00,0.0,0.0,0.08639629185199738,0.0724807158112526
2019-05-29,2019-05-30 18:15:00,0.0,0.0,0.020516537129878998,0.0
2019-05-29,2019-05-30 18:30:00,0.0,0.02610882930457592,0.06323477625846863,0.0
2019-05-29,2019-05-30 18:45:00,0.0,0.050041280686855316,0.050117846578359604,0.0
2019-05-29,2019-05-30 19:00:00,0.0,0.03611066937446594,0.0704391822218895,0.0
2019-05-29,2019-05-30 19:15:00,0.0,0.007217136677354574,0.03105699084699154,0.024723317474126816
2019-05-29,2019-05-30 19:30:00,0.0,0.02487598918378353,0.02076651342213154,0.0
2019-05-29,2019-05-30 19:45:00,0.0,0.0073115346021950245,0.050805166363716125,0.0
2019-05-29,2019-05-30 20:00:00,0.0,0.05151448771357536,0.02706453576683998,0.0
2019-05-29,2019-05-30 20:15:00,0.0,0.0,0.0,0.0
2019-05-29,2019-05-30 20:30:00,0.0,0.07832320034503937,0.0,0.0
2019-05-29,2019-05-30 20:45:00,0.0,0.01254430040717125,0.0,0.0
2019-05-29,2019-05-30 21:00:00,0.0,0.10977406799793243,0.06873146444559097,0.052943091839551926
2019-05-29,2019-05-30 21:15:00,0.024608999490737915,0.22769984602928162,0.12481839209794998,0.034141700714826584
2019-05-29,2019-05-30 21:30:00,0.0,0.1575196385383606,0.13979163765907288,0.09129071980714798
2019-05-29,2019-05-30 21:45:00,0.18984399735927582,0.17746976017951965,0.19978740811347961,0.2350766658782959
2019-05-29,2019-05-30 22:00:00,0.29882800579071045,0.2645082473754883,0.24909347295761108,0.28727373480796814
2019-05-29,2019-05-30 22:15:00,0.46054700016975403,0.47058337926864624,0.34729811549186707,0.46775132417678833
2019-05-29,2019-05-30 22:30:00,0.6609370112419128,0.4700455367565155,0.5379102826118469,0.6119414567947388
2019-05-29,2019-05-30 22:45:00,0.864844024181366,0.6016390323638916,0.6855785846710205,0.869291365146637
2019-05-29,2019-05-30 23:00:00,1.1566410064697266,0.8004546761512756,0.9258008003234863,1.0458452701568604
2019-05-29,2019-05-30 23:15:00,1.4343750476837158,1.059460163116455,1.0463035106658936,1.2955340147018433
2019-05-29,2019-05-30 23:30:00,1.7121089696884155,1.1768715381622314,1.3810462951660156,1.5504488945007324
2019-05-29,2019-05-30 23:45:00,2.0144529342651367,1.3818668127059937,1.5935040712356567,1.6425764560699463
2019-05-30,2019-05-31 00:00:00,2.260546922683716,1.953967809677124,2.248002767562866,2.1679654121398926
2019-05-30,2019-05-31 00:15:00,2.5101559162139893,2.074904441833496,2.4053919315338135,2.380582332611084
2019-05-30,2019-05-31 00:30:00,2.7667970657348633,2.3060691356658936,2.626530647277832,2.578786611557007
2019-05-30,2019-05-31 00:45:00,2.9988279342651367,2.3854846954345703,2.9258415699005127,2.812080144882202
2019-05-30,2019-05-31 01:00:00,3.2308590412139893,2.585289239883423,3.0649657249450684,3.0047383308410645
2019-05-30,2019-05-31 01:15:00,3.4382810592651367,2.8751463890075684,3.22005558013916,3.2253026962280273
2019-05-30,2019-05-31 01:30:00,3.568358898162842,3.022287368774414,3.3949029445648193,3.3678431510925293
2019-05-30,2019-05-31 01:45:00,3.744141101837158,3.156017541885376,3.5557827949523926,3.3845818042755127
2019-05-30,2019-05-31 02:00:00,3.902343988418579,3.2731106281280518,3.691579580307007,3.643758773803711
2019-05-30,2019-05-31 02:15:00,4.014842987060547,3.517482280731201,3.8411481380462646,3.6455695629119873
2019-05-30,2019-05-31 02:30:00,4.095703125,3.6634936332702637,3.8543450832366943,3.735842227935791
2019-05-30,2019-05-31 02:45:00,4.169530868530273,3.8355469703674316,3.9403066635131836,3.748222589492798
2019-05-30,2019-05-31 03:00:00,4.23281192779541,3.822805881500244,3.999335765838623,3.89621901512146
2019-05-30,2019-05-31 03:15:00,4.22226619720459,3.872493028640747,4.000004768371582,3.93062424659729
2019-05-30,2019-05-31 03:30:00,4.169530868530273,4.198188781738281,3.9891743659973145,3.8548808097839355
2019-05-30,2019-05-31 03:45:00,4.201171875,4.200540065765381,4.080967426300049,3.9568140506744385
2019-05-30,2019-05-31 04:00:00,4.225780963897705,4.197328090667725,4.022348880767822,3.8772928714752197
2019-05-30,2019-05-31 04:15:00,4.144921779632568,4.252010822296143,3.9257633686065674,3.9696335792541504
2019-05-30,2019-05-31 04:30:00,4.201171875,4.270047187805176,4.0029215812683105,3.9013428688049316
2019-05-30,2019-05-31 04:45:00,4.09218692779541,4.4260663986206055,3.965590715408325,3.8431849479675293
2019-05-30,2019-05-31 05:00:00,4.014842987060547,4.301697254180908,3.9617624282836914,3.8402907848358154
2019-05-30,2019-05-31 05:15:00,4.046483993530273,4.262784481048584,3.9263412952423096,3.7618138790130615
2019-05-30,2019-05-31 05:30:00,4.050000190734863,4.130187511444092,3.8797554969787598,3.6868064403533936
2019-05-30,2019-05-31 05:45:00,3.9128899574279785,4.130334377288818,3.9515390396118164,3.593719482421875
2019-05-30,2019-05-31 06:00:00,4.000781059265137,4.0443854331970215,3.9583678245544434,3.4611411094665527
2019-05-30,2019-05-31 06:15:00,3.9410150051116943,3.8956000804901123,3.8556504249572754,3.3892083168029785
2019-05-30,2019-05-31 06:30:00,3.8988280296325684,3.7359859943389893,3.6838977336883545,3.3613641262054443
2019-05-30,2019-05-31 06:45:00,3.8636720180511475,3.523381233215332,3.7306907176971436,3.2719013690948486
2019-05-30,2019-05-31 07:00:00,3.7160160541534424,3.3198981285095215,3.5709025859832764,3.0417768955230713
2019-05-30,2019-05-31 07:15:00,2.988281011581421,3.0860166549682617,3.377007007598877,2.8789873123168945
2019-05-30,2019-05-31 07:30:00,2.460937976837158,3.0154311656951904,3.338348388671875,2.846205949783325
2019-05-30,2019-05-31 07:45:00,2.882812023162842,2.807403802871704,3.125373125076294,2.6766390800476074
2019-05-30,2019-05-31 08:00:00,1.680469036102295,2.3670127391815186,2.8310139179229736,2.339172601699829
2019-05-30,2019-05-31 08:15:00,1.026561975479126,2.2342686653137207,2.5973687171936035,2.310694694519043
2019-05-30,2019-05-31 08:30:00,1.3605469465255737,1.919861078262329,2.3353874683380127,1.9494186639785767
2019-05-30,2019-05-31 08:45:00,1.2480469942092896,1.6824951171875,2.1099743843078613,1.8708704710006714
2019-05-30,2019-05-31 09:00:00,2.3414061069488525,1.5005306005477905,1.7890980243682861,1.67731511592865
2019-05-30,2019-05-31 09:15:00,1.6488280296325684,1.256847620010376,1.519342064857483,1.4000333547592163
2019-05-30,2019-05-31 09:30:00,1.089843988418579,1.054047703742981,1.2170326709747314,1.165414810180664
2019-05-30,2019-05-31 09:45:00,0.7558590173721313,0.9172735810279846,0.965695858001709,0.9520915746688843
2019-05-30,2019-05-31 10:00:00,0.8753910064697266,0.6767017245292664,0.7900101542472839,0.8035103678703308
2019-05-30,2019-05-31 10:15:00,0.28125,0.35665637254714966,0.551031231880188,0.6263590455055237
2019-05-30,2019-05-31 10:30:00,0.3269529938697815,0.3014703094959259,0.3892832398414612,0.3544817268848419
2019-05-30,2019-05-31 10:45:00,0.2214840054512024,0.22965481877326965,0.2592647671699524,0.2575673758983612
2019-05-30,2019-05-31 11:00:00,0.1300780028104782,0.2170766294002533,0.13156725466251373,0.2252253144979477
2019-05-30,2019-05-31 11:15:00,0.0,0.09458174556493759,0.08084353804588318,0.1619347780942917
2019-05-30,2019-05-31 11:30:00,0.0,0.014889761805534363,0.0034114655572921038,0.013426154851913452
2019-05-30,2019-05-31 11:45:00,0.0,0.1272028088569641,0.0,0.03073071874678135
2019-05-30,2019-05-31 12:00:00,0.0,0.043938588351011276,0.0,0.0
2019-05-30,2019-05-31 12:15:00,0.0,0.10759065300226212,0.005635715555399656,0.0
2019-05-30,2019-05-31 12:30:00,0.0,0.03280185908079147,0.007698122411966324,0.0
2019-05-30,2019-05-31 12:45:00,0.0,0.14608848094940186,0.025123154744505882,0.0
2019-05-30,2019-05-31 13:00:00,0.0,0.0768660381436348,0.11531469970941544,0.0
2019-05-30,2019-05-31 13:15:00,0.0,0.0,0.015200525522232056,0.0
2019-05-30,2019-05-31 13:30:00,0.0,0.0,0.05659034103155136,0.0
2019-05-30,2019-05-31 13:45:00,0.0,0.06932243704795837,0.08575171232223511,0.0
2019-05-30,2019-05-31 14:00:00,0.0,0.06696397066116333,0.007699599023908377,0.0
2019-05-30,2019-05-31 14:15:00,0.0,0.0,0.02644156664609909,0.0
2019-05-30,2019-05-31 14:30:00,0.0,0.0,0.0,0.0
2019-05-30,2019-05-31 14:45:00,0.0,0.07758729159832001,0.0,0.0
2019-05-30,2019-05-31 15:00:00,0.0,0.0,0.0,0.0
2019-05-30,2019-05-31 15:15:00,0.0,0.0,0.0,0.0
2019-05-30,2019-05-31 15:30:00,0.0,0.015568776056170464,0.0,0.0
2019-05-30,2019-05-31 15:45:00,0.0,0.1625346541404724,0.0,0.0
2019-05-30,2019-05-31 16:00:00,0.0,0.010574032552540302,0.0,0.0
2019-05-30,2019-05-31 16:15:00,0.0,0.0,0.0,0.0
2019-05-30,2019-05-31 16:30:00,0.0,0.0,0.0,0.0
2019-05-30,2019-05-31 16:45:00,0.0,0.08415557444095612,0.0,0.004427955485880375
2019-05-30,2019-05-31 17:00:00,0.0,0.0,0.0,0.0
2019-05-30,2019-05-31 17:15:00,0.0,0.1310977339744568,0.0,0.1131041944026947
2019-05-30,2019-05-31 17:30:00,0.0,0.0,0.0,0.0
2019-05-30,2019-05-31 17:45:00,0.0,0.03329816833138466,0.0,0.08730825781822205
2019-05-30,2019-05-31 18:00:00,0.0,0.04515238478779793,0.030896048992872238,0.14369331300258636
2019-05-30,2019-05-31 18:15:00,0.0,0.06174065172672272,0.0,0.09687846899032593
2019-05-30,2019-05-31 18:30:00,0.0,0.08919985592365265,0.009602874517440796,0.08091015368700027
2019-05-30,2019-05-31 18:45:00,0.0,0.03932720422744751,0.03881528973579407,0.10872664302587509
2019-05-30,2019-05-31 19:00:00,0.0,0.0696273148059845,0.02649255283176899,0.11166229099035263
2019-05-30,2019-05-31 19:15:00,0.0,0.07385116070508957,0.0,0.21028536558151245
2019-05-30,2019-05-31 19:30:00,0.0,0.02704250067472458,0.006164542865008116,0.14772996306419373
2019-05-30,2019-05-31 19:45:00,0.0,0.1726333349943161,0.04304123297333717,0.22636164724826813
2019-05-30,2019-05-31 20:00:00,0.0,0.01684635691344738,0.02446511760354042,0.10215038806200027
2019-05-30,2019-05-31 20:15:00,0.0,0.0,0.0,0.1261182278394699
2019-05-30,2019-05-31 20:30:00,0.0,0.17435772716999054,0.0,0.15833185613155365
2019-05-30,2019-05-31 20:45:00,0.0,0.05209210887551308,0.0,0.19448255002498627
2019-05-30,2019-05-31 21:00:00,0.0,0.03751422464847565,0.014400736428797245,0.2962391972541809
2019-05-30,2019-05-31 21:15:00,0.0,0.032009683549404144,0.0,0.12867143750190735
2019-05-30,2019-05-31 21:30:00,0.0,0.12718205153942108,0.0,0.11459609121084213
2019-05-30,2019-05-31 21:45:00,0.0,0.08913837373256683,0.0,0.16344642639160156
2019-05-30,2019-05-31 22:00:00,0.07734400033950806,0.11796663701534271,0.0,0.13710226118564606
2019-05-30,2019-05-31 22:15:00,0.16875000298023224,0.30526411533355713,0.02015095204114914,0.1705780178308487
2019-05-30,2019-05-31 22:30:00,0.34453099966049194,0.18607480823993683,0.1408633440732956,0.14632876217365265
2019-05-30,2019-05-31 22:45:00,0.29882800579071045,0.20073336362838745,0.2566623091697693,0.2914190888404846
2019-05-30,2019-05-31 23:00:00,0.3515619933605194,0.3870913088321686,0.3943459093570709,0.34063708782196045
2019-05-30,2019-05-31 23:15:00,0.29531198740005493,0.5524891018867493,0.5154695510864258,0.47829005122184753
2019-05-30,2019-05-31 23:30:00,0.5238280296325684,0.662291407585144,0.7587977051734924,0.6017675995826721
2019-05-30,2019-05-31 23:45:00,0.8332030177116394,0.7040273547172546,0.9547860622406006,0.6031171083450317
2018-08-24,2018-08-25 00:00:00,1.321874976158142,1.0071088075637817,1.1773345470428467,1.2717735767364502
2018-08-24,2018-08-25 00:15:00,1.5609370470046997,1.1873161792755127,1.3052359819412231,1.3840265274047852
2018-08-24,2018-08-25 00:30:00,1.792968988418579,1.3305145502090454,1.436673879623413,1.5208619832992554
2018-08-24,2018-08-25 00:45:00,2.0179688930511475,1.4346585273742676,1.5998133420944214,1.6488690376281738
2018-08-24,2018-08-25 01:00:00,2.12343692779541,1.573848843574524,1.723211646080017,1.755134105682373
2018-08-24,2018-08-25 01:15:00,2.4117190837860107,1.7464011907577515,1.7985668182373047,1.7971267700195312
2018-08-24,2018-08-25 01:30:00,2.654297113418579,1.9049609899520874,1.9415684938430786,1.9216498136520386
2018-08-24,2018-08-25 01:45:00,2.794922113418579,2.0568430423736572,2.0742318630218506,2.018226385116577
2018-08-24,2018-08-25 02:00:00,2.9285149574279785,2.1855337619781494,2.1748178005218506,2.0921833515167236
2018-08-24,2018-08-25 02:15:00,3.118359088897705,2.2905733585357666,2.2771084308624268,2.151552200317383
2018-08-24,2018-08-25 02:30:00,3.1957030296325684,2.346914291381836,2.3540146350860596,2.190812826156616
2018-08-24,2018-08-25 02:45:00,3.462891101837158,2.4710934162139893,2.4712109565734863,2.250795602798462
2018-08-24,2018-08-25 03:00:00,3.5929689407348633,2.5985782146453857,2.546100378036499,2.3519158363342285
2018-08-24,2018-08-25 03:15:00,3.6140620708465576,2.622373580932617,2.5459611415863037,2.350773334503174
2018-08-24,2018-08-25 03:30:00,3.7828121185302734,2.608293294906616,2.5896658897399902,2.3377716541290283
2018-08-24,2018-08-25 03:45:00,3.526171922683716,2.6999218463897705,2.6717827320098877,2.374180555343628
2018-08-24,2018-08-25 04:00:00,2.8792970180511475,2.731994390487671,2.69866681098938,2.3903253078460693
2018-08-24,2018-08-25 04:15:00,2.496093988418579,2.744499444961548,2.6602914333343506,2.356229543685913
2018-08-24,2018-08-25 04:30:00,4.028905868530273,2.687580108642578,2.7414562702178955,2.3959290981292725
2018-08-24,2018-08-25 04:45:00,3.6949219703674316,2.6655797958374023,2.6923584938049316,2.331922769546509
2018-08-24,2018-08-25 05:00:00,2.9039061069488525,2.6405699253082275,2.672757625579834,2.3133201599121094
2018-08-24,2018-08-25 05:15:00,2.415234088897705,2.610835313796997,2.6470601558685303,2.2466037273406982
2018-08-24,2018-08-25 05:30:00,3.965625047683716,2.563951015472412,2.591474771499634,2.287065267562866
2018-08-24,2018-08-25 05:45:00,3.276561975479126,2.455834150314331,2.612985134124756,2.1313836574554443
2018-08-24,2018-08-25 06:00:00,3.2132809162139893,2.385388135910034,2.584524631500244,2.1092529296875
2018-08-24,2018-08-25 06:15:00,2.629688024520874,2.205747604370117,2.4562649726867676,1.9502795934677124
2018-08-24,2018-08-25 06:30:00,1.7999999523162842,2.0253825187683105,2.3266513347625732,1.8408819437026978
2018-08-24,2018-08-25 06:45:00,2.583983898162842,1.9649169445037842,2.3099594116210938,1.6345493793487549
2018-08-24,2018-08-25 07:00:00,1.9933589696884155,1.7886340618133545,2.1659533977508545,1.5598468780517578
2018-08-24,2018-08-25 07:15:00,1.9160159826278687,1.6783502101898193,2.0535850524902344,1.4040614366531372
2018-08-24,2018-08-25 07:30:00,2.7527339458465576,1.5081138610839844,1.9520422220230103,1.3098305463790894
2018-08-24,2018-08-25 07:45:00,1.8878910541534424,1.2538002729415894,1.8136322498321533,1.1018704175949097
2018-08-24,2018-08-25 08:00:00,1.3816410303115845,1.1216992139816284,1.598924160003662,0.9760700464248657
2018-08-24,2018-08-25 08:15:00,1.8878910541534424,0.9694873690605164,1.473073124885559,0.8406482338905334
2018-08-24,2018-08-25 08:30:00,1.638280987739563,0.7694948315620422,1.3050808906555176,0.7137328386306763
2018-08-24,2018-08-25 08:45:00,1.160156011581421,0.6422836184501648,1.1392560005187988,0.6207370758056641
2018-08-24,2018-08-25 09:00:00,0.5589839816093445,0.578446626663208,0.962772011756897,0.5176348686218262
2018-08-24,2018-08-25 09:15:00,0.8296869993209839,0.4281306862831116,0.7935877442359924,0.4428831934928894
2018-08-24,2018-08-25 09:30:00,0.4429689943790436,0.3530921936035156,0.601410448551178,0.3725415766239166
2018-08-24,2018-08-25 09:45:00,0.33398398756980896,0.28876999020576477,0.488665908575058,0.2713545262813568
2018-08-24,2018-08-25 10:00:00,0.2355470061302185,0.13126903772354126,0.35779446363449097,0.29330116510391235
2018-08-24,2018-08-25 10:15:00,0.16523399949073792,0.07593321055173874,0.26381170749664307,0.2065826654434204
2018-08-24,2018-08-25 10:30:00,0.03867200016975403,0.12374040484428406,0.17680488526821136,0.21755708754062653
2018-08-24,2018-08-25 10:45:00,0.0,0.04049277678132057,0.09848156571388245,0.20658785104751587
2018-08-24,2018-08-25 11:00:00,0.0,0.0691366046667099,0.03071325644850731,0.2090691477060318
2018-08-24,2018-08-25 11:15:00,0.0,0.008590617217123508,0.007514537312090397,0.16082166135311127
2018-08-24,2018-08-25 11:30:00,0.0,0.04842779412865639,0.0,0.13626039028167725
2018-08-24,2018-08-25 11:45:00,0.0,0.07173209637403488,0.0,0.14153560996055603
2018-08-24,2018-08-25 12:00:00,0.0,0.0536445714533329,0.0,0.08019628375768661
2018-08-24,2018-08-25 12:15:00,0.0,0.07193677127361298,0.009163825772702694,0.09100381284952164
2018-08-24,2018-08-25 12:30:00,0.0,0.04616599157452583,0.0,0.0020524130668491125
2018-08-24,2018-08-25 12:45:00,0.0,0.11585869640111923,0.0,0.017778988927602768
2018-08-24,2018-08-25 13:00:00,0.0,0.04251105710864067,0.04132629185914993,0.004679196048527956
2018-08-24,2018-08-25 13:15:00,0.0,0.050263844430446625,0.0,0.015492689795792103
2018-08-24,2018-08-25 13:30:00,0.0,0.02973831258714199,0.0,0.0
2018-08-24,2018-08-25 13:45:00,0.0,0.050025563687086105,0.040903009474277496,0.0
2018-08-24,2018-08-25 14:00:00,0.0,0.019263172522187233,0.0,0.0
2018-08-24,2018-08-25 14:15:00,0.0,0.07559838891029358,0.0,0.0
2018-08-24,2018-08-25 14:30:00,0.0,0.00641536945477128,0.002833160338923335,0.0
2018-08-24,2018-08-25 14:45:00,0.0,0.002436629496514797,0.0,0.0
2018-08-24,2018-08-25 15:00:00,0.0,0.0,0.0,0.0
2018-08-24,2018-08-25 15:15:00,0.0,0.0,0.0,0.0
2018-08-24,2018-08-25 15:30:00,0.0,0.0,0.0,0.0
2018-08-24,2018-08-25 15:45:00,0.0,0.0,0.0,0.0
2018-08-24,2018-08-25 16:00:00,0.0,0.0,0.0,0.0
2018-08-24,2018-08-25 16:15:00,0.0,0.0,0.0,0.0
2018-08-24,2018-08-25 16:30:00,0.0,0.0,0.0,0.0
2018-08-24,2018-08-25 16:45:00,0.0,0.0,0.0,0.0
2018-08-24,2018-08-25 17:00:00,0.0,0.0,0.018775444477796555,0.0048169661313295364
2018-08-24,2018-08-25 17:15:00,0.0,0.0,0.0,0.007778977043926716
2018-08-24,2018-08-25 17:30:00,0.0,0.0,0.03797100856900215,0.0
2018-08-24,2018-08-25 17:45:00,0.0,0.0,0.0477059930562973,0.017845621332526207
2018-08-24,2018-08-25 18:00:00,0.0,0.0,0.08740636706352234,0.0
2018-08-24,2018-08-25 18:15:00,0.0,0.0,0.05336543172597885,0.0
2018-08-24,2018-08-25 18:30:00,0.0,0.0,0.0912228375673294,0.024883003905415535
2018-08-24,2018-08-25 18:45:00,0.0,0.0,0.10053299367427826,0.0
2018-08-24,2018-08-25 19:00:00,0.0,0.0,0.0939069539308548,0.0
2018-08-24,2018-08-25 19:15:00,0.0,0.0,0.08094973117113113,0.003966240677982569
2018-08-24,2018-08-25 19:30:00,0.0,0.0,0.021813293918967247,0.019702808931469917
2018-08-24,2018-08-25 19:45:00,0.0,0.0,0.049314018338918686,0.035613108426332474
2018-08-24,2018-08-25 20:00:00,0.0,0.009540233761072159,0.05273234099149704,0.04708947613835335
2018-08-24,2018-08-25 20:15:00,0.0,0.09362354129552841,0.0424300841987133,0.023080237209796906
2018-08-24,2018-08-25 20:30:00,0.0,0.018137838691473007,0.003781377337872982,0.03330253064632416
2018-08-24,2018-08-25 20:45:00,0.0,0.11320946365594864,0.0,0.1087396964430809
2018-08-24,2018-08-25 21:00:00,0.0,0.10781639069318771,0.04526577517390251,0.14989972114562988
2018-08-24,2018-08-25 21:15:00,0.0,0.10025131702423096,0.06402820348739624,0.14760620892047882
2018-08-24,2018-08-25 21:30:00,0.0,0.1145876795053482,0.04294685646891594,0.10665956884622574
2018-08-24,2018-08-25 21:45:00,0.0,0.1628643125295639,0.09218468517065048,0.18322576582431793
2018-08-24,2018-08-25 22:00:00,0.0,0.26618537306785583,0.11276672035455704,0.25782424211502075
2018-08-24,2018-08-25 22:15:00,0.031640999019145966,0.29727092385292053,0.1737600415945053,0.3316653370857239
2018-08-24,2018-08-25 22:30:00,0.12304700165987015,0.4290943145751953,0.28256306052207947,0.3971029222011566
2018-08-24,2018-08-25 22:45:00,0.17226600646972656,0.4570302367210388,0.36592474579811096,0.5263124108314514
2018-08-24,2018-08-25 23:00:00,0.3550780117511749,0.6041519045829773,0.5009600520133972,0.5886349678039551
2018-08-24,2018-08-25 23:15:00,0.6503909826278687,0.6955379843711853,0.6293147206306458,0.7028559446334839
2018-08-24,2018-08-25 23:30:00,0.6398440003395081,0.782426655292511,0.7851375341415405,0.8361125588417053
2018-08-24,2018-08-25 23:45:00,1.068750023841858,0.9200664162635803,0.9011049270629883,0.9313379526138306
2018-08-25,2018-08-26 00:00:00,1.2867189645767212,1.260549783706665,1.2042244672775269,1.4401590824127197
2018-08-25,2018-08-26 00:15:00,1.504686951637268,1.470130205154419,1.367850422859192,1.6102771759033203
2018-08-25,2018-08-26 00:30:00,1.7472660541534424,1.6009533405303955,1.597497582435608,1.8464802503585815
2018-08-25,2018-08-26 00:45:00,1.9160159826278687,1.7394078969955444,1.8180255889892578,2.020601511001587
2018-08-25,2018-08-26 01:00:00,2.1691410541534424,1.8686679601669312,2.0249249935150146,2.192448854446411
2018-08-25,2018-08-26 01:15:00,2.3097660541534424,2.110013008117676,2.1736199855804443,2.2953147888183594
2018-08-25,2018-08-26 01:30:00,2.636718988418579,2.2873284816741943,2.401942253112793,2.5060882568359375
2018-08-25,2018-08-26 01:45:00,2.7703120708465576,2.409189224243164,2.578108787536621,2.6425726413726807
2018-08-25,2018-08-26 02:00:00,2.8722660541534424,2.53165340423584,2.7322347164154053,2.742060661315918
2018-08-25,2018-08-26 02:15:00,3.086719036102295,2.65506911277771,2.9226651191711426,2.8776345252990723
2018-08-25,2018-08-26 02:30:00,3.1886720657348633,2.788817882537842,3.004939556121826,2.937309741973877
2018-08-25,2018-08-26 02:45:00,3.181641101837158,2.944807291030884,3.1345436573028564,3.0856690406799316
2018-08-25,2018-08-26 03:00:00,3.3257811069488525,3.044585943222046,3.2598726749420166,3.1790778636932373
2018-08-25,2018-08-26 03:15:00,3.3785150051116943,3.0827367305755615,3.2908098697662354,3.239788293838501
2018-08-25,2018-08-26 03:30:00,3.357422113418579,3.213317394256592,3.3237738609313965,3.2051334381103516
2018-08-25,2018-08-26 03:45:00,3.38906192779541,3.2528982162475586,3.4689927101135254,3.327805757522583
2018-08-25,2018-08-26 04:00:00,3.403125047683716,3.2763586044311523,3.462785482406616,3.3229458332061768
2018-08-25,2018-08-26 04:15:00,3.4488279819488525,3.361767053604126,3.414973258972168,3.297233819961548
2018-08-25,2018-08-26 04:30:00,3.427733898162842,3.307955265045166,3.517772674560547,3.375364065170288
2018-08-25,2018-08-26 04:45:00,3.3960940837860107,3.3654162883758545,3.450394630432129,3.338679075241089
2018-08-25,2018-08-26 05:00:00,3.2730469703674316,3.3604235649108887,3.4795114994049072,3.3457818031311035
2018-08-25,2018-08-26 05:15:00,3.403125047683716,3.3532464504241943,3.4459221363067627,3.2840940952301025
2018-08-25,2018-08-26 05:30:00,3.364453077316284,3.2663443088531494,3.3766889572143555,3.3144149780273438
2018-08-25,2018-08-26 05:45:00,2.9742190837860107,3.1772005558013916,3.441455602645874,3.187776803970337
2018-08-25,2018-08-26 06:00:00,3.058593988418579,3.1116604804992676,3.3942623138427734,3.135376453399658
2018-08-25,2018-08-26 06:15:00,2.0636720657348633,2.9310359954833984,3.285175323486328,3.0061633586883545
2018-08-25,2018-08-26 06:30:00,2.882812023162842,2.7159907817840576,3.1300032138824463,2.8646950721740723
2018-08-25,2018-08-26 06:45:00,2.443358898162842,2.6316099166870117,3.102226495742798,2.6609957218170166
2018-08-25,2018-08-26 07:00:00,2.239453077316284,2.435586929321289,2.963252067565918,2.5515382289886475
2018-08-25,2018-08-26 07:15:00,2.373047113418579,2.257544755935669,2.7906782627105713,2.4004628658294678
2018-08-25,2018-08-26 07:30:00,2.151561975479126,2.0916247367858887,2.686993360519409,2.2693543434143066
2018-08-25,2018-08-26 07:45:00,1.9933589696884155,1.8611974716186523,2.5086395740509033,2.039611577987671
2018-08-25,2018-08-26 08:00:00,1.7824219465255737,1.5960923433303833,2.203970193862915,1.7997876405715942
2018-08-25,2018-08-26 08:15:00,1.5785160064697266,1.3906757831573486,1.995505452156067,1.6321150064468384
2018-08-25,2018-08-26 08:30:00,1.3921869993209839,1.1468591690063477,1.7808858156204224,1.3979661464691162
2018-08-25,2018-08-26 08:45:00,1.019531011581421,0.9714409708976746,1.5310262441635132,1.2772759199142456
2018-08-25,2018-08-26 09:00:00,0.44999998807907104,0.9031766057014465,1.258687973022461,1.0830967426300049
2018-08-25,2018-08-26 09:15:00,0.42539098858833313,0.6799898147583008,1.0189167261123657,0.9447824954986572
2018-08-25,2018-08-26 09:30:00,0.37968701124191284,0.5766278505325317,0.7714899182319641,0.7498258352279663
2018-08-25,2018-08-26 09:45:00,0.29882800579071045,0.5045704245567322,0.5734862089157104,0.5138964653015137
2018-08-25,2018-08-26 10:00:00,0.291797012090683,0.3249947428703308,0.4064812660217285,0.5018741488456726
2018-08-25,2018-08-26 10:15:00,0.1757809966802597,0.21883083879947662,0.24760353565216064,0.33059757947921753
2018-08-25,2018-08-26 10:30:00,0.024608999490737915,0.2575220465660095,0.12960387766361237,0.2967226803302765
2018-08-25,2018-08-26 10:45:00,0.0,0.19190043210983276,0.027550844475626945,0.20965898036956787
2018-08-25,2018-08-26 11:00:00,0.0,0.19948799908161163,0.0,0.21296876668930054
2018-08-25,2018-08-26 11:15:00,0.0,0.07049475610256195,0.0,0.16630248725414276
2018-08-25,2018-08-26 11:30:00,0.0,0.10335517674684525,0.0,0.06791546195745468
2018-08-25,2018-08-26 11:45:00,0.0,0.15257498621940613,0.0,0.116817906498909
2018-08-25,2018-08-26 12:00:00,0.0,0.08125849813222885,0.0,0.019477788358926773
2018-08-25,2018-08-26 12:15:00,0.0,0.12814836204051971,0.0,0.03730215132236481
2018-08-25,2018-08-26 12:30:00,0.0,0.08015596866607666,0.0,0.0
2018-08-25,2018-08-26 12:45:00,0.0,0.1330370455980301,0.0,0.012228958308696747
2018-08-25,2018-08-26 13:00:00,0.0,0.021921703591942787,0.05538138747215271,0.022996045649051666
2018-08-25,2018-08-26 13:15:00,0.0,0.0,0.010922561399638653,0.028294896706938744
2018-08-25,2018-08-26 13:30:00,0.0,0.0,0.03601602092385292,0.0
2018-08-25,2018-08-26 13:45:00,0.0,0.03362938389182091,0.02499125897884369,0.0
2018-08-25,2018-08-26 14:00:00,0.0,0.0,0.0,0.0
2018-08-25,2018-08-26 14:15:00,0.0,0.0,0.009156274609267712,0.0
2018-08-25,2018-08-26 14:30:00,0.0,0.0,0.0,0.0
2018-08-25,2018-08-26 14:45:00,0.0,0.0,0.0,0.015125633217394352
2018-08-25,2018-08-26 15:00:00,0.0,0.0,0.0,0.03460455685853958
2018-08-25,2018-08-26 15:15:00,0.0,0.0,0.0,0.032853301614522934
2018-08-25,2018-08-26 15:30:00,0.0,0.0,0.0,0.0
2018-08-25,2018-08-26 15:45:00,0.0,0.0,0.0,0.02765219658613205
2018-08-25,2018-08-26 16:00:00,0.0,0.0,0.0,0.07225695997476578
2018-08-25,2018-08-26 16:15:00,0.0,0.0,0.0,0.0016923102084547281
2018-08-25,2018-08-26 16:30:00,0.0,0.0,0.0,0.04660153016448021
2018-08-25,2018-08-26 16:45:00,0.0,0.0,0.0,0.06735385954380035
2018-08-25,2018-08-26 17:00:00,0.0,0.0,0.027775214985013008,0.03808184713125229
2018-08-25,2018-08-26 17:15:00,0.0,0.0,0.0,0.03396482765674591
2018-08-25,2018-08-26 17:30:00,0.0,0.0,0.0359150655567646,0.0
2018-08-25,2018-08-26 17:45:00,0.0,0.0,0.05605469271540642,0.0472390353679657
2018-08-25,2018-08-26 18:00:00,0.0,0.0,0.08365270495414734,0.012668469920754433
2018-08-25,2018-08-26 18:15:00,0.0,0.0,0.051530517637729645,0.0
2018-08-25,2018-08-26 18:30:00,0.0,0.0,0.05964454635977745,0.08061591535806656
2018-08-25,2018-08-26 18:45:00,0.0,0.0,0.09461305290460587,0.04552140831947327
2018-08-25,2018-08-26 19:00:00,0.0,0.0,0.11257324367761612,0.06994152069091797
2018-08-25,2018-08-26 19:15:00,0.0,0.0,0.06304650008678436,0.04999755322933197
2018-08-25,2018-08-26 19:30:00,0.0,0.0,0.019916417077183723,0.0919632762670517
2018-08-25,2018-08-26 19:45:00,0.0,0.0,0.04704497382044792,0.07749834656715393
2018-08-25,2018-08-26 20:00:00,0.0,0.0,0.07777003943920135,0.09950685501098633
2018-08-25,2018-08-26 20:15:00,0.0,0.0004784395860042423,0.0010166391730308533,0.026550449430942535
2018-08-25,2018-08-26 20:30:00,0.0,0.0,0.0,0.050001099705696106
2018-08-25,2018-08-26 20:45:00,0.0,0.05021863803267479,0.0,0.11236295104026794
2018-08-25,2018-08-26 21:00:00,0.0,0.02680261619389057,0.024413680657744408,0.15658485889434814
2018-08-25,2018-08-26 21:15:00,0.0,0.07369165122509003,0.021529102697968483,0.06666946411132812
2018-08-25,2018-08-26 21:30:00,0.0,0.09874095022678375,0.00044265203177928925,0.05163019150495529
2018-08-25,2018-08-26 21:45:00,0.0,0.12206142395734787,0.044041234999895096,0.09905017167329788
2018-08-25,2018-08-26 22:00:00,0.0,0.2031751126050949,0.04999331012368202,0.15592361986637115
2018-08-25,2018-08-26 22:15:00,0.0,0.2829422354698181,0.06933560967445374,0.22307300567626953
2018-08-25,2018-08-26 22:30:00,0.20390599966049194,0.35162535309791565,0.15213675796985626,0.25968125462532043
2018-08-25,2018-08-26 22:45:00,0.31992200016975403,0.3527095317840576,0.24778705835342407,0.42090141773223877
2018-08-25,2018-08-26 23:00:00,0.46054700016975403,0.5452240109443665,0.35678383708000183,0.5266939401626587
2018-08-25,2018-08-26 23:15:00,0.6328120231628418,0.6344160437583923,0.45421868562698364,0.6108092665672302
2018-08-25,2018-08-26 23:30:00,0.8824219703674316,0.6993469595909119,0.6283065676689148,0.7752149105072021
2018-08-25,2018-08-26 23:45:00,1.125,0.8420330882072449,0.7729362845420837,0.9113938212394714
2018-08-26,2018-08-27 00:00:00,1.2972660064697266,1.1082420349121094,1.2591831684112549,1.4740384817123413
2018-08-26,2018-08-27 00:15:00,1.181249976158142,1.3281100988388062,1.4130934476852417,1.672271490097046
2018-08-26,2018-08-27 00:30:00,1.8878910541534424,1.548535704612732,1.6458178758621216,1.8906441926956177
2018-08-26,2018-08-27 00:45:00,2.021483898162842,1.738467812538147,1.854386329650879,2.126903772354126
2018-08-26,2018-08-27 01:00:00,2.285156011581421,1.9037176370620728,2.067064046859741,2.297675848007202
2018-08-26,2018-08-27 01:15:00,2.478516101837158,2.1082704067230225,2.1906204223632812,2.3952651023864746
2018-08-26,2018-08-27 01:30:00,2.6578121185302734,2.319091558456421,2.3851680755615234,2.634997844696045
2018-08-26,2018-08-27 01:45:00,2.8441410064697266,2.4469587802886963,2.5194430351257324,2.768446445465088
2018-08-26,2018-08-27 02:00:00,3.121875047683716,2.53662371635437,2.6519668102264404,2.829162836074829
2018-08-26,2018-08-27 02:15:00,3.287108898162842,2.6284615993499756,2.79476261138916,2.975111961364746
2018-08-26,2018-08-27 02:30:00,2.3097660541534424,2.801182985305786,2.856349229812622,3.0789382457733154
2018-08-26,2018-08-27 02:45:00,3.427733898162842,2.935279607772827,2.9397408962249756,3.175337553024292
2018-08-26,2018-08-27 03:00:00,2.2113280296325684,3.010418653488159,3.0040454864501953,3.2881247997283936
2018-08-26,2018-08-27 03:15:00,3.4699220657348633,3.0687854290008545,3.007448196411133,3.2970006465911865
2018-08-26,2018-08-27 03:30:00,3.1500000953674316,3.1235523223876953,3.0006234645843506,3.2609102725982666
2018-08-26,2018-08-27 03:45:00,3.410156011581421,3.1470396518707275,3.106123208999634,3.3758950233459473
2018-08-26,2018-08-27 04:00:00,4.151953220367432,3.172088384628296,3.0623350143432617,3.3575572967529297
2018-08-26,2018-08-27 04:15:00,3.67031192779541,3.179208278656006,2.987215042114258,3.3077428340911865
2018-08-26,2018-08-27 04:30:00,3.5964839458465576,3.1498634815216064,3.0440008640289307,3.3952481746673584
2018-08-26,2018-08-27 04:45:00,3.7230470180511475,3.0776028633117676,2.951979637145996,3.311659336090088
2018-08-26,2018-08-27 05:00:00,2.5804688930511475,3.074430227279663,2.907341718673706,3.2592051029205322
2018-08-26,2018-08-27 05:15:00,2.696484088897705,3.034550666809082,2.8581972122192383,3.1314377784729004
2018-08-26,2018-08-27 05:30:00,4.310155868530273,2.9909613132476807,2.7433698177337646,3.1903648376464844
2018-08-26,2018-08-27 05:45:00,2.8441410064697266,2.7831790447235107,2.7339131832122803,3.030322313308716
2018-08-26,2018-08-27 06:00:00,3.4839839935302734,2.678966999053955,2.6483421325683594,2.949310779571533
2018-08-26,2018-08-27 06:15:00,3.5964839458465576,2.5004336833953857,2.478196620941162,2.761704683303833
2018-08-26,2018-08-27 06:30:00,3.3363280296325684,2.2653372287750244,2.3013813495635986,2.634902000427246
2018-08-26,2018-08-27 06:45:00,3.367969036102295,2.1386168003082275,2.2182693481445312,2.4060304164886475
2018-08-26,2018-08-27 07:00:00,3.0269529819488525,1.8983532190322876,2.0402979850769043,2.2660439014434814
2018-08-26,2018-08-27 07:15:00,3.0550780296325684,1.7873598337173462,1.8583036661148071,2.0799741744995117
2018-08-26,2018-08-27 07:30:00,2.8968749046325684,1.4826213121414185,1.7486968040466309,1.9503353834152222
2018-08-26,2018-08-27 07:45:00,2.7351560592651367,1.3131108283996582,1.5612704753875732,1.6666033267974854
2018-08-26,2018-08-27 08:00:00,2.3765621185302734,1.0565022230148315,1.3186366558074951,1.414847493171692
2018-08-26,2018-08-27 08:15:00,1.7015620470046997,0.8641501665115356,1.1389425992965698,1.2285494804382324
2018-08-26,2018-08-27 08:30:00,2.2886719703674316,0.7328843474388123,0.9802553057670593,1.0054181814193726
2018-08-26,2018-08-27 08:45:00,2.0144529342651367,0.539360523223877,0.8084366917610168,0.8969840407371521
2018-08-26,2018-08-27 09:00:00,0.6679689884185791,0.41421088576316833,0.6122148633003235,0.6947810053825378
2018-08-26,2018-08-27 09:15:00,0.5695310235023499,0.3265776038169861,0.47648629546165466,0.5406608581542969
2018-08-26,2018-08-27 09:30:00,0.5695310235023499,0.21548885107040405,0.34088775515556335,0.4233039915561676
2018-08-26,2018-08-27 09:45:00,0.4921880066394806,0.1424875557422638,0.26812681555747986,0.2534284293651581
2018-08-26,2018-08-27 10:00:00,0.42890599370002747,0.05187619850039482,0.17051592469215393,0.25939151644706726
2018-08-26,2018-08-27 10:15:00,0.15820300579071045,0.04019176587462425,0.09346848726272583,0.14950454235076904
2018-08-26,2018-08-27 10:30:00,0.03515600040555,0.06447495520114899,0.045078810304403305,0.13204756379127502
2018-08-26,2018-08-27 10:45:00,0.0,0.08283746242523193,0.02247653715312481,0.09619216620922089
2018-08-26,2018-08-27 11:00:00,0.0,0.0990491658449173,0.007270858157426119,0.1369219273328781
2018-08-26,2018-08-27 11:15:00,0.0,0.03363370522856712,0.0027341844979673624,0.11968812346458435
2018-08-26,2018-08-27 11:30:00,0.0,0.10866355150938034,0.011450951918959618,0.039084140211343765
2018-08-26,2018-08-27 11:45:00,0.0,0.07456188648939133,0.0016992285382002592,0.042833682149648666
2018-08-26,2018-08-27 12:00:00,0.0,0.09386786073446274,0.028085753321647644,0.030328817665576935
2018-08-26,2018-08-27 12:15:00,0.0,0.09197480231523514,0.06222182512283325,0.05729509890079498
2018-08-26,2018-08-27 12:30:00,0.0,0.06769075989723206,0.05276687070727348,0.0
2018-08-26,2018-08-27 12:45:00,0.0,0.15196245908737183,0.05161863937973976,0.0
2018-08-26,2018-08-27 13:00:00,0.0,0.05846896767616272,0.10940271615982056,0.01300081703811884
2018-08-26,2018-08-27 13:15:00,0.0,0.05603852495551109,0.08553571254014969,0.008165148086845875
2018-08-26,2018-08-27 13:30:00,0.0,0.1379045844078064,0.08543755859136581,0.0
2018-08-26,2018-08-27 13:45:00,0.0,0.15192201733589172,0.07194805145263672,0.0
2018-08-26,2018-08-27 14:00:00,0.0,0.08085025101900101,0.011318937875330448,0.0
2018-08-26,2018-08-27 14:15:00,0.0,0.05973502993583679,0.026259716600179672,0.0
2018-08-26,2018-08-27 14:30:00,0.0,0.040428049862384796,0.006349995266646147,0.0
2018-08-26,2018-08-27 14:45:00,0.0,0.0,0.0,0.0
2018-08-26,2018-08-27 15:00:00,0.0,0.039370641112327576,0.0,0.0
2018-08-26,2018-08-27 15:15:00,0.0,0.03436156362295151,0.0,0.0
2018-08-26,2018-08-27 15:30:00,0.0,0.0,0.0,0.0
2018-08-26,2018-08-27 15:45:00,0.0,0.0,0.0,0.0
2018-08-26,2018-08-27 16:00:00,0.0,0.0,0.0,0.0
2018-08-26,2018-08-27 16:15:00,0.0,0.0,0.0,0.0
2018-08-26,2018-08-27 16:30:00,0.0,0.007269187830388546,0.0,0.0
2018-08-26,2018-08-27 16:45:00,0.0,0.0,0.0,0.028855882585048676
2018-08-26,2018-08-27 17:00:00,0.0,0.0,0.00451671564951539,0.05741671100258827
2018-08-26,2018-08-27 17:15:00,0.0,0.0,0.0,0.05199712514877319
2018-08-26,2018-08-27 17:30:00,0.0,0.0,0.0202620979398489,0.0
2018-08-26,2018-08-27 17:45:00,0.0,0.0,0.04457559809088707,0.03658096492290497
2018-08-26,2018-08-27 18:00:00,0.0,0.0,0.0971216931939125,0.0
2018-08-26,2018-08-27 18:15:00,0.0,0.0,0.055085085332393646,0.0
2018-08-26,2018-08-27 18:30:00,0.0,0.0,0.07872781157493591,0.022752149030566216
2018-08-26,2018-08-27 18:45:00,0.0,0.0,0.10368139296770096,0.011523494496941566
2018-08-26,2018-08-27 19:00:00,0.0,0.0,0.13145045936107635,0.002660586731508374
2018-08-26,2018-08-27 19:15:00,0.0,0.0,0.09899207949638367,0.07797493785619736
2018-08-26,2018-08-27 19:30:00,0.0,0.0,0.056204188615083694,0.03389960899949074
2018-08-26,2018-08-27 19:45:00,0.0,0.0,0.06004642695188522,0.051117002964019775
2018-08-26,2018-08-27 20:00:00,0.0,0.0,0.0841185450553894,0.06268180906772614
2018-08-26,2018-08-27 20:15:00,0.0,0.03970130905508995,0.027604658156633377,0.03994541987776756
2018-08-26,2018-08-27 20:30:00,0.0,0.0,0.02562805451452732,0.03896521031856537
2018-08-26,2018-08-27 20:45:00,0.0,0.0038170646876096725,0.002808928256854415,0.09331199526786804
2018-08-26,2018-08-27 21:00:00,0.0,0.005456044804304838,0.03337666392326355,0.1684226542711258
2018-08-26,2018-08-27 21:15:00,0.0,0.04744920879602432,0.036944080144166946,0.13202235102653503
2018-08-26,2018-08-27 21:30:00,0.0,0.06881316751241684,0.004056484904140234,0.11938682198524475
2018-08-26,2018-08-27 21:45:00,0.0,0.17275945842266083,0.035288773477077484,0.1714082956314087
2018-08-26,2018-08-27 22:00:00,0.003515999997034669,0.22108905017375946,0.032560084015131,0.30666661262512207
2018-08-26,2018-08-27 22:15:00,0.0,0.25947341322898865,0.03982218727469444,0.43000683188438416
2018-08-26,2018-08-27 22:30:00,0.19687500596046448,0.4453287720680237,0.1359514743089676,0.5534408688545227
2018-08-26,2018-08-27 22:45:00,0.31992200016975403,0.48985832929611206,0.22242435812950134,0.7181674838066101
2018-08-26,2018-08-27 23:00:00,0.3410159945487976,0.7315859794616699,0.34939491748809814,0.7932729721069336
2018-08-26,2018-08-27 23:15:00,0.5519530177116394,0.8494812250137329,0.44656431674957275,0.9905907511711121
2018-08-26,2018-08-27 23:30:00,0.5660160183906555,1.000105619430542,0.6282200217247009,1.181218147277832
2018-08-26,2018-08-27 23:45:00,0.731249988079071,1.193311095237732,0.7898880243301392,1.3201099634170532
2018-08-27,2018-08-28 00:00:00,0.935155987739563,1.176971435546875,1.2055391073226929,1.1951948404312134
2018-08-27,2018-08-28 00:15:00,1.8738280534744263,1.3812872171401978,1.3309438228607178,1.5112981796264648
2018-08-27,2018-08-28 00:30:00,1.2269530296325684,1.552168607711792,1.5333056449890137,1.7933193445205688
2018-08-27,2018-08-28 00:45:00,1.4660160541534424,1.7502403259277344,1.7716560363769531,2.172987222671509
2018-08-27,2018-08-28 01:00:00,1.7507810592651367,1.9159696102142334,1.9470348358154297,2.446197509765625
2018-08-27,2018-08-28 01:15:00,2.742187976837158,2.150641441345215,2.0855581760406494,2.741852283477783
2018-08-27,2018-08-28 01:30:00,2.8441410064697266,2.350595474243164,2.276132106781006,3.0284552574157715
2018-08-27,2018-08-28 01:45:00,3.065624952316284,2.512326240539551,2.437997579574585,3.2242276668548584
2018-08-27,2018-08-28 02:00:00,3.258984088897705,2.6646196842193604,2.599968433380127,3.5385642051696777
2018-08-27,2018-08-28 02:15:00,3.4066410064697266,2.7831623554229736,2.7637362480163574,3.6797680854797363
2018-08-27,2018-08-28 02:30:00,3.5999999046325684,2.9729485511779785,2.835613965988159,3.784553050994873
2018-08-27,2018-08-28 02:45:00,3.628124952316284,3.18082857131958,2.9328596591949463,3.8623735904693604
2018-08-27,2018-08-28 03:00:00,3.6597650051116943,3.2407524585723877,3.0113437175750732,4.069356441497803
2018-08-27,2018-08-28 03:15:00,3.7335939407348633,3.328367233276367,3.0502331256866455,4.10486364364624
2018-08-27,2018-08-28 03:30:00,3.789844036102295,3.557529926300049,3.063732385635376,4.127960681915283
2018-08-27,2018-08-28 03:45:00,3.7828121185302734,3.5296218395233154,3.1844165325164795,4.1320929527282715
2018-08-27,2018-08-28 04:00:00,3.867187976837158,3.5800442695617676,3.158761501312256,4.056759834289551
2018-08-27,2018-08-28 04:15:00,3.825000047683716,3.7030577659606934,3.117870569229126,4.102144718170166
2018-08-27,2018-08-28 04:30:00,3.786328077316284,3.649240493774414,3.1820619106292725,3.9828882217407227
2018-08-27,2018-08-28 04:45:00,3.796875,3.7604548931121826,3.1372241973876953,3.966432809829712
2018-08-27,2018-08-28 05:00:00,3.744141101837158,3.7265915870666504,3.1376354694366455,3.82611083984375
2018-08-27,2018-08-28 05:15:00,3.6527340412139893,3.702120542526245,3.0971004962921143,3.8114328384399414
2018-08-27,2018-08-28 05:30:00,3.628124952316284,3.598606824874878,3.0457534790039062,3.628323554992676
2018-08-27,2018-08-28 05:45:00,3.5964839458465576,3.480381727218628,3.0711841583251953,3.4949841499328613
2018-08-27,2018-08-28 06:00:00,3.515625,3.4138669967651367,3.0312371253967285,3.370393753051758
2018-08-27,2018-08-28 06:15:00,3.4347660541534424,3.2378780841827393,2.920992136001587,3.2658917903900146
2018-08-27,2018-08-28 06:30:00,3.3257811069488525,3.0299108028411865,2.7602198123931885,3.1902549266815186
2018-08-27,2018-08-28 06:45:00,3.1851561069488525,2.8830580711364746,2.724628448486328,3.0688562393188477
2018-08-27,2018-08-28 07:00:00,3.0164060592651367,2.706996440887451,2.5637760162353516,2.9186980724334717
2018-08-27,2018-08-28 07:15:00,2.840625047683716,2.5432145595550537,2.3816685676574707,2.7235987186431885
2018-08-27,2018-08-28 07:30:00,2.629688024520874,2.3542776107788086,2.270292043685913,2.701483726501465
2018-08-27,2018-08-28 07:45:00,2.425781011581421,2.1605124473571777,2.110304594039917,2.5795137882232666
2018-08-27,2018-08-28 08:00:00,2.1832029819488525,1.8687324523925781,1.8470054864883423,2.269904136657715
2018-08-27,2018-08-28 08:15:00,1.9160159826278687,1.6503835916519165,1.6298816204071045,2.1752352714538574
2018-08-27,2018-08-28 08:30:00,1.680469036102295,1.4153352975845337,1.4314624071121216,1.964512825012207
2018-08-27,2018-08-28 08:45:00,1.4449219703674316,1.2161530256271362,1.2434927225112915,1.8423646688461304
2018-08-27,2018-08-28 09:00:00,1.1496089696884155,1.0632487535476685,1.023676872253418,1.636858582496643
2018-08-27,2018-08-28 09:15:00,0.9246090054512024,0.8768029808998108,0.8231098055839539,1.4656513929367065
2018-08-27,2018-08-28 09:30:00,0.6785159707069397,0.699145495891571,0.6516906023025513,1.2878305912017822
2018-08-27,2018-08-28 09:45:00,0.4781250059604645,0.5978873372077942,0.4821186363697052,1.0298519134521484
2018-08-27,2018-08-28 10:00:00,0.3023439943790436,0.42298081517219543,0.35894009470939636,0.9269199371337891
2018-08-27,2018-08-28 10:15:00,0.16171899437904358,0.28831207752227783,0.22060485184192657,0.7617428302764893
2018-08-27,2018-08-28 10:30:00,0.03867200016975403,0.2869739532470703,0.12885868549346924,0.5841038823127747
2018-08-27,2018-08-28 10:45:00,0.0,0.18284906446933746,0.08018249273300171,0.46199870109558105
2018-08-27,2018-08-28 11:00:00,0.0,0.1836850494146347,0.006968447472900152,0.4152497947216034
2018-08-27,2018-08-28 11:15:00,0.0,0.05643042176961899,0.0,0.2881494462490082
2018-08-27,2018-08-28 11:30:00,0.0,0.07105036079883575,0.0,0.19774967432022095
2018-08-27,2018-08-28 11:45:00,0.0,0.11711388826370239,0.0,0.2127862125635147
2018-08-27,2018-08-28 12:00:00,0.0,0.013657322153449059,0.0,0.07838956266641617
2018-08-27,2018-08-28 12:15:00,0.0,0.058132875710725784,0.0,0.1114010363817215
2018-08-27,2018-08-28 12:30:00,0.0,0.0,0.0,0.0065563516691327095
2018-08-27,2018-08-28 12:45:00,0.0,0.07645206898450851,0.0,0.0
2018-08-27,2018-08-28 13:00:00,0.0,0.0,0.03618137165904045,0.0
2018-08-27,2018-08-28 13:15:00,0.0,0.0,0.003605019301176071,0.0
2018-08-27,2018-08-28 13:30:00,0.0,0.0,0.01130907516926527,0.0
2018-08-27,2018-08-28 13:45:00,0.0,0.007884691469371319,0.021395212039351463,0.0
2018-08-27,2018-08-28 14:00:00,0.0,0.0,0.0,0.0
2018-08-27,2018-08-28 14:15:00,0.0,0.0,0.0,0.0
2018-08-27,2018-08-28 14:30:00,0.0,0.0,0.0,0.0
2018-08-27,2018-08-28 14:45:00,0.0,0.0,0.0,0.0
2018-08-27,2018-08-28 15:00:00,0.0,0.0,0.0,0.0
2018-08-27,2018-08-28 15:15:00,0.0,0.0,0.0,0.0
2018-08-27,2018-08-28 15:30:00,0.0,0.0,0.0,0.0
2018-08-27,2018-08-28 15:45:00,0.0,0.0,0.0,0.0
2018-08-27,2018-08-28 16:00:00,0.0,0.0,0.0,0.0
2018-08-27,2018-08-28 16:15:00,0.0,0.0,0.016141140833497047,0.0
2018-08-27,2018-08-28 16:30:00,0.0,0.0,0.0,0.0
2018-08-27,2018-08-28 16:45:00,0.0,0.0,0.0029046377167105675,0.0
2018-08-27,2018-08-28 17:00:00,0.0,0.0,0.020407387986779213,0.0
2018-08-27,2018-08-28 17:15:00,0.0,0.0,0.0,0.05146341025829315
2018-08-27,2018-08-28 17:30:00,0.0,0.0,0.0,0.0
2018-08-27,2018-08-28 17:45:00,0.0,0.0,0.01923162117600441,0.0
2018-08-27,2018-08-28 18:00:00,0.0,0.0,0.030046144500374794,0.0
2018-08-27,2018-08-28 18:15:00,0.0,0.0,0.0,0.0
2018-08-27,2018-08-28 18:30:00,0.0,0.0,0.006152845919132233,0.0
2018-08-27,2018-08-28 18:45:00,0.0,0.0,0.020393284037709236,0.0
2018-08-27,2018-08-28 19:00:00,0.0,0.0,0.04783577099442482,0.03855443000793457
2018-08-27,2018-08-28 19:15:00,0.0,0.0,0.012027869001030922,0.11500322073698044
2018-08-27,2018-08-28 19:30:00,0.0,0.0,0.008719468489289284,0.0874069556593895
2018-08-27,2018-08-28 19:45:00,0.0,0.0,0.02751222625374794,0.14553618431091309
2018-08-27,2018-08-28 20:00:00,0.0,0.0,0.04733748733997345,0.05965622141957283
2018-08-27,2018-08-28 20:15:00,0.0,0.031234286725521088,0.023558728396892548,0.06940567493438721
2018-08-27,2018-08-28 20:30:00,0.0,0.008569585159420967,0.02128000743687153,0.09397752583026886
2018-08-27,2018-08-28 20:45:00,0.0,0.010230358690023422,0.02228761836886406,0.08778096735477448
2018-08-27,2018-08-28 21:00:00,0.0,0.0,0.025981450453400612,0.11831440031528473
2018-08-27,2018-08-28 21:15:00,0.0,0.0,0.03253042697906494,0.0
2018-08-27,2018-08-28 21:30:00,0.0,0.0,0.0,0.0
2018-08-27,2018-08-28 21:45:00,0.0,0.015409814193844795,0.0065645198337733746,0.0
2018-08-27,2018-08-28 22:00:00,0.0,0.0,0.01798582822084427,0.0
2018-08-27,2018-08-28 22:15:00,0.0,0.0403057225048542,0.00020580028649419546,0.0
2018-08-27,2018-08-28 22:30:00,0.0,0.11308474093675613,0.023417441174387932,0.0
2018-08-27,2018-08-28 22:45:00,0.21796900033950806,0.12371347844600677,0.09992028772830963,0.0
2018-08-27,2018-08-28 23:00:00,0.3164060115814209,0.21482093632221222,0.16228315234184265,0.0
2018-08-27,2018-08-28 23:15:00,0.3058589994907379,0.29293420910835266,0.20917125046253204,0.0
2018-08-27,2018-08-28 23:30:00,0.28125,0.3944185674190521,0.3594960570335388,0.0
2018-08-27,2018-08-28 23:45:00,0.4007810056209564,0.5604340434074402,0.4766734838485718,0.056377094238996506
2018-08-28,2018-08-29 00:00:00,0.28828099370002747,0.7674710750579834,0.683834969997406,0.9596933722496033
2018-08-28,2018-08-29 00:15:00,0.5203120112419128,0.9124228954315186,0.8701286911964417,1.175512433052063
2018-08-28,2018-08-29 00:30:00,0.7593749761581421,1.1235977411270142,1.1032341718673706,1.3294694423675537
2018-08-28,2018-08-29 00:45:00,1.0863280296325684,1.2648224830627441,1.3466318845748901,1.6064395904541016
2018-08-28,2018-08-29 01:00:00,1.3816410303115845,1.4512248039245605,1.5483336448669434,1.7968624830245972
2018-08-28,2018-08-29 01:15:00,2.566406011581421,1.5677354335784912,1.726460337638855,1.9229542016983032
2018-08-28,2018-08-29 01:30:00,2.3871090412139893,1.742727518081665,1.9528882503509521,2.1849777698516846
2018-08-28,2018-08-29 01:45:00,2.292186975479126,1.8621037006378174,2.129737138748169,2.263871192932129
2018-08-28,2018-08-29 02:00:00,2.4398438930511475,1.969314694404602,2.269634962081909,2.3924641609191895
2018-08-28,2018-08-29 02:15:00,2.759766101837158,1.9850438833236694,2.488513946533203,2.47843074798584
2018-08-28,2018-08-29 02:30:00,3.7828121185302734,2.139930009841919,2.582759380340576,2.6151492595672607
2018-08-28,2018-08-29 02:45:00,3.786328077316284,2.285841226577759,2.695202112197876,2.683769702911377
2018-08-28,2018-08-29 03:00:00,3.7722649574279785,2.3260226249694824,2.7968993186950684,2.8774397373199463
2018-08-28,2018-08-29 03:15:00,3.638672113418579,2.4048044681549072,2.8312180042266846,2.842843532562256
2018-08-28,2018-08-29 03:30:00,3.7546870708465576,2.3961312770843506,2.859107255935669,2.8835537433624268
2018-08-28,2018-08-29 03:45:00,3.779297113418579,2.4303908348083496,2.975240468978882,2.8655972480773926
2018-08-28,2018-08-29 04:00:00,3.67031192779541,2.481199264526367,2.9784610271453857,2.898560047149658
2018-08-28,2018-08-29 04:15:00,3.6140620708465576,2.4547412395477295,2.9607040882110596,2.8998470306396484
2018-08-28,2018-08-29 04:30:00,3.726562023162842,2.4559192657470703,2.9898629188537598,2.8991165161132812
2018-08-28,2018-08-29 04:45:00,3.2941410541534424,2.4455738067626953,2.934453010559082,2.802919387817383
2018-08-28,2018-08-29 05:00:00,3.5753910541534424,2.408395290374756,2.897780418395996,2.7167141437530518
2018-08-28,2018-08-29 05:15:00,3.462891101837158,2.3580594062805176,2.844543695449829,2.6271896362304688
2018-08-28,2018-08-29 05:30:00,3.3292970657348633,2.3586645126342773,2.7516720294952393,2.5931882858276367
2018-08-28,2018-08-29 05:45:00,3.4382810592651367,2.158496141433716,2.7294528484344482,2.4313647747039795
2018-08-28,2018-08-29 06:00:00,3.5894529819488525,2.0610833168029785,2.6747775077819824,2.3593223094940186
2018-08-28,2018-08-29 06:15:00,3.5015621185302734,1.9140678644180298,2.4922947883605957,2.2019879817962646
2018-08-28,2018-08-29 06:30:00,3.375,1.7080481052398682,2.3463833332061768,2.137810707092285
2018-08-28,2018-08-29 06:45:00,3.2554690837860107,1.613724946975708,2.257779836654663,1.9265319108963013
2018-08-28,2018-08-29 07:00:00,3.086719036102295,1.402403712272644,2.1335813999176025,1.8115555047988892
2018-08-28,2018-08-29 07:15:00,2.924999952316284,1.2916804552078247,2.009969711303711,1.6250770092010498
2018-08-28,2018-08-29 07:30:00,2.682421922683716,0.9966093897819519,1.900998592376709,1.5596221685409546
2018-08-28,2018-08-29 07:45:00,2.460937976837158,0.9108098745346069,1.7419366836547852,1.3597248792648315
2018-08-28,2018-08-29 08:00:00,2.197266101837158,0.7203245759010315,1.5687559843063354,1.1275206804275513
2018-08-28,2018-08-29 08:15:00,1.9828120470046997,0.5152680277824402,1.4279377460479736,1.0067423582077026
2018-08-28,2018-08-29 08:30:00,1.694530963897705,0.40989306569099426,1.3093492984771729,0.8529486060142517
2018-08-28,2018-08-29 08:45:00,1.3957029581069946,0.2607789635658264,1.1522830724716187,0.7876631617546082
2018-08-28,2018-08-29 09:00:00,1.1988279819488525,0.179072305560112,0.9471691846847534,0.6174639463424683
2018-08-28,2018-08-29 09:15:00,0.9492189884185791,0.12241332978010178,0.7765740752220154,0.4910350739955902
2018-08-28,2018-08-29 09:30:00,0.7207030057907104,0.08328422904014587,0.6398279070854187,0.42483678460121155
2018-08-28,2018-08-29 09:45:00,0.4886719882488251,0.0,0.5297595858573914,0.33796370029449463
2018-08-28,2018-08-29 10:00:00,0.3164060115814209,0.0,0.428791344165802,0.296484112739563
2018-08-28,2018-08-29 10:15:00,0.17226600646972656,0.0,0.3115694224834442,0.23512251675128937
2018-08-28,2018-08-29 10:30:00,0.03867200016975403,0.0,0.23837992548942566,0.16858802735805511
2018-08-28,2018-08-29 10:45:00,0.0,0.02339005470275879,0.16901420056819916,0.17423850297927856
2018-08-28,2018-08-29 11:00:00,0.0,0.02855897694826126,0.10603590309619904,0.19405102729797363
2018-08-28,2018-08-29 11:15:00,0.0,0.0,0.12186823785305023,0.16857506334781647
2018-08-28,2018-08-29 11:30:00,0.0,0.0844288095831871,0.06270630657672882,0.07361935079097748
2018-08-28,2018-08-29 11:45:00,0.0,0.05534805357456207,0.03240147605538368,0.0826643630862236
2018-08-28,2018-08-29 12:00:00,0.0,0.08273278176784515,0.04999494552612305,0.047911494970321655
2018-08-28,2018-08-29 12:15:00,0.0,0.0864470899105072,0.06960732489824295,0.09662674367427826
2018-08-28,2018-08-29 12:30:00,0.0,0.0709834098815918,0.06389777362346649,0.0012346821604296565
2018-08-28,2018-08-29 12:45:00,0.0,0.13307680189609528,0.0579058900475502,0.0
2018-08-28,2018-08-29 13:00:00,0.0,0.08614813536405563,0.07587698101997375,0.0
2018-08-28,2018-08-29 13:15:00,0.0,0.04774734005331993,0.04792792722582817,0.0
2018-08-28,2018-08-29 13:30:00,0.0,0.07895265519618988,0.035109128803014755,0.0
2018-08-28,2018-08-29 13:45:00,0.0,0.09846986085176468,0.03493344411253929,0.0
2018-08-28,2018-08-29 14:00:00,0.0,0.0725003182888031,0.005082424264401197,0.0
2018-08-28,2018-08-29 14:15:00,0.0,0.03444048389792442,0.010318389162421227,0.0
2018-08-28,2018-08-29 14:30:00,0.0,0.00722022308036685,0.006511837709695101,0.0
2018-08-28,2018-08-29 14:45:00,0.0,0.0,0.0,0.0
2018-08-28,2018-08-29 15:00:00,0.0,0.0,0.0,0.0
2018-08-28,2018-08-29 15:15:00,0.0,0.0,0.0,0.0
2018-08-28,2018-08-29 15:30:00,0.0,0.0,0.0,0.0
2018-08-28,2018-08-29 15:45:00,0.0,0.0,0.0,0.0
2018-08-28,2018-08-29 16:00:00,0.0,0.0,0.0,0.0
2018-08-28,2018-08-29 16:15:00,0.0,0.0,0.0,0.0
2018-08-28,2018-08-29 16:30:00,0.0,0.0,0.0,0.0
2018-08-28,2018-08-29 16:45:00,0.0,0.0,0.0,0.004054005723446608
2018-08-28,2018-08-29 17:00:00,0.0,0.0035848557017743587,0.03624372184276581,0.04619714990258217
2018-08-28,2018-08-29 17:15:00,0.0,0.0,0.005454645492136478,0.06281659007072449
2018-08-28,2018-08-29 17:30:00,0.0,0.0,0.05319846794009209,0.0
2018-08-28,2018-08-29 17:45:00,0.0,0.0,0.06594433635473251,0.07387752830982208
2018-08-28,2018-08-29 18:00:00,0.0,0.0,0.056715238839387894,0.05060197040438652
2018-08-28,2018-08-29 18:15:00,0.0,0.0,0.04809386283159256,0.0
2018-08-28,2018-08-29 18:30:00,0.0,0.0,0.07147150486707687,0.0
2018-08-28,2018-08-29 18:45:00,0.0,0.0,0.07861189544200897,0.02279452420771122
2018-08-28,2018-08-29 19:00:00,0.0,0.01202322170138359,0.08317005634307861,0.011320867575705051
2018-08-28,2018-08-29 19:15:00,0.0,0.0,0.048972874879837036,0.13069027662277222
2018-08-28,2018-08-29 19:30:00,0.0,0.0,0.034824006259441376,0.00877413060516119
2018-08-28,2018-08-29 19:45:00,0.0,0.0,0.0556831993162632,0.1131507083773613
2018-08-28,2018-08-29 20:00:00,0.0,0.0007011942798271775,0.05739240348339081,0.07318957895040512
2018-08-28,2018-08-29 20:15:00,0.0,0.08966424316167831,0.013455184176564217,0.06595353782176971
2018-08-28,2018-08-29 20:30:00,0.0,0.0,0.011399863287806511,0.05547095090150833
2018-08-28,2018-08-29 20:45:00,0.0,0.10177246481180191,0.0,0.09835488349199295
2018-08-28,2018-08-29 21:00:00,0.0,0.09291485697031021,0.019007468596100807,0.18385739624500275
2018-08-28,2018-08-29 21:15:00,0.0,0.12437071651220322,0.0509052537381649,0.21020305156707764
2018-08-28,2018-08-29 21:30:00,0.0,0.14622120559215546,0.0,0.17376166582107544
2018-08-28,2018-08-29 21:45:00,0.0,0.20669680833816528,0.0637502446770668,0.21160829067230225
2018-08-28,2018-08-29 22:00:00,0.0,0.29722481966018677,0.02909311279654503,0.2929822504520416
2018-08-28,2018-08-29 22:15:00,0.0,0.3437671363353729,0.06865397095680237,0.3652300536632538
2018-08-28,2018-08-29 22:30:00,0.2003909945487976,0.5071855783462524,0.12864939868450165,0.48511043190956116
2018-08-28,2018-08-29 22:45:00,0.34453099966049194,0.5198913812637329,0.21050339937210083,0.5644650459289551
2018-08-28,2018-08-29 23:00:00,0.46406298875808716,0.7087827324867249,0.3392942547798157,0.6352967023849487
2018-08-28,2018-08-29 23:15:00,0.6328120231628418,0.7966846227645874,0.38045036792755127,0.8064383864402771
2018-08-28,2018-08-29 23:30:00,0.9597659707069397,0.9165787696838379,0.5918253064155579,0.9637405872344971
2018-08-28,2018-08-29 23:45:00,0.9140620231628418,1.0764554738998413,0.7131125926971436,0.9979853630065918
2018-08-29,2018-08-30 00:00:00,0.935155987739563,0.9615381956100464,1.2266403436660767,1.328415870666504
2018-08-29,2018-08-30 00:15:00,0.7347660064697266,1.0934792757034302,1.340038776397705,1.5181705951690674
2018-08-29,2018-08-30 00:30:00,1.694530963897705,1.3113255500793457,1.5157520771026611,1.6868507862091064
2018-08-29,2018-08-30 00:45:00,1.033594012260437,1.4710073471069336,1.695739507675171,1.9160367250442505
2018-08-29,2018-08-30 01:00:00,1.3746089935302734,1.6570708751678467,1.8433200120925903,2.0862796306610107
2018-08-29,2018-08-30 01:15:00,2.348438024520874,1.736567735671997,1.9156631231307983,2.2087600231170654
2018-08-29,2018-08-30 01:30:00,1.4695310592651367,1.9147499799728394,2.0604381561279297,2.4246466159820557
2018-08-29,2018-08-30 01:45:00,1.5222660303115845,2.035954713821411,2.1306986808776855,2.5899627208709717
2018-08-29,2018-08-30 02:00:00,1.4378910064697266,2.11574649810791,2.2173547744750977,2.682729959487915
2018-08-29,2018-08-30 02:15:00,1.2867189645767212,2.1094372272491455,2.3121554851531982,2.7737371921539307
2018-08-29,2018-08-30 02:30:00,1.1953120231628418,2.2390217781066895,2.3314058780670166,2.8882076740264893
2018-08-29,2018-08-30 02:45:00,1.223436951637268,2.3771750926971436,2.3700673580169678,2.9600586891174316
2018-08-29,2018-08-30 03:00:00,1.821094036102295,2.377213954925537,2.3789749145507812,3.122361421585083
2018-08-29,2018-08-30 03:15:00,1.4097659587860107,2.429495334625244,2.3777432441711426,3.0746030807495117
2018-08-29,2018-08-30 03:30:00,0.9597659707069397,2.4286229610443115,2.3682491779327393,3.1089189052581787
2018-08-29,2018-08-30 03:45:00,1.0019530057907104,2.3672022819519043,2.443854570388794,3.1002941131591797
2018-08-29,2018-08-30 04:00:00,0.9984380006790161,2.389425039291382,2.404536724090576,3.0982019901275635
2018-08-29,2018-08-30 04:15:00,1.2550779581069946,2.345383644104004,2.3703300952911377,3.0521469116210938
2018-08-29,2018-08-30 04:30:00,1.8914060592651367,2.3239738941192627,2.365781545639038,3.0242786407470703
2018-08-29,2018-08-30 04:45:00,1.3183590173721313,2.2610483169555664,2.3194384574890137,2.9232776165008545
2018-08-29,2018-08-30 05:00:00,1.2445310354232788,2.2058348655700684,2.267253875732422,2.7992515563964844
2018-08-29,2018-08-30 05:15:00,1.3324220180511475,2.0786423683166504,2.1996376514434814,2.686579465866089
2018-08-29,2018-08-30 05:30:00,1.230468988418579,2.0184624195098877,2.0693435668945312,2.6364541053771973
2018-08-29,2018-08-30 05:45:00,0.9386720061302185,1.816940188407898,2.027348279953003,2.4284353256225586
2018-08-29,2018-08-30 06:00:00,0.9773439764976501,1.670507550239563,1.928136944770813,2.322953701019287
2018-08-29,2018-08-30 06:15:00,1.2867189645767212,1.5354536771774292,1.7559905052185059,2.1002585887908936
2018-08-29,2018-08-30 06:30:00,1.167186975479126,1.2970679998397827,1.5630172491073608,1.9714301824569702
2018-08-29,2018-08-30 06:45:00,1.1636719703674316,1.1706503629684448,1.4377057552337646,1.7438431978225708
2018-08-29,2018-08-30 07:00:00,0.935155987739563,0.9552963972091675,1.251461386680603,1.6132731437683105
2018-08-29,2018-08-30 07:15:00,0.892969012260437,0.8816097378730774,1.071697473526001,1.3868252038955688
2018-08-29,2018-08-30 07:30:00,1.0054689645767212,0.6021100282669067,0.9473389983177185,1.2742304801940918
2018-08-29,2018-08-30 07:45:00,1.8492189645767212,0.5225815176963806,0.8044202923774719,1.0625418424606323
2018-08-29,2018-08-30 08:00:00,1.089843988418579,0.3825002610683441,0.6276230216026306,0.8651383519172668
2018-08-29,2018-08-30 08:15:00,1.4941409826278687,0.19807492196559906,0.4844789206981659,0.7334035634994507
2018-08-29,2018-08-30 08:30:00,0.963280975818634,0.10885784029960632,0.3871515393257141,0.6101440191268921
2018-08-29,2018-08-30 08:45:00,0.5378909707069397,0.010185068473219872,0.3329625129699707,0.5144259333610535
2018-08-29,2018-08-30 09:00:00,0.24960899353027344,0.0,0.20246782898902893,0.39501598477363586
2018-08-29,2018-08-30 09:15:00,0.16171899437904358,0.0,0.14523331820964813,0.32093507051467896
2018-08-29,2018-08-30 09:30:00,0.042187999933958054,0.0,0.119064562022686,0.3102368414402008
2018-08-29,2018-08-30 09:45:00,0.052733998745679855,0.0,0.09175685048103333,0.22525645792484283
2018-08-29,2018-08-30 10:00:00,0.010546999983489513,0.0,0.07965204864740372,0.23513497412204742
2018-08-29,2018-08-30 10:15:00,0.0,0.0,0.03727911412715912,0.18479813635349274
2018-08-29,2018-08-30 10:30:00,0.0,0.0,0.016988324001431465,0.17920538783073425
2018-08-29,2018-08-30 10:45:00,0.0,0.0,0.03200891241431236,0.20308776199817657
2018-08-29,2018-08-30 11:00:00,0.0,0.0,0.011489319615066051,0.2193705439567566
2018-08-29,2018-08-30 11:15:00,0.0,0.0,0.02029929682612419,0.176826611161232
2018-08-29,2018-08-30 11:30:00,0.0,0.0741795226931572,0.0,0.1269627958536148
2018-08-29,2018-08-30 11:45:00,0.0,0.06281881779432297,0.0,0.12692570686340332
2018-08-29,2018-08-30 12:00:00,0.0,0.058990273624658585,0.010017510503530502,0.08478952944278717
2018-08-29,2018-08-30 12:15:00,0.0,0.0922488123178482,0.0,0.12654171884059906
2018-08-29,2018-08-30 12:30:00,0.0,0.05687504634261131,0.0,0.02203630656003952
2018-08-29,2018-08-30 12:45:00,0.0,0.12511923909187317,0.0,0.0
2018-08-29,2018-08-30 13:00:00,0.0,0.09846806526184082,0.0024876974057406187,0.0
2018-08-29,2018-08-30 13:15:00,0.0,0.07256551086902618,0.0,0.0
2018-08-29,2018-08-30 13:30:00,0.0,0.07893990725278854,0.0,0.0
2018-08-29,2018-08-30 13:45:00,0.0,0.09643742442131042,0.0,0.0
2018-08-29,2018-08-30 14:00:00,0.0,0.08520185202360153,0.0,0.0
2018-08-29,2018-08-30 14:15:00,0.0,0.050880689173936844,0.0036755295004695654,0.0
2018-08-29,2018-08-30 14:30:00,0.0,0.0005347429541870952,0.034681495279073715,0.0
2018-08-29,2018-08-30 14:45:00,0.0,0.0,0.01704963855445385,0.0
2018-08-29,2018-08-30 15:00:00,0.0,0.013735177926719189,0.009571311995387077,0.0
2018-08-29,2018-08-30 15:15:00,0.0,0.015567747876048088,0.011575652286410332,0.0
2018-08-29,2018-08-30 15:30:00,0.0,0.0,0.0,0.0
2018-08-29,2018-08-30 15:45:00,0.0,0.0,0.0,0.0
2018-08-29,2018-08-30 16:00:00,0.0,0.0,0.024487636983394623,0.0
2018-08-29,2018-08-30 16:15:00,0.0,0.02075335569679737,0.029332945123314857,0.0
2018-08-29,2018-08-30 16:30:00,0.0,0.0,0.032389722764492035,0.0
2018-08-29,2018-08-30 16:45:00,0.0,0.0,0.0,0.0
2018-08-29,2018-08-30 17:00:00,0.0,0.04563198611140251,0.0442315936088562,0.03774142265319824
2018-08-29,2018-08-30 17:15:00,0.0,0.01748788356781006,0.008213664405047894,0.055002983659505844
2018-08-29,2018-08-30 17:30:00,0.0,0.055274847894907,0.023984188213944435,0.0
2018-08-29,2018-08-30 17:45:00,0.0,0.058225132524967194,0.023883309215307236,0.034956179559230804
2018-08-29,2018-08-30 18:00:00,0.0,0.027696598321199417,0.03475940600037575,0.0
2018-08-29,2018-08-30 18:15:00,0.0,0.04855387657880783,0.01858236826956272,0.0
2018-08-29,2018-08-30 18:30:00,0.0,0.0028063408099114895,0.019673097878694534,0.0
2018-08-29,2018-08-30 18:45:00,0.0,0.03589707240462303,0.023407256230711937,0.0
2018-08-29,2018-08-30 19:00:00,0.0,0.08029181510210037,0.033829785883426666,0.0
2018-08-29,2018-08-30 19:15:00,0.0,0.034992340952157974,0.008363213390111923,0.07635834813117981
2018-08-29,2018-08-30 19:30:00,0.0,0.03962695598602295,0.0,0.02396467700600624
2018-08-29,2018-08-30 19:45:00,0.0,0.009723947383463383,0.0,0.0732717290520668
2018-08-29,2018-08-30 20:00:00,0.0,0.020374467596411705,0.0,0.07783055305480957
2018-08-29,2018-08-30 20:15:00,0.0,0.11465971916913986,0.0,0.08557005226612091
2018-08-29,2018-08-30 20:30:00,0.0,0.006403906270861626,0.0,0.09500822424888611
2018-08-29,2018-08-30 20:45:00,0.0,0.06704220175743103,0.0,0.12738317251205444
2018-08-29,2018-08-30 21:00:00,0.0,0.002363259205594659,0.0,0.21116463840007782
2018-08-29,2018-08-30 21:15:00,0.0,0.06026781350374222,0.0,0.2218829095363617
2018-08-29,2018-08-30 21:30:00,0.0,0.048212867230176926,0.0,0.1599080115556717
2018-08-29,2018-08-30 21:45:00,0.0,0.10917965322732925,0.02268141321837902,0.19562557339668274
2018-08-29,2018-08-30 22:00:00,0.0,0.17745652794837952,0.07256826758384705,0.29203400015830994
2018-08-29,2018-08-30 22:15:00,0.0,0.20903080701828003,0.09746767580509186,0.36363479495048523
2018-08-29,2018-08-30 22:30:00,0.024608999490737915,0.3816637396812439,0.1399693638086319,0.4670378267765045
2018-08-29,2018-08-30 22:45:00,0.07734400033950806,0.4210558235645294,0.2527642250061035,0.5415666103363037
2018-08-29,2018-08-30 23:00:00,0.26367199420928955,0.5365391969680786,0.3447017967700958,0.5900339484214783
2018-08-29,2018-08-30 23:15:00,0.23906299471855164,0.6522771120071411,0.42621731758117676,0.7554754614830017
2018-08-29,2018-08-30 23:30:00,0.291797012090683,0.7870058417320251,0.5629419684410095,0.876741349697113
2018-08-29,2018-08-30 23:45:00,0.30937498807907104,0.9554645419120789,0.6926409602165222,0.9547847509384155
2018-08-30,2018-08-31 00:00:00,0.411327987909317,0.2919580936431885,0.4926607608795166,0.5155920386314392
2018-08-30,2018-08-31 00:15:00,0.5730469822883606,0.36019158363342285,0.5364454388618469,0.6629390120506287
2018-08-30,2018-08-31 00:30:00,0.5378909707069397,0.5590699911117554,0.6309893727302551,0.7042849659919739
2018-08-30,2018-08-31 00:45:00,0.4816409945487976,0.629817008972168,0.6750605702400208,0.9049299955368042
2018-08-30,2018-08-31 01:00:00,1.1285159587860107,0.8327878713607788,0.7677354216575623,1.0583757162094116
2018-08-30,2018-08-31 01:15:00,1.1917970180511475,0.879681408405304,0.8137469291687012,1.2319399118423462
2018-08-30,2018-08-31 01:30:00,1.2761720418930054,1.0096843242645264,0.9290498495101929,1.3664610385894775
2018-08-30,2018-08-31 01:45:00,0.5695310235023499,1.0948054790496826,0.9988077878952026,1.4292140007019043
2018-08-30,2018-08-31 02:00:00,0.4675779938697815,1.1926871538162231,1.074905276298523,1.5286579132080078
2018-08-30,2018-08-31 02:15:00,0.48515599966049194,1.2225472927093506,1.1492761373519897,1.5829867124557495
2018-08-30,2018-08-31 02:30:00,0.9667969942092896,1.3175898790359497,1.2115503549575806,1.684866189956665
2018-08-30,2018-08-31 02:45:00,1.8175779581069946,1.4923624992370605,1.261229395866394,1.7365361452102661
2018-08-30,2018-08-31 03:00:00,2.091797113418579,1.4583852291107178,1.3319143056869507,1.9164758920669556
2018-08-30,2018-08-31 03:15:00,1.722656011581421,1.5791586637496948,1.3527764081954956,1.8770899772644043
2018-08-30,2018-08-31 03:30:00,1.0933589935302734,1.580122947692871,1.4203873872756958,1.8682901859283447
2018-08-30,2018-08-31 03:45:00,1.1460939645767212,1.6031454801559448,1.4797836542129517,1.8467365503311157
2018-08-30,2018-08-31 04:00:00,1.364061951637268,1.6688268184661865,1.451034665107727,1.8994961977005005
2018-08-30,2018-08-31 04:15:00,1.3746089935302734,1.6503559350967407,1.4435979127883911,1.8961743116378784
2018-08-30,2018-08-31 04:30:00,1.132030963897705,1.6492282152175903,1.427849531173706,1.8674589395523071
2018-08-30,2018-08-31 04:45:00,0.5800780057907104,1.7298941612243652,1.4217840433120728,1.6953791379928589
2018-08-30,2018-08-31 05:00:00,0.7875000238418579,1.6383755207061768,1.4151164293289185,1.680998682975769
2018-08-30,2018-08-31 05:15:00,0.7101560235023499,1.597799301147461,1.4113503694534302,1.5855854749679565
2018-08-30,2018-08-31 05:30:00,0.5554689764976501,1.6357895135879517,1.3423869609832764,1.5006577968597412
2018-08-30,2018-08-31 05:45:00,0.6328120231628418,1.4925354719161987,1.3887913227081299,1.326930284500122
2018-08-30,2018-08-31 06:00:00,1.1109369993209839,1.4772361516952515,1.3774967193603516,1.181312084197998
2018-08-30,2018-08-31 06:15:00,1.082811951637268,1.3398637771606445,1.2962520122528076,1.136451005935669
2018-08-30,2018-08-31 06:30:00,0.9210940003395081,1.2244937419891357,1.2320936918258667,1.0973396301269531
2018-08-30,2018-08-31 06:45:00,0.8402339816093445,1.1796650886535645,1.2351750135421753,0.938859224319458
2018-08-30,2018-08-31 07:00:00,0.6398440003395081,1.0482512712478638,1.1644706726074219,0.8353472948074341
2018-08-30,2018-08-31 07:15:00,0.7628909945487976,1.0247331857681274,1.0814622640609741,0.6854331493377686
2018-08-30,2018-08-31 07:30:00,0.8789060115814209,0.7700268030166626,1.065701961517334,0.6844496726989746
2018-08-30,2018-08-31 07:45:00,0.6292970180511475,0.7740214467048645,0.9877306818962097,0.5380886197090149
2018-08-30,2018-08-31 08:00:00,0.4464839994907379,0.6769145131111145,0.8820425271987915,0.3274635374546051
2018-08-30,2018-08-31 08:15:00,0.3621090054512024,0.5834614038467407,0.8054546117782593,0.4284079074859619
2018-08-30,2018-08-31 08:30:00,0.37968701124191284,0.44767990708351135,0.7065554857254028,0.2784596085548401
2018-08-30,2018-08-31 08:45:00,0.42890599370002747,0.38373705744743347,0.63192218542099,0.3683045506477356
2018-08-30,2018-08-31 09:00:00,0.3023439943790436,0.28104761242866516,0.5659692287445068,0.29790040850639343
2018-08-30,2018-08-31 09:15:00,0.21445299685001373,0.2381579577922821,0.4743165373802185,0.23184002935886383
2018-08-30,2018-08-31 09:30:00,0.18984399735927582,0.23192518949508667,0.37265780568122864,0.26086288690567017
2018-08-30,2018-08-31 09:45:00,0.049219001084566116,0.13919076323509216,0.3262440860271454,0.26906171441078186
2018-08-30,2018-08-31 10:00:00,0.049219001084566116,0.13599054515361786,0.2832460105419159,0.25618940591812134
2018-08-30,2018-08-31 10:15:00,0.010546999983489513,0.06316529959440231,0.21546193957328796,0.2636684477329254
2018-08-30,2018-08-31 10:30:00,0.0,0.05504827946424484,0.18194347620010376,0.10288411378860474
2018-08-30,2018-08-31 10:45:00,0.0,0.02460562437772751,0.1133815348148346,0.1840083748102188
2018-08-30,2018-08-31 11:00:00,0.0,0.07621874660253525,0.08349429816007614,0.2232985943555832
2018-08-30,2018-08-31 11:15:00,0.0,0.04613718390464783,0.036222342401742935,0.2491048276424408
2018-08-30,2018-08-31 11:30:00,0.0,0.09819316864013672,0.001175652607344091,0.0773075744509697
2018-08-30,2018-08-31 11:45:00,0.0,0.04301217943429947,0.03133641183376312,0.13937562704086304
2018-08-30,2018-08-31 12:00:00,0.0,0.045078109949827194,0.02526863105595112,0.1167006865143776
2018-08-30,2018-08-31 12:15:00,0.0,0.06341072171926498,0.0,0.1534886211156845
2018-08-30,2018-08-31 12:30:00,0.0,0.03629392385482788,0.0020999307744205,0.04198320582509041
2018-08-30,2018-08-31 12:45:00,0.0,0.09426742792129517,0.0,0.055090270936489105
2018-08-30,2018-08-31 13:00:00,0.0,0.06747585535049438,5.777622573077679e-05,0.0
2018-08-30,2018-08-31 13:15:00,0.0,0.02453102357685566,0.0,0.0
2018-08-30,2018-08-31 13:30:00,0.0,0.01702544093132019,0.0,0.0
2018-08-30,2018-08-31 13:45:00,0.0,0.07973480224609375,0.0,0.0
2018-08-30,2018-08-31 14:00:00,0.0,0.06796872615814209,0.0,0.0
2018-08-30,2018-08-31 14:15:00,0.0,0.01032133586704731,0.0,0.0
2018-08-30,2018-08-31 14:30:00,0.0,0.0,0.0,0.0
2018-08-30,2018-08-31 14:45:00,0.0,0.0,0.0,0.02644653618335724
2018-08-30,2018-08-31 15:00:00,0.0,0.023871921002864838,0.0,0.0
2018-08-30,2018-08-31 15:15:00,0.0,0.0,0.0,0.09078741073608398
2018-08-30,2018-08-31 15:30:00,0.0,0.0,0.0,0.0
2018-08-30,2018-08-31 15:45:00,0.0,0.0,0.008352138102054596,0.0705374926328659
2018-08-30,2018-08-31 16:00:00,0.0,0.0,0.019307851791381836,0.062173258513212204
2018-08-30,2018-08-31 16:15:00,0.0,0.0019856677390635014,0.03241771459579468,0.0
2018-08-30,2018-08-31 16:30:00,0.0,0.0,0.0065989005379378796,0.07063550502061844
2018-08-30,2018-08-31 16:45:00,0.0,0.0,0.018367402255535126,0.06574687361717224
2018-08-30,2018-08-31 17:00:00,0.0,0.0350458063185215,0.035064611583948135,0.0404793806374073
2018-08-30,2018-08-31 17:15:00,0.0,0.0078079053200781345,0.019804170355200768,0.09621861577033997
2018-08-30,2018-08-31 17:30:00,0.0,0.0788598284125328,0.009493199177086353,0.0
2018-08-30,2018-08-31 17:45:00,0.0,0.09821460396051407,0.014737609773874283,0.0593891404569149
2018-08-30,2018-08-31 18:00:00,0.0,0.09080346673727036,0.0015549929812550545,0.03949670121073723
2018-08-30,2018-08-31 18:15:00,0.0,0.06748081743717194,0.0,0.0
2018-08-30,2018-08-31 18:30:00,0.0,0.046902406960725784,0.0,0.0
2018-08-30,2018-08-31 18:45:00,0.0,0.10475821793079376,0.0030745661351829767,0.07504138350486755
2018-08-30,2018-08-31 19:00:00,0.0,0.14357273280620575,0.0,0.06406834721565247
2018-08-30,2018-08-31 19:15:00,0.0,0.1404443085193634,0.010807013139128685,0.18659436702728271
2018-08-30,2018-08-31 19:30:00,0.0,0.11281935125589371,0.025076646357774734,0.05119771882891655
2018-08-30,2018-08-31 19:45:00,0.0,0.11869984120130539,0.038972143083810806,0.1398615688085556
2018-08-30,2018-08-31 20:00:00,0.0,0.1464661955833435,0.03864284232258797,0.10687491297721863
2018-08-30,2018-08-31 20:15:00,0.0,0.19672109186649323,0.01682990789413452,0.12461236864328384
2018-08-30,2018-08-31 20:30:00,0.0,0.09878946095705032,0.021779606118798256,0.13547764718532562
2018-08-30,2018-08-31 20:45:00,0.0,0.1742350161075592,0.019566848874092102,0.07703104615211487
2018-08-30,2018-08-31 21:00:00,0.0,0.08366851508617401,0.019875463098287582,0.2213253527879715
2018-08-30,2018-08-31 21:15:00,0.0,0.09602583944797516,0.038008853793144226,0.1191251128911972
2018-08-30,2018-08-31 21:30:00,0.0,0.07907085120677948,0.0,0.041685208678245544
2018-08-30,2018-08-31 21:45:00,0.0,0.11576565355062485,0.0,0.12147983908653259
2018-08-30,2018-08-31 22:00:00,0.0,0.14889773726463318,0.0,0.14140573143959045
2018-08-30,2018-08-31 22:15:00,0.0,0.1926189810037613,0.0,0.19454032182693481
2018-08-30,2018-08-31 22:30:00,0.0,0.2755562961101532,0.029370803385972977,0.19029317796230316
2018-08-30,2018-08-31 22:45:00,0.052733998745679855,0.28732213377952576,0.03269215673208237,0.28175920248031616
2018-08-30,2018-08-31 23:00:00,0.0703120008111,0.3225204348564148,0.0622243694961071,0.3261282444000244
2018-08-30,2018-08-31 23:15:00,0.25312501192092896,0.3780536353588104,0.11894446611404419,0.47746145725250244
2018-08-30,2018-08-31 23:30:00,0.4570310115814209,0.4885677397251129,0.19596606492996216,0.5156155228614807
2018-08-30,2018-08-31 23:45:00,0.7910159826278687,0.5396930575370789,0.2722322642803192,0.49606698751449585
2018-11-23,2018-11-24 00:00:00,0.2566410005092621,0.23329800367355347,0.19838352501392365,0.2101718634366989
2018-11-23,2018-11-24 00:15:00,0.42539098858833313,0.367077499628067,0.26446768641471863,0.3615037202835083
2018-11-23,2018-11-24 00:30:00,0.6503909826278687,0.5437223315238953,0.3586580753326416,0.49292391538619995
2018-11-23,2018-11-24 00:45:00,0.794530987739563,0.7959455251693726,0.47310924530029297,0.6687877774238586
2018-11-23,2018-11-24 01:00:00,1.1039060354232788,0.9429329633712769,0.6095006465911865,0.8178742527961731
2018-11-23,2018-11-24 01:15:00,1.3253910541534424,1.0635809898376465,0.7296639084815979,0.9714437127113342
2018-11-23,2018-11-24 01:30:00,1.490625023841858,1.2763429880142212,0.9058075547218323,1.1387240886688232
2018-11-23,2018-11-24 01:45:00,1.694530963897705,1.4235718250274658,1.0215948820114136,1.3318357467651367
2018-11-23,2018-11-24 02:00:00,1.835155963897705,1.5320160388946533,1.2001992464065552,1.5170886516571045
2018-11-23,2018-11-24 02:15:00,2.144531011581421,1.6509106159210205,1.3791632652282715,1.639891505241394
2018-11-23,2018-11-24 02:30:00,2.3132810592651367,1.7878361940383911,1.4942532777786255,1.7894903421401978
2018-11-23,2018-11-24 02:45:00,2.513672113418579,1.9718583822250366,1.6239408254623413,1.9111511707305908
2018-11-23,2018-11-24 03:00:00,2.636718988418579,1.9521777629852295,1.7495437860488892,2.073150157928467
2018-11-23,2018-11-24 03:15:00,2.805469036102295,2.0471811294555664,1.8441518545150757,2.150719165802002
2018-11-23,2018-11-24 03:30:00,2.8863279819488525,2.185171604156494,1.9297668933868408,2.269526958465576
2018-11-23,2018-11-24 03:45:00,2.9039061069488525,2.1801233291625977,2.0503811836242676,2.334831714630127
2018-11-23,2018-11-24 04:00:00,2.9390621185302734,2.223021984100342,2.072307825088501,2.3361778259277344
2018-11-23,2018-11-24 04:15:00,2.9496090412139893,2.2136731147766113,2.072951078414917,2.3812365531921387
2018-11-23,2018-11-24 04:30:00,2.865233898162842,2.2411463260650635,2.078155517578125,2.3248915672302246
2018-11-23,2018-11-24 04:45:00,2.707031011581421,2.2137489318847656,2.009546995162964,2.2902305126190186
2018-11-23,2018-11-24 05:00:00,2.82656192779541,2.1716015338897705,1.9775804281234741,2.186389923095703
2018-11-23,2018-11-24 05:15:00,2.68593692779541,2.036149024963379,1.8931549787521362,2.105635643005371
2018-11-23,2018-11-24 05:30:00,2.3695309162139893,2.026449680328369,1.7834218740463257,2.0014166831970215
2018-11-23,2018-11-24 05:45:00,2.242969036102295,1.8559855222702026,1.695754051208496,1.8707853555679321
2018-11-23,2018-11-24 06:00:00,2.1867189407348633,1.7741349935531616,1.5337759256362915,1.717890739440918
2018-11-23,2018-11-24 06:15:00,1.6664060354232788,1.6293562650680542,1.3786847591400146,1.540088176727295
2018-11-23,2018-11-24 06:30:00,1.6488280296325684,1.4859925508499146,1.2035698890686035,1.4028512239456177
2018-11-23,2018-11-24 06:45:00,1.5328119993209839,1.3486967086791992,1.050844669342041,1.2754580974578857
2018-11-23,2018-11-24 07:00:00,1.314844012260437,1.160427212715149,0.8711109757423401,1.0918786525726318
2018-11-23,2018-11-24 07:15:00,1.2937500476837158,1.1089551448822021,0.6752409934997559,0.8935611844062805
2018-11-23,2018-11-24 07:30:00,0.39375001192092896,0.8609626293182373,0.5442355275154114,0.750112771987915
2018-11-23,2018-11-24 07:45:00,0.40781301259994507,0.7567432522773743,0.4232102036476135,0.622407853603363
2018-11-23,2018-11-24 08:00:00,0.5625,0.5506653189659119,0.2851477265357971,0.47850629687309265
2018-11-23,2018-11-24 08:15:00,0.2355470061302185,0.437118798494339,0.17209339141845703,0.3695942461490631
2018-11-23,2018-11-24 08:30:00,0.1054690033197403,0.3404683768749237,0.10299354046583176,0.26956915855407715
2018-11-23,2018-11-24 08:45:00,0.007031000219285488,0.21542173624038696,0.036551810801029205,0.14538194239139557
2018-11-23,2018-11-24 09:00:00,0.0,0.04695865884423256,0.0,0.06828638911247253
2018-11-23,2018-11-24 09:15:00,0.0,0.07475197315216064,0.0,0.006058685015887022
2018-11-23,2018-11-24 09:30:00,0.0,0.0,0.0,0.0
2018-11-23,2018-11-24 09:45:00,0.0,0.0,0.0,0.0
2018-11-23,2018-11-24 10:00:00,0.0,0.0,0.015142648480832577,0.0
2018-11-23,2018-11-24 10:15:00,0.0,0.0,0.010495302267372608,0.0
2018-11-23,2018-11-24 10:30:00,0.0,0.0,0.02390093170106411,0.0
2018-11-23,2018-11-24 10:45:00,0.0,0.0,0.01484085526317358,0.0
2018-11-23,2018-11-24 11:00:00,0.0,0.0,0.05950162187218666,0.0
2018-11-23,2018-11-24 11:15:00,0.0,0.0,0.052534524351358414,0.0
2018-11-23,2018-11-24 11:30:00,0.0,0.0,0.06425802409648895,0.0
2018-11-23,2018-11-24 11:45:00,0.0,0.0,0.05277865380048752,0.0
2018-11-23,2018-11-24 12:00:00,0.0,0.0,0.05917493253946304,0.0
2018-11-23,2018-11-24 12:15:00,0.0,0.0,0.04301341995596886,0.009187177754938602
2018-11-23,2018-11-24 12:30:00,0.0,0.0,0.0014523856807500124,0.0
2018-11-23,2018-11-24 12:45:00,0.0,0.0,0.0,0.0
2018-11-23,2018-11-24 13:00:00,0.0,0.0,0.0,0.0
2018-11-23,2018-11-24 13:15:00,0.0,0.0,0.0,0.0
2018-11-23,2018-11-24 13:30:00,0.0,0.024572765454649925,0.0,0.0
2018-11-23,2018-11-24 13:45:00,0.0,0.04488705098628998,0.0,0.0
2018-11-23,2018-11-24 14:00:00,0.0,0.09582186490297318,0.0,0.0
2018-11-23,2018-11-24 14:15:00,0.0,0.07656387984752655,0.0,0.0
2018-11-23,2018-11-24 14:30:00,0.0,0.016812054440379143,0.0,0.0
2018-11-23,2018-11-24 14:45:00,0.0,0.0,0.007458974607288837,0.0
2018-11-23,2018-11-24 15:00:00,0.0,0.11522593349218369,0.0,0.011863721534609795
2018-11-23,2018-11-24 15:15:00,0.0,0.0761667788028717,0.021951783448457718,0.018959054723381996
2018-11-23,2018-11-24 15:30:00,0.0,0.0,0.016057636588811874,0.03054227866232395
2018-11-23,2018-11-24 15:45:00,0.0,0.036497943103313446,0.02958439663052559,0.03686001896858215
2018-11-23,2018-11-24 16:00:00,0.0,0.11186680197715759,0.019694814458489418,0.0389435850083828
2018-11-23,2018-11-24 16:15:00,0.0,0.13213804364204407,0.03521358594298363,0.05522286519408226
2018-11-23,2018-11-24 16:30:00,0.0,0.06882307678461075,0.024830199778079987,0.08465084433555603
2018-11-23,2018-11-24 16:45:00,0.0,0.0,0.01594936102628708,0.09087783843278885
2018-11-23,2018-11-24 17:00:00,0.0,0.07240036875009537,0.0015251798322424293,0.09986509382724762
2018-11-23,2018-11-24 17:15:00,0.0,0.027922922745347023,0.0,0.10551384836435318
2018-11-23,2018-11-24 17:30:00,0.0,0.08574280887842178,0.0,0.06060832738876343
2018-11-23,2018-11-24 17:45:00,0.0,0.01336219534277916,0.0,0.06368360668420792
2018-11-23,2018-11-24 18:00:00,0.0,0.029315024614334106,0.003999446053057909,0.07243112474679947
2018-11-23,2018-11-24 18:15:00,0.0,0.02999214455485344,0.010291919112205505,0.044865284115076065
2018-11-23,2018-11-24 18:30:00,0.0,0.0,0.0,0.02626790478825569
2018-11-23,2018-11-24 18:45:00,0.0,0.0,0.0,0.0
2018-11-23,2018-11-24 19:00:00,0.0,0.014779215678572655,0.03400636091828346,0.0
2018-11-23,2018-11-24 19:15:00,0.0,0.0,0.0003728386654984206,0.0
2018-11-23,2018-11-24 19:30:00,0.0,0.02766568399965763,0.0,0.0
2018-11-23,2018-11-24 19:45:00,0.0,0.0,0.03292238712310791,0.0
2018-11-23,2018-11-24 20:00:00,0.0,0.0,0.03205069154500961,0.0
2018-11-23,2018-11-24 20:15:00,0.0,0.0,0.009821493178606033,0.0
2018-11-23,2018-11-24 20:30:00,0.0,0.0,0.02558155171573162,0.0
2018-11-23,2018-11-24 20:45:00,0.0,0.0,0.019754070788621902,0.0
2018-11-23,2018-11-24 21:00:00,0.0,0.0,0.0,0.0
2018-11-23,2018-11-24 21:15:00,0.0,0.0,0.0,0.0
2018-11-23,2018-11-24 21:30:00,0.0,0.0,0.0,0.0
2018-11-23,2018-11-24 21:45:00,0.0,0.0,0.0,0.0
2018-11-23,2018-11-24 22:00:00,0.0,0.0,0.0,0.0
2018-11-23,2018-11-24 22:15:00,0.0,0.0,0.0,0.0
2018-11-23,2018-11-24 22:30:00,0.0,0.0,0.0,0.03233272209763527
2018-11-23,2018-11-24 22:45:00,0.0,0.05258750542998314,0.0,0.037393778562545776
2018-11-23,2018-11-24 23:00:00,0.0,0.09088590741157532,0.0,0.05042802914977074
2018-11-23,2018-11-24 23:15:00,0.0,0.1978333443403244,0.0,0.11399056762456894
2018-11-23,2018-11-24 23:30:00,0.04570300132036209,0.3389686346054077,0.010767344385385513,0.18292546272277832
2018-11-23,2018-11-24 23:45:00,0.140625,0.4624272286891937,0.06997442990541458,0.22935448586940765
2018-11-24,2018-11-25 00:00:00,0.27421900629997253,0.4262981414794922,0.41940027475357056,0.37994134426116943
2018-11-24,2018-11-25 00:15:00,0.4816409945487976,0.5723155736923218,0.5483944416046143,0.5472261905670166
2018-11-24,2018-11-25 00:30:00,0.7066410183906555,0.7541282176971436,0.7068246006965637,0.6881348490715027
2018-11-24,2018-11-25 00:45:00,0.9210940003395081,0.9840930700302124,0.9004150032997131,0.8701168298721313
2018-11-24,2018-11-25 01:00:00,1.1039060354232788,1.1360732316970825,1.098533272743225,1.0369404554367065
2018-11-24,2018-11-25 01:15:00,1.2550779581069946,1.2948325872421265,1.2673770189285278,1.2151188850402832
2018-11-24,2018-11-25 01:30:00,1.4835939407348633,1.4879889488220215,1.4591907262802124,1.3488481044769287
2018-11-24,2018-11-25 01:45:00,1.6875,1.6774342060089111,1.6296892166137695,1.5399373769760132
2018-11-24,2018-11-25 02:00:00,1.877344012260437,1.8053520917892456,1.810837745666504,1.7393982410430908
2018-11-24,2018-11-25 02:15:00,2.1128900051116943,1.9425948858261108,2.0114266872406006,1.844517469406128
2018-11-24,2018-11-25 02:30:00,2.3167970180511475,2.0466277599334717,2.1329009532928467,1.9811793565750122
2018-11-24,2018-11-25 02:45:00,2.4996089935302734,2.1977734565734863,2.2395527362823486,2.0431747436523438
2018-11-24,2018-11-25 03:00:00,2.5875000953674316,2.223449468612671,2.3663017749786377,2.211522102355957
2018-11-24,2018-11-25 03:15:00,2.636718988418579,2.313335418701172,2.452953815460205,2.2826755046844482
2018-11-24,2018-11-25 03:30:00,2.7527339458465576,2.417813777923584,2.5143795013427734,2.3208632469177246
2018-11-24,2018-11-25 03:45:00,2.7703120708465576,2.4239232540130615,2.605201244354248,2.3686625957489014
2018-11-24,2018-11-25 04:00:00,2.7914059162139893,2.461700201034546,2.6003942489624023,2.3689827919006348
2018-11-24,2018-11-25 04:15:00,2.7562499046325684,2.4345436096191406,2.5672500133514404,2.3841915130615234
2018-11-24,2018-11-25 04:30:00,2.7562499046325684,2.423757553100586,2.5731656551361084,2.300910711288452
2018-11-24,2018-11-25 04:45:00,2.654297113418579,2.3761143684387207,2.466587781906128,2.2265210151672363
2018-11-24,2018-11-25 05:00:00,2.559375047683716,2.3033673763275146,2.403775215148926,2.1243741512298584
2018-11-24,2018-11-25 05:15:00,2.401171922683716,2.18168306350708,2.2894704341888428,2.0119972229003906
2018-11-24,2018-11-25 05:30:00,2.2289059162139893,2.1426422595977783,2.1738414764404297,1.913258671760559
2018-11-24,2018-11-25 05:45:00,2.116405963897705,1.9686882495880127,2.0422046184539795,1.7377928495407104
2018-11-24,2018-11-25 06:00:00,2.003906011581421,1.8695251941680908,1.8799060583114624,1.585774540901184
2018-11-24,2018-11-25 06:15:00,1.7683589458465576,1.7132823467254639,1.6805657148361206,1.409676194190979
2018-11-24,2018-11-25 06:30:00,1.6066410541534424,1.5541635751724243,1.483776330947876,1.2591339349746704
2018-11-24,2018-11-25 06:45:00,1.4097659587860107,1.4041359424591064,1.3106149435043335,1.084572672843933
2018-11-24,2018-11-25 07:00:00,1.1847660541534424,1.2341256141662598,1.1027653217315674,0.9284001588821411
2018-11-24,2018-11-25 07:15:00,1.0054689645767212,1.192556381225586,0.8834429383277893,0.7386901378631592
2018-11-24,2018-11-25 07:30:00,0.7875000238418579,0.9428315758705139,0.7359136343002319,0.6041823029518127
2018-11-24,2018-11-25 07:45:00,0.5976560115814209,0.7509661316871643,0.5999516844749451,0.47033002972602844
2018-11-24,2018-11-25 08:00:00,0.41835901141166687,0.614555299282074,0.4335692226886749,0.3365268409252167
2018-11-24,2018-11-25 08:15:00,0.2566410005092621,0.5213428735733032,0.30764785408973694,0.26123687624931335
2018-11-24,2018-11-25 08:30:00,0.13710899651050568,0.3620598614215851,0.2149914801120758,0.18747512996196747
2018-11-24,2018-11-25 08:45:00,0.02812499925494194,0.25551605224609375,0.12073664367198944,0.08770756423473358
2018-11-24,2018-11-25 09:00:00,0.0,0.10798202455043793,0.044392600655555725,0.025362113490700722
2018-11-24,2018-11-25 09:15:00,0.0,0.08052725344896317,0.03007267601788044,0.0
2018-11-24,2018-11-25 09:30:00,0.0,0.0,0.006861810572445393,0.008188603445887566
2018-11-24,2018-11-25 09:45:00,0.0,0.0,0.0,0.0
2018-11-24,2018-11-25 10:00:00,0.0,0.0,0.004135750234127045,0.0
2018-11-24,2018-11-25 10:15:00,0.0,0.0,0.0005056294030509889,0.010215288028120995
2018-11-24,2018-11-25 10:30:00,0.0,0.0,0.003560906508937478,0.0
2018-11-24,2018-11-25 10:45:00,0.0,0.0,0.0,0.01854337938129902
2018-11-24,2018-11-25 11:00:00,0.0,0.0,0.02701612375676632,0.028421740978956223
2018-11-24,2018-11-25 11:15:00,0.0,0.0,0.01069825328886509,0.017716513946652412
2018-11-24,2018-11-25 11:30:00,0.0,0.0,0.022501042112708092,0.029374586418271065
2018-11-24,2018-11-25 11:45:00,0.0,0.0,0.011394905857741833,0.0341264046728611
2018-11-24,2018-11-25 12:00:00,0.0,0.0,0.023156899958848953,0.042667243629693985
2018-11-24,2018-11-25 12:15:00,0.0,0.0,0.020071156322956085,0.04034645855426788
2018-11-24,2018-11-25 12:30:00,0.0,0.0,0.014483627863228321,0.0
2018-11-24,2018-11-25 12:45:00,0.0,0.0,0.0053248279727995396,0.009052237495779991
2018-11-24,2018-11-25 13:00:00,0.0,0.0,0.03215888887643814,0.0
2018-11-24,2018-11-25 13:15:00,0.0,0.0,0.006775618996471167,0.0
2018-11-24,2018-11-25 13:30:00,0.0,0.0,0.02715662121772766,0.0
2018-11-24,2018-11-25 13:45:00,0.0,0.02604430541396141,0.017506731674075127,0.0
2018-11-24,2018-11-25 14:00:00,0.0,0.06990865617990494,0.00459650531411171,0.0
2018-11-24,2018-11-25 14:15:00,0.0,0.11182756721973419,0.007417104672640562,0.0
2018-11-24,2018-11-25 14:30:00,0.0,0.0,0.01267671026289463,0.0
2018-11-24,2018-11-25 14:45:00,0.0,0.0,0.04667587950825691,0.0
2018-11-24,2018-11-25 15:00:00,0.0,0.1067274734377861,0.008161753416061401,0.0
2018-11-24,2018-11-25 15:15:00,0.0,0.11536192893981934,0.030155273154377937,0.0
2018-11-24,2018-11-25 15:30:00,0.0,0.0,0.011806420981884003,0.0
2018-11-24,2018-11-25 15:45:00,0.0,0.016949107870459557,0.023169096559286118,0.0
2018-11-24,2018-11-25 16:00:00,0.0,0.11766626685857773,0.0023743698839098215,0.0
2018-11-24,2018-11-25 16:15:00,0.0,0.13747034966945648,0.03253582492470741,0.0
2018-11-24,2018-11-25 16:30:00,0.0,0.06482706218957901,0.012868170626461506,0.002258250955492258
2018-11-24,2018-11-25 16:45:00,0.0,0.0,0.02341459132730961,0.0
2018-11-24,2018-11-25 17:00:00,0.0,0.049501270055770874,4.419499236973934e-05,0.02419954538345337
2018-11-24,2018-11-25 17:15:00,0.0,0.030299905687570572,0.0,0.059597719460725784
2018-11-24,2018-11-25 17:30:00,0.0,0.09357960522174835,0.0,0.001058979774825275
2018-11-24,2018-11-25 17:45:00,0.0,0.012838357128202915,0.008129059337079525,0.0
2018-11-24,2018-11-25 18:00:00,0.0,0.040357187390327454,0.014226723462343216,0.0
2018-11-24,2018-11-25 18:15:00,0.0,0.0024739732034504414,0.023616503924131393,0.004372629337012768
2018-11-24,2018-11-25 18:30:00,0.0,0.0,0.0,0.0
2018-11-24,2018-11-25 18:45:00,0.0,0.0,0.021747928112745285,0.0
2018-11-24,2018-11-25 19:00:00,0.0,0.0041120839305222034,0.05298784002661705,0.0
2018-11-24,2018-11-25 19:15:00,0.0,0.0031789634376764297,0.02625536359846592,0.0
2018-11-24,2018-11-25 19:30:00,0.0,0.027779242023825645,0.024886244907975197,0.0
2018-11-24,2018-11-25 19:45:00,0.0,0.007401920389384031,0.04278556630015373,0.0
2018-11-24,2018-11-25 20:00:00,0.0,0.0,0.04233166202902794,0.0
2018-11-24,2018-11-25 20:15:00,0.0,0.004395045805722475,0.03974394127726555,0.013112970627844334
2018-11-24,2018-11-25 20:30:00,0.0,0.0,0.02746647782623768,0.018875088542699814
2018-11-24,2018-11-25 20:45:00,0.0,0.0,0.004629950039088726,0.03567887470126152
2018-11-24,2018-11-25 21:00:00,0.0,0.0,0.0,0.040848106145858765
2018-11-24,2018-11-25 21:15:00,0.0,0.0,0.0,0.026501687243580818
2018-11-24,2018-11-25 21:30:00,0.0,0.0,0.0,0.0
2018-11-24,2018-11-25 21:45:00,0.0,0.0,0.0,0.010421568527817726
2018-11-24,2018-11-25 22:00:00,0.0,0.0,0.0,0.01808330975472927
2018-11-24,2018-11-25 22:15:00,0.0,0.0,0.0,0.010818760842084885
2018-11-24,2018-11-25 22:30:00,0.0,0.0,0.0,0.03059442527592182
2018-11-24,2018-11-25 22:45:00,0.0,0.049026310443878174,0.0,0.01558922789990902
2018-11-24,2018-11-25 23:00:00,0.0,0.06633168458938599,0.0,0.01738317310810089
2018-11-24,2018-11-25 23:15:00,0.0,0.17928417026996613,0.0,0.08267299085855484
2018-11-24,2018-11-25 23:30:00,0.0,0.3200428783893585,0.05860548093914986,0.12386525422334671
2018-11-24,2018-11-25 23:45:00,0.09843800216913223,0.4397372603416443,0.13922256231307983,0.2106591761112213
2018-11-25,2018-11-26 00:00:00,0.22499999403953552,0.5270899534225464,0.3323765993118286,0.1976689100265503
2018-11-25,2018-11-26 00:15:00,0.3550780117511749,0.6055521965026855,0.4796147644519806,0.3613135516643524
2018-11-25,2018-11-26 00:30:00,0.5378909707069397,0.7644935846328735,0.6325324177742004,0.4899663031101227
2018-11-25,2018-11-26 00:45:00,0.7347660064697266,0.9359989166259766,0.8548296689987183,0.6582168936729431
2018-11-25,2018-11-26 01:00:00,1.1777340173721313,1.1520578861236572,1.095620036125183,0.8598473072052002
2018-11-25,2018-11-26 01:15:00,1.209375023841858,1.2399611473083496,1.2883026599884033,1.0595483779907227
2018-11-25,2018-11-26 01:30:00,1.167186975479126,1.41546630859375,1.5664677619934082,1.2010595798492432
2018-11-25,2018-11-26 01:45:00,1.3605469465255737,1.5682369470596313,1.7661014795303345,1.473590612411499
2018-11-25,2018-11-26 02:00:00,1.4835939407348633,1.676690697669983,2.0089893341064453,1.7143362760543823
2018-11-25,2018-11-26 02:15:00,1.2339839935302734,1.8124663829803467,2.253145694732666,1.8271199464797974
2018-11-25,2018-11-26 02:30:00,1.9863280057907104,1.8958262205123901,2.4143576622009277,2.026226282119751
2018-11-25,2018-11-26 02:45:00,1.9441410303115845,2.069655656814575,2.569260835647583,2.153984308242798
2018-11-25,2018-11-26 03:00:00,2.010936975479126,2.0631747245788574,2.7418289184570312,2.3632493019104004
2018-11-25,2018-11-26 03:15:00,2.119921922683716,2.1440651416778564,2.853482723236084,2.4713261127471924
2018-11-25,2018-11-26 03:30:00,2.1304690837860107,2.192568063735962,2.950345039367676,2.6028316020965576
2018-11-25,2018-11-26 03:45:00,2.320312023162842,2.242400646209717,3.0568554401397705,2.6903457641601562
2018-11-25,2018-11-26 04:00:00,2.278125047683716,2.2859792709350586,3.065565824508667,2.7382402420043945
2018-11-25,2018-11-26 04:15:00,2.366015911102295,2.231977701187134,3.0465080738067627,2.8045341968536377
2018-11-25,2018-11-26 04:30:00,2.144531011581421,2.2573726177215576,3.0202696323394775,2.730287551879883
2018-11-25,2018-11-26 04:45:00,2.583983898162842,2.309061050415039,2.92329740524292,2.6613216400146484
2018-11-25,2018-11-26 05:00:00,2.4679689407348633,2.235985279083252,2.863795042037964,2.5633139610290527
2018-11-25,2018-11-26 05:15:00,2.3343749046325684,2.1231701374053955,2.719900131225586,2.505891799926758
2018-11-25,2018-11-26 05:30:00,1.9828120470046997,2.0630035400390625,2.561953544616699,2.389042377471924
2018-11-25,2018-11-26 05:45:00,1.9722659587860107,1.934603214263916,2.453120231628418,2.2470338344573975
2018-11-25,2018-11-26 06:00:00,1.722656011581421,1.8390164375305176,2.2289958000183105,2.075451612472534
2018-11-25,2018-11-26 06:15:00,1.6664060354232788,1.7046431303024292,2.040040969848633,1.8762127161026
2018-11-25,2018-11-26 06:30:00,0.7734379768371582,1.5566949844360352,1.7914427518844604,1.7280672788619995
2018-11-25,2018-11-26 06:45:00,0.9703119993209839,1.3898956775665283,1.5971770286560059,1.5751656293869019
2018-11-25,2018-11-26 07:00:00,0.6187499761581421,1.2089815139770508,1.3754634857177734,1.3866146802902222
2018-11-25,2018-11-26 07:15:00,0.6644530296325684,1.0933722257614136,1.118077278137207,1.1122968196868896
2018-11-25,2018-11-26 07:30:00,0.47460898756980896,0.9186202883720398,0.9561797380447388,0.9423066973686218
2018-11-25,2018-11-26 07:45:00,0.33398398756980896,0.776508092880249,0.8173980712890625,0.7508046627044678
2018-11-25,2018-11-26 08:00:00,0.27773401141166687,0.5726373791694641,0.5840249061584473,0.5885956287384033
2018-11-25,2018-11-26 08:15:00,0.14765599370002747,0.4282658100128174,0.44492992758750916,0.47714054584503174
2018-11-25,2018-11-26 08:30:00,0.06328099966049194,0.26983484625816345,0.35822758078575134,0.34156855940818787
2018-11-25,2018-11-26 08:45:00,0.0,0.16684702038764954,0.22324800491333008,0.18222801387310028
2018-11-25,2018-11-26 09:00:00,0.0,0.056428488343954086,0.1185106411576271,0.10195253044366837
2018-11-25,2018-11-26 09:15:00,0.0,0.033982809633016586,0.09722360968589783,0.0
2018-11-25,2018-11-26 09:30:00,0.0,0.0,0.052661292254924774,0.0
2018-11-25,2018-11-26 09:45:00,0.0,0.0,0.029665600508451462,0.0
2018-11-25,2018-11-26 10:00:00,0.0,0.0,0.028840072453022003,0.0
2018-11-25,2018-11-26 10:15:00,0.0,0.0,0.012373795732855797,0.0
2018-11-25,2018-11-26 10:30:00,0.0,0.0,0.0031659086234867573,0.0
2018-11-25,2018-11-26 10:45:00,0.0,0.0,0.0,0.0
2018-11-25,2018-11-26 11:00:00,0.0,0.0,0.004141510929912329,0.0
2018-11-25,2018-11-26 11:15:00,0.0,0.0,0.0,0.0
2018-11-25,2018-11-26 11:30:00,0.0,0.0,0.0026376417372375727,0.0
2018-11-25,2018-11-26 11:45:00,0.0,0.0,0.0009198288316838443,0.0
2018-11-25,2018-11-26 12:00:00,0.0,0.0,0.010071314871311188,0.0
2018-11-25,2018-11-26 12:15:00,0.0,0.0,0.011630581691861153,0.0
2018-11-25,2018-11-26 12:30:00,0.0,0.0,0.0,0.0
2018-11-25,2018-11-26 12:45:00,0.0,0.03031834028661251,0.0,0.003200433449819684
2018-11-25,2018-11-26 13:00:00,0.0,0.11049146950244904,0.0014347437536343932,0.0
2018-11-25,2018-11-26 13:15:00,0.0,0.0608217678964138,0.0,0.0
2018-11-25,2018-11-26 13:30:00,0.0,0.0,0.0,0.0
2018-11-25,2018-11-26 13:45:00,0.0,0.011902855709195137,0.012485682033002377,0.0
2018-11-25,2018-11-26 14:00:00,0.0,0.10212841629981995,0.011666448786854744,0.0
2018-11-25,2018-11-26 14:15:00,0.0,0.0849287286400795,0.020924383774399757,0.0
2018-11-25,2018-11-26 14:30:00,0.0,0.023906806483864784,0.01996941864490509,0.0
2018-11-25,2018-11-26 14:45:00,0.0,0.042902760207653046,0.04898231104016304,0.0
2018-11-25,2018-11-26 15:00:00,0.0,0.014241239055991173,0.02186739072203636,0.0
2018-11-25,2018-11-26 15:15:00,0.0,0.022613268345594406,0.05712607130408287,0.0
2018-11-25,2018-11-26 15:30:00,0.0,0.039357367902994156,0.035434406250715256,0.000510217621922493
2018-11-25,2018-11-26 15:45:00,0.0,0.07716293632984161,0.044838495552539825,0.0
2018-11-25,2018-11-26 16:00:00,0.0,0.13157528638839722,0.026082905009388924,0.0002447801816742867
2018-11-25,2018-11-26 16:15:00,0.0,0.08292628824710846,0.054399602115154266,0.02293889783322811
2018-11-25,2018-11-26 16:30:00,0.0,0.00637864088639617,0.044158246368169785,0.05549466609954834
2018-11-25,2018-11-26 16:45:00,0.0,0.035958509892225266,0.020093711093068123,0.07524021714925766
2018-11-25,2018-11-26 17:00:00,0.0,0.09850969165563583,0.023436164483428,0.11996200680732727
2018-11-25,2018-11-26 17:15:00,0.0,0.08723515272140503,0.004362691659480333,0.12872189283370972
2018-11-25,2018-11-26 17:30:00,0.0,0.10522395372390747,0.0,0.1113419160246849
2018-11-25,2018-11-26 17:45:00,0.0,0.11662605404853821,0.0,0.10261939465999603
2018-11-25,2018-11-26 18:00:00,0.0,0.04302958399057388,0.017024042084813118,0.10655873268842697
2018-11-25,2018-11-26 18:15:00,0.0,0.08733967691659927,0.005975973792374134,0.12145273387432098
2018-11-25,2018-11-26 18:30:00,0.0,0.043643418699502945,0.0,0.07717498391866684
2018-11-25,2018-11-26 18:45:00,0.0,0.0,0.018330665305256844,0.02825520746409893
2018-11-25,2018-11-26 19:00:00,0.0,0.05973333865404129,0.03923634812235832,0.023741016164422035
2018-11-25,2018-11-26 19:15:00,0.0,0.08947806060314178,0.014733320102095604,0.05958383530378342
2018-11-25,2018-11-26 19:30:00,0.0,0.10650317370891571,0.0,0.0
2018-11-25,2018-11-26 19:45:00,0.0,0.12304876744747162,0.043355513364076614,0.0026688692159950733
2018-11-25,2018-11-26 20:00:00,0.0,0.009914944879710674,0.041839055716991425,0.0
2018-11-25,2018-11-26 20:15:00,0.0,0.0,0.017093030735850334,0.0
2018-11-25,2018-11-26 20:30:00,0.0,0.04278407618403435,0.0,0.0
2018-11-25,2018-11-26 20:45:00,0.0,0.0,0.0,0.0
2018-11-25,2018-11-26 21:00:00,0.0,0.0,0.0,0.0
2018-11-25,2018-11-26 21:15:00,0.0,0.0,0.0,0.0
2018-11-25,2018-11-26 21:30:00,0.0,0.0,0.0,0.0
2018-11-25,2018-11-26 21:45:00,0.0,0.0,0.0,0.0
2018-11-25,2018-11-26 22:00:00,0.0,0.0,0.0,0.0
2018-11-25,2018-11-26 22:15:00,0.0,0.050807904452085495,0.0,0.0
2018-11-25,2018-11-26 22:30:00,0.0,0.027736349031329155,0.0,0.0
2018-11-25,2018-11-26 22:45:00,0.0,0.09136288613080978,0.0,0.0
2018-11-25,2018-11-26 23:00:00,0.0,0.13458377122879028,0.0,0.0
2018-11-25,2018-11-26 23:15:00,0.0,0.2364005297422409,0.0,0.07832317799329758
2018-11-25,2018-11-26 23:30:00,0.0,0.34318575263023376,0.011921023018658161,0.15682561695575714
2018-11-25,2018-11-26 23:45:00,0.003515999997034669,0.4387255907058716,0.11743468046188354,0.19433237612247467
2018-11-26,2018-11-27 00:00:00,0.22499999403953552,0.48175063729286194,0.40790265798568726,0.36784273386001587
2018-11-26,2018-11-27 00:15:00,0.38320299983024597,0.5953267812728882,0.5758512616157532,0.5981357097625732
2018-11-26,2018-11-27 00:30:00,0.5027340054512024,0.7485389113426208,0.7640220522880554,0.7698596715927124
2018-11-26,2018-11-27 00:45:00,0.7664059996604919,0.9879090189933777,0.9608153104782104,1.0134155750274658
2018-11-26,2018-11-27 01:00:00,0.9035159945487976,1.148240566253662,1.1760828495025635,1.1991372108459473
2018-11-26,2018-11-27 01:15:00,1.321874976158142,1.2236872911453247,1.368516206741333,1.4274121522903442
2018-11-26,2018-11-27 01:30:00,1.040624976158142,1.4093493223190308,1.595476746559143,1.5960853099822998
2018-11-26,2018-11-27 01:45:00,1.4695310592651367,1.5471928119659424,1.7731218338012695,1.8214234113693237
2018-11-26,2018-11-27 02:00:00,1.4941409826278687,1.6497353315353394,1.9834986925125122,2.128427743911743
2018-11-26,2018-11-27 02:15:00,1.778905987739563,1.732518196105957,2.206902027130127,2.231494426727295
2018-11-26,2018-11-27 02:30:00,1.835155963897705,1.846746563911438,2.3376705646514893,2.4631519317626953
2018-11-26,2018-11-27 02:45:00,2.0882809162139893,2.0219321250915527,2.4517412185668945,2.5106632709503174
2018-11-26,2018-11-27 03:00:00,2.0460939407348633,1.9796046018600464,2.5983779430389404,2.720089912414551
2018-11-26,2018-11-27 03:15:00,2.1656250953674316,2.0286762714385986,2.6756279468536377,2.813734292984009
2018-11-26,2018-11-27 03:30:00,2.239453077316284,2.1345858573913574,2.749910354614258,2.9143564701080322
2018-11-26,2018-11-27 03:45:00,2.3343749046325684,2.0986030101776123,2.8525660037994385,2.987276554107666
2018-11-26,2018-11-27 04:00:00,2.4117190837860107,2.136131525039673,2.845625400543213,2.9856414794921875
2018-11-26,2018-11-27 04:15:00,2.5277340412139893,2.089148759841919,2.778503656387329,3.0285470485687256
2018-11-26,2018-11-27 04:30:00,2.5171871185302734,2.1268579959869385,2.778153419494629,2.9319536685943604
2018-11-26,2018-11-27 04:45:00,2.6085939407348633,2.1033146381378174,2.625014066696167,2.8427622318267822
2018-11-26,2018-11-27 05:00:00,2.5980470180511475,2.0598862171173096,2.5572400093078613,2.701162099838257
2018-11-26,2018-11-27 05:15:00,2.520703077316284,1.877049207687378,2.424158811569214,2.570844888687134
2018-11-26,2018-11-27 05:30:00,2.137500047683716,1.8410935401916504,2.270639181137085,2.44572377204895
2018-11-26,2018-11-27 05:45:00,1.835155963897705,1.6894351243972778,2.128901481628418,2.2741379737854004
2018-11-26,2018-11-27 06:00:00,1.6417969465255737,1.5847482681274414,1.914953589439392,2.0765626430511475
2018-11-26,2018-11-27 06:15:00,1.4730470180511475,1.4259424209594727,1.697658658027649,1.8699198961257935
2018-11-26,2018-11-27 06:30:00,1.3113280534744263,1.2742904424667358,1.4824163913726807,1.6915253400802612
2018-11-26,2018-11-27 06:45:00,1.1636719703674316,1.1651499271392822,1.2989286184310913,1.5139009952545166
2018-11-26,2018-11-27 07:00:00,0.935155987739563,0.953913688659668,1.086342215538025,1.2681118249893188
2018-11-26,2018-11-27 07:15:00,0.8789060115814209,0.8548353910446167,0.8724200129508972,1.0233774185180664
2018-11-26,2018-11-27 07:30:00,0.6152340173721313,0.669366717338562,0.7050064206123352,0.8429641127586365
2018-11-26,2018-11-27 07:45:00,0.471094012260437,0.5679404735565186,0.578871488571167,0.6856855750083923
2018-11-26,2018-11-27 08:00:00,0.3621090054512024,0.3606410026550293,0.41221532225608826,0.49675285816192627
2018-11-26,2018-11-27 08:15:00,0.3375000059604645,0.21823137998580933,0.2812531888484955,0.3603617250919342
2018-11-26,2018-11-27 08:30:00,0.13359400629997253,0.13051120936870575,0.21622318029403687,0.24996653199195862
2018-11-26,2018-11-27 08:45:00,0.049219001084566116,0.011293111369013786,0.12558220326900482,0.10034600645303726
2018-11-26,2018-11-27 09:00:00,0.0,0.0,0.03712029382586479,0.007904432713985443
2018-11-26,2018-11-27 09:15:00,0.0,0.0,0.02511962689459324,0.0
2018-11-26,2018-11-27 09:30:00,0.0,0.0,0.03391649201512337,0.0
2018-11-26,2018-11-27 09:45:00,0.0,0.0,0.017759082838892937,0.0
2018-11-26,2018-11-27 10:00:00,0.0,0.0,0.032647158950567245,0.0
2018-11-26,2018-11-27 10:15:00,0.0,0.0,0.04178449138998985,0.0
2018-11-26,2018-11-27 10:30:00,0.0,0.0,0.059504032135009766,0.0
2018-11-26,2018-11-27 10:45:00,0.0,0.0,0.047126058489084244,0.0
2018-11-26,2018-11-27 11:00:00,0.0,0.0,0.10667163133621216,0.0
2018-11-26,2018-11-27 11:15:00,0.0,0.0,0.09261306375265121,0.0011369100539013743
2018-11-26,2018-11-27 11:30:00,0.0,0.0,0.10688642412424088,0.05755435675382614
2018-11-26,2018-11-27 11:45:00,0.0,0.0,0.10001857578754425,0.023022279143333435
2018-11-26,2018-11-27 12:00:00,0.0,0.0,0.0979771688580513,0.08179409056901932
2018-11-26,2018-11-27 12:15:00,0.0,0.0,0.08767790347337723,0.07781169563531876
2018-11-26,2018-11-27 12:30:00,0.0,0.0,0.06470568478107452,0.057039931416511536
2018-11-26,2018-11-27 12:45:00,0.0,0.027816837653517723,0.025829292833805084,0.06932806223630905
2018-11-26,2018-11-27 13:00:00,0.0,0.0585457943379879,0.05101504176855087,0.036416683346033096
2018-11-26,2018-11-27 13:15:00,0.0,0.0,0.019506368786096573,0.02836921438574791
2018-11-26,2018-11-27 13:30:00,0.0,0.001018717186525464,0.01589391753077507,0.0
2018-11-26,2018-11-27 13:45:00,0.0,0.004821533802896738,0.001998362597078085,0.0
2018-11-26,2018-11-27 14:00:00,0.0,0.08168316632509232,0.0,0.0
2018-11-26,2018-11-27 14:15:00,0.0,0.03863128647208214,0.0,0.0
2018-11-26,2018-11-27 14:30:00,0.0,0.0,0.0,0.0
2018-11-26,2018-11-27 14:45:00,0.0,0.0,0.024386828765273094,0.0
2018-11-26,2018-11-27 15:00:00,0.0,0.04776793345808983,0.0,0.0
2018-11-26,2018-11-27 15:15:00,0.0,0.002758071990683675,0.023427214473485947,0.0
2018-11-26,2018-11-27 15:30:00,0.0,0.0,0.03969862312078476,0.0
2018-11-26,2018-11-27 15:45:00,0.0,0.02880966104567051,0.05329134315252304,0.0
2018-11-26,2018-11-27 16:00:00,0.0,0.09428243339061737,0.05179130285978317,0.0
2018-11-26,2018-11-27 16:15:00,0.0,0.09272146224975586,0.07430802285671234,0.0
2018-11-26,2018-11-27 16:30:00,0.0,0.03156402334570885,0.08610040694475174,0.0
2018-11-26,2018-11-27 16:45:00,0.0,0.0,0.059856612235307693,0.0064416672103106976
2018-11-26,2018-11-27 17:00:00,0.0,0.07692085206508636,0.044236429035663605,0.05940326303243637
2018-11-26,2018-11-27 17:15:00,0.0,0.0511661134660244,0.024108635261654854,0.10543380677700043
2018-11-26,2018-11-27 17:30:00,0.0,0.1002442017197609,0.02537752315402031,0.012339034117758274
2018-11-26,2018-11-27 17:45:00,0.0,0.06040253862738609,0.028268303722143173,0.0
2018-11-26,2018-11-27 18:00:00,0.0,0.011392555199563503,0.0423639640212059,0.0006137713207863271
2018-11-26,2018-11-27 18:15:00,0.0,0.04489470645785332,0.012863417156040668,0.01649734377861023
2018-11-26,2018-11-27 18:30:00,0.0,0.0,0.0,0.0
2018-11-26,2018-11-27 18:45:00,0.0,0.0,0.00615933770313859,0.0
2018-11-26,2018-11-27 19:00:00,0.0,0.026043511927127838,0.047367896884679794,0.0
2018-11-26,2018-11-27 19:15:00,0.0,0.003611119696870446,0.0070229400880634785,0.0
2018-11-26,2018-11-27 19:30:00,0.0,0.05063455551862717,0.0,0.0
2018-11-26,2018-11-27 19:45:00,0.0,0.024060366675257683,0.0343242846429348,0.0
2018-11-26,2018-11-27 20:00:00,0.0,0.0,0.03640967980027199,0.0
2018-11-26,2018-11-27 20:15:00,0.0,0.0,0.02721312828361988,0.0
2018-11-26,2018-11-27 20:30:00,0.0,0.0,0.006983248516917229,0.0
2018-11-26,2018-11-27 20:45:00,0.0,0.0,0.01607566513121128,0.0
2018-11-26,2018-11-27 21:00:00,0.0,0.0,0.0,0.0
2018-11-26,2018-11-27 21:15:00,0.0,0.0,0.0,0.0
2018-11-26,2018-11-27 21:30:00,0.0,0.0,0.0,0.0
2018-11-26,2018-11-27 21:45:00,0.0,0.0,0.0,0.0
2018-11-26,2018-11-27 22:00:00,0.0,0.0,0.0,0.0
2018-11-26,2018-11-27 22:15:00,0.0,0.01618841476738453,0.0,0.0
2018-11-26,2018-11-27 22:30:00,0.0,0.06799823045730591,0.0,0.03602282702922821
2018-11-26,2018-11-27 22:45:00,0.0,0.13455608487129211,0.0,0.0656944140791893
2018-11-26,2018-11-27 23:00:00,0.0,0.16395650804042816,0.0,0.0440535843372345
2018-11-26,2018-11-27 23:15:00,0.0,0.3000982701778412,0.016895202919840813,0.1621754765510559
2018-11-26,2018-11-27 23:30:00,0.014062000438570976,0.4193568825721741,0.10330911725759506,0.2338469922542572
2018-11-26,2018-11-27 23:45:00,0.10898400098085403,0.5594234466552734,0.1767144501209259,0.3051062226295471
2018-11-27,2018-11-28 00:00:00,0.21445299685001373,0.2440638393163681,0.3509112298488617,0.23608174920082092
2018-11-27,2018-11-28 00:15:00,0.3621090054512024,0.3852376341819763,0.4783102571964264,0.41762930154800415
2018-11-27,2018-11-28 00:30:00,0.5273439884185791,0.5231999158859253,0.6362795233726501,0.5430687665939331
2018-11-27,2018-11-28 00:45:00,0.6996089816093445,0.7880105972290039,0.8444149494171143,0.7623422145843506
2018-11-27,2018-11-28 01:00:00,0.8542969822883606,0.9407168030738831,1.059633493423462,0.9435797333717346
2018-11-27,2018-11-28 01:15:00,1.040624976158142,1.0393294095993042,1.241651177406311,1.128976583480835
2018-11-27,2018-11-28 01:30:00,1.2796880006790161,1.2593357563018799,1.481001615524292,1.3112339973449707
2018-11-27,2018-11-28 01:45:00,1.4730470180511475,1.3829082250595093,1.6815904378890991,1.5688285827636719
2018-11-27,2018-11-28 02:00:00,1.652343988418579,1.4776443243026733,1.8891382217407227,1.7827692031860352
2018-11-27,2018-11-28 02:15:00,1.821094036102295,1.6074718236923218,2.112469434738159,1.933485984802246
2018-11-27,2018-11-28 02:30:00,1.9792970418930054,1.72848641872406,2.2537760734558105,2.0945732593536377
2018-11-27,2018-11-28 02:45:00,2.119921922683716,1.8917521238327026,2.4037129878997803,2.2368359565734863
2018-11-27,2018-11-28 03:00:00,2.1761720180511475,1.872162938117981,2.5312483310699463,2.4490487575531006
2018-11-27,2018-11-28 03:15:00,2.3238279819488525,1.9900357723236084,2.6207919120788574,2.518131971359253
2018-11-27,2018-11-28 03:30:00,2.383594036102295,2.09622859954834,2.7119805812835693,2.6816494464874268
2018-11-27,2018-11-28 03:45:00,2.415234088897705,2.0746421813964844,2.800542116165161,2.717150926589966
2018-11-27,2018-11-28 04:00:00,2.418750047683716,2.1105167865753174,2.799210786819458,2.757432460784912
2018-11-27,2018-11-28 04:15:00,2.4820311069488525,2.1060564517974854,2.770922899246216,2.8065106868743896
2018-11-27,2018-11-28 04:30:00,2.4644529819488525,2.1051337718963623,2.748868703842163,2.72456955909729
2018-11-27,2018-11-28 04:45:00,2.380078077316284,2.089256763458252,2.644524097442627,2.671710968017578
2018-11-27,2018-11-28 05:00:00,2.3449220657348633,2.0348193645477295,2.568483829498291,2.5502405166625977
2018-11-27,2018-11-28 05:15:00,2.1937499046325684,1.9106441736221313,2.426429271697998,2.491893768310547
2018-11-27,2018-11-28 05:30:00,2.074218988418579,1.866700530052185,2.289806842803955,2.335644483566284
2018-11-27,2018-11-28 05:45:00,1.9546869993209839,1.7109134197235107,2.1396565437316895,2.166856050491333
2018-11-27,2018-11-28 06:00:00,1.7648439407348633,1.6241087913513184,1.9384254217147827,2.0027990341186523
2018-11-27,2018-11-28 06:15:00,1.6066410541534424,1.4905521869659424,1.7336207628250122,1.7936673164367676
2018-11-27,2018-11-28 06:30:00,1.5292969942092896,1.3420336246490479,1.5020349025726318,1.6297615766525269
2018-11-27,2018-11-28 06:45:00,1.371093988418579,1.2059773206710815,1.313217282295227,1.4428460597991943
2018-11-27,2018-11-28 07:00:00,1.160156011581421,1.0330424308776855,1.0794211626052856,1.2538670301437378
2018-11-27,2018-11-28 07:15:00,0.9878910183906555,0.9888269901275635,0.8432067036628723,1.0010004043579102
2018-11-27,2018-11-28 07:30:00,0.7839840054512024,0.7668912410736084,0.6693136096000671,0.8223971128463745
2018-11-27,2018-11-28 07:45:00,0.5765630006790161,0.6402119398117065,0.5392616391181946,0.6627420783042908
2018-11-27,2018-11-28 08:00:00,0.42539098858833313,0.4628852605819702,0.33079636096954346,0.49753648042678833
2018-11-27,2018-11-28 08:15:00,0.2601560056209564,0.357073575258255,0.19724969565868378,0.3706745207309723
2018-11-27,2018-11-28 08:30:00,0.13710899651050568,0.24407295882701874,0.10963179171085358,0.27793458104133606
2018-11-27,2018-11-28 08:45:00,0.03867200016975403,0.1374589204788208,0.02826627716422081,0.11497028172016144
2018-11-27,2018-11-28 09:00:00,0.0,8.048920426517725e-05,0.0,0.013661005534231663
2018-11-27,2018-11-28 09:15:00,0.0,0.012682115659117699,0.0,0.0
2018-11-27,2018-11-28 09:30:00,0.0,0.0,0.0,0.0
2018-11-27,2018-11-28 09:45:00,0.0,0.0,0.0,0.0
2018-11-27,2018-11-28 10:00:00,0.0,0.0,0.0,0.0
2018-11-27,2018-11-28 10:15:00,0.0,0.0,0.0,0.0
2018-11-27,2018-11-28 10:30:00,0.0,0.0,0.0,0.0
2018-11-27,2018-11-28 10:45:00,0.0,0.0,0.0,0.0
2018-11-27,2018-11-28 11:00:00,0.0,0.0,0.008931010030210018,0.0
2018-11-27,2018-11-28 11:15:00,0.0,0.0,0.005945131648331881,0.0
2018-11-27,2018-11-28 11:30:00,0.0,0.0,0.02510083094239235,0.0
2018-11-27,2018-11-28 11:45:00,0.0,0.0,0.020651422441005707,0.0
2018-11-27,2018-11-28 12:00:00,0.0,0.0,0.031178271397948265,0.0
2018-11-27,2018-11-28 12:15:00,0.0,0.0,0.03622984141111374,0.0
2018-11-27,2018-11-28 12:30:00,0.0,0.0,0.014767819084227085,0.0
2018-11-27,2018-11-28 12:45:00,0.0,0.0,0.0,0.0
2018-11-27,2018-11-28 13:00:00,0.0,0.0,0.01529958937317133,0.0
2018-11-27,2018-11-28 13:15:00,0.0,0.0,0.00129021389875561,0.0
2018-11-27,2018-11-28 13:30:00,0.0,0.02298453263938427,0.0,0.0
2018-11-27,2018-11-28 13:45:00,0.0,0.00899363961070776,0.0,0.0
2018-11-27,2018-11-28 14:00:00,0.0,0.07780524343252182,0.0,0.0
2018-11-27,2018-11-28 14:15:00,0.0,0.07889363914728165,0.0,0.0
2018-11-27,2018-11-28 14:30:00,0.0,0.0038947737775743008,0.0,0.0
2018-11-27,2018-11-28 14:45:00,0.0,0.0,0.025144604966044426,0.0
2018-11-27,2018-11-28 15:00:00,0.0,0.09395600110292435,0.0,0.003948461264371872
2018-11-27,2018-11-28 15:15:00,0.0,0.07384900748729706,0.013599609956145287,0.0
2018-11-27,2018-11-28 15:30:00,0.0,0.0,0.0,0.03858628123998642
2018-11-27,2018-11-28 15:45:00,0.0,0.02746002748608589,0.01388163585215807,0.0334823839366436
2018-11-27,2018-11-28 16:00:00,0.0,0.08358173817396164,0.0024674611631780863,0.007202446460723877
2018-11-27,2018-11-28 16:15:00,0.0,0.0831044465303421,0.021038318052887917,0.03676949441432953
2018-11-27,2018-11-28 16:30:00,0.0,0.021704699844121933,0.02249918133020401,0.08994104713201523
2018-11-27,2018-11-28 16:45:00,0.0,0.0,0.007444901391863823,0.07766999304294586
2018-11-27,2018-11-28 17:00:00,0.0,0.031448524445295334,0.0,0.10767906904220581
2018-11-27,2018-11-28 17:15:00,0.0,0.0,0.0,0.10400837659835815
2018-11-27,2018-11-28 17:30:00,0.0,0.06924857199192047,0.0,0.09749261289834976
2018-11-27,2018-11-28 17:45:00,0.0,0.0,0.004209799226373434,0.08405694365501404
2018-11-27,2018-11-28 18:00:00,0.0,0.0,0.01951334998011589,0.08482463657855988
2018-11-27,2018-11-28 18:15:00,0.0,0.010595934465527534,0.028000861406326294,0.061967797577381134
2018-11-27,2018-11-28 18:30:00,0.0,0.0,0.0,0.04856067895889282
2018-11-27,2018-11-28 18:45:00,0.0,0.0,0.029410183429718018,0.019412588328123093
2018-11-27,2018-11-28 19:00:00,0.0,0.0,0.05756506696343422,0.0
2018-11-27,2018-11-28 19:15:00,0.0,0.0,0.03218110278248787,0.028968865051865578
2018-11-27,2018-11-28 19:30:00,0.0,0.006094211246818304,0.023301398381590843,0.0
2018-11-27,2018-11-28 19:45:00,0.0,0.0,0.05376207455992699,0.0
2018-11-27,2018-11-28 20:00:00,0.0,0.0,0.04827004671096802,0.0
2018-11-27,2018-11-28 20:15:00,0.0,0.0,0.034378353506326675,0.0
2018-11-27,2018-11-28 20:30:00,0.0,0.0,0.012696795165538788,0.0
2018-11-27,2018-11-28 20:45:00,0.0,0.0,0.00023288271040655673,0.0
2018-11-27,2018-11-28 21:00:00,0.0,0.0,0.0,0.0
2018-11-27,2018-11-28 21:15:00,0.0,0.0,0.0,0.0
2018-11-27,2018-11-28 21:30:00,0.0,0.0,0.0,0.0
2018-11-27,2018-11-28 21:45:00,0.0,0.0,0.0,0.0
2018-11-27,2018-11-28 22:00:00,0.0,0.0,0.0,0.0
2018-11-27,2018-11-28 22:15:00,0.0,0.0,0.0,0.0
2018-11-27,2018-11-28 22:30:00,0.0,0.0,0.0,0.0
2018-11-27,2018-11-28 22:45:00,0.0,0.029540792107582092,0.0,0.0
2018-11-27,2018-11-28 23:00:00,0.0,0.023212842643260956,0.0,0.0
2018-11-27,2018-11-28 23:15:00,0.0,0.12922167778015137,0.0,0.04011545330286026
2018-11-27,2018-11-28 23:30:00,0.021093999966979027,0.25326982140541077,0.0,0.11651372164487839
2018-11-27,2018-11-28 23:45:00,0.031640999019145966,0.3928861618041992,0.08201321959495544,0.18579573929309845
2018-11-28,2018-11-29 00:00:00,0.23906299471855164,0.0,0.17716875672340393,0.08081085234880447
2018-11-28,2018-11-29 00:15:00,0.3972660005092621,0.11240037530660629,0.21823908388614655,0.13405831158161163
2018-11-28,2018-11-29 00:30:00,0.583594024181366,0.24752724170684814,0.32375386357307434,0.1905115842819214
2018-11-28,2018-11-29 00:45:00,0.7699220180511475,0.45516079664230347,0.44425755739212036,0.29830309748649597
2018-11-28,2018-11-29 01:00:00,0.9246090054512024,0.5697280764579773,0.551751434803009,0.3751954734325409
2018-11-28,2018-11-29 01:15:00,1.1285159587860107,0.6783268451690674,0.6684339046478271,0.48546865582466125
2018-11-28,2018-11-29 01:30:00,1.3324220180511475,0.8541049361228943,0.8082036972045898,0.5897725820541382
2018-11-28,2018-11-29 01:45:00,1.5152339935302734,0.9543789029121399,0.9330413937568665,0.706371545791626
2018-11-28,2018-11-29 02:00:00,1.6839840412139893,1.0624940395355225,1.0824967622756958,0.8514253497123718
2018-11-28,2018-11-29 02:15:00,1.8175779581069946,1.1587966680526733,1.2269506454467773,0.9485031366348267
2018-11-28,2018-11-29 02:30:00,1.9863280057907104,1.2879279851913452,1.313315749168396,1.015724539756775
2018-11-28,2018-11-29 02:45:00,2.067188024520874,1.4144022464752197,1.4218623638153076,1.1173105239868164
2018-11-28,2018-11-29 03:00:00,2.2183589935302734,1.403702735900879,1.5217560529708862,1.245058298110962
2018-11-28,2018-11-29 03:15:00,2.348438024520874,1.5337318181991577,1.5803154706954956,1.3007392883300781
2018-11-28,2018-11-29 03:30:00,2.3941400051116943,1.6434502601623535,1.6381312608718872,1.426203966140747
2018-11-28,2018-11-29 03:45:00,2.348438024520874,1.643559217453003,1.720224142074585,1.416080117225647
2018-11-28,2018-11-29 04:00:00,2.460937976837158,1.6948283910751343,1.7189700603485107,1.4929331541061401
2018-11-28,2018-11-29 04:15:00,2.4363279342651367,1.6997512578964233,1.7019344568252563,1.4980489015579224
2018-11-28,2018-11-29 04:30:00,2.3695309162139893,1.7183743715286255,1.6752753257751465,1.482632040977478
2018-11-28,2018-11-29 04:45:00,2.3238279819488525,1.7125368118286133,1.6102244853973389,1.4565836191177368
2018-11-28,2018-11-29 05:00:00,2.25,1.656750202178955,1.5691365003585815,1.431226134300232
2018-11-28,2018-11-29 05:15:00,2.144531011581421,1.5648717880249023,1.4895920753479004,1.4178439378738403
2018-11-28,2018-11-29 05:30:00,2.091797113418579,1.5964620113372803,1.3717682361602783,1.3011633157730103
2018-11-28,2018-11-29 05:45:00,1.9582029581069946,1.4702447652816772,1.2813926935195923,1.2209147214889526
2018-11-28,2018-11-29 06:00:00,1.8246090412139893,1.4128042459487915,1.1430939435958862,1.142313003540039
2018-11-28,2018-11-29 06:15:00,1.6277339458465576,1.2990378141403198,1.0150567293167114,1.0729931592941284
2018-11-28,2018-11-29 06:30:00,1.40625,1.216072916984558,0.8426706194877625,0.9745145440101624
2018-11-28,2018-11-29 06:45:00,1.3429689407348633,1.1167480945587158,0.7229770421981812,0.8202637434005737
2018-11-28,2018-11-29 07:00:00,1.068750023841858,0.9912695288658142,0.5828607082366943,0.7829356789588928
2018-11-28,2018-11-29 07:15:00,0.8964840173721313,0.9760748147964478,0.4165904223918915,0.6391862630844116
2018-11-28,2018-11-29 07:30:00,0.6996089816093445,0.7703624367713928,0.31116941571235657,0.5463510751724243
2018-11-28,2018-11-29 07:45:00,0.5097659826278687,0.6902872920036316,0.2397945374250412,0.47723492980003357
2018-11-28,2018-11-29 08:00:00,0.35859400033950806,0.5812417268753052,0.13089615106582642,0.3773454427719116
2018-11-28,2018-11-29 08:15:00,0.21796900033950806,0.5152599215507507,0.04001430794596672,0.28770989179611206
2018-11-28,2018-11-29 08:30:00,0.10898400098085403,0.41075068712234497,0.0,0.2868235111236572
2018-11-28,2018-11-29 08:45:00,0.0,0.3319348692893982,0.0,0.18996450304985046
2018-11-28,2018-11-29 09:00:00,0.0,0.1950218379497528,0.0,0.06333895027637482
2018-11-28,2018-11-29 09:15:00,0.0,0.19565004110336304,0.0,0.011147343553602695
2018-11-28,2018-11-29 09:30:00,0.0,0.10945737361907959,0.0,0.04815871641039848
2018-11-28,2018-11-29 09:45:00,0.0,0.056120820343494415,0.0,0.0
2018-11-28,2018-11-29 10:00:00,0.0,0.021277131512761116,0.015037572011351585,0.0
2018-11-28,2018-11-29 10:15:00,0.0,0.0,0.02380247972905636,0.0
2018-11-28,2018-11-29 10:30:00,0.0,0.0,0.048117030411958694,0.0
2018-11-28,2018-11-29 10:45:00,0.0,0.0,0.052244242280721664,0.0
2018-11-28,2018-11-29 11:00:00,0.0,0.0,0.07826036214828491,0.0
2018-11-28,2018-11-29 11:15:00,0.0,0.0,0.07289894670248032,0.0
2018-11-28,2018-11-29 11:30:00,0.0,0.0,0.06519529968500137,0.0
2018-11-28,2018-11-29 11:45:00,0.0,0.0,0.04627320542931557,0.0
2018-11-28,2018-11-29 12:00:00,0.0,0.0,0.06467696279287338,0.0
2018-11-28,2018-11-29 12:15:00,0.0,0.0,0.03119712695479393,0.0
2018-11-28,2018-11-29 12:30:00,0.0,0.0,0.003105053212493658,0.0
2018-11-28,2018-11-29 12:45:00,0.0,0.0,0.0,0.0
2018-11-28,2018-11-29 13:00:00,0.0,0.0,0.0,0.0
2018-11-28,2018-11-29 13:15:00,0.0,0.0,0.0,0.0
2018-11-28,2018-11-29 13:30:00,0.0,0.0,0.0,0.0
2018-11-28,2018-11-29 13:45:00,0.0,0.0,0.0,0.0
2018-11-28,2018-11-29 14:00:00,0.0,0.02050207369029522,0.0,0.0
2018-11-28,2018-11-29 14:15:00,0.0,0.007868091575801373,0.0,0.0
2018-11-28,2018-11-29 14:30:00,0.0,0.0,0.0,0.0
2018-11-28,2018-11-29 14:45:00,0.0,0.0,0.006814341060817242,0.0
2018-11-28,2018-11-29 15:00:00,0.0,0.05958503484725952,0.0,0.0
2018-11-28,2018-11-29 15:15:00,0.0,0.017374269664287567,0.02762281708419323,0.0
2018-11-28,2018-11-29 15:30:00,0.0,0.0,0.017354723066091537,0.0
2018-11-28,2018-11-29 15:45:00,0.0,0.0,0.04158947989344597,0.0
2018-11-28,2018-11-29 16:00:00,0.0,0.02424309216439724,0.05490465462207794,0.0
2018-11-28,2018-11-29 16:15:00,0.0,0.06831946969032288,0.0593319833278656,0.0
2018-11-28,2018-11-29 16:30:00,0.0,0.034115299582481384,0.045180901885032654,0.018548177555203438
2018-11-28,2018-11-29 16:45:00,0.0,0.0,0.044243209064006805,0.0
2018-11-28,2018-11-29 17:00:00,0.0,0.0019996382761746645,0.012742621824145317,0.0
2018-11-28,2018-11-29 17:15:00,0.0,0.0,0.012360112741589546,0.0
2018-11-28,2018-11-29 17:30:00,0.0,0.042570848017930984,0.01294451393187046,0.0
2018-11-28,2018-11-29 17:45:00,0.0,0.0,0.0,0.0
2018-11-28,2018-11-29 18:00:00,0.0,0.0,0.0,0.0
2018-11-28,2018-11-29 18:15:00,0.0,0.0,0.0,0.0
2018-11-28,2018-11-29 18:30:00,0.0,0.0,0.0,0.0
2018-11-28,2018-11-29 18:45:00,0.0,0.0,0.0,0.008877401240170002
2018-11-28,2018-11-29 19:00:00,0.0,0.0,0.025443393737077713,0.016214143484830856
2018-11-28,2018-11-29 19:15:00,0.0,0.0,0.0,0.0
2018-11-28,2018-11-29 19:30:00,0.0,0.0,0.00021968902728985995,0.0
2018-11-28,2018-11-29 19:45:00,0.0,0.0,0.023602943867444992,0.0
2018-11-28,2018-11-29 20:00:00,0.0,0.0,0.03746011108160019,0.0
2018-11-28,2018-11-29 20:15:00,0.0,0.0,0.012275652959942818,0.0
2018-11-28,2018-11-29 20:30:00,0.0,0.0,0.01997581124305725,0.0
2018-11-28,2018-11-29 20:45:00,0.0,0.0,0.015049289911985397,0.00030724573298357427
2018-11-28,2018-11-29 21:00:00,0.0,0.0,0.0,0.017650796100497246
2018-11-28,2018-11-29 21:15:00,0.0,0.0,0.0,0.04165627062320709
2018-11-28,2018-11-29 21:30:00,0.0,0.0,0.0,0.030131561681628227
2018-11-28,2018-11-29 21:45:00,0.0,0.0,0.0,0.033142413944005966
2018-11-28,2018-11-29 22:00:00,0.0,0.0,0.0,0.0
2018-11-28,2018-11-29 22:15:00,0.0,0.0,0.0,0.0
2018-11-28,2018-11-29 22:30:00,0.0,0.0,0.0,0.0
2018-11-28,2018-11-29 22:45:00,0.0,0.04431780427694321,0.0,0.0
2018-11-28,2018-11-29 23:00:00,0.0,0.03746751695871353,0.0,0.0018125759670510888
2018-11-28,2018-11-29 23:15:00,0.0,0.114345982670784,0.0,0.0
2018-11-28,2018-11-29 23:30:00,0.014062000438570976,0.22366498410701752,0.0,0.0
2018-11-28,2018-11-29 23:45:00,0.1054690033197403,0.32919842004776,0.001766894361935556,0.0
2018-11-29,2018-11-30 00:00:00,0.22499999403953552,0.0,0.19867593050003052,0.13276664912700653
2018-11-29,2018-11-30 00:15:00,0.3550780117511749,0.04856017231941223,0.2332770973443985,0.15222914516925812
2018-11-29,2018-11-30 00:30:00,0.513280987739563,0.15782657265663147,0.3292224407196045,0.22661066055297852
2018-11-29,2018-11-30 00:45:00,0.675000011920929,0.36072850227355957,0.4664965271949768,0.3254888355731964
2018-11-29,2018-11-30 01:00:00,0.8261719942092896,0.45936596393585205,0.5861717462539673,0.4114547669887543
2018-11-29,2018-11-30 01:15:00,0.956250011920929,0.57450932264328,0.7109932899475098,0.49658331274986267
2018-11-29,2018-11-30 01:30:00,0.984375,0.7439102530479431,0.8899059295654297,0.6417569518089294
2018-11-29,2018-11-30 01:45:00,0.9175779819488525,0.8371116518974304,1.0487054586410522,0.7411509156227112
2018-11-29,2018-11-30 02:00:00,1.1917970180511475,0.9407286643981934,1.214744210243225,0.8866374492645264
2018-11-29,2018-11-30 02:15:00,1.2761720418930054,1.0426615476608276,1.4066146612167358,0.978601336479187
2018-11-29,2018-11-30 02:30:00,1.5996090173721313,1.1753430366516113,1.512256383895874,1.0246614217758179
2018-11-29,2018-11-30 02:45:00,1.9582029581069946,1.2828395366668701,1.6729670763015747,1.1206225156784058
2018-11-29,2018-11-30 03:00:00,2.0636720657348633,1.299328327178955,1.8115912675857544,1.244981288909912
2018-11-29,2018-11-30 03:15:00,2.214843988418579,1.4617195129394531,1.8782786130905151,1.3086438179016113
2018-11-29,2018-11-30 03:30:00,2.2359371185302734,1.5483441352844238,1.95845627784729,1.4687753915786743
2018-11-29,2018-11-30 03:45:00,2.3238279819488525,1.5828230381011963,2.057053327560425,1.4190243482589722
2018-11-29,2018-11-30 04:00:00,2.3238279819488525,1.6398437023162842,2.0771005153656006,1.5082062482833862
2018-11-29,2018-11-30 04:15:00,2.3062500953674316,1.6647557020187378,2.091063976287842,1.5327829122543335
2018-11-29,2018-11-30 04:30:00,2.3238279819488525,1.6785880327224731,2.078566551208496,1.4727433919906616
2018-11-29,2018-11-30 04:45:00,2.0179688930511475,1.6925259828567505,2.037346839904785,1.5168870687484741
2018-11-29,2018-11-30 05:00:00,1.589061975479126,1.6545487642288208,2.0100841522216797,1.4402140378952026
2018-11-29,2018-11-30 05:15:00,1.975780963897705,1.606353998184204,1.915939450263977,1.4705257415771484
2018-11-29,2018-11-30 05:30:00,1.680469036102295,1.646182656288147,1.7872945070266724,1.2802581787109375
2018-11-29,2018-11-30 05:45:00,1.5257810354232788,1.524234414100647,1.710070013999939,1.2149937152862549
2018-11-29,2018-11-30 06:00:00,1.6699219942092896,1.4794508218765259,1.5551046133041382,1.120923399925232
2018-11-29,2018-11-30 06:15:00,1.490625023841858,1.385650634765625,1.3999844789505005,1.036352276802063
2018-11-29,2018-11-30 06:30:00,1.4167970418930054,1.310786485671997,1.1856518983840942,0.908383846282959
2018-11-29,2018-11-30 06:45:00,0.9808589816093445,1.2104226350784302,1.0468964576721191,0.7575695514678955
2018-11-29,2018-11-30 07:00:00,0.8507810235023499,1.1052354574203491,0.8598787784576416,0.732155442237854
2018-11-29,2018-11-30 07:15:00,0.5730469822883606,1.098120093345642,0.6536020040512085,0.5674333572387695
2018-11-29,2018-11-30 07:30:00,0.37968701124191284,0.8883347511291504,0.5265846252441406,0.46770381927490234
2018-11-29,2018-11-30 07:45:00,0.24257799983024597,0.7923389077186584,0.4094918370246887,0.4302752912044525
2018-11-29,2018-11-30 08:00:00,0.2460940033197403,0.7105317711830139,0.2683885991573334,0.3222085237503052
2018-11-29,2018-11-30 08:15:00,0.1757809966802597,0.6343086361885071,0.15622319281101227,0.17914831638336182
2018-11-29,2018-11-30 08:30:00,0.03515600040555,0.511932373046875,0.08138841390609741,0.24714525043964386
2018-11-29,2018-11-30 08:45:00,0.010546999983489513,0.4364299178123474,0.024496741592884064,0.1301935911178589
2018-11-29,2018-11-30 09:00:00,0.0,0.32307323813438416,0.0,0.005028147250413895
2018-11-29,2018-11-30 09:15:00,0.0,0.28990885615348816,0.0,0.0
2018-11-29,2018-11-30 09:30:00,0.0,0.2078811079263687,0.0,0.024684343487024307
2018-11-29,2018-11-30 09:45:00,0.0,0.1564198136329651,0.002165040234103799,0.0
2018-11-29,2018-11-30 10:00:00,0.0,0.1136813685297966,0.005807958543300629,0.0
2018-11-29,2018-11-30 10:15:00,0.0,0.07011070847511292,0.023758593946695328,0.0
2018-11-29,2018-11-30 10:30:00,0.0,0.07165193557739258,0.04670850932598114,0.0
2018-11-29,2018-11-30 10:45:00,0.0,0.0,0.04648280143737793,0.0
2018-11-29,2018-11-30 11:00:00,0.0,0.0,0.0648786798119545,0.0
2018-11-29,2018-11-30 11:15:00,0.0,0.016014471650123596,0.0817701518535614,0.0
2018-11-29,2018-11-30 11:30:00,0.0,0.0,0.06194912642240524,0.0
2018-11-29,2018-11-30 11:45:00,0.0,0.0,0.0652240663766861,0.021769609302282333
2018-11-29,2018-11-30 12:00:00,0.0,0.0,0.0734451413154602,0.0
2018-11-29,2018-11-30 12:15:00,0.0,0.0,0.0558801144361496,0.006336770951747894
2018-11-29,2018-11-30 12:30:00,0.0,0.0,0.02114817313849926,0.0
2018-11-29,2018-11-30 12:45:00,0.0,0.0,0.0,0.0
2018-11-29,2018-11-30 13:00:00,0.0,0.0,0.0,0.0
2018-11-29,2018-11-30 13:15:00,0.0,0.0,0.0,0.0
2018-11-29,2018-11-30 13:30:00,0.0,0.0,0.0,0.0
2018-11-29,2018-11-30 13:45:00,0.0,0.0,0.0,0.0
2018-11-29,2018-11-30 14:00:00,0.0,0.008669584058225155,0.0,0.0
2018-11-29,2018-11-30 14:15:00,0.0,0.00033167461515404284,0.0,0.0
2018-11-29,2018-11-30 14:30:00,0.0,0.0,0.0,0.0
2018-11-29,2018-11-30 14:45:00,0.0,0.0,0.0,0.0
2018-11-29,2018-11-30 15:00:00,0.0,0.03205420821905136,0.0,0.0
2018-11-29,2018-11-30 15:15:00,0.0,0.01181026827543974,0.018469052389264107,0.0
2018-11-29,2018-11-30 15:30:00,0.0,0.0,0.00940040685236454,0.0014826925471425056
2018-11-29,2018-11-30 15:45:00,0.0,0.0,0.038003262132406235,0.0
2018-11-29,2018-11-30 16:00:00,0.0,0.0117241982370615,0.031836122274398804,0.0
2018-11-29,2018-11-30 16:15:00,0.0,0.037389375269412994,0.05726148560643196,0.0
2018-11-29,2018-11-30 16:30:00,0.0,0.013633021153509617,0.043046846985816956,0.0
2018-11-29,2018-11-30 16:45:00,0.0,0.0,0.042151570320129395,0.0
2018-11-29,2018-11-30 17:00:00,0.0,0.0,0.013466674834489822,0.0
2018-11-29,2018-11-30 17:15:00,0.0,0.0,0.013848453760147095,0.0
2018-11-29,2018-11-30 17:30:00,0.0,0.02962743304669857,0.0305644478648901,0.0
2018-11-29,2018-11-30 17:45:00,0.0,0.0,0.0,0.0
2018-11-29,2018-11-30 18:00:00,0.0,0.0,0.0,0.0
2018-11-29,2018-11-30 18:15:00,0.0,0.0,0.0,0.0
2018-11-29,2018-11-30 18:30:00,0.0,0.0,0.0,0.0
2018-11-29,2018-11-30 18:45:00,0.0,0.0,0.0,0.018775073811411858
2018-11-29,2018-11-30 19:00:00,0.0,0.0,0.012909052893519402,0.05270286649465561
2018-11-29,2018-11-30 19:15:00,0.0,0.0,0.0,0.0
2018-11-29,2018-11-30 19:30:00,0.0,0.0,0.0,0.0
2018-11-29,2018-11-30 19:45:00,0.0,0.0,0.005258422344923019,0.0
2018-11-29,2018-11-30 20:00:00,0.0,0.0,0.0020933777559548616,0.0
2018-11-29,2018-11-30 20:15:00,0.0,0.0,0.0,0.0
2018-11-29,2018-11-30 20:30:00,0.0,0.0,0.0,0.00459675258025527
2018-11-29,2018-11-30 20:45:00,0.0,0.0,0.0,0.0
2018-11-29,2018-11-30 21:00:00,0.0,0.0,0.0,0.005621487740427256
2018-11-29,2018-11-30 21:15:00,0.0,0.0,0.0,0.0658634826540947
2018-11-29,2018-11-30 21:30:00,0.0,0.0,0.0,0.05224638059735298
2018-11-29,2018-11-30 21:45:00,0.0,0.0,0.0,0.03650622442364693
2018-11-29,2018-11-30 22:00:00,0.0,0.0,0.0,0.0
2018-11-29,2018-11-30 22:15:00,0.0,0.0,0.0,0.0
2018-11-29,2018-11-30 22:30:00,0.0,0.0,0.0,0.0
2018-11-29,2018-11-30 22:45:00,0.0,0.039096880704164505,0.0,0.0
2018-11-29,2018-11-30 23:00:00,0.0,0.035422202199697495,0.0,0.0
2018-11-29,2018-11-30 23:15:00,0.0,0.08760225027799606,0.0,0.0
2018-11-29,2018-11-30 23:30:00,0.0,0.16717422008514404,0.0,0.0
2018-11-29,2018-11-30 23:45:00,0.0,0.27195054292678833,0.0,0.0
