起报时间,预报时间,实际功率,PureLSTM预测功率,FusionModel预测功率,BiFusionModel预测功率
2019-02-22,2019-02-23 00:00:00,0.351562,0.23977888,0.2432428,0.20495933
2019-02-22,2019-02-23 00:15:00,0.520312,0.32281768,0.28299305,0.25900108
2019-02-22,2019-02-23 00:30:00,0.734766,0.4706174,0.40899247,0.36511204
2019-02-22,2019-02-23 00:45:00,0.994922,0.6382061,0.46208614,0.4665082
2019-02-22,2019-02-23 01:00:00,1.241016,0.8137949,0.569448,0.612042
2019-02-22,2019-02-23 01:15:00,1.480078,0.99483883,0.7077884,0.7379204
2019-02-22,2019-02-23 01:30:00,1.712109,1.1627635,0.7941557,0.91465974
2019-02-22,2019-02-23 01:45:00,2.003906,1.3690126,0.9142968,1.0507098
2019-02-22,2019-02-23 02:00:00,2.267578,1.539713,1.0126121,1.1959375
2019-02-22,2019-02-23 02:15:00,2.576953,1.7292969,1.1214943,1.337079
2019-02-22,2019-02-23 02:30:00,2.784375,1.8867067,1.2494993,1.484442
2019-02-22,2019-02-23 02:45:00,3.005859,2.064776,1.3615521,1.6013412
2019-02-22,2019-02-23 03:00:00,3.128906,2.2211382,1.4710059,1.7203288
2019-02-22,2019-02-23 03:15:00,3.174609,2.3747401,1.576527,1.7839864
2019-02-22,2019-02-23 03:30:00,3.364453,2.4713695,1.7088215,1.8573498
2019-02-22,2019-02-23 03:45:00,3.455859,2.605787,1.8379791,1.9190435
2019-02-22,2019-02-23 04:00:00,3.533203,2.6727269,1.9251842,1.9372693
2019-02-22,2019-02-23 04:15:00,3.614062,2.7830188,1.9817717,1.9570198
2019-02-22,2019-02-23 04:30:00,3.607031,2.7950356,2.0346441,1.9703041
2019-02-22,2019-02-23 04:45:00,3.3433589999999995,2.8213415,2.087937,1.9596927
2019-02-22,2019-02-23 05:00:00,3.4066410000000005,2.839856,2.079523,1.9145498
2019-02-22,2019-02-23 05:15:00,3.571875,2.7896504,2.0512934,1.9538678
2019-02-22,2019-02-23 05:30:00,3.494531,2.7756202,2.0502532,1.9209646
2019-02-22,2019-02-23 05:45:00,3.290625,2.681286,1.9538484,1.8856856
2019-02-22,2019-02-23 06:00:00,3.353906,2.5872824,1.9052749,1.8185946
2019-02-22,2019-02-23 06:15:00,3.2449220000000003,2.4972544,1.841618,1.743073
2019-02-22,2019-02-23 06:30:00,2.946094,2.3701391,1.7604839,1.6636924
2019-02-22,2019-02-23 06:45:00,2.960156,2.2185984,1.5990353,1.5858955
2019-02-22,2019-02-23 07:00:00,2.633203,2.0345855,1.4645964,1.4815242
2019-02-22,2019-02-23 07:15:00,2.387109,1.8227423,1.2802664,1.3649625
2019-02-22,2019-02-23 07:30:00,2.102344,1.649453,1.17073,1.2474304
2019-02-22,2019-02-23 07:45:00,1.919531,1.4242651,1.0172993,1.1237156
2019-02-22,2019-02-23 08:00:00,1.508203,1.1787997,0.87105364,1.0051523
2019-02-22,2019-02-23 08:15:00,1.272656,1.0223069,0.7479195,0.8568457
2019-02-22,2019-02-23 08:30:00,1.037109,0.8430626,0.5692981,0.740624
2019-02-22,2019-02-23 08:45:00,0.713672,0.69853306,0.471905,0.6192267
2019-02-22,2019-02-23 09:00:00,0.4710939999999999,0.50995356,0.39506188,0.49382752
2019-02-22,2019-02-23 09:15:00,0.319922,0.4084603,0.24258299,0.42495817
2019-02-22,2019-02-23 09:30:00,0.186328,0.28759277,0.19187367,0.31144896
2019-02-22,2019-02-23 09:45:00,0.014062,0.18219517,0.120105796,0.24755503
2019-02-22,2019-02-23 10:00:00,0.0,0.06320017,0.05115348,0.15588298
2019-02-22,2019-02-23 10:15:00,0.0,0.050372835,0.013367051,0.08129096
2019-02-22,2019-02-23 10:30:00,0.0,0.012989501,0.0073401444,0.04657247
2019-02-22,2019-02-23 10:45:00,0.0,0.037597306,-0.015832547,0.0062309485
2019-02-22,2019-02-23 11:00:00,0.0,0.05204989,-0.028311377,-0.024439018
2019-02-22,2019-02-23 11:15:00,0.0,0.04074313,-0.021974519,-0.022651333
2019-02-22,2019-02-23 11:30:00,0.0,0.03505587,-0.015778888,-0.031886723
2019-02-22,2019-02-23 11:45:00,0.0,0.0631346,0.004733555,-0.016721457
2019-02-22,2019-02-23 12:00:00,0.0,0.05022738,-0.011177908,-0.0032651108
2019-02-22,2019-02-23 12:15:00,0.0,0.07565339,-0.011275505,0.0031306844
2019-02-22,2019-02-23 12:30:00,0.0,0.08102856,0.0002846956,0.0351451
2019-02-22,2019-02-23 12:45:00,0.0,0.057350572,0.005026625,0.0364158
2019-02-22,2019-02-23 13:00:00,0.0,0.012840455,0.029564453,0.040670317
2019-02-22,2019-02-23 13:15:00,0.0,0.05013523,0.00934578,0.044615503
2019-02-22,2019-02-23 13:30:00,0.0,0.030332126,-0.031496093,0.037756
2019-02-22,2019-02-23 13:45:00,0.0,0.04023374,-0.024734072,0.023037545
2019-02-22,2019-02-23 14:00:00,0.0,0.020130366,-0.037673187,0.026567219
2019-02-22,2019-02-23 14:15:00,0.0,-0.03221181,-0.026239643,0.019599821
2019-02-22,2019-02-23 14:30:00,0.0,-0.01666678,-0.017628925,0.015889684
2019-02-22,2019-02-23 14:45:00,0.0,-0.017343407,-0.026722848,0.0076853815
2019-02-22,2019-02-23 15:00:00,0.0,-0.036316227,-0.060114447,-0.0020723913
2019-02-22,2019-02-23 15:15:00,0.0,-0.012722973,-0.026597619,0.0111959
2019-02-22,2019-02-23 15:30:00,0.0,-0.015050164,-0.06234901,0.012162367
2019-02-22,2019-02-23 15:45:00,0.0,-0.019467894,-0.05672203,0.026734596
2019-02-22,2019-02-23 16:00:00,0.0,-0.0058033294,-0.042313445,0.027348634
2019-02-22,2019-02-23 16:15:00,0.0,0.01575249,-0.043237537,0.02811322
2019-02-22,2019-02-23 16:30:00,0.0,0.0295446,-0.03654668,0.041046437
2019-02-22,2019-02-23 16:45:00,0.0,0.025234394,-0.044133842,0.05286539
2019-02-22,2019-02-23 17:00:00,0.0,0.03186311,-0.01929739,0.063969895
2019-02-22,2019-02-23 17:15:00,0.0,0.029423783,0.005878037,0.04863552
2019-02-22,2019-02-23 17:30:00,0.0,0.0086702015,-0.022320837,0.03835863
2019-02-22,2019-02-23 17:45:00,0.0,0.0025751812,-0.019458544,0.040705346
2019-02-22,2019-02-23 18:00:00,0.0,-0.02287951,-0.043771226,0.020107321
2019-02-22,2019-02-23 18:15:00,0.0,-0.02448493,-0.018064909,0.007272154
2019-02-22,2019-02-23 18:30:00,0.0,-0.012838316,-2.3866942e-05,-0.012465935
2019-02-22,2019-02-23 18:45:00,0.0,-0.008037563,-0.02468528,-0.03255752
2019-02-22,2019-02-23 19:00:00,0.0,0.013175622,-0.013245186,-0.05554775
2019-02-22,2019-02-23 19:15:00,0.0,0.013603704,-0.048789132,-0.06501731
2019-02-22,2019-02-23 19:30:00,0.0,0.0137034105,-0.06519806,-0.085789725
2019-02-22,2019-02-23 19:45:00,0.0,-0.0102039,-0.04150097,-0.08283854
2019-02-22,2019-02-23 20:00:00,0.0,0.014625538,-0.03717416,-0.08283797
2019-02-22,2019-02-23 20:15:00,0.0,0.011116727,-0.07728182,-0.08774982
2019-02-22,2019-02-23 20:30:00,0.0,0.017598825,-0.08944934,-0.0888052
2019-02-22,2019-02-23 20:45:00,0.0,0.035508208,-0.07979448,-0.09184571
2019-02-22,2019-02-23 21:00:00,0.0,0.022206873,-0.06143643,-0.078696415
2019-02-22,2019-02-23 21:15:00,0.0,0.01284239,-0.09123481,-0.05894642
2019-02-22,2019-02-23 21:30:00,0.0,0.03758208,-0.07204776,-0.038587455
2019-02-22,2019-02-23 21:45:00,0.0,0.05607114,-0.08137215,-0.030595403
2019-02-22,2019-02-23 22:00:00,0.0,0.05051784,-0.06040505,-0.016836861
2019-02-22,2019-02-23 22:15:00,0.0,0.045753833,-0.020941246,-0.025565209
2019-02-22,2019-02-23 22:30:00,0.0,0.059762083,-0.008266655,-0.00996167
2019-02-22,2019-02-23 22:45:00,0.0,0.054095987,0.038909227,0.04218466
2019-02-22,2019-02-23 23:00:00,0.0,0.08012338,0.032104358,0.036144193
2019-02-22,2019-02-23 23:15:00,0.035156,0.09823913,0.035161983,0.069164686
2019-02-22,2019-02-23 23:30:00,0.133594,0.1369367,0.07924596,0.12487737
2019-02-22,2019-02-23 23:45:00,0.228516,0.19806607,0.13035399,0.16014032
2019-02-23,2019-02-24 00:00:00,0.400781,0.45758173,0.39093795,0.43528512
2019-02-23,2019-02-24 00:15:00,0.573047,0.60190475,0.5218174,0.57097393
2019-02-23,2019-02-24 00:30:00,0.769922,0.7719222,0.74576664,0.7450795
2019-02-23,2019-02-24 00:45:00,0.95625,1.0102576,0.9087046,0.9341666
2019-02-23,2019-02-24 01:00:00,1.209375,1.2339871,1.1121869,1.15485
2019-02-23,2019-02-24 01:15:00,1.466016,1.4263918,1.3283883,1.377454
2019-02-23,2019-02-24 01:30:00,1.613672,1.6294752,1.4896611,1.6279067
2019-02-23,2019-02-24 01:45:00,1.880859,1.8354143,1.6770374,1.8190086
2019-02-23,2019-02-24 02:00:00,2.077734,1.9666241,1.8254014,2.0539703
2019-02-23,2019-02-24 02:15:00,1.996875,2.113713,1.978762,2.1995819
2019-02-23,2019-02-24 02:30:00,2.358984,2.208908,2.1433148,2.4146307
2019-02-23,2019-02-24 02:45:00,2.580469,2.3382862,2.2300596,2.510173
2019-02-23,2019-02-24 03:00:00,2.351953,2.4690883,2.3608077,2.6795018
2019-02-23,2019-02-24 03:15:00,2.053125,2.5199373,2.443671,2.72747
2019-02-23,2019-02-24 03:30:00,2.264062,2.553607,2.5949416,2.8361986
2019-02-23,2019-02-24 03:45:00,1.958203,2.5465071,2.6974568,2.8626158
2019-02-23,2019-02-24 04:00:00,1.497656,2.579905,2.7863207,2.8575053
2019-02-23,2019-02-24 04:15:00,1.634766,2.5781922,2.81879,2.8820982
2019-02-23,2019-02-24 04:30:00,2.141016,2.3932347,2.8249834,2.924892
2019-02-23,2019-02-24 04:45:00,1.923047,2.339696,2.882773,2.8917434
2019-02-23,2019-02-24 05:00:00,2.489063,2.1864216,2.8351696,2.7862995
2019-02-23,2019-02-24 05:15:00,2.242969,2.016412,2.7738063,2.8342092
2019-02-23,2019-02-24 05:30:00,1.610156,1.9624542,2.8131223,2.799784
2019-02-23,2019-02-24 05:45:00,1.996875,1.7969587,2.7004924,2.7080054
2019-02-23,2019-02-24 06:00:00,1.469531,1.5469555,2.666702,2.6164494
2019-02-23,2019-02-24 06:15:00,1.314844,1.4078059,2.5627136,2.50639
2019-02-23,2019-02-24 06:30:00,1.381641,1.2351415,2.4949028,2.3539727
2019-02-23,2019-02-24 06:45:00,1.29375,1.0653286,2.3485975,2.2088463
2019-02-23,2019-02-24 07:00:00,1.142578,0.8392999,2.1796305,2.0970047
2019-02-23,2019-02-24 07:15:00,1.163672,0.6522338,2.0130403,1.8958161
2019-02-23,2019-02-24 07:30:00,1.117969,0.43849573,1.8631251,1.7090213
2019-02-23,2019-02-24 07:45:00,1.082812,0.28916934,1.6690656,1.474875
2019-02-23,2019-02-24 08:00:00,0.8085939999999999,0.18257011,1.4852085,1.291905
2019-02-23,2019-02-24 08:15:00,0.6152340000000001,0.07999966,1.3262684,1.0557892
2019-02-23,2019-02-24 08:30:00,0.464063,0.023412092,1.1140327,0.85850656
2019-02-23,2019-02-24 08:45:00,0.333984,0.032880735,0.9545833,0.67572755
2019-02-23,2019-02-24 09:00:00,0.2355469999999999,0.0426234,0.8143045,0.48353752
2019-02-23,2019-02-24 09:15:00,0.16875,0.02741581,0.5818115,0.36293298
2019-02-23,2019-02-24 09:30:00,0.126563,0.03876514,0.45714733,0.19566552
2019-02-23,2019-02-24 09:45:00,0.0210939999999999,0.056001432,0.35269538,0.08965541
2019-02-23,2019-02-24 10:00:00,0.0,0.07800942,0.22379681,-0.015853971
2019-02-23,2019-02-24 10:15:00,0.0,0.086141124,0.15758817,-0.1097239
2019-02-23,2019-02-24 10:30:00,0.0,0.17083883,0.07577146,-0.13231339
2019-02-23,2019-02-24 10:45:00,0.0,0.14792085,0.054566763,-0.16189466
2019-02-23,2019-02-24 11:00:00,0.0,0.16522409,0.019764945,-0.19028121
2019-02-23,2019-02-24 11:15:00,0.0,0.14269038,0.031127008,-0.15103301
2019-02-23,2019-02-24 11:30:00,0.0,0.15919505,-0.023351869,-0.14710768
2019-02-23,2019-02-24 11:45:00,0.0,0.1325149,0.027184775,-0.12683035
2019-02-23,2019-02-24 12:00:00,0.0,0.15329991,0.03102381,-0.10080783
2019-02-23,2019-02-24 12:15:00,0.0,0.15703571,0.034365103,-0.078804724
2019-02-23,2019-02-24 12:30:00,0.0,0.09106493,0.0772662,-0.018377421
2019-02-23,2019-02-24 12:45:00,0.0,0.06837751,0.06922214,-0.04406107
2019-02-23,2019-02-24 13:00:00,0.0,0.03574655,0.09530164,-0.018696107
2019-02-23,2019-02-24 13:15:00,0.0,0.0060564424,0.08656165,-0.010113082
2019-02-23,2019-02-24 13:30:00,0.0,0.038776908,0.023629928,-0.020037552
2019-02-23,2019-02-24 13:45:00,0.0,-0.00976664,0.027903767,-0.03555697
2019-02-23,2019-02-24 14:00:00,0.0,-0.02234563,0.019385142,-0.050173413
2019-02-23,2019-02-24 14:15:00,0.0,-0.040161025,0.017305098,-0.035818066
2019-02-23,2019-02-24 14:30:00,0.0,-0.048801187,0.064248346,-0.053058535
2019-02-23,2019-02-24 14:45:00,0.0,0.002591456,0.04567433,-0.02061791
2019-02-23,2019-02-24 15:00:00,0.0,-0.0013219406,-0.006096399,-0.030546496
2019-02-23,2019-02-24 15:15:00,0.0,-0.007467431,0.02392375,-0.05143332
2019-02-23,2019-02-24 15:30:00,0.0,-0.020830037,-0.011735476,-0.007922693
2019-02-23,2019-02-24 15:45:00,0.0,-0.024470076,-0.0066028717,-0.00812299
2019-02-23,2019-02-24 16:00:00,0.0,-0.02477257,0.037644986,-0.019789131
2019-02-23,2019-02-24 16:15:00,0.0,0.014810672,0.003153111,0.021365749
2019-02-23,2019-02-24 16:30:00,0.0,0.007322789,-0.00097094214,0.04030645
2019-02-23,2019-02-24 16:45:00,0.0,-0.017161237,0.00219724,0.021840865
2019-02-23,2019-02-24 17:00:00,0.0,0.028606588,0.034922644,0.03136365
2019-02-23,2019-02-24 17:15:00,0.0,0.038255293,0.068585336,0.03505786
2019-02-23,2019-02-24 17:30:00,0.0,0.04483862,0.018438756,0.06826002
2019-02-23,2019-02-24 17:45:00,0.0,0.015390762,0.033170182,0.061029162
2019-02-23,2019-02-24 18:00:00,0.0,0.03168929,-0.0018991296,0.06496224
2019-02-23,2019-02-24 18:15:00,0.0,0.05841901,-0.029238135,0.049780488
2019-02-23,2019-02-24 18:30:00,0.0,0.09910988,-0.020424876,0.048734967
2019-02-23,2019-02-24 18:45:00,0.0,0.095211364,-0.002507716,0.021338126
2019-02-23,2019-02-24 19:00:00,0.0,0.11200237,-0.046378467,0.014312969
2019-02-23,2019-02-24 19:15:00,0.0,0.102963224,-0.050307747,0.041128233
2019-02-23,2019-02-24 19:30:00,0.0,0.11258143,-0.0550855,0.024788
2019-02-23,2019-02-24 19:45:00,0.0,0.0864623,-0.062066395,0.04411329
2019-02-23,2019-02-24 20:00:00,0.0,0.08683995,-0.04821369,-0.011305266
2019-02-23,2019-02-24 20:15:00,0.0,0.04367325,-0.07381772,-0.04226267
2019-02-23,2019-02-24 20:30:00,0.0,0.04218157,-0.09476027,-0.058327276
2019-02-23,2019-02-24 20:45:00,0.0,0.051126365,-0.083295576,-0.04139195
2019-02-23,2019-02-24 21:00:00,0.0,-0.00097015005,-0.08562554,-0.10516675
2019-02-23,2019-02-24 21:15:00,0.0,0.067987785,-0.08966567,-0.06792355
2019-02-23,2019-02-24 21:30:00,0.0,0.118781984,-0.0690285,-0.11005865
2019-02-23,2019-02-24 21:45:00,0.0,0.11724927,-0.12344283,-0.12420761
2019-02-23,2019-02-24 22:00:00,0.0,0.12681733,-0.08119703,-0.0813615
2019-02-23,2019-02-24 22:15:00,0.0,0.18466967,-0.048990086,-0.17946011
2019-02-23,2019-02-24 22:30:00,0.0,0.19495001,-0.030905396,-0.15037452
2019-02-23,2019-02-24 22:45:00,0.0,0.21919942,0.06309635,-0.07625205
2019-02-23,2019-02-24 23:00:00,0.0,0.25136027,0.057431273,-0.11213501
2019-02-23,2019-02-24 23:15:00,0.007031,0.33598065,0.11270866,-0.10020139
2019-02-23,2019-02-24 23:30:00,0.091406,0.39152965,0.20501235,-0.0032303804
2019-02-23,2019-02-24 23:45:00,0.214453,0.51073045,0.27761817,0.029131731
2019-02-24,2019-02-25 00:00:00,0.267188,0.45601833,0.4338037,0.40925807
2019-02-24,2019-02-25 00:15:00,0.478125,0.5730196,0.5820398,0.56366
2019-02-24,2019-02-25 00:30:00,0.573047,0.75219464,0.8190598,0.77030754
2019-02-24,2019-02-25 00:45:00,0.727734,0.95273924,1.0018927,0.9739365
2019-02-24,2019-02-25 01:00:00,1.008984,1.152668,1.1862493,1.215239
2019-02-24,2019-02-25 01:15:00,1.226953,1.3525558,1.4692147,1.4480889
2019-02-24,2019-02-25 01:30:00,1.430859,1.5306389,1.6409713,1.7084798
2019-02-24,2019-02-25 01:45:00,1.666406,1.7352139,1.8318872,1.9193308
2019-02-24,2019-02-25 02:00:00,1.85625,1.898276,1.9979082,2.1595662
2019-02-24,2019-02-25 02:15:00,2.109375,2.0778916,2.1719542,2.3223584
2019-02-24,2019-02-25 02:30:00,2.211328,2.2123928,2.3438857,2.5322766
2019-02-24,2019-02-25 02:45:00,2.327344,2.3692498,2.4371529,2.6482708
2019-02-24,2019-02-25 03:00:00,2.397656,2.5039926,2.5563016,2.824454
2019-02-24,2019-02-25 03:15:00,2.548828,2.6280892,2.636909,2.875871
2019-02-24,2019-02-25 03:30:00,2.608594,2.696611,2.7754402,2.972161
2019-02-24,2019-02-25 03:45:00,2.707031,2.7888188,2.8734908,2.989515
2019-02-24,2019-02-25 04:00:00,2.742188,2.8284295,2.9604425,2.974144
2019-02-24,2019-02-25 04:15:00,2.794922,2.9046717,2.993371,2.984662
2019-02-24,2019-02-25 04:30:00,2.777344,2.8801029,2.9854372,3.005269
2019-02-24,2019-02-25 04:45:00,2.707031,2.8778827,3.021117,2.9620824
2019-02-24,2019-02-25 05:00:00,2.668359,2.853167,2.9596925,2.838302
2019-02-24,2019-02-25 05:15:00,2.626172,2.7697709,2.879969,2.8533561
2019-02-24,2019-02-25 05:30:00,2.288672,2.7266276,2.8688614,2.7814982
2019-02-24,2019-02-25 05:45:00,2.496094,2.613715,2.716803,2.6636183
2019-02-24,2019-02-25 06:00:00,2.496094,2.485294,2.659758,2.5415852
2019-02-24,2019-02-25 06:15:00,2.373047,2.380441,2.5499961,2.3859267
2019-02-24,2019-02-25 06:30:00,2.246484,2.2276866,2.4228866,2.2271981
2019-02-24,2019-02-25 06:45:00,2.042578,2.0676656,2.2537057,2.0377598
2019-02-24,2019-02-25 07:00:00,1.901953,1.867973,2.0820038,1.9094622
2019-02-24,2019-02-25 07:15:00,1.736719,1.6509361,1.8557245,1.7027735
2019-02-24,2019-02-25 07:30:00,1.469531,1.4629188,1.689027,1.5108106
2019-02-24,2019-02-25 07:45:00,0.8578129999999999,1.2449472,1.4778461,1.2712873
2019-02-24,2019-02-25 08:00:00,1.163672,1.0102707,1.2911183,1.090263
2019-02-24,2019-02-25 08:15:00,0.601172,0.8525291,1.1048121,0.8810561
2019-02-24,2019-02-25 08:30:00,0.6574220000000001,0.6798713,0.8862082,0.7001332
2019-02-24,2019-02-25 08:45:00,0.523828,0.55282444,0.73525447,0.5428749
2019-02-24,2019-02-25 09:00:00,0.376172,0.3867116,0.60189563,0.38603532
2019-02-24,2019-02-25 09:15:00,0.151172,0.30013207,0.40048522,0.29806867
2019-02-24,2019-02-25 09:30:00,0.098438,0.20321432,0.28872058,0.1650215
2019-02-24,2019-02-25 09:45:00,0.0105469999999999,0.1152264,0.20434785,0.09497347
2019-02-24,2019-02-25 10:00:00,0.0,0.017160146,0.08905186,0.019955289
2019-02-24,2019-02-25 10:15:00,0.0,0.00857994,0.04243756,-0.034018822
2019-02-24,2019-02-25 10:30:00,0.0,-0.0067042443,0.0018223542,-0.030470287
2019-02-24,2019-02-25 10:45:00,0.0,0.021008113,-0.016838498,-0.05323973
2019-02-24,2019-02-25 11:00:00,0.0,0.04355791,-0.06276454,-0.065314904
2019-02-24,2019-02-25 11:15:00,0.0,0.0359037,-0.041830327,-0.024185523
2019-02-24,2019-02-25 11:30:00,0.0,0.035589106,-0.021049038,-0.014379354
2019-02-24,2019-02-25 11:45:00,0.0,0.056876075,0.004811987,-0.0048950273
2019-02-24,2019-02-25 12:00:00,0.0,0.050314557,-0.008255323,0.011944705
2019-02-24,2019-02-25 12:15:00,0.0,0.07987973,-0.015204806,0.027661713
2019-02-24,2019-02-25 12:30:00,0.0,0.07770476,0.035211023,0.06701359
2019-02-24,2019-02-25 12:45:00,0.0,0.057761457,0.0640434,0.046077836
2019-02-24,2019-02-25 13:00:00,0.0,0.02482236,0.05653085,0.049263015
2019-02-24,2019-02-25 13:15:00,0.0,0.05269072,0.064296916,0.0437594
2019-02-24,2019-02-25 13:30:00,0.0,0.040408295,0.00079060276,0.023487931
2019-02-24,2019-02-25 13:45:00,0.0,0.049588345,-0.009457111,-0.008947428
2019-02-24,2019-02-25 14:00:00,0.0,0.0318155,-0.025923202,-0.011469732
2019-02-24,2019-02-25 14:15:00,0.0,-0.011843517,-0.02228056,-0.013049497
2019-02-24,2019-02-25 14:30:00,0.0,0.002859054,0.0036495435,-0.042502023
2019-02-24,2019-02-25 14:45:00,0.0,0.004725531,-0.016198307,-0.009075322
2019-02-24,2019-02-25 15:00:00,0.0,-0.014192601,-0.043881513,-0.041935556
2019-02-24,2019-02-25 15:15:00,0.0,0.006258488,-0.016918514,-0.04540624
2019-02-24,2019-02-25 15:30:00,0.0,0.00031825333,-0.043229267,-0.02212554
2019-02-24,2019-02-25 15:45:00,0.0,-0.005714363,-0.034941345,-0.013302898
2019-02-24,2019-02-25 16:00:00,0.0,-0.0018967635,-0.026038874,-0.0273796
2019-02-24,2019-02-25 16:15:00,0.0,0.015682762,-0.046184547,0.0007563557
2019-02-24,2019-02-25 16:30:00,0.0,0.023827026,-0.0135014765,0.006243201
2019-02-24,2019-02-25 16:45:00,0.0,0.017285304,-0.052008495,-0.00011647479
2019-02-24,2019-02-25 17:00:00,0.0,0.021078872,-0.0038428656,0.003953991
2019-02-24,2019-02-25 17:15:00,0.0,0.022641499,-0.0064221416,0.005323336
2019-02-24,2019-02-25 17:30:00,0.0,0.00077793887,-0.036868397,0.02174691
2019-02-24,2019-02-25 17:45:00,0.0,-0.008555476,-0.054293405,0.024022046
2019-02-24,2019-02-25 18:00:00,0.0,-0.028819991,-0.07897919,0.02379099
2019-02-24,2019-02-25 18:15:00,0.0,-0.028616916,-0.0687899,0.016357342
2019-02-24,2019-02-25 18:30:00,0.0,-0.01319344,-0.08112431,0.013204143
2019-02-24,2019-02-25 18:45:00,0.0,-0.005447547,-0.08410866,-0.0015906596
2019-02-24,2019-02-25 19:00:00,0.0,0.010317679,-0.088481724,-0.00080466055
2019-02-24,2019-02-25 19:15:00,0.0,0.016066896,-0.095338084,0.02938823
2019-02-24,2019-02-25 19:30:00,0.0,0.01164929,-0.086264424,0.022696283
2019-02-24,2019-02-25 19:45:00,0.0,-0.016396713,-0.049770083,0.046277363
2019-02-24,2019-02-25 20:00:00,0.0,0.0070972056,-0.07530411,0.0073044053
2019-02-24,2019-02-25 20:15:00,0.0,0.0067422055,-0.08016953,-0.02213217
2019-02-24,2019-02-25 20:30:00,0.0,0.01756932,-0.07835738,-0.038573112
2019-02-24,2019-02-25 20:45:00,0.0,0.037671868,-0.07070045,-0.028979534
2019-02-24,2019-02-25 21:00:00,0.0,0.026959686,-0.062119395,-0.08069144
2019-02-24,2019-02-25 21:15:00,0.0,0.024757754,-0.09127217,-0.06449473
2019-02-24,2019-02-25 21:30:00,0.0,0.058692183,-0.059919864,-0.10275497
2019-02-24,2019-02-25 21:45:00,0.0,0.07840937,-0.07366752,-0.12754595
2019-02-24,2019-02-25 22:00:00,0.0,0.077295065,-0.06571486,-0.09438116
2019-02-24,2019-02-25 22:15:00,0.0,0.074655466,-0.008551072,-0.18226822
2019-02-24,2019-02-25 22:30:00,0.0,0.09223762,0.030811604,-0.16396424
2019-02-24,2019-02-25 22:45:00,0.0,0.09954395,0.067821905,-0.084117115
2019-02-24,2019-02-25 23:00:00,0.0,0.14159516,0.093706585,-0.11789279
2019-02-24,2019-02-25 23:15:00,0.0,0.18708593,0.15608679,-0.08391429
2019-02-24,2019-02-25 23:30:00,0.05625,0.24699125,0.22452934,0.019136298
2019-02-24,2019-02-25 23:45:00,0.203906,0.33383027,0.3220158,0.06644424
2019-02-25,2019-02-26 00:00:00,0.239063,0.31044358,0.34640843,0.41803163
2019-02-25,2019-02-26 00:15:00,0.2847659999999999,0.3586678,0.44216448,0.53232646
2019-02-25,2019-02-26 00:30:00,0.330469,0.4458327,0.6160457,0.67884594
2019-02-25,2019-02-26 00:45:00,0.566016,0.54169345,0.74024487,0.8406527
2019-02-25,2019-02-26 01:00:00,0.727734,0.6263839,0.8865727,1.0199671
2019-02-25,2019-02-26 01:15:00,0.805078,0.7242565,1.0703411,1.1914964
2019-02-25,2019-02-26 01:30:00,0.931641,0.8249262,1.1954253,1.3951753
2019-02-25,2019-02-26 01:45:00,1.086328,0.9602412,1.3399688,1.5623682
2019-02-25,2019-02-26 02:00:00,1.698047,1.0742353,1.4613323,1.7478436
2019-02-25,2019-02-26 02:15:00,1.501172,1.2086711,1.5623682,1.864486
2019-02-25,2019-02-26 02:30:00,1.318359,1.3227179,1.6887937,2.0327475
2019-02-25,2019-02-26 02:45:00,1.096875,1.4506124,1.763682,2.1190355
2019-02-25,2019-02-26 03:00:00,0.980859,1.5782739,1.844505,2.23341
2019-02-25,2019-02-26 03:15:00,1.388672,1.6916419,1.913541,2.2682486
2019-02-25,2019-02-26 03:30:00,1.7015619999999998,1.7687694,2.0225027,2.3398278
2019-02-25,2019-02-26 03:45:00,1.771875,1.8706989,2.086083,2.3474867
2019-02-25,2019-02-26 04:00:00,1.986328,1.9465126,2.1562104,2.3266432
2019-02-25,2019-02-26 04:15:00,1.655859,2.0624225,2.1650236,2.327127
2019-02-25,2019-02-26 04:30:00,1.884375,2.0661685,2.1525798,2.325328
2019-02-25,2019-02-26 04:45:00,1.771875,2.125796,2.1983895,2.2774603
2019-02-25,2019-02-26 05:00:00,2.130469,2.1463518,2.1290185,2.1777697
2019-02-25,2019-02-26 05:15:00,1.905469,2.1028583,2.0810845,2.1859188
2019-02-25,2019-02-26 05:30:00,1.708594,2.070953,2.0734503,2.128469
2019-02-25,2019-02-26 05:45:00,1.490625,2.0055835,1.9896325,2.0298197
2019-02-25,2019-02-26 06:00:00,1.571484,1.9012082,1.9249332,1.9403327
2019-02-25,2019-02-26 06:15:00,1.669922,1.8285141,1.836307,1.8073155
2019-02-25,2019-02-26 06:30:00,1.525781,1.7307565,1.7433228,1.6739973
2019-02-25,2019-02-26 06:45:00,1.564453,1.6235307,1.6186968,1.531902
2019-02-25,2019-02-26 07:00:00,1.342969,1.4693608,1.4845526,1.4115406
2019-02-25,2019-02-26 07:15:00,1.353516,1.310927,1.328243,1.2420703
2019-02-25,2019-02-26 07:30:00,1.2375,1.1937693,1.2134608,1.0726483
2019-02-25,2019-02-26 07:45:00,0.980859,1.0272307,1.0580801,0.8876762
2019-02-25,2019-02-26 08:00:00,0.931641,0.8594072,0.9249983,0.74926627
2019-02-25,2019-02-26 08:15:00,0.914062,0.7531536,0.7872366,0.57565403
2019-02-25,2019-02-26 08:30:00,0.675,0.65916824,0.6423606,0.43000558
2019-02-25,2019-02-26 08:45:00,0.537891,0.57845217,0.52847534,0.30645555
2019-02-25,2019-02-26 09:00:00,0.407813,0.45825845,0.42678562,0.17701456
2019-02-25,2019-02-26 09:15:00,0.2953119999999999,0.38524783,0.2881182,0.116225645
2019-02-25,2019-02-26 09:30:00,0.151172,0.303406,0.20915906,0.012149133
2019-02-25,2019-02-26 09:45:00,0.045703,0.22391516,0.16699064,-0.042921145
2019-02-25,2019-02-26 10:00:00,0.0,0.13171788,0.065845475,-0.10032129
2019-02-25,2019-02-26 10:15:00,0.0,0.099885084,0.05945632,-0.14538077
2019-02-25,2019-02-26 10:30:00,0.0,0.0887216,-0.0041982876,-0.14045595
2019-02-25,2019-02-26 10:45:00,0.0,0.085801415,0.0018920107,-0.14780612
2019-02-25,2019-02-26 11:00:00,0.0,0.11300897,-0.027898356,-0.14378533
2019-02-25,2019-02-26 11:15:00,0.0,0.08242751,-0.011803973,-0.09984466
2019-02-25,2019-02-26 11:30:00,0.0,0.053891,-0.029837957,-0.08889125
2019-02-25,2019-02-26 11:45:00,0.0,0.08228704,-0.0026442925,-0.06903031
2019-02-25,2019-02-26 12:00:00,0.0,0.054050703,-0.0013099042,-0.045718167
2019-02-25,2019-02-26 12:15:00,0.0,0.08326818,-0.01755535,-0.017865425
2019-02-25,2019-02-26 12:30:00,0.0,0.06211927,0.012662688,0.02903861
2019-02-25,2019-02-26 12:45:00,0.0,0.050537467,0.0019316174,0.010991899
2019-02-25,2019-02-26 13:00:00,0.0,0.0131125385,0.014115691,0.031773094
2019-02-25,2019-02-26 13:15:00,0.0,0.041700404,-0.001206726,0.02997587
2019-02-25,2019-02-26 13:30:00,0.0,0.026526172,-0.041082025,0.023477694
2019-02-25,2019-02-26 13:45:00,0.0,0.01720288,-0.053746335,0.006134956
2019-02-25,2019-02-26 14:00:00,0.0,0.0036771551,-0.06149157,0.0016587113
2019-02-25,2019-02-26 14:15:00,0.0,-0.03828348,-0.062178556,0.005417055
2019-02-25,2019-02-26 14:30:00,0.0,-0.02323163,-0.05644081,-0.012549547
2019-02-25,2019-02-26 14:45:00,0.0,-0.024442134,-0.051868316,0.021242894
2019-02-25,2019-02-26 15:00:00,0.0,-0.023541693,-0.077371605,0.015232828
2019-02-25,2019-02-26 15:15:00,0.0,-0.0017792805,-0.05703548,0.0035065475
2019-02-25,2019-02-26 15:30:00,0.0,-0.014039276,-0.07932628,0.030329512
2019-02-25,2019-02-26 15:45:00,0.0,-0.01658053,-0.081389606,0.048990767
2019-02-25,2019-02-26 16:00:00,0.0,-0.00711239,-0.047108386,0.046296064
2019-02-25,2019-02-26 16:15:00,0.0,0.0048127277,-0.06152593,0.072015986
2019-02-25,2019-02-26 16:30:00,0.0,0.009779932,-0.06624678,0.08398746
2019-02-25,2019-02-26 16:45:00,0.0,0.019928403,-0.07707496,0.086024486
2019-02-25,2019-02-26 17:00:00,0.0,0.028866243,-0.051747706,0.083423965
2019-02-25,2019-02-26 17:15:00,0.0,0.03246686,-0.039443333,0.081770405
2019-02-25,2019-02-26 17:30:00,0.0,0.020693503,-0.05424209,0.0930995
2019-02-25,2019-02-26 17:45:00,0.0,0.0073365127,-0.056044918,0.09404891
2019-02-25,2019-02-26 18:00:00,0.0,-0.01598797,-0.08228641,0.079306915
2019-02-25,2019-02-26 18:15:00,0.0,-0.025239825,-0.076128386,0.061700545
2019-02-25,2019-02-26 18:30:00,0.0,-0.014360904,-0.07320835,0.039566617
2019-02-25,2019-02-26 18:45:00,0.0,-0.0049387286,-0.058337905,0.019440878
2019-02-25,2019-02-26 19:00:00,0.0,0.023111429,-0.07821689,0.0016533721
2019-02-25,2019-02-26 19:15:00,0.0,0.05393657,-0.07594778,0.0177699
2019-02-25,2019-02-26 19:30:00,0.0,0.05294206,-0.07311112,0.0056530447
2019-02-25,2019-02-26 19:45:00,0.0,0.050756343,-0.04935519,0.01972958
2019-02-25,2019-02-26 20:00:00,0.0,0.06309605,-0.05576947,-0.02384868
2019-02-25,2019-02-26 20:15:00,0.0,0.06300626,-0.066760875,-0.046686348
2019-02-25,2019-02-26 20:30:00,0.0,0.060378548,-0.06734034,-0.053739525
2019-02-25,2019-02-26 20:45:00,0.0,0.07676954,-0.061661694,-0.053276367
2019-02-25,2019-02-26 21:00:00,0.0,0.06365379,-0.04815919,-0.09144286
2019-02-25,2019-02-26 21:15:00,0.0,0.05946354,-0.06435809,-0.070025995
2019-02-25,2019-02-26 21:30:00,0.0,0.08333875,-0.044788513,-0.09589323
2019-02-25,2019-02-26 21:45:00,0.0,0.10531012,-0.06090057,-0.10507332
2019-02-25,2019-02-26 22:00:00,0.0,0.106362656,-0.032760013,-0.06994407
2019-02-25,2019-02-26 22:15:00,0.0,0.096755184,0.0061511076,-0.13285665
2019-02-25,2019-02-26 22:30:00,0.0,0.11454272,0.039477155,-0.11042635
2019-02-25,2019-02-26 22:45:00,0.0,0.14062048,0.0840677,-0.030746443
2019-02-25,2019-02-26 23:00:00,0.0,0.15798175,0.09078048,-0.044724397
2019-02-25,2019-02-26 23:15:00,0.0,0.18487597,0.15666144,-0.003358943
2019-02-25,2019-02-26 23:30:00,0.123047,0.21845257,0.2259801,0.08947468
2019-02-25,2019-02-26 23:45:00,0.2074219999999999,0.26544708,0.303816,0.121502504
2019-02-26,2019-02-27 00:00:00,0.253125,0.2536247,0.26787394,0.33654878
2019-02-26,2019-02-27 00:15:00,0.467578,0.28654557,0.30849802,0.44980985
2019-02-26,2019-02-27 00:30:00,0.689062,0.33774468,0.40312502,0.5969274
2019-02-26,2019-02-27 00:45:00,0.460547,0.3957287,0.4569753,0.76520133
2019-02-26,2019-02-27 01:00:00,0.537891,0.43820676,0.5406581,0.95211834
2019-02-26,2019-02-27 01:15:00,0.6574220000000001,0.4928205,0.62854725,1.1325756
2019-02-26,2019-02-27 01:30:00,0.8578129999999999,0.5588385,0.7108985,1.3388485
2019-02-26,2019-02-27 01:45:00,1.058203,0.6479735,0.77843654,1.5183768
2019-02-26,2019-02-27 02:00:00,1.6523439999999998,0.7155329,0.8479382,1.7113487
2019-02-26,2019-02-27 02:15:00,1.620703,0.80490494,0.90553343,1.8390175
2019-02-26,2019-02-27 02:30:00,2.133984,0.8667369,0.9868616,2.0049274
2019-02-26,2019-02-27 02:45:00,2.172656,0.94217837,1.0150728,2.1049902
2019-02-26,2019-02-27 03:00:00,2.475,1.028503,1.0483363,2.2288003
2019-02-26,2019-02-27 03:15:00,2.671875,1.0793734,1.0927669,2.2605822
2019-02-26,2019-02-27 03:30:00,2.390625,1.1240648,1.172769,2.3261383
2019-02-26,2019-02-27 03:45:00,2.594531,1.1494042,1.2101746,2.3341274
2019-02-26,2019-02-27 04:00:00,2.949609,1.2028633,1.2442,2.3138313
2019-02-26,2019-02-27 04:15:00,3.033984,1.2638469,1.2624251,2.2949557
2019-02-26,2019-02-27 04:30:00,2.735156,1.2283887,1.2580686,2.2880976
2019-02-26,2019-02-27 04:45:00,3.009375,1.274601,1.2705837,2.2284527
2019-02-26,2019-02-27 05:00:00,2.225391,1.251414,1.2406372,2.1122985
2019-02-26,2019-02-27 05:15:00,3.209765,1.2002367,1.2040833,2.0865839
2019-02-26,2019-02-27 05:30:00,3.005859,1.1701242,1.2116195,1.9947037
2019-02-26,2019-02-27 05:45:00,2.903906,1.1393613,1.1174703,1.8661027
2019-02-26,2019-02-27 06:00:00,2.925,1.0241694,1.109173,1.7559135
2019-02-26,2019-02-27 06:15:00,2.851172,0.98400056,1.0458099,1.5859827
2019-02-26,2019-02-27 06:30:00,2.664844,0.93130237,0.97615635,1.4409022
2019-02-26,2019-02-27 06:45:00,2.545312,0.8795794,0.91058487,1.2582694
2019-02-26,2019-02-27 07:00:00,2.373047,0.77003163,0.81552696,1.1184851
2019-02-26,2019-02-27 07:15:00,2.176172,0.68776256,0.71910125,0.9385562
2019-02-26,2019-02-27 07:30:00,1.986328,0.619227,0.6623368,0.76608795
2019-02-26,2019-02-27 07:45:00,1.838672,0.54170454,0.5691268,0.5807558
2019-02-26,2019-02-27 08:00:00,1.546875,0.46723625,0.49064997,0.44777155
2019-02-26,2019-02-27 08:15:00,1.328906,0.41539088,0.4025901,0.29672238
2019-02-26,2019-02-27 08:30:00,1.026562,0.41138387,0.3309267,0.16431011
2019-02-26,2019-02-27 08:45:00,0.776953,0.3923138,0.2656999,0.072727755
2019-02-26,2019-02-27 09:00:00,0.5167970000000001,0.36147365,0.21138269,-0.028280346
2019-02-26,2019-02-27 09:15:00,0.341016,0.339246,0.13711394,-0.05214543
2019-02-26,2019-02-27 09:30:00,0.196875,0.3253973,0.09340336,-0.11977141
2019-02-26,2019-02-27 09:45:00,0.0210939999999999,0.29310593,0.07541814,-0.14618511
2019-02-26,2019-02-27 10:00:00,0.0,0.24007519,0.03327525,-0.16158247
2019-02-26,2019-02-27 10:15:00,0.0,0.212792,0.025249867,-0.17503148
2019-02-26,2019-02-27 10:30:00,0.0,0.24191865,0.006777985,-0.1468823
2019-02-26,2019-02-27 10:45:00,0.0,0.22393277,0.012646866,-0.1419008
2019-02-26,2019-02-27 11:00:00,0.0,0.25469097,0.0030212873,-0.10715303
2019-02-26,2019-02-27 11:15:00,0.0,0.21409218,0.0037291583,-0.0541137
2019-02-26,2019-02-27 11:30:00,0.0,0.18362774,0.005163654,-0.03466717
2019-02-26,2019-02-27 11:45:00,0.0,0.20617606,0.004843343,-0.012979574
2019-02-26,2019-02-27 12:00:00,0.0,0.18715349,-0.0011493528,0.012795438
2019-02-26,2019-02-27 12:15:00,0.0,0.21357995,0.0007688036,0.045080137
2019-02-26,2019-02-27 12:30:00,0.0,0.17421591,0.01671044,0.0822238
2019-02-26,2019-02-27 12:45:00,0.0,0.18167336,0.0086499555,0.07041373
2019-02-26,2019-02-27 13:00:00,0.0,0.15381548,0.020625215,0.08294353
2019-02-26,2019-02-27 13:15:00,0.0,0.15867987,0.011594617,0.06823231
2019-02-26,2019-02-27 13:30:00,0.0,0.16626358,-0.02337178,0.058838543
2019-02-26,2019-02-27 13:45:00,0.0,0.13791578,-0.026153868,0.031493675
2019-02-26,2019-02-27 14:00:00,0.0,0.12052287,-0.03803872,0.040656585
2019-02-26,2019-02-27 14:15:00,0.0,0.08766768,-0.038981408,0.030695727
2019-02-26,2019-02-27 14:30:00,0.0,0.09778566,-0.031492945,0.008041513
2019-02-26,2019-02-27 14:45:00,0.0,0.096663624,-0.040276196,0.036957588
2019-02-26,2019-02-27 15:00:00,0.0,0.09941777,-0.04904998,0.016763976
2019-02-26,2019-02-27 15:15:00,0.0,0.10272058,-0.037090555,0.017063526
2019-02-26,2019-02-27 15:30:00,0.0,0.07336212,-0.038297653,0.028704545
2019-02-26,2019-02-27 15:45:00,0.0,0.060771693,-0.024321834,0.058778927
2019-02-26,2019-02-27 16:00:00,0.0,0.047109514,-0.0041788137,0.053900853
2019-02-26,2019-02-27 16:15:00,0.0,0.0606538,-0.023762915,0.06883532
2019-02-26,2019-02-27 16:30:00,0.0,0.047457438,-0.014098259,0.07589309
2019-02-26,2019-02-27 16:45:00,0.0,0.051783197,-0.036857344,0.09321409
2019-02-26,2019-02-27 17:00:00,0.0,0.05378502,0.014365697,0.07835609
2019-02-26,2019-02-27 17:15:00,0.0,0.064958364,0.015796376,0.07848237
2019-02-26,2019-02-27 17:30:00,0.0,0.06067598,0.009433306,0.0799341
2019-02-26,2019-02-27 17:45:00,0.0,0.0263046,-0.015183932,0.08589574
2019-02-26,2019-02-27 18:00:00,0.0,0.012298018,-0.037426163,0.061988275
2019-02-26,2019-02-27 18:15:00,0.0,0.0015029177,-0.03781978,0.04757653
2019-02-26,2019-02-27 18:30:00,0.0,0.010925175,-0.019695124,0.033008095
2019-02-26,2019-02-27 18:45:00,0.0,0.012614831,-0.012283348,0.012668398
2019-02-26,2019-02-27 19:00:00,0.0,0.021206107,-0.02586479,-0.0016572659
2019-02-26,2019-02-27 19:15:00,0.0,0.051571976,-0.034959104,0.01597919
2019-02-26,2019-02-27 19:30:00,0.0,0.040265877,-0.0256945,0.010224963
2019-02-26,2019-02-27 19:45:00,0.0,0.034248527,-0.0147623615,0.02081491
2019-02-26,2019-02-27 20:00:00,0.0,0.03904718,-0.029421108,-0.004100135
2019-02-26,2019-02-27 20:15:00,0.0,0.040325668,-0.04345562,-0.035141494
2019-02-26,2019-02-27 20:30:00,0.0,0.04076556,-0.03197554,-0.040537074
2019-02-26,2019-02-27 20:45:00,0.0,0.05737728,-0.018328793,-0.047378108
2019-02-26,2019-02-27 21:00:00,0.0,0.047977943,-0.020373706,-0.10289787
2019-02-26,2019-02-27 21:15:00,0.0,0.049374364,-0.042715807,-0.09894274
2019-02-26,2019-02-27 21:30:00,0.0,0.078798145,-0.01906892,-0.1507496
2019-02-26,2019-02-27 21:45:00,0.0,0.09938598,-0.030024754,-0.186446
2019-02-26,2019-02-27 22:00:00,0.0,0.10992945,-0.034051068,-0.17626642
2019-02-26,2019-02-27 22:15:00,0.0,0.09860318,-0.012353673,-0.26624286
2019-02-26,2019-02-27 22:30:00,0.0,0.11338468,0.011271884,-0.26325944
2019-02-26,2019-02-27 22:45:00,0.0,0.15634961,0.039465327,-0.20442069
2019-02-26,2019-02-27 23:00:00,0.0,0.16151488,0.036903344,-0.23744352
2019-02-26,2019-02-27 23:15:00,0.038672,0.18931094,0.0682711,-0.19689861
2019-02-26,2019-02-27 23:30:00,0.084375,0.21046719,0.10664797,-0.106607385
2019-02-26,2019-02-27 23:45:00,0.242578,0.255718,0.15676703,-0.09025607
2019-02-27,2019-02-28 00:00:00,0.348047,0.30154178,0.28126583,0.43231088
2019-02-27,2019-02-28 00:15:00,0.4992189999999999,0.33798337,0.32978296,0.5401366
2019-02-27,2019-02-28 00:30:00,0.643359,0.38251477,0.4509252,0.6825726
2019-02-27,2019-02-28 00:45:00,0.805078,0.43153024,0.51727307,0.8454044
2019-02-27,2019-02-28 01:00:00,0.991406,0.4634024,0.6107096,1.0443038
2019-02-27,2019-02-28 01:15:00,1.132031,0.5056535,0.71993387,1.218076
2019-02-27,2019-02-28 01:30:00,1.3359379999999998,0.5576206,0.7752217,1.4293708
2019-02-27,2019-02-28 01:45:00,1.480078,0.6252123,0.8670251,1.5921943
2019-02-27,2019-02-28 02:00:00,1.532812,0.67315936,0.9425661,1.7835503
2019-02-27,2019-02-28 02:15:00,1.634766,0.7403997,0.9737189,1.905667
2019-02-27,2019-02-28 02:30:00,1.810547,0.7826024,1.0620058,2.0726557
2019-02-27,2019-02-28 02:45:00,1.683984,0.8330922,1.0856001,2.1595106
2019-02-27,2019-02-28 03:00:00,1.638281,0.8961615,1.1349137,2.2845826
2019-02-27,2019-02-28 03:15:00,1.683984,0.92632973,1.1837778,2.3122132
2019-02-27,2019-02-28 03:30:00,1.947656,0.9480065,1.2441511,2.38621
2019-02-27,2019-02-28 03:45:00,1.965234,0.9534232,1.2851397,2.402772
2019-02-27,2019-02-28 04:00:00,2.133984,0.9878969,1.3263711,2.3853004
2019-02-27,2019-02-28 04:15:00,1.859766,1.0282398,1.3304529,2.3829434
2019-02-27,2019-02-28 04:30:00,1.385156,0.98758614,1.3290867,2.3897676
2019-02-27,2019-02-28 04:45:00,1.276172,1.0237539,1.3639055,2.3423629
2019-02-27,2019-02-28 05:00:00,1.381641,0.9956945,1.3212246,2.2405972
2019-02-27,2019-02-28 05:15:00,1.986328,0.9493987,1.2955906,2.279874
2019-02-27,2019-02-28 05:30:00,2.186719,0.91942364,1.3096311,2.236577
2019-02-27,2019-02-28 05:45:00,2.102344,0.9029659,1.2511228,2.167376
2019-02-27,2019-02-28 06:00:00,2.003906,0.8038498,1.2085053,2.1015427
2019-02-27,2019-02-28 06:15:00,1.828125,0.7798291,1.1695517,1.9940498
2019-02-27,2019-02-28 06:30:00,1.6875,0.7453398,1.1136192,1.87791
2019-02-27,2019-02-28 06:45:00,1.648828,0.71727335,1.0282234,1.7800437
2019-02-27,2019-02-28 07:00:00,1.553906,0.6365055,0.9488963,1.66897
2019-02-27,2019-02-28 07:15:00,1.455469,0.5844802,0.8533809,1.5231698
2019-02-27,2019-02-28 07:30:00,1.392187,0.54218805,0.79586697,1.361449
2019-02-27,2019-02-28 07:45:00,1.170703,0.4960533,0.69550556,1.1841049
2019-02-27,2019-02-28 08:00:00,1.075781,0.45305076,0.60618675,1.043947
2019-02-27,2019-02-28 08:15:00,0.889453,0.42598212,0.52554864,0.8451396
2019-02-27,2019-02-28 08:30:00,0.710156,0.44507346,0.42599636,0.6866454
2019-02-27,2019-02-28 08:45:00,0.541406,0.43845704,0.36018342,0.5190418
2019-02-27,2019-02-28 09:00:00,0.4148439999999999,0.42803788,0.292175,0.35462618
2019-02-27,2019-02-28 09:15:00,0.246094,0.41424286,0.19872566,0.25229216
2019-02-27,2019-02-28 09:30:00,0.140625,0.41035864,0.1436289,0.10504792
2019-02-27,2019-02-28 09:45:00,0.05625,0.38596272,0.10853642,0.0076239705
2019-02-27,2019-02-28 10:00:00,0.0,0.3344004,0.04548031,-0.080262974
2019-02-27,2019-02-28 10:15:00,0.0,0.30443338,0.036453277,-0.1752582
2019-02-27,2019-02-28 10:30:00,0.0,0.3290225,0.0075694933,-0.19971439
2019-02-27,2019-02-28 10:45:00,0.0,0.3070829,0.0027746349,-0.22526109
2019-02-27,2019-02-28 11:00:00,0.0,0.3338643,-0.01779366,-0.24207737
2019-02-27,2019-02-28 11:15:00,0.0,0.28614193,-0.014494178,-0.20680295
2019-02-27,2019-02-28 11:30:00,0.0,0.25177667,-0.027927326,-0.20755938
2019-02-27,2019-02-28 11:45:00,0.0,0.27091247,-0.013258333,-0.18066616
2019-02-27,2019-02-28 12:00:00,0.0,0.25575647,-0.027088813,-0.15037356
2019-02-27,2019-02-28 12:15:00,0.0,0.27769315,-0.035047863,-0.13062192
2019-02-27,2019-02-28 12:30:00,0.0,0.2341978,-0.0140054505,-0.061815552
2019-02-27,2019-02-28 12:45:00,0.0,0.2455003,-0.027536113,-0.07359248
2019-02-27,2019-02-28 13:00:00,0.0,0.22204033,-0.009382465,-0.038672492
2019-02-27,2019-02-28 13:15:00,0.0,0.21848287,-0.013802849,-0.027086634
2019-02-27,2019-02-28 13:30:00,0.0,0.22401896,-0.047028136,-0.017812146
2019-02-27,2019-02-28 13:45:00,0.0,0.1892416,-0.057101637,-0.029616838
2019-02-27,2019-02-28 14:00:00,0.0,0.16456674,-0.067644924,-0.033010513
2019-02-27,2019-02-28 14:15:00,0.0,0.12871161,-0.055677738,-0.021429818
2019-02-27,2019-02-28 14:30:00,0.0,0.13400403,-0.04413016,-0.031909134
2019-02-27,2019-02-28 14:45:00,0.0,0.12554085,-0.049404085,0.0021915408
2019-02-27,2019-02-28 15:00:00,0.0,0.124408245,-0.07335052,0.0017045317
2019-02-27,2019-02-28 15:15:00,0.0,0.11858626,-0.049770012,-0.015568633
2019-02-27,2019-02-28 15:30:00,0.0,0.084303595,-0.061890222,0.021009535
2019-02-27,2019-02-28 15:45:00,0.0,0.0644533,-0.064759016,0.01980123
2019-02-27,2019-02-28 16:00:00,0.0,0.045687355,-0.036692474,0.020035885
2019-02-27,2019-02-28 16:15:00,0.0,0.054143228,-0.038284365,0.04709812
2019-02-27,2019-02-28 16:30:00,0.0,0.0343635,-0.054308105,0.068318956
2019-02-27,2019-02-28 16:45:00,0.0,0.035770867,-0.063263066,0.071558684
2019-02-27,2019-02-28 17:00:00,0.0,0.038866162,-0.029155444,0.068874694
2019-02-27,2019-02-28 17:15:00,0.0,0.0499159,-0.021306133,0.080454394
2019-02-27,2019-02-28 17:30:00,0.0,0.051467042,-0.024220595,0.106964104
2019-02-27,2019-02-28 17:45:00,0.0,0.020061543,-0.033627708,0.104817614
2019-02-27,2019-02-28 18:00:00,0.0,0.0071686828,-0.05377782,0.101280235
2019-02-27,2019-02-28 18:15:00,0.0,0.00092669576,-0.045092367,0.09682001
2019-02-27,2019-02-28 18:30:00,0.0,0.011491521,-0.02716523,0.08171641
2019-02-27,2019-02-28 18:45:00,0.0,0.015106828,-0.012797495,0.063860014
2019-02-27,2019-02-28 19:00:00,0.0,0.021382764,-0.03378063,0.04651798
2019-02-27,2019-02-28 19:15:00,0.0,0.048247065,-0.037079968,0.07237112
2019-02-27,2019-02-28 19:30:00,0.0,0.037170127,-0.053089194,0.054712206
2019-02-27,2019-02-28 19:45:00,0.0,0.03547179,-0.040698484,0.06533516
2019-02-27,2019-02-28 20:00:00,0.0,0.035717826,-0.03631351,0.015807914
2019-02-27,2019-02-28 20:15:00,0.0,0.040211394,-0.06398148,-0.012752004
2019-02-27,2019-02-28 20:30:00,0.0,0.04199845,-0.06984227,-0.01429335
2019-02-27,2019-02-28 20:45:00,0.0,0.060296003,-0.061264258,-0.021139696
2019-02-27,2019-02-28 21:00:00,0.0,0.054431647,-0.060869444,-0.071857736
2019-02-27,2019-02-28 21:15:00,0.0,0.05938194,-0.0793462,-0.058628894
2019-02-27,2019-02-28 21:30:00,0.0,0.09189711,-0.08090163,-0.08325214
2019-02-27,2019-02-28 21:45:00,0.0,0.11324321,-0.085102625,-0.09096347
2019-02-27,2019-02-28 22:00:00,0.0,0.1255869,-0.06566077,-0.064749666
2019-02-27,2019-02-28 22:15:00,0.0,0.12001866,-0.033480115,-0.1351441
2019-02-27,2019-02-28 22:30:00,0.0,0.14239976,-0.0026591888,-0.1163742
2019-02-27,2019-02-28 22:45:00,0.0,0.18723953,0.04500334,-0.049198687
2019-02-27,2019-02-28 23:00:00,0.0,0.19839452,0.042909317,-0.06440284
2019-02-27,2019-02-28 23:15:00,0.045703,0.2318413,0.083321385,-0.0488528
2019-02-27,2019-02-28 23:30:00,0.119531,0.2574925,0.14593226,0.036461465
2019-02-27,2019-02-28 23:45:00,0.246094,0.30383247,0.20197982,0.06580481
2019-02-28,2019-03-01 00:00:00,0.400781,0.46053115,0.39226142,0.32564855
2019-02-28,2019-03-01 00:15:00,0.611719,0.6034266,0.5132598,0.46423703
2019-02-28,2019-03-01 00:30:00,0.769922,0.8106407,0.730472,0.6471151
2019-02-28,2019-03-01 00:45:00,1.040625,1.0521951,0.8758446,0.8403493
2019-02-28,2019-03-01 01:00:00,1.223437,1.2968223,1.0467571,1.0673922
2019-02-28,2019-03-01 01:15:00,1.434375,1.530785,1.2918068,1.2954547
2019-02-28,2019-03-01 01:30:00,1.437891,1.7386601,1.4335648,1.558899
2019-02-28,2019-03-01 01:45:00,1.627734,1.9677266,1.6097388,1.7609533
2019-02-28,2019-03-01 02:00:00,1.824609,2.1428373,1.7649399,1.9937581
2019-02-28,2019-03-01 02:15:00,1.9125,2.331414,1.9155519,2.1637335
2019-02-28,2019-03-01 02:30:00,1.986328,2.4652019,2.0780454,2.38233
2019-02-28,2019-03-01 02:45:00,2.439844,2.6296737,2.1705034,2.4897664
2019-02-28,2019-03-01 03:00:00,2.450391,2.7688382,2.3043435,2.6631355
2019-02-28,2019-03-01 03:15:00,2.591016,2.8850472,2.3895497,2.7230139
2019-02-28,2019-03-01 03:30:00,2.583984,2.9455056,2.5274177,2.828912
2019-02-28,2019-03-01 03:45:00,2.654297,3.0207112,2.6412864,2.8654265
2019-02-28,2019-03-01 04:00:00,2.612109,3.0514474,2.7284706,2.8716352
2019-02-28,2019-03-01 04:15:00,2.64375,3.103446,2.7760296,2.8948615
2019-02-28,2019-03-01 04:30:00,2.605078,3.0453432,2.7908633,2.928507
2019-02-28,2019-03-01 04:45:00,2.555859,3.019707,2.846586,2.9042447
2019-02-28,2019-03-01 05:00:00,2.591016,2.9664268,2.7944126,2.818658
2019-02-28,2019-03-01 05:15:00,2.664844,2.8621328,2.743213,2.8608158
2019-02-28,2019-03-01 05:30:00,2.707031,2.8285253,2.743824,2.8268726
2019-02-28,2019-03-01 05:45:00,2.819531,2.7012558,2.6331637,2.7514193
2019-02-28,2019-03-01 06:00:00,2.622656,2.5535696,2.5690205,2.645708
2019-02-28,2019-03-01 06:15:00,2.608594,2.4437945,2.4922493,2.541856
2019-02-28,2019-03-01 06:30:00,2.348438,2.2790415,2.3800266,2.4044688
2019-02-28,2019-03-01 06:45:00,2.299219,2.105738,2.2309139,2.2645452
2019-02-28,2019-03-01 07:00:00,2.000391,1.8930469,2.0684059,2.152406
2019-02-28,2019-03-01 07:15:00,2.042578,1.662882,1.8809965,1.9634316
2019-02-28,2019-03-01 07:30:00,1.6875,1.4490894,1.7141476,1.7787961
2019-02-28,2019-03-01 07:45:00,1.634766,1.2214946,1.5348603,1.5664122
2019-02-28,2019-03-01 08:00:00,1.40625,0.98081857,1.3384563,1.3864344
2019-02-28,2019-03-01 08:15:00,1.191797,0.81310326,1.1738098,1.163544
2019-02-28,2019-03-01 08:30:00,0.8578129999999999,0.6293255,0.95697135,0.9787179
2019-02-28,2019-03-01 08:45:00,0.724219,0.5068301,0.8141799,0.81028813
2019-02-28,2019-03-01 09:00:00,0.61875,0.34414285,0.68684983,0.6300697
2019-02-28,2019-03-01 09:15:00,0.4148439999999999,0.25892133,0.4719035,0.5172582
2019-02-28,2019-03-01 09:30:00,0.2355469999999999,0.16656294,0.3579275,0.36311457
2019-02-28,2019-03-01 09:45:00,0.052734,0.08849641,0.26034528,0.26947147
2019-02-28,2019-03-01 10:00:00,0.0,0.0040261215,0.15812442,0.1622999
2019-02-28,2019-03-01 10:15:00,0.0,0.0025138988,0.090305716,0.0772975
2019-02-28,2019-03-01 10:30:00,0.0,0.0008610616,0.035125915,0.0539469
2019-02-28,2019-03-01 10:45:00,0.0,0.022954423,0.010817815,0.0136218
2019-02-28,2019-03-01 11:00:00,0.0,0.04221134,-0.029721625,-0.021923782
2019-02-28,2019-03-01 11:15:00,0.0,0.03814287,-0.0219978,0.003126158
2019-02-28,2019-03-01 11:30:00,0.0,0.049322847,-0.022186091,0.00062781374
2019-02-28,2019-03-01 11:45:00,0.0,0.06217581,0.012519692,0.010337564
2019-02-28,2019-03-01 12:00:00,0.0,0.06928555,0.005513526,0.026005039
2019-02-28,2019-03-01 12:15:00,0.0,0.093676716,-0.0022424432,0.039268434
2019-02-28,2019-03-01 12:30:00,0.0,0.08565142,0.050238926,0.07568239
2019-02-28,2019-03-01 12:45:00,0.0,0.0662629,0.0557942,0.04616813
2019-02-28,2019-03-01 13:00:00,0.0,0.031906564,0.06426147,0.052125853
2019-02-28,2019-03-01 13:15:00,0.0,0.052204203,0.07090157,0.052375406
2019-02-28,2019-03-01 13:30:00,0.0,0.04761821,0.008633811,0.019345392
2019-02-28,2019-03-01 13:45:00,0.0,0.05555006,0.015642846,-0.00018836366
2019-02-28,2019-03-01 14:00:00,0.0,0.036617856,-0.0055769226,-0.026167858
2019-02-28,2019-03-01 14:15:00,0.0,0.000550956,0.0012072481,-0.028963562
2019-02-28,2019-03-01 14:30:00,0.0,0.013029334,0.03077566,-0.04778734
2019-02-28,2019-03-01 14:45:00,0.0,0.024064297,0.013718081,-0.035695747
2019-02-28,2019-03-01 15:00:00,0.0,-0.0004358186,-0.024372345,-0.050606865
2019-02-28,2019-03-01 15:15:00,0.0,0.014345637,0.0003598353,-0.06468598
2019-02-28,2019-03-01 15:30:00,0.0,0.008796408,-0.030183181,-0.03218268
2019-02-28,2019-03-01 15:45:00,0.0,0.0023159985,-0.01103556,-0.019232126
2019-02-28,2019-03-01 16:00:00,0.0,0.0026326883,0.0065481733,-0.02951277
2019-02-28,2019-03-01 16:15:00,0.0,0.023795217,-0.009384275,0.010560854
2019-02-28,2019-03-01 16:30:00,0.0,0.030815143,0.010276118,0.02769485
2019-02-28,2019-03-01 16:45:00,0.0,0.012063257,-0.018715102,0.011040045
2019-02-28,2019-03-01 17:00:00,0.0,0.017550597,0.03850351,0.044549394
2019-02-28,2019-03-01 17:15:00,0.0,0.018318906,0.030438868,0.036413092
2019-02-28,2019-03-01 17:30:00,0.0,-0.0058251387,-0.004495822,0.06086451
2019-02-28,2019-03-01 17:45:00,0.0,-0.017583558,-0.002602011,0.06444773
2019-02-28,2019-03-01 18:00:00,0.0,-0.030065063,-0.03726655,0.06901018
2019-02-28,2019-03-01 18:15:00,0.0,-0.021892652,-0.032203294,0.048599735
2019-02-28,2019-03-01 18:30:00,0.0,-0.002765479,-0.04222527,0.049519666
2019-02-28,2019-03-01 18:45:00,0.0,0.0030658322,-0.042564254,0.023528947
2019-02-28,2019-03-01 19:00:00,0.0,0.017458545,-0.054604866,0.025062531
2019-02-28,2019-03-01 19:15:00,0.0,0.010350434,-0.0693532,0.037815288
2019-02-28,2019-03-01 19:30:00,0.0,0.008253764,-0.07449463,0.0231606
2019-02-28,2019-03-01 19:45:00,0.0,-0.02608311,-0.042135768,0.046243683
2019-02-28,2019-03-01 20:00:00,0.0,0.0017359909,-0.047744583,-0.0038316112
2019-02-28,2019-03-01 20:15:00,0.0,-0.0066231997,-0.08261574,-0.018463204
2019-02-28,2019-03-01 20:30:00,0.0,0.009012075,-0.0755774,-0.04650701
2019-02-28,2019-03-01 20:45:00,0.0,0.031596497,-0.06559531,-0.026396379
2019-02-28,2019-03-01 21:00:00,0.0,0.01635692,-0.05947033,-0.06797463
2019-02-28,2019-03-01 21:15:00,0.0,0.026788296,-0.07378189,-0.022282721
2019-02-28,2019-03-01 21:30:00,0.0,0.06572832,-0.045288205,-0.050549865
2019-02-28,2019-03-01 21:45:00,0.0,0.07957497,-0.059507336,-0.0593948
2019-02-28,2019-03-01 22:00:00,0.0,0.075683266,-0.029752601,-0.025077233
2019-02-28,2019-03-01 22:15:00,0.0,0.08299317,0.017321104,-0.0972724
2019-02-28,2019-03-01 22:30:00,0.0,0.09438865,0.041175306,-0.0749982
2019-02-28,2019-03-01 22:45:00,0.0,0.09229112,0.09491142,-0.006838517
2019-02-28,2019-03-01 23:00:00,0.0,0.13377874,0.10790902,-0.0378569
2019-02-28,2019-03-01 23:15:00,0.0,0.1887077,0.14372401,-0.026036128
2019-02-28,2019-03-01 23:30:00,0.161719,0.2518839,0.2321639,0.058228433
2019-02-28,2019-03-01 23:45:00,0.270703,0.3545826,0.30486372,0.09797657
2019-05-25,2019-05-26 00:00:00,1.6734369999999998,1.666805,1.4606047,1.5620842
2019-05-25,2019-05-26 00:15:00,1.958203,1.8819199,1.4618182,1.7428749
2019-05-25,2019-05-26 00:30:00,1.599609,2.1372728,1.4653583,1.923297
2019-05-25,2019-05-26 00:45:00,2.0882810000000003,2.3604476,1.4329305,2.0988984
2019-05-25,2019-05-26 01:00:00,2.612109,2.5548046,1.3941495,2.3306382
2019-05-25,2019-05-26 01:15:00,2.784375,2.7360954,1.4427818,2.443889
2019-05-25,2019-05-26 01:30:00,2.661328,2.8298135,1.3585644,2.5972805
2019-05-25,2019-05-26 01:45:00,3.012891,2.9660752,1.3209698,2.7208476
2019-05-25,2019-05-26 02:00:00,3.4875,3.110481,1.2743447,2.8129282
2019-05-25,2019-05-26 02:15:00,1.954687,3.225491,1.1908455,2.8460789
2019-05-25,2019-05-26 02:30:00,3.255469,3.1935627,1.1808465,2.8564332
2019-05-25,2019-05-26 02:45:00,3.561328,3.2351398,1.0539114,2.8844597
2019-05-25,2019-05-26 03:00:00,1.965234,3.295427,0.96536547,2.8371382
2019-05-25,2019-05-26 03:15:00,2.337891,3.3055675,0.83360344,2.8058455
2019-05-25,2019-05-26 03:30:00,2.5101560000000003,3.2601504,0.83633476,2.7508144
2019-05-25,2019-05-26 03:45:00,2.123437,3.2507153,0.779537,2.677429
2019-05-25,2019-05-26 04:00:00,3.294141,3.2026248,0.79508436,2.5541127
2019-05-25,2019-05-26 04:15:00,3.266016,3.2028327,0.7002648,2.5210705
2019-05-25,2019-05-26 04:30:00,2.373047,3.176002,0.7015301,2.4520006
2019-05-25,2019-05-26 04:45:00,3.779297,3.125209,0.6619906,2.4357898
2019-05-25,2019-05-26 05:00:00,3.491015,3.0818267,0.63008314,2.3256166
2019-05-25,2019-05-26 05:15:00,3.287109,2.9980767,0.59510624,2.2952862
2019-05-25,2019-05-26 05:30:00,2.696484,2.9923716,0.5937353,2.2816226
2019-05-25,2019-05-26 05:45:00,1.395703,2.920382,0.6122339,2.2138596
2019-05-25,2019-05-26 06:00:00,2.647266,2.8163548,0.61680543,2.1238134
2019-05-25,2019-05-26 06:15:00,1.7613279999999998,2.787692,0.53039974,1.9517078
2019-05-25,2019-05-26 06:30:00,2.967187,2.7150986,0.58804727,1.8798406
2019-05-25,2019-05-26 06:45:00,2.896875,2.6537912,0.4993966,1.704727
2019-05-25,2019-05-26 07:00:00,2.657812,2.5639524,0.53770286,1.5856597
2019-05-25,2019-05-26 07:15:00,2.661328,2.3912175,0.47812265,1.4391471
2019-05-25,2019-05-26 07:30:00,2.489063,2.3244145,0.49088928,1.2443875
2019-05-25,2019-05-26 07:45:00,0.485156,2.122412,0.46539447,1.0572356
2019-05-25,2019-05-26 08:00:00,0.5273439999999999,1.8537928,0.41864538,0.8407677
2019-05-25,2019-05-26 08:15:00,0.780469,1.6848754,0.41695133,0.6633746
2019-05-25,2019-05-26 08:30:00,0.249609,1.4508198,0.33995357,0.47907194
2019-05-25,2019-05-26 08:45:00,1.202344,1.2803297,0.34715307,0.31244335
2019-05-25,2019-05-26 09:00:00,1.276172,1.0214957,0.2879378,0.1422627
2019-05-25,2019-05-26 09:15:00,1.233984,0.85564893,0.17698827,0.02528008
2019-05-25,2019-05-26 09:30:00,0.917578,0.69004834,0.20079802,-0.07025703
2019-05-25,2019-05-26 09:45:00,0.460547,0.518659,0.14758477,-0.18994929
2019-05-25,2019-05-26 10:00:00,0.428906,0.3509299,0.08819676,-0.16523229
2019-05-25,2019-05-26 10:15:00,0.551953,0.25476858,0.11192565,-0.25273636
2019-05-25,2019-05-26 10:30:00,0.052734,0.18852445,0.019943206,-0.2184912
2019-05-25,2019-05-26 10:45:00,0.0,0.13454695,0.034264863,-0.28113794
2019-05-25,2019-05-26 11:00:00,0.0,0.08734368,-0.023677755,-0.21653444
2019-05-25,2019-05-26 11:15:00,0.0,0.04625226,-0.022819832,-0.20118085
2019-05-25,2019-05-26 11:30:00,0.0,0.02013154,-0.029913303,-0.11338472
2019-05-25,2019-05-26 11:45:00,0.0,0.044823967,-0.03244966,-0.13141593
2019-05-25,2019-05-26 12:00:00,0.0,-0.027247488,-0.07489864,-0.08516819
2019-05-25,2019-05-26 12:15:00,0.0,0.0039641345,-0.06407669,-0.057819445
2019-05-25,2019-05-26 12:30:00,0.0,-0.00625569,-0.03128234,-0.0028606483
2019-05-25,2019-05-26 12:45:00,0.0,-0.001070597,-0.055949215,0.015255358
2019-05-25,2019-05-26 13:00:00,0.0,-0.057078615,0.012829839,0.011515923
2019-05-25,2019-05-26 13:15:00,0.0,-0.046917677,0.013901234,0.03596101
2019-05-25,2019-05-26 13:30:00,0.0,-0.06564405,-0.0016537643,-0.027729312
2019-05-25,2019-05-26 13:45:00,0.0,-0.03238065,0.014680926,-0.06348246
2019-05-25,2019-05-26 14:00:00,0.0,-0.055343077,0.018790156,0.0009395139
2019-05-25,2019-05-26 14:15:00,0.0,-0.047439992,0.050049253,-0.019280313
2019-05-25,2019-05-26 14:30:00,0.0,-0.056587573,0.06900992,-0.025119277
2019-05-25,2019-05-26 14:45:00,0.0,-0.05937416,0.050696004,-0.005346154
2019-05-25,2019-05-26 15:00:00,0.0,-0.015406193,-0.020938592,-0.05984905
2019-05-25,2019-05-26 15:15:00,0.0,-0.0055395584,0.05112979,0.0006735827
2019-05-25,2019-05-26 15:30:00,0.0,-0.015457466,0.007025138,-0.021303818
2019-05-25,2019-05-26 15:45:00,0.0,-0.035210487,-0.02558816,-0.02199672
2019-05-25,2019-05-26 16:00:00,0.0,-0.06579157,-0.05416688,0.07273872
2019-05-25,2019-05-26 16:15:00,0.0,-0.057978358,-0.035312746,0.07001508
2019-05-25,2019-05-26 16:30:00,0.0,-0.045156047,-0.07924474,0.04640468
2019-05-25,2019-05-26 16:45:00,0.0,-0.065706104,-0.024825823,0.050882425
2019-05-25,2019-05-26 17:00:00,0.0,-0.07957691,-0.016888455,0.04862158
2019-05-25,2019-05-26 17:15:00,0.0,-0.06803794,0.0017662154,0.0772067
2019-05-25,2019-05-26 17:30:00,0.0,-0.052992634,-0.044338718,0.010322504
2019-05-25,2019-05-26 17:45:00,0.0,-0.09115303,-0.050118014,0.0336614
2019-05-25,2019-05-26 18:00:00,0.0,-0.07270619,0.012254461,0.002844569
2019-05-25,2019-05-26 18:15:00,0.0,-0.10531305,-0.022052808,-0.022984555
2019-05-25,2019-05-26 18:30:00,0.0,-0.04259064,-0.014988728,-0.08987457
2019-05-25,2019-05-26 18:45:00,0.0,-0.08073256,-0.01254932,-0.16275351
2019-05-25,2019-05-26 19:00:00,0.0,-0.077200994,0.042948294,-0.17923024
2019-05-25,2019-05-26 19:15:00,0.0,-0.02727292,-0.067543715,-0.1959955
2019-05-25,2019-05-26 19:30:00,0.0,-0.027462127,-0.026601661,-0.21381982
2019-05-25,2019-05-26 19:45:00,0.0,-0.03510893,-0.015293525,-0.2164354
2019-05-25,2019-05-26 20:00:00,0.0,0.021272935,-0.10244543,-0.28369918
2019-05-25,2019-05-26 20:15:00,0.0,0.048795138,-0.13898359,-0.29474002
2019-05-25,2019-05-26 20:30:00,0.0,0.10642936,-0.12623644,-0.28206167
2019-05-25,2019-05-26 20:45:00,0.0,0.060872305,-0.18257128,-0.27120885
2019-05-25,2019-05-26 21:00:00,0.0,0.07566738,-0.1952954,-0.30641487
2019-05-25,2019-05-26 21:15:00,0.014062,0.073561,-0.15232453,-0.31380457
2019-05-25,2019-05-26 21:30:00,0.0210939999999999,0.16956198,-0.11801034,-0.3306359
2019-05-25,2019-05-26 21:45:00,0.175781,0.2587852,-0.15108806,-0.28461188
2019-05-25,2019-05-26 22:00:00,0.291797,0.39135522,-0.053864736,-0.18827136
2019-05-25,2019-05-26 22:15:00,0.467578,0.54579926,0.030927688,-0.18675685
2019-05-25,2019-05-26 22:30:00,0.569531,0.71885467,0.1338292,-0.08184984
2019-05-25,2019-05-26 22:45:00,1.030078,0.91379756,0.23647563,0.13621677
2019-05-25,2019-05-26 23:00:00,1.395703,1.1216625,0.38216415,0.24561661
2019-05-25,2019-05-26 23:15:00,1.427344,1.2966135,0.46161002,0.47753015
2019-05-25,2019-05-26 23:30:00,1.85625,1.4825461,0.5657243,0.7006407
2019-05-25,2019-05-26 23:45:00,2.158594,1.7221673,0.7059262,0.82162756
2019-05-26,2019-05-27 00:00:00,1.887891,1.6019068,1.5912166,1.722514
2019-05-26,2019-05-27 00:15:00,1.863281,1.8214597,1.6922278,1.8852412
2019-05-26,2019-05-27 00:30:00,2.7,2.098463,1.8668311,2.1324928
2019-05-26,2019-05-27 00:45:00,2.939062,2.3335052,1.9772602,2.2495944
2019-05-26,2019-05-27 01:00:00,3.550781,2.5419226,2.0934017,2.50787
2019-05-26,2019-05-27 01:15:00,3.842578,2.7437143,2.250352,2.60298
2019-05-26,2019-05-27 01:30:00,3.842578,2.853745,2.351241,2.8115916
2019-05-26,2019-05-27 01:45:00,4.232812,3.008438,2.3784215,2.93116
2019-05-26,2019-05-27 02:00:00,4.545703,3.1884322,2.4383051,3.0124164
2019-05-26,2019-05-27 02:15:00,4.682812,3.334117,2.5004005,3.0910704
2019-05-26,2019-05-27 02:30:00,4.633594,3.3250148,2.519501,3.1544292
2019-05-26,2019-05-27 02:45:00,4.7390620000000006,3.3939583,2.482355,3.187109
2019-05-26,2019-05-27 03:00:00,4.900780999999999,3.4753082,2.4851992,3.2236063
2019-05-26,2019-05-27 03:15:00,4.964062,3.5118945,2.4627154,3.168128
2019-05-26,2019-05-27 03:30:00,4.925391,3.4867594,2.5225677,3.1177046
2019-05-26,2019-05-27 03:45:00,4.865625,3.512382,2.5305188,3.082306
2019-05-26,2019-05-27 04:00:00,4.798828,3.4630504,2.5847967,2.9864562
2019-05-26,2019-05-27 04:15:00,4.616015,3.4739428,2.5708373,2.9598932
2019-05-26,2019-05-27 04:30:00,4.503516,3.4862342,2.5412064,2.9185221
2019-05-26,2019-05-27 04:45:00,4.3875,3.4303207,2.5479298,2.8760278
2019-05-26,2019-05-27 05:00:00,4.2785150000000005,3.43004,2.498867,2.7582936
2019-05-26,2019-05-27 05:15:00,4.362891,3.3665345,2.4493957,2.7905314
2019-05-26,2019-05-27 05:30:00,4.187109,3.3729365,2.4972165,2.733247
2019-05-26,2019-05-27 05:45:00,4.169531,3.3207755,2.3786457,2.6818202
2019-05-26,2019-05-27 06:00:00,3.941015,3.254724,2.3855598,2.6011734
2019-05-26,2019-05-27 06:15:00,3.642187,3.238655,2.3197646,2.4867818
2019-05-26,2019-05-27 06:30:00,3.476953,3.188389,2.2457385,2.3853881
2019-05-26,2019-05-27 06:45:00,2.728125,3.1560354,2.1831038,2.2799308
2019-05-26,2019-05-27 07:00:00,1.219922,3.087683,2.0636413,2.191776
2019-05-26,2019-05-27 07:15:00,3.888281,2.934292,1.9450926,2.078707
2019-05-26,2019-05-27 07:30:00,3.592969,2.9083366,1.8442925,1.9268898
2019-05-26,2019-05-27 07:45:00,3.469922,2.7074647,1.7110841,1.7785189
2019-05-26,2019-05-27 08:00:00,2.5101560000000003,2.418348,1.5917608,1.5927166
2019-05-26,2019-05-27 08:15:00,2.017969,2.2441585,1.442805,1.4159058
2019-05-26,2019-05-27 08:30:00,2.169141,1.9581021,1.2670207,1.2188959
2019-05-26,2019-05-27 08:45:00,2.211328,1.7314175,1.1714294,1.0221516
2019-05-26,2019-05-27 09:00:00,0.935156,1.4038353,1.0172784,0.8478919
2019-05-26,2019-05-27 09:15:00,1.40625,1.1885977,0.8323629,0.7030829
2019-05-26,2019-05-27 09:30:00,1.086328,0.9747649,0.72485876,0.5513314
2019-05-26,2019-05-27 09:45:00,0.952734,0.7443739,0.5879434,0.40486023
2019-05-26,2019-05-27 10:00:00,0.643359,0.5062845,0.46417218,0.3095767
2019-05-26,2019-05-27 10:15:00,0.587109,0.3867839,0.39606187,0.201303
2019-05-26,2019-05-27 10:30:00,0.485156,0.25780612,0.31727389,0.16722485
2019-05-26,2019-05-27 10:45:00,0.407813,0.203993,0.25739947,0.09102013
2019-05-26,2019-05-27 11:00:00,0.200391,0.120484464,0.19208783,0.07090618
2019-05-26,2019-05-27 11:15:00,0.007031,0.06300235,0.16120672,0.054838937
2019-05-26,2019-05-27 11:30:00,0.0,0.023297077,0.09863043,0.067714565
2019-05-26,2019-05-27 11:45:00,0.0,0.045664597,0.09527424,0.034421705
2019-05-26,2019-05-27 12:00:00,0.0,-0.04615319,0.075716265,0.04638266
2019-05-26,2019-05-27 12:15:00,0.0,-0.016934419,0.0748644,0.04324377
2019-05-26,2019-05-27 12:30:00,0.0,-0.0050724656,0.096981674,0.117968045
2019-05-26,2019-05-27 12:45:00,0.0,-0.010891308,0.064243264,0.118786305
2019-05-26,2019-05-27 13:00:00,0.0,-0.072279304,0.11004514,0.11624989
2019-05-26,2019-05-27 13:15:00,0.0,-0.044245813,0.1225681,0.13604173
2019-05-26,2019-05-27 13:30:00,0.0,-0.06869836,0.10408975,0.10467308
2019-05-26,2019-05-27 13:45:00,0.0,-0.030856252,0.10089999,0.07435598
2019-05-26,2019-05-27 14:00:00,0.0,-0.05127261,0.11635661,0.09530777
2019-05-26,2019-05-27 14:15:00,0.0,-0.05837611,0.10791669,0.08884154
2019-05-26,2019-05-27 14:30:00,0.0,-0.0713687,0.1217987,0.040401794
2019-05-26,2019-05-27 14:45:00,0.0,-0.080444224,0.11646617,0.056895785
2019-05-26,2019-05-27 15:00:00,0.0,-0.037450112,0.10622818,-0.001085596
2019-05-26,2019-05-27 15:15:00,0.0,-0.03139264,0.099771604,0.02071165
2019-05-26,2019-05-27 15:30:00,0.0,-0.0325571,0.09668245,-0.009523877
2019-05-26,2019-05-27 15:45:00,0.0,-0.05737337,0.084878005,-0.025092982
2019-05-26,2019-05-27 16:00:00,0.0,-0.082140505,0.08361658,0.008372194
2019-05-26,2019-05-27 16:15:00,0.0,-0.06431433,0.043421496,0.031435765
2019-05-26,2019-05-27 16:30:00,0.0,-0.04966933,0.05326275,0.020730065
2019-05-26,2019-05-27 16:45:00,0.0,-0.061764065,0.044755217,0.019284159
2019-05-26,2019-05-27 17:00:00,0.0,-0.06982578,0.07937871,0.0014447935
2019-05-26,2019-05-27 17:15:00,0.0,-0.066030696,0.08075015,0.051811006
2019-05-26,2019-05-27 17:30:00,0.0,-0.040057287,0.07028007,0.0029197808
2019-05-26,2019-05-27 17:45:00,0.0,-0.083524995,0.057554297,0.03010572
2019-05-26,2019-05-27 18:00:00,0.0,-0.07048476,0.07187694,0.039435044
2019-05-26,2019-05-27 18:15:00,0.0,-0.110463284,0.077017725,0.02267073
2019-05-26,2019-05-27 18:30:00,0.0,-0.056554407,0.06369745,0.00043648726
2019-05-26,2019-05-27 18:45:00,0.0,-0.11062834,0.04991917,-0.0021349494
2019-05-26,2019-05-27 19:00:00,0.0,-0.12162034,0.056834493,-0.018019423
2019-05-26,2019-05-27 19:15:00,0.0,-0.081119,0.026020255,-0.0008393911
2019-05-26,2019-05-27 19:30:00,0.0,-0.08976081,0.028406167,-0.018376064
2019-05-26,2019-05-27 19:45:00,0.0,-0.107241206,-0.0015298915,-0.018679904
2019-05-26,2019-05-27 20:00:00,0.0,-0.04297288,-0.03777857,-0.040618807
2019-05-26,2019-05-27 20:15:00,0.0,-0.0036369928,-0.05510285,-0.0057517476
2019-05-26,2019-05-27 20:30:00,0.0,0.057017714,-0.03360489,-0.010037638
2019-05-26,2019-05-27 20:45:00,0.0,0.0043575275,-0.070519984,-0.052331824
2019-05-26,2019-05-27 21:00:00,0.0,0.02659946,-0.055590715,-0.033511326
2019-05-26,2019-05-27 21:15:00,0.0421879999999999,0.0058644367,-0.058172315,-0.051346526
2019-05-26,2019-05-27 21:30:00,0.175781,0.093402825,-0.026520874,-0.010047201
2019-05-26,2019-05-27 21:45:00,0.225,0.17813195,-0.020257028,0.054120038
2019-05-26,2019-05-27 22:00:00,0.330469,0.3127476,0.08118149,0.115973346
2019-05-26,2019-05-27 22:15:00,0.478125,0.4558549,0.172473,0.19846469
2019-05-26,2019-05-27 22:30:00,0.703125,0.63958234,0.30371192,0.27398157
2019-05-26,2019-05-27 22:45:00,0.935156,0.8255479,0.42024404,0.47231352
2019-05-26,2019-05-27 23:00:00,1.226953,1.0519729,0.5471983,0.6095671
2019-05-26,2019-05-27 23:15:00,1.539844,1.2087556,0.6983068,0.80160904
2019-05-26,2019-05-27 23:30:00,1.85625,1.405036,0.8215693,0.9859681
2019-05-26,2019-05-27 23:45:00,2.123437,1.6481351,0.9854115,1.1901655
2019-05-27,2019-05-28 00:00:00,2.411719,2.2317793,2.3122895,2.1410663
2019-05-27,2019-05-28 00:15:00,2.6824220000000003,2.4700775,2.5176253,2.4022717
2019-05-27,2019-05-28 00:30:00,2.921484,2.772491,2.824121,2.6760645
2019-05-27,2019-05-28 00:45:00,3.164062,3.014647,3.008035,2.881659
2019-05-27,2019-05-28 01:00:00,3.371484,3.2730677,3.1747115,3.1541162
2019-05-27,2019-05-28 01:15:00,3.578906,3.483302,3.3629463,3.308457
2019-05-27,2019-05-28 01:30:00,3.719531,3.620909,3.5111487,3.5379982
2019-05-27,2019-05-28 01:45:00,3.895312,3.8004718,3.6307287,3.6614938
2019-05-27,2019-05-28 02:00:00,4.004297,3.975253,3.6617603,3.7672045
2019-05-27,2019-05-28 02:15:00,3.9375,4.1367683,3.7703545,3.830894
2019-05-27,2019-05-28 02:30:00,4.018358999999999,4.1103287,3.7481763,3.8963892
2019-05-27,2019-05-28 02:45:00,4.095703,4.1908183,3.7440608,3.8866937
2019-05-27,2019-05-28 03:00:00,4.130859,4.2705407,3.800482,3.904633
2019-05-27,2019-05-28 03:15:00,4.229297,4.2875295,3.7093563,3.8563948
2019-05-27,2019-05-28 03:30:00,4.257422,4.2823553,3.7854345,3.8235123
2019-05-27,2019-05-28 03:45:00,4.267969,4.275654,3.8382401,3.771018
2019-05-27,2019-05-28 04:00:00,4.215234,4.2553086,3.9323628,3.6791291
2019-05-27,2019-05-28 04:15:00,4.225781,4.265355,3.9127924,3.697208
2019-05-27,2019-05-28 04:30:00,4.123828,4.2692213,3.8918884,3.6874442
2019-05-27,2019-05-28 04:45:00,4.10625,4.206111,3.9370162,3.6665096
2019-05-27,2019-05-28 05:00:00,4.1625,4.17529,3.8575773,3.5490303
2019-05-27,2019-05-28 05:15:00,4.141406,4.0810876,3.7798345,3.6021214
2019-05-27,2019-05-28 05:30:00,4.123828,4.0675607,3.8338318,3.615916
2019-05-27,2019-05-28 05:45:00,4.088672,4.0235887,3.657052,3.5736575
2019-05-27,2019-05-28 06:00:00,4.011328,3.9003112,3.610436,3.4678183
2019-05-27,2019-05-28 06:15:00,3.969141000000001,3.8672729,3.5636911,3.3451574
2019-05-27,2019-05-28 06:30:00,3.979687,3.8119416,3.4517577,3.217933
2019-05-27,2019-05-28 06:45:00,3.846094,3.7914128,3.219743,3.0407674
2019-05-27,2019-05-28 07:00:00,3.761719,3.6962283,3.1145387,2.9060276
2019-05-27,2019-05-28 07:15:00,3.614062,3.5283587,2.8987665,2.6893482
2019-05-27,2019-05-28 07:30:00,3.4242190000000003,3.4868622,2.6748269,2.4642417
2019-05-27,2019-05-28 07:45:00,3.216797,3.267418,2.4607298,2.1938202
2019-05-27,2019-05-28 08:00:00,3.026953,2.9488735,2.2606337,1.9081485
2019-05-27,2019-05-28 08:15:00,2.770312,2.7376556,2.0055068,1.6285418
2019-05-27,2019-05-28 08:30:00,2.53125,2.400667,1.7749267,1.3441477
2019-05-27,2019-05-28 08:45:00,2.267578,2.1344535,1.5487279,1.093017
2019-05-27,2019-05-28 09:00:00,1.96875,1.7722746,1.4322962,0.8229306
2019-05-27,2019-05-28 09:15:00,1.6734369999999998,1.5161363,1.0911753,0.65709466
2019-05-27,2019-05-28 09:30:00,1.367578,1.2789259,0.9915682,0.46853054
2019-05-27,2019-05-28 09:45:00,1.06875,1.0092769,0.7521535,0.2947999
2019-05-27,2019-05-28 10:00:00,0.801562,0.71818286,0.6169447,0.22681248
2019-05-27,2019-05-28 10:15:00,0.548437,0.55077696,0.49711388,0.10102144
2019-05-27,2019-05-28 10:30:00,0.267188,0.39878356,0.3493565,0.11433306
2019-05-27,2019-05-28 10:45:00,0.158203,0.31967115,0.3458231,0.029037798
2019-05-27,2019-05-28 11:00:00,0.101953,0.2197433,0.21710226,0.029489335
2019-05-27,2019-05-28 11:15:00,0.014062,0.12777115,0.26481786,0.037625957
2019-05-27,2019-05-28 11:30:00,0.0,0.06360172,0.096077524,0.101240315
2019-05-27,2019-05-28 11:45:00,0.0,0.09163338,0.14548407,0.05985167
2019-05-27,2019-05-28 12:00:00,0.0,-0.03291712,0.14156283,0.08988424
2019-05-27,2019-05-28 12:15:00,0.0,0.0059293713,0.12952197,0.11221106
2019-05-27,2019-05-28 12:30:00,0.0,0.020247437,0.14800096,0.17105381
2019-05-27,2019-05-28 12:45:00,0.0,0.0096145915,0.12031208,0.17069185
2019-05-27,2019-05-28 13:00:00,0.0,-0.06342454,0.1649231,0.14543453
2019-05-27,2019-05-28 13:15:00,0.0,-0.025426358,0.11483258,0.17643735
2019-05-27,2019-05-28 13:30:00,0.0,-0.0103701865,0.06623908,0.07599197
2019-05-27,2019-05-28 13:45:00,0.0,-0.00756187,0.06330254,0.047120307
2019-05-27,2019-05-28 14:00:00,0.0,-0.0069695995,0.04874399,0.033639107
2019-05-27,2019-05-28 14:15:00,0.0,0.010363932,0.019067945,0.022061551
2019-05-27,2019-05-28 14:30:00,0.0,0.005598855,0.054667763,-0.015714098
2019-05-27,2019-05-28 14:45:00,0.0,-0.009413286,0.05929023,-0.022699602
2019-05-27,2019-05-28 15:00:00,0.0,0.055616435,-0.0139780855,-0.096306585
2019-05-27,2019-05-28 15:15:00,0.0,0.072933584,-0.017038878,-0.07005314
2019-05-27,2019-05-28 15:30:00,0.0,0.055297278,-0.053496085,-0.08329571
2019-05-27,2019-05-28 15:45:00,0.0,0.02340742,-0.05525277,-0.075881995
2019-05-27,2019-05-28 16:00:00,0.0,-0.019150423,-0.041024726,-0.027404537
2019-05-27,2019-05-28 16:15:00,0.0,-0.006070392,-0.09756629,0.03897852
2019-05-27,2019-05-28 16:30:00,0.0,0.018063283,-0.08118874,0.029562006
2019-05-27,2019-05-28 16:45:00,0.0,0.046903726,-0.086454876,-0.015300232
2019-05-27,2019-05-28 17:00:00,0.0,0.026954213,-0.017610079,0.042053346
2019-05-27,2019-05-28 17:15:00,0.0,0.06766365,-0.02463412,0.07552875
2019-05-27,2019-05-28 17:30:00,0.0,0.097707,-0.064279914,0.041009247
2019-05-27,2019-05-28 17:45:00,0.0,0.04213149,-0.0028547538,0.08222339
2019-05-27,2019-05-28 18:00:00,0.0,0.10620917,0.012299427,0.1035984
2019-05-27,2019-05-28 18:15:00,0.0,0.046949383,-0.004249941,0.067229524
2019-05-27,2019-05-28 18:30:00,0.0,0.102240935,-0.046851836,0.06679781
2019-05-27,2019-05-28 18:45:00,0.0,0.059142653,-0.048901666,0.02331004
2019-05-27,2019-05-28 19:00:00,0.0,0.0058443146,-0.057578236,0.030478856
2019-05-27,2019-05-28 19:15:00,0.0,0.071964055,-0.07010034,0.0296729
2019-05-27,2019-05-28 19:30:00,0.0,0.034914497,-0.08490169,-0.008061924
2019-05-27,2019-05-28 19:45:00,0.0,-0.020542812,-0.111172155,-0.000856638
2019-05-27,2019-05-28 20:00:00,0.0,0.017556604,-0.14004397,-0.11045204
2019-05-27,2019-05-28 20:15:00,0.0,0.05646581,-0.15223129,-0.078131795
2019-05-27,2019-05-28 20:30:00,0.0,0.08615719,-0.11985728,-0.13045412
2019-05-27,2019-05-28 20:45:00,0.0,0.0028581074,-0.1251062,-0.13720205
2019-05-27,2019-05-28 21:00:00,0.0,0.038767897,-0.104371496,-0.19422424
2019-05-27,2019-05-28 21:15:00,0.0035159999999999,0.011067635,-0.09256483,-0.1477946
2019-05-27,2019-05-28 21:30:00,0.077344,0.11572809,0.0032646297,-0.14947116
2019-05-27,2019-05-28 21:45:00,0.140625,0.22204997,-0.018556546,-0.07913248
2019-05-27,2019-05-28 22:00:00,0.256641,0.4276498,0.211128,0.036366552
2019-05-27,2019-05-28 22:15:00,0.39375,0.55709785,0.34774125,0.09112779
2019-05-27,2019-05-28 22:30:00,0.6082029999999999,0.76038265,0.49791193,0.241234
2019-05-27,2019-05-28 22:45:00,0.8507809999999999,1.0306729,0.7069357,0.53073937
2019-05-27,2019-05-28 23:00:00,1.107422,1.2716708,0.91401035,0.7003868
2019-05-27,2019-05-28 23:15:00,1.399219,1.4823134,1.1312734,0.9356326
2019-05-27,2019-05-28 23:30:00,1.6875,1.7040881,1.3599619,1.1995
2019-05-27,2019-05-28 23:45:00,1.979297,2.00065,1.5748177,1.4355634
2019-05-28,2019-05-29 00:00:00,2.264062,2.198963,2.3443923,2.458489
2019-05-28,2019-05-29 00:15:00,2.538281,2.4146414,2.5369315,2.720393
2019-05-28,2019-05-29 00:30:00,2.78789,2.7109623,2.9290123,3.059973
2019-05-28,2019-05-29 00:45:00,3.009375,2.9419863,3.2156808,3.2497072
2019-05-28,2019-05-29 01:00:00,3.223828,3.1658425,3.4345796,3.5851176
2019-05-28,2019-05-29 01:15:00,3.434766,3.3804455,3.7873404,3.7409317
2019-05-28,2019-05-29 01:30:00,3.6,3.4940054,3.9518223,4.019936
2019-05-28,2019-05-29 01:45:00,3.708984,3.6683285,4.0985017,4.1554055
2019-05-28,2019-05-29 02:00:00,3.839062,3.8593204,4.2021112,4.2996087
2019-05-28,2019-05-29 02:15:00,3.909375,4.0356326,4.304293,4.380129
2019-05-28,2019-05-29 02:30:00,3.986719,3.9938478,4.34269,4.511055
2019-05-28,2019-05-29 02:45:00,4.032422,4.0816016,4.341113,4.5706863
2019-05-28,2019-05-29 03:00:00,4.05,4.1729727,4.398444,4.6473236
2019-05-28,2019-05-29 03:15:00,4.071094,4.2056284,4.387638,4.606317
2019-05-28,2019-05-29 03:30:00,4.085156,4.2289495,4.428173,4.6057587
2019-05-28,2019-05-29 03:45:00,4.064063,4.220046,4.538296,4.576999
2019-05-28,2019-05-29 04:00:00,4.028906,4.2117205,4.599283,4.4796658
2019-05-28,2019-05-29 04:15:00,4.014843,4.1995044,4.583521,4.511361
2019-05-28,2019-05-29 04:30:00,4.102734,4.2295237,4.5722313,4.5000525
2019-05-28,2019-05-29 04:45:00,4.074609,4.15335,4.5640507,4.4867077
2019-05-28,2019-05-29 05:00:00,4.120312,4.1228685,4.480027,4.3352594
2019-05-28,2019-05-29 05:15:00,4.099219000000001,4.0095205,4.442939,4.4735255
2019-05-28,2019-05-29 05:30:00,4.057030999999999,3.9869778,4.491889,4.4104767
2019-05-28,2019-05-29 05:45:00,4.1097660000000005,3.9477735,4.3328824,4.3733087
2019-05-28,2019-05-29 06:00:00,4.130859,3.816827,4.277319,4.278987
2019-05-28,2019-05-29 06:15:00,3.744141,3.7914572,4.255077,4.1682825
2019-05-28,2019-05-29 06:30:00,3.948047,3.7622583,4.1256046,4.00623
2019-05-28,2019-05-29 06:45:00,3.796875,3.7776952,3.9522886,3.8637261
2019-05-28,2019-05-29 07:00:00,3.3855470000000003,3.6927996,3.836774,3.7474542
2019-05-28,2019-05-29 07:15:00,3.779297,3.562618,3.568176,3.5295098
2019-05-28,2019-05-29 07:30:00,3.5648440000000003,3.5680258,3.358557,3.3010087
2019-05-28,2019-05-29 07:45:00,3.128906,3.3966858,3.1173744,2.9951742
2019-05-28,2019-05-29 08:00:00,2.295703,3.0917609,2.9112272,2.713318
2019-05-28,2019-05-29 08:15:00,3.216797,2.9091544,2.6493435,2.376448
2019-05-28,2019-05-29 08:30:00,2.657812,2.5795898,2.3155627,2.0547168
2019-05-28,2019-05-29 08:45:00,2.545312,2.31603,2.1158097,1.723472
2019-05-28,2019-05-29 09:00:00,2.130469,1.9495137,1.8734739,1.4202149
2019-05-28,2019-05-29 09:15:00,1.835156,1.6902922,1.5123842,1.192835
2019-05-28,2019-05-29 09:30:00,1.543359,1.4585884,1.2401879,0.8981527
2019-05-28,2019-05-29 09:45:00,0.8085939999999999,1.155993,0.9974943,0.6881245
2019-05-28,2019-05-29 10:00:00,0.400781,0.8322913,0.77409923,0.4554019
2019-05-28,2019-05-29 10:15:00,0.418359,0.65523225,0.6188146,0.2904345
2019-05-28,2019-05-29 10:30:00,0.379687,0.48212683,0.43022904,0.22178908
2019-05-28,2019-05-29 10:45:00,0.182812,0.38582072,0.35344455,0.091464445
2019-05-28,2019-05-29 11:00:00,0.119531,0.24717271,0.16573003,4.799107e-05
2019-05-28,2019-05-29 11:15:00,0.0421879999999999,0.14467336,0.13637803,-0.03238887
2019-05-28,2019-05-29 11:30:00,0.0,0.06985167,-0.009562249,-0.060403593
2019-05-28,2019-05-29 11:45:00,0.0,0.086668275,-0.030025024,-0.090244375
2019-05-28,2019-05-29 12:00:00,0.0,-0.05932585,-0.03895508,-0.09550143
2019-05-28,2019-05-29 12:15:00,0.0,-0.021169936,-0.09955764,-0.10736001
2019-05-28,2019-05-29 12:30:00,0.0,-0.010177316,-0.037507825,-0.005803494
2019-05-28,2019-05-29 12:45:00,0.0,-0.011538226,-0.03735876,-0.0140657555
2019-05-28,2019-05-29 13:00:00,0.0,-0.094212204,0.04748752,-0.02193018
2019-05-28,2019-05-29 13:15:00,0.0,-0.039932728,0.0075743487,0.012167675
2019-05-28,2019-05-29 13:30:00,0.0,-0.036898743,0.028837407,0.011099259
2019-05-28,2019-05-29 13:45:00,0.0,-0.017947035,0.013433344,-0.021217896
2019-05-28,2019-05-29 14:00:00,0.0,-0.021671224,0.029321855,-0.018205334
2019-05-28,2019-05-29 14:15:00,0.0,-0.0037176877,-0.017464867,0.012593762
2019-05-28,2019-05-29 14:30:00,0.0,-0.0034420246,0.0456088,-0.053124726
2019-05-28,2019-05-29 14:45:00,0.0,-0.026025418,0.092715696,-0.027388735
2019-05-28,2019-05-29 15:00:00,0.0,0.045296326,0.009143055,-0.10791333
2019-05-28,2019-05-29 15:15:00,0.0,0.050309785,-0.013751936,-0.11608372
2019-05-28,2019-05-29 15:30:00,0.0,0.03034694,-0.021543832,-0.1455686
2019-05-28,2019-05-29 15:45:00,0.0,-0.013962654,-0.017509036,-0.16922782
2019-05-28,2019-05-29 16:00:00,0.0,-0.068817735,-0.01879227,-0.19124721
2019-05-28,2019-05-29 16:15:00,0.0,-0.051415153,-0.060974274,-0.14216419
2019-05-28,2019-05-29 16:30:00,0.0,-0.028092336,-0.04384149,-0.15528797
2019-05-28,2019-05-29 16:45:00,0.0,-0.007937321,-0.03445784,-0.16940601
2019-05-28,2019-05-29 17:00:00,0.0,-0.029548673,0.015734322,-0.19659254
2019-05-28,2019-05-29 17:15:00,0.0,0.009507931,-0.03633391,-0.15204358
2019-05-28,2019-05-29 17:30:00,0.0,0.045763504,-0.02230699,-0.14918324
2019-05-28,2019-05-29 17:45:00,0.0,-0.026346428,0.04301972,-0.1198568
2019-05-28,2019-05-29 18:00:00,0.0,0.050490845,0.012484159,-0.053159025
2019-05-28,2019-05-29 18:15:00,0.0,-0.022306208,0.07186641,-0.035002403
2019-05-28,2019-05-29 18:30:00,0.0,0.065368466,0.06760714,-0.047491524
2019-05-28,2019-05-29 18:45:00,0.0,0.01925087,0.028570129,-0.01612183
2019-05-28,2019-05-29 19:00:00,0.0,-0.028167764,0.053587537,-0.014604825
2019-05-28,2019-05-29 19:15:00,0.0,0.061951667,0.08601387,0.03685057
2019-05-28,2019-05-29 19:30:00,0.0,0.03256677,0.05230529,0.011886755
2019-05-28,2019-05-29 19:45:00,0.0,-0.019559288,0.036075562,0.036438745
2019-05-28,2019-05-29 20:00:00,0.0,0.05687768,0.038434293,-0.02920361
2019-05-28,2019-05-29 20:15:00,0.0,0.09813708,0.037948873,0.006577544
2019-05-28,2019-05-29 20:30:00,0.0,0.15677103,0.07944368,-0.024279522
2019-05-28,2019-05-29 20:45:00,0.0,0.07348615,0.05689583,-0.068446174
2019-05-28,2019-05-29 21:00:00,0.0,0.13222125,0.12804112,-0.053722303
2019-05-28,2019-05-29 21:15:00,0.0,0.08142989,0.12697123,-0.067336254
2019-05-28,2019-05-29 21:30:00,0.0,0.1976248,0.13820638,0.009056507
2019-05-28,2019-05-29 21:45:00,0.193359,0.3118668,0.20804751,0.102708876
2019-05-28,2019-05-29 22:00:00,0.302344,0.5145373,0.41804594,0.23500492
2019-05-28,2019-05-29 22:15:00,0.439453,0.6482799,0.5229464,0.33509928
2019-05-28,2019-05-29 22:30:00,0.481641,0.85149723,0.74752605,0.47626433
2019-05-28,2019-05-29 22:45:00,0.583594,1.1285303,0.90724206,0.77021253
2019-05-28,2019-05-29 23:00:00,0.984375,1.3728588,1.1529723,0.9478914
2019-05-28,2019-05-29 23:15:00,0.812109,1.5496124,1.3792773,1.2001199
2019-05-28,2019-05-29 23:30:00,1.364062,1.7564638,1.6048846,1.4831507
2019-05-28,2019-05-29 23:45:00,1.434375,2.0472038,1.8810302,1.7579976
2019-05-29,2019-05-30 00:00:00,1.930078,2.0211027,2.3230956,2.2341752
2019-05-29,2019-05-30 00:15:00,2.383594,2.2523198,2.5733013,2.4323642
2019-05-29,2019-05-30 00:30:00,2.446875,2.548505,2.9326513,2.7266583
2019-05-29,2019-05-30 00:45:00,2.707031,2.7898183,3.1608791,2.8595066
2019-05-29,2019-05-30 01:00:00,3.058594,3.0247777,3.4180536,3.1454194
2019-05-29,2019-05-30 01:15:00,3.266016,3.2403781,3.715814,3.2545073
2019-05-29,2019-05-30 01:30:00,3.4875,3.3633697,3.8884325,3.48956
2019-05-29,2019-05-30 01:45:00,3.666797,3.5360303,3.99181,3.5987053
2019-05-29,2019-05-30 02:00:00,3.863672,3.7207782,4.083505,3.6870317
2019-05-29,2019-05-30 02:15:00,3.909375,3.883763,4.2095366,3.7593186
2019-05-29,2019-05-30 02:30:00,3.99375,3.857358,4.259879,3.8367877
2019-05-29,2019-05-30 02:45:00,3.877734,3.9297702,4.229166,3.8611207
2019-05-29,2019-05-30 03:00:00,4.158983999999999,4.0036592,4.278871,3.9127457
2019-05-29,2019-05-30 03:15:00,4.187109,4.0271883,4.284741,3.8501606
2019-05-29,2019-05-30 03:30:00,4.081641,4.0064855,4.3522463,3.8033977
2019-05-29,2019-05-30 03:45:00,4.092187,4.0057282,4.4351654,3.7696702
2019-05-29,2019-05-30 04:00:00,3.891797,3.9547968,4.520645,3.666557
2019-05-29,2019-05-30 04:15:00,3.779297,3.953027,4.5294547,3.6634758
2019-05-29,2019-05-30 04:30:00,2.900391,3.9544919,4.47368,3.6426814
2019-05-29,2019-05-30 04:45:00,3.378515,3.8850045,4.497226,3.6103542
2019-05-29,2019-05-30 05:00:00,3.009375,3.8581865,4.4318976,3.474908
2019-05-29,2019-05-30 05:15:00,4.074609,3.762735,4.338565,3.5578957
2019-05-29,2019-05-30 05:30:00,3.91289,3.7460587,4.4194684,3.5018713
2019-05-29,2019-05-30 05:45:00,3.730078,3.6884215,4.2374783,3.4663286
2019-05-29,2019-05-30 06:00:00,3.308203,3.5885487,4.1978426,3.3777084
2019-05-29,2019-05-30 06:15:00,3.877734,3.5627718,4.116387,3.2843368
2019-05-29,2019-05-30 06:30:00,2.267578,3.5036182,3.9834352,3.1627238
2019-05-29,2019-05-30 06:45:00,1.357031,3.481488,3.8368068,3.049357
2019-05-29,2019-05-30 07:00:00,2.664844,3.3909366,3.640092,2.9651985
2019-05-29,2019-05-30 07:15:00,2.506641,3.23595,3.4425528,2.8181944
2019-05-29,2019-05-30 07:30:00,3.476953,3.2033956,3.2145529,2.651651
2019-05-29,2019-05-30 07:45:00,3.153516,2.9984434,2.9753556,2.440541
2019-05-29,2019-05-30 08:00:00,2.9636720000000003,2.6845443,2.7421653,2.2154264
2019-05-29,2019-05-30 08:15:00,2.626172,2.4968863,2.484856,1.9719499
2019-05-29,2019-05-30 08:30:00,2.323828,2.1802526,2.164842,1.724917
2019-05-29,2019-05-30 08:45:00,2.035547,1.9425802,1.9725037,1.4626741
2019-05-29,2019-05-30 09:00:00,1.715625,1.5854391,1.73029,1.2381487
2019-05-29,2019-05-30 09:15:00,1.480078,1.3570408,1.3769541,1.0514195
2019-05-29,2019-05-30 09:30:00,1.241016,1.134076,1.1785365,0.8287082
2019-05-29,2019-05-30 09:45:00,0.910547,0.88371736,0.94605905,0.64848095
2019-05-29,2019-05-30 10:00:00,0.713672,0.61337674,0.7687993,0.4795663
2019-05-29,2019-05-30 10:15:00,0.523828,0.47581363,0.604049,0.34683958
2019-05-29,2019-05-30 10:30:00,0.379687,0.33524734,0.45596752,0.292279
2019-05-29,2019-05-30 10:45:00,0.256641,0.2702936,0.35942253,0.18653736
2019-05-29,2019-05-30 11:00:00,0.154687,0.18833709,0.23519653,0.12094977
2019-05-29,2019-05-30 11:15:00,0.014062,0.11671637,0.20821081,0.08779238
2019-05-29,2019-05-30 11:30:00,0.0,0.062113572,0.108859755,0.07793301
2019-05-29,2019-05-30 11:45:00,0.0,0.08930841,0.09848937,0.041205175
2019-05-29,2019-05-30 12:00:00,0.0,-0.019351069,0.09364656,0.038828123
2019-05-29,2019-05-30 12:15:00,0.0,0.01830936,0.068859234,0.018281646
2019-05-29,2019-05-30 12:30:00,0.0,0.030248838,0.10017109,0.09963922
2019-05-29,2019-05-30 12:45:00,0.0,0.029072322,0.06946018,0.09590546
2019-05-29,2019-05-30 13:00:00,0.0,-0.036063854,0.11007022,0.08253246
2019-05-29,2019-05-30 13:15:00,0.0,-0.0008325036,0.124458574,0.109784774
2019-05-29,2019-05-30 13:30:00,0.0,-0.008974135,0.1056457,0.08885778
2019-05-29,2019-05-30 13:45:00,0.0,0.018339481,0.08852975,0.05084966
2019-05-29,2019-05-30 14:00:00,0.0,0.0006632129,0.09759156,0.061409734
2019-05-29,2019-05-30 14:15:00,0.0,0.008948169,0.07631925,0.0744109
2019-05-29,2019-05-30 14:30:00,0.0,-0.0018305533,0.11793315,0.014646072
2019-05-29,2019-05-30 14:45:00,0.0,-0.02194302,0.113822214,0.0362014
2019-05-29,2019-05-30 15:00:00,0.0,0.02543574,0.088420026,-0.041227054
2019-05-29,2019-05-30 15:15:00,0.0,0.034762077,0.08779459,-0.026894668
2019-05-29,2019-05-30 15:30:00,0.0,0.016838005,0.06614921,-0.05744382
2019-05-29,2019-05-30 15:45:00,0.0,-0.010114605,0.065914005,-0.08564119
2019-05-29,2019-05-30 16:00:00,0.0,-0.05619093,0.07205197,-0.08045846
2019-05-29,2019-05-30 16:15:00,0.0,-0.044747677,0.002891295,-0.04388468
2019-05-29,2019-05-30 16:30:00,0.0,-0.02137474,0.008175119,-0.055656392
2019-05-29,2019-05-30 16:45:00,0.0,-0.013949486,-0.014642914,-0.07182332
2019-05-29,2019-05-30 17:00:00,0.0,-0.033489227,0.030652478,-0.08882566
2019-05-29,2019-05-30 17:15:00,0.0,0.00046828584,0.02618469,-0.039390527
2019-05-29,2019-05-30 17:30:00,0.0,0.028741723,-0.010547491,-0.06764609
2019-05-29,2019-05-30 17:45:00,0.0,-0.016824054,0.01934787,-0.04140256
2019-05-29,2019-05-30 18:00:00,0.0,0.027259298,0.02042037,-0.0012944523
2019-05-29,2019-05-30 18:15:00,0.0,-0.016636657,0.03207031,0.00044092117
2019-05-29,2019-05-30 18:30:00,0.0,0.050212465,0.009144783,-0.009102779
2019-05-29,2019-05-30 18:45:00,0.0,0.008143894,-0.0014977946,0.011069364
2019-05-29,2019-05-30 19:00:00,0.0,-0.011516129,-0.010485303,0.0018002412
2019-05-29,2019-05-30 19:15:00,0.0,0.051659048,-0.016892219,0.037022162
2019-05-29,2019-05-30 19:30:00,0.0,0.02722181,-0.044677928,0.0133208195
2019-05-29,2019-05-30 19:45:00,0.0,-0.004057915,-0.0969612,0.020135803
2019-05-29,2019-05-30 20:00:00,0.0,0.056967385,-0.11278632,-0.01940048
2019-05-29,2019-05-30 20:15:00,0.0,0.0981,-0.13872498,0.020044697
2019-05-29,2019-05-30 20:30:00,0.0,0.15433009,-0.12304498,-0.006496479
2019-05-29,2019-05-30 20:45:00,0.0,0.08784302,-0.14206752,-0.052195918
2019-05-29,2019-05-30 21:00:00,0.0,0.12434331,-0.11585941,-0.031598132
2019-05-29,2019-05-30 21:15:00,0.024609,0.09109929,-0.13393494,-0.053892285
2019-05-29,2019-05-30 21:30:00,0.0,0.19421613,-0.09587964,0.009194708
2019-05-29,2019-05-30 21:45:00,0.189844,0.2987135,-0.05510635,0.0840753
2019-05-29,2019-05-30 22:00:00,0.298828,0.45692432,0.11137703,0.17163244
2019-05-29,2019-05-30 22:15:00,0.460547,0.5913543,0.254586,0.2735442
2019-05-29,2019-05-30 22:30:00,0.660937,0.7836893,0.42493105,0.37997353
2019-05-29,2019-05-30 22:45:00,0.8648440000000001,1.0144259,0.62743163,0.6259464
2019-05-29,2019-05-30 23:00:00,1.156641,1.2445118,0.8213695,0.7932464
2019-05-29,2019-05-30 23:15:00,1.434375,1.4262258,1.0768393,1.0159816
2019-05-29,2019-05-30 23:30:00,1.712109,1.6294159,1.3191276,1.2482544
2019-05-29,2019-05-30 23:45:00,2.014453,1.8954601,1.5449079,1.5060898
2019-05-30,2019-05-31 00:00:00,2.2605470000000003,1.5158688,1.6233327,1.7422073
2019-05-30,2019-05-31 00:15:00,2.5101560000000003,1.734507,1.7581558,1.9018221
2019-05-30,2019-05-31 00:30:00,2.766797,2.0188613,2.0074885,2.1698039
2019-05-30,2019-05-31 00:45:00,2.998828,2.2587924,2.1513987,2.2791336
2019-05-30,2019-05-31 01:00:00,3.230859,2.4883325,2.3183186,2.5435545
2019-05-30,2019-05-31 01:15:00,3.438281,2.707362,2.5330071,2.6269984
2019-05-30,2019-05-31 01:30:00,3.568359,2.8247855,2.645878,2.8341022
2019-05-30,2019-05-31 01:45:00,3.744141,3.003941,2.7192175,2.948711
2019-05-30,2019-05-31 02:00:00,3.902344,3.1966121,2.8017762,3.021442
2019-05-30,2019-05-31 02:15:00,4.014843,3.338503,2.877285,3.0978389
2019-05-30,2019-05-31 02:30:00,4.095703,3.3418074,2.921696,3.1608443
2019-05-30,2019-05-31 02:45:00,4.169531,3.408848,2.9107387,3.2070935
2019-05-30,2019-05-31 03:00:00,4.232812,3.4725616,2.9422967,3.2336302
2019-05-30,2019-05-31 03:15:00,4.222266,3.5127385,2.9635456,3.1941688
2019-05-30,2019-05-31 03:30:00,4.169531,3.487348,3.0170648,3.1375408
2019-05-30,2019-05-31 03:45:00,4.201172,3.5202022,3.0687692,3.1127632
2019-05-30,2019-05-31 04:00:00,4.225781,3.4732447,3.1398826,3.0124063
2019-05-30,2019-05-31 04:15:00,4.144922,3.4722114,3.147605,3.0055828
2019-05-30,2019-05-31 04:30:00,4.201172,3.5168252,3.114712,2.9693127
2019-05-30,2019-05-31 04:45:00,4.092187,3.4732592,3.1641724,2.9495022
2019-05-30,2019-05-31 05:00:00,4.014843,3.4725726,3.079623,2.8400114
2019-05-30,2019-05-31 05:15:00,4.046484,3.4156651,3.0416906,2.892012
2019-05-30,2019-05-31 05:30:00,4.05,3.431938,3.100369,2.8538983
2019-05-30,2019-05-31 05:45:00,3.91289,3.3612127,2.9846864,2.8209388
2019-05-30,2019-05-31 06:00:00,4.000781,3.2929075,2.968133,2.74947
2019-05-30,2019-05-31 06:15:00,3.941015,3.240813,2.918309,2.657282
2019-05-30,2019-05-31 06:30:00,3.898828,3.167872,2.8149717,2.5673296
2019-05-30,2019-05-31 06:45:00,3.863672,3.0747359,2.7435524,2.474529
2019-05-30,2019-05-31 07:00:00,3.716016,2.9627142,2.630166,2.3987682
2019-05-30,2019-05-31 07:15:00,2.988281,2.751137,2.4760213,2.287563
2019-05-30,2019-05-31 07:30:00,2.460938,2.6287694,2.3430915,2.1571462
2019-05-30,2019-05-31 07:45:00,2.882812,2.39036,2.1761844,2.0016782
2019-05-30,2019-05-31 08:00:00,1.6804689999999998,2.0672522,2.0157707,1.8001754
2019-05-30,2019-05-31 08:15:00,1.026562,1.8484367,1.8477792,1.6217251
2019-05-30,2019-05-31 08:30:00,1.360547,1.5554363,1.654107,1.4052625
2019-05-30,2019-05-31 08:45:00,1.248047,1.2886636,1.4808977,1.1926255
2019-05-30,2019-05-31 09:00:00,2.341406,1.0050471,1.3281798,1.0087743
2019-05-30,2019-05-31 09:15:00,1.648828,0.8188759,1.0843872,0.83754
2019-05-30,2019-05-31 09:30:00,1.089844,0.6449015,0.93009686,0.66151834
2019-05-30,2019-05-31 09:45:00,0.7558590000000001,0.441142,0.7586878,0.5039678
2019-05-30,2019-05-31 10:00:00,0.875391,0.258215,0.6029992,0.3743485
2019-05-30,2019-05-31 10:15:00,0.28125,0.19223723,0.5042844,0.25051218
2019-05-30,2019-05-31 10:30:00,0.326953,0.11046212,0.38583487,0.20521238
2019-05-30,2019-05-31 10:45:00,0.221484,0.112888426,0.32210162,0.11607466
2019-05-30,2019-05-31 11:00:00,0.130078,0.0447706,0.2172075,0.06848706
2019-05-30,2019-05-31 11:15:00,0.0,0.03424365,0.19900924,0.038225133
2019-05-30,2019-05-31 11:30:00,0.0,0.04168168,0.10549011,0.04896905
2019-05-30,2019-05-31 11:45:00,0.0,0.071251646,0.12405876,0.0052323844
2019-05-30,2019-05-31 12:00:00,0.0,0.010677205,0.093358986,0.007865114
2019-05-30,2019-05-31 12:15:00,0.0,0.03593596,0.07258367,-0.00390922
2019-05-30,2019-05-31 12:30:00,0.0,0.049521804,0.12307798,0.06511156
2019-05-30,2019-05-31 12:45:00,0.0,0.05035435,0.09035642,0.0677559
2019-05-30,2019-05-31 13:00:00,0.0,-0.017133048,0.1433168,0.06152475
2019-05-30,2019-05-31 13:15:00,0.0,-0.009295269,0.16248655,0.08633604
2019-05-30,2019-05-31 13:30:00,0.0,-0.050911725,0.15840535,0.056769095
2019-05-30,2019-05-31 13:45:00,0.0,0.0073332414,0.13509339,0.0318381
2019-05-30,2019-05-31 14:00:00,0.0,-0.012034165,0.15508623,0.05314708
2019-05-30,2019-05-31 14:15:00,0.0,-0.04283367,0.14317535,0.057780117
2019-05-30,2019-05-31 14:30:00,0.0,-0.041489344,0.17837076,0.01089532
2019-05-30,2019-05-31 14:45:00,0.0,-0.05016428,0.17298988,0.027432848
2019-05-30,2019-05-31 15:00:00,0.0,-0.013520417,0.1329766,-0.025043849
2019-05-30,2019-05-31 15:15:00,0.0,0.001317414,0.12818258,-0.0040088026
2019-05-30,2019-05-31 15:30:00,0.0,0.009283541,0.117227666,-0.033303417
2019-05-30,2019-05-31 15:45:00,0.0,-0.019310907,0.099236645,-0.05740592
2019-05-30,2019-05-31 16:00:00,0.0,-0.034363624,0.09821023,-0.016419241
2019-05-30,2019-05-31 16:15:00,0.0,-0.0055074613,0.04969515,0.003954608
2019-05-30,2019-05-31 16:30:00,0.0,0.018479967,0.057376966,-0.010308029
2019-05-30,2019-05-31 16:45:00,0.0,-0.013344377,0.025729325,-0.015124481
2019-05-30,2019-05-31 17:00:00,0.0,-0.012225964,0.08308313,-0.028416948
2019-05-30,2019-05-31 17:15:00,0.0,-0.008343677,0.07317952,0.027860776
2019-05-30,2019-05-31 17:30:00,0.0,0.011725499,0.052426483,-0.029774915
2019-05-30,2019-05-31 17:45:00,0.0,-0.034365885,0.048398238,0.0042402605
2019-05-30,2019-05-31 18:00:00,0.0,-0.020056996,0.05124577,0.015338409
2019-05-30,2019-05-31 18:15:00,0.0,-0.09049065,0.07723883,0.0014602145
2019-05-30,2019-05-31 18:30:00,0.0,-0.023069004,0.05072046,-0.02704339
2019-05-30,2019-05-31 18:45:00,0.0,-0.0877471,0.0376201,-0.02765333
2019-05-30,2019-05-31 19:00:00,0.0,-0.10479315,0.04136816,-0.0411357
2019-05-30,2019-05-31 19:15:00,0.0,-0.068444096,0.032857023,-0.027473997
2019-05-30,2019-05-31 19:30:00,0.0,-0.069286965,0.03481302,-0.045468736
2019-05-30,2019-05-31 19:45:00,0.0,-0.09771649,0.033242267,-0.04651347
2019-05-30,2019-05-31 20:00:00,0.0,-0.035615936,-0.0003758632,-0.05245824
2019-05-30,2019-05-31 20:15:00,0.0,-0.022640057,-0.018847836,-0.013447957
2019-05-30,2019-05-31 20:30:00,0.0,0.052843876,0.029984234,-0.008659219
2019-05-30,2019-05-31 20:45:00,0.0,0.014242309,0.0066961227,-0.053157404
2019-05-30,2019-05-31 21:00:00,0.0,0.026995692,0.04523661,-0.0039619636
2019-05-30,2019-05-31 21:15:00,0.0,0.015384507,0.044706192,-0.027548263
2019-05-30,2019-05-31 21:30:00,0.0,0.11224219,0.08369514,0.03424938
2019-05-30,2019-05-31 21:45:00,0.0,0.19575274,0.11762991,0.11717486
2019-05-30,2019-05-31 22:00:00,0.077344,0.33003616,0.2308631,0.19220488
2019-05-30,2019-05-31 22:15:00,0.16875,0.48897713,0.36823687,0.30326968
2019-05-30,2019-05-31 22:30:00,0.344531,0.6763699,0.5153739,0.38505298
2019-05-30,2019-05-31 22:45:00,0.298828,0.86288524,0.63357335,0.5928259
2019-05-30,2019-05-31 23:00:00,0.351562,1.0999135,0.7871495,0.74396116
2019-05-30,2019-05-31 23:15:00,0.2953119999999999,1.2606239,0.965593,0.95800406
2019-05-30,2019-05-31 23:30:00,0.523828,1.4686288,1.1039227,1.1440724
2019-05-30,2019-05-31 23:45:00,0.833203,1.723785,1.304611,1.374885
2019-05-31,2019-06-01 00:00:00,0.794531,2.252144,2.4065864,2.28401
2019-05-31,2019-06-01 00:15:00,0.523828,2.472821,2.6625724,2.5112138
2019-05-31,2019-06-01 00:30:00,0.418359,2.7712963,3.0541687,2.82708
2019-05-31,2019-06-01 00:45:00,0.369141,3.0119524,3.362889,2.9941938
2019-05-31,2019-06-01 01:00:00,1.283203,3.233675,3.5876858,3.297329
2019-05-31,2019-06-01 01:15:00,2.025,3.4387054,3.8997881,3.4374561
2019-05-31,2019-06-01 01:30:00,3.241406,3.561774,4.1155596,3.6896129
2019-05-31,2019-06-01 01:45:00,3.491015,3.7269723,4.2597003,3.821121
2019-05-31,2019-06-01 02:00:00,3.765234,3.9150176,4.3434787,3.9308786
2019-05-31,2019-06-01 02:15:00,3.877734,4.101195,4.491653,4.018169
2019-05-31,2019-06-01 02:30:00,3.986719,4.061154,4.5063753,4.1064425
2019-05-31,2019-06-01 02:45:00,4.134375,4.1448326,4.516408,4.1343975
2019-05-31,2019-06-01 03:00:00,4.201172,4.248032,4.598241,4.184222
2019-05-31,2019-06-01 03:15:00,4.282031,4.2753706,4.582145,4.1325917
2019-05-31,2019-06-01 03:30:00,4.2785150000000005,4.2806754,4.6418023,4.0893717
2019-05-31,2019-06-01 03:45:00,4.264453,4.2680726,4.717406,4.0463133
2019-05-31,2019-06-01 04:00:00,4.362891,4.2379246,4.797063,3.9337583
2019-05-31,2019-06-01 04:15:00,4.275,4.2346363,4.803048,3.9357383
2019-05-31,2019-06-01 04:30:00,4.148438,4.2311473,4.737849,3.9049866
2019-05-31,2019-06-01 04:45:00,4.355859,4.146197,4.80406,3.865106
2019-05-31,2019-06-01 05:00:00,4.369922,4.1161103,4.7172337,3.713811
2019-05-31,2019-06-01 05:15:00,2.439844,4.0051727,4.6540613,3.791873
2019-05-31,2019-06-01 05:30:00,4.246875,3.9937203,4.710959,3.743036
2019-05-31,2019-06-01 05:45:00,1.567969,3.9629776,4.5322323,3.6954246
2019-05-31,2019-06-01 06:00:00,1.6523439999999998,3.843285,4.4670973,3.5926354
2019-05-31,2019-06-01 06:15:00,4.33125,3.8427932,4.425095,3.4764495
2019-05-31,2019-06-01 06:30:00,3.863672,3.8286285,4.2727747,3.3396018
2019-05-31,2019-06-01 06:45:00,2.091797,3.8793042,4.105001,3.2013288
2019-05-31,2019-06-01 07:00:00,1.346484,3.8232338,3.9387307,3.0918014
2019-05-31,2019-06-01 07:15:00,3.329297,3.7334816,3.7154176,2.9154403
2019-05-31,2019-06-01 07:30:00,3.125391,3.7934663,3.4381573,2.722473
2019-05-31,2019-06-01 07:45:00,2.953125,3.6366613,3.1882515,2.473991
2019-05-31,2019-06-01 08:00:00,2.696484,3.3664577,2.9665604,2.2194898
2019-05-31,2019-06-01 08:15:00,2.408203,3.2146947,2.6635985,1.954454
2019-05-31,2019-06-01 08:30:00,2.190234,2.8917525,2.3678565,1.6856495
2019-05-31,2019-06-01 08:45:00,1.923047,2.6587923,2.1162724,1.4084986
2019-05-31,2019-06-01 09:00:00,1.645312,2.2586985,1.8709185,1.1611292
2019-05-31,2019-06-01 09:15:00,1.388672,1.975975,1.5181516,0.9684656
2019-05-31,2019-06-01 09:30:00,1.082812,1.7095747,1.2288299,0.73493654
2019-05-31,2019-06-01 09:45:00,0.8824219999999999,1.392493,0.95673805,0.55018485
2019-05-31,2019-06-01 10:00:00,0.660937,1.0309533,0.76482385,0.39015058
2019-05-31,2019-06-01 10:15:00,0.478125,0.81691104,0.5538772,0.25267088
2019-05-31,2019-06-01 10:30:00,0.323438,0.6035,0.38881293,0.20946021
2019-05-31,2019-06-01 10:45:00,0.210938,0.46165305,0.33410472,0.10607413
2019-05-31,2019-06-01 11:00:00,0.105469,0.32424572,0.14014451,0.044156954
2019-05-31,2019-06-01 11:15:00,0.0,0.19150719,0.13570276,0.020545198
2019-05-31,2019-06-01 11:30:00,0.0,0.08631323,-0.031213146,0.026904289
2019-05-31,2019-06-01 11:45:00,0.0,0.09763412,-0.01944559,-0.016455064
2019-05-31,2019-06-01 12:00:00,0.0,-0.051302608,-0.0061358716,-0.014606908
2019-05-31,2019-06-01 12:15:00,0.0,-0.015492032,-0.045386836,-0.024659334
2019-05-31,2019-06-01 12:30:00,0.0,0.0028391373,-0.0136228185,0.05528072
2019-05-31,2019-06-01 12:45:00,0.0,-0.0058504045,-0.0013606214,0.055031963
2019-05-31,2019-06-01 13:00:00,0.0,-0.07952193,0.045739923,0.038810838
2019-05-31,2019-06-01 13:15:00,0.0,-0.021520657,0.03727917,0.07613234
2019-05-31,2019-06-01 13:30:00,0.0,-0.0059662415,0.058154736,0.040123735
2019-05-31,2019-06-01 13:45:00,0.0,-0.004480648,-0.012301084,0.007104448
2019-05-31,2019-06-01 14:00:00,0.0,-0.00541759,-0.012306289,0.017544013
2019-05-31,2019-06-01 14:15:00,0.0,0.014877911,-0.03500605,0.032784782
2019-05-31,2019-06-01 14:30:00,0.0,-0.0021890923,0.019402076,-0.020588797
2019-05-31,2019-06-01 14:45:00,0.0,-0.026744308,0.04502091,0.0051274216
2019-05-31,2019-06-01 15:00:00,0.0,0.03309604,-0.040685564,-0.06588988
2019-05-31,2019-06-01 15:15:00,0.0,0.034434646,-0.056641735,-0.04546379
2019-05-31,2019-06-01 15:30:00,0.0,0.0093829585,-0.06343365,-0.06714353
2019-05-31,2019-06-01 15:45:00,0.0,-0.028061803,-0.06191449,-0.08970573
2019-05-31,2019-06-01 16:00:00,0.0,-0.080162846,-0.05387747,-0.07372202
2019-05-31,2019-06-01 16:15:00,0.0,-0.06969579,-0.09009227,-0.029241571
2019-05-31,2019-06-01 16:30:00,0.0,-0.04696619,-0.08290273,-0.043102875
2019-05-31,2019-06-01 16:45:00,0.0,-0.014408226,-0.06433253,-0.06887283
2019-05-31,2019-06-01 17:00:00,0.0,-0.037554797,-0.026056692,-0.067488074
2019-05-31,2019-06-01 17:15:00,0.0,0.00040182876,-0.05433871,-0.022285603
2019-05-31,2019-06-01 17:30:00,0.0,0.035914604,-0.0622326,-0.052791804
2019-05-31,2019-06-01 17:45:00,0.0,-0.024789358,-0.0073132114,-0.026013331
2019-05-31,2019-06-01 18:00:00,0.0,0.03233448,-0.015047777,0.012474469
2019-05-31,2019-06-01 18:15:00,0.0,-0.00893961,0.014769089,0.006847909
2019-05-31,2019-06-01 18:30:00,0.0,0.051041882,-0.029629614,-0.004629595
2019-05-31,2019-06-01 18:45:00,0.0,0.0034472095,-0.026850227,0.0018017997
2019-05-31,2019-06-01 19:00:00,0.0,-0.039203674,-0.065675385,-0.0049048006
2019-05-31,2019-06-01 19:15:00,0.0,0.030142343,-0.021094447,0.031108717
2019-05-31,2019-06-01 19:30:00,0.0,-0.009397608,-0.03711979,0.0026207548
2019-05-31,2019-06-01 19:45:00,0.0,-0.05088864,-0.08960565,0.012544485
2019-05-31,2019-06-01 20:00:00,0.0,0.007075314,-0.07640968,-0.049951255
2019-05-31,2019-06-01 20:15:00,0.0,0.061594035,-0.08141465,-0.009890491
2019-05-31,2019-06-01 20:30:00,0.0,0.10154108,-0.06077759,-0.04279216
2019-05-31,2019-06-01 20:45:00,0.0,0.011369758,-0.047832582,-0.08369375
2019-05-31,2019-06-01 21:00:00,0.0,0.06556154,-0.015499419,-0.07488258
2019-05-31,2019-06-01 21:15:00,0.0,0.018209036,-0.010421978,-0.083640985
2019-05-31,2019-06-01 21:30:00,0.080859,0.12409357,0.021970032,-0.02487389
2019-05-31,2019-06-01 21:45:00,0.165234,0.23608056,0.086413234,0.050037418
2019-05-31,2019-06-01 22:00:00,0.2847659999999999,0.42375425,0.27760896,0.15041764
2019-05-31,2019-06-01 22:15:00,0.4148439999999999,0.5499873,0.3810702,0.25182855
2019-05-31,2019-06-01 22:30:00,0.541406,0.7511162,0.60220414,0.37574026
2019-05-31,2019-06-01 22:45:00,0.776953,1.0046393,0.7878017,0.64719194
2019-05-31,2019-06-01 23:00:00,0.987891,1.2437946,0.9787462,0.82228744
2019-05-31,2019-06-01 23:15:00,1.241016,1.4242418,1.2645246,1.0565506
2019-05-31,2019-06-01 23:30:00,1.364062,1.6301081,1.4787481,1.3083056
2019-05-31,2019-06-01 23:45:00,1.582031,1.9067796,1.7108971,1.5832655
2018-08-25,2018-08-26 00:00:00,1.286719,1.375139,1.2543197,1.3058822
2018-08-25,2018-08-26 00:15:00,1.504687,1.5954905,1.3721076,1.4977
2018-08-25,2018-08-26 00:30:00,1.747266,1.8810761,1.5752478,1.7594645
2018-08-25,2018-08-26 00:45:00,1.916016,2.1484323,1.737965,1.9496776
2018-08-25,2018-08-26 01:00:00,2.169141,2.4213924,1.8541456,2.2274816
2018-08-25,2018-08-26 01:15:00,2.309766,2.6505845,2.063706,2.3884351
2018-08-25,2018-08-26 01:30:00,2.636719,2.8290894,2.1706583,2.603662
2018-08-25,2018-08-26 01:45:00,2.770312,3.0339468,2.2610643,2.767536
2018-08-25,2018-08-26 02:00:00,2.872266,3.2333112,2.3288832,2.8981433
2018-08-25,2018-08-26 02:15:00,3.086719,3.4085386,2.39505,2.9795346
2018-08-25,2018-08-26 02:30:00,3.188672,3.4632075,2.435041,3.0729408
2018-08-25,2018-08-26 02:45:00,3.181641,3.566966,2.429562,3.1332889
2018-08-25,2018-08-26 03:00:00,3.325781,3.6706972,2.467267,3.177644
2018-08-25,2018-08-26 03:15:00,3.378515,3.7425318,2.4461257,3.138278
2018-08-25,2018-08-26 03:30:00,3.357422,3.7170553,2.5068228,3.1063223
2018-08-25,2018-08-26 03:45:00,3.3890620000000005,3.7970765,2.5284433,3.072612
2018-08-25,2018-08-26 04:00:00,3.403125,3.764738,2.5929935,2.974465
2018-08-25,2018-08-26 04:15:00,3.448828,3.8124847,2.5708673,2.9366136
2018-08-25,2018-08-26 04:30:00,3.427734,3.8133972,2.5466354,2.9023829
2018-08-25,2018-08-26 04:45:00,3.396094,3.7750533,2.5594013,2.8589292
2018-08-25,2018-08-26 05:00:00,3.273047,3.8068502,2.5161374,2.7208705
2018-08-25,2018-08-26 05:15:00,3.403125,3.763863,2.4880266,2.7457497
2018-08-25,2018-08-26 05:30:00,3.364453,3.7947698,2.4991894,2.684002
2018-08-25,2018-08-26 05:45:00,2.974219,3.742628,2.416295,2.60261
2018-08-25,2018-08-26 06:00:00,3.058594,3.7057676,2.3867962,2.5331016
2018-08-25,2018-08-26 06:15:00,2.063672,3.6902673,2.3313048,2.382372
2018-08-25,2018-08-26 06:30:00,2.882812,3.64156,2.257612,2.2773376
2018-08-25,2018-08-26 06:45:00,2.443359,3.6076264,2.1615376,2.1065412
2018-08-25,2018-08-26 07:00:00,2.239453,3.544464,2.064177,1.9876432
2018-08-25,2018-08-26 07:15:00,2.373047,3.3959777,1.9004505,1.8255712
2018-08-25,2018-08-26 07:30:00,2.151562,3.3547425,1.7912749,1.6575174
2018-08-25,2018-08-26 07:45:00,1.993359,3.133779,1.644729,1.4331256
2018-08-25,2018-08-26 08:00:00,1.7824220000000002,2.8753173,1.4983116,1.2408278
2018-08-25,2018-08-26 08:15:00,1.578516,2.7156231,1.338845,1.0407598
2018-08-25,2018-08-26 08:30:00,1.392187,2.4176967,1.1282754,0.82222855
2018-08-25,2018-08-26 08:45:00,1.019531,2.1738813,1.0330162,0.6315117
2018-08-25,2018-08-26 09:00:00,0.45,1.8315134,0.855972,0.4531799
2018-08-25,2018-08-26 09:15:00,0.4253909999999999,1.5636177,0.6492395,0.34075385
2018-08-25,2018-08-26 09:30:00,0.379687,1.2820803,0.5299458,0.1775465
2018-08-25,2018-08-26 09:45:00,0.298828,1.0191315,0.39686576,0.0661923
2018-08-25,2018-08-26 10:00:00,0.291797,0.7348712,0.27635747,-0.02168841
2018-08-25,2018-08-26 10:15:00,0.175781,0.5720393,0.20584287,-0.106082015
2018-08-25,2018-08-26 10:30:00,0.024609,0.37302157,0.123972416,-0.10405149
2018-08-25,2018-08-26 10:45:00,0.0,0.2790853,0.10031319,-0.15392709
2018-08-25,2018-08-26 11:00:00,0.0,0.1843403,0.013617922,-0.15210031
2018-08-25,2018-08-26 11:15:00,0.0,0.09461806,-0.0010057036,-0.13054036
2018-08-25,2018-08-26 11:30:00,0.0,0.037709437,-0.02929807,-0.112153
2018-08-25,2018-08-26 11:45:00,0.0,0.048102506,-0.0284489,-0.11597979
2018-08-25,2018-08-26 12:00:00,0.0,-0.015938303,-0.04678065,-0.09472923
2018-08-25,2018-08-26 12:15:00,0.0,0.0020783169,-0.06590889,-0.07636285
2018-08-25,2018-08-26 12:30:00,0.0,0.026252814,-0.010740248,-0.0031237712
2018-08-25,2018-08-26 12:45:00,0.0,0.011527239,-0.03085222,0.013001043
2018-08-25,2018-08-26 13:00:00,0.0,-0.036057804,0.028190233,0.0149020655
2018-08-25,2018-08-26 13:15:00,0.0,0.0045043915,-0.00991728,0.018846583
2018-08-25,2018-08-26 13:30:00,0.0,-0.0050306576,0.0049599814,0.02199669
2018-08-25,2018-08-26 13:45:00,0.0,0.012054452,-0.021246105,-0.019375801
2018-08-25,2018-08-26 14:00:00,0.0,0.011863968,-0.018909037,0.016847674
2018-08-25,2018-08-26 14:15:00,0.0,-0.010959741,-0.023546003,0.0140150385
2018-08-25,2018-08-26 14:30:00,0.0,-0.015097075,0.0046823444,-0.031991065
2018-08-25,2018-08-26 14:45:00,0.0,-0.018222328,0.0072528757,0.007206911
2018-08-25,2018-08-26 15:00:00,0.0,0.008113114,-0.038043205,-0.053715743
2018-08-25,2018-08-26 15:15:00,0.0,0.026608307,-0.01947388,-0.029882502
2018-08-25,2018-08-26 15:30:00,0.0,0.027704211,-0.053815797,-0.055001736
2018-08-25,2018-08-26 15:45:00,0.0,0.0018725673,-0.04674141,-0.04788626
2018-08-25,2018-08-26 16:00:00,0.0,0.012890371,-0.054410156,-0.02943049
2018-08-25,2018-08-26 16:15:00,0.0,0.017030379,-0.09320243,-0.015709817
2018-08-25,2018-08-26 16:30:00,0.0,0.032712072,-0.07626712,-0.020701835
2018-08-25,2018-08-26 16:45:00,0.0,0.032799266,-0.09273434,0.014808593
2018-08-25,2018-08-26 17:00:00,0.0,0.044507854,-0.042423304,-0.019434089
2018-08-25,2018-08-26 17:15:00,0.0,0.03707063,-0.03693939,0.028683435
2018-08-25,2018-08-26 17:30:00,0.0,0.05260418,-0.06407031,0.0031880678
2018-08-25,2018-08-26 17:45:00,0.0,0.03867426,-0.060977392,0.03508501
2018-08-25,2018-08-26 18:00:00,0.0,0.028328044,-0.048831895,0.039151113
2018-08-25,2018-08-26 18:15:00,0.0,0.0061192783,-0.04432844,0.05198544
2018-08-25,2018-08-26 18:30:00,0.0,0.01988898,-0.044553902,0.014462456
2018-08-25,2018-08-26 18:45:00,0.0,-0.025741732,-0.06646889,0.02213879
2018-08-25,2018-08-26 19:00:00,0.0,-0.038319115,-0.027954876,-0.0010241027
2018-08-25,2018-08-26 19:15:00,0.0,-0.044068374,-0.048802525,0.030218974
2018-08-25,2018-08-26 19:30:00,0.0,-0.048161924,-0.056352176,0.009786223
2018-08-25,2018-08-26 19:45:00,0.0,-0.059283756,-0.04521829,0.0017480066
2018-08-25,2018-08-26 20:00:00,0.0,-0.04387884,-0.062419955,-0.019772321
2018-08-25,2018-08-26 20:15:00,0.0,-0.014925357,-0.07609891,-0.045468207
2018-08-25,2018-08-26 20:30:00,0.0,0.006113682,-0.0546829,-0.041911274
2018-08-25,2018-08-26 20:45:00,0.0,-0.038427833,-0.07829943,-0.1023419
2018-08-25,2018-08-26 21:00:00,0.0,-0.04470303,-0.059823908,-0.12804805
2018-08-25,2018-08-26 21:15:00,0.0,-0.04725354,-0.07021788,-0.18288991
2018-08-25,2018-08-26 21:30:00,0.0,0.009407278,-0.053343948,-0.1882914
2018-08-25,2018-08-26 21:45:00,0.0,0.056625266,-0.058156226,-0.17804155
2018-08-25,2018-08-26 22:00:00,0.0,0.14397754,0.05303757,-0.12958665
2018-08-25,2018-08-26 22:15:00,0.0,0.24784066,0.10249798,-0.12414887
2018-08-25,2018-08-26 22:30:00,0.203906,0.40434492,0.23716287,-0.06507124
2018-08-25,2018-08-26 22:45:00,0.319922,0.51561624,0.34496298,0.11788353
2018-08-25,2018-08-26 23:00:00,0.460547,0.7027229,0.43199202,0.21187408
2018-08-25,2018-08-26 23:15:00,0.632812,0.86796206,0.55626255,0.3995831
2018-08-25,2018-08-26 23:30:00,0.8824219999999999,1.0586567,0.68066055,0.6025292
2018-08-25,2018-08-26 23:45:00,1.125,1.271682,0.83647686,0.76813877
2018-08-26,2018-08-27 00:00:00,1.297266,1.1427139,1.336422,1.3318503
2018-08-26,2018-08-27 00:15:00,1.18125,1.333018,1.545474,1.5789597
2018-08-26,2018-08-27 00:30:00,1.887891,1.5238496,1.8691487,1.8815854
2018-08-26,2018-08-27 00:45:00,2.021484,1.7567909,2.096015,2.1138775
2018-08-26,2018-08-27 01:00:00,2.285156,1.930199,2.336585,2.428637
2018-08-26,2018-08-27 01:15:00,2.478516,2.082707,2.6818838,2.6607456
2018-08-26,2018-08-27 01:30:00,2.657812,2.2139752,2.8905616,2.9789062
2018-08-26,2018-08-27 01:45:00,2.844141,2.3113596,3.0934968,3.1806946
2018-08-26,2018-08-27 02:00:00,3.121875,2.3525984,3.2342978,3.4112585
2018-08-26,2018-08-27 02:15:00,3.287109,2.4075522,3.4237764,3.5388567
2018-08-26,2018-08-27 02:30:00,2.309766,2.430091,3.5661678,3.7325642
2018-08-26,2018-08-27 02:45:00,3.427734,2.4276552,3.619363,3.8185198
2018-08-26,2018-08-27 03:00:00,2.211328,2.432163,3.7221112,3.948175
2018-08-26,2018-08-27 03:15:00,3.469922,2.4239328,3.7837641,3.94381
2018-08-26,2018-08-27 03:30:00,3.15,2.3078377,3.877607,4.002182
2018-08-26,2018-08-27 03:45:00,3.410156,2.256834,4.020361,3.9674263
2018-08-26,2018-08-27 04:00:00,4.151953,2.1644163,4.071428,3.8916566
2018-08-26,2018-08-27 04:15:00,3.670312000000001,2.1218662,4.110586,3.8991356
2018-08-26,2018-08-27 04:30:00,3.596484,1.9872102,4.1042633,3.8971803
2018-08-26,2018-08-27 04:45:00,3.723047,1.8983313,4.191674,3.8486047
2018-08-26,2018-08-27 05:00:00,2.580469,1.7798287,4.103625,3.6978724
2018-08-26,2018-08-27 05:15:00,2.696484,1.6749191,4.0508246,3.7824564
2018-08-26,2018-08-27 05:30:00,4.310156,1.5826452,4.0719705,3.7363336
2018-08-26,2018-08-27 05:45:00,2.844141,1.4621683,3.9272377,3.6626964
2018-08-26,2018-08-27 06:00:00,3.4839839999999995,1.3381524,3.876402,3.5942047
2018-08-26,2018-08-27 06:15:00,3.596484,1.2683196,3.7843697,3.4983537
2018-08-26,2018-08-27 06:30:00,3.336328,1.1450272,3.6518462,3.3555224
2018-08-26,2018-08-27 06:45:00,3.3679690000000004,1.0598649,3.5340989,3.21894
2018-08-26,2018-08-27 07:00:00,3.026953,0.99443763,3.3023567,3.1545713
2018-08-26,2018-08-27 07:15:00,3.055078,0.8866424,3.0386326,2.951566
2018-08-26,2018-08-27 07:30:00,2.896875,0.81016177,2.8174171,2.7671115
2018-08-26,2018-08-27 07:45:00,2.735156,0.7279037,2.5424607,2.510465
2018-08-26,2018-08-27 08:00:00,2.376562,0.6354653,2.3190892,2.2871466
2018-08-26,2018-08-27 08:15:00,1.7015619999999998,0.5963134,2.0536635,1.989044
2018-08-26,2018-08-27 08:30:00,2.288672,0.5349983,1.7978846,1.7145478
2018-08-26,2018-08-27 08:45:00,2.014453,0.51388776,1.5184838,1.4505274
2018-08-26,2018-08-27 09:00:00,0.6679689999999999,0.43895125,1.3252095,1.1707765
2018-08-26,2018-08-27 09:15:00,0.569531,0.38292912,1.0048041,0.97191447
2018-08-26,2018-08-27 09:30:00,0.569531,0.30976188,0.7738774,0.7019069
2018-08-26,2018-08-27 09:45:00,0.492188,0.26716492,0.62154114,0.5017457
2018-08-26,2018-08-27 10:00:00,0.428906,0.20069411,0.4205571,0.28465816
2018-08-26,2018-08-27 10:15:00,0.158203,0.14853117,0.33478516,0.12229103
2018-08-26,2018-08-27 10:30:00,0.035156,0.11645122,0.2082477,0.039458558
2018-08-26,2018-08-27 10:45:00,0.0,0.08716248,0.17025432,-0.07647935
2018-08-26,2018-08-27 11:00:00,0.0,0.11000794,0.08707593,-0.15277076
2018-08-26,2018-08-27 11:15:00,0.0,0.061107416,0.07989634,-0.17505667
2018-08-26,2018-08-27 11:30:00,0.0,0.021485679,0.050724823,-0.19959758
2018-08-26,2018-08-27 11:45:00,0.0,0.019334404,0.087581225,-0.22651473
2018-08-26,2018-08-27 12:00:00,0.0,0.03338146,0.112068295,-0.2177637
2018-08-26,2018-08-27 12:15:00,0.0,0.053111516,0.09940642,-0.20810397
2018-08-26,2018-08-27 12:30:00,0.0,0.034499004,0.13909723,-0.10817295
2018-08-26,2018-08-27 12:45:00,0.0,0.034097258,0.11925576,-0.12406882
2018-08-26,2018-08-27 13:00:00,0.0,0.043372158,0.1724938,-0.10831407
2018-08-26,2018-08-27 13:15:00,0.0,0.05113801,0.16017629,-0.07938441
2018-08-26,2018-08-27 13:30:00,0.0,0.051230967,0.100081414,-0.07628969
2018-08-26,2018-08-27 13:45:00,0.0,0.05270257,0.07589268,-0.090292715
2018-08-26,2018-08-27 14:00:00,0.0,0.034237497,0.08281615,-0.085729934
2018-08-26,2018-08-27 14:15:00,0.0,0.042648826,0.052813962,-0.049080186
2018-08-26,2018-08-27 14:30:00,0.0,0.050229874,0.08656859,-0.09790286
2018-08-26,2018-08-27 14:45:00,0.0,0.057700593,0.06574348,-0.05378296
2018-08-26,2018-08-27 15:00:00,0.0,0.056720156,0.023712547,-0.11304904
2018-08-26,2018-08-27 15:15:00,0.0,0.073649846,0.02711658,-0.12356288
2018-08-26,2018-08-27 15:30:00,0.0,0.06628743,0.043585207,-0.124267675
2018-08-26,2018-08-27 15:45:00,0.0,0.06325394,0.033770066,-0.118946314
2018-08-26,2018-08-27 16:00:00,0.0,0.06479539,0.043859467,-0.13670103
2018-08-26,2018-08-27 16:15:00,0.0,0.044016156,0.0030667991,-0.07766227
2018-08-26,2018-08-27 16:30:00,0.0,0.039021503,0.02297107,-0.083109915
2018-08-26,2018-08-27 16:45:00,0.0,0.018089702,0.01663027,-0.09356432
2018-08-26,2018-08-27 17:00:00,0.0,0.02063079,0.05310991,-0.117385805
2018-08-26,2018-08-27 17:15:00,0.0,0.009525626,0.051497433,-0.08845491
2018-08-26,2018-08-27 17:30:00,0.0,-0.008647651,0.03327024,-0.064193435
2018-08-26,2018-08-27 17:45:00,0.0,0.008515622,0.045206137,-0.041666422
2018-08-26,2018-08-27 18:00:00,0.0,-0.022670714,0.048377395,-0.009013227
2018-08-26,2018-08-27 18:15:00,0.0,0.007446774,0.022928797,-0.010031039
2018-08-26,2018-08-27 18:30:00,0.0,0.004007506,0.015006916,-0.013331863
2018-08-26,2018-08-27 18:45:00,0.0,0.023571938,0.029793926,0.0019920564
2018-08-26,2018-08-27 19:00:00,0.0,0.049746256,-0.01930167,0.0069055087
2018-08-26,2018-08-27 19:15:00,0.0,0.039029937,0.0058803204,0.05018827
2018-08-26,2018-08-27 19:30:00,0.0,0.035252295,-0.0010294573,0.03449115
2018-08-26,2018-08-27 19:45:00,0.0,0.059195817,0.023564098,0.0618231
2018-08-26,2018-08-27 20:00:00,0.0,0.042034745,-0.013953025,-0.0025259042
2018-08-26,2018-08-27 20:15:00,0.0,0.04828023,-0.026661795,0.0025666477
2018-08-26,2018-08-27 20:30:00,0.0,0.048617538,-0.019143354,-0.03021632
2018-08-26,2018-08-27 20:45:00,0.0,0.06714339,-0.017885325,-0.058012247
2018-08-26,2018-08-27 21:00:00,0.0,0.05196434,-0.030172547,-0.09105112
2018-08-26,2018-08-27 21:15:00,0.0,0.079634435,0.0008743376,-0.086846665
2018-08-26,2018-08-27 21:30:00,0.0,0.12914528,0.020528173,-0.1001109
2018-08-26,2018-08-27 21:45:00,0.0,0.16386195,0.021077693,-0.07331989
2018-08-26,2018-08-27 22:00:00,0.0035159999999999,0.21211766,0.077904016,0.01701249
2018-08-26,2018-08-27 22:15:00,0.0,0.28997463,0.24259157,-0.0072529577
2018-08-26,2018-08-27 22:30:00,0.196875,0.39040843,0.3309355,0.06321984
2018-08-26,2018-08-27 22:45:00,0.319922,0.45098668,0.4413508,0.2558004
2018-08-26,2018-08-27 23:00:00,0.341016,0.58122313,0.5677715,0.32560462
2018-08-26,2018-08-27 23:15:00,0.551953,0.74526674,0.7686723,0.48399228
2018-08-26,2018-08-27 23:30:00,0.566016,0.8817431,0.9147513,0.68574727
2018-08-26,2018-08-27 23:45:00,0.73125,1.0387971,1.1232532,0.86067647
2018-08-27,2018-08-28 00:00:00,0.935156,1.2224711,1.2831614,1.3437188
2018-08-27,2018-08-28 00:15:00,1.873828,1.4163239,1.418804,1.5257897
2018-08-27,2018-08-28 00:30:00,1.226953,1.6008017,1.6671517,1.7639436
2018-08-27,2018-08-28 00:45:00,1.466016,1.8313551,1.8310797,1.9465901
2018-08-27,2018-08-28 01:00:00,1.750781,1.9886309,1.9816965,2.1987796
2018-08-27,2018-08-28 01:15:00,2.742188,2.1260893,2.1973014,2.3491879
2018-08-27,2018-08-28 01:30:00,2.844141,2.242366,2.3254316,2.56916
2018-08-27,2018-08-28 01:45:00,3.065625,2.3168125,2.4384663,2.7161336
2018-08-27,2018-08-28 02:00:00,3.258984,2.3334131,2.5287242,2.850738
2018-08-27,2018-08-28 02:15:00,3.4066410000000005,2.3676014,2.6096225,2.9174778
2018-08-27,2018-08-28 02:30:00,3.6,2.3705652,2.6776428,3.0170977
2018-08-27,2018-08-28 02:45:00,3.628125,2.345815,2.681729,3.061958
2018-08-27,2018-08-28 03:00:00,3.659765,2.334294,2.7039485,3.1242673
2018-08-27,2018-08-28 03:15:00,3.733594,2.314022,2.721318,3.0683758
2018-08-27,2018-08-28 03:30:00,3.789844,2.181507,2.7763784,3.0507286
2018-08-27,2018-08-28 03:45:00,3.782812,2.1190708,2.8132913,3.0076053
2018-08-27,2018-08-28 04:00:00,3.867188,2.0141077,2.8670301,2.9257534
2018-08-27,2018-08-28 04:15:00,3.825,1.9618418,2.8605895,2.877102
2018-08-27,2018-08-28 04:30:00,3.786328,1.8235757,2.8086514,2.8613496
2018-08-27,2018-08-28 04:45:00,3.796875,1.7289915,2.8468988,2.7887342
2018-08-27,2018-08-28 05:00:00,3.744141,1.6105106,2.7692285,2.632923
2018-08-27,2018-08-28 05:15:00,3.652734,1.5128881,2.7046847,2.6514993
2018-08-27,2018-08-28 05:30:00,3.628125,1.4285413,2.7120402,2.5715275
2018-08-27,2018-08-28 05:45:00,3.596484,1.3162801,2.5788598,2.470893
2018-08-27,2018-08-28 06:00:00,3.515625,1.2035854,2.5383782,2.3992403
2018-08-27,2018-08-28 06:15:00,3.434766,1.1490952,2.4585261,2.2510848
2018-08-27,2018-08-28 06:30:00,3.325781,1.0425457,2.35095,2.1286438
2018-08-27,2018-08-28 06:45:00,3.185156,0.9738469,2.2404544,1.9519264
2018-08-27,2018-08-28 07:00:00,3.016406,0.9341566,2.0810525,1.8354616
2018-08-27,2018-08-28 07:15:00,2.840625,0.84501135,1.911121,1.6563823
2018-08-27,2018-08-28 07:30:00,2.629688,0.78637064,1.7653834,1.49738
2018-08-27,2018-08-28 07:45:00,2.425781,0.722007,1.5923077,1.2739918
2018-08-27,2018-08-28 08:00:00,2.183203,0.64329785,1.4319593,1.1029283
2018-08-27,2018-08-28 08:15:00,1.916016,0.6199052,1.2537122,0.8982691
2018-08-27,2018-08-28 08:30:00,1.6804689999999998,0.5675906,1.0610697,0.69131035
2018-08-27,2018-08-28 08:45:00,1.444922,0.5528946,0.9206183,0.51803845
2018-08-27,2018-08-28 09:00:00,1.149609,0.48265928,0.7828831,0.3477273
2018-08-27,2018-08-28 09:15:00,0.924609,0.42476526,0.5878393,0.26327735
2018-08-27,2018-08-28 09:30:00,0.678516,0.34646437,0.4594853,0.112116344
2018-08-27,2018-08-28 09:45:00,0.478125,0.30430657,0.34744826,0.0153442575
2018-08-27,2018-08-28 10:00:00,0.302344,0.23482725,0.21886945,-0.06945645
2018-08-27,2018-08-28 10:15:00,0.161719,0.17502716,0.15766124,-0.1321444
2018-08-27,2018-08-28 10:30:00,0.038672,0.13279667,0.08347885,-0.12848166
2018-08-27,2018-08-28 10:45:00,0.0,0.09633117,0.064496584,-0.16274603
2018-08-27,2018-08-28 11:00:00,0.0,0.11472409,-0.0018462416,-0.15386552
2018-08-27,2018-08-28 11:15:00,0.0,0.05866735,-0.008725826,-0.12667286
2018-08-27,2018-08-28 11:30:00,0.0,0.0124344295,-0.03441872,-0.113070376
2018-08-27,2018-08-28 11:45:00,0.0,0.010507956,-0.008850068,-0.1126973
2018-08-27,2018-08-28 12:00:00,0.0,0.026032949,-0.035582844,-0.09167585
2018-08-27,2018-08-28 12:15:00,0.0,0.04409323,-0.036223125,-0.06724387
2018-08-27,2018-08-28 12:30:00,0.0,0.029021665,0.010622929,0.004865914
2018-08-27,2018-08-28 12:45:00,0.0,0.030770414,0.0028102088,0.014754924
2018-08-27,2018-08-28 13:00:00,0.0,0.042350613,0.022030791,0.020361783
2018-08-27,2018-08-28 13:15:00,0.0,0.054514483,0.036681816,0.021607494
2018-08-27,2018-08-28 13:30:00,0.0,0.057544637,0.012438379,0.027675664
2018-08-27,2018-08-28 13:45:00,0.0,0.0580709,-0.033902146,-0.0054235775
2018-08-27,2018-08-28 14:00:00,0.0,0.03915055,-0.026131215,0.015962971
2018-08-27,2018-08-28 14:15:00,0.0,0.054635834,-0.008478672,0.019532293
2018-08-27,2018-08-28 14:30:00,0.0,0.06001799,0.003916812,-0.02785558
2018-08-27,2018-08-28 14:45:00,0.0,0.06865565,-0.0007225408,0.013878853
2018-08-27,2018-08-28 15:00:00,0.0,0.06897168,-0.030534213,-0.0414125
2018-08-27,2018-08-28 15:15:00,0.0,0.084160805,-0.022081632,-0.028073119
2018-08-27,2018-08-28 15:30:00,0.0,0.077214,-0.026211543,-0.046462886
2018-08-27,2018-08-28 15:45:00,0.0,0.07425487,-0.05524168,-0.02527826
2018-08-27,2018-08-28 16:00:00,0.0,0.075809784,-0.045703415,-0.026312316
2018-08-27,2018-08-28 16:15:00,0.0,0.053721275,-0.06740207,0.0024091208
2018-08-27,2018-08-28 16:30:00,0.0,0.049487364,-0.063650765,0.0047834907
2018-08-27,2018-08-28 16:45:00,0.0,0.023149822,-0.08434466,0.038094334
2018-08-27,2018-08-28 17:00:00,0.0,0.026683487,-0.046480313,0.0026668014
2018-08-27,2018-08-28 17:15:00,0.0,0.0103989085,-0.037562173,0.044575207
2018-08-27,2018-08-28 17:30:00,0.0,-0.006333134,-0.044751853,0.039700147
2018-08-27,2018-08-28 17:45:00,0.0,0.0188125,-0.05863941,0.0717698
2018-08-27,2018-08-28 18:00:00,0.0,-0.010775924,-0.05347017,0.079059586
2018-08-27,2018-08-28 18:15:00,0.0,0.029444462,-0.047036495,0.08967308
2018-08-27,2018-08-28 18:30:00,0.0,0.028014604,-0.0524339,0.07768471
2018-08-27,2018-08-28 18:45:00,0.0,0.051356103,-0.055261783,0.09641354
2018-08-27,2018-08-28 19:00:00,0.0,0.08307025,-0.054099876,0.081339
2018-08-27,2018-08-28 19:15:00,0.0,0.06840751,-0.06611929,0.12043517
2018-08-27,2018-08-28 19:30:00,0.0,0.067122936,-0.071546815,0.10509959
2018-08-27,2018-08-28 19:45:00,0.0,0.09979005,-0.0692789,0.10361289
2018-08-27,2018-08-28 20:00:00,0.0,0.07843377,-0.09728223,0.07942997
2018-08-27,2018-08-28 20:15:00,0.0,0.0831895,-0.116869904,0.05431402
2018-08-27,2018-08-28 20:30:00,0.0,0.08122167,-0.10155146,0.04266321
2018-08-27,2018-08-28 20:45:00,0.0,0.09972365,-0.11833272,-0.021973167
2018-08-27,2018-08-28 21:00:00,0.0,0.08302095,-0.10184466,-0.06700613
2018-08-27,2018-08-28 21:15:00,0.0,0.10972082,-0.14289044,-0.107289895
2018-08-27,2018-08-28 21:30:00,0.0,0.15929046,-0.11360835,-0.13401814
2018-08-27,2018-08-28 21:45:00,0.0,0.19851759,-0.11636051,-0.1390126
2018-08-27,2018-08-28 22:00:00,0.0,0.26008022,-0.04405973,-0.102838226
2018-08-27,2018-08-28 22:15:00,0.0,0.3536331,0.059868164,-0.12477375
2018-08-27,2018-08-28 22:30:00,0.0,0.4657374,0.16570514,-0.06676341
2018-08-27,2018-08-28 22:45:00,0.217969,0.53145105,0.250011,0.10008848
2018-08-27,2018-08-28 23:00:00,0.316406,0.6744669,0.33712792,0.17532624
2018-08-27,2018-08-28 23:15:00,0.305859,0.84430146,0.511148,0.33739886
2018-08-27,2018-08-28 23:30:00,0.28125,0.9846533,0.633356,0.52617544
2018-08-27,2018-08-28 23:45:00,0.400781,1.145897,0.77154803,0.675673
2018-08-28,2018-08-29 00:00:00,0.288281,0.97431195,1.0086489,0.9765819
2018-08-28,2018-08-29 00:15:00,0.520312,1.1830363,1.1854045,1.1876935
2018-08-28,2018-08-29 00:30:00,0.759375,1.4450164,1.5099264,1.4825708
2018-08-28,2018-08-29 00:45:00,1.086328,1.7126842,1.7101582,1.7101635
2018-08-28,2018-08-29 01:00:00,1.381641,1.9925692,1.9257238,2.0189853
2018-08-28,2018-08-29 01:15:00,2.566406,2.221286,2.2236607,2.2501686
2018-08-28,2018-08-29 01:30:00,2.387109,2.4152617,2.403063,2.531583
2018-08-28,2018-08-29 01:45:00,2.292187,2.6310205,2.5559223,2.7594666
2018-08-28,2018-08-29 02:00:00,2.439844,2.8316197,2.7055264,2.9577901
2018-08-28,2018-08-29 02:15:00,2.759766,3.0040398,2.8454046,3.1055703
2018-08-28,2018-08-29 02:30:00,3.782812,3.0993202,2.9224865,3.293106
2018-08-28,2018-08-29 02:45:00,3.786328,3.2183661,3.0034456,3.3900855
2018-08-28,2018-08-29 03:00:00,3.772265,3.330982,3.1143463,3.4983006
2018-08-28,2018-08-29 03:15:00,3.638672,3.4257169,3.1245823,3.5020316
2018-08-28,2018-08-29 03:30:00,3.754687,3.3967724,3.2423072,3.527578
2018-08-28,2018-08-29 03:45:00,3.779297,3.515245,3.3108346,3.5272057
2018-08-28,2018-08-29 04:00:00,3.670312000000001,3.4876664,3.4440165,3.4754248
2018-08-28,2018-08-29 04:15:00,3.614062,3.5572672,3.47063,3.4671955
2018-08-28,2018-08-29 04:30:00,3.726562,3.5532997,3.4199765,3.4430137
2018-08-28,2018-08-29 04:45:00,3.294141,3.532156,3.4878774,3.415105
2018-08-28,2018-08-29 05:00:00,3.575391,3.5870018,3.4410017,3.3005624
2018-08-28,2018-08-29 05:15:00,3.4628910000000004,3.5744996,3.397589,3.3526015
2018-08-28,2018-08-29 05:30:00,3.329297,3.6290045,3.4286208,3.2982118
2018-08-28,2018-08-29 05:45:00,3.438281,3.5690727,3.3197906,3.2258983
2018-08-28,2018-08-29 06:00:00,3.589453,3.5653749,3.2684968,3.150148
2018-08-28,2018-08-29 06:15:00,3.5015620000000003,3.5480325,3.2250304,3.0275495
2018-08-28,2018-08-29 06:30:00,3.375,3.4959373,3.0975804,2.8958666
2018-08-28,2018-08-29 06:45:00,3.255469,3.4344387,2.9298837,2.725622
2018-08-28,2018-08-29 07:00:00,3.086719,3.377031,2.807758,2.611211
2018-08-28,2018-08-29 07:15:00,2.925,3.212607,2.6291096,2.427558
2018-08-28,2018-08-29 07:30:00,2.6824220000000003,3.1451488,2.429805,2.2260673
2018-08-28,2018-08-29 07:45:00,2.460938,2.9087245,2.2112758,1.9872705
2018-08-28,2018-08-29 08:00:00,2.197266,2.6507857,1.9918385,1.776879
2018-08-28,2018-08-29 08:15:00,1.982812,2.4957318,1.7769263,1.5385242
2018-08-28,2018-08-29 08:30:00,1.6945310000000002,2.210236,1.5433033,1.2868905
2018-08-28,2018-08-29 08:45:00,1.395703,1.9752198,1.3159826,1.0862601
2018-08-28,2018-08-29 09:00:00,1.198828,1.6463702,1.1565208,0.8733892
2018-08-28,2018-08-29 09:15:00,0.949219,1.3895799,0.85427094,0.74043334
2018-08-28,2018-08-29 09:30:00,0.720703,1.1029346,0.69316953,0.54149115
2018-08-28,2018-08-29 09:45:00,0.488672,0.86670965,0.5149476,0.41218594
2018-08-28,2018-08-29 10:00:00,0.316406,0.611226,0.3598472,0.26610187
2018-08-28,2018-08-29 10:15:00,0.172266,0.4736937,0.23137434,0.15781479
2018-08-28,2018-08-29 10:30:00,0.038672,0.2838261,0.13081698,0.13589306
2018-08-28,2018-08-29 10:45:00,0.0,0.20494615,0.08429699,0.05837719
2018-08-28,2018-08-29 11:00:00,0.0,0.12837008,-0.034959577,0.027126882
2018-08-28,2018-08-29 11:15:00,0.0,0.055102944,-0.011500893,0.034846876
2018-08-28,2018-08-29 11:30:00,0.0,0.012429224,-0.078930035,-0.0014803213
2018-08-28,2018-08-29 11:45:00,0.0,0.024827627,-0.01923231,-0.008598992
2018-08-28,2018-08-29 12:00:00,0.0,-0.007658243,-0.039162837,-0.0030676736
2018-08-28,2018-08-29 12:15:00,0.0,0.0033889,-0.082056746,0.0026146544
2018-08-28,2018-08-29 12:30:00,0.0,0.031230222,-0.011770518,0.06783307
2018-08-28,2018-08-29 12:45:00,0.0,0.012369784,-0.01612212,0.050271187
2018-08-28,2018-08-29 13:00:00,0.0,-0.029208817,0.033324875,0.059062317
2018-08-28,2018-08-29 13:15:00,0.0,0.007288223,0.005910751,0.05184913
2018-08-28,2018-08-29 13:30:00,0.0,-0.01030377,-0.0060601253,0.05869091
2018-08-28,2018-08-29 13:45:00,0.0,0.009984324,-0.027453957,0.035691857
2018-08-28,2018-08-29 14:00:00,0.0,0.004670308,0.015031647,0.04697807
2018-08-28,2018-08-29 14:15:00,0.0,-0.026765952,-0.017377423,0.05135061
2018-08-28,2018-08-29 14:30:00,0.0,-0.032108445,0.042130336,0.01865146
2018-08-28,2018-08-29 14:45:00,0.0,-0.025438292,0.031957187,0.063747555
2018-08-28,2018-08-29 15:00:00,0.0,-0.012688859,-0.010218014,0.016294269
2018-08-28,2018-08-29 15:15:00,0.0,0.0073213903,0.023893287,0.0119059
2018-08-28,2018-08-29 15:30:00,0.0,0.019141287,-0.03463276,0.0072765574
2018-08-28,2018-08-29 15:45:00,0.0,0.0029693355,-0.02122057,0.0379851
2018-08-28,2018-08-29 16:00:00,0.0,0.034129646,-0.013094191,0.031284582
2018-08-28,2018-08-29 16:15:00,0.0,0.04018514,-0.049019612,0.061704513
2018-08-28,2018-08-29 16:30:00,0.0,0.054324206,-0.036931206,0.05581026
2018-08-28,2018-08-29 16:45:00,0.0,0.04264121,-0.08458191,0.0704622
2018-08-28,2018-08-29 17:00:00,0.0,0.06545484,0.011763089,0.04552649
2018-08-28,2018-08-29 17:15:00,0.0,0.039490037,6.5901564e-05,0.06971831
2018-08-28,2018-08-29 17:30:00,0.0,0.04727,-0.030345479,0.07199448
2018-08-28,2018-08-29 17:45:00,0.0,0.048042938,-0.03132381,0.099369116
2018-08-28,2018-08-29 18:00:00,0.0,0.016006364,-0.07578169,0.11062967
2018-08-28,2018-08-29 18:15:00,0.0,0.011566085,-0.03198676,0.11512838
2018-08-28,2018-08-29 18:30:00,0.0,0.008769867,-0.06435869,0.08841939
2018-08-28,2018-08-29 18:45:00,0.0,-0.033457298,-0.080541864,0.10171928
2018-08-28,2018-08-29 19:00:00,0.0,-0.02597505,-0.059247646,0.086728364
2018-08-28,2018-08-29 19:15:00,0.0,-0.059558965,-0.063342325,0.115471944
2018-08-28,2018-08-29 19:30:00,0.0,-0.045819838,-0.1095411,0.10686057
2018-08-28,2018-08-29 19:45:00,0.0,-0.040925838,-0.07751137,0.11634764
2018-08-28,2018-08-29 20:00:00,0.0,-0.03322373,-0.07031275,0.08717272
2018-08-28,2018-08-29 20:15:00,0.0,-0.013928747,-0.109520726,0.068715855
2018-08-28,2018-08-29 20:30:00,0.0,0.0022089267,-0.07917067,0.05669413
2018-08-28,2018-08-29 20:45:00,0.0,-0.023111306,-0.087484635,0.017428335
2018-08-28,2018-08-29 21:00:00,0.0,-0.043803822,-0.05860083,-0.020762624
2018-08-28,2018-08-29 21:15:00,0.0,-0.023425939,-0.09553911,-0.05459273
2018-08-28,2018-08-29 21:30:00,0.0,0.02031513,-0.02854303,-0.07925585
2018-08-28,2018-08-29 21:45:00,0.0,0.04797136,-0.041784093,-0.075315826
2018-08-28,2018-08-29 22:00:00,0.0,0.10381478,0.049541384,-0.03025214
2018-08-28,2018-08-29 22:15:00,0.0,0.20791444,0.12993793,-0.049559355
2018-08-28,2018-08-29 22:30:00,0.200391,0.34950972,0.23712134,-0.028449785
2018-08-28,2018-08-29 22:45:00,0.344531,0.4080196,0.34168804,0.109165974
2018-08-28,2018-08-29 23:00:00,0.464063,0.56801933,0.4350475,0.16636828
2018-08-28,2018-08-29 23:15:00,0.632812,0.7165519,0.554149,0.3018243
2018-08-28,2018-08-29 23:30:00,0.959766,0.88383913,0.70059144,0.4681687
2018-08-28,2018-08-29 23:45:00,0.914062,1.0648062,0.8703331,0.6219612
2018-08-29,2018-08-30 00:00:00,0.935156,0.514456,0.6103862,0.69986266
2018-08-29,2018-08-30 00:15:00,0.734766,0.7042997,0.7636929,0.8525346
2018-08-29,2018-08-30 00:30:00,1.6945310000000002,0.94657385,0.97975254,1.0963831
2018-08-29,2018-08-30 00:45:00,1.033594,1.2190596,1.1519679,1.2817856
2018-08-29,2018-08-30 01:00:00,1.374609,1.5166326,1.3306347,1.5651162
2018-08-29,2018-08-30 01:15:00,2.348438,1.7594308,1.6018324,1.776498
2018-08-29,2018-08-30 01:30:00,1.469531,1.9803675,1.7540933,2.035594
2018-08-29,2018-08-30 01:45:00,1.522266,2.2261686,1.909912,2.2388334
2018-08-29,2018-08-30 02:00:00,1.437891,2.4333346,2.0633402,2.4343297
2018-08-29,2018-08-30 02:15:00,1.286719,2.6197743,2.2057164,2.5863228
2018-08-29,2018-08-30 02:30:00,1.1953120000000002,2.7707608,2.3495564,2.7746515
2018-08-29,2018-08-30 02:45:00,1.223437,2.927873,2.4016516,2.8763802
2018-08-29,2018-08-30 03:00:00,1.821094,3.0663025,2.5158114,3.0105484
2018-08-29,2018-08-30 03:15:00,1.409766,3.2053938,2.59125,3.0354004
2018-08-29,2018-08-30 03:30:00,0.959766,3.2101877,2.7064354,3.086467
2018-08-29,2018-08-30 03:45:00,1.001953,3.3720334,2.7988472,3.118977
2018-08-29,2018-08-30 04:00:00,0.998438,3.3790433,2.8787308,3.088101
2018-08-29,2018-08-30 04:15:00,1.255078,3.477945,2.9184697,3.0979402
2018-08-29,2018-08-30 04:30:00,1.891406,3.4850717,2.9252074,3.103951
2018-08-29,2018-08-30 04:45:00,1.318359,3.4833772,2.965589,3.0963511
2018-08-29,2018-08-30 05:00:00,1.244531,3.5501919,2.9217134,3.0050037
2018-08-29,2018-08-30 05:15:00,1.332422,3.559878,2.8827598,3.080702
2018-08-29,2018-08-30 05:30:00,1.230469,3.6345534,2.9405684,3.0515234
2018-08-29,2018-08-30 05:45:00,0.938672,3.5625644,2.8136427,3.006283
2018-08-29,2018-08-30 06:00:00,0.977344,3.571438,2.7820022,2.9487228
2018-08-29,2018-08-30 06:15:00,1.286719,3.541178,2.7253067,2.870199
2018-08-29,2018-08-30 06:30:00,1.167187,3.4782772,2.6233666,2.7588174
2018-08-29,2018-08-30 06:45:00,1.163672,3.3711302,2.538227,2.6523256
2018-08-29,2018-08-30 07:00:00,0.935156,3.2971706,2.3894703,2.5659213
2018-08-29,2018-08-30 07:15:00,0.892969,3.0954928,2.238627,2.4224567
2018-08-29,2018-08-30 07:30:00,1.005469,2.9750452,2.0879495,2.2572
2018-08-29,2018-08-30 07:45:00,1.849219,2.7129252,1.9297976,2.055552
2018-08-29,2018-08-30 08:00:00,1.089844,2.4378033,1.7500601,1.8635241
2018-08-29,2018-08-30 08:15:00,1.494141,2.2664506,1.5796402,1.6339246
2018-08-29,2018-08-30 08:30:00,0.963281,1.9864287,1.3460722,1.4075786
2018-08-29,2018-08-30 08:45:00,0.537891,1.7446706,1.1928964,1.1895314
2018-08-29,2018-08-30 09:00:00,0.249609,1.4334046,1.0227982,0.97790426
2018-08-29,2018-08-30 09:15:00,0.161719,1.1890637,0.78630835,0.8083586
2018-08-29,2018-08-30 09:30:00,0.0421879999999999,0.9036628,0.640874,0.5969419
2018-08-29,2018-08-30 09:45:00,0.052734,0.686065,0.53101397,0.44290727
2018-08-29,2018-08-30 10:00:00,0.0105469999999999,0.45699695,0.39604127,0.27943304
2018-08-29,2018-08-30 10:15:00,0.0,0.34732613,0.3070112,0.13496225
2018-08-29,2018-08-30 10:30:00,0.0,0.17380734,0.24657492,0.0798411
2018-08-29,2018-08-30 10:45:00,0.0,0.11695713,0.17371792,-0.0015910094
2018-08-29,2018-08-30 11:00:00,0.0,0.049622416,0.114696525,-0.06161999
2018-08-29,2018-08-30 11:15:00,0.0,-0.002152181,0.085004605,-0.06365008
2018-08-29,2018-08-30 11:30:00,0.0,-0.02448522,0.09963765,-0.09775019
2018-08-29,2018-08-30 11:45:00,0.0,-0.005284264,0.10112761,-0.09709793
2018-08-29,2018-08-30 12:00:00,0.0,-0.009351768,0.07883506,-0.08276767
2018-08-29,2018-08-30 12:15:00,0.0,0.00094122166,0.052197106,-0.08836267
2018-08-29,2018-08-30 12:30:00,0.0,0.036202982,0.097873166,-0.012218681
2018-08-29,2018-08-30 12:45:00,0.0,0.012336698,0.082035184,-0.025001856
2018-08-29,2018-08-30 13:00:00,0.0,-0.029524889,0.103299014,-0.00018281871
2018-08-29,2018-08-30 13:15:00,0.0,0.011440371,0.10087924,0.008521115
2018-08-29,2018-08-30 13:30:00,0.0,-0.012962959,0.048364732,0.024743084
2018-08-29,2018-08-30 13:45:00,0.0,0.012942878,0.024598628,0.011557937
2018-08-29,2018-08-30 14:00:00,0.0,0.0020026423,0.031373054,0.022568334
2018-08-29,2018-08-30 14:15:00,0.0,-0.04299506,0.013034005,0.03921686
2018-08-29,2018-08-30 14:30:00,0.0,-0.04031032,0.041332852,0.017034886
2018-08-29,2018-08-30 14:45:00,0.0,-0.027049763,0.019975385,0.0538925
2018-08-29,2018-08-30 15:00:00,0.0,-0.02859416,-0.002645774,0.026733505
2018-08-29,2018-08-30 15:15:00,0.0,-0.0059587522,0.01914816,0.017870085
2018-08-29,2018-08-30 15:30:00,0.0,0.012665816,-0.0015167467,0.031817865
2018-08-29,2018-08-30 15:45:00,0.0,-0.0030947193,0.019867614,0.029455716
2018-08-29,2018-08-30 16:00:00,0.0,0.043225173,0.02007254,0.02840273
2018-08-29,2018-08-30 16:15:00,0.0,0.05327042,0.0050635156,0.052994344
2018-08-29,2018-08-30 16:30:00,0.0,0.06870683,0.013727126,0.05716109
2018-08-29,2018-08-30 16:45:00,0.0,0.042930085,-0.024966087,0.059280608
2018-08-29,2018-08-30 17:00:00,0.0,0.0715877,0.03962752,0.040011518
2018-08-29,2018-08-30 17:15:00,0.0,0.032960124,0.031459715,0.067995496
2018-08-29,2018-08-30 17:30:00,0.0,0.028565973,0.004441422,0.07483398
2018-08-29,2018-08-30 17:45:00,0.0,0.037703555,-0.0067154476,0.08800858
2018-08-29,2018-08-30 18:00:00,0.0,-0.004541838,-0.016503558,0.0986134
2018-08-29,2018-08-30 18:15:00,0.0,-0.00293765,-0.016886622,0.10370832
2018-08-29,2018-08-30 18:30:00,0.0,-0.011110678,-0.018580908,0.083007745
2018-08-29,2018-08-30 18:45:00,0.0,-0.03944584,-0.0362794,0.08634628
2018-08-29,2018-08-30 19:00:00,0.0,-0.023651317,-0.011340851,0.07042812
2018-08-29,2018-08-30 19:15:00,0.0,-0.07628336,-0.019672204,0.0962092
2018-08-29,2018-08-30 19:30:00,0.0,-0.045474753,-0.017037848,0.08056143
2018-08-29,2018-08-30 19:45:00,0.0,-0.043614365,-0.004441206,0.08564111
2018-08-29,2018-08-30 20:00:00,0.0,-0.038436268,-0.012469572,0.05963459
2018-08-29,2018-08-30 20:15:00,0.0,-0.03594057,-0.014530426,0.037746616
2018-08-29,2018-08-30 20:30:00,0.0,-0.029585337,-0.00035118352,0.033845495
2018-08-29,2018-08-30 20:45:00,0.0,-0.03808168,0.0016720953,0.010073624
2018-08-29,2018-08-30 21:00:00,0.0,-0.07310296,0.0118040135,-0.023140512
2018-08-29,2018-08-30 21:15:00,0.0,-0.0402432,0.00055579114,-0.042531323
2018-08-29,2018-08-30 21:30:00,0.0,-0.010297597,0.01508303,-0.0568516
2018-08-29,2018-08-30 21:45:00,0.0,-0.0015060863,0.021266313,-0.050792113
2018-08-29,2018-08-30 22:00:00,0.0,0.02983668,0.046638492,-0.018629609
2018-08-29,2018-08-30 22:15:00,0.0,0.12170626,0.12528297,-0.05033211
2018-08-29,2018-08-30 22:30:00,0.024609,0.22835523,0.17641233,-0.042378984
2018-08-29,2018-08-30 22:45:00,0.077344,0.23928963,0.25887716,0.048478737
2018-08-29,2018-08-30 23:00:00,0.2636719999999999,0.35526,0.29932347,0.07109528
2018-08-29,2018-08-30 23:15:00,0.239063,0.47401774,0.369055,0.13977303
2018-08-29,2018-08-30 23:30:00,0.291797,0.60670376,0.4615123,0.25507888
2018-08-29,2018-08-30 23:45:00,0.309375,0.7577508,0.57897025,0.3620292
2018-08-30,2018-08-31 00:00:00,0.4113279999999999,1.146266,1.1270258,1.1698056
2018-08-30,2018-08-31 00:15:00,0.573047,1.3736708,1.3221527,1.359399
2018-08-30,2018-08-31 00:30:00,0.537891,1.6461139,1.6315087,1.6331422
2018-08-30,2018-08-31 00:45:00,0.481641,1.9228444,1.8490665,1.8572215
2018-08-30,2018-08-31 01:00:00,1.128516,2.2098024,2.0706978,2.163821
2018-08-30,2018-08-31 01:15:00,1.191797,2.442548,2.4008274,2.3827999
2018-08-30,2018-08-31 01:30:00,1.276172,2.636676,2.5562935,2.666102
2018-08-30,2018-08-31 01:45:00,0.569531,2.8424246,2.7329493,2.86286
2018-08-30,2018-08-31 02:00:00,0.467578,3.022097,2.88179,3.070813
2018-08-30,2018-08-31 02:15:00,0.485156,3.1865995,3.0436575,3.2117767
2018-08-30,2018-08-31 02:30:00,0.966797,3.2669544,3.1670592,3.3900232
2018-08-30,2018-08-31 02:45:00,1.817578,3.3814049,3.213161,3.4665484
2018-08-30,2018-08-31 03:00:00,2.091797,3.4814363,3.3158813,3.607275
2018-08-30,2018-08-31 03:15:00,1.7226560000000002,3.567488,3.3539133,3.6041996
2018-08-30,2018-08-31 03:30:00,1.093359,3.544293,3.4546099,3.636967
2018-08-30,2018-08-31 03:45:00,1.146094,3.642046,3.5571399,3.6498635
2018-08-30,2018-08-31 04:00:00,1.364062,3.6153796,3.630125,3.6001241
2018-08-30,2018-08-31 04:15:00,1.374609,3.6886084,3.6645255,3.601881
2018-08-30,2018-08-31 04:30:00,1.132031,3.6811137,3.6296422,3.6232443
2018-08-30,2018-08-31 04:45:00,0.580078,3.6586833,3.6589668,3.584675
2018-08-30,2018-08-31 05:00:00,0.7875,3.6965034,3.6100488,3.454645
2018-08-30,2018-08-31 05:15:00,0.710156,3.674455,3.5493214,3.5304677
2018-08-30,2018-08-31 05:30:00,0.555469,3.7057395,3.5725605,3.4786947
2018-08-30,2018-08-31 05:45:00,0.632812,3.6489677,3.4215443,3.415798
2018-08-30,2018-08-31 06:00:00,1.110937,3.6239989,3.3744454,3.3321326
2018-08-30,2018-08-31 06:15:00,1.082812,3.599871,3.3085823,3.2015395
2018-08-30,2018-08-31 06:30:00,0.921094,3.5366786,3.2207289,3.0638025
2018-08-30,2018-08-31 06:45:00,0.840234,3.4651103,3.0648494,2.902603
2018-08-30,2018-08-31 07:00:00,0.639844,3.3970022,2.8932922,2.7741954
2018-08-30,2018-08-31 07:15:00,0.762891,3.2145324,2.7172205,2.5796347
2018-08-30,2018-08-31 07:30:00,0.878906,3.1377835,2.5076506,2.37613
2018-08-30,2018-08-31 07:45:00,0.629297,2.8893166,2.299049,2.1130989
2018-08-30,2018-08-31 08:00:00,0.446484,2.6084437,2.105371,1.8974841
2018-08-30,2018-08-31 08:15:00,0.362109,2.4337285,1.8753277,1.6242901
2018-08-30,2018-08-31 08:30:00,0.379687,2.1353595,1.5963966,1.3707783
2018-08-30,2018-08-31 08:45:00,0.428906,1.8971887,1.4222894,1.1301075
2018-08-30,2018-08-31 09:00:00,0.302344,1.5606683,1.2517012,0.9067519
2018-08-30,2018-08-31 09:15:00,0.214453,1.3112197,0.9621188,0.74717593
2018-08-30,2018-08-31 09:30:00,0.189844,1.0368645,0.7742326,0.52806336
2018-08-30,2018-08-31 09:45:00,0.049219,0.7987614,0.6059914,0.38623312
2018-08-30,2018-08-31 10:00:00,0.049219,0.54943097,0.43437937,0.2392258
2018-08-30,2018-08-31 10:15:00,0.0105469999999999,0.40772313,0.32031757,0.11999123
2018-08-30,2018-08-31 10:30:00,0.0,0.23549818,0.23695672,0.090546764
2018-08-30,2018-08-31 10:45:00,0.0,0.17275399,0.17661402,0.020321837
2018-08-30,2018-08-31 11:00:00,0.0,0.095678866,0.058847465,-0.02567621
2018-08-30,2018-08-31 11:15:00,0.0,0.026407804,0.063431524,-0.0074439757
2018-08-30,2018-08-31 11:30:00,0.0,-0.015427406,0.034384526,-0.0282805
2018-08-30,2018-08-31 11:45:00,0.0,0.0017891154,0.051348943,-0.033515193
2018-08-30,2018-08-31 12:00:00,0.0,-0.04675863,0.016250314,-0.023593357
2018-08-30,2018-08-31 12:15:00,0.0,-0.022046428,0.0029846022,-0.026450539
2018-08-30,2018-08-31 12:30:00,0.0,0.006987788,0.04554152,0.037864737
2018-08-30,2018-08-31 12:45:00,0.0,-0.017550185,0.05789011,0.020516712
2018-08-30,2018-08-31 13:00:00,0.0,-0.054070227,0.06409461,0.026276454
2018-08-30,2018-08-31 13:15:00,0.0,-0.01916392,0.08084485,0.024629151
2018-08-30,2018-08-31 13:30:00,0.0,-0.03802621,0.022507159,0.024464572
2018-08-30,2018-08-31 13:45:00,0.0,-0.025132589,0.0013041637,-0.016419305
2018-08-30,2018-08-31 14:00:00,0.0,-0.023881508,0.005700948,-0.014946631
2018-08-30,2018-08-31 14:15:00,0.0,-0.052875027,0.010715087,-0.011726919
2018-08-30,2018-08-31 14:30:00,0.0,-0.05946107,0.05071211,-0.04678151
2018-08-30,2018-08-31 14:45:00,0.0,-0.056983434,0.015003676,-0.00044067428
2018-08-30,2018-08-31 15:00:00,0.0,-0.02893661,-0.02847791,-0.042041536
2018-08-30,2018-08-31 15:15:00,0.0,-0.008592017,-0.00054641924,-0.047165807
2018-08-30,2018-08-31 15:30:00,0.0,0.0018341333,-0.024959207,-0.025826788
2018-08-30,2018-08-31 15:45:00,0.0,-0.018753326,-0.03264508,-0.02465632
2018-08-30,2018-08-31 16:00:00,0.0,0.0044824583,-0.022473447,-0.028674444
2018-08-30,2018-08-31 16:15:00,0.0,0.001162855,-0.04953557,0.009823901
2018-08-30,2018-08-31 16:30:00,0.0,0.008161219,-0.045055635,0.027629051
2018-08-30,2018-08-31 16:45:00,0.0,0.009027588,-0.06576877,0.035116233
2018-08-30,2018-08-31 17:00:00,0.0,0.026923103,-0.023847539,0.031584255
2018-08-30,2018-08-31 17:15:00,0.0,0.006185735,-0.016531467,0.06674136
2018-08-30,2018-08-31 17:30:00,0.0,0.016560407,-0.04639785,0.0874044
2018-08-30,2018-08-31 17:45:00,0.0,0.010574824,-0.033782165,0.10855088
2018-08-30,2018-08-31 18:00:00,0.0,-0.0011899727,-0.06363773,0.12975764
2018-08-30,2018-08-31 18:15:00,0.0,-0.014938113,-0.019091208,0.14542972
2018-08-30,2018-08-31 18:30:00,0.0,-0.0026233883,-0.05101847,0.14076923
2018-08-30,2018-08-31 18:45:00,0.0,-0.035450514,-0.0496769,0.15556355
2018-08-30,2018-08-31 19:00:00,0.0,-0.043262783,-0.055776898,0.14700761
2018-08-30,2018-08-31 19:15:00,0.0,-0.055315915,-0.0471576,0.19600779
2018-08-30,2018-08-31 19:30:00,0.0,-0.05661465,-0.094368696,0.17889619
2018-08-30,2018-08-31 19:45:00,0.0,-0.073686466,-0.10619107,0.19049293
2018-08-30,2018-08-31 20:00:00,0.0,-0.062600315,-0.094378404,0.14210895
2018-08-30,2018-08-31 20:15:00,0.0,-0.047258973,-0.14707185,0.11471326
2018-08-30,2018-08-31 20:30:00,0.0,-0.0455745,-0.13025954,0.095734775
2018-08-30,2018-08-31 20:45:00,0.0,-0.0945379,-0.16973136,0.05429787
2018-08-30,2018-08-31 21:00:00,0.0,-0.11730988,-0.14760594,-0.006870284
2018-08-30,2018-08-31 21:15:00,0.0,-0.11210837,-0.1954896,-0.038205653
2018-08-30,2018-08-31 21:30:00,0.0,-0.06822061,-0.1688488,-0.05862473
2018-08-30,2018-08-31 21:45:00,0.0,-0.034796685,-0.17295803,-0.074033454
2018-08-30,2018-08-31 22:00:00,0.0,0.042877126,-0.0968922,-0.04745206
2018-08-30,2018-08-31 22:15:00,0.0,0.14685991,-0.013892268,-0.09306121
2018-08-30,2018-08-31 22:30:00,0.0,0.28684554,0.07621667,-0.059371877
2018-08-30,2018-08-31 22:45:00,0.052734,0.38264295,0.20273717,0.0743202
2018-08-30,2018-08-31 23:00:00,0.070312,0.5506122,0.2834438,0.12067752
2018-08-30,2018-08-31 23:15:00,0.253125,0.721176,0.42181888,0.21004522
2018-08-30,2018-08-31 23:30:00,0.457031,0.90080637,0.5586359,0.3739887
2018-08-30,2018-08-31 23:45:00,0.7910159999999999,1.1048418,0.7199241,0.51133025
2018-08-31,2018-09-01 00:00:00,0.727734,0.44165972,0.45720163,0.6903341
2018-08-31,2018-09-01 00:15:00,0.534375,0.54205614,0.5175225,0.7558455
2018-08-31,2018-09-01 00:30:00,2.819531,0.64065087,0.64060205,0.84622365
2018-08-31,2018-09-01 00:45:00,2.102344,0.78183866,0.7290773,0.9238662
2018-08-31,2018-09-01 01:00:00,1.402734,0.8856594,0.8368432,1.0466727
2018-08-31,2018-09-01 01:15:00,2.844141,0.98398757,0.95080733,1.0945942
2018-08-31,2018-09-01 01:30:00,3.3609370000000003,1.0802885,1.0419064,1.1887947
2018-08-31,2018-09-01 01:45:00,4.000781,1.1657861,1.1027005,1.27621
2018-08-31,2018-09-01 02:00:00,2.647266,1.2195854,1.1848025,1.3216563
2018-08-31,2018-09-01 02:15:00,2.141016,1.2985305,1.2256019,1.3619207
2018-08-31,2018-09-01 02:30:00,2.186719,1.3651469,1.3071581,1.4058442
2018-08-31,2018-09-01 02:45:00,2.464453,1.4224076,1.3149462,1.4513125
2018-08-31,2018-09-01 03:00:00,3.638672,1.497299,1.3616623,1.4400451
2018-08-31,2018-09-01 03:15:00,3.6,1.5552323,1.4081459,1.4292127
2018-08-31,2018-09-01 03:30:00,2.925,1.5499139,1.4568292,1.3964424
2018-08-31,2018-09-01 03:45:00,1.863281,1.5971328,1.5013684,1.3946644
2018-08-31,2018-09-01 04:00:00,4.447266,1.5947182,1.5613574,1.3335946
2018-08-31,2018-09-01 04:15:00,4.078125,1.6493341,1.555804,1.2859304
2018-08-31,2018-09-01 04:30:00,2.446875,1.5943347,1.5438056,1.2375016
2018-08-31,2018-09-01 04:45:00,2.696484,1.60074,1.5867033,1.1926532
2018-08-31,2018-09-01 05:00:00,2.559375,1.585959,1.5353547,1.1041802
2018-08-31,2018-09-01 05:15:00,3.491015,1.554885,1.5207213,1.0759981
2018-08-31,2018-09-01 05:30:00,2.436328,1.5354959,1.533604,1.0500377
2018-08-31,2018-09-01 05:45:00,2.320312,1.4764541,1.4716066,0.9839421
2018-08-31,2018-09-01 06:00:00,2.8230470000000003,1.3888946,1.4242578,0.92460746
2018-08-31,2018-09-01 06:15:00,2.4011720000000003,1.3436148,1.3854061,0.83446145
2018-08-31,2018-09-01 06:30:00,1.18125,1.2684588,1.3180499,0.7677846
2018-08-31,2018-09-01 06:45:00,0.513281,1.1903267,1.2553835,0.684538
2018-08-31,2018-09-01 07:00:00,0.119531,1.1033127,1.1612794,0.5821277
2018-08-31,2018-09-01 07:15:00,0.203906,0.9910899,1.0544549,0.50349784
2018-08-31,2018-09-01 07:30:00,0.365625,0.91094774,0.9908411,0.43750778
2018-08-31,2018-09-01 07:45:00,0.664453,0.7985645,0.88110036,0.3589529
2018-08-31,2018-09-01 08:00:00,0.372656,0.679079,0.7718442,0.2784608
2018-08-31,2018-09-01 08:15:00,0.365625,0.6163121,0.6756863,0.22388434
2018-08-31,2018-09-01 08:30:00,0.246094,0.5356998,0.57011485,0.16156138
2018-08-31,2018-09-01 08:45:00,0.446484,0.4923944,0.48500317,0.11103528
2018-08-31,2018-09-01 09:00:00,0.348047,0.3871989,0.40313014,0.066665486
2018-08-31,2018-09-01 09:15:00,0.217969,0.32308334,0.27662945,0.05686429
2018-08-31,2018-09-01 09:30:00,0.316406,0.2450907,0.22195816,0.030917177
2018-08-31,2018-09-01 09:45:00,0.16875,0.19104396,0.14019577,0.009581481
2018-08-31,2018-09-01 10:00:00,0.130078,0.11984215,0.06837778,0.013554209
2018-08-31,2018-09-01 10:15:00,0.007031,0.08131772,0.056189634,-0.015453844
2018-08-31,2018-09-01 10:30:00,0.024609,0.06617687,0.005126074,0.008205074
2018-08-31,2018-09-01 10:45:00,0.0,0.05784282,0.0020174356,-0.0019624182
2018-08-31,2018-09-01 11:00:00,0.0,0.08772391,-0.0269015,0.012228402
2018-08-31,2018-09-01 11:15:00,0.0,0.064537734,-0.02642642,0.018807001
2018-08-31,2018-09-01 11:30:00,0.0,0.041700155,-0.047912844,0.03925456
2018-08-31,2018-09-01 11:45:00,0.0,0.058975685,-0.019738536,0.028797884
2018-08-31,2018-09-01 12:00:00,0.0,0.0690019,-0.030010864,0.028295524
2018-08-31,2018-09-01 12:15:00,0.0,0.10303688,-0.02380431,0.022435265
2018-08-31,2018-09-01 12:30:00,0.0,0.10471403,-0.0011388029,0.032971
2018-08-31,2018-09-01 12:45:00,0.0,0.09061871,-0.027815357,0.028038872
2018-08-31,2018-09-01 13:00:00,0.0,0.09453659,0.0030460185,0.025596585
2018-08-31,2018-09-01 13:15:00,0.0,0.10760904,0.011265485,0.011045014
2018-08-31,2018-09-01 13:30:00,0.0,0.10787891,-0.009475968,-0.015388067
2018-08-31,2018-09-01 13:45:00,0.0,0.099777356,-0.010900814,-0.038389686
2018-08-31,2018-09-01 14:00:00,0.0,0.09409406,-0.023057852,-0.028309628
2018-08-31,2018-09-01 14:15:00,0.0,0.075868726,-0.016288845,-0.029417899
2018-08-31,2018-09-01 14:30:00,0.0,0.07048678,-0.004442049,-0.036308162
2018-08-31,2018-09-01 14:45:00,0.0,0.080284685,-0.010650325,-0.01522071
2018-08-31,2018-09-01 15:00:00,0.0,0.07417068,-0.04212894,-0.016056444
2018-08-31,2018-09-01 15:15:00,0.0,0.08448548,-0.007431075,0.013235783
2018-08-31,2018-09-01 15:30:00,0.0,0.07886785,-0.016588064,0.027310098
2018-08-31,2018-09-01 15:45:00,0.0,0.08201772,-0.020368584,0.05861052
2018-08-31,2018-09-01 16:00:00,0.0,0.085181914,-0.0040648384,0.11858386
2018-08-31,2018-09-01 16:15:00,0.0,0.078660026,-0.025007164,0.1389139
2018-08-31,2018-09-01 16:30:00,0.0,0.06789606,-0.02989399,0.15303011
2018-08-31,2018-09-01 16:45:00,0.0,0.0574009,-0.04544918,0.18496084
2018-08-31,2018-09-01 17:00:00,0.0,0.0644728,0.00857782,0.1944874
2018-08-31,2018-09-01 17:15:00,0.0,0.036860064,0.015965667,0.21940632
2018-08-31,2018-09-01 17:30:00,0.0,0.0158151,0.016088407,0.17678478
2018-08-31,2018-09-01 17:45:00,0.0,0.019790428,-0.008218849,0.19897318
2018-08-31,2018-09-01 18:00:00,0.0,-0.017694827,-0.019686513,0.16479293
2018-08-31,2018-09-01 18:15:00,0.0,0.007899258,0.002032157,0.13955972
2018-08-31,2018-09-01 18:30:00,0.0,0.0002703137,0.0027911153,0.07462131
2018-08-31,2018-09-01 18:45:00,0.0,0.008032008,0.0007539896,0.038873576
2018-08-31,2018-09-01 19:00:00,0.0,0.033677366,-0.015331691,-0.0052652066
2018-08-31,2018-09-01 19:15:00,0.0,0.03565573,-0.022834573,-0.03141834
2018-08-31,2018-09-01 19:30:00,0.0,0.037133053,-0.021464322,-0.056068774
2018-08-31,2018-09-01 19:45:00,0.0,0.054932892,-0.023200642,-0.07576273
2018-08-31,2018-09-01 20:00:00,0.0,0.054448187,-0.021756323,-0.09596596
2018-08-31,2018-09-01 20:15:00,0.0,0.059803233,-0.0586323,-0.0966987
2018-08-31,2018-09-01 20:30:00,0.0,0.05678254,-0.049970083,-0.066423036
2018-08-31,2018-09-01 20:45:00,0.0,0.07448926,-0.039841454,-0.08872667
2018-08-31,2018-09-01 21:00:00,0.0,0.057489127,-0.036606867,-0.07286135
2018-08-31,2018-09-01 21:15:00,0.0,0.07794598,-0.06521805,-0.059847478
2018-08-31,2018-09-01 21:30:00,0.0,0.1107131,-0.033839375,-0.04869787
2018-08-31,2018-09-01 21:45:00,0.0,0.14202496,-0.01885744,0.00013062007
2018-08-31,2018-09-01 22:00:00,0.0,0.17519034,0.014756863,0.039398618
2018-08-31,2018-09-01 22:15:00,0.0,0.22796127,0.06594103,0.06125977
2018-08-31,2018-09-01 22:30:00,0.0632809999999999,0.30704555,0.11854355,0.11200308
2018-08-31,2018-09-01 22:45:00,0.0,0.34191713,0.18368813,0.2235172
2018-08-31,2018-09-01 23:00:00,0.098438,0.42847484,0.2134279,0.28507036
2018-08-31,2018-09-01 23:15:00,0.098438,0.5123314,0.28719366,0.39554346
2018-08-31,2018-09-01 23:30:00,0.105469,0.5935221,0.36508003,0.49042466
2018-08-31,2018-09-01 23:45:00,0.39375,0.6740739,0.4317617,0.56650543
2018-11-24,2018-11-25 00:00:00,0.274219,0.16883442,0.23646834,0.28373918
2018-11-24,2018-11-25 00:15:00,0.481641,0.2033417,0.29136387,0.40350333
2018-11-24,2018-11-25 00:30:00,0.706641,0.25958154,0.41180182,0.5510495
2018-11-24,2018-11-25 00:45:00,0.921094,0.3239366,0.4789231,0.70760345
2018-11-24,2018-11-25 01:00:00,1.103906,0.38287458,0.5869598,0.8641494
2018-11-24,2018-11-25 01:15:00,1.255078,0.4509973,0.70423096,1.0194525
2018-11-24,2018-11-25 01:30:00,1.483594,0.53543353,0.7765306,1.2088045
2018-11-24,2018-11-25 01:45:00,1.6875,0.64146465,0.87308115,1.3782487
2018-11-24,2018-11-25 02:00:00,1.877344,0.72217524,0.96351206,1.5517504
2018-11-24,2018-11-25 02:15:00,2.11289,0.8239143,1.0120612,1.6719139
2018-11-24,2018-11-25 02:30:00,2.316797,0.89123803,1.112187,1.835239
2018-11-24,2018-11-25 02:45:00,2.499609,0.9707077,1.153367,1.9444597
2018-11-24,2018-11-25 03:00:00,2.5875,1.0551956,1.1996425,2.0671554
2018-11-24,2018-11-25 03:15:00,2.636719,1.0946445,1.2484884,2.097695
2018-11-24,2018-11-25 03:30:00,2.752734,1.1369916,1.318241,2.1798115
2018-11-24,2018-11-25 03:45:00,2.770312,1.1376027,1.3595349,2.1736913
2018-11-24,2018-11-25 04:00:00,2.7914060000000003,1.1871401,1.3887482,2.1471956
2018-11-24,2018-11-25 04:15:00,2.75625,1.2205302,1.3777237,2.130506
2018-11-24,2018-11-25 04:30:00,2.75625,1.1631925,1.378608,2.0836582
2018-11-24,2018-11-25 04:45:00,2.654297,1.1887088,1.3818837,2.0051198
2018-11-24,2018-11-25 05:00:00,2.559375,1.1317298,1.3231269,1.887508
2018-11-24,2018-11-25 05:15:00,2.4011720000000003,1.0652962,1.2640536,1.8392135
2018-11-24,2018-11-25 05:30:00,2.2289060000000003,1.0183012,1.2423388,1.7314162
2018-11-24,2018-11-25 05:45:00,2.116406,0.976323,1.1478183,1.5881313
2018-11-24,2018-11-25 06:00:00,2.003906,0.83654636,1.0860821,1.4599814
2018-11-24,2018-11-25 06:15:00,1.768359,0.77781326,0.9982347,1.2985961
2018-11-24,2018-11-25 06:30:00,1.606641,0.7119146,0.9171237,1.1245837
2018-11-24,2018-11-25 06:45:00,1.409766,0.65144193,0.80283856,0.9756121
2018-11-24,2018-11-25 07:00:00,1.184766,0.5290895,0.70790696,0.8485464
2018-11-24,2018-11-25 07:15:00,1.005469,0.4451734,0.5801152,0.6902803
2018-11-24,2018-11-25 07:30:00,0.7875,0.36322546,0.5231674,0.5330951
2018-11-24,2018-11-25 07:45:00,0.5976560000000001,0.30039743,0.42580572,0.38449478
2018-11-24,2018-11-25 08:00:00,0.418359,0.23912042,0.32611334,0.28690693
2018-11-24,2018-11-25 08:15:00,0.256641,0.1844709,0.25720128,0.179593
2018-11-24,2018-11-25 08:30:00,0.1371089999999999,0.19391577,0.18319425,0.10290919
2018-11-24,2018-11-25 08:45:00,0.028125,0.18422787,0.14084281,0.034366727
2018-11-24,2018-11-25 09:00:00,0.0,0.1881819,0.10366003,-0.030691175
2018-11-24,2018-11-25 09:15:00,0.0,0.19070971,0.035226494,-0.03711753
2018-11-24,2018-11-25 09:30:00,0.0,0.21207051,0.019356295,-0.060008854
2018-11-24,2018-11-25 09:45:00,0.0,0.20778546,0.020170117,-0.07071888
2018-11-24,2018-11-25 10:00:00,0.0,0.18354847,-0.0016977214,-0.07929073
2018-11-24,2018-11-25 10:15:00,0.0,0.1750862,0.011385252,-0.07721173
2018-11-24,2018-11-25 10:30:00,0.0,0.23377669,-0.008910373,-0.060628504
2018-11-24,2018-11-25 10:45:00,0.0,0.23148131,0.006451481,-0.060020246
2018-11-24,2018-11-25 11:00:00,0.0,0.2748424,-0.010621746,-0.034406994
2018-11-24,2018-11-25 11:15:00,0.0,0.24798189,0.012790943,-0.01187547
2018-11-24,2018-11-25 11:30:00,0.0,0.22990055,0.01541825,-0.009688574
2018-11-24,2018-11-25 11:45:00,0.0,0.25325927,0.027558457,-0.008877103
2018-11-24,2018-11-25 12:00:00,0.0,0.24181284,0.01384199,-0.006442603
2018-11-24,2018-11-25 12:15:00,0.0,0.27452376,0.004374625,-0.013141488
2018-11-24,2018-11-25 12:30:00,0.0,0.2369266,0.005970439,0.012633749
2018-11-24,2018-11-25 12:45:00,0.0,0.24581413,0.005042632,-0.02384501
2018-11-24,2018-11-25 13:00:00,0.0,0.22469218,0.009617616,-0.009937073
2018-11-24,2018-11-25 13:15:00,0.0,0.2157327,-0.003970528,-0.026892962
2018-11-24,2018-11-25 13:30:00,0.0,0.23616892,-0.043153618,-0.030330932
2018-11-24,2018-11-25 13:45:00,0.0,0.19832776,-0.055456474,-0.0477996
2018-11-24,2018-11-25 14:00:00,0.0,0.17648436,-0.06200372,-0.038983624
2018-11-24,2018-11-25 14:15:00,0.0,0.14038177,-0.04956494,-0.028382875
2018-11-24,2018-11-25 14:30:00,0.0,0.1441541,-0.054567337,-0.04025353
2018-11-24,2018-11-25 14:45:00,0.0,0.14222984,-0.046108864,0.0012734248
2018-11-24,2018-11-25 15:00:00,0.0,0.14081812,-0.066023946,-0.011607275
2018-11-24,2018-11-25 15:15:00,0.0,0.13705692,-0.037378047,-0.018936401
2018-11-24,2018-11-25 15:30:00,0.0,0.10151635,-0.053295355,0.010259164
2018-11-24,2018-11-25 15:45:00,0.0,0.084554076,-0.040755272,0.03376635
2018-11-24,2018-11-25 16:00:00,0.0,0.061030053,-0.015381668,0.021843046
2018-11-24,2018-11-25 16:15:00,0.0,0.08491428,-0.021075476,0.051147472
2018-11-24,2018-11-25 16:30:00,0.0,0.061586585,-0.023655146,0.047819104
2018-11-24,2018-11-25 16:45:00,0.0,0.07103818,-0.038645044,0.051615946
2018-11-24,2018-11-25 17:00:00,0.0,0.071320266,0.0008984669,0.032660797
2018-11-24,2018-11-25 17:15:00,0.0,0.08872885,0.006630751,0.035896424
2018-11-24,2018-11-25 17:30:00,0.0,0.08864326,-0.009049686,0.044480067
2018-11-24,2018-11-25 17:45:00,0.0,0.03979749,-0.016431382,0.052641112
2018-11-24,2018-11-25 18:00:00,0.0,0.030093497,-0.038746405,0.043324698
2018-11-24,2018-11-25 18:15:00,0.0,0.018836655,-0.033464763,0.036658525
2018-11-24,2018-11-25 18:30:00,0.0,0.028091308,-0.014905276,0.01149292
2018-11-24,2018-11-25 18:45:00,0.0,0.021226559,-0.010855055,-0.003554374
2018-11-24,2018-11-25 19:00:00,0.0,0.013317589,-0.030154873,-0.008576303
2018-11-24,2018-11-25 19:15:00,0.0,0.040568616,-0.039292496,0.004753127
2018-11-24,2018-11-25 19:30:00,0.0,0.02540389,-0.026972987,0.0107722
2018-11-24,2018-11-25 19:45:00,0.0,0.009109806,-0.009729276,0.031294644
2018-11-24,2018-11-25 20:00:00,0.0,0.0120977005,-0.013988538,-0.014214749
2018-11-24,2018-11-25 20:15:00,0.0,0.018926978,-0.030991353,-0.031893205
2018-11-24,2018-11-25 20:30:00,0.0,0.021758998,-0.0461603,-0.027978392
2018-11-24,2018-11-25 20:45:00,0.0,0.033209987,-0.024936536,-0.025296053
2018-11-24,2018-11-25 21:00:00,0.0,0.021346016,-0.028432524,-0.05599528
2018-11-24,2018-11-25 21:15:00,0.0,0.022450356,-0.03760209,-0.052682262
2018-11-24,2018-11-25 21:30:00,0.0,0.05343977,-0.016832706,-0.08456571
2018-11-24,2018-11-25 21:45:00,0.0,0.064128295,-0.031114481,-0.082191624
2018-11-24,2018-11-25 22:00:00,0.0,0.074548885,-0.015750412,-0.037197627
2018-11-24,2018-11-25 22:15:00,0.0,0.057556037,0.02176519,-0.09336993
2018-11-24,2018-11-25 22:30:00,0.0,0.06880457,0.040633734,-0.091087915
2018-11-24,2018-11-25 22:45:00,0.0,0.11309593,0.082594596,-0.013342124
2018-11-24,2018-11-25 23:00:00,0.0,0.11175416,0.0942786,-0.03148068
2018-11-24,2018-11-25 23:15:00,0.0,0.13399906,0.11812737,0.015562953
2018-11-24,2018-11-25 23:30:00,0.0,0.14521295,0.18083534,0.104110524
2018-11-24,2018-11-25 23:45:00,0.098438,0.19611368,0.23980005,0.13535976
2018-11-25,2018-11-26 00:00:00,0.225,0.2470515,0.19766258,0.33178905
2018-11-25,2018-11-26 00:15:00,0.355078,0.3056722,0.23216115,0.45604706
2018-11-25,2018-11-26 00:30:00,0.537891,0.4013617,0.31149337,0.614511
2018-11-25,2018-11-26 00:45:00,0.734766,0.5105034,0.35349196,0.79022384
2018-11-25,2018-11-26 01:00:00,1.177734,0.60760546,0.4344718,0.9709388
2018-11-25,2018-11-26 01:15:00,1.209375,0.72012174,0.5166174,1.1424401
2018-11-25,2018-11-26 01:30:00,1.167187,0.8365753,0.5895244,1.3645377
2018-11-25,2018-11-26 01:45:00,1.360547,0.9784248,0.6437258,1.5496562
2018-11-25,2018-11-26 02:00:00,1.483594,1.0952353,0.715999,1.7491591
2018-11-25,2018-11-26 02:15:00,1.233984,1.2354227,0.7642924,1.8882357
2018-11-25,2018-11-26 02:30:00,1.986328,1.331806,0.8440999,2.0586305
2018-11-25,2018-11-26 02:45:00,1.944141,1.4499223,0.8785981,2.1884546
2018-11-25,2018-11-26 03:00:00,2.010937,1.5734344,0.9013693,2.3441346
2018-11-25,2018-11-26 03:15:00,2.1199220000000003,1.6494137,0.93865836,2.3795562
2018-11-25,2018-11-26 03:30:00,2.130469,1.7261717,1.011254,2.489584
2018-11-25,2018-11-26 03:45:00,2.320312,1.7594122,1.0391189,2.4689693
2018-11-25,2018-11-26 04:00:00,2.278125,1.8341246,1.0645431,2.4604566
2018-11-25,2018-11-26 04:15:00,2.366016,1.8961334,1.0616251,2.434823
2018-11-25,2018-11-26 04:30:00,2.144531,1.8500417,1.059464,2.3897665
2018-11-25,2018-11-26 04:45:00,2.583984,1.8755189,1.057646,2.298755
2018-11-25,2018-11-26 05:00:00,2.467969,1.8223095,1.0075054,2.152663
2018-11-25,2018-11-26 05:15:00,2.334375,1.735673,0.96151316,2.0914068
2018-11-25,2018-11-26 05:30:00,1.982812,1.6704944,0.9463844,1.9535725
2018-11-25,2018-11-26 05:45:00,1.972266,1.5934433,0.8489738,1.7903126
2018-11-25,2018-11-26 06:00:00,1.7226560000000002,1.4110236,0.8183129,1.634647
2018-11-25,2018-11-26 06:15:00,1.666406,1.3078005,0.7445572,1.4310406
2018-11-25,2018-11-26 06:30:00,0.773438,1.1862086,0.67600054,1.2435607
2018-11-25,2018-11-26 06:45:00,0.970312,1.071311,0.5892988,1.0689774
2018-11-25,2018-11-26 07:00:00,0.61875,0.87892085,0.51654834,0.9158034
2018-11-25,2018-11-26 07:15:00,0.664453,0.72381395,0.41733342,0.739972
2018-11-25,2018-11-26 07:30:00,0.474609,0.58002037,0.37751454,0.5486631
2018-11-25,2018-11-26 07:45:00,0.333984,0.4491532,0.3035288,0.38215598
2018-11-25,2018-11-26 08:00:00,0.277734,0.32111663,0.23413093,0.26403895
2018-11-25,2018-11-26 08:15:00,0.1476559999999999,0.20940898,0.16863249,0.12993194
2018-11-25,2018-11-26 08:30:00,0.0632809999999999,0.1546359,0.13063395,0.045535136
2018-11-25,2018-11-26 08:45:00,0.0,0.11404702,0.09236434,-0.043511525
2018-11-25,2018-11-26 09:00:00,0.0,0.07463462,0.06823015,-0.12508003
2018-11-25,2018-11-26 09:15:00,0.0,0.054622438,0.016718714,-0.13652822
2018-11-25,2018-11-26 09:30:00,0.0,0.058960907,0.021391548,-0.16288012
2018-11-25,2018-11-26 09:45:00,0.0,0.03483716,0.008807971,-0.17224205
2018-11-25,2018-11-26 10:00:00,0.0,0.0048501226,0.0024838492,-0.16287671
2018-11-25,2018-11-26 10:15:00,0.0,-0.0017681288,0.006963468,-0.15563567
2018-11-25,2018-11-26 10:30:00,0.0,0.063079186,0.0025230031,-0.13052058
2018-11-25,2018-11-26 10:45:00,0.0,0.07218255,0.020516187,-0.11740038
2018-11-25,2018-11-26 11:00:00,0.0,0.120328315,0.0036160166,-0.08031019
2018-11-25,2018-11-26 11:15:00,0.0,0.10718463,0.028569387,-0.04487265
2018-11-25,2018-11-26 11:30:00,0.0,0.09670842,0.022434885,-0.028685292
2018-11-25,2018-11-26 11:45:00,0.0,0.11941339,0.020008069,-0.021879237
2018-11-25,2018-11-26 12:00:00,0.0,0.0992213,0.010442844,-0.010051377
2018-11-25,2018-11-26 12:15:00,0.0,0.14272855,0.0118314605,-0.010374805
2018-11-25,2018-11-26 12:30:00,0.0,0.11243766,0.012929072,0.0126358485
2018-11-25,2018-11-26 12:45:00,0.0,0.11012758,0.0028970353,-0.021565346
2018-11-25,2018-11-26 13:00:00,0.0,0.08796684,0.0062811207,-0.015786141
2018-11-25,2018-11-26 13:15:00,0.0,0.094986476,0.0005635427,-0.01995478
2018-11-25,2018-11-26 13:30:00,0.0,0.1134463,-0.031164177,-0.039785266
2018-11-25,2018-11-26 13:45:00,0.0,0.089753136,-0.033000696,-0.050831854
2018-11-25,2018-11-26 14:00:00,0.0,0.08228089,-0.044269186,-0.041036367
2018-11-25,2018-11-26 14:15:00,0.0,0.048646875,-0.046238795,-0.03906035
2018-11-25,2018-11-26 14:30:00,0.0,0.06104604,-0.042374417,-0.039801314
2018-11-25,2018-11-26 14:45:00,0.0,0.06621599,-0.041064505,0.0025681036
2018-11-25,2018-11-26 15:00:00,0.0,0.067747384,-0.06339924,-0.00411071
2018-11-25,2018-11-26 15:15:00,0.0,0.07842352,-0.037297722,0.0010488492
2018-11-25,2018-11-26 15:30:00,0.0,0.05270228,-0.057490956,0.03332609
2018-11-25,2018-11-26 15:45:00,0.0,0.044440985,-0.028063716,0.060672708
2018-11-25,2018-11-26 16:00:00,0.0,0.027421346,-0.011464527,0.05746433
2018-11-25,2018-11-26 16:15:00,0.0,0.055548765,-0.03071338,0.08166201
2018-11-25,2018-11-26 16:30:00,0.0,0.04309592,-0.020055257,0.07895609
2018-11-25,2018-11-26 16:45:00,0.0,0.058905587,-0.041845355,0.07827184
2018-11-25,2018-11-26 17:00:00,0.0,0.057684176,0.012200225,0.07131924
2018-11-25,2018-11-26 17:15:00,0.0,0.07403748,0.01070601,0.05982531
2018-11-25,2018-11-26 17:30:00,0.0,0.06382176,0.0003962838,0.06493145
2018-11-25,2018-11-26 17:45:00,0.0,0.018919079,-0.024465302,0.06398093
2018-11-25,2018-11-26 18:00:00,0.0,0.00949789,-0.04948188,0.04691749
2018-11-25,2018-11-26 18:15:00,0.0,-0.003259854,-0.030562853,0.03429012
2018-11-25,2018-11-26 18:30:00,0.0,0.010652145,-0.021233637,0.011230358
2018-11-25,2018-11-26 18:45:00,0.0,0.007984027,-0.017087515,-0.017935872
2018-11-25,2018-11-26 19:00:00,0.0,0.0034187748,-0.022743117,-0.018264953
2018-11-25,2018-11-26 19:15:00,0.0,0.042970084,-0.03768944,-0.0067593236
2018-11-25,2018-11-26 19:30:00,0.0,0.027783753,-0.019923454,0.0018909664
2018-11-25,2018-11-26 19:45:00,0.0,0.0014185605,-0.0021078007,0.025661498
2018-11-25,2018-11-26 20:00:00,0.0,0.013786245,-0.016489383,-0.019884083
2018-11-25,2018-11-26 20:15:00,0.0,0.019127132,-0.026337314,-0.049977217
2018-11-25,2018-11-26 20:30:00,0.0,0.022415709,-0.023410477,-0.053546987
2018-11-25,2018-11-26 20:45:00,0.0,0.032209672,-0.013009021,-0.04524793
2018-11-25,2018-11-26 21:00:00,0.0,0.021979272,-0.012676576,-0.06758344
2018-11-25,2018-11-26 21:15:00,0.0,0.016501274,-0.027926883,-0.053500053
2018-11-25,2018-11-26 21:30:00,0.0,0.05233831,0.008208232,-0.08335981
2018-11-25,2018-11-26 21:45:00,0.0,0.06652597,-0.0034682306,-0.08244988
2018-11-25,2018-11-26 22:00:00,0.0,0.079815045,-0.012624059,-0.03766049
2018-11-25,2018-11-26 22:15:00,0.0,0.060912263,0.010692678,-0.09081827
2018-11-25,2018-11-26 22:30:00,0.0,0.0714461,0.034322724,-0.07947564
2018-11-25,2018-11-26 22:45:00,0.0,0.11742342,0.059254743,-0.0075443094
2018-11-25,2018-11-26 23:00:00,0.0,0.12910287,0.06393567,-0.042450495
2018-11-25,2018-11-26 23:15:00,0.0,0.15508349,0.072566204,-0.002943946
2018-11-25,2018-11-26 23:30:00,0.0,0.1819244,0.10922963,0.07722329
2018-11-25,2018-11-26 23:45:00,0.0035159999999999,0.24766332,0.16018131,0.09947457
2018-11-26,2018-11-27 00:00:00,0.225,0.20532003,0.21420564,0.27828917
2018-11-26,2018-11-27 00:15:00,0.383203,0.26818496,0.28779238,0.39392638
2018-11-26,2018-11-27 00:30:00,0.502734,0.3717572,0.4078401,0.5500696
2018-11-26,2018-11-27 00:45:00,0.766406,0.49372292,0.4931979,0.725448
2018-11-26,2018-11-27 01:00:00,0.903516,0.6065516,0.60011166,0.90765023
2018-11-26,2018-11-27 01:15:00,1.321875,0.7341599,0.7344467,1.0838994
2018-11-26,2018-11-27 01:30:00,1.040625,0.8640578,0.82880443,1.3020753
2018-11-26,2018-11-27 01:45:00,1.469531,1.0192571,0.93311054,1.4873077
2018-11-26,2018-11-27 02:00:00,1.494141,1.1464057,1.033327,1.6865964
2018-11-26,2018-11-27 02:15:00,1.778906,1.299212,1.109923,1.8320459
2018-11-26,2018-11-27 02:30:00,1.835156,1.4027807,1.2181993,2.000878
2018-11-26,2018-11-27 02:45:00,2.0882810000000003,1.5340983,1.2715381,2.1310625
2018-11-26,2018-11-27 03:00:00,2.046094,1.669619,1.3280877,2.2900562
2018-11-26,2018-11-27 03:15:00,2.165625,1.7527872,1.3754816,2.3326478
2018-11-26,2018-11-27 03:30:00,2.239453,1.842878,1.4598682,2.4393294
2018-11-26,2018-11-27 03:45:00,2.334375,1.8786072,1.5052608,2.431115
2018-11-26,2018-11-27 04:00:00,2.411719,1.9598376,1.5388199,2.4280076
2018-11-26,2018-11-27 04:15:00,2.527734,2.0200646,1.5364414,2.4076257
2018-11-26,2018-11-27 04:30:00,2.517187,1.9694777,1.5291928,2.3736217
2018-11-26,2018-11-27 04:45:00,2.608594,1.9877247,1.528815,2.2940898
2018-11-26,2018-11-27 05:00:00,2.598047,1.9269557,1.4655584,2.1568015
2018-11-26,2018-11-27 05:15:00,2.520703,1.8334696,1.4040072,2.105157
2018-11-26,2018-11-27 05:30:00,2.1375,1.7712276,1.3658515,1.978287
2018-11-26,2018-11-27 05:45:00,1.835156,1.687563,1.2475227,1.8275244
2018-11-26,2018-11-27 06:00:00,1.6417970000000002,1.491778,1.1909931,1.6742108
2018-11-26,2018-11-27 06:15:00,1.473047,1.3799165,1.0966752,1.4753965
2018-11-26,2018-11-27 06:30:00,1.311328,1.2492772,1.000998,1.2988228
2018-11-26,2018-11-27 06:45:00,1.163672,1.1227969,0.87879086,1.1237255
2018-11-26,2018-11-27 07:00:00,0.935156,0.91432613,0.7689071,0.96758854
2018-11-26,2018-11-27 07:15:00,0.878906,0.7463626,0.63674694,0.79483664
2018-11-26,2018-11-27 07:30:00,0.6152340000000001,0.5865298,0.5591506,0.60579073
2018-11-26,2018-11-27 07:45:00,0.4710939999999999,0.44639838,0.45573756,0.43335885
2018-11-26,2018-11-27 08:00:00,0.362109,0.30691418,0.36600184,0.30993667
2018-11-26,2018-11-27 08:15:00,0.3375,0.18366282,0.2663793,0.17304143
2018-11-26,2018-11-27 08:30:00,0.133594,0.116250224,0.19800642,0.08489268
2018-11-26,2018-11-27 08:45:00,0.049219,0.071590185,0.14792109,-0.009275717
2018-11-26,2018-11-27 09:00:00,0.0,0.029418474,0.11004825,-0.090742685
2018-11-26,2018-11-27 09:15:00,0.0,0.012045828,0.0497927,-0.1066237
2018-11-26,2018-11-27 09:30:00,0.0,0.022432292,0.032784,-0.13913785
2018-11-26,2018-11-27 09:45:00,0.0,0.0011540643,0.028758595,-0.14727508
2018-11-26,2018-11-27 10:00:00,0.0,-0.024114706,0.0086093405,-0.138264
2018-11-26,2018-11-27 10:15:00,0.0,-0.023946516,0.012502348,-0.1332244
2018-11-26,2018-11-27 10:30:00,0.0,0.04913658,-0.0023581772,-0.10522832
2018-11-26,2018-11-27 10:45:00,0.0,0.06364247,0.025273878,-0.091841064
2018-11-26,2018-11-27 11:00:00,0.0,0.11078695,0.010036872,-0.060203888
2018-11-26,2018-11-27 11:15:00,0.0,0.102714285,0.033167746,-0.022013942
2018-11-26,2018-11-27 11:30:00,0.0,0.097690046,0.04425211,-0.0045025656
2018-11-26,2018-11-27 11:45:00,0.0,0.11739992,0.04161341,0.0045496565
2018-11-26,2018-11-27 12:00:00,0.0,0.097574495,0.02950298,0.016000388
2018-11-26,2018-11-27 12:15:00,0.0,0.14126359,0.021845061,0.014332623
2018-11-26,2018-11-27 12:30:00,0.0,0.113120005,0.02398535,0.03087082
2018-11-26,2018-11-27 12:45:00,0.0,0.10552196,0.026239768,0.00082039525
2018-11-26,2018-11-27 13:00:00,0.0,0.08158268,0.018697651,0.0020494193
2018-11-26,2018-11-27 13:15:00,0.0,0.08700998,0.007845372,-0.0031850536
2018-11-26,2018-11-27 13:30:00,0.0,0.109523855,-0.03147597,-0.025606513
2018-11-26,2018-11-27 13:45:00,0.0,0.08433497,-0.044267148,-0.041410606
2018-11-26,2018-11-27 14:00:00,0.0,0.07878327,-0.065243535,-0.03255634
2018-11-26,2018-11-27 14:15:00,0.0,0.044766154,-0.048658572,-0.034995314
2018-11-26,2018-11-27 14:30:00,0.0,0.05561631,-0.04920127,-0.03517407
2018-11-26,2018-11-27 14:45:00,0.0,0.06457115,-0.052244674,0.0039942972
2018-11-26,2018-11-27 15:00:00,0.0,0.06421182,-0.06680904,-0.0035849793
2018-11-26,2018-11-27 15:15:00,0.0,0.07337064,-0.0421208,0.0041658306
2018-11-26,2018-11-27 15:30:00,0.0,0.049298074,-0.057279695,0.03662444
2018-11-26,2018-11-27 15:45:00,0.0,0.04137795,-0.040250406,0.058631096
2018-11-26,2018-11-27 16:00:00,0.0,0.022905556,-0.013590881,0.05622603
2018-11-26,2018-11-27 16:15:00,0.0,0.057085693,-0.035329618,0.07407052
2018-11-26,2018-11-27 16:30:00,0.0,0.044089362,-0.019354904,0.0719162
2018-11-26,2018-11-27 16:45:00,0.0,0.05932684,-0.051711977,0.07019742
2018-11-26,2018-11-27 17:00:00,0.0,0.0581746,-0.004169452,0.0697484
2018-11-26,2018-11-27 17:15:00,0.0,0.07357207,-0.004834928,0.05657178
2018-11-26,2018-11-27 17:30:00,0.0,0.06222655,-0.023980124,0.060068637
2018-11-26,2018-11-27 17:45:00,0.0,0.012918435,-0.03922003,0.05811411
2018-11-26,2018-11-27 18:00:00,0.0,0.0077986466,-0.057719253,0.040476616
2018-11-26,2018-11-27 18:15:00,0.0,-0.0027558089,-0.045800064,0.031074084
2018-11-26,2018-11-27 18:30:00,0.0,0.013221998,-0.03982623,0.010121702
2018-11-26,2018-11-27 18:45:00,0.0,0.007230531,-0.034262806,-0.018552382
2018-11-26,2018-11-27 19:00:00,0.0,-0.0026923555,-0.05099351,-0.019024808
2018-11-26,2018-11-27 19:15:00,0.0,0.033772834,-0.05884448,-0.005627249
2018-11-26,2018-11-27 19:30:00,0.0,0.016843025,-0.03536445,0.0013751936
2018-11-26,2018-11-27 19:45:00,0.0,-0.017573806,-0.020078106,0.024189794
2018-11-26,2018-11-27 20:00:00,0.0,-0.0009413451,-0.03021707,-0.01797476
2018-11-26,2018-11-27 20:15:00,0.0,0.0029783063,-0.04426076,-0.050547462
2018-11-26,2018-11-27 20:30:00,0.0,0.007989952,-0.052915014,-0.053887255
2018-11-26,2018-11-27 20:45:00,0.0,0.015855962,-0.036146164,-0.043560732
2018-11-26,2018-11-27 21:00:00,0.0,0.0049677803,-0.042668186,-0.068748675
2018-11-26,2018-11-27 21:15:00,0.0,-0.0013633785,-0.061489686,-0.05676138
2018-11-26,2018-11-27 21:30:00,0.0,0.036266435,-0.034085274,-0.0847702
2018-11-26,2018-11-27 21:45:00,0.0,0.048853777,-0.050789464,-0.0921084
2018-11-26,2018-11-27 22:00:00,0.0,0.06405117,-0.0553149,-0.05719155
2018-11-26,2018-11-27 22:15:00,0.0,0.045686923,-0.022214588,-0.11424686
2018-11-26,2018-11-27 22:30:00,0.0,0.052874453,-0.005373025,-0.10691763
2018-11-26,2018-11-27 22:45:00,0.0,0.09540711,0.025669534,-0.044073127
2018-11-26,2018-11-27 23:00:00,0.0,0.106495485,0.015723264,-0.08479835
2018-11-26,2018-11-27 23:15:00,0.0,0.12705933,0.04785544,-0.057285566
2018-11-26,2018-11-27 23:30:00,0.014062,0.15116872,0.0970609,0.016245075
2018-11-26,2018-11-27 23:45:00,0.108984,0.21976799,0.14962846,0.034384
2018-11-27,2018-11-28 00:00:00,0.214453,0.016548056,0.15232433,0.11543006
2018-11-27,2018-11-28 00:15:00,0.362109,0.02525082,0.20660841,0.20917374
2018-11-27,2018-11-28 00:30:00,0.5273439999999999,0.036530405,0.34794787,0.3266879
2018-11-27,2018-11-28 00:45:00,0.699609,0.061796997,0.43389344,0.45749134
2018-11-27,2018-11-28 01:00:00,0.854297,0.08026905,0.550751,0.5821269
2018-11-27,2018-11-28 01:15:00,1.040625,0.10546684,0.69320315,0.68291295
2018-11-27,2018-11-28 01:30:00,1.279688,0.15182216,0.7920434,0.85439897
2018-11-27,2018-11-28 01:45:00,1.473047,0.21736842,0.8867548,0.98735553
2018-11-27,2018-11-28 02:00:00,1.6523439999999998,0.2562785,1.0076095,1.1356264
2018-11-27,2018-11-28 02:15:00,1.821094,0.32082632,1.0752497,1.2796634
2018-11-27,2018-11-28 02:30:00,1.979297,0.37126234,1.1858108,1.4225214
2018-11-27,2018-11-28 02:45:00,2.1199220000000003,0.4361965,1.2552469,1.5647923
2018-11-27,2018-11-28 03:00:00,2.176172,0.5113989,1.3136169,1.767594
2018-11-27,2018-11-28 03:15:00,2.323828,0.554003,1.3680875,1.8427626
2018-11-27,2018-11-28 03:30:00,2.383594,0.60240805,1.4569831,2.02998
2018-11-27,2018-11-28 03:45:00,2.415234,0.63149935,1.500015,2.0823534
2018-11-27,2018-11-28 04:00:00,2.41875,0.68713874,1.5422976,2.1812763
2018-11-27,2018-11-28 04:15:00,2.482031,0.74856746,1.5283692,2.2573376
2018-11-27,2018-11-28 04:30:00,2.464453,0.72481745,1.5065874,2.2769086
2018-11-27,2018-11-28 04:45:00,2.380078,0.780969,1.4991828,2.296271
2018-11-27,2018-11-28 05:00:00,2.344922,0.7814389,1.4269365,2.2870548
2018-11-27,2018-11-28 05:15:00,2.19375,0.76627517,1.3635871,2.3146343
2018-11-27,2018-11-28 05:30:00,2.074219,0.787797,1.3155973,2.2481844
2018-11-27,2018-11-28 05:45:00,1.954687,0.79612285,1.2003973,2.2011478
2018-11-27,2018-11-28 06:00:00,1.764844,0.7295307,1.1290824,2.1004958
2018-11-27,2018-11-28 06:15:00,1.606641,0.73223513,1.0314863,1.9298773
2018-11-27,2018-11-28 06:30:00,1.529297,0.73644155,0.9300734,1.7965302
2018-11-27,2018-11-28 06:45:00,1.371094,0.7204167,0.80215967,1.669595
2018-11-27,2018-11-28 07:00:00,1.160156,0.66525996,0.6864354,1.5080459
2018-11-27,2018-11-28 07:15:00,0.987891,0.62946707,0.5521303,1.3477252
2018-11-27,2018-11-28 07:30:00,0.783984,0.6061414,0.4811157,1.1060866
2018-11-27,2018-11-28 07:45:00,0.576563,0.5667885,0.38066638,0.9290721
2018-11-27,2018-11-28 08:00:00,0.4253909999999999,0.5173795,0.28387937,0.7718652
2018-11-27,2018-11-28 08:15:00,0.260156,0.5014359,0.20450358,0.574275
2018-11-27,2018-11-28 08:30:00,0.1371089999999999,0.5236108,0.13942364,0.44071078
2018-11-27,2018-11-28 08:45:00,0.038672,0.5143304,0.10148802,0.27524456
2018-11-27,2018-11-28 09:00:00,0.0,0.48697442,0.076773405,0.10508604
2018-11-27,2018-11-28 09:15:00,0.0,0.4788515,0.025077764,0.03835259
2018-11-27,2018-11-28 09:30:00,0.0,0.46931285,0.018783139,-0.04786924
2018-11-27,2018-11-28 09:45:00,0.0,0.44315973,0.027170826,-0.090093866
2018-11-27,2018-11-28 10:00:00,0.0,0.38305187,0.009111658,-0.111354485
2018-11-27,2018-11-28 10:15:00,0.0,0.3612261,0.029027674,-0.14590737
2018-11-27,2018-11-28 10:30:00,0.0,0.3794776,0.019562446,-0.14053524
2018-11-27,2018-11-28 10:45:00,0.0,0.35726362,0.04372331,-0.15243436
2018-11-27,2018-11-28 11:00:00,0.0,0.3684772,0.026752248,-0.09532046
2018-11-27,2018-11-28 11:15:00,0.0,0.31622493,0.055186655,-0.05661727
2018-11-27,2018-11-28 11:30:00,0.0,0.2804525,0.054122735,-0.03942637
2018-11-27,2018-11-28 11:45:00,0.0,0.29876462,0.06412426,0.014781929
2018-11-27,2018-11-28 12:00:00,0.0,0.2815677,0.052008122,0.057670865
2018-11-27,2018-11-28 12:15:00,0.0,0.29129356,0.03466369,0.077016756
2018-11-27,2018-11-28 12:30:00,0.0,0.25259274,0.03464836,0.1284535
2018-11-27,2018-11-28 12:45:00,0.0,0.25550774,0.027154818,0.12880975
2018-11-27,2018-11-28 13:00:00,0.0,0.21708287,0.027066983,0.13868237
2018-11-27,2018-11-28 13:15:00,0.0,0.21475703,-0.0031476791,0.16130309
2018-11-27,2018-11-28 13:30:00,0.0,0.22201836,-0.044453382,0.15149885
2018-11-27,2018-11-28 13:45:00,0.0,0.18408002,-0.046431232,0.16793759
2018-11-27,2018-11-28 14:00:00,0.0,0.16156855,-0.054083683,0.19258974
2018-11-27,2018-11-28 14:15:00,0.0,0.1297695,-0.047713228,0.1792025
2018-11-27,2018-11-28 14:30:00,0.0,0.13425867,-0.0397235,0.21581295
2018-11-27,2018-11-28 14:45:00,0.0,0.13527338,-0.042921916,0.22492868
2018-11-27,2018-11-28 15:00:00,0.0,0.13694736,-0.053718805,0.20752722
2018-11-27,2018-11-28 15:15:00,0.0,0.12938681,-0.03156468,0.22208424
2018-11-27,2018-11-28 15:30:00,0.0,0.103955306,-0.05338897,0.22383508
2018-11-27,2018-11-28 15:45:00,0.0,0.09096358,-0.03153148,0.25020796
2018-11-27,2018-11-28 16:00:00,0.0,0.07863551,-0.005546065,0.23794734
2018-11-27,2018-11-28 16:15:00,0.0,0.094454534,-0.029052302,0.24549358
2018-11-27,2018-11-28 16:30:00,0.0,0.07935935,-0.006273017,0.22699262
2018-11-27,2018-11-28 16:45:00,0.0,0.07625735,-0.039589982,0.22454844
2018-11-27,2018-11-28 17:00:00,0.0,0.08131064,0.016222917,0.21489628
2018-11-27,2018-11-28 17:15:00,0.0,0.08568368,0.015432982,0.18488678
2018-11-27,2018-11-28 17:30:00,0.0,0.086240724,0.0010322658,0.18520382
2018-11-27,2018-11-28 17:45:00,0.0,0.045106504,-0.011625587,0.17279598
2018-11-27,2018-11-28 18:00:00,0.0,0.03896381,-0.047765095,0.16640185
2018-11-27,2018-11-28 18:15:00,0.0,0.029431993,-0.027738262,0.1529527
2018-11-27,2018-11-28 18:30:00,0.0,0.032261398,-0.024034627,0.096390985
2018-11-27,2018-11-28 18:45:00,0.0,0.023077646,-0.025703441,0.059051402
2018-11-27,2018-11-28 19:00:00,0.0,0.023740694,-0.038299385,0.051694077
2018-11-27,2018-11-28 19:15:00,0.0,0.03261113,-0.03980903,0.025246045
2018-11-27,2018-11-28 19:30:00,0.0,0.01626853,-0.049406286,0.01614827
2018-11-27,2018-11-28 19:45:00,0.0,0.0065223,-0.02962764,0.027943086
2018-11-27,2018-11-28 20:00:00,0.0,0.012611827,-0.020486066,-0.032800708
2018-11-27,2018-11-28 20:15:00,0.0,0.003512761,-0.04862707,-0.073916435
2018-11-27,2018-11-28 20:30:00,0.0,0.0015826663,-0.04862771,-0.09370095
2018-11-27,2018-11-28 20:45:00,0.0,0.015402037,-0.041313935,-0.09987873
2018-11-27,2018-11-28 21:00:00,0.0,0.0050188066,-0.036597487,-0.1016582
2018-11-27,2018-11-28 21:15:00,0.0,0.004705244,-0.058443464,-0.13464999
2018-11-27,2018-11-28 21:30:00,0.0,0.024839684,-0.028563982,-0.14014752
2018-11-27,2018-11-28 21:45:00,0.0,0.043363106,-0.059417035,-0.11538832
2018-11-27,2018-11-28 22:00:00,0.0,0.058425862,-0.03357947,-0.08491718
2018-11-27,2018-11-28 22:15:00,0.0,0.053248588,-0.012438483,-0.05457359
2018-11-27,2018-11-28 22:30:00,0.0,0.06430022,0.012327224,-0.054613613
2018-11-27,2018-11-28 22:45:00,0.0,0.0961318,0.0483929,0.008256943
2018-11-27,2018-11-28 23:00:00,0.0,0.08802737,0.039883234,0.009004143
2018-11-27,2018-11-28 23:15:00,0.0,0.0960063,0.060707808,0.041576322
2018-11-27,2018-11-28 23:30:00,0.0210939999999999,0.097218856,0.1194877,0.114846624
2018-11-27,2018-11-28 23:45:00,0.031641,0.12508051,0.18383424,0.1425699
2018-11-28,2018-11-29 00:00:00,0.239063,0.15906851,0.18945706,0.33346903
2018-11-28,2018-11-29 00:15:00,0.397266,0.19671483,0.23286542,0.45366123
2018-11-28,2018-11-29 00:30:00,0.583594,0.2621449,0.32180095,0.6155365
2018-11-28,2018-11-29 00:45:00,0.769922,0.33878815,0.37283027,0.79095167
2018-11-28,2018-11-29 01:00:00,0.924609,0.40640825,0.4622955,0.9714492
2018-11-28,2018-11-29 01:15:00,1.128516,0.48736197,0.5480976,1.1451354
2018-11-28,2018-11-29 01:30:00,1.332422,0.5810692,0.622961,1.3607197
2018-11-28,2018-11-29 01:45:00,1.515234,0.6998012,0.69324446,1.5410985
2018-11-28,2018-11-29 02:00:00,1.683984,0.79386187,0.7644913,1.7418392
2018-11-28,2018-11-29 02:15:00,1.817578,0.9119768,0.8062951,1.8811784
2018-11-28,2018-11-29 02:30:00,1.986328,0.9933717,0.8905376,2.052596
2018-11-28,2018-11-29 02:45:00,2.067188,1.0931185,0.9291078,2.1757789
2018-11-28,2018-11-29 03:00:00,2.218359,1.1992527,0.96284145,2.3395636
2018-11-28,2018-11-29 03:15:00,2.348438,1.2590144,0.995512,2.3820384
2018-11-28,2018-11-29 03:30:00,2.39414,1.3242954,1.0662458,2.4933655
2018-11-28,2018-11-29 03:45:00,2.348438,1.3456423,1.1018417,2.4853823
2018-11-28,2018-11-29 04:00:00,2.460938,1.413239,1.1246763,2.478563
2018-11-28,2018-11-29 04:15:00,2.436328,1.4677708,1.1202182,2.468854
2018-11-28,2018-11-29 04:30:00,2.3695310000000003,1.420281,1.1169857,2.4448812
2018-11-28,2018-11-29 04:45:00,2.323828,1.454107,1.1131816,2.369994
2018-11-28,2018-11-29 05:00:00,2.25,1.4059545,1.0663474,2.2318077
2018-11-28,2018-11-29 05:15:00,2.144531,1.3358967,1.022222,2.1896951
2018-11-28,2018-11-29 05:30:00,2.091797,1.2874047,0.9972581,2.0717192
2018-11-28,2018-11-29 05:45:00,1.958203,1.2339013,0.912568,1.922418
2018-11-28,2018-11-29 06:00:00,1.824609,1.0775529,0.87018466,1.7712605
2018-11-28,2018-11-29 06:15:00,1.627734,1.0027944,0.7977331,1.5725342
2018-11-28,2018-11-29 06:30:00,1.40625,0.9175296,0.7230356,1.3892224
2018-11-28,2018-11-29 06:45:00,1.342969,0.834124,0.6327291,1.209655
2018-11-28,2018-11-29 07:00:00,1.06875,0.68219876,0.5561574,1.0569085
2018-11-28,2018-11-29 07:15:00,0.8964840000000001,0.56745154,0.44974262,0.87643164
2018-11-28,2018-11-29 07:30:00,0.699609,0.4601682,0.40374997,0.68470037
2018-11-28,2018-11-29 07:45:00,0.5097659999999999,0.36623597,0.32222772,0.4969829
2018-11-28,2018-11-29 08:00:00,0.358594,0.2728925,0.25155854,0.36670396
2018-11-28,2018-11-29 08:15:00,0.217969,0.19313012,0.1821338,0.22137296
2018-11-28,2018-11-29 08:30:00,0.108984,0.17491782,0.13660754,0.12187976
2018-11-28,2018-11-29 08:45:00,0.0,0.15220857,0.09106057,0.017563889
2018-11-28,2018-11-29 09:00:00,0.0,0.1330747,0.06854065,-0.070516825
2018-11-28,2018-11-29 09:15:00,0.0,0.12508325,0.012593506,-0.096898906
2018-11-28,2018-11-29 09:30:00,0.0,0.13667099,0.002878847,-0.1425691
2018-11-28,2018-11-29 09:45:00,0.0,0.12159976,0.0039978772,-0.15691797
2018-11-28,2018-11-29 10:00:00,0.0,0.09351595,-0.011800351,-0.1557829
2018-11-28,2018-11-29 10:15:00,0.0,0.08516017,-0.002515699,-0.15357581
2018-11-28,2018-11-29 10:30:00,0.0,0.14682727,-0.024816692,-0.12610428
2018-11-28,2018-11-29 10:45:00,0.0,0.14835185,0.002788811,-0.112596765
2018-11-28,2018-11-29 11:00:00,0.0,0.19258778,-0.006707804,-0.08710387
2018-11-28,2018-11-29 11:15:00,0.0,0.17175587,0.006918831,-0.04597445
2018-11-28,2018-11-29 11:30:00,0.0,0.15658028,0.013281047,-0.02903953
2018-11-28,2018-11-29 11:45:00,0.0,0.18109931,0.009386992,-0.020817138
2018-11-28,2018-11-29 12:00:00,0.0,0.16427998,0.00046432004,-0.012778638
2018-11-28,2018-11-29 12:15:00,0.0,0.2026559,-0.008123505,-0.014711675
2018-11-28,2018-11-29 12:30:00,0.0,0.16957147,-0.0018844596,0.0054762596
2018-11-28,2018-11-29 12:45:00,0.0,0.17352505,-0.00840495,-0.028006025
2018-11-28,2018-11-29 13:00:00,0.0,0.15096395,-0.0023654404,-0.025111314
2018-11-28,2018-11-29 13:15:00,0.0,0.1519192,-0.020514032,-0.028078489
2018-11-28,2018-11-29 13:30:00,0.0,0.1725874,-0.05183012,-0.047950476
2018-11-28,2018-11-29 13:45:00,0.0,0.14276232,-0.05572184,-0.06341572
2018-11-28,2018-11-29 14:00:00,0.0,0.13014662,-0.0750789,-0.055819552
2018-11-28,2018-11-29 14:15:00,0.0,0.09727935,-0.066760525,-0.050946437
2018-11-28,2018-11-29 14:30:00,0.0,0.10642031,-0.06852345,-0.05130802
2018-11-28,2018-11-29 14:45:00,0.0,0.110637434,-0.064645275,0.00039666446
2018-11-28,2018-11-29 15:00:00,0.0,0.113144115,-0.082262315,-0.0051058796
2018-11-28,2018-11-29 15:15:00,0.0,0.11739566,-0.05740924,-0.0016527651
2018-11-28,2018-11-29 15:30:00,0.0,0.08775362,-0.071521394,0.041905
2018-11-28,2018-11-29 15:45:00,0.0,0.07689554,-0.046320755,0.060815457
2018-11-28,2018-11-29 16:00:00,0.0,0.05716482,-0.027664568,0.06018611
2018-11-28,2018-11-29 16:15:00,0.0,0.08319082,-0.047721643,0.08702858
2018-11-28,2018-11-29 16:30:00,0.0,0.06561162,-0.04261164,0.08571375
2018-11-28,2018-11-29 16:45:00,0.0,0.077479914,-0.06276268,0.08015848
2018-11-28,2018-11-29 17:00:00,0.0,0.07656128,-0.010229639,0.07748452
2018-11-28,2018-11-29 17:15:00,0.0,0.09176531,-0.013863021,0.07097836
2018-11-28,2018-11-29 17:30:00,0.0,0.08567121,-0.02215021,0.07822676
2018-11-28,2018-11-29 17:45:00,0.0,0.037310325,-0.039182696,0.07186351
2018-11-28,2018-11-29 18:00:00,0.0,0.02781371,-0.05931757,0.05728899
2018-11-28,2018-11-29 18:15:00,0.0,0.014118036,-0.049626037,0.044888187
2018-11-28,2018-11-29 18:30:00,0.0,0.02458797,-0.032554302,0.015335683
2018-11-28,2018-11-29 18:45:00,0.0,0.018643497,-0.023425816,-0.01543648
2018-11-28,2018-11-29 19:00:00,0.0,0.013005714,-0.0404614,-0.020409461
2018-11-28,2018-11-29 19:15:00,0.0,0.046503253,-0.04871216,-0.0016848157
2018-11-28,2018-11-29 19:30:00,0.0,0.03066544,-0.030093981,0.0036564926
2018-11-28,2018-11-29 19:45:00,0.0,0.009459703,-0.012930492,0.02706576
2018-11-28,2018-11-29 20:00:00,0.0,0.017964482,-0.027013429,-0.025108166
2018-11-28,2018-11-29 20:15:00,0.0,0.02167505,-0.035435792,-0.057925474
2018-11-28,2018-11-29 20:30:00,0.0,0.0233852,-0.036070284,-0.054946516
2018-11-28,2018-11-29 20:45:00,0.0,0.033277716,-0.016920874,-0.044485833
2018-11-28,2018-11-29 21:00:00,0.0,0.020920815,-0.020672001,-0.0694606
2018-11-28,2018-11-29 21:15:00,0.0,0.017080665,-0.037879296,-0.059124585
2018-11-28,2018-11-29 21:30:00,0.0,0.047506407,-0.007447782,-0.08734549
2018-11-28,2018-11-29 21:45:00,0.0,0.06051426,-0.021231946,-0.09012368
2018-11-28,2018-11-29 22:00:00,0.0,0.073075555,-0.025972048,-0.047629844
2018-11-28,2018-11-29 22:15:00,0.0,0.05454308,-0.0023171096,-0.10446658
2018-11-28,2018-11-29 22:30:00,0.0,0.06346812,0.014229836,-0.09436137
2018-11-28,2018-11-29 22:45:00,0.0,0.10914718,0.044787366,-0.02380387
2018-11-28,2018-11-29 23:00:00,0.0,0.11035745,0.04596382,-0.059953284
2018-11-28,2018-11-29 23:15:00,0.0,0.13008541,0.06114948,-0.032487847
2018-11-28,2018-11-29 23:30:00,0.014062,0.1445212,0.1081207,0.048640333
2018-11-28,2018-11-29 23:45:00,0.105469,0.19773163,0.15322894,0.07453194
2018-11-29,2018-11-30 00:00:00,0.225,0.11261123,0.14156267,0.23666535
2018-11-29,2018-11-30 00:15:00,0.355078,0.15910341,0.1841239,0.33576468
2018-11-29,2018-11-30 00:30:00,0.513281,0.23409204,0.27198297,0.47013474
2018-11-29,2018-11-30 00:45:00,0.675,0.32497808,0.32475647,0.63620853
2018-11-29,2018-11-30 01:00:00,0.8261719999999999,0.41076204,0.40067336,0.803727
2018-11-29,2018-11-30 01:15:00,0.95625,0.5075588,0.4911867,0.96308
2018-11-29,2018-11-30 01:30:00,0.984375,0.61842746,0.5629452,1.1732156
2018-11-29,2018-11-30 01:45:00,0.917578,0.7504457,0.6374133,1.349491
2018-11-29,2018-11-30 02:00:00,1.191797,0.8556069,0.70970255,1.5422401
2018-11-29,2018-11-30 02:15:00,1.276172,0.98539037,0.7532747,1.6876156
2018-11-29,2018-11-30 02:30:00,1.599609,1.0729747,0.8430988,1.8557261
2018-11-29,2018-11-30 02:45:00,1.958203,1.1800224,0.8765508,1.9855217
2018-11-29,2018-11-30 03:00:00,2.063672,1.2925506,0.90988207,2.1472995
2018-11-29,2018-11-30 03:15:00,2.214844,1.3501343,0.95535815,2.2014472
2018-11-29,2018-11-30 03:30:00,2.235937,1.4189895,1.0239064,2.3179884
2018-11-29,2018-11-30 03:45:00,2.323828,1.4309069,1.0545944,2.3287632
2018-11-29,2018-11-30 04:00:00,2.323828,1.5003941,1.0804756,2.3411107
2018-11-29,2018-11-30 04:15:00,2.30625,1.5428566,1.0834043,2.334924
2018-11-29,2018-11-30 04:30:00,2.323828,1.482505,1.0804263,2.308353
2018-11-29,2018-11-30 04:45:00,2.017969,1.5024092,1.0846353,2.2441933
2018-11-29,2018-11-30 05:00:00,1.589062,1.4362628,1.039552,2.1304522
2018-11-29,2018-11-30 05:15:00,1.975781,1.3563665,0.9961338,2.08785
2018-11-29,2018-11-30 05:30:00,1.6804689999999998,1.3009344,0.98041594,1.9732286
2018-11-29,2018-11-30 05:45:00,1.525781,1.238213,0.89209723,1.8401499
2018-11-29,2018-11-30 06:00:00,1.669922,1.0612844,0.85412896,1.6949762
2018-11-29,2018-11-30 06:15:00,1.490625,0.97052145,0.7906575,1.5013372
2018-11-29,2018-11-30 06:30:00,1.416797,0.8714833,0.71696734,1.331715
2018-11-29,2018-11-30 06:45:00,0.980859,0.7771221,0.6320635,1.1747562
2018-11-29,2018-11-30 07:00:00,0.8507809999999999,0.6088321,0.54604334,1.0120701
2018-11-29,2018-11-30 07:15:00,0.573047,0.48378792,0.4530311,0.8457983
2018-11-29,2018-11-30 07:30:00,0.379687,0.36280337,0.40524095,0.6460133
2018-11-29,2018-11-30 07:45:00,0.242578,0.26851553,0.32563215,0.48486742
2018-11-29,2018-11-30 08:00:00,0.246094,0.17353159,0.26010025,0.3583241
2018-11-29,2018-11-30 08:15:00,0.175781,0.08536157,0.18353005,0.21307035
2018-11-29,2018-11-30 08:30:00,0.035156,0.062472075,0.13504086,0.1208011
2018-11-29,2018-11-30 08:45:00,0.0105469999999999,0.042818706,0.092637345,0.018456765
2018-11-29,2018-11-30 09:00:00,0.0,0.03346926,0.06120379,-0.07385638
2018-11-29,2018-11-30 09:15:00,0.0,0.035102144,0.02413382,-0.10009477
2018-11-29,2018-11-30 09:30:00,0.0,0.06311694,0.0027264894,-0.13883263
2018-11-29,2018-11-30 09:45:00,0.0,0.060055327,0.004680266,-0.15498298
2018-11-29,2018-11-30 10:00:00,0.0,0.046077378,-0.014949141,-0.14883782
2018-11-29,2018-11-30 10:15:00,0.0,0.04600955,-0.006921804,-0.14995107
2018-11-29,2018-11-30 10:30:00,0.0,0.12450361,-0.019732118,-0.13068469
2018-11-29,2018-11-30 10:45:00,0.0,0.13334729,0.008526383,-0.118161626
2018-11-29,2018-11-30 11:00:00,0.0,0.18508568,-0.005603598,-0.0822162
2018-11-29,2018-11-30 11:15:00,0.0,0.1724708,0.011172198,-0.042036597
2018-11-29,2018-11-30 11:30:00,0.0,0.16301978,0.018047111,-0.020792596
2018-11-29,2018-11-30 11:45:00,0.0,0.18644433,0.009127788,-0.0034369938
2018-11-29,2018-11-30 12:00:00,0.0,0.17200272,-0.0010743724,0.015318832
2018-11-29,2018-11-30 12:15:00,0.0,0.21509117,-0.009193608,0.021519586
2018-11-29,2018-11-30 12:30:00,0.0,0.1840921,-0.008202697,0.043036703
2018-11-29,2018-11-30 12:45:00,0.0,0.18410543,-0.0097721545,0.013306324
2018-11-29,2018-11-30 13:00:00,0.0,0.16511013,-0.012613925,0.02297513
2018-11-29,2018-11-30 13:15:00,0.0,0.15960316,-0.019961415,0.021391466
2018-11-29,2018-11-30 13:30:00,0.0,0.18763535,-0.05487919,-0.003131034
2018-11-29,2018-11-30 13:45:00,0.0,0.15082319,-0.06826775,-0.012382416
2018-11-29,2018-11-30 14:00:00,0.0,0.13888139,-0.08874445,-0.010935771
2018-11-29,2018-11-30 14:15:00,0.0,0.10631735,-0.072509535,-0.016832449
2018-11-29,2018-11-30 14:30:00,0.0,0.110274695,-0.0753731,-0.014226693
2018-11-29,2018-11-30 14:45:00,0.0,0.11471502,-0.07548789,0.016648611
2018-11-29,2018-11-30 15:00:00,0.0,0.11428105,-0.08287039,0.01887301
2018-11-29,2018-11-30 15:15:00,0.0,0.11527583,-0.061849378,0.01566945
2018-11-29,2018-11-30 15:30:00,0.0,0.0845865,-0.06402696,0.049418457
2018-11-29,2018-11-30 15:45:00,0.0,0.07409414,-0.049305007,0.07087589
2018-11-29,2018-11-30 16:00:00,0.0,0.050207138,-0.022865513,0.07128769
2018-11-29,2018-11-30 16:15:00,0.0,0.082930624,-0.03483232,0.09051264
2018-11-29,2018-11-30 16:30:00,0.0,0.061699502,-0.027832575,0.09191391
2018-11-29,2018-11-30 16:45:00,0.0,0.07930964,-0.05132461,0.089438744
2018-11-29,2018-11-30 17:00:00,0.0,0.07792935,-0.008779023,0.09670397
2018-11-29,2018-11-30 17:15:00,0.0,0.09569323,-0.008046842,0.08421523
2018-11-29,2018-11-30 17:30:00,0.0,0.09080462,-0.01803386,0.08883684
2018-11-29,2018-11-30 17:45:00,0.0,0.03514448,-0.037518647,0.09208483
2018-11-29,2018-11-30 18:00:00,0.0,0.030752677,-0.05048855,0.07319313
2018-11-29,2018-11-30 18:15:00,0.0,0.02125594,-0.044074547,0.05682577
2018-11-29,2018-11-30 18:30:00,0.0,0.031780027,-0.031634726,0.033821985
2018-11-29,2018-11-30 18:45:00,0.0,0.021789571,-0.023139648,0.0002638223
2018-11-29,2018-11-30 19:00:00,0.0,0.007521749,-0.042841427,0.000411571
2018-11-29,2018-11-30 19:15:00,0.0,0.040433396,-0.05500618,0.00610234
2018-11-29,2018-11-30 19:30:00,0.0,0.021808458,-0.035178885,0.008537066
2018-11-29,2018-11-30 19:45:00,0.0,-0.005750781,-0.026394822,0.029896652
2018-11-29,2018-11-30 20:00:00,0.0,0.0028542394,-0.03642618,-0.022747386
2018-11-29,2018-11-30 20:15:00,0.0,0.008398324,-0.05244267,-0.049932342
2018-11-29,2018-11-30 20:30:00,0.0,0.010487422,-0.053173333,-0.060851112
2018-11-29,2018-11-30 20:45:00,0.0,0.016327498,-0.03248908,-0.05007822
2018-11-29,2018-11-30 21:00:00,0.0,0.0035007866,-0.040114485,-0.0744232
2018-11-29,2018-11-30 21:15:00,0.0,-0.0003866033,-0.060342293,-0.059929088
2018-11-29,2018-11-30 21:30:00,0.0,0.032908276,-0.04241746,-0.08766594
2018-11-29,2018-11-30 21:45:00,0.0,0.041411735,-0.05529573,-0.090991385
2018-11-29,2018-11-30 22:00:00,0.0,0.05727704,-0.062675446,-0.062043853
2018-11-29,2018-11-30 22:15:00,0.0,0.039401688,-0.038923133,-0.11157513
2018-11-29,2018-11-30 22:30:00,0.0,0.050101526,-0.022583723,-0.10872542
2018-11-29,2018-11-30 22:45:00,0.0,0.09717405,0.00034434235,-0.05397039
2018-11-29,2018-11-30 23:00:00,0.0,0.1005983,-0.021639261,-0.090546004
2018-11-29,2018-11-30 23:15:00,0.0,0.118846916,0.0065542427,-0.07516933
2018-11-29,2018-11-30 23:30:00,0.0,0.1313492,0.045268778,-0.0118571585
2018-11-29,2018-11-30 23:45:00,0.0,0.19167292,0.08007242,-0.0067203958
2018-11-30,2018-12-01 00:00:00,0.007031,0.16262192,0.20295835,0.2810889
2018-11-30,2018-12-01 00:15:00,0.049219,0.2016713,0.2523024,0.3896453
2018-11-30,2018-12-01 00:30:00,0.0,0.26212773,0.34345913,0.53517795
2018-11-30,2018-12-01 00:45:00,0.108984,0.33078876,0.40324095,0.69864017
2018-11-30,2018-12-01 01:00:00,0.0105469999999999,0.397454,0.4847076,0.8708147
2018-11-30,2018-12-01 01:15:00,0.108984,0.47149745,0.5812532,1.0341469
2018-11-30,2018-12-01 01:30:00,0.1371089999999999,0.5630887,0.654826,1.2338699
2018-11-30,2018-12-01 01:45:00,0.130078,0.67343754,0.73349977,1.4104544
2018-11-30,2018-12-01 02:00:00,0.151172,0.7577893,0.8087343,1.5944891
2018-11-30,2018-12-01 02:15:00,0.239063,0.8619238,0.85185707,1.7279938
2018-11-30,2018-12-01 02:30:00,0.165234,0.9290217,0.9417358,1.8850425
2018-11-30,2018-12-01 02:45:00,0.151172,1.0064172,0.97478,2.0016196
2018-11-30,2018-12-01 03:00:00,0.232031,1.0869449,1.0071129,2.1371543
2018-11-30,2018-12-01 03:15:00,0.2355469999999999,1.118591,1.0486927,2.167971
2018-11-30,2018-12-01 03:30:00,0.214453,1.1548252,1.1159519,2.2483883
2018-11-30,2018-12-01 03:45:00,0.305859,1.1422744,1.1462556,2.2384682
2018-11-30,2018-12-01 04:00:00,0.372656,1.1871225,1.1676277,2.2165682
2018-11-30,2018-12-01 04:15:00,0.372656,1.2058333,1.1629739,2.1866832
2018-11-30,2018-12-01 04:30:00,0.569531,1.1376635,1.1568332,2.1404552
2018-11-30,2018-12-01 04:45:00,0.576563,1.151361,1.1577134,2.052201
2018-11-30,2018-12-01 05:00:00,0.530859,1.07898,1.105763,1.9209609
2018-11-30,2018-12-01 05:15:00,0.418359,1.0058366,1.0575455,1.8619112
2018-11-30,2018-12-01 05:30:00,0.5097659999999999,0.94846106,1.0322024,1.7353292
2018-11-30,2018-12-01 05:45:00,0.61875,0.90190554,0.93739337,1.5845914
2018-11-30,2018-12-01 06:00:00,0.8085939999999999,0.752044,0.8921721,1.444115
2018-11-30,2018-12-01 06:15:00,0.629297,0.6845241,0.81855726,1.2590479
2018-11-30,2018-12-01 06:30:00,0.446484,0.61092037,0.7408679,1.0892966
2018-11-30,2018-12-01 06:45:00,0.330469,0.5478807,0.6470174,0.9295729
2018-11-30,2018-12-01 07:00:00,0.256641,0.4212795,0.5556025,0.7884152
2018-11-30,2018-12-01 07:15:00,0.140625,0.33708584,0.45647871,0.6324394
2018-11-30,2018-12-01 07:30:00,0.175781,0.25119874,0.4020313,0.46670392
2018-11-30,2018-12-01 07:45:00,0.024609,0.19555797,0.3216934,0.3185131
2018-11-30,2018-12-01 08:00:00,0.052734,0.14183015,0.25239864,0.21820167
2018-11-30,2018-12-01 08:15:00,0.0,0.0866983,0.17331737,0.10902802
2018-11-30,2018-12-01 08:30:00,0.0,0.10100977,0.12495801,0.03983245
2018-11-30,2018-12-01 08:45:00,0.0,0.095421515,0.085952826,-0.032482214
2018-11-30,2018-12-01 09:00:00,0.0,0.11511921,0.05656603,-0.09158283
2018-11-30,2018-12-01 09:15:00,0.0,0.12684914,0.019094637,-0.09756564
2018-11-30,2018-12-01 09:30:00,0.0,0.16254291,0.0019318026,-0.1115981
2018-11-30,2018-12-01 09:45:00,0.0,0.17036685,0.00550203,-0.11544447
2018-11-30,2018-12-01 10:00:00,0.0,0.15889241,-0.010924928,-0.10456637
2018-11-30,2018-12-01 10:15:00,0.0,0.1565077,-0.00046534365,-0.09821292
2018-11-30,2018-12-01 10:30:00,0.0,0.22716972,-0.015510375,-0.07476649
2018-11-30,2018-12-01 10:45:00,0.0,0.23166758,0.015585709,-0.06785287
2018-11-30,2018-12-01 11:00:00,0.0,0.28219017,0.0012047354,-0.033427246
2018-11-30,2018-12-01 11:15:00,0.0,0.26158008,0.017844263,-0.004438521
2018-11-30,2018-12-01 11:30:00,0.0,0.24838324,0.026116401,0.008293341
2018-11-30,2018-12-01 11:45:00,0.0,0.27288517,0.018620288,0.010444359
2018-11-30,2018-12-01 12:00:00,0.0,0.26511756,0.006335755,0.019953689
2018-11-30,2018-12-01 12:15:00,0.0,0.30220893,-0.0016117387,0.0148039125
2018-11-30,2018-12-01 12:30:00,0.0,0.26572075,-0.0028415446,0.034325447
2018-11-30,2018-12-01 12:45:00,0.0,0.27518734,-0.005584494,0.005672442
2018-11-30,2018-12-01 13:00:00,0.0,0.25901195,-0.008933376,0.013831037
2018-11-30,2018-12-01 13:15:00,0.0,0.24362797,-0.016712666,0.00088117365
2018-11-30,2018-12-01 13:30:00,0.0,0.26834837,-0.053169403,-0.0100288475
2018-11-30,2018-12-01 13:45:00,0.0,0.22415325,-0.06585722,-0.031290878
2018-11-30,2018-12-01 14:00:00,0.0,0.19917826,-0.0865712,-0.01498597
2018-11-30,2018-12-01 14:15:00,0.0,0.16127656,-0.06886509,-0.016408708
2018-11-30,2018-12-01 14:30:00,0.0,0.1600638,-0.07286789,-0.023764849
2018-11-30,2018-12-01 14:45:00,0.0,0.1551328,-0.0715812,0.013118979
2018-11-30,2018-12-01 15:00:00,0.0,0.15096152,-0.0813901,0.0019401766
2018-11-30,2018-12-01 15:15:00,0.0,0.14299637,-0.05931975,0.006052245
2018-11-30,2018-12-01 15:30:00,0.0,0.10371993,-0.0654302,0.031400952
2018-11-30,2018-12-01 15:45:00,0.0,0.08370285,-0.049463063,0.049169417
2018-11-30,2018-12-01 16:00:00,0.0,0.055693056,-0.025032107,0.0426158
2018-11-30,2018-12-01 16:15:00,0.0,0.08230688,-0.036211584,0.05703117
2018-11-30,2018-12-01 16:30:00,0.0,0.053605646,-0.031425707,0.054341096
2018-11-30,2018-12-01 16:45:00,0.0,0.06694039,-0.054812416,0.0602859
2018-11-30,2018-12-01 17:00:00,0.0,0.067450404,-0.010820901,0.046436407
2018-11-30,2018-12-01 17:15:00,0.0,0.088208966,-0.0141298985,0.043548115
2018-11-30,2018-12-01 17:30:00,0.0,0.09143031,-0.024370175,0.04815311
2018-11-30,2018-12-01 17:45:00,0.0,0.038412835,-0.043015152,0.053347286
2018-11-30,2018-12-01 18:00:00,0.0,0.031086281,-0.056954104,0.03938284
2018-11-30,2018-12-01 18:15:00,0.0,0.02209013,-0.04853676,0.038810845
2018-11-30,2018-12-01 18:30:00,0.0,0.03213696,-0.034810673,0.024051957
2018-11-30,2018-12-01 18:45:00,0.0,0.023311254,-0.025588447,0.008072499
2018-11-30,2018-12-01 19:00:00,0.0,0.009087956,-0.04639069,0.009604551
2018-11-30,2018-12-01 19:15:00,0.0,0.036022004,-0.05723315,0.028243938
2018-11-30,2018-12-01 19:30:00,0.0,0.020201597,-0.035620607,0.038136367
2018-11-30,2018-12-01 19:45:00,0.0,0.001781338,-0.0278269,0.059955183
2018-11-30,2018-12-01 20:00:00,0.0,0.002766549,-0.0368706,0.021923931
2018-11-30,2018-12-01 20:15:00,0.0,0.014048329,-0.053352747,-0.005119598
2018-11-30,2018-12-01 20:30:00,0.0,0.017663676,-0.057126544,-0.006195205
2018-11-30,2018-12-01 20:45:00,0.0,0.026996557,-0.03805847,-0.004429725
2018-11-30,2018-12-01 21:00:00,0.0,0.014712118,-0.045337684,-0.04282503
2018-11-30,2018-12-01 21:15:00,0.0,0.017048404,-0.06557896,-0.045521088
2018-11-30,2018-12-01 21:30:00,0.0,0.04996009,-0.045092754,-0.07997508
2018-11-30,2018-12-01 21:45:00,0.0,0.056395732,-0.05922956,-0.09732487
2018-11-30,2018-12-01 22:00:00,0.0,0.06741942,-0.06598721,-0.07406531
2018-11-30,2018-12-01 22:15:00,0.0,0.049717434,-0.0361386,-0.14133027
2018-11-30,2018-12-01 22:30:00,0.0,0.063114114,-0.017786385,-0.14385635
2018-11-30,2018-12-01 22:45:00,0.0,0.10921237,0.010504438,-0.08379098
2018-11-30,2018-12-01 23:00:00,0.0,0.10885675,-0.004553545,-0.11839055
2018-11-30,2018-12-01 23:15:00,0.0,0.13195086,0.027913654,-0.08918861
2018-11-30,2018-12-01 23:30:00,0.0,0.14178112,0.07234052,-0.01263517
2018-11-30,2018-12-01 23:45:00,0.0,0.19677554,0.114022665,0.005764854
