起报时间,预报时间,实际功率 (MW),融合模型预测 (MW)
2019-02-22,2019-02-23 00:00:00,0.351562,0.16214225
2019-02-22,2019-02-23 00:15:00,0.520312,0.20332408
2019-02-22,2019-02-23 00:30:00,0.734766,0.2298542
2019-02-22,2019-02-23 00:45:00,0.994922,0.30468237
2019-02-22,2019-02-23 01:00:00,1.241016,0.4089772
2019-02-22,2019-02-23 01:15:00,1.480078,0.43638226
2019-02-22,2019-02-23 01:30:00,1.712109,0.5357096
2019-02-22,2019-02-23 01:45:00,2.003906,0.5650158
2019-02-22,2019-02-23 02:00:00,2.267578,0.66844445
2019-02-22,2019-02-23 02:15:00,2.576953,0.71527004
2019-02-22,2019-02-23 02:30:00,2.784375,0.8148328
2019-02-22,2019-02-23 02:45:00,3.005859,0.89281076
2019-02-22,2019-02-23 03:00:00,3.128906,0.9981945
2019-02-22,2019-02-23 03:15:00,3.174609,1.0532951
2019-02-22,2019-02-23 03:30:00,3.364453,1.1380553
2019-02-22,2019-02-23 03:45:00,3.455859,1.200305
2019-02-22,2019-02-23 04:00:00,3.533203,1.2485667
2019-02-22,2019-02-23 04:15:00,3.614062,1.301389
2019-02-22,2019-02-23 04:30:00,3.607031,1.3434741
2019-02-22,2019-02-23 04:45:00,3.3433589999999995,1.3264729
2019-02-22,2019-02-23 05:00:00,3.4066410000000005,1.3518418
2019-02-22,2019-02-23 05:15:00,3.571875,1.3852232
2019-02-22,2019-02-23 05:30:00,3.494531,1.3428185
2019-02-22,2019-02-23 05:45:00,3.290625,1.339515
2019-02-22,2019-02-23 06:00:00,3.353906,1.2884161
2019-02-22,2019-02-23 06:15:00,3.2449220000000003,1.2335362
2019-02-22,2019-02-23 06:30:00,2.946094,1.1426741
2019-02-22,2019-02-23 06:45:00,2.960156,1.0559738
2019-02-22,2019-02-23 07:00:00,2.633203,0.9313185
2019-02-22,2019-02-23 07:15:00,2.387109,0.84891397
2019-02-22,2019-02-23 07:30:00,2.102344,0.7378901
2019-02-22,2019-02-23 07:45:00,1.919531,0.64897966
2019-02-22,2019-02-23 08:00:00,1.508203,0.54347366
2019-02-22,2019-02-23 08:15:00,1.272656,0.39072084
2019-02-22,2019-02-23 08:30:00,1.037109,0.32921752
2019-02-22,2019-02-23 08:45:00,0.713672,0.24140792
2019-02-22,2019-02-23 09:00:00,0.4710939999999999,0.172264
2019-02-22,2019-02-23 09:15:00,0.319922,0.106592365
2019-02-22,2019-02-23 09:30:00,0.186328,0.051944032
2019-02-22,2019-02-23 09:45:00,0.014062,0.014824662
2019-02-22,2019-02-23 10:00:00,0.0,-0.03807273
2019-02-22,2019-02-23 10:15:00,0.0,-0.025915671
2019-02-22,2019-02-23 10:30:00,0.0,-0.07473791
2019-02-22,2019-02-23 10:45:00,0.0,-0.06361056
2019-02-22,2019-02-23 11:00:00,0.0,-0.071350455
2019-02-22,2019-02-23 11:15:00,0.0,-0.08939241
2019-02-22,2019-02-23 11:30:00,0.0,-0.101436526
2019-02-22,2019-02-23 11:45:00,0.0,-0.09943287
2019-02-22,2019-02-23 12:00:00,0.0,-0.053957313
2019-02-22,2019-02-23 12:15:00,0.0,-0.07146729
2019-02-22,2019-02-23 12:30:00,0.0,-0.058424175
2019-02-22,2019-02-23 12:45:00,0.0,-0.036912385
2019-02-22,2019-02-23 13:00:00,0.0,-0.040787924
2019-02-22,2019-02-23 13:15:00,0.0,-0.048901
2019-02-22,2019-02-23 13:30:00,0.0,-0.0327154
2019-02-22,2019-02-23 13:45:00,0.0,-0.03512074
2019-02-22,2019-02-23 14:00:00,0.0,-0.018929016
2019-02-22,2019-02-23 14:15:00,0.0,-0.0067377817
2019-02-22,2019-02-23 14:30:00,0.0,-0.039074257
2019-02-22,2019-02-23 14:45:00,0.0,-0.038407106
2019-02-22,2019-02-23 15:00:00,0.0,-0.0019690304
2019-02-22,2019-02-23 15:15:00,0.0,-0.053430367
2019-02-22,2019-02-23 15:30:00,0.0,-0.032826
2019-02-22,2019-02-23 15:45:00,0.0,-0.038404543
2019-02-22,2019-02-23 16:00:00,0.0,-0.04877767
2019-02-22,2019-02-23 16:15:00,0.0,-0.0328798
2019-02-22,2019-02-23 16:30:00,0.0,-0.052062694
2019-02-22,2019-02-23 16:45:00,0.0,-0.04264177
2019-02-22,2019-02-23 17:00:00,0.0,-0.0672703
2019-02-22,2019-02-23 17:15:00,0.0,-0.036536213
2019-02-22,2019-02-23 17:30:00,0.0,-0.044146784
2019-02-22,2019-02-23 17:45:00,0.0,-0.063132256
2019-02-22,2019-02-23 18:00:00,0.0,-0.059536528
2019-02-22,2019-02-23 18:15:00,0.0,-0.026831191
2019-02-22,2019-02-23 18:30:00,0.0,-0.032444578
2019-02-22,2019-02-23 18:45:00,0.0,-0.0034339335
2019-02-22,2019-02-23 19:00:00,0.0,0.014043246
2019-02-22,2019-02-23 19:15:00,0.0,0.013102498
2019-02-22,2019-02-23 19:30:00,0.0,0.05275816
2019-02-22,2019-02-23 19:45:00,0.0,0.023384748
2019-02-22,2019-02-23 20:00:00,0.0,0.04026458
2019-02-22,2019-02-23 20:15:00,0.0,0.07561042
2019-02-22,2019-02-23 20:30:00,0.0,0.07847545
2019-02-22,2019-02-23 20:45:00,0.0,0.10434818
2019-02-22,2019-02-23 21:00:00,0.0,0.0597857
2019-02-22,2019-02-23 21:15:00,0.0,0.094293594
2019-02-22,2019-02-23 21:30:00,0.0,0.09564221
2019-02-22,2019-02-23 21:45:00,0.0,0.11778235
2019-02-22,2019-02-23 22:00:00,0.0,0.08173917
2019-02-22,2019-02-23 22:15:00,0.0,0.098530434
2019-02-22,2019-02-23 22:30:00,0.0,0.08279822
2019-02-22,2019-02-23 22:45:00,0.0,0.074166566
2019-02-22,2019-02-23 23:00:00,0.0,0.10550624
2019-02-22,2019-02-23 23:15:00,0.035156,0.12888314
2019-02-22,2019-02-23 23:30:00,0.133594,0.1609657
2019-02-22,2019-02-23 23:45:00,0.228516,0.21126637
2019-02-23,2019-02-24 00:00:00,0.400781,0.36282232
2019-02-23,2019-02-24 00:15:00,0.573047,0.5160898
2019-02-23,2019-02-24 00:30:00,0.769922,0.580885
2019-02-23,2019-02-24 00:45:00,0.95625,0.74790376
2019-02-23,2019-02-24 01:00:00,1.209375,0.94822496
2019-02-23,2019-02-24 01:15:00,1.466016,1.0226865
2019-02-23,2019-02-24 01:30:00,1.613672,1.196025
2019-02-23,2019-02-24 01:45:00,1.880859,1.3044001
2019-02-23,2019-02-24 02:00:00,2.077734,1.4827285
2019-02-23,2019-02-24 02:15:00,1.996875,1.5980592
2019-02-23,2019-02-24 02:30:00,2.358984,1.7384053
2019-02-23,2019-02-24 02:45:00,2.580469,1.885226
2019-02-23,2019-02-24 03:00:00,2.351953,2.016991
2019-02-23,2019-02-24 03:15:00,2.053125,2.1220877
2019-02-23,2019-02-24 03:30:00,2.264062,2.2369308
2019-02-23,2019-02-24 03:45:00,1.958203,2.3326738
2019-02-23,2019-02-24 04:00:00,1.497656,2.3429422
2019-02-23,2019-02-24 04:15:00,1.634766,2.3757508
2019-02-23,2019-02-24 04:30:00,2.141016,2.4217477
2019-02-23,2019-02-24 04:45:00,1.923047,2.4012218
2019-02-23,2019-02-24 05:00:00,2.489063,2.3660462
2019-02-23,2019-02-24 05:15:00,2.242969,2.3852878
2019-02-23,2019-02-24 05:30:00,1.610156,2.3463938
2019-02-23,2019-02-24 05:45:00,1.996875,2.2735753
2019-02-23,2019-02-24 06:00:00,1.469531,2.204095
2019-02-23,2019-02-24 06:15:00,1.314844,2.1303298
2019-02-23,2019-02-24 06:30:00,1.381641,2.014146
2019-02-23,2019-02-24 06:45:00,1.29375,1.9043446
2019-02-23,2019-02-24 07:00:00,1.142578,1.7662039
2019-02-23,2019-02-24 07:15:00,1.163672,1.6502857
2019-02-23,2019-02-24 07:30:00,1.117969,1.5112487
2019-02-23,2019-02-24 07:45:00,1.082812,1.3740356
2019-02-23,2019-02-24 08:00:00,0.8085939999999999,1.248099
2019-02-23,2019-02-24 08:15:00,0.6152340000000001,1.0631295
2019-02-23,2019-02-24 08:30:00,0.464063,0.9049169
2019-02-23,2019-02-24 08:45:00,0.333984,0.7710339
2019-02-23,2019-02-24 09:00:00,0.2355469999999999,0.6369817
2019-02-23,2019-02-24 09:15:00,0.16875,0.5300001
2019-02-23,2019-02-24 09:30:00,0.126563,0.42117184
2019-02-23,2019-02-24 09:45:00,0.0210939999999999,0.2682662
2019-02-23,2019-02-24 10:00:00,0.0,0.1890035
2019-02-23,2019-02-24 10:15:00,0.0,0.15518875
2019-02-23,2019-02-24 10:30:00,0.0,0.08878573
2019-02-23,2019-02-24 10:45:00,0.0,0.03204668
2019-02-23,2019-02-24 11:00:00,0.0,-0.017452057
2019-02-23,2019-02-24 11:15:00,0.0,-0.027295101
2019-02-23,2019-02-24 11:30:00,0.0,-0.072831206
2019-02-23,2019-02-24 11:45:00,0.0,-0.047316562
2019-02-23,2019-02-24 12:00:00,0.0,-0.09201245
2019-02-23,2019-02-24 12:15:00,0.0,-0.10983419
2019-02-23,2019-02-24 12:30:00,0.0,-0.078727774
2019-02-23,2019-02-24 12:45:00,0.0,-0.05419563
2019-02-23,2019-02-24 13:00:00,0.0,-0.044646468
2019-02-23,2019-02-24 13:15:00,0.0,-0.065813564
2019-02-23,2019-02-24 13:30:00,0.0,-0.020456335
2019-02-23,2019-02-24 13:45:00,0.0,-0.024583938
2019-02-23,2019-02-24 14:00:00,0.0,0.01106243
2019-02-23,2019-02-24 14:15:00,0.0,0.016601134
2019-02-23,2019-02-24 14:30:00,0.0,-0.0070271683
2019-02-23,2019-02-24 14:45:00,0.0,0.009830021
2019-02-23,2019-02-24 15:00:00,0.0,0.027978886
2019-02-23,2019-02-24 15:15:00,0.0,0.008013305
2019-02-23,2019-02-24 15:30:00,0.0,0.020572497
2019-02-23,2019-02-24 15:45:00,0.0,-0.0025274782
2019-02-23,2019-02-24 16:00:00,0.0,0.01580187
2019-02-23,2019-02-24 16:15:00,0.0,0.0613381
2019-02-23,2019-02-24 16:30:00,0.0,0.03980431
2019-02-23,2019-02-24 16:45:00,0.0,0.021717805
2019-02-23,2019-02-24 17:00:00,0.0,0.019624634
2019-02-23,2019-02-24 17:15:00,0.0,0.06649575
2019-02-23,2019-02-24 17:30:00,0.0,0.053604275
2019-02-23,2019-02-24 17:45:00,0.0,0.011114115
2019-02-23,2019-02-24 18:00:00,0.0,0.035913736
2019-02-23,2019-02-24 18:15:00,0.0,0.031443287
2019-02-23,2019-02-24 18:30:00,0.0,0.030693896
2019-02-23,2019-02-24 18:45:00,0.0,0.05837947
2019-02-23,2019-02-24 19:00:00,0.0,0.06844069
2019-02-23,2019-02-24 19:15:00,0.0,0.06972578
2019-02-23,2019-02-24 19:30:00,0.0,0.09905155
2019-02-23,2019-02-24 19:45:00,0.0,0.042389747
2019-02-23,2019-02-24 20:00:00,0.0,0.040161293
2019-02-23,2019-02-24 20:15:00,0.0,0.0729229
2019-02-23,2019-02-24 20:30:00,0.0,0.06210675
2019-02-23,2019-02-24 20:45:00,0.0,0.073813446
2019-02-23,2019-02-24 21:00:00,0.0,0.01293292
2019-02-23,2019-02-24 21:15:00,0.0,0.01897286
2019-02-23,2019-02-24 21:30:00,0.0,0.06585212
2019-02-23,2019-02-24 21:45:00,0.0,0.0688544
2019-02-23,2019-02-24 22:00:00,0.0,0.044693645
2019-02-23,2019-02-24 22:15:00,0.0,0.033449724
2019-02-23,2019-02-24 22:30:00,0.0,0.047889378
2019-02-23,2019-02-24 22:45:00,0.0,0.09038438
2019-02-23,2019-02-24 23:00:00,0.0,0.12987487
2019-02-23,2019-02-24 23:15:00,0.007031,0.19384852
2019-02-23,2019-02-24 23:30:00,0.091406,0.2413891
2019-02-23,2019-02-24 23:45:00,0.214453,0.36521366
2019-02-24,2019-02-25 00:00:00,0.267188,0.4049906
2019-02-24,2019-02-25 00:15:00,0.478125,0.55321705
2019-02-24,2019-02-25 00:30:00,0.573047,0.6454364
2019-02-24,2019-02-25 00:45:00,0.727734,0.7989032
2019-02-24,2019-02-25 01:00:00,1.008984,1.0030859
2019-02-24,2019-02-25 01:15:00,1.226953,1.0846895
2019-02-24,2019-02-25 01:30:00,1.430859,1.2711815
2019-02-24,2019-02-25 01:45:00,1.666406,1.3839487
2019-02-24,2019-02-25 02:00:00,1.85625,1.5500537
2019-02-24,2019-02-25 02:15:00,2.109375,1.6641055
2019-02-24,2019-02-25 02:30:00,2.211328,1.8349307
2019-02-24,2019-02-25 02:45:00,2.327344,1.9063417
2019-02-24,2019-02-25 03:00:00,2.397656,2.0427887
2019-02-24,2019-02-25 03:15:00,2.548828,2.105289
2019-02-24,2019-02-25 03:30:00,2.608594,2.1886086
2019-02-24,2019-02-25 03:45:00,2.707031,2.2874558
2019-02-24,2019-02-25 04:00:00,2.742188,2.2503405
2019-02-24,2019-02-25 04:15:00,2.794922,2.2879567
2019-02-24,2019-02-25 04:30:00,2.777344,2.2997797
2019-02-24,2019-02-25 04:45:00,2.707031,2.2516534
2019-02-24,2019-02-25 05:00:00,2.668359,2.2030277
2019-02-24,2019-02-25 05:15:00,2.626172,2.176791
2019-02-24,2019-02-25 05:30:00,2.288672,2.123228
2019-02-24,2019-02-25 05:45:00,2.496094,2.0289595
2019-02-24,2019-02-25 06:00:00,2.496094,1.9446157
2019-02-24,2019-02-25 06:15:00,2.373047,1.8572266
2019-02-24,2019-02-25 06:30:00,2.246484,1.7090424
2019-02-24,2019-02-25 06:45:00,2.042578,1.5743918
2019-02-24,2019-02-25 07:00:00,1.901953,1.4188482
2019-02-24,2019-02-25 07:15:00,1.736719,1.3127031
2019-02-24,2019-02-25 07:30:00,1.469531,1.1765983
2019-02-24,2019-02-25 07:45:00,0.8578129999999999,0.9871839
2019-02-24,2019-02-25 08:00:00,1.163672,0.85763484
2019-02-24,2019-02-25 08:15:00,0.601172,0.68152463
2019-02-24,2019-02-25 08:30:00,0.6574220000000001,0.5665193
2019-02-24,2019-02-25 08:45:00,0.523828,0.42655966
2019-02-24,2019-02-25 09:00:00,0.376172,0.33518595
2019-02-24,2019-02-25 09:15:00,0.151172,0.21863471
2019-02-24,2019-02-25 09:30:00,0.098438,0.15071794
2019-02-24,2019-02-25 09:45:00,0.0105469999999999,0.050240614
2019-02-24,2019-02-25 10:00:00,0.0,0.0001541681
2019-02-24,2019-02-25 10:15:00,0.0,-0.006083992
2019-02-24,2019-02-25 10:30:00,0.0,-0.07159983
2019-02-24,2019-02-25 10:45:00,0.0,-0.07540911
2019-02-24,2019-02-25 11:00:00,0.0,-0.07676415
2019-02-24,2019-02-25 11:15:00,0.0,-0.09869286
2019-02-24,2019-02-25 11:30:00,0.0,-0.13048418
2019-02-24,2019-02-25 11:45:00,0.0,-0.10392395
2019-02-24,2019-02-25 12:00:00,0.0,-0.08372544
2019-02-24,2019-02-25 12:15:00,0.0,-0.07386691
2019-02-24,2019-02-25 12:30:00,0.0,-0.07807213
2019-02-24,2019-02-25 12:45:00,0.0,-0.017026696
2019-02-24,2019-02-25 13:00:00,0.0,-0.020102097
2019-02-24,2019-02-25 13:15:00,0.0,-0.029425902
2019-02-24,2019-02-25 13:30:00,0.0,-0.018798128
2019-02-24,2019-02-25 13:45:00,0.0,-0.026726449
2019-02-24,2019-02-25 14:00:00,0.0,-0.020029219
2019-02-24,2019-02-25 14:15:00,0.0,-0.006143927
2019-02-24,2019-02-25 14:30:00,0.0,-0.03406537
2019-02-24,2019-02-25 14:45:00,0.0,-0.02185679
2019-02-24,2019-02-25 15:00:00,0.0,-0.0068631372
2019-02-24,2019-02-25 15:15:00,0.0,-0.06327966
2019-02-24,2019-02-25 15:30:00,0.0,-0.060107566
2019-02-24,2019-02-25 15:45:00,0.0,-0.05827301
2019-02-24,2019-02-25 16:00:00,0.0,-0.03248112
2019-02-24,2019-02-25 16:15:00,0.0,0.00513882
2019-02-24,2019-02-25 16:30:00,0.0,-0.034635656
2019-02-24,2019-02-25 16:45:00,0.0,-0.06262609
2019-02-24,2019-02-25 17:00:00,0.0,-0.014109272
2019-02-24,2019-02-25 17:15:00,0.0,0.013467683
2019-02-24,2019-02-25 17:30:00,0.0,0.024067363
2019-02-24,2019-02-25 17:45:00,0.0,-0.0148679735
2019-02-24,2019-02-25 18:00:00,0.0,0.0030000822
2019-02-24,2019-02-25 18:15:00,0.0,0.00740942
2019-02-24,2019-02-25 18:30:00,0.0,0.009522293
2019-02-24,2019-02-25 18:45:00,0.0,0.01882453
2019-02-24,2019-02-25 19:00:00,0.0,0.031144394
2019-02-24,2019-02-25 19:15:00,0.0,0.016483704
2019-02-24,2019-02-25 19:30:00,0.0,0.06481951
2019-02-24,2019-02-25 19:45:00,0.0,0.00065457146
2019-02-24,2019-02-25 20:00:00,0.0,0.012092351
2019-02-24,2019-02-25 20:15:00,0.0,0.034072652
2019-02-24,2019-02-25 20:30:00,0.0,0.04560765
2019-02-24,2019-02-25 20:45:00,0.0,0.051415917
2019-02-24,2019-02-25 21:00:00,0.0,0.010215957
2019-02-24,2019-02-25 21:15:00,0.0,0.029534683
2019-02-24,2019-02-25 21:30:00,0.0,0.043349795
2019-02-24,2019-02-25 21:45:00,0.0,0.10847904
2019-02-24,2019-02-25 22:00:00,0.0,0.060148727
2019-02-24,2019-02-25 22:15:00,0.0,0.059289105
2019-02-24,2019-02-25 22:30:00,0.0,0.045409232
2019-02-24,2019-02-25 22:45:00,0.0,0.115597926
2019-02-24,2019-02-25 23:00:00,0.0,0.14755097
2019-02-24,2019-02-25 23:15:00,0.0,0.20972182
2019-02-24,2019-02-25 23:30:00,0.05625,0.28816256
2019-02-24,2019-02-25 23:45:00,0.203906,0.3833892
2019-02-25,2019-02-26 00:00:00,0.239063,0.29394853
2019-02-25,2019-02-26 00:15:00,0.2847659999999999,0.43814743
2019-02-25,2019-02-26 00:30:00,0.330469,0.5264277
2019-02-25,2019-02-26 00:45:00,0.566016,0.6572252
2019-02-25,2019-02-26 01:00:00,0.727734,0.81958634
2019-02-25,2019-02-26 01:15:00,0.805078,0.8910211
2019-02-25,2019-02-26 01:30:00,0.931641,1.054821
2019-02-25,2019-02-26 01:45:00,1.086328,1.1263487
2019-02-25,2019-02-26 02:00:00,1.698047,1.2579291
2019-02-25,2019-02-26 02:15:00,1.501172,1.3701769
2019-02-25,2019-02-26 02:30:00,1.318359,1.4709163
2019-02-25,2019-02-26 02:45:00,1.096875,1.5801761
2019-02-25,2019-02-26 03:00:00,0.980859,1.6655961
2019-02-25,2019-02-26 03:15:00,1.388672,1.7318922
2019-02-25,2019-02-26 03:30:00,1.7015619999999998,1.7885269
2019-02-25,2019-02-26 03:45:00,1.771875,1.8467708
2019-02-25,2019-02-26 04:00:00,1.986328,1.8447349
2019-02-25,2019-02-26 04:15:00,1.655859,1.8283386
2019-02-25,2019-02-26 04:30:00,1.884375,1.8491529
2019-02-25,2019-02-26 04:45:00,1.771875,1.8134546
2019-02-25,2019-02-26 05:00:00,2.130469,1.7438873
2019-02-25,2019-02-26 05:15:00,1.905469,1.7327126
2019-02-25,2019-02-26 05:30:00,1.708594,1.6723243
2019-02-25,2019-02-26 05:45:00,1.490625,1.5998299
2019-02-25,2019-02-26 06:00:00,1.571484,1.5276366
2019-02-25,2019-02-26 06:15:00,1.669922,1.4294665
2019-02-25,2019-02-26 06:30:00,1.525781,1.3376915
2019-02-25,2019-02-26 06:45:00,1.564453,1.2124414
2019-02-25,2019-02-26 07:00:00,1.342969,1.1059115
2019-02-25,2019-02-26 07:15:00,1.353516,0.9961559
2019-02-25,2019-02-26 07:30:00,1.2375,0.9167547
2019-02-25,2019-02-26 07:45:00,0.980859,0.7798026
2019-02-25,2019-02-26 08:00:00,0.931641,0.6870857
2019-02-25,2019-02-26 08:15:00,0.914062,0.5422243
2019-02-25,2019-02-26 08:30:00,0.675,0.44783086
2019-02-25,2019-02-26 08:45:00,0.537891,0.338671
2019-02-25,2019-02-26 09:00:00,0.407813,0.2764621
2019-02-25,2019-02-26 09:15:00,0.2953119999999999,0.21107197
2019-02-25,2019-02-26 09:30:00,0.151172,0.15214583
2019-02-25,2019-02-26 09:45:00,0.045703,0.057079848
2019-02-25,2019-02-26 10:00:00,0.0,0.007755007
2019-02-25,2019-02-26 10:15:00,0.0,0.0044093044
2019-02-25,2019-02-26 10:30:00,0.0,-0.0411386
2019-02-25,2019-02-26 10:45:00,0.0,-0.056964155
2019-02-25,2019-02-26 11:00:00,0.0,-0.076227054
2019-02-25,2019-02-26 11:15:00,0.0,-0.07390453
2019-02-25,2019-02-26 11:30:00,0.0,-0.108695395
2019-02-25,2019-02-26 11:45:00,0.0,-0.07949591
2019-02-25,2019-02-26 12:00:00,0.0,-0.09357305
2019-02-25,2019-02-26 12:15:00,0.0,-0.08942145
2019-02-25,2019-02-26 12:30:00,0.0,-0.07868425
2019-02-25,2019-02-26 12:45:00,0.0,-0.02972969
2019-02-25,2019-02-26 13:00:00,0.0,-0.023607861
2019-02-25,2019-02-26 13:15:00,0.0,-0.037002217
2019-02-25,2019-02-26 13:30:00,0.0,-0.010161798
2019-02-25,2019-02-26 13:45:00,0.0,0.0012961396
2019-02-25,2019-02-26 14:00:00,0.0,0.013070525
2019-02-25,2019-02-26 14:15:00,0.0,0.02413882
2019-02-25,2019-02-26 14:30:00,0.0,0.005429688
2019-02-25,2019-02-26 14:45:00,0.0,0.016657356
2019-02-25,2019-02-26 15:00:00,0.0,0.04876875
2019-02-25,2019-02-26 15:15:00,0.0,-0.0034365207
2019-02-25,2019-02-26 15:30:00,0.0,0.011830961
2019-02-25,2019-02-26 15:45:00,0.0,-0.0067698476
2019-02-25,2019-02-26 16:00:00,0.0,0.01962558
2019-02-25,2019-02-26 16:15:00,0.0,0.03447699
2019-02-25,2019-02-26 16:30:00,0.0,0.00633513
2019-02-25,2019-02-26 16:45:00,0.0,-0.021821093
2019-02-25,2019-02-26 17:00:00,0.0,-0.0010545382
2019-02-25,2019-02-26 17:15:00,0.0,0.039616797
2019-02-25,2019-02-26 17:30:00,0.0,0.05093509
2019-02-25,2019-02-26 17:45:00,0.0,-0.013436265
2019-02-25,2019-02-26 18:00:00,0.0,0.007589721
2019-02-25,2019-02-26 18:15:00,0.0,0.033818506
2019-02-25,2019-02-26 18:30:00,0.0,0.020598488
2019-02-25,2019-02-26 18:45:00,0.0,0.04099121
2019-02-25,2019-02-26 19:00:00,0.0,0.032847855
2019-02-25,2019-02-26 19:15:00,0.0,0.022940863
2019-02-25,2019-02-26 19:30:00,0.0,0.07595839
2019-02-25,2019-02-26 19:45:00,0.0,0.0029666608
2019-02-25,2019-02-26 20:00:00,0.0,0.0046295077
2019-02-25,2019-02-26 20:15:00,0.0,0.036767434
2019-02-25,2019-02-26 20:30:00,0.0,0.023849545
2019-02-25,2019-02-26 20:45:00,0.0,0.021601496
2019-02-25,2019-02-26 21:00:00,0.0,-0.025609516
2019-02-25,2019-02-26 21:15:00,0.0,-0.007066508
2019-02-25,2019-02-26 21:30:00,0.0,0.0147958165
2019-02-25,2019-02-26 21:45:00,0.0,0.04822155
2019-02-25,2019-02-26 22:00:00,0.0,0.024276301
2019-02-25,2019-02-26 22:15:00,0.0,0.02982413
2019-02-25,2019-02-26 22:30:00,0.0,0.021300813
2019-02-25,2019-02-26 22:45:00,0.0,0.07881486
2019-02-25,2019-02-26 23:00:00,0.0,0.11223079
2019-02-25,2019-02-26 23:15:00,0.0,0.19233942
2019-02-25,2019-02-26 23:30:00,0.123047,0.2527176
2019-02-25,2019-02-26 23:45:00,0.2074219999999999,0.3727019
2019-02-26,2019-02-27 00:00:00,0.253125,0.21346517
2019-02-26,2019-02-27 00:15:00,0.467578,0.29461464
2019-02-26,2019-02-27 00:30:00,0.689062,0.3516277
2019-02-26,2019-02-27 00:45:00,0.460547,0.42798838
2019-02-26,2019-02-27 01:00:00,0.537891,0.5435161
2019-02-26,2019-02-27 01:15:00,0.6574220000000001,0.5680701
2019-02-26,2019-02-27 01:30:00,0.8578129999999999,0.6816736
2019-02-26,2019-02-27 01:45:00,1.058203,0.72698337
2019-02-26,2019-02-27 02:00:00,1.6523439999999998,0.8246366
2019-02-26,2019-02-27 02:15:00,1.620703,0.8829664
2019-02-26,2019-02-27 02:30:00,2.133984,0.9529034
2019-02-26,2019-02-27 02:45:00,2.172656,0.99164194
2019-02-26,2019-02-27 03:00:00,2.475,1.0640013
2019-02-26,2019-02-27 03:15:00,2.671875,1.1051592
2019-02-26,2019-02-27 03:30:00,2.390625,1.1276274
2019-02-26,2019-02-27 03:45:00,2.594531,1.1794204
2019-02-26,2019-02-27 04:00:00,2.949609,1.1453446
2019-02-26,2019-02-27 04:15:00,3.033984,1.1529337
2019-02-26,2019-02-27 04:30:00,2.735156,1.1680394
2019-02-26,2019-02-27 04:45:00,3.009375,1.1229826
2019-02-26,2019-02-27 05:00:00,2.225391,1.077354
2019-02-26,2019-02-27 05:15:00,3.209765,1.0640583
2019-02-26,2019-02-27 05:30:00,3.005859,1.0356107
2019-02-26,2019-02-27 05:45:00,2.903906,0.9847902
2019-02-26,2019-02-27 06:00:00,2.925,0.9404665
2019-02-26,2019-02-27 06:15:00,2.851172,0.8786989
2019-02-26,2019-02-27 06:30:00,2.664844,0.8028918
2019-02-26,2019-02-27 06:45:00,2.545312,0.70491153
2019-02-26,2019-02-27 07:00:00,2.373047,0.624563
2019-02-26,2019-02-27 07:15:00,2.176172,0.5576652
2019-02-26,2019-02-27 07:30:00,1.986328,0.49974817
2019-02-26,2019-02-27 07:45:00,1.838672,0.38825712
2019-02-26,2019-02-27 08:00:00,1.546875,0.32855222
2019-02-26,2019-02-27 08:15:00,1.328906,0.2326485
2019-02-26,2019-02-27 08:30:00,1.026562,0.17935146
2019-02-26,2019-02-27 08:45:00,0.776953,0.12072202
2019-02-26,2019-02-27 09:00:00,0.5167970000000001,0.058461126
2019-02-26,2019-02-27 09:15:00,0.341016,0.014985744
2019-02-26,2019-02-27 09:30:00,0.196875,-0.012035975
2019-02-26,2019-02-27 09:45:00,0.0210939999999999,-0.06816909
2019-02-26,2019-02-27 10:00:00,0.0,-0.0699271
2019-02-26,2019-02-27 10:15:00,0.0,-0.08063915
2019-02-26,2019-02-27 10:30:00,0.0,-0.1135892
2019-02-26,2019-02-27 10:45:00,0.0,-0.13187319
2019-02-26,2019-02-27 11:00:00,0.0,-0.11225429
2019-02-26,2019-02-27 11:15:00,0.0,-0.11656012
2019-02-26,2019-02-27 11:30:00,0.0,-0.13482751
2019-02-26,2019-02-27 11:45:00,0.0,-0.11284934
2019-02-26,2019-02-27 12:00:00,0.0,-0.10312893
2019-02-26,2019-02-27 12:15:00,0.0,-0.10846239
2019-02-26,2019-02-27 12:30:00,0.0,-0.09594489
2019-02-26,2019-02-27 12:45:00,0.0,-0.056033097
2019-02-26,2019-02-27 13:00:00,0.0,-0.06780855
2019-02-26,2019-02-27 13:15:00,0.0,-0.0607797
2019-02-26,2019-02-27 13:30:00,0.0,-0.06198557
2019-02-26,2019-02-27 13:45:00,0.0,-0.06597156
2019-02-26,2019-02-27 14:00:00,0.0,-0.038610354
2019-02-26,2019-02-27 14:15:00,0.0,-0.04554109
2019-02-26,2019-02-27 14:30:00,0.0,-0.06351256
2019-02-26,2019-02-27 14:45:00,0.0,-0.042949848
2019-02-26,2019-02-27 15:00:00,0.0,-0.03849272
2019-02-26,2019-02-27 15:15:00,0.0,-0.053598113
2019-02-26,2019-02-27 15:30:00,0.0,-0.06788616
2019-02-26,2019-02-27 15:45:00,0.0,-0.07479492
2019-02-26,2019-02-27 16:00:00,0.0,-0.06394906
2019-02-26,2019-02-27 16:15:00,0.0,-0.05393188
2019-02-26,2019-02-27 16:30:00,0.0,-0.07134111
2019-02-26,2019-02-27 16:45:00,0.0,-0.07345773
2019-02-26,2019-02-27 17:00:00,0.0,-0.054885827
2019-02-26,2019-02-27 17:15:00,0.0,-0.04649492
2019-02-26,2019-02-27 17:30:00,0.0,-0.03130347
2019-02-26,2019-02-27 17:45:00,0.0,-0.076112725
2019-02-26,2019-02-27 18:00:00,0.0,-0.040582478
2019-02-26,2019-02-27 18:15:00,0.0,-0.04152056
2019-02-26,2019-02-27 18:30:00,0.0,-0.026683796
2019-02-26,2019-02-27 18:45:00,0.0,-0.020445565
2019-02-26,2019-02-27 19:00:00,0.0,0.0066810357
2019-02-26,2019-02-27 19:15:00,0.0,-0.02536447
2019-02-26,2019-02-27 19:30:00,0.0,0.025157114
2019-02-26,2019-02-27 19:45:00,0.0,-0.011484978
2019-02-26,2019-02-27 20:00:00,0.0,-0.009929018
2019-02-26,2019-02-27 20:15:00,0.0,0.022130035
2019-02-26,2019-02-27 20:30:00,0.0,0.009371648
2019-02-26,2019-02-27 20:45:00,0.0,0.01736302
2019-02-26,2019-02-27 21:00:00,0.0,-0.033522766
2019-02-26,2019-02-27 21:15:00,0.0,0.0022633267
2019-02-26,2019-02-27 21:30:00,0.0,0.016694762
2019-02-26,2019-02-27 21:45:00,0.0,0.040431794
2019-02-26,2019-02-27 22:00:00,0.0,0.02267767
2019-02-26,2019-02-27 22:15:00,0.0,0.023935085
2019-02-26,2019-02-27 22:30:00,0.0,0.024553569
2019-02-26,2019-02-27 22:45:00,0.0,0.061221052
2019-02-26,2019-02-27 23:00:00,0.0,0.089030094
2019-02-26,2019-02-27 23:15:00,0.038672,0.124342345
2019-02-26,2019-02-27 23:30:00,0.084375,0.17843477
2019-02-26,2019-02-27 23:45:00,0.242578,0.24793531
2019-02-27,2019-02-28 00:00:00,0.348047,0.3385204
2019-02-27,2019-02-28 00:15:00,0.4992189999999999,0.43807685
2019-02-27,2019-02-28 00:30:00,0.643359,0.4805641
2019-02-27,2019-02-28 00:45:00,0.805078,0.5668584
2019-02-27,2019-02-28 01:00:00,0.991406,0.7087469
2019-02-27,2019-02-28 01:15:00,1.132031,0.7446752
2019-02-27,2019-02-28 01:30:00,1.3359379999999998,0.86391604
2019-02-27,2019-02-28 01:45:00,1.480078,0.90143126
2019-02-27,2019-02-28 02:00:00,1.532812,1.0040522
2019-02-27,2019-02-28 02:15:00,1.634766,1.0688132
2019-02-27,2019-02-28 02:30:00,1.810547,1.1160035
2019-02-27,2019-02-28 02:45:00,1.683984,1.2050357
2019-02-27,2019-02-28 03:00:00,1.638281,1.270055
2019-02-27,2019-02-28 03:15:00,1.683984,1.3216491
2019-02-27,2019-02-28 03:30:00,1.947656,1.3572149
2019-02-27,2019-02-28 03:45:00,1.965234,1.3985542
2019-02-27,2019-02-28 04:00:00,2.133984,1.3785203
2019-02-27,2019-02-28 04:15:00,1.859766,1.3728323
2019-02-27,2019-02-28 04:30:00,1.385156,1.4135333
2019-02-27,2019-02-28 04:45:00,1.276172,1.3744843
2019-02-27,2019-02-28 05:00:00,1.381641,1.332087
2019-02-27,2019-02-28 05:15:00,1.986328,1.333656
2019-02-27,2019-02-28 05:30:00,2.186719,1.3085645
2019-02-27,2019-02-28 05:45:00,2.102344,1.2627249
2019-02-27,2019-02-28 06:00:00,2.003906,1.1940763
2019-02-27,2019-02-28 06:15:00,1.828125,1.1462222
2019-02-27,2019-02-28 06:30:00,1.6875,1.0754647
2019-02-27,2019-02-28 06:45:00,1.648828,0.98931867
2019-02-27,2019-02-28 07:00:00,1.553906,0.8981699
2019-02-27,2019-02-28 07:15:00,1.455469,0.81671673
2019-02-27,2019-02-28 07:30:00,1.392187,0.7663744
2019-02-27,2019-02-28 07:45:00,1.170703,0.65288293
2019-02-27,2019-02-28 08:00:00,1.075781,0.58021575
2019-02-27,2019-02-28 08:15:00,0.889453,0.46253297
2019-02-27,2019-02-28 08:30:00,0.710156,0.38477772
2019-02-27,2019-02-28 08:45:00,0.541406,0.3208618
2019-02-27,2019-02-28 09:00:00,0.4148439999999999,0.22323607
2019-02-27,2019-02-28 09:15:00,0.246094,0.17559464
2019-02-27,2019-02-28 09:30:00,0.140625,0.12599994
2019-02-27,2019-02-28 09:45:00,0.05625,0.05001976
2019-02-27,2019-02-28 10:00:00,0.0,0.01158059
2019-02-27,2019-02-28 10:15:00,0.0,0.012731316
2019-02-27,2019-02-28 10:30:00,0.0,-0.030226277
2019-02-27,2019-02-28 10:45:00,0.0,-0.06561708
2019-02-27,2019-02-28 11:00:00,0.0,-0.053455118
2019-02-27,2019-02-28 11:15:00,0.0,-0.06312745
2019-02-27,2019-02-28 11:30:00,0.0,-0.09356396
2019-02-27,2019-02-28 11:45:00,0.0,-0.07599545
2019-02-27,2019-02-28 12:00:00,0.0,-0.08400867
2019-02-27,2019-02-28 12:15:00,0.0,-0.089330114
2019-02-27,2019-02-28 12:30:00,0.0,-0.069386244
2019-02-27,2019-02-28 12:45:00,0.0,-0.06025236
2019-02-27,2019-02-28 13:00:00,0.0,-0.03708645
2019-02-27,2019-02-28 13:15:00,0.0,-0.06201654
2019-02-27,2019-02-28 13:30:00,0.0,-0.040561955
2019-02-27,2019-02-28 13:45:00,0.0,-0.03355659
2019-02-27,2019-02-28 14:00:00,0.0,-0.0054347906
2019-02-27,2019-02-28 14:15:00,0.0,-0.013078035
2019-02-27,2019-02-28 14:30:00,0.0,-0.038507663
2019-02-27,2019-02-28 14:45:00,0.0,-0.018013528
2019-02-27,2019-02-28 15:00:00,0.0,0.008642728
2019-02-27,2019-02-28 15:15:00,0.0,-0.016047956
2019-02-27,2019-02-28 15:30:00,0.0,-0.007990415
2019-02-27,2019-02-28 15:45:00,0.0,-0.020289535
2019-02-27,2019-02-28 16:00:00,0.0,-0.024601035
2019-02-27,2019-02-28 16:15:00,0.0,-0.0067920173
2019-02-27,2019-02-28 16:30:00,0.0,-0.0046611005
2019-02-27,2019-02-28 16:45:00,0.0,-0.02090061
2019-02-27,2019-02-28 17:00:00,0.0,-0.016389161
2019-02-27,2019-02-28 17:15:00,0.0,0.01892027
2019-02-27,2019-02-28 17:30:00,0.0,0.008510643
2019-02-27,2019-02-28 17:45:00,0.0,-0.040427864
2019-02-27,2019-02-28 18:00:00,0.0,-0.0031003652
2019-02-27,2019-02-28 18:15:00,0.0,0.006680501
2019-02-27,2019-02-28 18:30:00,0.0,-0.00013844884
2019-02-27,2019-02-28 18:45:00,0.0,0.02151381
2019-02-27,2019-02-28 19:00:00,0.0,0.0467149
2019-02-27,2019-02-28 19:15:00,0.0,0.02591559
2019-02-27,2019-02-28 19:30:00,0.0,0.090356186
2019-02-27,2019-02-28 19:45:00,0.0,0.02942724
2019-02-27,2019-02-28 20:00:00,0.0,0.024314612
2019-02-27,2019-02-28 20:15:00,0.0,0.082098566
2019-02-27,2019-02-28 20:30:00,0.0,0.05253039
2019-02-27,2019-02-28 20:45:00,0.0,0.056828182
2019-02-27,2019-02-28 21:00:00,0.0,-0.0058898265
2019-02-27,2019-02-28 21:15:00,0.0,0.0150751015
2019-02-27,2019-02-28 21:30:00,0.0,0.059455227
2019-02-27,2019-02-28 21:45:00,0.0,0.05330494
2019-02-27,2019-02-28 22:00:00,0.0,0.02640807
2019-02-27,2019-02-28 22:15:00,0.0,0.031004269
2019-02-27,2019-02-28 22:30:00,0.0,0.037162393
2019-02-27,2019-02-28 22:45:00,0.0,0.06918936
2019-02-27,2019-02-28 23:00:00,0.0,0.10283831
2019-02-27,2019-02-28 23:15:00,0.045703,0.16329834
2019-02-27,2019-02-28 23:30:00,0.119531,0.21374196
2019-02-27,2019-02-28 23:45:00,0.246094,0.30836993
2019-02-28,2019-03-01 00:00:00,0.400781,0.4388206
2019-02-28,2019-03-01 00:15:00,0.611719,0.553464
2019-02-28,2019-03-01 00:30:00,0.769922,0.633684
2019-02-28,2019-03-01 00:45:00,1.040625,0.78391856
2019-02-28,2019-03-01 01:00:00,1.223437,0.97680485
2019-02-28,2019-03-01 01:15:00,1.434375,1.0674977
2019-02-28,2019-03-01 01:30:00,1.437891,1.2266779
2019-02-28,2019-03-01 01:45:00,1.627734,1.3490202
2019-02-28,2019-03-01 02:00:00,1.824609,1.5017639
2019-02-28,2019-03-01 02:15:00,1.9125,1.6359959
2019-02-28,2019-03-01 02:30:00,1.986328,1.7860837
2019-02-28,2019-03-01 02:45:00,2.439844,1.9134549
2019-02-28,2019-03-01 03:00:00,2.450391,2.0436006
2019-02-28,2019-03-01 03:15:00,2.591016,2.0968895
2019-02-28,2019-03-01 03:30:00,2.583984,2.190205
2019-02-28,2019-03-01 03:45:00,2.654297,2.2830973
2019-02-28,2019-03-01 04:00:00,2.612109,2.2761054
2019-02-28,2019-03-01 04:15:00,2.64375,2.3314261
2019-02-28,2019-03-01 04:30:00,2.605078,2.334101
2019-02-28,2019-03-01 04:45:00,2.555859,2.3113859
2019-02-28,2019-03-01 05:00:00,2.591016,2.2860274
2019-02-28,2019-03-01 05:15:00,2.664844,2.2456121
2019-02-28,2019-03-01 05:30:00,2.707031,2.190404
2019-02-28,2019-03-01 05:45:00,2.819531,2.1377764
2019-02-28,2019-03-01 06:00:00,2.622656,2.0634673
2019-02-28,2019-03-01 06:15:00,2.608594,1.9609535
2019-02-28,2019-03-01 06:30:00,2.348438,1.8230013
2019-02-28,2019-03-01 06:45:00,2.299219,1.7004765
2019-02-28,2019-03-01 07:00:00,2.000391,1.5540115
2019-02-28,2019-03-01 07:15:00,2.042578,1.4255049
2019-02-28,2019-03-01 07:30:00,1.6875,1.2800417
2019-02-28,2019-03-01 07:45:00,1.634766,1.103545
2019-02-28,2019-03-01 08:00:00,1.40625,0.97827953
2019-02-28,2019-03-01 08:15:00,1.191797,0.7751787
2019-02-28,2019-03-01 08:30:00,0.8578129999999999,0.6535473
2019-02-28,2019-03-01 08:45:00,0.724219,0.490741
2019-02-28,2019-03-01 09:00:00,0.61875,0.37924904
2019-02-28,2019-03-01 09:15:00,0.4148439999999999,0.2602892
2019-02-28,2019-03-01 09:30:00,0.2355469999999999,0.18731897
2019-02-28,2019-03-01 09:45:00,0.052734,0.083651364
2019-02-28,2019-03-01 10:00:00,0.0,0.019160092
2019-02-28,2019-03-01 10:15:00,0.0,-0.011078674
2019-02-28,2019-03-01 10:30:00,0.0,-0.064691246
2019-02-28,2019-03-01 10:45:00,0.0,-0.07599895
2019-02-28,2019-03-01 11:00:00,0.0,-0.10769226
2019-02-28,2019-03-01 11:15:00,0.0,-0.12417684
2019-02-28,2019-03-01 11:30:00,0.0,-0.14288107
2019-02-28,2019-03-01 11:45:00,0.0,-0.13036868
2019-02-28,2019-03-01 12:00:00,0.0,-0.08906654
2019-02-28,2019-03-01 12:15:00,0.0,-0.10256783
2019-02-28,2019-03-01 12:30:00,0.0,-0.09552049
2019-02-28,2019-03-01 12:45:00,0.0,-0.05385384
2019-02-28,2019-03-01 13:00:00,0.0,-0.03666168
2019-02-28,2019-03-01 13:15:00,0.0,-0.055782907
2019-02-28,2019-03-01 13:30:00,0.0,-0.04201949
2019-02-28,2019-03-01 13:45:00,0.0,-0.03509564
2019-02-28,2019-03-01 14:00:00,0.0,-0.030414796
2019-02-28,2019-03-01 14:15:00,0.0,-0.03721743
2019-02-28,2019-03-01 14:30:00,0.0,-0.058494583
2019-02-28,2019-03-01 14:45:00,0.0,-0.044990215
2019-02-28,2019-03-01 15:00:00,0.0,-0.015983202
2019-02-28,2019-03-01 15:15:00,0.0,-0.06074114
2019-02-28,2019-03-01 15:30:00,0.0,-0.06250004
2019-02-28,2019-03-01 15:45:00,0.0,-0.03205106
2019-02-28,2019-03-01 16:00:00,0.0,-0.04819534
2019-02-28,2019-03-01 16:15:00,0.0,-0.020270173
2019-02-28,2019-03-01 16:30:00,0.0,-0.015432303
2019-02-28,2019-03-01 16:45:00,0.0,-0.046327338
2019-02-28,2019-03-01 17:00:00,0.0,-0.03117039
2019-02-28,2019-03-01 17:15:00,0.0,0.004205643
2019-02-28,2019-03-01 17:30:00,0.0,0.02738425
2019-02-28,2019-03-01 17:45:00,0.0,-0.029318953
2019-02-28,2019-03-01 18:00:00,0.0,0.00045805238
2019-02-28,2019-03-01 18:15:00,0.0,0.014153842
2019-02-28,2019-03-01 18:30:00,0.0,0.023174534
2019-02-28,2019-03-01 18:45:00,0.0,0.032754935
2019-02-28,2019-03-01 19:00:00,0.0,0.04663437
2019-02-28,2019-03-01 19:15:00,0.0,0.055732373
2019-02-28,2019-03-01 19:30:00,0.0,0.09338336
2019-02-28,2019-03-01 19:45:00,0.0,0.04055224
2019-02-28,2019-03-01 20:00:00,0.0,0.06120704
2019-02-28,2019-03-01 20:15:00,0.0,0.0919965
2019-02-28,2019-03-01 20:30:00,0.0,0.08337872
2019-02-28,2019-03-01 20:45:00,0.0,0.096838586
2019-02-28,2019-03-01 21:00:00,0.0,0.0657861
2019-02-28,2019-03-01 21:15:00,0.0,0.076028556
2019-02-28,2019-03-01 21:30:00,0.0,0.075999565
2019-02-28,2019-03-01 21:45:00,0.0,0.101189986
2019-02-28,2019-03-01 22:00:00,0.0,0.061370302
2019-02-28,2019-03-01 22:15:00,0.0,0.06363161
2019-02-28,2019-03-01 22:30:00,0.0,0.043818522
2019-02-28,2019-03-01 22:45:00,0.0,0.07625084
2019-02-28,2019-03-01 23:00:00,0.0,0.10103362
2019-02-28,2019-03-01 23:15:00,0.0,0.15850842
2019-02-28,2019-03-01 23:30:00,0.161719,0.22519007
2019-02-28,2019-03-01 23:45:00,0.270703,0.3030733
2019-05-25,2019-05-26 00:00:00,1.6734369999999998,1.2588736
2019-05-25,2019-05-26 00:15:00,1.958203,1.1588185
2019-05-25,2019-05-26 00:30:00,1.599609,1.1764281
2019-05-25,2019-05-26 00:45:00,2.0882810000000003,1.267006
2019-05-25,2019-05-26 01:00:00,2.612109,1.2973652
2019-05-25,2019-05-26 01:15:00,2.784375,1.2009658
2019-05-25,2019-05-26 01:30:00,2.661328,1.2549342
2019-05-25,2019-05-26 01:45:00,3.012891,1.1974894
2019-05-25,2019-05-26 02:00:00,3.4875,1.1434427
2019-05-25,2019-05-26 02:15:00,1.954687,1.0740999
2019-05-25,2019-05-26 02:30:00,3.255469,1.1642147
2019-05-25,2019-05-26 02:45:00,3.561328,1.0048242
2019-05-25,2019-05-26 03:00:00,1.965234,1.1063215
2019-05-25,2019-05-26 03:15:00,2.337891,1.0519316
2019-05-25,2019-05-26 03:30:00,2.5101560000000003,0.9386977
2019-05-25,2019-05-26 03:45:00,2.123437,1.0171697
2019-05-25,2019-05-26 04:00:00,3.294141,0.99269927
2019-05-25,2019-05-26 04:15:00,3.266016,0.88733304
2019-05-25,2019-05-26 04:30:00,2.373047,1.0536847
2019-05-25,2019-05-26 04:45:00,3.779297,1.0047448
2019-05-25,2019-05-26 05:00:00,3.491015,1.0365244
2019-05-25,2019-05-26 05:15:00,3.287109,0.91361064
2019-05-25,2019-05-26 05:30:00,2.696484,0.89294
2019-05-25,2019-05-26 05:45:00,1.395703,0.91467
2019-05-25,2019-05-26 06:00:00,2.647266,0.806599
2019-05-25,2019-05-26 06:15:00,1.7613279999999998,0.8843964
2019-05-25,2019-05-26 06:30:00,2.967187,0.8065737
2019-05-25,2019-05-26 06:45:00,2.896875,0.8180282
2019-05-25,2019-05-26 07:00:00,2.657812,0.7564322
2019-05-25,2019-05-26 07:15:00,2.661328,0.717255
2019-05-25,2019-05-26 07:30:00,2.489063,0.6206153
2019-05-25,2019-05-26 07:45:00,0.485156,0.5633566
2019-05-25,2019-05-26 08:00:00,0.5273439999999999,0.46264574
2019-05-25,2019-05-26 08:15:00,0.780469,0.34346312
2019-05-25,2019-05-26 08:30:00,0.249609,0.3720425
2019-05-25,2019-05-26 08:45:00,1.202344,0.3254938
2019-05-25,2019-05-26 09:00:00,1.276172,0.31490552
2019-05-25,2019-05-26 09:15:00,1.233984,0.18685883
2019-05-25,2019-05-26 09:30:00,0.917578,0.17449939
2019-05-25,2019-05-26 09:45:00,0.460547,0.057280947
2019-05-25,2019-05-26 10:00:00,0.428906,0.074564934
2019-05-25,2019-05-26 10:15:00,0.551953,0.096423894
2019-05-25,2019-05-26 10:30:00,0.052734,0.017997935
2019-05-25,2019-05-26 10:45:00,0.0,-0.023380859
2019-05-25,2019-05-26 11:00:00,0.0,-0.098271154
2019-05-25,2019-05-26 11:15:00,0.0,0.027104609
2019-05-25,2019-05-26 11:30:00,0.0,-0.019416261
2019-05-25,2019-05-26 11:45:00,0.0,-0.092435926
2019-05-25,2019-05-26 12:00:00,0.0,-0.16971721
2019-05-25,2019-05-26 12:15:00,0.0,0.041608673
2019-05-25,2019-05-26 12:30:00,0.0,-0.19244939
2019-05-25,2019-05-26 12:45:00,0.0,0.094596624
2019-05-25,2019-05-26 13:00:00,0.0,-0.031213721
2019-05-25,2019-05-26 13:15:00,0.0,-0.05600989
2019-05-25,2019-05-26 13:30:00,0.0,-0.049190044
2019-05-25,2019-05-26 13:45:00,0.0,-0.0373516
2019-05-25,2019-05-26 14:00:00,0.0,0.07043501
2019-05-25,2019-05-26 14:15:00,0.0,0.059666336
2019-05-25,2019-05-26 14:30:00,0.0,0.069190755
2019-05-25,2019-05-26 14:45:00,0.0,0.14811645
2019-05-25,2019-05-26 15:00:00,0.0,0.0823997
2019-05-25,2019-05-26 15:15:00,0.0,0.110132806
2019-05-25,2019-05-26 15:30:00,0.0,0.03147614
2019-05-25,2019-05-26 15:45:00,0.0,0.045534052
2019-05-25,2019-05-26 16:00:00,0.0,0.08229237
2019-05-25,2019-05-26 16:15:00,0.0,0.049022965
2019-05-25,2019-05-26 16:30:00,0.0,-0.044008296
2019-05-25,2019-05-26 16:45:00,0.0,0.062059276
2019-05-25,2019-05-26 17:00:00,0.0,0.107327335
2019-05-25,2019-05-26 17:15:00,0.0,0.17335133
2019-05-25,2019-05-26 17:30:00,0.0,0.0562858
2019-05-25,2019-05-26 17:45:00,0.0,-0.09518505
2019-05-25,2019-05-26 18:00:00,0.0,0.05922807
2019-05-25,2019-05-26 18:15:00,0.0,0.12922369
2019-05-25,2019-05-26 18:30:00,0.0,0.03240573
2019-05-25,2019-05-26 18:45:00,0.0,0.004885131
2019-05-25,2019-05-26 19:00:00,0.0,0.13266626
2019-05-25,2019-05-26 19:15:00,0.0,-0.06596354
2019-05-25,2019-05-26 19:30:00,0.0,0.050098047
2019-05-25,2019-05-26 19:45:00,0.0,-0.025268424
2019-05-25,2019-05-26 20:00:00,0.0,0.0019328314
2019-05-25,2019-05-26 20:15:00,0.0,0.022844274
2019-05-25,2019-05-26 20:30:00,0.0,-0.057074547
2019-05-25,2019-05-26 20:45:00,0.0,0.0672259
2019-05-25,2019-05-26 21:00:00,0.0,0.07680882
2019-05-25,2019-05-26 21:15:00,0.014062,0.23963751
2019-05-25,2019-05-26 21:30:00,0.0210939999999999,0.18648776
2019-05-25,2019-05-26 21:45:00,0.175781,0.40658373
2019-05-25,2019-05-26 22:00:00,0.291797,0.4381559
2019-05-25,2019-05-26 22:15:00,0.467578,0.513767
2019-05-25,2019-05-26 22:30:00,0.569531,0.5667694
2019-05-25,2019-05-26 22:45:00,1.030078,0.6527449
2019-05-25,2019-05-26 23:00:00,1.395703,0.78743315
2019-05-25,2019-05-26 23:15:00,1.427344,0.90850997
2019-05-25,2019-05-26 23:30:00,1.85625,0.8969037
2019-05-25,2019-05-26 23:45:00,2.158594,0.9996953
2019-05-26,2019-05-27 00:00:00,1.887891,1.4133366
2019-05-26,2019-05-27 00:15:00,1.863281,1.5370052
2019-05-26,2019-05-27 00:30:00,2.7,1.5569018
2019-05-26,2019-05-27 00:45:00,2.939062,1.6352527
2019-05-26,2019-05-27 01:00:00,3.550781,1.7625962
2019-05-26,2019-05-27 01:15:00,3.842578,1.7556313
2019-05-26,2019-05-27 01:30:00,3.842578,1.8512645
2019-05-26,2019-05-27 01:45:00,4.232812,1.8247292
2019-05-26,2019-05-27 02:00:00,4.545703,1.8610674
2019-05-26,2019-05-27 02:15:00,4.682812,1.8821553
2019-05-26,2019-05-27 02:30:00,4.633594,1.9337476
2019-05-26,2019-05-27 02:45:00,4.7390620000000006,1.8726919
2019-05-26,2019-05-27 03:00:00,4.900780999999999,1.9115608
2019-05-26,2019-05-27 03:15:00,4.964062,1.8924894
2019-05-26,2019-05-27 03:30:00,4.925391,1.916487
2019-05-26,2019-05-27 03:45:00,4.865625,1.9049394
2019-05-26,2019-05-27 04:00:00,4.798828,1.8726311
2019-05-26,2019-05-27 04:15:00,4.616015,1.826352
2019-05-26,2019-05-27 04:30:00,4.503516,1.8697408
2019-05-26,2019-05-27 04:45:00,4.3875,1.7917085
2019-05-26,2019-05-27 05:00:00,4.2785150000000005,1.7611154
2019-05-26,2019-05-27 05:15:00,4.362891,1.7511346
2019-05-26,2019-05-27 05:30:00,4.187109,1.7791778
2019-05-26,2019-05-27 05:45:00,4.169531,1.7002273
2019-05-26,2019-05-27 06:00:00,3.941015,1.7093567
2019-05-26,2019-05-27 06:15:00,3.642187,1.675884
2019-05-26,2019-05-27 06:30:00,3.476953,1.617592
2019-05-26,2019-05-27 06:45:00,2.728125,1.5809844
2019-05-26,2019-05-27 07:00:00,1.219922,1.4760102
2019-05-26,2019-05-27 07:15:00,3.888281,1.4840157
2019-05-26,2019-05-27 07:30:00,3.592969,1.3658748
2019-05-26,2019-05-27 07:45:00,3.469922,1.270974
2019-05-26,2019-05-27 08:00:00,2.5101560000000003,1.1567969
2019-05-26,2019-05-27 08:15:00,2.017969,1.05835
2019-05-26,2019-05-27 08:30:00,2.169141,0.92218405
2019-05-26,2019-05-27 08:45:00,2.211328,0.79165417
2019-05-26,2019-05-27 09:00:00,0.935156,0.68179333
2019-05-26,2019-05-27 09:15:00,1.40625,0.6120355
2019-05-26,2019-05-27 09:30:00,1.086328,0.5022208
2019-05-26,2019-05-27 09:45:00,0.952734,0.338825
2019-05-26,2019-05-27 10:00:00,0.643359,0.30429274
2019-05-26,2019-05-27 10:15:00,0.587109,0.24971138
2019-05-26,2019-05-27 10:30:00,0.485156,0.17059489
2019-05-26,2019-05-27 10:45:00,0.407813,0.16995023
2019-05-26,2019-05-27 11:00:00,0.200391,0.16155215
2019-05-26,2019-05-27 11:15:00,0.007031,0.12083032
2019-05-26,2019-05-27 11:30:00,0.0,0.09087579
2019-05-26,2019-05-27 11:45:00,0.0,0.12845437
2019-05-26,2019-05-27 12:00:00,0.0,0.052121162
2019-05-26,2019-05-27 12:15:00,0.0,0.072762504
2019-05-26,2019-05-27 12:30:00,0.0,0.10745393
2019-05-26,2019-05-27 12:45:00,0.0,0.12783216
2019-05-26,2019-05-27 13:00:00,0.0,0.1371123
2019-05-26,2019-05-27 13:15:00,0.0,0.096187
2019-05-26,2019-05-27 13:30:00,0.0,0.12307009
2019-05-26,2019-05-27 13:45:00,0.0,0.115316585
2019-05-26,2019-05-27 14:00:00,0.0,0.1703097
2019-05-26,2019-05-27 14:15:00,0.0,0.13888866
2019-05-26,2019-05-27 14:30:00,0.0,0.13218668
2019-05-26,2019-05-27 14:45:00,0.0,0.20992592
2019-05-26,2019-05-27 15:00:00,0.0,0.16899653
2019-05-26,2019-05-27 15:15:00,0.0,0.18574873
2019-05-26,2019-05-27 15:30:00,0.0,0.19120191
2019-05-26,2019-05-27 15:45:00,0.0,0.11156104
2019-05-26,2019-05-27 16:00:00,0.0,0.14609633
2019-05-26,2019-05-27 16:15:00,0.0,0.13564824
2019-05-26,2019-05-27 16:30:00,0.0,0.15616733
2019-05-26,2019-05-27 16:45:00,0.0,0.13522325
2019-05-26,2019-05-27 17:00:00,0.0,0.18383028
2019-05-26,2019-05-27 17:15:00,0.0,0.15477973
2019-05-26,2019-05-27 17:30:00,0.0,0.1315768
2019-05-26,2019-05-27 17:45:00,0.0,0.04496966
2019-05-26,2019-05-27 18:00:00,0.0,0.1210514
2019-05-26,2019-05-27 18:15:00,0.0,0.05547405
2019-05-26,2019-05-27 18:30:00,0.0,0.05988617
2019-05-26,2019-05-27 18:45:00,0.0,0.10616621
2019-05-26,2019-05-27 19:00:00,0.0,0.14044106
2019-05-26,2019-05-27 19:15:00,0.0,0.050553165
2019-05-26,2019-05-27 19:30:00,0.0,0.10537306
2019-05-26,2019-05-27 19:45:00,0.0,0.011985607
2019-05-26,2019-05-27 20:00:00,0.0,0.07560348
2019-05-26,2019-05-27 20:15:00,0.0,0.08100531
2019-05-26,2019-05-27 20:30:00,0.0,0.030504605
2019-05-26,2019-05-27 20:45:00,0.0,0.120169036
2019-05-26,2019-05-27 21:00:00,0.0,0.085167415
2019-05-26,2019-05-27 21:15:00,0.0421879999999999,0.16167425
2019-05-26,2019-05-27 21:30:00,0.175781,0.27219695
2019-05-26,2019-05-27 21:45:00,0.225,0.28030246
2019-05-26,2019-05-27 22:00:00,0.330469,0.32594535
2019-05-26,2019-05-27 22:15:00,0.478125,0.3530452
2019-05-26,2019-05-27 22:30:00,0.703125,0.4258357
2019-05-26,2019-05-27 22:45:00,0.935156,0.5497668
2019-05-26,2019-05-27 23:00:00,1.226953,0.73097867
2019-05-26,2019-05-27 23:15:00,1.539844,0.7894687
2019-05-26,2019-05-27 23:30:00,1.85625,0.86551327
2019-05-26,2019-05-27 23:45:00,2.123437,1.0272938
2019-05-27,2019-05-28 00:00:00,2.411719,2.2365844
2019-05-27,2019-05-28 00:15:00,2.6824220000000003,2.523629
2019-05-27,2019-05-28 00:30:00,2.921484,2.7251987
2019-05-27,2019-05-28 00:45:00,3.164062,2.9561212
2019-05-27,2019-05-28 01:00:00,3.371484,3.2747624
2019-05-27,2019-05-28 01:15:00,3.578906,3.3605115
2019-05-27,2019-05-28 01:30:00,3.719531,3.562572
2019-05-27,2019-05-28 01:45:00,3.895312,3.7151535
2019-05-27,2019-05-28 02:00:00,4.004297,3.7365835
2019-05-27,2019-05-28 02:15:00,3.9375,3.8668365
2019-05-27,2019-05-28 02:30:00,4.018358999999999,4.0416455
2019-05-27,2019-05-28 02:45:00,4.095703,4.0493455
2019-05-27,2019-05-28 03:00:00,4.130859,4.1407866
2019-05-27,2019-05-28 03:15:00,4.229297,4.1533065
2019-05-27,2019-05-28 03:30:00,4.257422,4.1833434
2019-05-27,2019-05-28 03:45:00,4.267969,4.253191
2019-05-27,2019-05-28 04:00:00,4.215234,4.1901717
2019-05-27,2019-05-28 04:15:00,4.225781,4.1415896
2019-05-27,2019-05-28 04:30:00,4.123828,4.2015834
2019-05-27,2019-05-28 04:45:00,4.10625,4.0822196
2019-05-27,2019-05-28 05:00:00,4.1625,4.021596
2019-05-27,2019-05-28 05:15:00,4.141406,3.9604936
2019-05-27,2019-05-28 05:30:00,4.123828,3.8799105
2019-05-27,2019-05-28 05:45:00,4.088672,3.8385262
2019-05-27,2019-05-28 06:00:00,4.011328,3.7281306
2019-05-27,2019-05-28 06:15:00,3.969141000000001,3.5151975
2019-05-27,2019-05-28 06:30:00,3.979687,3.4117563
2019-05-27,2019-05-28 06:45:00,3.846094,3.285649
2019-05-27,2019-05-28 07:00:00,3.761719,3.0375898
2019-05-27,2019-05-28 07:15:00,3.614062,2.867876
2019-05-27,2019-05-28 07:30:00,3.4242190000000003,2.6245372
2019-05-27,2019-05-28 07:45:00,3.216797,2.3519542
2019-05-27,2019-05-28 08:00:00,3.026953,2.1453216
2019-05-27,2019-05-28 08:15:00,2.770312,1.901908
2019-05-27,2019-05-28 08:30:00,2.53125,1.6202582
2019-05-27,2019-05-28 08:45:00,2.267578,1.2942407
2019-05-27,2019-05-28 09:00:00,1.96875,1.1585044
2019-05-27,2019-05-28 09:15:00,1.6734369999999998,0.9122351
2019-05-27,2019-05-28 09:30:00,1.367578,0.7231998
2019-05-27,2019-05-28 09:45:00,1.06875,0.45752347
2019-05-27,2019-05-28 10:00:00,0.801562,0.33899382
2019-05-27,2019-05-28 10:15:00,0.548437,0.2546498
2019-05-27,2019-05-28 10:30:00,0.267188,0.120262526
2019-05-27,2019-05-28 10:45:00,0.158203,0.06932758
2019-05-27,2019-05-28 11:00:00,0.101953,-0.040852245
2019-05-27,2019-05-28 11:15:00,0.014062,-0.08553769
2019-05-27,2019-05-28 11:30:00,0.0,-0.052159112
2019-05-27,2019-05-28 11:45:00,0.0,-0.04093592
2019-05-27,2019-05-28 12:00:00,0.0,-0.15288627
2019-05-27,2019-05-28 12:15:00,0.0,-0.08497223
2019-05-27,2019-05-28 12:30:00,0.0,-0.055132724
2019-05-27,2019-05-28 12:45:00,0.0,0.055439327
2019-05-27,2019-05-28 13:00:00,0.0,0.040410478
2019-05-27,2019-05-28 13:15:00,0.0,0.034693893
2019-05-27,2019-05-28 13:30:00,0.0,0.046194058
2019-05-27,2019-05-28 13:45:00,0.0,0.09231186
2019-05-27,2019-05-28 14:00:00,0.0,0.1147285
2019-05-27,2019-05-28 14:15:00,0.0,0.14047712
2019-05-27,2019-05-28 14:30:00,0.0,0.16547877
2019-05-27,2019-05-28 14:45:00,0.0,0.11765801
2019-05-27,2019-05-28 15:00:00,0.0,0.14251511
2019-05-27,2019-05-28 15:15:00,0.0,0.1741234
2019-05-27,2019-05-28 15:30:00,0.0,0.11860259
2019-05-27,2019-05-28 15:45:00,0.0,0.1102452
2019-05-27,2019-05-28 16:00:00,0.0,0.17555964
2019-05-27,2019-05-28 16:15:00,0.0,0.18876135
2019-05-27,2019-05-28 16:30:00,0.0,0.16959286
2019-05-27,2019-05-28 16:45:00,0.0,0.06639435
2019-05-27,2019-05-28 17:00:00,0.0,0.21538629
2019-05-27,2019-05-28 17:15:00,0.0,0.21156071
2019-05-27,2019-05-28 17:30:00,0.0,0.19534582
2019-05-27,2019-05-28 17:45:00,0.0,0.06319396
2019-05-27,2019-05-28 18:00:00,0.0,0.22984709
2019-05-27,2019-05-28 18:15:00,0.0,0.17113747
2019-05-27,2019-05-28 18:30:00,0.0,0.16098407
2019-05-27,2019-05-28 18:45:00,0.0,0.20495448
2019-05-27,2019-05-28 19:00:00,0.0,0.13428362
2019-05-27,2019-05-28 19:15:00,0.0,0.10133391
2019-05-27,2019-05-28 19:30:00,0.0,0.07485895
2019-05-27,2019-05-28 19:45:00,0.0,0.069337
2019-05-27,2019-05-28 20:00:00,0.0,-0.0017072888
2019-05-27,2019-05-28 20:15:00,0.0,0.01568199
2019-05-27,2019-05-28 20:30:00,0.0,-0.0090743555
2019-05-27,2019-05-28 20:45:00,0.0,0.02603796
2019-05-27,2019-05-28 21:00:00,0.0,-0.008908089
2019-05-27,2019-05-28 21:15:00,0.0035159999999999,0.030234806
2019-05-27,2019-05-28 21:30:00,0.077344,0.16496351
2019-05-27,2019-05-28 21:45:00,0.140625,0.27247778
2019-05-27,2019-05-28 22:00:00,0.256641,0.37342378
2019-05-27,2019-05-28 22:15:00,0.39375,0.47433472
2019-05-27,2019-05-28 22:30:00,0.6082029999999999,0.6086185
2019-05-27,2019-05-28 22:45:00,0.8507809999999999,0.84478045
2019-05-27,2019-05-28 23:00:00,1.107422,1.0866058
2019-05-27,2019-05-28 23:15:00,1.399219,1.2739995
2019-05-27,2019-05-28 23:30:00,1.6875,1.5145174
2019-05-27,2019-05-28 23:45:00,1.979297,1.8414102
2019-05-28,2019-05-29 00:00:00,2.264062,2.270882
2019-05-28,2019-05-29 00:15:00,2.538281,2.5118265
2019-05-28,2019-05-29 00:30:00,2.78789,2.772507
2019-05-28,2019-05-29 00:45:00,3.009375,3.0481791
2019-05-28,2019-05-29 01:00:00,3.223828,3.40994
2019-05-28,2019-05-29 01:15:00,3.434766,3.4998746
2019-05-28,2019-05-29 01:30:00,3.6,3.7833264
2019-05-28,2019-05-29 01:45:00,3.708984,3.925392
2019-05-28,2019-05-29 02:00:00,3.839062,3.9901648
2019-05-28,2019-05-29 02:15:00,3.909375,4.190247
2019-05-28,2019-05-29 02:30:00,3.986719,4.3721905
2019-05-28,2019-05-29 02:45:00,4.032422,4.4053326
2019-05-28,2019-05-29 03:00:00,4.05,4.5421867
2019-05-28,2019-05-29 03:15:00,4.071094,4.576464
2019-05-28,2019-05-29 03:30:00,4.085156,4.6021233
2019-05-28,2019-05-29 03:45:00,4.064063,4.7230177
2019-05-28,2019-05-29 04:00:00,4.028906,4.6267505
2019-05-28,2019-05-29 04:15:00,4.014843,4.6139345
2019-05-28,2019-05-29 04:30:00,4.102734,4.6182275
2019-05-28,2019-05-29 04:45:00,4.074609,4.5707335
2019-05-28,2019-05-29 05:00:00,4.120312,4.444663
2019-05-28,2019-05-29 05:15:00,4.099219000000001,4.4254427
2019-05-28,2019-05-29 05:30:00,4.057030999999999,4.3265605
2019-05-28,2019-05-29 05:45:00,4.1097660000000005,4.314057
2019-05-28,2019-05-29 06:00:00,4.130859,4.17464
2019-05-28,2019-05-29 06:15:00,3.744141,4.021877
2019-05-28,2019-05-29 06:30:00,3.948047,3.987135
2019-05-28,2019-05-29 06:45:00,3.796875,3.8430998
2019-05-28,2019-05-29 07:00:00,3.3855470000000003,3.6252842
2019-05-28,2019-05-29 07:15:00,3.779297,3.4213853
2019-05-28,2019-05-29 07:30:00,3.5648440000000003,3.125853
2019-05-28,2019-05-29 07:45:00,3.128906,2.9701715
2019-05-28,2019-05-29 08:00:00,2.295703,2.6826565
2019-05-28,2019-05-29 08:15:00,3.216797,2.3567698
2019-05-28,2019-05-29 08:30:00,2.657812,2.128789
2019-05-28,2019-05-29 08:45:00,2.545312,1.7766705
2019-05-28,2019-05-29 09:00:00,2.130469,1.5976768
2019-05-28,2019-05-29 09:15:00,1.835156,1.2959015
2019-05-28,2019-05-29 09:30:00,1.543359,1.0786833
2019-05-28,2019-05-29 09:45:00,0.8085939999999999,0.7841724
2019-05-28,2019-05-29 10:00:00,0.400781,0.625353
2019-05-28,2019-05-29 10:15:00,0.418359,0.43488136
2019-05-28,2019-05-29 10:30:00,0.379687,0.23866324
2019-05-28,2019-05-29 10:45:00,0.182812,0.14072631
2019-05-28,2019-05-29 11:00:00,0.119531,-0.0048693344
2019-05-28,2019-05-29 11:15:00,0.0421879999999999,-0.102290176
2019-05-28,2019-05-29 11:30:00,0.0,-0.09241361
2019-05-28,2019-05-29 11:45:00,0.0,-0.062366046
2019-05-28,2019-05-29 12:00:00,0.0,-0.23313601
2019-05-28,2019-05-29 12:15:00,0.0,-0.113885455
2019-05-28,2019-05-29 12:30:00,0.0,-0.13677831
2019-05-28,2019-05-29 12:45:00,0.0,0.009855215
2019-05-28,2019-05-29 13:00:00,0.0,-0.04796072
2019-05-28,2019-05-29 13:15:00,0.0,-0.0716829
2019-05-28,2019-05-29 13:30:00,0.0,-0.0031008134
2019-05-28,2019-05-29 13:45:00,0.0,-0.010313399
2019-05-28,2019-05-29 14:00:00,0.0,-0.01730166
2019-05-28,2019-05-29 14:15:00,0.0,0.09378606
2019-05-28,2019-05-29 14:30:00,0.0,0.05176793
2019-05-28,2019-05-29 14:45:00,0.0,0.045467094
2019-05-28,2019-05-29 15:00:00,0.0,0.033635184
2019-05-28,2019-05-29 15:15:00,0.0,0.07647013
2019-05-28,2019-05-29 15:30:00,0.0,0.015845988
2019-05-28,2019-05-29 15:45:00,0.0,0.01739608
2019-05-28,2019-05-29 16:00:00,0.0,0.11248573
2019-05-28,2019-05-29 16:15:00,0.0,0.07983529
2019-05-28,2019-05-29 16:30:00,0.0,0.089390315
2019-05-28,2019-05-29 16:45:00,0.0,-0.0014490937
2019-05-28,2019-05-29 17:00:00,0.0,0.11520371
2019-05-28,2019-05-29 17:15:00,0.0,0.13128038
2019-05-28,2019-05-29 17:30:00,0.0,0.15891309
2019-05-28,2019-05-29 17:45:00,0.0,-0.0034091456
2019-05-28,2019-05-29 18:00:00,0.0,0.14542441
2019-05-28,2019-05-29 18:15:00,0.0,0.117051385
2019-05-28,2019-05-29 18:30:00,0.0,0.06958806
2019-05-28,2019-05-29 18:45:00,0.0,0.06676297
2019-05-28,2019-05-29 19:00:00,0.0,0.017250255
2019-05-28,2019-05-29 19:15:00,0.0,0.0068755927
2019-05-28,2019-05-29 19:30:00,0.0,0.043177314
2019-05-28,2019-05-29 19:45:00,0.0,-0.013005302
2019-05-28,2019-05-29 20:00:00,0.0,-0.049368955
2019-05-28,2019-05-29 20:15:00,0.0,-0.08987676
2019-05-28,2019-05-29 20:30:00,0.0,-0.05389162
2019-05-28,2019-05-29 20:45:00,0.0,-0.022925582
2019-05-28,2019-05-29 21:00:00,0.0,0.053588692
2019-05-28,2019-05-29 21:15:00,0.0,0.096969284
2019-05-28,2019-05-29 21:30:00,0.0,0.24291962
2019-05-28,2019-05-29 21:45:00,0.193359,0.39161062
2019-05-28,2019-05-29 22:00:00,0.302344,0.49798852
2019-05-28,2019-05-29 22:15:00,0.439453,0.6253546
2019-05-28,2019-05-29 22:30:00,0.481641,0.7850856
2019-05-28,2019-05-29 22:45:00,0.583594,0.9405134
2019-05-28,2019-05-29 23:00:00,0.984375,1.1859964
2019-05-28,2019-05-29 23:15:00,0.812109,1.4324657
2019-05-28,2019-05-29 23:30:00,1.364062,1.6600697
2019-05-28,2019-05-29 23:45:00,1.434375,1.9181713
2019-05-29,2019-05-30 00:00:00,1.930078,2.1062152
2019-05-29,2019-05-30 00:15:00,2.383594,2.2925813
2019-05-29,2019-05-30 00:30:00,2.446875,2.4496672
2019-05-29,2019-05-30 00:45:00,2.707031,2.649989
2019-05-29,2019-05-30 01:00:00,3.058594,2.9315815
2019-05-29,2019-05-30 01:15:00,3.266016,2.9981053
2019-05-29,2019-05-30 01:30:00,3.4875,3.1839073
2019-05-29,2019-05-30 01:45:00,3.666797,3.260112
2019-05-29,2019-05-30 02:00:00,3.863672,3.3130107
2019-05-29,2019-05-30 02:15:00,3.909375,3.424988
2019-05-29,2019-05-30 02:30:00,3.99375,3.5823367
2019-05-29,2019-05-30 02:45:00,3.877734,3.5122762
2019-05-29,2019-05-30 03:00:00,4.158983999999999,3.621248
2019-05-29,2019-05-30 03:15:00,4.187109,3.586241
2019-05-29,2019-05-30 03:30:00,4.081641,3.5913334
2019-05-29,2019-05-30 03:45:00,4.092187,3.6173458
2019-05-29,2019-05-30 04:00:00,3.891797,3.556599
2019-05-29,2019-05-30 04:15:00,3.779297,3.5336728
2019-05-29,2019-05-30 04:30:00,2.900391,3.5351093
2019-05-29,2019-05-30 04:45:00,3.378515,3.4408631
2019-05-29,2019-05-30 05:00:00,3.009375,3.3923767
2019-05-29,2019-05-30 05:15:00,4.074609,3.3574054
2019-05-29,2019-05-30 05:30:00,3.91289,3.344307
2019-05-29,2019-05-30 05:45:00,3.730078,3.3134246
2019-05-29,2019-05-30 06:00:00,3.308203,3.273189
2019-05-29,2019-05-30 06:15:00,3.877734,3.160891
2019-05-29,2019-05-30 06:30:00,2.267578,3.1369216
2019-05-29,2019-05-30 06:45:00,1.357031,3.0196342
2019-05-29,2019-05-30 07:00:00,2.664844,2.8528264
2019-05-29,2019-05-30 07:15:00,2.506641,2.7659304
2019-05-29,2019-05-30 07:30:00,3.476953,2.5321882
2019-05-29,2019-05-30 07:45:00,3.153516,2.412065
2019-05-29,2019-05-30 08:00:00,2.9636720000000003,2.184551
2019-05-29,2019-05-30 08:15:00,2.626172,1.947985
2019-05-29,2019-05-30 08:30:00,2.323828,1.7215931
2019-05-29,2019-05-30 08:45:00,2.035547,1.433843
2019-05-29,2019-05-30 09:00:00,1.715625,1.2343361
2019-05-29,2019-05-30 09:15:00,1.480078,1.0439113
2019-05-29,2019-05-30 09:30:00,1.241016,0.83593446
2019-05-29,2019-05-30 09:45:00,0.910547,0.5978027
2019-05-29,2019-05-30 10:00:00,0.713672,0.4822774
2019-05-29,2019-05-30 10:15:00,0.523828,0.3333437
2019-05-29,2019-05-30 10:30:00,0.379687,0.19385247
2019-05-29,2019-05-30 10:45:00,0.256641,0.14245632
2019-05-29,2019-05-30 11:00:00,0.154687,0.07640417
2019-05-29,2019-05-30 11:15:00,0.014062,0.00246645
2019-05-29,2019-05-30 11:30:00,0.0,-0.020649256
2019-05-29,2019-05-30 11:45:00,0.0,0.027051162
2019-05-29,2019-05-30 12:00:00,0.0,-0.087834544
2019-05-29,2019-05-30 12:15:00,0.0,-0.018028481
2019-05-29,2019-05-30 12:30:00,0.0,0.02502702
2019-05-29,2019-05-30 12:45:00,0.0,0.06736973
2019-05-29,2019-05-30 13:00:00,0.0,0.08026695
2019-05-29,2019-05-30 13:15:00,0.0,0.014320679
2019-05-29,2019-05-30 13:30:00,0.0,0.07728257
2019-05-29,2019-05-30 13:45:00,0.0,0.06846121
2019-05-29,2019-05-30 14:00:00,0.0,0.07314584
2019-05-29,2019-05-30 14:15:00,0.0,0.13213277
2019-05-29,2019-05-30 14:30:00,0.0,0.10529441
2019-05-29,2019-05-30 14:45:00,0.0,0.12671126
2019-05-29,2019-05-30 15:00:00,0.0,0.10732445
2019-05-29,2019-05-30 15:15:00,0.0,0.17415743
2019-05-29,2019-05-30 15:30:00,0.0,0.13666758
2019-05-29,2019-05-30 15:45:00,0.0,0.07720332
2019-05-29,2019-05-30 16:00:00,0.0,0.12139129
2019-05-29,2019-05-30 16:15:00,0.0,0.08985988
2019-05-29,2019-05-30 16:30:00,0.0,0.12219438
2019-05-29,2019-05-30 16:45:00,0.0,0.05893715
2019-05-29,2019-05-30 17:00:00,0.0,0.12732589
2019-05-29,2019-05-30 17:15:00,0.0,0.11003559
2019-05-29,2019-05-30 17:30:00,0.0,0.118538365
2019-05-29,2019-05-30 17:45:00,0.0,-0.003002914
2019-05-29,2019-05-30 18:00:00,0.0,0.100101136
2019-05-29,2019-05-30 18:15:00,0.0,0.02678931
2019-05-29,2019-05-30 18:30:00,0.0,-0.0055089635
2019-05-29,2019-05-30 18:45:00,0.0,0.023214577
2019-05-29,2019-05-30 19:00:00,0.0,0.041861843
2019-05-29,2019-05-30 19:15:00,0.0,0.00686833
2019-05-29,2019-05-30 19:30:00,0.0,0.017280221
2019-05-29,2019-05-30 19:45:00,0.0,-0.0479098
2019-05-29,2019-05-30 20:00:00,0.0,-0.017736739
2019-05-29,2019-05-30 20:15:00,0.0,-0.036483698
2019-05-29,2019-05-30 20:30:00,0.0,-0.027023515
2019-05-29,2019-05-30 20:45:00,0.0,0.015632395
2019-05-29,2019-05-30 21:00:00,0.0,0.05169024
2019-05-29,2019-05-30 21:15:00,0.024609,0.11827247
2019-05-29,2019-05-30 21:30:00,0.0,0.25737596
2019-05-29,2019-05-30 21:45:00,0.189844,0.3359637
2019-05-29,2019-05-30 22:00:00,0.298828,0.3964889
2019-05-29,2019-05-30 22:15:00,0.460547,0.47364888
2019-05-29,2019-05-30 22:30:00,0.660937,0.61247534
2019-05-29,2019-05-30 22:45:00,0.8648440000000001,0.76729155
2019-05-29,2019-05-30 23:00:00,1.156641,1.0029567
2019-05-29,2019-05-30 23:15:00,1.434375,1.1639346
2019-05-29,2019-05-30 23:30:00,1.712109,1.3680829
2019-05-29,2019-05-30 23:45:00,2.014453,1.6235262
2019-05-30,2019-05-31 00:00:00,2.2605470000000003,1.4039015
2019-05-30,2019-05-31 00:15:00,2.5101560000000003,1.5272155
2019-05-30,2019-05-31 00:30:00,2.766797,1.5688858
2019-05-30,2019-05-31 00:45:00,2.998828,1.643837
2019-05-30,2019-05-31 01:00:00,3.230859,1.8024132
2019-05-30,2019-05-31 01:15:00,3.438281,1.8195707
2019-05-30,2019-05-31 01:30:00,3.568359,1.9233191
2019-05-30,2019-05-31 01:45:00,3.744141,1.8845478
2019-05-30,2019-05-31 02:00:00,3.902344,1.9251533
2019-05-30,2019-05-31 02:15:00,4.014843,1.9502608
2019-05-30,2019-05-31 02:30:00,4.095703,1.9974961
2019-05-30,2019-05-31 02:45:00,4.169531,1.9592004
2019-05-30,2019-05-31 03:00:00,4.232812,1.9826963
2019-05-30,2019-05-31 03:15:00,4.222266,1.9805677
2019-05-30,2019-05-31 03:30:00,4.169531,2.0118275
2019-05-30,2019-05-31 03:45:00,4.201172,1.9841411
2019-05-30,2019-05-31 04:00:00,4.225781,1.9897542
2019-05-30,2019-05-31 04:15:00,4.144922,1.9278853
2019-05-30,2019-05-31 04:30:00,4.201172,1.9684887
2019-05-30,2019-05-31 04:45:00,4.092187,1.883981
2019-05-30,2019-05-31 05:00:00,4.014843,1.8662895
2019-05-30,2019-05-31 05:15:00,4.046484,1.8855995
2019-05-30,2019-05-31 05:30:00,4.05,1.9676781
2019-05-30,2019-05-31 05:45:00,3.91289,1.8222274
2019-05-30,2019-05-31 06:00:00,4.000781,1.8249335
2019-05-30,2019-05-31 06:15:00,3.941015,1.8022233
2019-05-30,2019-05-31 06:30:00,3.898828,1.758477
2019-05-30,2019-05-31 06:45:00,3.863672,1.7123582
2019-05-30,2019-05-31 07:00:00,3.716016,1.6015267
2019-05-30,2019-05-31 07:15:00,2.988281,1.6212426
2019-05-30,2019-05-31 07:30:00,2.460938,1.5236849
2019-05-30,2019-05-31 07:45:00,2.882812,1.4254924
2019-05-30,2019-05-31 08:00:00,1.6804689999999998,1.2880468
2019-05-30,2019-05-31 08:15:00,1.026562,1.1534085
2019-05-30,2019-05-31 08:30:00,1.360547,1.0748208
2019-05-30,2019-05-31 08:45:00,1.248047,0.9302402
2019-05-30,2019-05-31 09:00:00,2.341406,0.831046
2019-05-30,2019-05-31 09:15:00,1.648828,0.7714876
2019-05-30,2019-05-31 09:30:00,1.089844,0.6297155
2019-05-30,2019-05-31 09:45:00,0.7558590000000001,0.44858718
2019-05-30,2019-05-31 10:00:00,0.875391,0.40482116
2019-05-30,2019-05-31 10:15:00,0.28125,0.39028803
2019-05-30,2019-05-31 10:30:00,0.326953,0.26183632
2019-05-30,2019-05-31 10:45:00,0.221484,0.31378737
2019-05-30,2019-05-31 11:00:00,0.130078,0.27315032
2019-05-30,2019-05-31 11:15:00,0.0,0.2650113
2019-05-30,2019-05-31 11:30:00,0.0,0.17087984
2019-05-30,2019-05-31 11:45:00,0.0,0.20125929
2019-05-30,2019-05-31 12:00:00,0.0,0.10131904
2019-05-30,2019-05-31 12:15:00,0.0,0.11759886
2019-05-30,2019-05-31 12:30:00,0.0,0.16846496
2019-05-30,2019-05-31 12:45:00,0.0,0.17110457
2019-05-30,2019-05-31 13:00:00,0.0,0.16080965
2019-05-30,2019-05-31 13:15:00,0.0,0.12837955
2019-05-30,2019-05-31 13:30:00,0.0,0.14720055
2019-05-30,2019-05-31 13:45:00,0.0,0.11806955
2019-05-30,2019-05-31 14:00:00,0.0,0.21249565
2019-05-30,2019-05-31 14:15:00,0.0,0.14485002
2019-05-30,2019-05-31 14:30:00,0.0,0.15211411
2019-05-30,2019-05-31 14:45:00,0.0,0.27552852
2019-05-30,2019-05-31 15:00:00,0.0,0.21525654
2019-05-30,2019-05-31 15:15:00,0.0,0.1993368
2019-05-30,2019-05-31 15:30:00,0.0,0.18132514
2019-05-30,2019-05-31 15:45:00,0.0,0.10158649
2019-05-30,2019-05-31 16:00:00,0.0,0.22551392
2019-05-30,2019-05-31 16:15:00,0.0,0.23201208
2019-05-30,2019-05-31 16:30:00,0.0,0.22937898
2019-05-30,2019-05-31 16:45:00,0.0,0.18569176
2019-05-30,2019-05-31 17:00:00,0.0,0.27646422
2019-05-30,2019-05-31 17:15:00,0.0,0.23228107
2019-05-30,2019-05-31 17:30:00,0.0,0.22066696
2019-05-30,2019-05-31 17:45:00,0.0,0.116118185
2019-05-30,2019-05-31 18:00:00,0.0,0.21003473
2019-05-30,2019-05-31 18:15:00,0.0,0.12447982
2019-05-30,2019-05-31 18:30:00,0.0,0.0892887
2019-05-30,2019-05-31 18:45:00,0.0,0.17446332
2019-05-30,2019-05-31 19:00:00,0.0,0.16990913
2019-05-30,2019-05-31 19:15:00,0.0,0.07216534
2019-05-30,2019-05-31 19:30:00,0.0,0.151619
2019-05-30,2019-05-31 19:45:00,0.0,0.016344987
2019-05-30,2019-05-31 20:00:00,0.0,0.09209075
2019-05-30,2019-05-31 20:15:00,0.0,0.10455619
2019-05-30,2019-05-31 20:30:00,0.0,0.09999402
2019-05-30,2019-05-31 20:45:00,0.0,0.18294935
2019-05-30,2019-05-31 21:00:00,0.0,0.13335358
2019-05-30,2019-05-31 21:15:00,0.0,0.22016996
2019-05-30,2019-05-31 21:30:00,0.0,0.3461333
2019-05-30,2019-05-31 21:45:00,0.0,0.39028174
2019-05-30,2019-05-31 22:00:00,0.077344,0.4169139
2019-05-30,2019-05-31 22:15:00,0.16875,0.43730652
2019-05-30,2019-05-31 22:30:00,0.344531,0.5409115
2019-05-30,2019-05-31 22:45:00,0.298828,0.71648014
2019-05-30,2019-05-31 23:00:00,0.351562,0.91436625
2019-05-30,2019-05-31 23:15:00,0.2953119999999999,0.96515197
2019-05-30,2019-05-31 23:30:00,0.523828,1.0219603
2019-05-30,2019-05-31 23:45:00,0.833203,1.2339296
2019-05-31,2019-06-01 00:00:00,0.794531,2.1975398
2019-05-31,2019-06-01 00:15:00,0.523828,2.384167
2019-05-31,2019-06-01 00:30:00,0.418359,2.5995636
2019-05-31,2019-06-01 00:45:00,0.369141,2.8479567
2019-05-31,2019-06-01 01:00:00,1.283203,3.1304204
2019-05-31,2019-06-01 01:15:00,2.025,3.2544217
2019-05-31,2019-06-01 01:30:00,3.241406,3.4759135
2019-05-31,2019-06-01 01:45:00,3.491015,3.547218
2019-05-31,2019-06-01 02:00:00,3.765234,3.6310782
2019-05-31,2019-06-01 02:15:00,3.877734,3.7917614
2019-05-31,2019-06-01 02:30:00,3.986719,3.9179852
2019-05-31,2019-06-01 02:45:00,4.134375,3.9345253
2019-05-31,2019-06-01 03:00:00,4.201172,4.0425296
2019-05-31,2019-06-01 03:15:00,4.282031,4.042038
2019-05-31,2019-06-01 03:30:00,4.2785150000000005,4.035279
2019-05-31,2019-06-01 03:45:00,4.264453,4.129918
2019-05-31,2019-06-01 04:00:00,4.362891,4.078627
2019-05-31,2019-06-01 04:15:00,4.275,4.064029
2019-05-31,2019-06-01 04:30:00,4.148438,4.0133834
2019-05-31,2019-06-01 04:45:00,4.355859,3.9632552
2019-05-31,2019-06-01 05:00:00,4.369922,3.908246
2019-05-31,2019-06-01 05:15:00,2.439844,3.8605018
2019-05-31,2019-06-01 05:30:00,4.246875,3.8116815
2019-05-31,2019-06-01 05:45:00,1.567969,3.8065987
2019-05-31,2019-06-01 06:00:00,1.6523439999999998,3.7084122
2019-05-31,2019-06-01 06:15:00,4.33125,3.5404596
2019-05-31,2019-06-01 06:30:00,3.863672,3.545355
2019-05-31,2019-06-01 06:45:00,2.091797,3.4191525
2019-05-31,2019-06-01 07:00:00,1.346484,3.2441323
2019-05-31,2019-06-01 07:15:00,3.329297,3.05788
2019-05-31,2019-06-01 07:30:00,3.125391,2.8565178
2019-05-31,2019-06-01 07:45:00,2.953125,2.6875923
2019-05-31,2019-06-01 08:00:00,2.696484,2.4421647
2019-05-31,2019-06-01 08:15:00,2.408203,2.154802
2019-05-31,2019-06-01 08:30:00,2.190234,1.9237167
2019-05-31,2019-06-01 08:45:00,1.923047,1.6217923
2019-05-31,2019-06-01 09:00:00,1.645312,1.3950585
2019-05-31,2019-06-01 09:15:00,1.388672,1.1654496
2019-05-31,2019-06-01 09:30:00,1.082812,0.95610017
2019-05-31,2019-06-01 09:45:00,0.8824219999999999,0.6928479
2019-05-31,2019-06-01 10:00:00,0.660937,0.5171347
2019-05-31,2019-06-01 10:15:00,0.478125,0.35338843
2019-05-31,2019-06-01 10:30:00,0.323438,0.18138693
2019-05-31,2019-06-01 10:45:00,0.210938,0.10283352
2019-05-31,2019-06-01 11:00:00,0.105469,-0.06377744
2019-05-31,2019-06-01 11:15:00,0.0,-0.10647559
2019-05-31,2019-06-01 11:30:00,0.0,-0.12927264
2019-05-31,2019-06-01 11:45:00,0.0,-0.08585717
2019-05-31,2019-06-01 12:00:00,0.0,-0.24993888
2019-05-31,2019-06-01 12:15:00,0.0,-0.15806295
2019-05-31,2019-06-01 12:30:00,0.0,-0.15332861
2019-05-31,2019-06-01 12:45:00,0.0,-0.05750746
2019-05-31,2019-06-01 13:00:00,0.0,-0.039259925
2019-05-31,2019-06-01 13:15:00,0.0,-0.09055585
2019-05-31,2019-06-01 13:30:00,0.0,0.007292671
2019-05-31,2019-06-01 13:45:00,0.0,6.24244e-05
2019-05-31,2019-06-01 14:00:00,0.0,-0.008376123
2019-05-31,2019-06-01 14:15:00,0.0,0.07980486
2019-05-31,2019-06-01 14:30:00,0.0,0.033667408
2019-05-31,2019-06-01 14:45:00,0.0,0.031710282
2019-05-31,2019-06-01 15:00:00,0.0,0.08058271
2019-05-31,2019-06-01 15:15:00,0.0,0.10474081
2019-05-31,2019-06-01 15:30:00,0.0,0.06761492
2019-05-31,2019-06-01 15:45:00,0.0,0.06677147
2019-05-31,2019-06-01 16:00:00,0.0,0.118806034
2019-05-31,2019-06-01 16:15:00,0.0,0.08752705
2019-05-31,2019-06-01 16:30:00,0.0,0.09335254
2019-05-31,2019-06-01 16:45:00,0.0,0.015227891
2019-05-31,2019-06-01 17:00:00,0.0,0.081757896
2019-05-31,2019-06-01 17:15:00,0.0,0.09920284
2019-05-31,2019-06-01 17:30:00,0.0,0.17535959
2019-05-31,2019-06-01 17:45:00,0.0,0.013943088
2019-05-31,2019-06-01 18:00:00,0.0,0.09463319
2019-05-31,2019-06-01 18:15:00,0.0,0.057789452
2019-05-31,2019-06-01 18:30:00,0.0,-0.0061453464
2019-05-31,2019-06-01 18:45:00,0.0,0.007626172
2019-05-31,2019-06-01 19:00:00,0.0,-0.0551886
2019-05-31,2019-06-01 19:15:00,0.0,-0.032956686
2019-05-31,2019-06-01 19:30:00,0.0,-0.036350556
2019-05-31,2019-06-01 19:45:00,0.0,-0.10918616
2019-05-31,2019-06-01 20:00:00,0.0,-0.15100104
2019-05-31,2019-06-01 20:15:00,0.0,-0.18508445
2019-05-31,2019-06-01 20:30:00,0.0,-0.12273875
2019-05-31,2019-06-01 20:45:00,0.0,-0.12407361
2019-05-31,2019-06-01 21:00:00,0.0,-0.06840311
2019-05-31,2019-06-01 21:15:00,0.0,-0.06347109
2019-05-31,2019-06-01 21:30:00,0.080859,0.08744899
2019-05-31,2019-06-01 21:45:00,0.165234,0.20195663
2019-05-31,2019-06-01 22:00:00,0.2847659999999999,0.27668056
2019-05-31,2019-06-01 22:15:00,0.4148439999999999,0.3812538
2019-05-31,2019-06-01 22:30:00,0.541406,0.5283699
2019-05-31,2019-06-01 22:45:00,0.776953,0.69432366
2019-05-31,2019-06-01 23:00:00,0.987891,0.8794143
2019-05-31,2019-06-01 23:15:00,1.241016,1.1458746
2019-05-31,2019-06-01 23:30:00,1.364062,1.3740042
2019-05-31,2019-06-01 23:45:00,1.582031,1.6236024
2018-08-25,2018-08-26 00:00:00,1.286719,1.2602508
2018-08-25,2018-08-26 00:15:00,1.504687,1.3777367
2018-08-25,2018-08-26 00:30:00,1.747266,1.4557147
2018-08-25,2018-08-26 00:45:00,1.916016,1.6092542
2018-08-25,2018-08-26 01:00:00,2.169141,1.7760165
2018-08-25,2018-08-26 01:15:00,2.309766,1.8375356
2018-08-25,2018-08-26 01:30:00,2.636719,1.9867992
2018-08-25,2018-08-26 01:45:00,2.770312,2.0244713
2018-08-25,2018-08-26 02:00:00,2.872266,2.1060681
2018-08-25,2018-08-26 02:15:00,3.086719,2.1599896
2018-08-25,2018-08-26 02:30:00,3.188672,2.2376933
2018-08-25,2018-08-26 02:45:00,3.181641,2.2734656
2018-08-25,2018-08-26 03:00:00,3.325781,2.3072681
2018-08-25,2018-08-26 03:15:00,3.378515,2.3097951
2018-08-25,2018-08-26 03:30:00,3.357422,2.3442802
2018-08-25,2018-08-26 03:45:00,3.3890620000000005,2.3947916
2018-08-25,2018-08-26 04:00:00,3.403125,2.362178
2018-08-25,2018-08-26 04:15:00,3.448828,2.3474443
2018-08-25,2018-08-26 04:30:00,3.427734,2.334629
2018-08-25,2018-08-26 04:45:00,3.396094,2.2898004
2018-08-25,2018-08-26 05:00:00,3.273047,2.2629201
2018-08-25,2018-08-26 05:15:00,3.403125,2.2578883
2018-08-25,2018-08-26 05:30:00,3.364453,2.2377267
2018-08-25,2018-08-26 05:45:00,2.974219,2.155721
2018-08-25,2018-08-26 06:00:00,3.058594,2.1175222
2018-08-25,2018-08-26 06:15:00,2.063672,2.0483212
2018-08-25,2018-08-26 06:30:00,2.882812,1.9513155
2018-08-25,2018-08-26 06:45:00,2.443359,1.8953881
2018-08-25,2018-08-26 07:00:00,2.239453,1.7908169
2018-08-25,2018-08-26 07:15:00,2.373047,1.7232146
2018-08-25,2018-08-26 07:30:00,2.151562,1.6022663
2018-08-25,2018-08-26 07:45:00,1.993359,1.4537239
2018-08-25,2018-08-26 08:00:00,1.7824220000000002,1.2943902
2018-08-25,2018-08-26 08:15:00,1.578516,1.1491659
2018-08-25,2018-08-26 08:30:00,1.392187,1.0448911
2018-08-25,2018-08-26 08:45:00,1.019531,0.8825207
2018-08-25,2018-08-26 09:00:00,0.45,0.76503646
2018-08-25,2018-08-26 09:15:00,0.4253909999999999,0.64881945
2018-08-25,2018-08-26 09:30:00,0.379687,0.54679734
2018-08-25,2018-08-26 09:45:00,0.298828,0.35972345
2018-08-25,2018-08-26 10:00:00,0.291797,0.24809095
2018-08-25,2018-08-26 10:15:00,0.175781,0.22995004
2018-08-25,2018-08-26 10:30:00,0.024609,0.13184807
2018-08-25,2018-08-26 10:45:00,0.0,0.13692614
2018-08-25,2018-08-26 11:00:00,0.0,0.06541213
2018-08-25,2018-08-26 11:15:00,0.0,0.05740585
2018-08-25,2018-08-26 11:30:00,0.0,-0.0009815845
2018-08-25,2018-08-26 11:45:00,0.0,0.0066600703
2018-08-25,2018-08-26 12:00:00,0.0,-0.019203197
2018-08-25,2018-08-26 12:15:00,0.0,-0.02554346
2018-08-25,2018-08-26 12:30:00,0.0,-0.002609809
2018-08-25,2018-08-26 12:45:00,0.0,0.05532614
2018-08-25,2018-08-26 13:00:00,0.0,0.049420454
2018-08-25,2018-08-26 13:15:00,0.0,0.04323447
2018-08-25,2018-08-26 13:30:00,0.0,0.08976184
2018-08-25,2018-08-26 13:45:00,0.0,0.082984984
2018-08-25,2018-08-26 14:00:00,0.0,0.09786996
2018-08-25,2018-08-26 14:15:00,0.0,0.11748414
2018-08-25,2018-08-26 14:30:00,0.0,0.0976955
2018-08-25,2018-08-26 14:45:00,0.0,0.16785377
2018-08-25,2018-08-26 15:00:00,0.0,0.19724752
2018-08-25,2018-08-26 15:15:00,0.0,0.14908664
2018-08-25,2018-08-26 15:30:00,0.0,0.13071746
2018-08-25,2018-08-26 15:45:00,0.0,0.11357048
2018-08-25,2018-08-26 16:00:00,0.0,0.1620221
2018-08-25,2018-08-26 16:15:00,0.0,0.16886134
2018-08-25,2018-08-26 16:30:00,0.0,0.14460222
2018-08-25,2018-08-26 16:45:00,0.0,0.09996465
2018-08-25,2018-08-26 17:00:00,0.0,0.18325232
2018-08-25,2018-08-26 17:15:00,0.0,0.17804942
2018-08-25,2018-08-26 17:30:00,0.0,0.12875308
2018-08-25,2018-08-26 17:45:00,0.0,0.074593805
2018-08-25,2018-08-26 18:00:00,0.0,0.12503548
2018-08-25,2018-08-26 18:15:00,0.0,0.09447021
2018-08-25,2018-08-26 18:30:00,0.0,0.03899301
2018-08-25,2018-08-26 18:45:00,0.0,0.08242972
2018-08-25,2018-08-26 19:00:00,0.0,0.08684599
2018-08-25,2018-08-26 19:15:00,0.0,0.025438003
2018-08-25,2018-08-26 19:30:00,0.0,0.10858136
2018-08-25,2018-08-26 19:45:00,0.0,-0.025437675
2018-08-25,2018-08-26 20:00:00,0.0,0.04203499
2018-08-25,2018-08-26 20:15:00,0.0,0.023452088
2018-08-25,2018-08-26 20:30:00,0.0,0.051678583
2018-08-25,2018-08-26 20:45:00,0.0,0.08758321
2018-08-25,2018-08-26 21:00:00,0.0,0.04006778
2018-08-25,2018-08-26 21:15:00,0.0,0.083565116
2018-08-25,2018-08-26 21:30:00,0.0,0.15291242
2018-08-25,2018-08-26 21:45:00,0.0,0.25606176
2018-08-25,2018-08-26 22:00:00,0.0,0.2148512
2018-08-25,2018-08-26 22:15:00,0.0,0.24406655
2018-08-25,2018-08-26 22:30:00,0.203906,0.31137273
2018-08-25,2018-08-26 22:45:00,0.319922,0.47110623
2018-08-25,2018-08-26 23:00:00,0.460547,0.56189317
2018-08-25,2018-08-26 23:15:00,0.632812,0.68171585
2018-08-25,2018-08-26 23:30:00,0.8824219999999999,0.7866758
2018-08-25,2018-08-26 23:45:00,1.125,0.9764358
2018-08-26,2018-08-27 00:00:00,1.297266,1.2681218
2018-08-26,2018-08-27 00:15:00,1.18125,1.6085548
2018-08-26,2018-08-27 00:30:00,1.887891,1.8477485
2018-08-26,2018-08-27 00:45:00,2.021484,2.207641
2018-08-26,2018-08-27 01:00:00,2.285156,2.6224096
2018-08-26,2018-08-27 01:15:00,2.478516,2.8426292
2018-08-26,2018-08-27 01:30:00,2.657812,3.137009
2018-08-26,2018-08-27 01:45:00,2.844141,3.3353775
2018-08-26,2018-08-27 02:00:00,3.121875,3.5798378
2018-08-26,2018-08-27 02:15:00,3.287109,3.8092008
2018-08-26,2018-08-27 02:30:00,2.309766,4.078067
2018-08-26,2018-08-27 02:45:00,3.427734,4.2652392
2018-08-26,2018-08-27 03:00:00,2.211328,4.416414
2018-08-26,2018-08-27 03:15:00,3.469922,4.547319
2018-08-26,2018-08-27 03:30:00,3.15,4.664475
2018-08-26,2018-08-27 03:45:00,3.410156,4.7803955
2018-08-26,2018-08-27 04:00:00,4.151953,4.703635
2018-08-26,2018-08-27 04:15:00,3.670312000000001,4.755001
2018-08-26,2018-08-27 04:30:00,3.596484,4.7300034
2018-08-26,2018-08-27 04:45:00,3.723047,4.66251
2018-08-26,2018-08-27 05:00:00,2.580469,4.5592456
2018-08-26,2018-08-27 05:15:00,2.696484,4.538225
2018-08-26,2018-08-27 05:30:00,4.310156,4.459627
2018-08-26,2018-08-27 05:45:00,2.844141,4.2848344
2018-08-26,2018-08-27 06:00:00,3.4839839999999995,4.1488733
2018-08-26,2018-08-27 06:15:00,3.596484,4.0332255
2018-08-26,2018-08-27 06:30:00,3.336328,3.8161132
2018-08-26,2018-08-27 06:45:00,3.3679690000000004,3.6145453
2018-08-26,2018-08-27 07:00:00,3.026953,3.3737607
2018-08-26,2018-08-27 07:15:00,3.055078,3.1706617
2018-08-26,2018-08-27 07:30:00,2.896875,2.8922021
2018-08-26,2018-08-27 07:45:00,2.735156,2.6504972
2018-08-26,2018-08-27 08:00:00,2.376562,2.3744235
2018-08-26,2018-08-27 08:15:00,1.7015619999999998,1.9784422
2018-08-26,2018-08-27 08:30:00,2.288672,1.7354646
2018-08-26,2018-08-27 08:45:00,2.014453,1.4229349
2018-08-26,2018-08-27 09:00:00,0.6679689999999999,1.2236243
2018-08-26,2018-08-27 09:15:00,0.569531,0.9722835
2018-08-26,2018-08-27 09:30:00,0.569531,0.73582566
2018-08-26,2018-08-27 09:45:00,0.492188,0.43327695
2018-08-26,2018-08-27 10:00:00,0.428906,0.34580803
2018-08-26,2018-08-27 10:15:00,0.158203,0.21129832
2018-08-26,2018-08-27 10:30:00,0.035156,0.12363771
2018-08-26,2018-08-27 10:45:00,0.0,0.022541462
2018-08-26,2018-08-27 11:00:00,0.0,-0.069370724
2018-08-26,2018-08-27 11:15:00,0.0,-0.084114835
2018-08-26,2018-08-27 11:30:00,0.0,-0.13948923
2018-08-26,2018-08-27 11:45:00,0.0,-0.06980908
2018-08-26,2018-08-27 12:00:00,0.0,-0.17126757
2018-08-26,2018-08-27 12:15:00,0.0,-0.13024259
2018-08-26,2018-08-27 12:30:00,0.0,-0.071714185
2018-08-26,2018-08-27 12:45:00,0.0,0.01988999
2018-08-26,2018-08-27 13:00:00,0.0,0.01496447
2018-08-26,2018-08-27 13:15:00,0.0,0.012744926
2018-08-26,2018-08-27 13:30:00,0.0,0.032875355
2018-08-26,2018-08-27 13:45:00,0.0,0.056823198
2018-08-26,2018-08-27 14:00:00,0.0,0.08892535
2018-08-26,2018-08-27 14:15:00,0.0,0.114998855
2018-08-26,2018-08-27 14:30:00,0.0,0.09613756
2018-08-26,2018-08-27 14:45:00,0.0,0.12027338
2018-08-26,2018-08-27 15:00:00,0.0,0.10485593
2018-08-26,2018-08-27 15:15:00,0.0,0.12521432
2018-08-26,2018-08-27 15:30:00,0.0,0.059169713
2018-08-26,2018-08-27 15:45:00,0.0,0.030612059
2018-08-26,2018-08-27 16:00:00,0.0,0.16176024
2018-08-26,2018-08-27 16:15:00,0.0,0.15730728
2018-08-26,2018-08-27 16:30:00,0.0,0.13565843
2018-08-26,2018-08-27 16:45:00,0.0,0.03963482
2018-08-26,2018-08-27 17:00:00,0.0,0.12707712
2018-08-26,2018-08-27 17:15:00,0.0,0.1782004
2018-08-26,2018-08-27 17:30:00,0.0,0.18994008
2018-08-26,2018-08-27 17:45:00,0.0,0.054780845
2018-08-26,2018-08-27 18:00:00,0.0,0.180216
2018-08-26,2018-08-27 18:15:00,0.0,0.12475649
2018-08-26,2018-08-27 18:30:00,0.0,0.14174911
2018-08-26,2018-08-27 18:45:00,0.0,0.14921524
2018-08-26,2018-08-27 19:00:00,0.0,0.13782685
2018-08-26,2018-08-27 19:15:00,0.0,0.10289373
2018-08-26,2018-08-27 19:30:00,0.0,0.14620315
2018-08-26,2018-08-27 19:45:00,0.0,0.040421464
2018-08-26,2018-08-27 20:00:00,0.0,0.011442511
2018-08-26,2018-08-27 20:15:00,0.0,0.08010967
2018-08-26,2018-08-27 20:30:00,0.0,0.06835102
2018-08-26,2018-08-27 20:45:00,0.0,0.09259226
2018-08-26,2018-08-27 21:00:00,0.0,0.025434712
2018-08-26,2018-08-27 21:15:00,0.0,0.016180757
2018-08-26,2018-08-27 21:30:00,0.0,0.13177668
2018-08-26,2018-08-27 21:45:00,0.0,0.19137555
2018-08-26,2018-08-27 22:00:00,0.0035159999999999,0.20657173
2018-08-26,2018-08-27 22:15:00,0.0,0.260473
2018-08-26,2018-08-27 22:30:00,0.196875,0.37169883
2018-08-26,2018-08-27 22:45:00,0.319922,0.47507846
2018-08-26,2018-08-27 23:00:00,0.341016,0.64504975
2018-08-26,2018-08-27 23:15:00,0.551953,0.8196442
2018-08-26,2018-08-27 23:30:00,0.566016,1.0045327
2018-08-26,2018-08-27 23:45:00,0.73125,1.2859411
2018-08-27,2018-08-28 00:00:00,0.935156,1.0323994
2018-08-27,2018-08-28 00:15:00,1.873828,1.1103836
2018-08-27,2018-08-28 00:30:00,1.226953,1.1401664
2018-08-27,2018-08-28 00:45:00,1.466016,1.1986367
2018-08-27,2018-08-28 01:00:00,1.750781,1.3091317
2018-08-27,2018-08-28 01:15:00,2.742188,1.2940449
2018-08-27,2018-08-28 01:30:00,2.844141,1.375951
2018-08-27,2018-08-28 01:45:00,3.065625,1.3456367
2018-08-27,2018-08-28 02:00:00,3.258984,1.3971608
2018-08-27,2018-08-28 02:15:00,3.4066410000000005,1.4097902
2018-08-27,2018-08-28 02:30:00,3.6,1.4476515
2018-08-27,2018-08-28 02:45:00,3.628125,1.4241074
2018-08-27,2018-08-28 03:00:00,3.659765,1.4579362
2018-08-27,2018-08-28 03:15:00,3.733594,1.4319481
2018-08-27,2018-08-28 03:30:00,3.789844,1.4380767
2018-08-27,2018-08-28 03:45:00,3.782812,1.4497219
2018-08-27,2018-08-28 04:00:00,3.867188,1.4127524
2018-08-27,2018-08-28 04:15:00,3.825,1.3832935
2018-08-27,2018-08-28 04:30:00,3.786328,1.3972445
2018-08-27,2018-08-28 04:45:00,3.796875,1.33982
2018-08-27,2018-08-28 05:00:00,3.744141,1.32171
2018-08-27,2018-08-28 05:15:00,3.652734,1.2792866
2018-08-27,2018-08-28 05:30:00,3.628125,1.2839307
2018-08-27,2018-08-28 05:45:00,3.596484,1.2079818
2018-08-27,2018-08-28 06:00:00,3.515625,1.1963105
2018-08-27,2018-08-28 06:15:00,3.434766,1.1586792
2018-08-27,2018-08-28 06:30:00,3.325781,1.0860851
2018-08-27,2018-08-28 06:45:00,3.185156,1.0222069
2018-08-27,2018-08-28 07:00:00,3.016406,0.9324666
2018-08-27,2018-08-28 07:15:00,2.840625,0.9040795
2018-08-27,2018-08-28 07:30:00,2.629688,0.82664305
2018-08-27,2018-08-28 07:45:00,2.425781,0.7125956
2018-08-27,2018-08-28 08:00:00,2.183203,0.6351207
2018-08-27,2018-08-28 08:15:00,1.916016,0.52175784
2018-08-27,2018-08-28 08:30:00,1.6804689999999998,0.4518157
2018-08-27,2018-08-28 08:45:00,1.444922,0.341987
2018-08-27,2018-08-28 09:00:00,1.149609,0.29040164
2018-08-27,2018-08-28 09:15:00,0.924609,0.22534966
2018-08-27,2018-08-28 09:30:00,0.678516,0.17085974
2018-08-27,2018-08-28 09:45:00,0.478125,0.07513416
2018-08-27,2018-08-28 10:00:00,0.302344,0.033611238
2018-08-27,2018-08-28 10:15:00,0.161719,0.035549574
2018-08-27,2018-08-28 10:30:00,0.038672,-0.006517755
2018-08-27,2018-08-28 10:45:00,0.0,-0.006531662
2018-08-27,2018-08-28 11:00:00,0.0,0.0027335724
2018-08-27,2018-08-28 11:15:00,0.0,-0.005283177
2018-08-27,2018-08-28 11:30:00,0.0,-0.055629417
2018-08-27,2018-08-28 11:45:00,0.0,-0.030903472
2018-08-27,2018-08-28 12:00:00,0.0,-0.054105658
2018-08-27,2018-08-28 12:15:00,0.0,-0.038646493
2018-08-27,2018-08-28 12:30:00,0.0,-0.03844427
2018-08-27,2018-08-28 12:45:00,0.0,0.033794682
2018-08-27,2018-08-28 13:00:00,0.0,0.027905887
2018-08-27,2018-08-28 13:15:00,0.0,0.0034790388
2018-08-27,2018-08-28 13:30:00,0.0,0.0038066807
2018-08-27,2018-08-28 13:45:00,0.0,0.0060656187
2018-08-27,2018-08-28 14:00:00,0.0,0.058009855
2018-08-27,2018-08-28 14:15:00,0.0,0.016787944
2018-08-27,2018-08-28 14:30:00,0.0,0.0043411497
2018-08-27,2018-08-28 14:45:00,0.0,0.07174309
2018-08-27,2018-08-28 15:00:00,0.0,0.066910826
2018-08-27,2018-08-28 15:15:00,0.0,0.04365233
2018-08-27,2018-08-28 15:30:00,0.0,0.042880237
2018-08-27,2018-08-28 15:45:00,0.0,0.013865788
2018-08-27,2018-08-28 16:00:00,0.0,0.043232806
2018-08-27,2018-08-28 16:15:00,0.0,0.046795294
2018-08-27,2018-08-28 16:30:00,0.0,0.03321307
2018-08-27,2018-08-28 16:45:00,0.0,0.023946175
2018-08-27,2018-08-28 17:00:00,0.0,0.063937046
2018-08-27,2018-08-28 17:15:00,0.0,0.05260815
2018-08-27,2018-08-28 17:30:00,0.0,0.069539234
2018-08-27,2018-08-28 17:45:00,0.0,-0.025418807
2018-08-27,2018-08-28 18:00:00,0.0,0.022801764
2018-08-27,2018-08-28 18:15:00,0.0,0.005383127
2018-08-27,2018-08-28 18:30:00,0.0,0.0030800905
2018-08-27,2018-08-28 18:45:00,0.0,0.035491012
2018-08-27,2018-08-28 19:00:00,0.0,0.058290448
2018-08-27,2018-08-28 19:15:00,0.0,-0.009271258
2018-08-27,2018-08-28 19:30:00,0.0,0.04648766
2018-08-27,2018-08-28 19:45:00,0.0,-0.03580354
2018-08-27,2018-08-28 20:00:00,0.0,0.00063163036
2018-08-27,2018-08-28 20:15:00,0.0,0.025205506
2018-08-27,2018-08-28 20:30:00,0.0,-0.00801292
2018-08-27,2018-08-28 20:45:00,0.0,0.04718561
2018-08-27,2018-08-28 21:00:00,0.0,0.0020608692
2018-08-27,2018-08-28 21:15:00,0.0,0.047233336
2018-08-27,2018-08-28 21:30:00,0.0,0.12025094
2018-08-27,2018-08-28 21:45:00,0.0,0.15277514
2018-08-27,2018-08-28 22:00:00,0.0,0.16729142
2018-08-27,2018-08-28 22:15:00,0.0,0.1719842
2018-08-27,2018-08-28 22:30:00,0.0,0.22091343
2018-08-27,2018-08-28 22:45:00,0.217969,0.3205292
2018-08-27,2018-08-28 23:00:00,0.316406,0.42941648
2018-08-27,2018-08-28 23:15:00,0.305859,0.48697245
2018-08-27,2018-08-28 23:30:00,0.28125,0.55957884
2018-08-27,2018-08-28 23:45:00,0.400781,0.6892552
2018-08-28,2018-08-29 00:00:00,0.288281,1.2390665
2018-08-28,2018-08-29 00:15:00,0.520312,1.5328093
2018-08-28,2018-08-29 00:30:00,0.759375,1.7261777
2018-08-28,2018-08-29 00:45:00,1.086328,2.0506616
2018-08-28,2018-08-29 01:00:00,1.381641,2.391169
2018-08-28,2018-08-29 01:15:00,2.566406,2.5375915
2018-08-28,2018-08-29 01:30:00,2.387109,2.817294
2018-08-28,2018-08-29 01:45:00,2.292187,2.9841657
2018-08-28,2018-08-29 02:00:00,2.439844,3.1309397
2018-08-28,2018-08-29 02:15:00,2.759766,3.338298
2018-08-28,2018-08-29 02:30:00,3.782812,3.5444148
2018-08-28,2018-08-29 02:45:00,3.786328,3.6829069
2018-08-28,2018-08-29 03:00:00,3.772265,3.7778811
2018-08-28,2018-08-29 03:15:00,3.638672,3.8616853
2018-08-28,2018-08-29 03:30:00,3.754687,3.9409533
2018-08-28,2018-08-29 03:45:00,3.779297,4.063275
2018-08-28,2018-08-29 04:00:00,3.670312000000001,3.9909956
2018-08-28,2018-08-29 04:15:00,3.614062,3.9760146
2018-08-28,2018-08-29 04:30:00,3.726562,4.0056973
2018-08-28,2018-08-29 04:45:00,3.294141,3.9578333
2018-08-28,2018-08-29 05:00:00,3.575391,3.8554869
2018-08-28,2018-08-29 05:15:00,3.4628910000000004,3.7776732
2018-08-28,2018-08-29 05:30:00,3.329297,3.7156756
2018-08-28,2018-08-29 05:45:00,3.438281,3.6540082
2018-08-28,2018-08-29 06:00:00,3.589453,3.552914
2018-08-28,2018-08-29 06:15:00,3.5015620000000003,3.4355147
2018-08-28,2018-08-29 06:30:00,3.375,3.265896
2018-08-28,2018-08-29 06:45:00,3.255469,3.169257
2018-08-28,2018-08-29 07:00:00,3.086719,2.9431643
2018-08-28,2018-08-29 07:15:00,2.925,2.7727659
2018-08-28,2018-08-29 07:30:00,2.6824220000000003,2.5822666
2018-08-28,2018-08-29 07:45:00,2.460938,2.3281608
2018-08-28,2018-08-29 08:00:00,2.197266,2.1256373
2018-08-28,2018-08-29 08:15:00,1.982812,1.8158605
2018-08-28,2018-08-29 08:30:00,1.6945310000000002,1.5881481
2018-08-28,2018-08-29 08:45:00,1.395703,1.2877015
2018-08-28,2018-08-29 09:00:00,1.198828,1.139566
2018-08-28,2018-08-29 09:15:00,0.949219,0.90213746
2018-08-28,2018-08-29 09:30:00,0.720703,0.7044484
2018-08-28,2018-08-29 09:45:00,0.488672,0.41682166
2018-08-28,2018-08-29 10:00:00,0.316406,0.2839272
2018-08-28,2018-08-29 10:15:00,0.172266,0.17345217
2018-08-28,2018-08-29 10:30:00,0.038672,0.06620382
2018-08-28,2018-08-29 10:45:00,0.0,-0.027751965
2018-08-28,2018-08-29 11:00:00,0.0,-0.12936012
2018-08-28,2018-08-29 11:15:00,0.0,-0.15868458
2018-08-28,2018-08-29 11:30:00,0.0,-0.17958923
2018-08-28,2018-08-29 11:45:00,0.0,-0.15667892
2018-08-28,2018-08-29 12:00:00,0.0,-0.22721614
2018-08-28,2018-08-29 12:15:00,0.0,-0.17454372
2018-08-28,2018-08-29 12:30:00,0.0,-0.15301749
2018-08-28,2018-08-29 12:45:00,0.0,-0.07763807
2018-08-28,2018-08-29 13:00:00,0.0,-0.102281734
2018-08-28,2018-08-29 13:15:00,0.0,-0.058327165
2018-08-28,2018-08-29 13:30:00,0.0,-0.06034553
2018-08-28,2018-08-29 13:45:00,0.0,-0.018799702
2018-08-28,2018-08-29 14:00:00,0.0,-0.0019469458
2018-08-28,2018-08-29 14:15:00,0.0,0.005182871
2018-08-28,2018-08-29 14:30:00,0.0,-0.018068716
2018-08-28,2018-08-29 14:45:00,0.0,0.046000384
2018-08-28,2018-08-29 15:00:00,0.0,0.078008324
2018-08-28,2018-08-29 15:15:00,0.0,0.048861656
2018-08-28,2018-08-29 15:30:00,0.0,0.024551881
2018-08-28,2018-08-29 15:45:00,0.0,0.026846636
2018-08-28,2018-08-29 16:00:00,0.0,0.1151722
2018-08-28,2018-08-29 16:15:00,0.0,0.09773358
2018-08-28,2018-08-29 16:30:00,0.0,0.119797274
2018-08-28,2018-08-29 16:45:00,0.0,0.04411405
2018-08-28,2018-08-29 17:00:00,0.0,0.14935946
2018-08-28,2018-08-29 17:15:00,0.0,0.16359432
2018-08-28,2018-08-29 17:30:00,0.0,0.17696209
2018-08-28,2018-08-29 17:45:00,0.0,0.03144021
2018-08-28,2018-08-29 18:00:00,0.0,0.15279762
2018-08-28,2018-08-29 18:15:00,0.0,0.12292458
2018-08-28,2018-08-29 18:30:00,0.0,0.14029534
2018-08-28,2018-08-29 18:45:00,0.0,0.14189442
2018-08-28,2018-08-29 19:00:00,0.0,0.10747678
2018-08-28,2018-08-29 19:15:00,0.0,0.09291103
2018-08-28,2018-08-29 19:30:00,0.0,0.13728116
2018-08-28,2018-08-29 19:45:00,0.0,0.050696224
2018-08-28,2018-08-29 20:00:00,0.0,0.016328672
2018-08-28,2018-08-29 20:15:00,0.0,0.059658516
2018-08-28,2018-08-29 20:30:00,0.0,0.068908446
2018-08-28,2018-08-29 20:45:00,0.0,0.08392832
2018-08-28,2018-08-29 21:00:00,0.0,0.035681285
2018-08-28,2018-08-29 21:15:00,0.0,0.051529758
2018-08-28,2018-08-29 21:30:00,0.0,0.15868641
2018-08-28,2018-08-29 21:45:00,0.0,0.21475163
2018-08-28,2018-08-29 22:00:00,0.0,0.23540686
2018-08-28,2018-08-29 22:15:00,0.0,0.27013668
2018-08-28,2018-08-29 22:30:00,0.200391,0.33872965
2018-08-28,2018-08-29 22:45:00,0.344531,0.45349842
2018-08-28,2018-08-29 23:00:00,0.464063,0.58479047
2018-08-28,2018-08-29 23:15:00,0.632812,0.7518013
2018-08-28,2018-08-29 23:30:00,0.959766,0.9264261
2018-08-28,2018-08-29 23:45:00,0.914062,1.1532435
2018-08-29,2018-08-30 00:00:00,0.935156,0.6931066
2018-08-29,2018-08-30 00:15:00,0.734766,0.87375534
2018-08-29,2018-08-30 00:30:00,1.6945310000000002,0.9830021
2018-08-29,2018-08-30 00:45:00,1.033594,1.1557354
2018-08-29,2018-08-30 01:00:00,1.374609,1.3871434
2018-08-29,2018-08-30 01:15:00,2.348438,1.4968493
2018-08-29,2018-08-30 01:30:00,1.469531,1.685378
2018-08-29,2018-08-30 01:45:00,1.522266,1.794795
2018-08-29,2018-08-30 02:00:00,1.437891,1.9606733
2018-08-29,2018-08-30 02:15:00,1.286719,2.0933967
2018-08-29,2018-08-30 02:30:00,1.1953120000000002,2.2080114
2018-08-29,2018-08-30 02:45:00,1.223437,2.2910602
2018-08-29,2018-08-30 03:00:00,1.821094,2.4052825
2018-08-29,2018-08-30 03:15:00,1.409766,2.4331837
2018-08-29,2018-08-30 03:30:00,0.959766,2.5016618
2018-08-29,2018-08-30 03:45:00,1.001953,2.5735836
2018-08-29,2018-08-30 04:00:00,0.998438,2.5359552
2018-08-29,2018-08-30 04:15:00,1.255078,2.5537739
2018-08-29,2018-08-30 04:30:00,1.891406,2.5440981
2018-08-29,2018-08-30 04:45:00,1.318359,2.5140018
2018-08-29,2018-08-30 05:00:00,1.244531,2.4684937
2018-08-29,2018-08-30 05:15:00,1.332422,2.4393678
2018-08-29,2018-08-30 05:30:00,1.230469,2.4124663
2018-08-29,2018-08-30 05:45:00,0.938672,2.3355148
2018-08-29,2018-08-30 06:00:00,0.977344,2.3013284
2018-08-29,2018-08-30 06:15:00,1.286719,2.228671
2018-08-29,2018-08-30 06:30:00,1.167187,2.1141539
2018-08-29,2018-08-30 06:45:00,1.163672,2.007361
2018-08-29,2018-08-30 07:00:00,0.935156,1.8850915
2018-08-29,2018-08-30 07:15:00,0.892969,1.8063891
2018-08-29,2018-08-30 07:30:00,1.005469,1.6857606
2018-08-29,2018-08-30 07:45:00,1.849219,1.5098112
2018-08-29,2018-08-30 08:00:00,1.089844,1.3735465
2018-08-29,2018-08-30 08:15:00,1.494141,1.186101
2018-08-29,2018-08-30 08:30:00,0.963281,1.022001
2018-08-29,2018-08-30 08:45:00,0.537891,0.8354307
2018-08-29,2018-08-30 09:00:00,0.249609,0.70388025
2018-08-29,2018-08-30 09:15:00,0.161719,0.5632769
2018-08-29,2018-08-30 09:30:00,0.0421879999999999,0.44578058
2018-08-29,2018-08-30 09:45:00,0.052734,0.29105327
2018-08-29,2018-08-30 10:00:00,0.0105469999999999,0.21716025
2018-08-29,2018-08-30 10:15:00,0.0,0.13429539
2018-08-29,2018-08-30 10:30:00,0.0,0.053031914
2018-08-29,2018-08-30 10:45:00,0.0,0.021493373
2018-08-29,2018-08-30 11:00:00,0.0,0.0023083654
2018-08-29,2018-08-30 11:15:00,0.0,-0.047038425
2018-08-29,2018-08-30 11:30:00,0.0,-0.071953356
2018-08-29,2018-08-30 11:45:00,0.0,-0.05433577
2018-08-29,2018-08-30 12:00:00,0.0,-0.02525713
2018-08-29,2018-08-30 12:15:00,0.0,-0.031373505
2018-08-29,2018-08-30 12:30:00,0.0,-0.018440401
2018-08-29,2018-08-30 12:45:00,0.0,0.017481815
2018-08-29,2018-08-30 13:00:00,0.0,0.051111076
2018-08-29,2018-08-30 13:15:00,0.0,0.043710347
2018-08-29,2018-08-30 13:30:00,0.0,0.0431159
2018-08-29,2018-08-30 13:45:00,0.0,0.05823184
2018-08-29,2018-08-30 14:00:00,0.0,0.04566719
2018-08-29,2018-08-30 14:15:00,0.0,0.06391992
2018-08-29,2018-08-30 14:30:00,0.0,0.009869968
2018-08-29,2018-08-30 14:45:00,0.0,0.067857705
2018-08-29,2018-08-30 15:00:00,0.0,0.08980436
2018-08-29,2018-08-30 15:15:00,0.0,0.040624026
2018-08-29,2018-08-30 15:30:00,0.0,0.035288144
2018-08-29,2018-08-30 15:45:00,0.0,0.04622673
2018-08-29,2018-08-30 16:00:00,0.0,0.04560088
2018-08-29,2018-08-30 16:15:00,0.0,0.046347216
2018-08-29,2018-08-30 16:30:00,0.0,0.06047192
2018-08-29,2018-08-30 16:45:00,0.0,0.017025607
2018-08-29,2018-08-30 17:00:00,0.0,0.041805066
2018-08-29,2018-08-30 17:15:00,0.0,0.068812035
2018-08-29,2018-08-30 17:30:00,0.0,0.07521391
2018-08-29,2018-08-30 17:45:00,0.0,0.0034432383
2018-08-29,2018-08-30 18:00:00,0.0,0.046340045
2018-08-29,2018-08-30 18:15:00,0.0,0.010117171
2018-08-29,2018-08-30 18:30:00,0.0,0.058390822
2018-08-29,2018-08-30 18:45:00,0.0,0.053820927
2018-08-29,2018-08-30 19:00:00,0.0,0.09450125
2018-08-29,2018-08-30 19:15:00,0.0,0.06675993
2018-08-29,2018-08-30 19:30:00,0.0,0.11630877
2018-08-29,2018-08-30 19:45:00,0.0,0.037061658
2018-08-29,2018-08-30 20:00:00,0.0,0.06612686
2018-08-29,2018-08-30 20:15:00,0.0,0.089708745
2018-08-29,2018-08-30 20:30:00,0.0,0.085464165
2018-08-29,2018-08-30 20:45:00,0.0,0.100217596
2018-08-29,2018-08-30 21:00:00,0.0,0.06108151
2018-08-29,2018-08-30 21:15:00,0.0,0.0904144
2018-08-29,2018-08-30 21:30:00,0.0,0.1442979
2018-08-29,2018-08-30 21:45:00,0.0,0.1681422
2018-08-29,2018-08-30 22:00:00,0.0,0.14023939
2018-08-29,2018-08-30 22:15:00,0.0,0.12353161
2018-08-29,2018-08-30 22:30:00,0.024609,0.15342647
2018-08-29,2018-08-30 22:45:00,0.077344,0.22837526
2018-08-29,2018-08-30 23:00:00,0.2636719999999999,0.2833714
2018-08-29,2018-08-30 23:15:00,0.239063,0.3701769
2018-08-29,2018-08-30 23:30:00,0.291797,0.48530376
2018-08-29,2018-08-30 23:45:00,0.309375,0.60860807
2018-08-30,2018-08-31 00:00:00,0.4113279999999999,1.1860842
2018-08-30,2018-08-31 00:15:00,0.573047,1.3872597
2018-08-30,2018-08-31 00:30:00,0.537891,1.5346552
2018-08-30,2018-08-31 00:45:00,0.481641,1.7702262
2018-08-30,2018-08-31 01:00:00,1.128516,2.0856514
2018-08-30,2018-08-31 01:15:00,1.191797,2.2110415
2018-08-30,2018-08-31 01:30:00,1.276172,2.473897
2018-08-30,2018-08-31 01:45:00,0.569531,2.5965767
2018-08-30,2018-08-31 02:00:00,0.467578,2.8160918
2018-08-30,2018-08-31 02:15:00,0.485156,2.9615345
2018-08-30,2018-08-31 02:30:00,0.966797,3.1001897
2018-08-30,2018-08-31 02:45:00,1.817578,3.2191195
2018-08-30,2018-08-31 03:00:00,2.091797,3.366257
2018-08-30,2018-08-31 03:15:00,1.7226560000000002,3.4197416
2018-08-30,2018-08-31 03:30:00,1.093359,3.470342
2018-08-30,2018-08-31 03:45:00,1.146094,3.57374
2018-08-30,2018-08-31 04:00:00,1.364062,3.5045874
2018-08-30,2018-08-31 04:15:00,1.374609,3.529078
2018-08-30,2018-08-31 04:30:00,1.132031,3.5226178
2018-08-30,2018-08-31 04:45:00,0.580078,3.485154
2018-08-30,2018-08-31 05:00:00,0.7875,3.4060533
2018-08-30,2018-08-31 05:15:00,0.710156,3.3912995
2018-08-30,2018-08-31 05:30:00,0.555469,3.3231385
2018-08-30,2018-08-31 05:45:00,0.632812,3.2015495
2018-08-30,2018-08-31 06:00:00,1.110937,3.1319215
2018-08-30,2018-08-31 06:15:00,1.082812,3.0418365
2018-08-30,2018-08-31 06:30:00,0.921094,2.9105518
2018-08-30,2018-08-31 06:45:00,0.840234,2.7536292
2018-08-30,2018-08-31 07:00:00,0.639844,2.5827422
2018-08-30,2018-08-31 07:15:00,0.762891,2.4287674
2018-08-30,2018-08-31 07:30:00,0.878906,2.2468412
2018-08-30,2018-08-31 07:45:00,0.629297,2.0333993
2018-08-30,2018-08-31 08:00:00,0.446484,1.8490418
2018-08-30,2018-08-31 08:15:00,0.362109,1.5791718
2018-08-30,2018-08-31 08:30:00,0.379687,1.3701996
2018-08-30,2018-08-31 08:45:00,0.428906,1.1330255
2018-08-30,2018-08-31 09:00:00,0.302344,0.9418145
2018-08-30,2018-08-31 09:15:00,0.214453,0.7292277
2018-08-30,2018-08-31 09:30:00,0.189844,0.6060193
2018-08-30,2018-08-31 09:45:00,0.049219,0.3885076
2018-08-30,2018-08-31 10:00:00,0.049219,0.2860791
2018-08-30,2018-08-31 10:15:00,0.0105469999999999,0.21527085
2018-08-30,2018-08-31 10:30:00,0.0,0.09585465
2018-08-30,2018-08-31 10:45:00,0.0,0.0137840025
2018-08-30,2018-08-31 11:00:00,0.0,-0.01784509
2018-08-30,2018-08-31 11:15:00,0.0,-0.06664807
2018-08-30,2018-08-31 11:30:00,0.0,-0.12108711
2018-08-30,2018-08-31 11:45:00,0.0,-0.10108104
2018-08-30,2018-08-31 12:00:00,0.0,-0.11667475
2018-08-30,2018-08-31 12:15:00,0.0,-0.073558085
2018-08-30,2018-08-31 12:30:00,0.0,-0.09438518
2018-08-30,2018-08-31 12:45:00,0.0,-0.0051372154
2018-08-30,2018-08-31 13:00:00,0.0,0.023047771
2018-08-30,2018-08-31 13:15:00,0.0,-0.0106800655
2018-08-30,2018-08-31 13:30:00,0.0,0.004385575
2018-08-30,2018-08-31 13:45:00,0.0,0.030796133
2018-08-30,2018-08-31 14:00:00,0.0,0.05354186
2018-08-30,2018-08-31 14:15:00,0.0,0.08376796
2018-08-30,2018-08-31 14:30:00,0.0,0.009338641
2018-08-30,2018-08-31 14:45:00,0.0,0.052812107
2018-08-30,2018-08-31 15:00:00,0.0,0.103021234
2018-08-30,2018-08-31 15:15:00,0.0,0.08767968
2018-08-30,2018-08-31 15:30:00,0.0,0.07031788
2018-08-30,2018-08-31 15:45:00,0.0,0.1121358
2018-08-30,2018-08-31 16:00:00,0.0,0.113882594
2018-08-30,2018-08-31 16:15:00,0.0,0.11718942
2018-08-30,2018-08-31 16:30:00,0.0,0.11518326
2018-08-30,2018-08-31 16:45:00,0.0,0.06203763
2018-08-30,2018-08-31 17:00:00,0.0,0.1075767
2018-08-30,2018-08-31 17:15:00,0.0,0.17232831
2018-08-30,2018-08-31 17:30:00,0.0,0.16498259
2018-08-30,2018-08-31 17:45:00,0.0,0.06247643
2018-08-30,2018-08-31 18:00:00,0.0,0.10835817
2018-08-30,2018-08-31 18:15:00,0.0,0.08159058
2018-08-30,2018-08-31 18:30:00,0.0,0.079139054
2018-08-30,2018-08-31 18:45:00,0.0,0.06134713
2018-08-30,2018-08-31 19:00:00,0.0,0.085739985
2018-08-30,2018-08-31 19:15:00,0.0,0.07184544
2018-08-30,2018-08-31 19:30:00,0.0,0.11259915
2018-08-30,2018-08-31 19:45:00,0.0,0.014878281
2018-08-30,2018-08-31 20:00:00,0.0,-0.0003093238
2018-08-30,2018-08-31 20:15:00,0.0,0.031171871
2018-08-30,2018-08-31 20:30:00,0.0,0.02360993
2018-08-30,2018-08-31 20:45:00,0.0,0.0039732954
2018-08-30,2018-08-31 21:00:00,0.0,-0.02280688
2018-08-30,2018-08-31 21:15:00,0.0,-0.011276471
2018-08-30,2018-08-31 21:30:00,0.0,0.036853973
2018-08-30,2018-08-31 21:45:00,0.0,0.08367059
2018-08-30,2018-08-31 22:00:00,0.0,0.057453737
2018-08-30,2018-08-31 22:15:00,0.0,0.071054064
2018-08-30,2018-08-31 22:30:00,0.0,0.110273555
2018-08-30,2018-08-31 22:45:00,0.052734,0.17661588
2018-08-30,2018-08-31 23:00:00,0.070312,0.2611906
2018-08-30,2018-08-31 23:15:00,0.253125,0.44070175
2018-08-30,2018-08-31 23:30:00,0.457031,0.57032293
2018-08-30,2018-08-31 23:45:00,0.7910159999999999,0.73462677
2018-08-31,2018-09-01 00:00:00,0.727734,0.5025497
2018-08-31,2018-09-01 00:15:00,0.534375,0.6367937
2018-08-31,2018-09-01 00:30:00,2.819531,0.69226813
2018-08-31,2018-09-01 00:45:00,2.102344,0.76967406
2018-08-31,2018-09-01 01:00:00,1.402734,0.95363665
2018-08-31,2018-09-01 01:15:00,2.844141,0.95568764
2018-08-31,2018-09-01 01:30:00,3.3609370000000003,1.0758835
2018-08-31,2018-09-01 01:45:00,4.000781,1.0933698
2018-08-31,2018-09-01 02:00:00,2.647266,1.2001033
2018-08-31,2018-09-01 02:15:00,2.141016,1.2589123
2018-08-31,2018-09-01 02:30:00,2.186719,1.303251
2018-08-31,2018-09-01 02:45:00,2.464453,1.3825909
2018-08-31,2018-09-01 03:00:00,3.638672,1.4446176
2018-08-31,2018-09-01 03:15:00,3.6,1.4773234
2018-08-31,2018-09-01 03:30:00,2.925,1.5440068
2018-08-31,2018-09-01 03:45:00,1.863281,1.5317909
2018-08-31,2018-09-01 04:00:00,4.447266,1.5567386
2018-08-31,2018-09-01 04:15:00,4.078125,1.5240473
2018-08-31,2018-09-01 04:30:00,2.446875,1.5696789
2018-08-31,2018-09-01 04:45:00,2.696484,1.5203205
2018-08-31,2018-09-01 05:00:00,2.559375,1.4938959
2018-08-31,2018-09-01 05:15:00,3.491015,1.4946554
2018-08-31,2018-09-01 05:30:00,2.436328,1.4810572
2018-08-31,2018-09-01 05:45:00,2.320312,1.4049997
2018-08-31,2018-09-01 06:00:00,2.8230470000000003,1.3678156
2018-08-31,2018-09-01 06:15:00,2.4011720000000003,1.3281647
2018-08-31,2018-09-01 06:30:00,1.18125,1.2607971
2018-08-31,2018-09-01 06:45:00,0.513281,1.1793805
2018-08-31,2018-09-01 07:00:00,0.119531,1.0916759
2018-08-31,2018-09-01 07:15:00,0.203906,1.0330014
2018-08-31,2018-09-01 07:30:00,0.365625,0.94858056
2018-08-31,2018-09-01 07:45:00,0.664453,0.85138005
2018-08-31,2018-09-01 08:00:00,0.372656,0.781433
2018-08-31,2018-09-01 08:15:00,0.365625,0.6656669
2018-08-31,2018-09-01 08:30:00,0.246094,0.547324
2018-08-31,2018-09-01 08:45:00,0.446484,0.4540514
2018-08-31,2018-09-01 09:00:00,0.348047,0.38902617
2018-08-31,2018-09-01 09:15:00,0.217969,0.3155428
2018-08-31,2018-09-01 09:30:00,0.316406,0.21587536
2018-08-31,2018-09-01 09:45:00,0.16875,0.11651775
2018-08-31,2018-09-01 10:00:00,0.130078,0.057808284
2018-08-31,2018-09-01 10:15:00,0.007031,0.05134204
2018-08-31,2018-09-01 10:30:00,0.024609,-0.009317366
2018-08-31,2018-09-01 10:45:00,0.0,-0.031121813
2018-08-31,2018-09-01 11:00:00,0.0,-0.036695696
2018-08-31,2018-09-01 11:15:00,0.0,-0.055048436
2018-08-31,2018-09-01 11:30:00,0.0,-0.10581724
2018-08-31,2018-09-01 11:45:00,0.0,-0.06902958
2018-08-31,2018-09-01 12:00:00,0.0,-0.10623702
2018-08-31,2018-09-01 12:15:00,0.0,-0.110529326
2018-08-31,2018-09-01 12:30:00,0.0,-0.077838294
2018-08-31,2018-09-01 12:45:00,0.0,-0.05007805
2018-08-31,2018-09-01 13:00:00,0.0,-0.020607006
2018-08-31,2018-09-01 13:15:00,0.0,-0.061123546
2018-08-31,2018-09-01 13:30:00,0.0,-0.050865557
2018-08-31,2018-09-01 13:45:00,0.0,-0.027751904
2018-08-31,2018-09-01 14:00:00,0.0,0.011084157
2018-08-31,2018-09-01 14:15:00,0.0,0.014831092
2018-08-31,2018-09-01 14:30:00,0.0,-0.013616378
2018-08-31,2018-09-01 14:45:00,0.0,0.02674037
2018-08-31,2018-09-01 15:00:00,0.0,0.04256002
2018-08-31,2018-09-01 15:15:00,0.0,0.01866399
2018-08-31,2018-09-01 15:30:00,0.0,0.04938197
2018-08-31,2018-09-01 15:45:00,0.0,-0.0025321487
2018-08-31,2018-09-01 16:00:00,0.0,0.006757616
2018-08-31,2018-09-01 16:15:00,0.0,0.054127075
2018-08-31,2018-09-01 16:30:00,0.0,0.05395822
2018-08-31,2018-09-01 16:45:00,0.0,0.005608649
2018-08-31,2018-09-01 17:00:00,0.0,0.04128022
2018-08-31,2018-09-01 17:15:00,0.0,0.07631889
2018-08-31,2018-09-01 17:30:00,0.0,0.049927264
2018-08-31,2018-09-01 17:45:00,0.0,-0.039206717
2018-08-31,2018-09-01 18:00:00,0.0,0.03158485
2018-08-31,2018-09-01 18:15:00,0.0,0.012875443
2018-08-31,2018-09-01 18:30:00,0.0,0.03613126
2018-08-31,2018-09-01 18:45:00,0.0,0.06886397
2018-08-31,2018-09-01 19:00:00,0.0,0.09144677
2018-08-31,2018-09-01 19:15:00,0.0,0.05701376
2018-08-31,2018-09-01 19:30:00,0.0,0.09249302
2018-08-31,2018-09-01 19:45:00,0.0,0.019658789
2018-08-31,2018-09-01 20:00:00,0.0,0.0474039
2018-08-31,2018-09-01 20:15:00,0.0,0.092052996
2018-08-31,2018-09-01 20:30:00,0.0,0.05947929
2018-08-31,2018-09-01 20:45:00,0.0,0.09923803
2018-08-31,2018-09-01 21:00:00,0.0,0.0348166
2018-08-31,2018-09-01 21:15:00,0.0,0.07322489
2018-08-31,2018-09-01 21:30:00,0.0,0.1699416
2018-08-31,2018-09-01 21:45:00,0.0,0.16223463
2018-08-31,2018-09-01 22:00:00,0.0,0.20038578
2018-08-31,2018-09-01 22:15:00,0.0,0.19635247
2018-08-31,2018-09-01 22:30:00,0.0632809999999999,0.2550308
2018-08-31,2018-09-01 22:45:00,0.0,0.31695265
2018-08-31,2018-09-01 23:00:00,0.098438,0.4114362
2018-08-31,2018-09-01 23:15:00,0.098438,0.47406963
2018-08-31,2018-09-01 23:30:00,0.105469,0.52637887
2018-08-31,2018-09-01 23:45:00,0.39375,0.6681916
2018-11-24,2018-11-25 00:00:00,0.274219,0.19900976
2018-11-24,2018-11-25 00:15:00,0.481641,0.26511782
2018-11-24,2018-11-25 00:30:00,0.706641,0.34210986
2018-11-24,2018-11-25 00:45:00,0.921094,0.45343345
2018-11-24,2018-11-25 01:00:00,1.103906,0.55882716
2018-11-24,2018-11-25 01:15:00,1.255078,0.6309139
2018-11-24,2018-11-25 01:30:00,1.483594,0.7518323
2018-11-24,2018-11-25 01:45:00,1.6875,0.80766046
2018-11-24,2018-11-25 02:00:00,1.877344,0.9156358
2018-11-24,2018-11-25 02:15:00,2.11289,0.9995389
2018-11-24,2018-11-25 02:30:00,2.316797,1.0908095
2018-11-24,2018-11-25 02:45:00,2.499609,1.1702273
2018-11-24,2018-11-25 03:00:00,2.5875,1.2656183
2018-11-24,2018-11-25 03:15:00,2.636719,1.3012047
2018-11-24,2018-11-25 03:30:00,2.752734,1.3407409
2018-11-24,2018-11-25 03:45:00,2.770312,1.3753752
2018-11-24,2018-11-25 04:00:00,2.7914060000000003,1.3881727
2018-11-24,2018-11-25 04:15:00,2.75625,1.3711938
2018-11-24,2018-11-25 04:30:00,2.75625,1.3662676
2018-11-24,2018-11-25 04:45:00,2.654297,1.3145702
2018-11-24,2018-11-25 05:00:00,2.559375,1.2527069
2018-11-24,2018-11-25 05:15:00,2.4011720000000003,1.2242303
2018-11-24,2018-11-25 05:30:00,2.2289060000000003,1.1415573
2018-11-24,2018-11-25 05:45:00,2.116406,1.0743136
2018-11-24,2018-11-25 06:00:00,2.003906,0.9866171
2018-11-24,2018-11-25 06:15:00,1.768359,0.88402355
2018-11-24,2018-11-25 06:30:00,1.606641,0.80361384
2018-11-24,2018-11-25 06:45:00,1.409766,0.66590154
2018-11-24,2018-11-25 07:00:00,1.184766,0.54961336
2018-11-24,2018-11-25 07:15:00,1.005469,0.45334843
2018-11-24,2018-11-25 07:30:00,0.7875,0.38999358
2018-11-24,2018-11-25 07:45:00,0.5976560000000001,0.31604445
2018-11-24,2018-11-25 08:00:00,0.418359,0.2446924
2018-11-24,2018-11-25 08:15:00,0.256641,0.12277949
2018-11-24,2018-11-25 08:30:00,0.1371089999999999,0.086923525
2018-11-24,2018-11-25 08:45:00,0.028125,0.03468102
2018-11-24,2018-11-25 09:00:00,0.0,0.0013427418
2018-11-24,2018-11-25 09:15:00,0.0,-0.018821182
2018-11-24,2018-11-25 09:30:00,0.0,-0.035399243
2018-11-24,2018-11-25 09:45:00,0.0,-0.049421523
2018-11-24,2018-11-25 10:00:00,0.0,-0.071263105
2018-11-24,2018-11-25 10:15:00,0.0,-0.045510657
2018-11-24,2018-11-25 10:30:00,0.0,-0.057813104
2018-11-24,2018-11-25 10:45:00,0.0,-0.049952377
2018-11-24,2018-11-25 11:00:00,0.0,-0.046363942
2018-11-24,2018-11-25 11:15:00,0.0,-0.043479826
2018-11-24,2018-11-25 11:30:00,0.0,-0.060712643
2018-11-24,2018-11-25 11:45:00,0.0,-0.061387934
2018-11-24,2018-11-25 12:00:00,0.0,-0.031125907
2018-11-24,2018-11-25 12:15:00,0.0,-0.032314688
2018-11-24,2018-11-25 12:30:00,0.0,-0.03740983
2018-11-24,2018-11-25 12:45:00,0.0,-0.0008510828
2018-11-24,2018-11-25 13:00:00,0.0,-0.0067495503
2018-11-24,2018-11-25 13:15:00,0.0,-0.036259543
2018-11-24,2018-11-25 13:30:00,0.0,-0.0140457265
2018-11-24,2018-11-25 13:45:00,0.0,-0.0036327543
2018-11-24,2018-11-25 14:00:00,0.0,0.009657326
2018-11-24,2018-11-25 14:15:00,0.0,0.0017178643
2018-11-24,2018-11-25 14:30:00,0.0,-0.006443416
2018-11-24,2018-11-25 14:45:00,0.0,0.0019878694
2018-11-24,2018-11-25 15:00:00,0.0,0.023933286
2018-11-24,2018-11-25 15:15:00,0.0,-0.021887632
2018-11-24,2018-11-25 15:30:00,0.0,0.0061334646
2018-11-24,2018-11-25 15:45:00,0.0,-0.0095129
2018-11-24,2018-11-25 16:00:00,0.0,0.012700114
2018-11-24,2018-11-25 16:15:00,0.0,0.009042999
2018-11-24,2018-11-25 16:30:00,0.0,-0.0043292264
2018-11-24,2018-11-25 16:45:00,0.0,0.00049861334
2018-11-24,2018-11-25 17:00:00,0.0,-0.009942001
2018-11-24,2018-11-25 17:15:00,0.0,0.032183502
2018-11-24,2018-11-25 17:30:00,0.0,0.05264606
2018-11-24,2018-11-25 17:45:00,0.0,0.0015413929
2018-11-24,2018-11-25 18:00:00,0.0,0.00094479526
2018-11-24,2018-11-25 18:15:00,0.0,0.042815592
2018-11-24,2018-11-25 18:30:00,0.0,0.021474672
2018-11-24,2018-11-25 18:45:00,0.0,0.06061929
2018-11-24,2018-11-25 19:00:00,0.0,0.043519095
2018-11-24,2018-11-25 19:15:00,0.0,0.04465698
2018-11-24,2018-11-25 19:30:00,0.0,0.09350206
2018-11-24,2018-11-25 19:45:00,0.0,0.038003
2018-11-24,2018-11-25 20:00:00,0.0,0.036125828
2018-11-24,2018-11-25 20:15:00,0.0,0.071168184
2018-11-24,2018-11-25 20:30:00,0.0,0.060404893
2018-11-24,2018-11-25 20:45:00,0.0,0.072100304
2018-11-24,2018-11-25 21:00:00,0.0,0.06423964
2018-11-24,2018-11-25 21:15:00,0.0,0.079410374
2018-11-24,2018-11-25 21:30:00,0.0,0.08575324
2018-11-24,2018-11-25 21:45:00,0.0,0.10179329
2018-11-24,2018-11-25 22:00:00,0.0,0.08830513
2018-11-24,2018-11-25 22:15:00,0.0,0.12170408
2018-11-24,2018-11-25 22:30:00,0.0,0.11182468
2018-11-24,2018-11-25 22:45:00,0.0,0.12579721
2018-11-24,2018-11-25 23:00:00,0.0,0.15597525
2018-11-24,2018-11-25 23:15:00,0.0,0.20583126
2018-11-24,2018-11-25 23:30:00,0.0,0.25409603
2018-11-24,2018-11-25 23:45:00,0.098438,0.3319158
2018-11-25,2018-11-26 00:00:00,0.225,0.1972091
2018-11-25,2018-11-26 00:15:00,0.355078,0.33058152
2018-11-25,2018-11-26 00:30:00,0.537891,0.476568
2018-11-25,2018-11-26 00:45:00,0.734766,0.6601611
2018-11-25,2018-11-26 01:00:00,1.177734,0.8442596
2018-11-25,2018-11-26 01:15:00,1.209375,0.9712952
2018-11-25,2018-11-26 01:30:00,1.167187,1.1505893
2018-11-25,2018-11-26 01:45:00,1.360547,1.3429891
2018-11-25,2018-11-26 02:00:00,1.483594,1.4872867
2018-11-25,2018-11-26 02:15:00,1.233984,1.6693438
2018-11-25,2018-11-26 02:30:00,1.986328,1.8701628
2018-11-25,2018-11-26 02:45:00,1.944141,1.9878898
2018-11-25,2018-11-26 03:00:00,2.010937,2.1934478
2018-11-25,2018-11-26 03:15:00,2.1199220000000003,2.2807815
2018-11-25,2018-11-26 03:30:00,2.130469,2.346321
2018-11-25,2018-11-26 03:45:00,2.320312,2.4575806
2018-11-25,2018-11-26 04:00:00,2.278125,2.4308398
2018-11-25,2018-11-26 04:15:00,2.366016,2.406574
2018-11-25,2018-11-26 04:30:00,2.144531,2.434397
2018-11-25,2018-11-26 04:45:00,2.583984,2.3915932
2018-11-25,2018-11-26 05:00:00,2.467969,2.2490418
2018-11-25,2018-11-26 05:15:00,2.334375,2.1608973
2018-11-25,2018-11-26 05:30:00,1.982812,1.9817408
2018-11-25,2018-11-26 05:45:00,1.972266,1.8853133
2018-11-25,2018-11-26 06:00:00,1.7226560000000002,1.7172344
2018-11-25,2018-11-26 06:15:00,1.666406,1.5460633
2018-11-25,2018-11-26 06:30:00,0.773438,1.3866307
2018-11-25,2018-11-26 06:45:00,0.970312,1.1664026
2018-11-25,2018-11-26 07:00:00,0.61875,0.97521317
2018-11-25,2018-11-26 07:15:00,0.664453,0.79218864
2018-11-25,2018-11-26 07:30:00,0.474609,0.61541975
2018-11-25,2018-11-26 07:45:00,0.333984,0.4908145
2018-11-25,2018-11-26 08:00:00,0.277734,0.36530244
2018-11-25,2018-11-26 08:15:00,0.1476559999999999,0.16784513
2018-11-25,2018-11-26 08:30:00,0.0632809999999999,0.08155898
2018-11-25,2018-11-26 08:45:00,0.0,-0.0039135097
2018-11-25,2018-11-26 09:00:00,0.0,-0.021990197
2018-11-25,2018-11-26 09:15:00,0.0,-0.10360909
2018-11-25,2018-11-26 09:30:00,0.0,-0.08563533
2018-11-25,2018-11-26 09:45:00,0.0,-0.11819259
2018-11-25,2018-11-26 10:00:00,0.0,-0.12600093
2018-11-25,2018-11-26 10:15:00,0.0,-0.09866102
2018-11-25,2018-11-26 10:30:00,0.0,-0.07973574
2018-11-25,2018-11-26 10:45:00,0.0,-0.12580888
2018-11-25,2018-11-26 11:00:00,0.0,-0.07344779
2018-11-25,2018-11-26 11:15:00,0.0,-0.07901336
2018-11-25,2018-11-26 11:30:00,0.0,-0.07570056
2018-11-25,2018-11-26 11:45:00,0.0,-0.050603554
2018-11-25,2018-11-26 12:00:00,0.0,-0.047402587
2018-11-25,2018-11-26 12:15:00,0.0,0.0104013365
2018-11-25,2018-11-26 12:30:00,0.0,-0.019334892
2018-11-25,2018-11-26 12:45:00,0.0,0.0320268
2018-11-25,2018-11-26 13:00:00,0.0,0.012710957
2018-11-25,2018-11-26 13:15:00,0.0,-0.008335508
2018-11-25,2018-11-26 13:30:00,0.0,-0.007673029
2018-11-25,2018-11-26 13:45:00,0.0,0.005032427
2018-11-25,2018-11-26 14:00:00,0.0,-0.0002715482
2018-11-25,2018-11-26 14:15:00,0.0,-0.017207118
2018-11-25,2018-11-26 14:30:00,0.0,-0.0012343735
2018-11-25,2018-11-26 14:45:00,0.0,0.004550562
2018-11-25,2018-11-26 15:00:00,0.0,-0.04795071
2018-11-25,2018-11-26 15:15:00,0.0,-0.042500563
2018-11-25,2018-11-26 15:30:00,0.0,-0.017884467
2018-11-25,2018-11-26 15:45:00,0.0,-0.039629083
2018-11-25,2018-11-26 16:00:00,0.0,0.018619485
2018-11-25,2018-11-26 16:15:00,0.0,-0.022191133
2018-11-25,2018-11-26 16:30:00,0.0,-0.045898795
2018-11-25,2018-11-26 16:45:00,0.0,-0.040060375
2018-11-25,2018-11-26 17:00:00,0.0,-0.040865574
2018-11-25,2018-11-26 17:15:00,0.0,0.01203614
2018-11-25,2018-11-26 17:30:00,0.0,0.048803225
2018-11-25,2018-11-26 17:45:00,0.0,-0.001771894
2018-11-25,2018-11-26 18:00:00,0.0,-0.01759673
2018-11-25,2018-11-26 18:15:00,0.0,0.047227416
2018-11-25,2018-11-26 18:30:00,0.0,0.018431801
2018-11-25,2018-11-26 18:45:00,0.0,0.024333607
2018-11-25,2018-11-26 19:00:00,0.0,0.042750724
2018-11-25,2018-11-26 19:15:00,0.0,0.033845875
2018-11-25,2018-11-26 19:30:00,0.0,0.071711786
2018-11-25,2018-11-26 19:45:00,0.0,0.04391398
2018-11-25,2018-11-26 20:00:00,0.0,0.009093943
2018-11-25,2018-11-26 20:15:00,0.0,0.03694933
2018-11-25,2018-11-26 20:30:00,0.0,0.02050246
2018-11-25,2018-11-26 20:45:00,0.0,0.05379945
2018-11-25,2018-11-26 21:00:00,0.0,0.056526054
2018-11-25,2018-11-26 21:15:00,0.0,0.08153548
2018-11-25,2018-11-26 21:30:00,0.0,0.09970398
2018-11-25,2018-11-26 21:45:00,0.0,0.13382764
2018-11-25,2018-11-26 22:00:00,0.0,0.12529251
2018-11-25,2018-11-26 22:15:00,0.0,0.17536059
2018-11-25,2018-11-26 22:30:00,0.0,0.16786525
2018-11-25,2018-11-26 22:45:00,0.0,0.16147906
2018-11-25,2018-11-26 23:00:00,0.0,0.22505164
2018-11-25,2018-11-26 23:15:00,0.0,0.28327224
2018-11-25,2018-11-26 23:30:00,0.0,0.35378742
2018-11-25,2018-11-26 23:45:00,0.0035159999999999,0.47434798
2018-11-26,2018-11-27 00:00:00,0.225,0.15136805
2018-11-26,2018-11-27 00:15:00,0.383203,0.22295035
2018-11-26,2018-11-27 00:30:00,0.502734,0.30845073
2018-11-26,2018-11-27 00:45:00,0.766406,0.40935504
2018-11-26,2018-11-27 01:00:00,0.903516,0.5216404
2018-11-26,2018-11-27 01:15:00,1.321875,0.5935716
2018-11-26,2018-11-27 01:30:00,1.040625,0.7128491
2018-11-26,2018-11-27 01:45:00,1.469531,0.79044
2018-11-26,2018-11-27 02:00:00,1.494141,0.90699005
2018-11-26,2018-11-27 02:15:00,1.778906,0.9895922
2018-11-26,2018-11-27 02:30:00,1.835156,1.0941281
2018-11-26,2018-11-27 02:45:00,2.0882810000000003,1.1556414
2018-11-26,2018-11-27 03:00:00,2.046094,1.2720313
2018-11-26,2018-11-27 03:15:00,2.165625,1.3113539
2018-11-26,2018-11-27 03:30:00,2.239453,1.3366414
2018-11-26,2018-11-27 03:45:00,2.334375,1.3928134
2018-11-26,2018-11-27 04:00:00,2.411719,1.3759135
2018-11-26,2018-11-27 04:15:00,2.527734,1.3742772
2018-11-26,2018-11-27 04:30:00,2.517187,1.3698406
2018-11-26,2018-11-27 04:45:00,2.608594,1.3115073
2018-11-26,2018-11-27 05:00:00,2.598047,1.2443659
2018-11-26,2018-11-27 05:15:00,2.520703,1.2003723
2018-11-26,2018-11-27 05:30:00,2.1375,1.1181291
2018-11-26,2018-11-27 05:45:00,1.835156,1.0466441
2018-11-26,2018-11-27 06:00:00,1.6417970000000002,0.95532507
2018-11-26,2018-11-27 06:15:00,1.473047,0.8519204
2018-11-26,2018-11-27 06:30:00,1.311328,0.7578626
2018-11-26,2018-11-27 06:45:00,1.163672,0.6132168
2018-11-26,2018-11-27 07:00:00,0.935156,0.49963588
2018-11-26,2018-11-27 07:15:00,0.878906,0.41379133
2018-11-26,2018-11-27 07:30:00,0.6152340000000001,0.3470218
2018-11-26,2018-11-27 07:45:00,0.4710939999999999,0.24133824
2018-11-26,2018-11-27 08:00:00,0.362109,0.17170654
2018-11-26,2018-11-27 08:15:00,0.3375,0.05745456
2018-11-26,2018-11-27 08:30:00,0.133594,0.01941049
2018-11-26,2018-11-27 08:45:00,0.049219,-0.020090414
2018-11-26,2018-11-27 09:00:00,0.0,-0.05780847
2018-11-26,2018-11-27 09:15:00,0.0,-0.09011951
2018-11-26,2018-11-27 09:30:00,0.0,-0.09310235
2018-11-26,2018-11-27 09:45:00,0.0,-0.09765776
2018-11-26,2018-11-27 10:00:00,0.0,-0.10135687
2018-11-26,2018-11-27 10:15:00,0.0,-0.08934127
2018-11-26,2018-11-27 10:30:00,0.0,-0.09855944
2018-11-26,2018-11-27 10:45:00,0.0,-0.1064228
2018-11-26,2018-11-27 11:00:00,0.0,-0.068152264
2018-11-26,2018-11-27 11:15:00,0.0,-0.076818995
2018-11-26,2018-11-27 11:30:00,0.0,-0.09263198
2018-11-26,2018-11-27 11:45:00,0.0,-0.07697406
2018-11-26,2018-11-27 12:00:00,0.0,-0.034309346
2018-11-26,2018-11-27 12:15:00,0.0,-0.029490363
2018-11-26,2018-11-27 12:30:00,0.0,-0.037936185
2018-11-26,2018-11-27 12:45:00,0.0,-0.0038648604
2018-11-26,2018-11-27 13:00:00,0.0,0.0067839725
2018-11-26,2018-11-27 13:15:00,0.0,-0.02339022
2018-11-26,2018-11-27 13:30:00,0.0,-0.0081097195
2018-11-26,2018-11-27 13:45:00,0.0,-0.013004562
2018-11-26,2018-11-27 14:00:00,0.0,-0.0060998965
2018-11-26,2018-11-27 14:15:00,0.0,-0.0009194328
2018-11-26,2018-11-27 14:30:00,0.0,-0.014462462
2018-11-26,2018-11-27 14:45:00,0.0,-0.013993255
2018-11-26,2018-11-27 15:00:00,0.0,-0.010738334
2018-11-26,2018-11-27 15:15:00,0.0,-0.04765282
2018-11-26,2018-11-27 15:30:00,0.0,-0.02972921
2018-11-26,2018-11-27 15:45:00,0.0,-0.041309007
2018-11-26,2018-11-27 16:00:00,0.0,-0.024771314
2018-11-26,2018-11-27 16:15:00,0.0,-0.043465734
2018-11-26,2018-11-27 16:30:00,0.0,-0.061907373
2018-11-26,2018-11-27 16:45:00,0.0,-0.044709716
2018-11-26,2018-11-27 17:00:00,0.0,-0.057275783
2018-11-26,2018-11-27 17:15:00,0.0,-0.01735639
2018-11-26,2018-11-27 17:30:00,0.0,0.001887299
2018-11-26,2018-11-27 17:45:00,0.0,-0.022968393
2018-11-26,2018-11-27 18:00:00,0.0,-0.03500107
2018-11-26,2018-11-27 18:15:00,0.0,0.005502292
2018-11-26,2018-11-27 18:30:00,0.0,-0.0011983673
2018-11-26,2018-11-27 18:45:00,0.0,0.0096463235
2018-11-26,2018-11-27 19:00:00,0.0,0.02023498
2018-11-26,2018-11-27 19:15:00,0.0,0.00325399
2018-11-26,2018-11-27 19:30:00,0.0,0.058060184
2018-11-26,2018-11-27 19:45:00,0.0,0.01629145
2018-11-26,2018-11-27 20:00:00,0.0,0.006299412
2018-11-26,2018-11-27 20:15:00,0.0,0.03748867
2018-11-26,2018-11-27 20:30:00,0.0,0.035330757
2018-11-26,2018-11-27 20:45:00,0.0,0.041956894
2018-11-26,2018-11-27 21:00:00,0.0,0.019076271
2018-11-26,2018-11-27 21:15:00,0.0,0.046748057
2018-11-26,2018-11-27 21:30:00,0.0,0.049123414
2018-11-26,2018-11-27 21:45:00,0.0,0.0829877
2018-11-26,2018-11-27 22:00:00,0.0,0.060688943
2018-11-26,2018-11-27 22:15:00,0.0,0.08894969
2018-11-26,2018-11-27 22:30:00,0.0,0.06805128
2018-11-26,2018-11-27 22:45:00,0.0,0.08776438
2018-11-26,2018-11-27 23:00:00,0.0,0.11424422
2018-11-26,2018-11-27 23:15:00,0.0,0.16223946
2018-11-26,2018-11-27 23:30:00,0.014062,0.22755092
2018-11-26,2018-11-27 23:45:00,0.108984,0.29118162
2018-11-27,2018-11-28 00:00:00,0.214453,0.112752914
2018-11-27,2018-11-28 00:15:00,0.362109,0.20514962
2018-11-27,2018-11-28 00:30:00,0.5273439999999999,0.31166127
2018-11-27,2018-11-28 00:45:00,0.699609,0.4389706
2018-11-27,2018-11-28 01:00:00,0.854297,0.55821425
2018-11-27,2018-11-28 01:15:00,1.040625,0.65106124
2018-11-27,2018-11-28 01:30:00,1.279688,0.79273605
2018-11-27,2018-11-28 01:45:00,1.473047,0.8845311
2018-11-27,2018-11-28 02:00:00,1.6523439999999998,1.0027627
2018-11-27,2018-11-28 02:15:00,1.821094,1.1266197
2018-11-27,2018-11-28 02:30:00,1.979297,1.2517043
2018-11-27,2018-11-28 02:45:00,2.1199220000000003,1.3354753
2018-11-27,2018-11-28 03:00:00,2.176172,1.4606869
2018-11-27,2018-11-28 03:15:00,2.323828,1.51613
2018-11-27,2018-11-28 03:30:00,2.383594,1.5646158
2018-11-27,2018-11-28 03:45:00,2.415234,1.6069349
2018-11-27,2018-11-28 04:00:00,2.41875,1.6077503
2018-11-27,2018-11-28 04:15:00,2.482031,1.580029
2018-11-27,2018-11-28 04:30:00,2.464453,1.5817268
2018-11-27,2018-11-28 04:45:00,2.380078,1.5212966
2018-11-27,2018-11-28 05:00:00,2.344922,1.4219414
2018-11-27,2018-11-28 05:15:00,2.19375,1.368674
2018-11-27,2018-11-28 05:30:00,2.074219,1.265708
2018-11-27,2018-11-28 05:45:00,1.954687,1.1828073
2018-11-27,2018-11-28 06:00:00,1.764844,1.0657973
2018-11-27,2018-11-28 06:15:00,1.606641,0.93746895
2018-11-27,2018-11-28 06:30:00,1.529297,0.84685606
2018-11-27,2018-11-28 06:45:00,1.371094,0.68247443
2018-11-27,2018-11-28 07:00:00,1.160156,0.55476964
2018-11-27,2018-11-28 07:15:00,0.987891,0.43567622
2018-11-27,2018-11-28 07:30:00,0.783984,0.3554189
2018-11-27,2018-11-28 07:45:00,0.576563,0.28016096
2018-11-27,2018-11-28 08:00:00,0.4253909999999999,0.20058839
2018-11-27,2018-11-28 08:15:00,0.260156,0.06865811
2018-11-27,2018-11-28 08:30:00,0.1371089999999999,0.027790995
2018-11-27,2018-11-28 08:45:00,0.038672,-0.0040205405
2018-11-27,2018-11-28 09:00:00,0.0,-0.03993715
2018-11-27,2018-11-28 09:15:00,0.0,-0.055180266
2018-11-27,2018-11-28 09:30:00,0.0,-0.05507846
2018-11-27,2018-11-28 09:45:00,0.0,-0.06926018
2018-11-27,2018-11-28 10:00:00,0.0,-0.06553792
2018-11-27,2018-11-28 10:15:00,0.0,-0.05086714
2018-11-27,2018-11-28 10:30:00,0.0,-0.047971345
2018-11-27,2018-11-28 10:45:00,0.0,-0.052240804
2018-11-27,2018-11-28 11:00:00,0.0,-0.023680087
2018-11-27,2018-11-28 11:15:00,0.0,-0.030484594
2018-11-27,2018-11-28 11:30:00,0.0,-0.03544062
2018-11-27,2018-11-28 11:45:00,0.0,-0.023126388
2018-11-27,2018-11-28 12:00:00,0.0,0.0022450974
2018-11-27,2018-11-28 12:15:00,0.0,0.018897157
2018-11-27,2018-11-28 12:30:00,0.0,0.015300325
2018-11-27,2018-11-28 12:45:00,0.0,0.03753665
2018-11-27,2018-11-28 13:00:00,0.0,0.032705918
2018-11-27,2018-11-28 13:15:00,0.0,-0.0023174183
2018-11-27,2018-11-28 13:30:00,0.0,0.021516176
2018-11-27,2018-11-28 13:45:00,0.0,0.030252172
2018-11-27,2018-11-28 14:00:00,0.0,0.02694979
2018-11-27,2018-11-28 14:15:00,0.0,0.0037512043
2018-11-27,2018-11-28 14:30:00,0.0,0.009705492
2018-11-27,2018-11-28 14:45:00,0.0,0.018183291
2018-11-27,2018-11-28 15:00:00,0.0,0.0034689351
2018-11-27,2018-11-28 15:15:00,0.0,-0.024004959
2018-11-27,2018-11-28 15:30:00,0.0,-0.0012629316
2018-11-27,2018-11-28 15:45:00,0.0,-0.026197117
2018-11-27,2018-11-28 16:00:00,0.0,0.01539105
2018-11-27,2018-11-28 16:15:00,0.0,-0.0016529709
2018-11-27,2018-11-28 16:30:00,0.0,-0.008579188
2018-11-27,2018-11-28 16:45:00,0.0,-0.00080645573
2018-11-27,2018-11-28 17:00:00,0.0,-0.0066344235
2018-11-27,2018-11-28 17:15:00,0.0,0.029093472
2018-11-27,2018-11-28 17:30:00,0.0,0.074331984
2018-11-27,2018-11-28 17:45:00,0.0,0.025859667
2018-11-27,2018-11-28 18:00:00,0.0,0.019598927
2018-11-27,2018-11-28 18:15:00,0.0,0.06578623
2018-11-27,2018-11-28 18:30:00,0.0,0.035474528
2018-11-27,2018-11-28 18:45:00,0.0,0.073621854
2018-11-27,2018-11-28 19:00:00,0.0,0.068017006
2018-11-27,2018-11-28 19:15:00,0.0,0.059379656
2018-11-27,2018-11-28 19:30:00,0.0,0.11783946
2018-11-27,2018-11-28 19:45:00,0.0,0.04911751
2018-11-27,2018-11-28 20:00:00,0.0,0.04550327
2018-11-27,2018-11-28 20:15:00,0.0,0.07682582
2018-11-27,2018-11-28 20:30:00,0.0,0.060688253
2018-11-27,2018-11-28 20:45:00,0.0,0.08542389
2018-11-27,2018-11-28 21:00:00,0.0,0.07487817
2018-11-27,2018-11-28 21:15:00,0.0,0.0945549
2018-11-27,2018-11-28 21:30:00,0.0,0.1132355
2018-11-27,2018-11-28 21:45:00,0.0,0.11820593
2018-11-27,2018-11-28 22:00:00,0.0,0.12316255
2018-11-27,2018-11-28 22:15:00,0.0,0.16420446
2018-11-27,2018-11-28 22:30:00,0.0,0.1606546
2018-11-27,2018-11-28 22:45:00,0.0,0.15828909
2018-11-27,2018-11-28 23:00:00,0.0,0.21035105
2018-11-27,2018-11-28 23:15:00,0.0,0.2613739
2018-11-27,2018-11-28 23:30:00,0.0210939999999999,0.31219885
2018-11-27,2018-11-28 23:45:00,0.031641,0.3936039
2018-11-28,2018-11-29 00:00:00,0.239063,0.14062929
2018-11-28,2018-11-29 00:15:00,0.397266,0.2079027
2018-11-28,2018-11-29 00:30:00,0.583594,0.28873774
2018-11-28,2018-11-29 00:45:00,0.769922,0.38413763
2018-11-28,2018-11-29 01:00:00,0.924609,0.4792536
2018-11-28,2018-11-29 01:15:00,1.128516,0.5448392
2018-11-28,2018-11-29 01:30:00,1.332422,0.6535193
2018-11-28,2018-11-29 01:45:00,1.515234,0.72363466
2018-11-28,2018-11-29 02:00:00,1.683984,0.81631625
2018-11-28,2018-11-29 02:15:00,1.817578,0.904817
2018-11-28,2018-11-29 02:30:00,1.986328,0.9953851
2018-11-28,2018-11-29 02:45:00,2.067188,1.0501571
2018-11-28,2018-11-29 03:00:00,2.218359,1.1479052
2018-11-28,2018-11-29 03:15:00,2.348438,1.1833767
2018-11-28,2018-11-29 03:30:00,2.39414,1.215205
2018-11-28,2018-11-29 03:45:00,2.348438,1.2534561
2018-11-28,2018-11-29 04:00:00,2.460938,1.2481947
2018-11-28,2018-11-29 04:15:00,2.436328,1.2340884
2018-11-28,2018-11-29 04:30:00,2.3695310000000003,1.2324789
2018-11-28,2018-11-29 04:45:00,2.323828,1.1781647
2018-11-28,2018-11-29 05:00:00,2.25,1.1028173
2018-11-28,2018-11-29 05:15:00,2.144531,1.0711119
2018-11-28,2018-11-29 05:30:00,2.091797,0.9865835
2018-11-28,2018-11-29 05:45:00,1.958203,0.94120044
2018-11-28,2018-11-29 06:00:00,1.824609,0.84931177
2018-11-28,2018-11-29 06:15:00,1.627734,0.74376935
2018-11-28,2018-11-29 06:30:00,1.40625,0.67013663
2018-11-28,2018-11-29 06:45:00,1.342969,0.53432566
2018-11-28,2018-11-29 07:00:00,1.06875,0.42972434
2018-11-28,2018-11-29 07:15:00,0.8964840000000001,0.33748695
2018-11-28,2018-11-29 07:30:00,0.699609,0.2884425
2018-11-28,2018-11-29 07:45:00,0.5097659999999999,0.19395192
2018-11-28,2018-11-29 08:00:00,0.358594,0.13531978
2018-11-28,2018-11-29 08:15:00,0.217969,0.030147117
2018-11-28,2018-11-29 08:30:00,0.108984,-0.0018678763
2018-11-28,2018-11-29 08:45:00,0.0,-0.038646698
2018-11-28,2018-11-29 09:00:00,0.0,-0.070255324
2018-11-28,2018-11-29 09:15:00,0.0,-0.08894224
2018-11-28,2018-11-29 09:30:00,0.0,-0.08833447
2018-11-28,2018-11-29 09:45:00,0.0,-0.09751432
2018-11-28,2018-11-29 10:00:00,0.0,-0.096161366
2018-11-28,2018-11-29 10:15:00,0.0,-0.08857333
2018-11-28,2018-11-29 10:30:00,0.0,-0.10280772
2018-11-28,2018-11-29 10:45:00,0.0,-0.10124717
2018-11-28,2018-11-29 11:00:00,0.0,-0.072269104
2018-11-28,2018-11-29 11:15:00,0.0,-0.07869882
2018-11-28,2018-11-29 11:30:00,0.0,-0.08147321
2018-11-28,2018-11-29 11:45:00,0.0,-0.07011225
2018-11-28,2018-11-29 12:00:00,0.0,-0.03301726
2018-11-28,2018-11-29 12:15:00,0.0,-0.030664016
2018-11-28,2018-11-29 12:30:00,0.0,-0.03607067
2018-11-28,2018-11-29 12:45:00,0.0,-0.011919521
2018-11-28,2018-11-29 13:00:00,0.0,-0.018326767
2018-11-28,2018-11-29 13:15:00,0.0,-0.02833329
2018-11-28,2018-11-29 13:30:00,0.0,-0.020213231
2018-11-28,2018-11-29 13:45:00,0.0,-0.024075942
2018-11-28,2018-11-29 14:00:00,0.0,-0.016825248
2018-11-28,2018-11-29 14:15:00,0.0,-0.017227262
2018-11-28,2018-11-29 14:30:00,0.0,-0.027226873
2018-11-28,2018-11-29 14:45:00,0.0,-0.02208691
2018-11-28,2018-11-29 15:00:00,0.0,-0.014368737
2018-11-28,2018-11-29 15:15:00,0.0,-0.04702948
2018-11-28,2018-11-29 15:30:00,0.0,-0.03635223
2018-11-28,2018-11-29 15:45:00,0.0,-0.043489765
2018-11-28,2018-11-29 16:00:00,0.0,-0.028215252
2018-11-28,2018-11-29 16:15:00,0.0,-0.043641504
2018-11-28,2018-11-29 16:30:00,0.0,-0.05170722
2018-11-28,2018-11-29 16:45:00,0.0,-0.0487737
2018-11-28,2018-11-29 17:00:00,0.0,-0.053287555
2018-11-28,2018-11-29 17:15:00,0.0,-0.029607702
2018-11-28,2018-11-29 17:30:00,0.0,0.008247613
2018-11-28,2018-11-29 17:45:00,0.0,-0.039684676
2018-11-28,2018-11-29 18:00:00,0.0,-0.03309594
2018-11-28,2018-11-29 18:15:00,0.0,0.0013507609
2018-11-28,2018-11-29 18:30:00,0.0,-0.012190699
2018-11-28,2018-11-29 18:45:00,0.0,0.012358565
2018-11-28,2018-11-29 19:00:00,0.0,0.01687616
2018-11-28,2018-11-29 19:15:00,0.0,0.004375613
2018-11-28,2018-11-29 19:30:00,0.0,0.058275666
2018-11-28,2018-11-29 19:45:00,0.0,0.015134769
2018-11-28,2018-11-29 20:00:00,0.0,-0.0026842286
2018-11-28,2018-11-29 20:15:00,0.0,0.03723071
2018-11-28,2018-11-29 20:30:00,0.0,0.025218088
2018-11-28,2018-11-29 20:45:00,0.0,0.041632067
2018-11-28,2018-11-29 21:00:00,0.0,0.012880618
2018-11-28,2018-11-29 21:15:00,0.0,0.04049656
2018-11-28,2018-11-29 21:30:00,0.0,0.049517155
2018-11-28,2018-11-29 21:45:00,0.0,0.06622618
2018-11-28,2018-11-29 22:00:00,0.0,0.052736312
2018-11-28,2018-11-29 22:15:00,0.0,0.081513345
2018-11-28,2018-11-29 22:30:00,0.0,0.08177532
2018-11-28,2018-11-29 22:45:00,0.0,0.08934322
2018-11-28,2018-11-29 23:00:00,0.0,0.114596896
2018-11-28,2018-11-29 23:15:00,0.0,0.15803611
2018-11-28,2018-11-29 23:30:00,0.014062,0.22097267
2018-11-28,2018-11-29 23:45:00,0.105469,0.28884074
2018-11-29,2018-11-30 00:00:00,0.225,0.09708095
2018-11-29,2018-11-30 00:15:00,0.355078,0.14876223
2018-11-29,2018-11-30 00:30:00,0.513281,0.22271349
2018-11-29,2018-11-30 00:45:00,0.675,0.30632815
2018-11-29,2018-11-30 01:00:00,0.8261719999999999,0.39359072
2018-11-29,2018-11-30 01:15:00,0.95625,0.45416746
2018-11-29,2018-11-30 01:30:00,0.984375,0.562771
2018-11-29,2018-11-30 01:45:00,0.917578,0.6162647
2018-11-29,2018-11-30 02:00:00,1.191797,0.70854384
2018-11-29,2018-11-30 02:15:00,1.276172,0.77734053
2018-11-29,2018-11-30 02:30:00,1.599609,0.8606915
2018-11-29,2018-11-30 02:45:00,1.958203,0.9100799
2018-11-29,2018-11-30 03:00:00,2.063672,1.0069782
2018-11-29,2018-11-30 03:15:00,2.214844,1.0415746
2018-11-29,2018-11-30 03:30:00,2.235937,1.0490762
2018-11-29,2018-11-30 03:45:00,2.323828,1.0960369
2018-11-29,2018-11-30 04:00:00,2.323828,1.0835941
2018-11-29,2018-11-30 04:15:00,2.30625,1.0843035
2018-11-29,2018-11-30 04:30:00,2.323828,1.0802257
2018-11-29,2018-11-30 04:45:00,2.017969,1.0263692
2018-11-29,2018-11-30 05:00:00,1.589062,0.9734839
2018-11-29,2018-11-30 05:15:00,1.975781,0.9384278
2018-11-29,2018-11-30 05:30:00,1.6804689999999998,0.87560356
2018-11-29,2018-11-30 05:45:00,1.525781,0.82693404
2018-11-29,2018-11-30 06:00:00,1.669922,0.7539916
2018-11-29,2018-11-30 06:15:00,1.490625,0.661917
2018-11-29,2018-11-30 06:30:00,1.416797,0.5918122
2018-11-29,2018-11-30 06:45:00,0.980859,0.47356358
2018-11-29,2018-11-30 07:00:00,0.8507809999999999,0.37671664
2018-11-29,2018-11-30 07:15:00,0.573047,0.29980698
2018-11-29,2018-11-30 07:30:00,0.379687,0.2537249
2018-11-29,2018-11-30 07:45:00,0.242578,0.16817631
2018-11-29,2018-11-30 08:00:00,0.246094,0.10966477
2018-11-29,2018-11-30 08:15:00,0.175781,0.009061948
2018-11-29,2018-11-30 08:30:00,0.035156,-0.018091265
2018-11-29,2018-11-30 08:45:00,0.0105469999999999,-0.0499099
2018-11-29,2018-11-30 09:00:00,0.0,-0.090318166
2018-11-29,2018-11-30 09:15:00,0.0,-0.10787419
2018-11-29,2018-11-30 09:30:00,0.0,-0.110918134
2018-11-29,2018-11-30 09:45:00,0.0,-0.11467066
2018-11-29,2018-11-30 10:00:00,0.0,-0.10928712
2018-11-29,2018-11-30 10:15:00,0.0,-0.11197443
2018-11-29,2018-11-30 10:30:00,0.0,-0.123696364
2018-11-29,2018-11-30 10:45:00,0.0,-0.122438416
2018-11-29,2018-11-30 11:00:00,0.0,-0.09340491
2018-11-29,2018-11-30 11:15:00,0.0,-0.10035893
2018-11-29,2018-11-30 11:30:00,0.0,-0.11191222
2018-11-29,2018-11-30 11:45:00,0.0,-0.09687925
2018-11-29,2018-11-30 12:00:00,0.0,-0.05625895
2018-11-29,2018-11-30 12:15:00,0.0,-0.048721403
2018-11-29,2018-11-30 12:30:00,0.0,-0.06342078
2018-11-29,2018-11-30 12:45:00,0.0,-0.027872698
2018-11-29,2018-11-30 13:00:00,0.0,-0.026270857
2018-11-29,2018-11-30 13:15:00,0.0,-0.04628773
2018-11-29,2018-11-30 13:30:00,0.0,-0.03255109
2018-11-29,2018-11-30 13:45:00,0.0,-0.036480166
2018-11-29,2018-11-30 14:00:00,0.0,-0.027027851
2018-11-29,2018-11-30 14:15:00,0.0,-0.02483164
2018-11-29,2018-11-30 14:30:00,0.0,-0.03792959
2018-11-29,2018-11-30 14:45:00,0.0,-0.035742607
2018-11-29,2018-11-30 15:00:00,0.0,-0.027428456
2018-11-29,2018-11-30 15:15:00,0.0,-0.062048677
2018-11-29,2018-11-30 15:30:00,0.0,-0.058328968
2018-11-29,2018-11-30 15:45:00,0.0,-0.061742257
2018-11-29,2018-11-30 16:00:00,0.0,-0.051149696
2018-11-29,2018-11-30 16:15:00,0.0,-0.07525195
2018-11-29,2018-11-30 16:30:00,0.0,-0.08529582
2018-11-29,2018-11-30 16:45:00,0.0,-0.06801443
2018-11-29,2018-11-30 17:00:00,0.0,-0.08092582
2018-11-29,2018-11-30 17:15:00,0.0,-0.050183434
2018-11-29,2018-11-30 17:30:00,0.0,-0.0268192
2018-11-29,2018-11-30 17:45:00,0.0,-0.056719583
2018-11-29,2018-11-30 18:00:00,0.0,-0.058687545
2018-11-29,2018-11-30 18:15:00,0.0,-0.019997647
2018-11-29,2018-11-30 18:30:00,0.0,-0.024266507
2018-11-29,2018-11-30 18:45:00,0.0,-0.01563137
2018-11-29,2018-11-30 19:00:00,0.0,-0.0035017228
2018-11-29,2018-11-30 19:15:00,0.0,-0.016630135
2018-11-29,2018-11-30 19:30:00,0.0,0.044479627
2018-11-29,2018-11-30 19:45:00,0.0,0.0024085448
2018-11-29,2018-11-30 20:00:00,0.0,-0.005969328
2018-11-29,2018-11-30 20:15:00,0.0,0.033362187
2018-11-29,2018-11-30 20:30:00,0.0,0.026510062
2018-11-29,2018-11-30 20:45:00,0.0,0.03431967
2018-11-29,2018-11-30 21:00:00,0.0,0.0110829435
2018-11-29,2018-11-30 21:15:00,0.0,0.04181126
2018-11-29,2018-11-30 21:30:00,0.0,0.033376068
2018-11-29,2018-11-30 21:45:00,0.0,0.05646575
2018-11-29,2018-11-30 22:00:00,0.0,0.036047313
2018-11-29,2018-11-30 22:15:00,0.0,0.06787478
2018-11-29,2018-11-30 22:30:00,0.0,0.05229533
2018-11-29,2018-11-30 22:45:00,0.0,0.05667987
2018-11-29,2018-11-30 23:00:00,0.0,0.07035775
2018-11-29,2018-11-30 23:15:00,0.0,0.11925689
2018-11-29,2018-11-30 23:30:00,0.0,0.17739917
2018-11-29,2018-11-30 23:45:00,0.0,0.22721623
2018-11-30,2018-12-01 00:00:00,0.007031,0.14716612
2018-11-30,2018-12-01 00:15:00,0.049219,0.2072187
2018-11-30,2018-12-01 00:30:00,0.0,0.2892406
2018-11-30,2018-12-01 00:45:00,0.108984,0.3855555
2018-11-30,2018-12-01 01:00:00,0.0105469999999999,0.48121774
2018-11-30,2018-12-01 01:15:00,0.108984,0.5503689
2018-11-30,2018-12-01 01:30:00,0.1371089999999999,0.6644904
2018-11-30,2018-12-01 01:45:00,0.130078,0.7241425
2018-11-30,2018-12-01 02:00:00,0.151172,0.8260607
2018-11-30,2018-12-01 02:15:00,0.239063,0.8961083
2018-11-30,2018-12-01 02:30:00,0.165234,0.9871826
2018-11-30,2018-12-01 02:45:00,0.151172,1.042515
2018-11-30,2018-12-01 03:00:00,0.232031,1.1389256
2018-11-30,2018-12-01 03:15:00,0.2355469999999999,1.1775995
2018-11-30,2018-12-01 03:30:00,0.214453,1.1844225
2018-11-30,2018-12-01 03:45:00,0.305859,1.2286327
2018-11-30,2018-12-01 04:00:00,0.372656,1.2092757
2018-11-30,2018-12-01 04:15:00,0.372656,1.2029579
2018-11-30,2018-12-01 04:30:00,0.569531,1.199444
2018-11-30,2018-12-01 04:45:00,0.576563,1.13525
2018-11-30,2018-12-01 05:00:00,0.530859,1.0724918
2018-11-30,2018-12-01 05:15:00,0.418359,1.0301155
2018-11-30,2018-12-01 05:30:00,0.5097659999999999,0.9603094
2018-11-30,2018-12-01 05:45:00,0.61875,0.8985571
2018-11-30,2018-12-01 06:00:00,0.8085939999999999,0.8163571
2018-11-30,2018-12-01 06:15:00,0.629297,0.7171884
2018-11-30,2018-12-01 06:30:00,0.446484,0.6369901
2018-11-30,2018-12-01 06:45:00,0.330469,0.5094895
2018-11-30,2018-12-01 07:00:00,0.256641,0.4066019
2018-11-30,2018-12-01 07:15:00,0.140625,0.32464477
2018-11-30,2018-12-01 07:30:00,0.175781,0.27610472
2018-11-30,2018-12-01 07:45:00,0.024609,0.18419695
2018-11-30,2018-12-01 08:00:00,0.052734,0.12390539
2018-11-30,2018-12-01 08:15:00,0.0,0.015791932
2018-11-30,2018-12-01 08:30:00,0.0,-0.010047818
2018-11-30,2018-12-01 08:45:00,0.0,-0.04144945
2018-11-30,2018-12-01 09:00:00,0.0,-0.08230007
2018-11-30,2018-12-01 09:15:00,0.0,-0.09972943
2018-11-30,2018-12-01 09:30:00,0.0,-0.10190859
2018-11-30,2018-12-01 09:45:00,0.0,-0.10872985
2018-11-30,2018-12-01 10:00:00,0.0,-0.101867706
2018-11-30,2018-12-01 10:15:00,0.0,-0.09882422
2018-11-30,2018-12-01 10:30:00,0.0,-0.10568736
2018-11-30,2018-12-01 10:45:00,0.0,-0.11121725
2018-11-30,2018-12-01 11:00:00,0.0,-0.078046106
2018-11-30,2018-12-01 11:15:00,0.0,-0.07987373
2018-11-30,2018-12-01 11:30:00,0.0,-0.09589985
2018-11-30,2018-12-01 11:45:00,0.0,-0.08198247
2018-11-30,2018-12-01 12:00:00,0.0,-0.039584618
2018-11-30,2018-12-01 12:15:00,0.0,-0.036551934
2018-11-30,2018-12-01 12:30:00,0.0,-0.047542512
2018-11-30,2018-12-01 12:45:00,0.0,-0.0114954915
2018-11-30,2018-12-01 13:00:00,0.0,-0.01144068
2018-11-30,2018-12-01 13:15:00,0.0,-0.033452872
2018-11-30,2018-12-01 13:30:00,0.0,-0.016789254
2018-11-30,2018-12-01 13:45:00,0.0,-0.021874752
2018-11-30,2018-12-01 14:00:00,0.0,-0.007581478
2018-11-30,2018-12-01 14:15:00,0.0,-0.013784064
2018-11-30,2018-12-01 14:30:00,0.0,-0.025035188
2018-11-30,2018-12-01 14:45:00,0.0,-0.018545657
2018-11-30,2018-12-01 15:00:00,0.0,-0.015576584
2018-11-30,2018-12-01 15:15:00,0.0,-0.04762718
2018-11-30,2018-12-01 15:30:00,0.0,-0.042418927
2018-11-30,2018-12-01 15:45:00,0.0,-0.04774413
2018-11-30,2018-12-01 16:00:00,0.0,-0.03242641
2018-11-30,2018-12-01 16:15:00,0.0,-0.057447627
2018-11-30,2018-12-01 16:30:00,0.0,-0.07067552
2018-11-30,2018-12-01 16:45:00,0.0,-0.049084485
2018-11-30,2018-12-01 17:00:00,0.0,-0.061725568
2018-11-30,2018-12-01 17:15:00,0.0,-0.029276157
2018-11-30,2018-12-01 17:30:00,0.0,-0.008786779
2018-11-30,2018-12-01 17:45:00,0.0,-0.03479187
2018-11-30,2018-12-01 18:00:00,0.0,-0.04036345
2018-11-30,2018-12-01 18:15:00,0.0,0.0004907023
2018-11-30,2018-12-01 18:30:00,0.0,-0.0079933265
2018-11-30,2018-12-01 18:45:00,0.0,0.002443985
2018-11-30,2018-12-01 19:00:00,0.0,0.012839962
2018-11-30,2018-12-01 19:15:00,0.0,-0.00328512
2018-11-30,2018-12-01 19:30:00,0.0,0.058634493
2018-11-30,2018-12-01 19:45:00,0.0,0.0131435245
2018-11-30,2018-12-01 20:00:00,0.0,-0.00024963586
2018-11-30,2018-12-01 20:15:00,0.0,0.040229335
2018-11-30,2018-12-01 20:30:00,0.0,0.029987002
2018-11-30,2018-12-01 20:45:00,0.0,0.035845976
2018-11-30,2018-12-01 21:00:00,0.0,0.007592033
2018-11-30,2018-12-01 21:15:00,0.0,0.03737522
2018-11-30,2018-12-01 21:30:00,0.0,0.032175332
2018-11-30,2018-12-01 21:45:00,0.0,0.058599904
2018-11-30,2018-12-01 22:00:00,0.0,0.037782233
2018-11-30,2018-12-01 22:15:00,0.0,0.069204666
2018-11-30,2018-12-01 22:30:00,0.0,0.057219263
2018-11-30,2018-12-01 22:45:00,0.0,0.0644061
2018-11-30,2018-12-01 23:00:00,0.0,0.08439863
2018-11-30,2018-12-01 23:15:00,0.0,0.1407799
2018-11-30,2018-12-01 23:30:00,0.0,0.20276809
2018-11-30,2018-12-01 23:45:00,0.0,0.2662105
