起报时间,预报时间,实际功率 (MW),FusionModel预测功率 (MW)
2019-02-22,2019-02-23 00:00:00,0.351562,0.2432428
2019-02-22,2019-02-23 00:15:00,0.520312,0.28299305
2019-02-22,2019-02-23 00:30:00,0.734766,0.40899247
2019-02-22,2019-02-23 00:45:00,0.994922,0.46208614
2019-02-22,2019-02-23 01:00:00,1.241016,0.569448
2019-02-22,2019-02-23 01:15:00,1.480078,0.7077884
2019-02-22,2019-02-23 01:30:00,1.712109,0.7941557
2019-02-22,2019-02-23 01:45:00,2.003906,0.9142968
2019-02-22,2019-02-23 02:00:00,2.267578,1.0126121
2019-02-22,2019-02-23 02:15:00,2.576953,1.1214943
2019-02-22,2019-02-23 02:30:00,2.784375,1.2494993
2019-02-22,2019-02-23 02:45:00,3.005859,1.3615521
2019-02-22,2019-02-23 03:00:00,3.128906,1.4710059
2019-02-22,2019-02-23 03:15:00,3.174609,1.576527
2019-02-22,2019-02-23 03:30:00,3.364453,1.7088215
2019-02-22,2019-02-23 03:45:00,3.455859,1.8379791
2019-02-22,2019-02-23 04:00:00,3.533203,1.9251842
2019-02-22,2019-02-23 04:15:00,3.614062,1.9817717
2019-02-22,2019-02-23 04:30:00,3.607031,2.0346441
2019-02-22,2019-02-23 04:45:00,3.3433589999999995,2.087937
2019-02-22,2019-02-23 05:00:00,3.4066410000000005,2.079523
2019-02-22,2019-02-23 05:15:00,3.571875,2.0512934
2019-02-22,2019-02-23 05:30:00,3.494531,2.0502532
2019-02-22,2019-02-23 05:45:00,3.290625,1.9538484
2019-02-22,2019-02-23 06:00:00,3.353906,1.9052749
2019-02-22,2019-02-23 06:15:00,3.2449220000000003,1.841618
2019-02-22,2019-02-23 06:30:00,2.946094,1.7604839
2019-02-22,2019-02-23 06:45:00,2.960156,1.5990353
2019-02-22,2019-02-23 07:00:00,2.633203,1.4645964
2019-02-22,2019-02-23 07:15:00,2.387109,1.2802664
2019-02-22,2019-02-23 07:30:00,2.102344,1.17073
2019-02-22,2019-02-23 07:45:00,1.919531,1.0172993
2019-02-22,2019-02-23 08:00:00,1.508203,0.87105364
2019-02-22,2019-02-23 08:15:00,1.272656,0.7479195
2019-02-22,2019-02-23 08:30:00,1.037109,0.5692981
2019-02-22,2019-02-23 08:45:00,0.713672,0.471905
2019-02-22,2019-02-23 09:00:00,0.4710939999999999,0.39506188
2019-02-22,2019-02-23 09:15:00,0.319922,0.24258299
2019-02-22,2019-02-23 09:30:00,0.186328,0.19187367
2019-02-22,2019-02-23 09:45:00,0.014062,0.120105796
2019-02-22,2019-02-23 10:00:00,0.0,0.05115348
2019-02-22,2019-02-23 10:15:00,0.0,0.013367051
2019-02-22,2019-02-23 10:30:00,0.0,0.0073401444
2019-02-22,2019-02-23 10:45:00,0.0,-0.015832547
2019-02-22,2019-02-23 11:00:00,0.0,-0.028311377
2019-02-22,2019-02-23 11:15:00,0.0,-0.021974519
2019-02-22,2019-02-23 11:30:00,0.0,-0.015778888
2019-02-22,2019-02-23 11:45:00,0.0,0.004733555
2019-02-22,2019-02-23 12:00:00,0.0,-0.011177908
2019-02-22,2019-02-23 12:15:00,0.0,-0.011275505
2019-02-22,2019-02-23 12:30:00,0.0,0.0002846956
2019-02-22,2019-02-23 12:45:00,0.0,0.005026625
2019-02-22,2019-02-23 13:00:00,0.0,0.029564453
2019-02-22,2019-02-23 13:15:00,0.0,0.00934578
2019-02-22,2019-02-23 13:30:00,0.0,-0.031496093
2019-02-22,2019-02-23 13:45:00,0.0,-0.024734072
2019-02-22,2019-02-23 14:00:00,0.0,-0.037673187
2019-02-22,2019-02-23 14:15:00,0.0,-0.026239643
2019-02-22,2019-02-23 14:30:00,0.0,-0.017628925
2019-02-22,2019-02-23 14:45:00,0.0,-0.026722848
2019-02-22,2019-02-23 15:00:00,0.0,-0.060114447
2019-02-22,2019-02-23 15:15:00,0.0,-0.026597619
2019-02-22,2019-02-23 15:30:00,0.0,-0.06234901
2019-02-22,2019-02-23 15:45:00,0.0,-0.05672203
2019-02-22,2019-02-23 16:00:00,0.0,-0.042313445
2019-02-22,2019-02-23 16:15:00,0.0,-0.043237537
2019-02-22,2019-02-23 16:30:00,0.0,-0.03654668
2019-02-22,2019-02-23 16:45:00,0.0,-0.044133842
2019-02-22,2019-02-23 17:00:00,0.0,-0.01929739
2019-02-22,2019-02-23 17:15:00,0.0,0.005878037
2019-02-22,2019-02-23 17:30:00,0.0,-0.022320837
2019-02-22,2019-02-23 17:45:00,0.0,-0.019458544
2019-02-22,2019-02-23 18:00:00,0.0,-0.043771226
2019-02-22,2019-02-23 18:15:00,0.0,-0.018064909
2019-02-22,2019-02-23 18:30:00,0.0,-2.3866942e-05
2019-02-22,2019-02-23 18:45:00,0.0,-0.02468528
2019-02-22,2019-02-23 19:00:00,0.0,-0.013245186
2019-02-22,2019-02-23 19:15:00,0.0,-0.048789132
2019-02-22,2019-02-23 19:30:00,0.0,-0.06519806
2019-02-22,2019-02-23 19:45:00,0.0,-0.04150097
2019-02-22,2019-02-23 20:00:00,0.0,-0.03717416
2019-02-22,2019-02-23 20:15:00,0.0,-0.07728182
2019-02-22,2019-02-23 20:30:00,0.0,-0.08944934
2019-02-22,2019-02-23 20:45:00,0.0,-0.07979448
2019-02-22,2019-02-23 21:00:00,0.0,-0.06143643
2019-02-22,2019-02-23 21:15:00,0.0,-0.09123481
2019-02-22,2019-02-23 21:30:00,0.0,-0.07204776
2019-02-22,2019-02-23 21:45:00,0.0,-0.08137215
2019-02-22,2019-02-23 22:00:00,0.0,-0.06040505
2019-02-22,2019-02-23 22:15:00,0.0,-0.020941246
2019-02-22,2019-02-23 22:30:00,0.0,-0.008266655
2019-02-22,2019-02-23 22:45:00,0.0,0.038909227
2019-02-22,2019-02-23 23:00:00,0.0,0.032104358
2019-02-22,2019-02-23 23:15:00,0.035156,0.035161983
2019-02-22,2019-02-23 23:30:00,0.133594,0.07924596
2019-02-22,2019-02-23 23:45:00,0.228516,0.13035399
2019-02-23,2019-02-24 00:00:00,0.400781,0.39093795
2019-02-23,2019-02-24 00:15:00,0.573047,0.5218174
2019-02-23,2019-02-24 00:30:00,0.769922,0.74576664
2019-02-23,2019-02-24 00:45:00,0.95625,0.9087046
2019-02-23,2019-02-24 01:00:00,1.209375,1.1121869
2019-02-23,2019-02-24 01:15:00,1.466016,1.3283883
2019-02-23,2019-02-24 01:30:00,1.613672,1.4896611
2019-02-23,2019-02-24 01:45:00,1.880859,1.6770374
2019-02-23,2019-02-24 02:00:00,2.077734,1.8254014
2019-02-23,2019-02-24 02:15:00,1.996875,1.978762
2019-02-23,2019-02-24 02:30:00,2.358984,2.1433148
2019-02-23,2019-02-24 02:45:00,2.580469,2.2300596
2019-02-23,2019-02-24 03:00:00,2.351953,2.3608077
2019-02-23,2019-02-24 03:15:00,2.053125,2.443671
2019-02-23,2019-02-24 03:30:00,2.264062,2.5949416
2019-02-23,2019-02-24 03:45:00,1.958203,2.6974568
2019-02-23,2019-02-24 04:00:00,1.497656,2.7863207
2019-02-23,2019-02-24 04:15:00,1.634766,2.81879
2019-02-23,2019-02-24 04:30:00,2.141016,2.8249834
2019-02-23,2019-02-24 04:45:00,1.923047,2.882773
2019-02-23,2019-02-24 05:00:00,2.489063,2.8351696
2019-02-23,2019-02-24 05:15:00,2.242969,2.7738063
2019-02-23,2019-02-24 05:30:00,1.610156,2.8131223
2019-02-23,2019-02-24 05:45:00,1.996875,2.7004924
2019-02-23,2019-02-24 06:00:00,1.469531,2.666702
2019-02-23,2019-02-24 06:15:00,1.314844,2.5627136
2019-02-23,2019-02-24 06:30:00,1.381641,2.4949028
2019-02-23,2019-02-24 06:45:00,1.29375,2.3485975
2019-02-23,2019-02-24 07:00:00,1.142578,2.1796305
2019-02-23,2019-02-24 07:15:00,1.163672,2.0130403
2019-02-23,2019-02-24 07:30:00,1.117969,1.8631251
2019-02-23,2019-02-24 07:45:00,1.082812,1.6690656
2019-02-23,2019-02-24 08:00:00,0.8085939999999999,1.4852085
2019-02-23,2019-02-24 08:15:00,0.6152340000000001,1.3262684
2019-02-23,2019-02-24 08:30:00,0.464063,1.1140327
2019-02-23,2019-02-24 08:45:00,0.333984,0.9545833
2019-02-23,2019-02-24 09:00:00,0.2355469999999999,0.8143045
2019-02-23,2019-02-24 09:15:00,0.16875,0.5818115
2019-02-23,2019-02-24 09:30:00,0.126563,0.45714733
2019-02-23,2019-02-24 09:45:00,0.0210939999999999,0.35269538
2019-02-23,2019-02-24 10:00:00,0.0,0.22379681
2019-02-23,2019-02-24 10:15:00,0.0,0.15758817
2019-02-23,2019-02-24 10:30:00,0.0,0.07577146
2019-02-23,2019-02-24 10:45:00,0.0,0.054566763
2019-02-23,2019-02-24 11:00:00,0.0,0.019764945
2019-02-23,2019-02-24 11:15:00,0.0,0.031127008
2019-02-23,2019-02-24 11:30:00,0.0,-0.023351869
2019-02-23,2019-02-24 11:45:00,0.0,0.027184775
2019-02-23,2019-02-24 12:00:00,0.0,0.03102381
2019-02-23,2019-02-24 12:15:00,0.0,0.034365103
2019-02-23,2019-02-24 12:30:00,0.0,0.0772662
2019-02-23,2019-02-24 12:45:00,0.0,0.06922214
2019-02-23,2019-02-24 13:00:00,0.0,0.09530164
2019-02-23,2019-02-24 13:15:00,0.0,0.08656165
2019-02-23,2019-02-24 13:30:00,0.0,0.023629928
2019-02-23,2019-02-24 13:45:00,0.0,0.027903767
2019-02-23,2019-02-24 14:00:00,0.0,0.019385142
2019-02-23,2019-02-24 14:15:00,0.0,0.017305098
2019-02-23,2019-02-24 14:30:00,0.0,0.064248346
2019-02-23,2019-02-24 14:45:00,0.0,0.04567433
2019-02-23,2019-02-24 15:00:00,0.0,-0.006096399
2019-02-23,2019-02-24 15:15:00,0.0,0.02392375
2019-02-23,2019-02-24 15:30:00,0.0,-0.011735476
2019-02-23,2019-02-24 15:45:00,0.0,-0.0066028717
2019-02-23,2019-02-24 16:00:00,0.0,0.037644986
2019-02-23,2019-02-24 16:15:00,0.0,0.003153111
2019-02-23,2019-02-24 16:30:00,0.0,-0.00097094214
2019-02-23,2019-02-24 16:45:00,0.0,0.00219724
2019-02-23,2019-02-24 17:00:00,0.0,0.034922644
2019-02-23,2019-02-24 17:15:00,0.0,0.068585336
2019-02-23,2019-02-24 17:30:00,0.0,0.018438756
2019-02-23,2019-02-24 17:45:00,0.0,0.033170182
2019-02-23,2019-02-24 18:00:00,0.0,-0.0018991296
2019-02-23,2019-02-24 18:15:00,0.0,-0.029238135
2019-02-23,2019-02-24 18:30:00,0.0,-0.020424876
2019-02-23,2019-02-24 18:45:00,0.0,-0.002507716
2019-02-23,2019-02-24 19:00:00,0.0,-0.046378467
2019-02-23,2019-02-24 19:15:00,0.0,-0.050307747
2019-02-23,2019-02-24 19:30:00,0.0,-0.0550855
2019-02-23,2019-02-24 19:45:00,0.0,-0.062066395
2019-02-23,2019-02-24 20:00:00,0.0,-0.04821369
2019-02-23,2019-02-24 20:15:00,0.0,-0.07381772
2019-02-23,2019-02-24 20:30:00,0.0,-0.09476027
2019-02-23,2019-02-24 20:45:00,0.0,-0.083295576
2019-02-23,2019-02-24 21:00:00,0.0,-0.08562554
2019-02-23,2019-02-24 21:15:00,0.0,-0.08966567
2019-02-23,2019-02-24 21:30:00,0.0,-0.0690285
2019-02-23,2019-02-24 21:45:00,0.0,-0.12344283
2019-02-23,2019-02-24 22:00:00,0.0,-0.08119703
2019-02-23,2019-02-24 22:15:00,0.0,-0.048990086
2019-02-23,2019-02-24 22:30:00,0.0,-0.030905396
2019-02-23,2019-02-24 22:45:00,0.0,0.06309635
2019-02-23,2019-02-24 23:00:00,0.0,0.057431273
2019-02-23,2019-02-24 23:15:00,0.007031,0.11270866
2019-02-23,2019-02-24 23:30:00,0.091406,0.20501235
2019-02-23,2019-02-24 23:45:00,0.214453,0.27761817
2019-02-24,2019-02-25 00:00:00,0.267188,0.4338037
2019-02-24,2019-02-25 00:15:00,0.478125,0.5820398
2019-02-24,2019-02-25 00:30:00,0.573047,0.8190598
2019-02-24,2019-02-25 00:45:00,0.727734,1.0018927
2019-02-24,2019-02-25 01:00:00,1.008984,1.1862493
2019-02-24,2019-02-25 01:15:00,1.226953,1.4692147
2019-02-24,2019-02-25 01:30:00,1.430859,1.6409713
2019-02-24,2019-02-25 01:45:00,1.666406,1.8318872
2019-02-24,2019-02-25 02:00:00,1.85625,1.9979082
2019-02-24,2019-02-25 02:15:00,2.109375,2.1719542
2019-02-24,2019-02-25 02:30:00,2.211328,2.3438857
2019-02-24,2019-02-25 02:45:00,2.327344,2.4371529
2019-02-24,2019-02-25 03:00:00,2.397656,2.5563016
2019-02-24,2019-02-25 03:15:00,2.548828,2.636909
2019-02-24,2019-02-25 03:30:00,2.608594,2.7754402
2019-02-24,2019-02-25 03:45:00,2.707031,2.8734908
2019-02-24,2019-02-25 04:00:00,2.742188,2.9604425
2019-02-24,2019-02-25 04:15:00,2.794922,2.993371
2019-02-24,2019-02-25 04:30:00,2.777344,2.9854372
2019-02-24,2019-02-25 04:45:00,2.707031,3.021117
2019-02-24,2019-02-25 05:00:00,2.668359,2.9596925
2019-02-24,2019-02-25 05:15:00,2.626172,2.879969
2019-02-24,2019-02-25 05:30:00,2.288672,2.8688614
2019-02-24,2019-02-25 05:45:00,2.496094,2.716803
2019-02-24,2019-02-25 06:00:00,2.496094,2.659758
2019-02-24,2019-02-25 06:15:00,2.373047,2.5499961
2019-02-24,2019-02-25 06:30:00,2.246484,2.4228866
2019-02-24,2019-02-25 06:45:00,2.042578,2.2537057
2019-02-24,2019-02-25 07:00:00,1.901953,2.0820038
2019-02-24,2019-02-25 07:15:00,1.736719,1.8557245
2019-02-24,2019-02-25 07:30:00,1.469531,1.689027
2019-02-24,2019-02-25 07:45:00,0.8578129999999999,1.4778461
2019-02-24,2019-02-25 08:00:00,1.163672,1.2911183
2019-02-24,2019-02-25 08:15:00,0.601172,1.1048121
2019-02-24,2019-02-25 08:30:00,0.6574220000000001,0.8862082
2019-02-24,2019-02-25 08:45:00,0.523828,0.73525447
2019-02-24,2019-02-25 09:00:00,0.376172,0.60189563
2019-02-24,2019-02-25 09:15:00,0.151172,0.40048522
2019-02-24,2019-02-25 09:30:00,0.098438,0.28872058
2019-02-24,2019-02-25 09:45:00,0.0105469999999999,0.20434785
2019-02-24,2019-02-25 10:00:00,0.0,0.08905186
2019-02-24,2019-02-25 10:15:00,0.0,0.04243756
2019-02-24,2019-02-25 10:30:00,0.0,0.0018223542
2019-02-24,2019-02-25 10:45:00,0.0,-0.016838498
2019-02-24,2019-02-25 11:00:00,0.0,-0.06276454
2019-02-24,2019-02-25 11:15:00,0.0,-0.041830327
2019-02-24,2019-02-25 11:30:00,0.0,-0.021049038
2019-02-24,2019-02-25 11:45:00,0.0,0.004811987
2019-02-24,2019-02-25 12:00:00,0.0,-0.008255323
2019-02-24,2019-02-25 12:15:00,0.0,-0.015204806
2019-02-24,2019-02-25 12:30:00,0.0,0.035211023
2019-02-24,2019-02-25 12:45:00,0.0,0.0640434
2019-02-24,2019-02-25 13:00:00,0.0,0.05653085
2019-02-24,2019-02-25 13:15:00,0.0,0.064296916
2019-02-24,2019-02-25 13:30:00,0.0,0.00079060276
2019-02-24,2019-02-25 13:45:00,0.0,-0.009457111
2019-02-24,2019-02-25 14:00:00,0.0,-0.025923202
2019-02-24,2019-02-25 14:15:00,0.0,-0.02228056
2019-02-24,2019-02-25 14:30:00,0.0,0.0036495435
2019-02-24,2019-02-25 14:45:00,0.0,-0.016198307
2019-02-24,2019-02-25 15:00:00,0.0,-0.043881513
2019-02-24,2019-02-25 15:15:00,0.0,-0.016918514
2019-02-24,2019-02-25 15:30:00,0.0,-0.043229267
2019-02-24,2019-02-25 15:45:00,0.0,-0.034941345
2019-02-24,2019-02-25 16:00:00,0.0,-0.026038874
2019-02-24,2019-02-25 16:15:00,0.0,-0.046184547
2019-02-24,2019-02-25 16:30:00,0.0,-0.0135014765
2019-02-24,2019-02-25 16:45:00,0.0,-0.052008495
2019-02-24,2019-02-25 17:00:00,0.0,-0.0038428656
2019-02-24,2019-02-25 17:15:00,0.0,-0.0064221416
2019-02-24,2019-02-25 17:30:00,0.0,-0.036868397
2019-02-24,2019-02-25 17:45:00,0.0,-0.054293405
2019-02-24,2019-02-25 18:00:00,0.0,-0.07897919
2019-02-24,2019-02-25 18:15:00,0.0,-0.0687899
2019-02-24,2019-02-25 18:30:00,0.0,-0.08112431
2019-02-24,2019-02-25 18:45:00,0.0,-0.08410866
2019-02-24,2019-02-25 19:00:00,0.0,-0.088481724
2019-02-24,2019-02-25 19:15:00,0.0,-0.095338084
2019-02-24,2019-02-25 19:30:00,0.0,-0.086264424
2019-02-24,2019-02-25 19:45:00,0.0,-0.049770083
2019-02-24,2019-02-25 20:00:00,0.0,-0.07530411
2019-02-24,2019-02-25 20:15:00,0.0,-0.08016953
2019-02-24,2019-02-25 20:30:00,0.0,-0.07835738
2019-02-24,2019-02-25 20:45:00,0.0,-0.07070045
2019-02-24,2019-02-25 21:00:00,0.0,-0.062119395
2019-02-24,2019-02-25 21:15:00,0.0,-0.09127217
2019-02-24,2019-02-25 21:30:00,0.0,-0.059919864
2019-02-24,2019-02-25 21:45:00,0.0,-0.07366752
2019-02-24,2019-02-25 22:00:00,0.0,-0.06571486
2019-02-24,2019-02-25 22:15:00,0.0,-0.008551072
2019-02-24,2019-02-25 22:30:00,0.0,0.030811604
2019-02-24,2019-02-25 22:45:00,0.0,0.067821905
2019-02-24,2019-02-25 23:00:00,0.0,0.093706585
2019-02-24,2019-02-25 23:15:00,0.0,0.15608679
2019-02-24,2019-02-25 23:30:00,0.05625,0.22452934
2019-02-24,2019-02-25 23:45:00,0.203906,0.3220158
2019-02-25,2019-02-26 00:00:00,0.239063,0.34640843
2019-02-25,2019-02-26 00:15:00,0.2847659999999999,0.44216448
2019-02-25,2019-02-26 00:30:00,0.330469,0.6160457
2019-02-25,2019-02-26 00:45:00,0.566016,0.74024487
2019-02-25,2019-02-26 01:00:00,0.727734,0.8865727
2019-02-25,2019-02-26 01:15:00,0.805078,1.0703411
2019-02-25,2019-02-26 01:30:00,0.931641,1.1954253
2019-02-25,2019-02-26 01:45:00,1.086328,1.3399688
2019-02-25,2019-02-26 02:00:00,1.698047,1.4613323
2019-02-25,2019-02-26 02:15:00,1.501172,1.5623682
2019-02-25,2019-02-26 02:30:00,1.318359,1.6887937
2019-02-25,2019-02-26 02:45:00,1.096875,1.763682
2019-02-25,2019-02-26 03:00:00,0.980859,1.844505
2019-02-25,2019-02-26 03:15:00,1.388672,1.913541
2019-02-25,2019-02-26 03:30:00,1.7015619999999998,2.0225027
2019-02-25,2019-02-26 03:45:00,1.771875,2.086083
2019-02-25,2019-02-26 04:00:00,1.986328,2.1562104
2019-02-25,2019-02-26 04:15:00,1.655859,2.1650236
2019-02-25,2019-02-26 04:30:00,1.884375,2.1525798
2019-02-25,2019-02-26 04:45:00,1.771875,2.1983895
2019-02-25,2019-02-26 05:00:00,2.130469,2.1290185
2019-02-25,2019-02-26 05:15:00,1.905469,2.0810845
2019-02-25,2019-02-26 05:30:00,1.708594,2.0734503
2019-02-25,2019-02-26 05:45:00,1.490625,1.9896325
2019-02-25,2019-02-26 06:00:00,1.571484,1.9249332
2019-02-25,2019-02-26 06:15:00,1.669922,1.836307
2019-02-25,2019-02-26 06:30:00,1.525781,1.7433228
2019-02-25,2019-02-26 06:45:00,1.564453,1.6186968
2019-02-25,2019-02-26 07:00:00,1.342969,1.4845526
2019-02-25,2019-02-26 07:15:00,1.353516,1.328243
2019-02-25,2019-02-26 07:30:00,1.2375,1.2134608
2019-02-25,2019-02-26 07:45:00,0.980859,1.0580801
2019-02-25,2019-02-26 08:00:00,0.931641,0.9249983
2019-02-25,2019-02-26 08:15:00,0.914062,0.7872366
2019-02-25,2019-02-26 08:30:00,0.675,0.6423606
2019-02-25,2019-02-26 08:45:00,0.537891,0.52847534
2019-02-25,2019-02-26 09:00:00,0.407813,0.42678562
2019-02-25,2019-02-26 09:15:00,0.2953119999999999,0.2881182
2019-02-25,2019-02-26 09:30:00,0.151172,0.20915906
2019-02-25,2019-02-26 09:45:00,0.045703,0.16699064
2019-02-25,2019-02-26 10:00:00,0.0,0.065845475
2019-02-25,2019-02-26 10:15:00,0.0,0.05945632
2019-02-25,2019-02-26 10:30:00,0.0,-0.0041982876
2019-02-25,2019-02-26 10:45:00,0.0,0.0018920107
2019-02-25,2019-02-26 11:00:00,0.0,-0.027898356
2019-02-25,2019-02-26 11:15:00,0.0,-0.011803973
2019-02-25,2019-02-26 11:30:00,0.0,-0.029837957
2019-02-25,2019-02-26 11:45:00,0.0,-0.0026442925
2019-02-25,2019-02-26 12:00:00,0.0,-0.0013099042
2019-02-25,2019-02-26 12:15:00,0.0,-0.01755535
2019-02-25,2019-02-26 12:30:00,0.0,0.012662688
2019-02-25,2019-02-26 12:45:00,0.0,0.0019316174
2019-02-25,2019-02-26 13:00:00,0.0,0.014115691
2019-02-25,2019-02-26 13:15:00,0.0,-0.001206726
2019-02-25,2019-02-26 13:30:00,0.0,-0.041082025
2019-02-25,2019-02-26 13:45:00,0.0,-0.053746335
2019-02-25,2019-02-26 14:00:00,0.0,-0.06149157
2019-02-25,2019-02-26 14:15:00,0.0,-0.062178556
2019-02-25,2019-02-26 14:30:00,0.0,-0.05644081
2019-02-25,2019-02-26 14:45:00,0.0,-0.051868316
2019-02-25,2019-02-26 15:00:00,0.0,-0.077371605
2019-02-25,2019-02-26 15:15:00,0.0,-0.05703548
2019-02-25,2019-02-26 15:30:00,0.0,-0.07932628
2019-02-25,2019-02-26 15:45:00,0.0,-0.081389606
2019-02-25,2019-02-26 16:00:00,0.0,-0.047108386
2019-02-25,2019-02-26 16:15:00,0.0,-0.06152593
2019-02-25,2019-02-26 16:30:00,0.0,-0.06624678
2019-02-25,2019-02-26 16:45:00,0.0,-0.07707496
2019-02-25,2019-02-26 17:00:00,0.0,-0.051747706
2019-02-25,2019-02-26 17:15:00,0.0,-0.039443333
2019-02-25,2019-02-26 17:30:00,0.0,-0.05424209
2019-02-25,2019-02-26 17:45:00,0.0,-0.056044918
2019-02-25,2019-02-26 18:00:00,0.0,-0.08228641
2019-02-25,2019-02-26 18:15:00,0.0,-0.076128386
2019-02-25,2019-02-26 18:30:00,0.0,-0.07320835
2019-02-25,2019-02-26 18:45:00,0.0,-0.058337905
2019-02-25,2019-02-26 19:00:00,0.0,-0.07821689
2019-02-25,2019-02-26 19:15:00,0.0,-0.07594778
2019-02-25,2019-02-26 19:30:00,0.0,-0.07311112
2019-02-25,2019-02-26 19:45:00,0.0,-0.04935519
2019-02-25,2019-02-26 20:00:00,0.0,-0.05576947
2019-02-25,2019-02-26 20:15:00,0.0,-0.066760875
2019-02-25,2019-02-26 20:30:00,0.0,-0.06734034
2019-02-25,2019-02-26 20:45:00,0.0,-0.061661694
2019-02-25,2019-02-26 21:00:00,0.0,-0.04815919
2019-02-25,2019-02-26 21:15:00,0.0,-0.06435809
2019-02-25,2019-02-26 21:30:00,0.0,-0.044788513
2019-02-25,2019-02-26 21:45:00,0.0,-0.06090057
2019-02-25,2019-02-26 22:00:00,0.0,-0.032760013
2019-02-25,2019-02-26 22:15:00,0.0,0.0061511076
2019-02-25,2019-02-26 22:30:00,0.0,0.039477155
2019-02-25,2019-02-26 22:45:00,0.0,0.0840677
2019-02-25,2019-02-26 23:00:00,0.0,0.09078048
2019-02-25,2019-02-26 23:15:00,0.0,0.15666144
2019-02-25,2019-02-26 23:30:00,0.123047,0.2259801
2019-02-25,2019-02-26 23:45:00,0.2074219999999999,0.303816
2019-02-26,2019-02-27 00:00:00,0.253125,0.26787394
2019-02-26,2019-02-27 00:15:00,0.467578,0.30849802
2019-02-26,2019-02-27 00:30:00,0.689062,0.40312502
2019-02-26,2019-02-27 00:45:00,0.460547,0.4569753
2019-02-26,2019-02-27 01:00:00,0.537891,0.5406581
2019-02-26,2019-02-27 01:15:00,0.6574220000000001,0.62854725
2019-02-26,2019-02-27 01:30:00,0.8578129999999999,0.7108985
2019-02-26,2019-02-27 01:45:00,1.058203,0.77843654
2019-02-26,2019-02-27 02:00:00,1.6523439999999998,0.8479382
2019-02-26,2019-02-27 02:15:00,1.620703,0.90553343
2019-02-26,2019-02-27 02:30:00,2.133984,0.9868616
2019-02-26,2019-02-27 02:45:00,2.172656,1.0150728
2019-02-26,2019-02-27 03:00:00,2.475,1.0483363
2019-02-26,2019-02-27 03:15:00,2.671875,1.0927669
2019-02-26,2019-02-27 03:30:00,2.390625,1.172769
2019-02-26,2019-02-27 03:45:00,2.594531,1.2101746
2019-02-26,2019-02-27 04:00:00,2.949609,1.2442
2019-02-26,2019-02-27 04:15:00,3.033984,1.2624251
2019-02-26,2019-02-27 04:30:00,2.735156,1.2580686
2019-02-26,2019-02-27 04:45:00,3.009375,1.2705837
2019-02-26,2019-02-27 05:00:00,2.225391,1.2406372
2019-02-26,2019-02-27 05:15:00,3.209765,1.2040833
2019-02-26,2019-02-27 05:30:00,3.005859,1.2116195
2019-02-26,2019-02-27 05:45:00,2.903906,1.1174703
2019-02-26,2019-02-27 06:00:00,2.925,1.109173
2019-02-26,2019-02-27 06:15:00,2.851172,1.0458099
2019-02-26,2019-02-27 06:30:00,2.664844,0.97615635
2019-02-26,2019-02-27 06:45:00,2.545312,0.91058487
2019-02-26,2019-02-27 07:00:00,2.373047,0.81552696
2019-02-26,2019-02-27 07:15:00,2.176172,0.71910125
2019-02-26,2019-02-27 07:30:00,1.986328,0.6623368
2019-02-26,2019-02-27 07:45:00,1.838672,0.5691268
2019-02-26,2019-02-27 08:00:00,1.546875,0.49064997
2019-02-26,2019-02-27 08:15:00,1.328906,0.4025901
2019-02-26,2019-02-27 08:30:00,1.026562,0.3309267
2019-02-26,2019-02-27 08:45:00,0.776953,0.2656999
2019-02-26,2019-02-27 09:00:00,0.5167970000000001,0.21138269
2019-02-26,2019-02-27 09:15:00,0.341016,0.13711394
2019-02-26,2019-02-27 09:30:00,0.196875,0.09340336
2019-02-26,2019-02-27 09:45:00,0.0210939999999999,0.07541814
2019-02-26,2019-02-27 10:00:00,0.0,0.03327525
2019-02-26,2019-02-27 10:15:00,0.0,0.025249867
2019-02-26,2019-02-27 10:30:00,0.0,0.006777985
2019-02-26,2019-02-27 10:45:00,0.0,0.012646866
2019-02-26,2019-02-27 11:00:00,0.0,0.0030212873
2019-02-26,2019-02-27 11:15:00,0.0,0.0037291583
2019-02-26,2019-02-27 11:30:00,0.0,0.005163654
2019-02-26,2019-02-27 11:45:00,0.0,0.004843343
2019-02-26,2019-02-27 12:00:00,0.0,-0.0011493528
2019-02-26,2019-02-27 12:15:00,0.0,0.0007688036
2019-02-26,2019-02-27 12:30:00,0.0,0.01671044
2019-02-26,2019-02-27 12:45:00,0.0,0.0086499555
2019-02-26,2019-02-27 13:00:00,0.0,0.020625215
2019-02-26,2019-02-27 13:15:00,0.0,0.011594617
2019-02-26,2019-02-27 13:30:00,0.0,-0.02337178
2019-02-26,2019-02-27 13:45:00,0.0,-0.026153868
2019-02-26,2019-02-27 14:00:00,0.0,-0.03803872
2019-02-26,2019-02-27 14:15:00,0.0,-0.038981408
2019-02-26,2019-02-27 14:30:00,0.0,-0.031492945
2019-02-26,2019-02-27 14:45:00,0.0,-0.040276196
2019-02-26,2019-02-27 15:00:00,0.0,-0.04904998
2019-02-26,2019-02-27 15:15:00,0.0,-0.037090555
2019-02-26,2019-02-27 15:30:00,0.0,-0.038297653
2019-02-26,2019-02-27 15:45:00,0.0,-0.024321834
2019-02-26,2019-02-27 16:00:00,0.0,-0.0041788137
2019-02-26,2019-02-27 16:15:00,0.0,-0.023762915
2019-02-26,2019-02-27 16:30:00,0.0,-0.014098259
2019-02-26,2019-02-27 16:45:00,0.0,-0.036857344
2019-02-26,2019-02-27 17:00:00,0.0,0.014365697
2019-02-26,2019-02-27 17:15:00,0.0,0.015796376
2019-02-26,2019-02-27 17:30:00,0.0,0.009433306
2019-02-26,2019-02-27 17:45:00,0.0,-0.015183932
2019-02-26,2019-02-27 18:00:00,0.0,-0.037426163
2019-02-26,2019-02-27 18:15:00,0.0,-0.03781978
2019-02-26,2019-02-27 18:30:00,0.0,-0.019695124
2019-02-26,2019-02-27 18:45:00,0.0,-0.012283348
2019-02-26,2019-02-27 19:00:00,0.0,-0.02586479
2019-02-26,2019-02-27 19:15:00,0.0,-0.034959104
2019-02-26,2019-02-27 19:30:00,0.0,-0.0256945
2019-02-26,2019-02-27 19:45:00,0.0,-0.0147623615
2019-02-26,2019-02-27 20:00:00,0.0,-0.029421108
2019-02-26,2019-02-27 20:15:00,0.0,-0.04345562
2019-02-26,2019-02-27 20:30:00,0.0,-0.03197554
2019-02-26,2019-02-27 20:45:00,0.0,-0.018328793
2019-02-26,2019-02-27 21:00:00,0.0,-0.020373706
2019-02-26,2019-02-27 21:15:00,0.0,-0.042715807
2019-02-26,2019-02-27 21:30:00,0.0,-0.01906892
2019-02-26,2019-02-27 21:45:00,0.0,-0.030024754
2019-02-26,2019-02-27 22:00:00,0.0,-0.034051068
2019-02-26,2019-02-27 22:15:00,0.0,-0.012353673
2019-02-26,2019-02-27 22:30:00,0.0,0.011271884
2019-02-26,2019-02-27 22:45:00,0.0,0.039465327
2019-02-26,2019-02-27 23:00:00,0.0,0.036903344
2019-02-26,2019-02-27 23:15:00,0.038672,0.0682711
2019-02-26,2019-02-27 23:30:00,0.084375,0.10664797
2019-02-26,2019-02-27 23:45:00,0.242578,0.15676703
2019-02-27,2019-02-28 00:00:00,0.348047,0.28126583
2019-02-27,2019-02-28 00:15:00,0.4992189999999999,0.32978296
2019-02-27,2019-02-28 00:30:00,0.643359,0.4509252
2019-02-27,2019-02-28 00:45:00,0.805078,0.51727307
2019-02-27,2019-02-28 01:00:00,0.991406,0.6107096
2019-02-27,2019-02-28 01:15:00,1.132031,0.71993387
2019-02-27,2019-02-28 01:30:00,1.3359379999999998,0.7752217
2019-02-27,2019-02-28 01:45:00,1.480078,0.8670251
2019-02-27,2019-02-28 02:00:00,1.532812,0.9425661
2019-02-27,2019-02-28 02:15:00,1.634766,0.9737189
2019-02-27,2019-02-28 02:30:00,1.810547,1.0620058
2019-02-27,2019-02-28 02:45:00,1.683984,1.0856001
2019-02-27,2019-02-28 03:00:00,1.638281,1.1349137
2019-02-27,2019-02-28 03:15:00,1.683984,1.1837778
2019-02-27,2019-02-28 03:30:00,1.947656,1.2441511
2019-02-27,2019-02-28 03:45:00,1.965234,1.2851397
2019-02-27,2019-02-28 04:00:00,2.133984,1.3263711
2019-02-27,2019-02-28 04:15:00,1.859766,1.3304529
2019-02-27,2019-02-28 04:30:00,1.385156,1.3290867
2019-02-27,2019-02-28 04:45:00,1.276172,1.3639055
2019-02-27,2019-02-28 05:00:00,1.381641,1.3212246
2019-02-27,2019-02-28 05:15:00,1.986328,1.2955906
2019-02-27,2019-02-28 05:30:00,2.186719,1.3096311
2019-02-27,2019-02-28 05:45:00,2.102344,1.2511228
2019-02-27,2019-02-28 06:00:00,2.003906,1.2085053
2019-02-27,2019-02-28 06:15:00,1.828125,1.1695517
2019-02-27,2019-02-28 06:30:00,1.6875,1.1136192
2019-02-27,2019-02-28 06:45:00,1.648828,1.0282234
2019-02-27,2019-02-28 07:00:00,1.553906,0.9488963
2019-02-27,2019-02-28 07:15:00,1.455469,0.8533809
2019-02-27,2019-02-28 07:30:00,1.392187,0.79586697
2019-02-27,2019-02-28 07:45:00,1.170703,0.69550556
2019-02-27,2019-02-28 08:00:00,1.075781,0.60618675
2019-02-27,2019-02-28 08:15:00,0.889453,0.52554864
2019-02-27,2019-02-28 08:30:00,0.710156,0.42599636
2019-02-27,2019-02-28 08:45:00,0.541406,0.36018342
2019-02-27,2019-02-28 09:00:00,0.4148439999999999,0.292175
2019-02-27,2019-02-28 09:15:00,0.246094,0.19872566
2019-02-27,2019-02-28 09:30:00,0.140625,0.1436289
2019-02-27,2019-02-28 09:45:00,0.05625,0.10853642
2019-02-27,2019-02-28 10:00:00,0.0,0.04548031
2019-02-27,2019-02-28 10:15:00,0.0,0.036453277
2019-02-27,2019-02-28 10:30:00,0.0,0.0075694933
2019-02-27,2019-02-28 10:45:00,0.0,0.0027746349
2019-02-27,2019-02-28 11:00:00,0.0,-0.01779366
2019-02-27,2019-02-28 11:15:00,0.0,-0.014494178
2019-02-27,2019-02-28 11:30:00,0.0,-0.027927326
2019-02-27,2019-02-28 11:45:00,0.0,-0.013258333
2019-02-27,2019-02-28 12:00:00,0.0,-0.027088813
2019-02-27,2019-02-28 12:15:00,0.0,-0.035047863
2019-02-27,2019-02-28 12:30:00,0.0,-0.0140054505
2019-02-27,2019-02-28 12:45:00,0.0,-0.027536113
2019-02-27,2019-02-28 13:00:00,0.0,-0.009382465
2019-02-27,2019-02-28 13:15:00,0.0,-0.013802849
2019-02-27,2019-02-28 13:30:00,0.0,-0.047028136
2019-02-27,2019-02-28 13:45:00,0.0,-0.057101637
2019-02-27,2019-02-28 14:00:00,0.0,-0.067644924
2019-02-27,2019-02-28 14:15:00,0.0,-0.055677738
2019-02-27,2019-02-28 14:30:00,0.0,-0.04413016
2019-02-27,2019-02-28 14:45:00,0.0,-0.049404085
2019-02-27,2019-02-28 15:00:00,0.0,-0.07335052
2019-02-27,2019-02-28 15:15:00,0.0,-0.049770012
2019-02-27,2019-02-28 15:30:00,0.0,-0.061890222
2019-02-27,2019-02-28 15:45:00,0.0,-0.064759016
2019-02-27,2019-02-28 16:00:00,0.0,-0.036692474
2019-02-27,2019-02-28 16:15:00,0.0,-0.038284365
2019-02-27,2019-02-28 16:30:00,0.0,-0.054308105
2019-02-27,2019-02-28 16:45:00,0.0,-0.063263066
2019-02-27,2019-02-28 17:00:00,0.0,-0.029155444
2019-02-27,2019-02-28 17:15:00,0.0,-0.021306133
2019-02-27,2019-02-28 17:30:00,0.0,-0.024220595
2019-02-27,2019-02-28 17:45:00,0.0,-0.033627708
2019-02-27,2019-02-28 18:00:00,0.0,-0.05377782
2019-02-27,2019-02-28 18:15:00,0.0,-0.045092367
2019-02-27,2019-02-28 18:30:00,0.0,-0.02716523
2019-02-27,2019-02-28 18:45:00,0.0,-0.012797495
2019-02-27,2019-02-28 19:00:00,0.0,-0.03378063
2019-02-27,2019-02-28 19:15:00,0.0,-0.037079968
2019-02-27,2019-02-28 19:30:00,0.0,-0.053089194
2019-02-27,2019-02-28 19:45:00,0.0,-0.040698484
2019-02-27,2019-02-28 20:00:00,0.0,-0.03631351
2019-02-27,2019-02-28 20:15:00,0.0,-0.06398148
2019-02-27,2019-02-28 20:30:00,0.0,-0.06984227
2019-02-27,2019-02-28 20:45:00,0.0,-0.061264258
2019-02-27,2019-02-28 21:00:00,0.0,-0.060869444
2019-02-27,2019-02-28 21:15:00,0.0,-0.0793462
2019-02-27,2019-02-28 21:30:00,0.0,-0.08090163
2019-02-27,2019-02-28 21:45:00,0.0,-0.085102625
2019-02-27,2019-02-28 22:00:00,0.0,-0.06566077
2019-02-27,2019-02-28 22:15:00,0.0,-0.033480115
2019-02-27,2019-02-28 22:30:00,0.0,-0.0026591888
2019-02-27,2019-02-28 22:45:00,0.0,0.04500334
2019-02-27,2019-02-28 23:00:00,0.0,0.042909317
2019-02-27,2019-02-28 23:15:00,0.045703,0.083321385
2019-02-27,2019-02-28 23:30:00,0.119531,0.14593226
2019-02-27,2019-02-28 23:45:00,0.246094,0.20197982
2019-02-28,2019-03-01 00:00:00,0.400781,0.39226142
2019-02-28,2019-03-01 00:15:00,0.611719,0.5132598
2019-02-28,2019-03-01 00:30:00,0.769922,0.730472
2019-02-28,2019-03-01 00:45:00,1.040625,0.8758446
2019-02-28,2019-03-01 01:00:00,1.223437,1.0467571
2019-02-28,2019-03-01 01:15:00,1.434375,1.2918068
2019-02-28,2019-03-01 01:30:00,1.437891,1.4335648
2019-02-28,2019-03-01 01:45:00,1.627734,1.6097388
2019-02-28,2019-03-01 02:00:00,1.824609,1.7649399
2019-02-28,2019-03-01 02:15:00,1.9125,1.9155519
2019-02-28,2019-03-01 02:30:00,1.986328,2.0780454
2019-02-28,2019-03-01 02:45:00,2.439844,2.1705034
2019-02-28,2019-03-01 03:00:00,2.450391,2.3043435
2019-02-28,2019-03-01 03:15:00,2.591016,2.3895497
2019-02-28,2019-03-01 03:30:00,2.583984,2.5274177
2019-02-28,2019-03-01 03:45:00,2.654297,2.6412864
2019-02-28,2019-03-01 04:00:00,2.612109,2.7284706
2019-02-28,2019-03-01 04:15:00,2.64375,2.7760296
2019-02-28,2019-03-01 04:30:00,2.605078,2.7908633
2019-02-28,2019-03-01 04:45:00,2.555859,2.846586
2019-02-28,2019-03-01 05:00:00,2.591016,2.7944126
2019-02-28,2019-03-01 05:15:00,2.664844,2.743213
2019-02-28,2019-03-01 05:30:00,2.707031,2.743824
2019-02-28,2019-03-01 05:45:00,2.819531,2.6331637
2019-02-28,2019-03-01 06:00:00,2.622656,2.5690205
2019-02-28,2019-03-01 06:15:00,2.608594,2.4922493
2019-02-28,2019-03-01 06:30:00,2.348438,2.3800266
2019-02-28,2019-03-01 06:45:00,2.299219,2.2309139
2019-02-28,2019-03-01 07:00:00,2.000391,2.0684059
2019-02-28,2019-03-01 07:15:00,2.042578,1.8809965
2019-02-28,2019-03-01 07:30:00,1.6875,1.7141476
2019-02-28,2019-03-01 07:45:00,1.634766,1.5348603
2019-02-28,2019-03-01 08:00:00,1.40625,1.3384563
2019-02-28,2019-03-01 08:15:00,1.191797,1.1738098
2019-02-28,2019-03-01 08:30:00,0.8578129999999999,0.95697135
2019-02-28,2019-03-01 08:45:00,0.724219,0.8141799
2019-02-28,2019-03-01 09:00:00,0.61875,0.68684983
2019-02-28,2019-03-01 09:15:00,0.4148439999999999,0.4719035
2019-02-28,2019-03-01 09:30:00,0.2355469999999999,0.3579275
2019-02-28,2019-03-01 09:45:00,0.052734,0.26034528
2019-02-28,2019-03-01 10:00:00,0.0,0.15812442
2019-02-28,2019-03-01 10:15:00,0.0,0.090305716
2019-02-28,2019-03-01 10:30:00,0.0,0.035125915
2019-02-28,2019-03-01 10:45:00,0.0,0.010817815
2019-02-28,2019-03-01 11:00:00,0.0,-0.029721625
2019-02-28,2019-03-01 11:15:00,0.0,-0.0219978
2019-02-28,2019-03-01 11:30:00,0.0,-0.022186091
2019-02-28,2019-03-01 11:45:00,0.0,0.012519692
2019-02-28,2019-03-01 12:00:00,0.0,0.005513526
2019-02-28,2019-03-01 12:15:00,0.0,-0.0022424432
2019-02-28,2019-03-01 12:30:00,0.0,0.050238926
2019-02-28,2019-03-01 12:45:00,0.0,0.0557942
2019-02-28,2019-03-01 13:00:00,0.0,0.06426147
2019-02-28,2019-03-01 13:15:00,0.0,0.07090157
2019-02-28,2019-03-01 13:30:00,0.0,0.008633811
2019-02-28,2019-03-01 13:45:00,0.0,0.015642846
2019-02-28,2019-03-01 14:00:00,0.0,-0.0055769226
2019-02-28,2019-03-01 14:15:00,0.0,0.0012072481
2019-02-28,2019-03-01 14:30:00,0.0,0.03077566
2019-02-28,2019-03-01 14:45:00,0.0,0.013718081
2019-02-28,2019-03-01 15:00:00,0.0,-0.024372345
2019-02-28,2019-03-01 15:15:00,0.0,0.0003598353
2019-02-28,2019-03-01 15:30:00,0.0,-0.030183181
2019-02-28,2019-03-01 15:45:00,0.0,-0.01103556
2019-02-28,2019-03-01 16:00:00,0.0,0.0065481733
2019-02-28,2019-03-01 16:15:00,0.0,-0.009384275
2019-02-28,2019-03-01 16:30:00,0.0,0.010276118
2019-02-28,2019-03-01 16:45:00,0.0,-0.018715102
2019-02-28,2019-03-01 17:00:00,0.0,0.03850351
2019-02-28,2019-03-01 17:15:00,0.0,0.030438868
2019-02-28,2019-03-01 17:30:00,0.0,-0.004495822
2019-02-28,2019-03-01 17:45:00,0.0,-0.002602011
2019-02-28,2019-03-01 18:00:00,0.0,-0.03726655
2019-02-28,2019-03-01 18:15:00,0.0,-0.032203294
2019-02-28,2019-03-01 18:30:00,0.0,-0.04222527
2019-02-28,2019-03-01 18:45:00,0.0,-0.042564254
2019-02-28,2019-03-01 19:00:00,0.0,-0.054604866
2019-02-28,2019-03-01 19:15:00,0.0,-0.0693532
2019-02-28,2019-03-01 19:30:00,0.0,-0.07449463
2019-02-28,2019-03-01 19:45:00,0.0,-0.042135768
2019-02-28,2019-03-01 20:00:00,0.0,-0.047744583
2019-02-28,2019-03-01 20:15:00,0.0,-0.08261574
2019-02-28,2019-03-01 20:30:00,0.0,-0.0755774
2019-02-28,2019-03-01 20:45:00,0.0,-0.06559531
2019-02-28,2019-03-01 21:00:00,0.0,-0.05947033
2019-02-28,2019-03-01 21:15:00,0.0,-0.07378189
2019-02-28,2019-03-01 21:30:00,0.0,-0.045288205
2019-02-28,2019-03-01 21:45:00,0.0,-0.059507336
2019-02-28,2019-03-01 22:00:00,0.0,-0.029752601
2019-02-28,2019-03-01 22:15:00,0.0,0.017321104
2019-02-28,2019-03-01 22:30:00,0.0,0.041175306
2019-02-28,2019-03-01 22:45:00,0.0,0.09491142
2019-02-28,2019-03-01 23:00:00,0.0,0.10790902
2019-02-28,2019-03-01 23:15:00,0.0,0.14372401
2019-02-28,2019-03-01 23:30:00,0.161719,0.2321639
2019-02-28,2019-03-01 23:45:00,0.270703,0.30486372
2019-05-25,2019-05-26 00:00:00,1.6734369999999998,1.4606047
2019-05-25,2019-05-26 00:15:00,1.958203,1.4618182
2019-05-25,2019-05-26 00:30:00,1.599609,1.4653583
2019-05-25,2019-05-26 00:45:00,2.0882810000000003,1.4329305
2019-05-25,2019-05-26 01:00:00,2.612109,1.3941495
2019-05-25,2019-05-26 01:15:00,2.784375,1.4427818
2019-05-25,2019-05-26 01:30:00,2.661328,1.3585644
2019-05-25,2019-05-26 01:45:00,3.012891,1.3209698
2019-05-25,2019-05-26 02:00:00,3.4875,1.2743447
2019-05-25,2019-05-26 02:15:00,1.954687,1.1908455
2019-05-25,2019-05-26 02:30:00,3.255469,1.1808465
2019-05-25,2019-05-26 02:45:00,3.561328,1.0539114
2019-05-25,2019-05-26 03:00:00,1.965234,0.96536547
2019-05-25,2019-05-26 03:15:00,2.337891,0.83360344
2019-05-25,2019-05-26 03:30:00,2.5101560000000003,0.83633476
2019-05-25,2019-05-26 03:45:00,2.123437,0.779537
2019-05-25,2019-05-26 04:00:00,3.294141,0.79508436
2019-05-25,2019-05-26 04:15:00,3.266016,0.7002648
2019-05-25,2019-05-26 04:30:00,2.373047,0.7015301
2019-05-25,2019-05-26 04:45:00,3.779297,0.6619906
2019-05-25,2019-05-26 05:00:00,3.491015,0.63008314
2019-05-25,2019-05-26 05:15:00,3.287109,0.59510624
2019-05-25,2019-05-26 05:30:00,2.696484,0.5937353
2019-05-25,2019-05-26 05:45:00,1.395703,0.6122339
2019-05-25,2019-05-26 06:00:00,2.647266,0.61680543
2019-05-25,2019-05-26 06:15:00,1.7613279999999998,0.53039974
2019-05-25,2019-05-26 06:30:00,2.967187,0.58804727
2019-05-25,2019-05-26 06:45:00,2.896875,0.4993966
2019-05-25,2019-05-26 07:00:00,2.657812,0.53770286
2019-05-25,2019-05-26 07:15:00,2.661328,0.47812265
2019-05-25,2019-05-26 07:30:00,2.489063,0.49088928
2019-05-25,2019-05-26 07:45:00,0.485156,0.46539447
2019-05-25,2019-05-26 08:00:00,0.5273439999999999,0.41864538
2019-05-25,2019-05-26 08:15:00,0.780469,0.41695133
2019-05-25,2019-05-26 08:30:00,0.249609,0.33995357
2019-05-25,2019-05-26 08:45:00,1.202344,0.34715307
2019-05-25,2019-05-26 09:00:00,1.276172,0.2879378
2019-05-25,2019-05-26 09:15:00,1.233984,0.17698827
2019-05-25,2019-05-26 09:30:00,0.917578,0.20079802
2019-05-25,2019-05-26 09:45:00,0.460547,0.14758477
2019-05-25,2019-05-26 10:00:00,0.428906,0.08819676
2019-05-25,2019-05-26 10:15:00,0.551953,0.11192565
2019-05-25,2019-05-26 10:30:00,0.052734,0.019943206
2019-05-25,2019-05-26 10:45:00,0.0,0.034264863
2019-05-25,2019-05-26 11:00:00,0.0,-0.023677755
2019-05-25,2019-05-26 11:15:00,0.0,-0.022819832
2019-05-25,2019-05-26 11:30:00,0.0,-0.029913303
2019-05-25,2019-05-26 11:45:00,0.0,-0.03244966
2019-05-25,2019-05-26 12:00:00,0.0,-0.07489864
2019-05-25,2019-05-26 12:15:00,0.0,-0.06407669
2019-05-25,2019-05-26 12:30:00,0.0,-0.03128234
2019-05-25,2019-05-26 12:45:00,0.0,-0.055949215
2019-05-25,2019-05-26 13:00:00,0.0,0.012829839
2019-05-25,2019-05-26 13:15:00,0.0,0.013901234
2019-05-25,2019-05-26 13:30:00,0.0,-0.0016537643
2019-05-25,2019-05-26 13:45:00,0.0,0.014680926
2019-05-25,2019-05-26 14:00:00,0.0,0.018790156
2019-05-25,2019-05-26 14:15:00,0.0,0.050049253
2019-05-25,2019-05-26 14:30:00,0.0,0.06900992
2019-05-25,2019-05-26 14:45:00,0.0,0.050696004
2019-05-25,2019-05-26 15:00:00,0.0,-0.020938592
2019-05-25,2019-05-26 15:15:00,0.0,0.05112979
2019-05-25,2019-05-26 15:30:00,0.0,0.007025138
2019-05-25,2019-05-26 15:45:00,0.0,-0.02558816
2019-05-25,2019-05-26 16:00:00,0.0,-0.05416688
2019-05-25,2019-05-26 16:15:00,0.0,-0.035312746
2019-05-25,2019-05-26 16:30:00,0.0,-0.07924474
2019-05-25,2019-05-26 16:45:00,0.0,-0.024825823
2019-05-25,2019-05-26 17:00:00,0.0,-0.016888455
2019-05-25,2019-05-26 17:15:00,0.0,0.0017662154
2019-05-25,2019-05-26 17:30:00,0.0,-0.044338718
2019-05-25,2019-05-26 17:45:00,0.0,-0.050118014
2019-05-25,2019-05-26 18:00:00,0.0,0.012254461
2019-05-25,2019-05-26 18:15:00,0.0,-0.022052808
2019-05-25,2019-05-26 18:30:00,0.0,-0.014988728
2019-05-25,2019-05-26 18:45:00,0.0,-0.01254932
2019-05-25,2019-05-26 19:00:00,0.0,0.042948294
2019-05-25,2019-05-26 19:15:00,0.0,-0.067543715
2019-05-25,2019-05-26 19:30:00,0.0,-0.026601661
2019-05-25,2019-05-26 19:45:00,0.0,-0.015293525
2019-05-25,2019-05-26 20:00:00,0.0,-0.10244543
2019-05-25,2019-05-26 20:15:00,0.0,-0.13898359
2019-05-25,2019-05-26 20:30:00,0.0,-0.12623644
2019-05-25,2019-05-26 20:45:00,0.0,-0.18257128
2019-05-25,2019-05-26 21:00:00,0.0,-0.1952954
2019-05-25,2019-05-26 21:15:00,0.014062,-0.15232453
2019-05-25,2019-05-26 21:30:00,0.0210939999999999,-0.11801034
2019-05-25,2019-05-26 21:45:00,0.175781,-0.15108806
2019-05-25,2019-05-26 22:00:00,0.291797,-0.053864736
2019-05-25,2019-05-26 22:15:00,0.467578,0.030927688
2019-05-25,2019-05-26 22:30:00,0.569531,0.1338292
2019-05-25,2019-05-26 22:45:00,1.030078,0.23647563
2019-05-25,2019-05-26 23:00:00,1.395703,0.38216415
2019-05-25,2019-05-26 23:15:00,1.427344,0.46161002
2019-05-25,2019-05-26 23:30:00,1.85625,0.5657243
2019-05-25,2019-05-26 23:45:00,2.158594,0.7059262
2019-05-26,2019-05-27 00:00:00,1.887891,1.5912166
2019-05-26,2019-05-27 00:15:00,1.863281,1.6922278
2019-05-26,2019-05-27 00:30:00,2.7,1.8668311
2019-05-26,2019-05-27 00:45:00,2.939062,1.9772602
2019-05-26,2019-05-27 01:00:00,3.550781,2.0934017
2019-05-26,2019-05-27 01:15:00,3.842578,2.250352
2019-05-26,2019-05-27 01:30:00,3.842578,2.351241
2019-05-26,2019-05-27 01:45:00,4.232812,2.3784215
2019-05-26,2019-05-27 02:00:00,4.545703,2.4383051
2019-05-26,2019-05-27 02:15:00,4.682812,2.5004005
2019-05-26,2019-05-27 02:30:00,4.633594,2.519501
2019-05-26,2019-05-27 02:45:00,4.7390620000000006,2.482355
2019-05-26,2019-05-27 03:00:00,4.900780999999999,2.4851992
2019-05-26,2019-05-27 03:15:00,4.964062,2.4627154
2019-05-26,2019-05-27 03:30:00,4.925391,2.5225677
2019-05-26,2019-05-27 03:45:00,4.865625,2.5305188
2019-05-26,2019-05-27 04:00:00,4.798828,2.5847967
2019-05-26,2019-05-27 04:15:00,4.616015,2.5708373
2019-05-26,2019-05-27 04:30:00,4.503516,2.5412064
2019-05-26,2019-05-27 04:45:00,4.3875,2.5479298
2019-05-26,2019-05-27 05:00:00,4.2785150000000005,2.498867
2019-05-26,2019-05-27 05:15:00,4.362891,2.4493957
2019-05-26,2019-05-27 05:30:00,4.187109,2.4972165
2019-05-26,2019-05-27 05:45:00,4.169531,2.3786457
2019-05-26,2019-05-27 06:00:00,3.941015,2.3855598
2019-05-26,2019-05-27 06:15:00,3.642187,2.3197646
2019-05-26,2019-05-27 06:30:00,3.476953,2.2457385
2019-05-26,2019-05-27 06:45:00,2.728125,2.1831038
2019-05-26,2019-05-27 07:00:00,1.219922,2.0636413
2019-05-26,2019-05-27 07:15:00,3.888281,1.9450926
2019-05-26,2019-05-27 07:30:00,3.592969,1.8442925
2019-05-26,2019-05-27 07:45:00,3.469922,1.7110841
2019-05-26,2019-05-27 08:00:00,2.5101560000000003,1.5917608
2019-05-26,2019-05-27 08:15:00,2.017969,1.442805
2019-05-26,2019-05-27 08:30:00,2.169141,1.2670207
2019-05-26,2019-05-27 08:45:00,2.211328,1.1714294
2019-05-26,2019-05-27 09:00:00,0.935156,1.0172784
2019-05-26,2019-05-27 09:15:00,1.40625,0.8323629
2019-05-26,2019-05-27 09:30:00,1.086328,0.72485876
2019-05-26,2019-05-27 09:45:00,0.952734,0.5879434
2019-05-26,2019-05-27 10:00:00,0.643359,0.46417218
2019-05-26,2019-05-27 10:15:00,0.587109,0.39606187
2019-05-26,2019-05-27 10:30:00,0.485156,0.31727389
2019-05-26,2019-05-27 10:45:00,0.407813,0.25739947
2019-05-26,2019-05-27 11:00:00,0.200391,0.19208783
2019-05-26,2019-05-27 11:15:00,0.007031,0.16120672
2019-05-26,2019-05-27 11:30:00,0.0,0.09863043
2019-05-26,2019-05-27 11:45:00,0.0,0.09527424
2019-05-26,2019-05-27 12:00:00,0.0,0.075716265
2019-05-26,2019-05-27 12:15:00,0.0,0.0748644
2019-05-26,2019-05-27 12:30:00,0.0,0.096981674
2019-05-26,2019-05-27 12:45:00,0.0,0.064243264
2019-05-26,2019-05-27 13:00:00,0.0,0.11004514
2019-05-26,2019-05-27 13:15:00,0.0,0.1225681
2019-05-26,2019-05-27 13:30:00,0.0,0.10408975
2019-05-26,2019-05-27 13:45:00,0.0,0.10089999
2019-05-26,2019-05-27 14:00:00,0.0,0.11635661
2019-05-26,2019-05-27 14:15:00,0.0,0.10791669
2019-05-26,2019-05-27 14:30:00,0.0,0.1217987
2019-05-26,2019-05-27 14:45:00,0.0,0.11646617
2019-05-26,2019-05-27 15:00:00,0.0,0.10622818
2019-05-26,2019-05-27 15:15:00,0.0,0.099771604
2019-05-26,2019-05-27 15:30:00,0.0,0.09668245
2019-05-26,2019-05-27 15:45:00,0.0,0.084878005
2019-05-26,2019-05-27 16:00:00,0.0,0.08361658
2019-05-26,2019-05-27 16:15:00,0.0,0.043421496
2019-05-26,2019-05-27 16:30:00,0.0,0.05326275
2019-05-26,2019-05-27 16:45:00,0.0,0.044755217
2019-05-26,2019-05-27 17:00:00,0.0,0.07937871
2019-05-26,2019-05-27 17:15:00,0.0,0.08075015
2019-05-26,2019-05-27 17:30:00,0.0,0.07028007
2019-05-26,2019-05-27 17:45:00,0.0,0.057554297
2019-05-26,2019-05-27 18:00:00,0.0,0.07187694
2019-05-26,2019-05-27 18:15:00,0.0,0.077017725
2019-05-26,2019-05-27 18:30:00,0.0,0.06369745
2019-05-26,2019-05-27 18:45:00,0.0,0.04991917
2019-05-26,2019-05-27 19:00:00,0.0,0.056834493
2019-05-26,2019-05-27 19:15:00,0.0,0.026020255
2019-05-26,2019-05-27 19:30:00,0.0,0.028406167
2019-05-26,2019-05-27 19:45:00,0.0,-0.0015298915
2019-05-26,2019-05-27 20:00:00,0.0,-0.03777857
2019-05-26,2019-05-27 20:15:00,0.0,-0.05510285
2019-05-26,2019-05-27 20:30:00,0.0,-0.03360489
2019-05-26,2019-05-27 20:45:00,0.0,-0.070519984
2019-05-26,2019-05-27 21:00:00,0.0,-0.055590715
2019-05-26,2019-05-27 21:15:00,0.0421879999999999,-0.058172315
2019-05-26,2019-05-27 21:30:00,0.175781,-0.026520874
2019-05-26,2019-05-27 21:45:00,0.225,-0.020257028
2019-05-26,2019-05-27 22:00:00,0.330469,0.08118149
2019-05-26,2019-05-27 22:15:00,0.478125,0.172473
2019-05-26,2019-05-27 22:30:00,0.703125,0.30371192
2019-05-26,2019-05-27 22:45:00,0.935156,0.42024404
2019-05-26,2019-05-27 23:00:00,1.226953,0.5471983
2019-05-26,2019-05-27 23:15:00,1.539844,0.6983068
2019-05-26,2019-05-27 23:30:00,1.85625,0.8215693
2019-05-26,2019-05-27 23:45:00,2.123437,0.9854115
2019-05-27,2019-05-28 00:00:00,2.411719,2.3122895
2019-05-27,2019-05-28 00:15:00,2.6824220000000003,2.5176253
2019-05-27,2019-05-28 00:30:00,2.921484,2.824121
2019-05-27,2019-05-28 00:45:00,3.164062,3.008035
2019-05-27,2019-05-28 01:00:00,3.371484,3.1747115
2019-05-27,2019-05-28 01:15:00,3.578906,3.3629463
2019-05-27,2019-05-28 01:30:00,3.719531,3.5111487
2019-05-27,2019-05-28 01:45:00,3.895312,3.6307287
2019-05-27,2019-05-28 02:00:00,4.004297,3.6617603
2019-05-27,2019-05-28 02:15:00,3.9375,3.7703545
2019-05-27,2019-05-28 02:30:00,4.018358999999999,3.7481763
2019-05-27,2019-05-28 02:45:00,4.095703,3.7440608
2019-05-27,2019-05-28 03:00:00,4.130859,3.800482
2019-05-27,2019-05-28 03:15:00,4.229297,3.7093563
2019-05-27,2019-05-28 03:30:00,4.257422,3.7854345
2019-05-27,2019-05-28 03:45:00,4.267969,3.8382401
2019-05-27,2019-05-28 04:00:00,4.215234,3.9323628
2019-05-27,2019-05-28 04:15:00,4.225781,3.9127924
2019-05-27,2019-05-28 04:30:00,4.123828,3.8918884
2019-05-27,2019-05-28 04:45:00,4.10625,3.9370162
2019-05-27,2019-05-28 05:00:00,4.1625,3.8575773
2019-05-27,2019-05-28 05:15:00,4.141406,3.7798345
2019-05-27,2019-05-28 05:30:00,4.123828,3.8338318
2019-05-27,2019-05-28 05:45:00,4.088672,3.657052
2019-05-27,2019-05-28 06:00:00,4.011328,3.610436
2019-05-27,2019-05-28 06:15:00,3.969141000000001,3.5636911
2019-05-27,2019-05-28 06:30:00,3.979687,3.4517577
2019-05-27,2019-05-28 06:45:00,3.846094,3.219743
2019-05-27,2019-05-28 07:00:00,3.761719,3.1145387
2019-05-27,2019-05-28 07:15:00,3.614062,2.8987665
2019-05-27,2019-05-28 07:30:00,3.4242190000000003,2.6748269
2019-05-27,2019-05-28 07:45:00,3.216797,2.4607298
2019-05-27,2019-05-28 08:00:00,3.026953,2.2606337
2019-05-27,2019-05-28 08:15:00,2.770312,2.0055068
2019-05-27,2019-05-28 08:30:00,2.53125,1.7749267
2019-05-27,2019-05-28 08:45:00,2.267578,1.5487279
2019-05-27,2019-05-28 09:00:00,1.96875,1.4322962
2019-05-27,2019-05-28 09:15:00,1.6734369999999998,1.0911753
2019-05-27,2019-05-28 09:30:00,1.367578,0.9915682
2019-05-27,2019-05-28 09:45:00,1.06875,0.7521535
2019-05-27,2019-05-28 10:00:00,0.801562,0.6169447
2019-05-27,2019-05-28 10:15:00,0.548437,0.49711388
2019-05-27,2019-05-28 10:30:00,0.267188,0.3493565
2019-05-27,2019-05-28 10:45:00,0.158203,0.3458231
2019-05-27,2019-05-28 11:00:00,0.101953,0.21710226
2019-05-27,2019-05-28 11:15:00,0.014062,0.26481786
2019-05-27,2019-05-28 11:30:00,0.0,0.096077524
2019-05-27,2019-05-28 11:45:00,0.0,0.14548407
2019-05-27,2019-05-28 12:00:00,0.0,0.14156283
2019-05-27,2019-05-28 12:15:00,0.0,0.12952197
2019-05-27,2019-05-28 12:30:00,0.0,0.14800096
2019-05-27,2019-05-28 12:45:00,0.0,0.12031208
2019-05-27,2019-05-28 13:00:00,0.0,0.1649231
2019-05-27,2019-05-28 13:15:00,0.0,0.11483258
2019-05-27,2019-05-28 13:30:00,0.0,0.06623908
2019-05-27,2019-05-28 13:45:00,0.0,0.06330254
2019-05-27,2019-05-28 14:00:00,0.0,0.04874399
2019-05-27,2019-05-28 14:15:00,0.0,0.019067945
2019-05-27,2019-05-28 14:30:00,0.0,0.054667763
2019-05-27,2019-05-28 14:45:00,0.0,0.05929023
2019-05-27,2019-05-28 15:00:00,0.0,-0.0139780855
2019-05-27,2019-05-28 15:15:00,0.0,-0.017038878
2019-05-27,2019-05-28 15:30:00,0.0,-0.053496085
2019-05-27,2019-05-28 15:45:00,0.0,-0.05525277
2019-05-27,2019-05-28 16:00:00,0.0,-0.041024726
2019-05-27,2019-05-28 16:15:00,0.0,-0.09756629
2019-05-27,2019-05-28 16:30:00,0.0,-0.08118874
2019-05-27,2019-05-28 16:45:00,0.0,-0.086454876
2019-05-27,2019-05-28 17:00:00,0.0,-0.017610079
2019-05-27,2019-05-28 17:15:00,0.0,-0.02463412
2019-05-27,2019-05-28 17:30:00,0.0,-0.064279914
2019-05-27,2019-05-28 17:45:00,0.0,-0.0028547538
2019-05-27,2019-05-28 18:00:00,0.0,0.012299427
2019-05-27,2019-05-28 18:15:00,0.0,-0.004249941
2019-05-27,2019-05-28 18:30:00,0.0,-0.046851836
2019-05-27,2019-05-28 18:45:00,0.0,-0.048901666
2019-05-27,2019-05-28 19:00:00,0.0,-0.057578236
2019-05-27,2019-05-28 19:15:00,0.0,-0.07010034
2019-05-27,2019-05-28 19:30:00,0.0,-0.08490169
2019-05-27,2019-05-28 19:45:00,0.0,-0.111172155
2019-05-27,2019-05-28 20:00:00,0.0,-0.14004397
2019-05-27,2019-05-28 20:15:00,0.0,-0.15223129
2019-05-27,2019-05-28 20:30:00,0.0,-0.11985728
2019-05-27,2019-05-28 20:45:00,0.0,-0.1251062
2019-05-27,2019-05-28 21:00:00,0.0,-0.104371496
2019-05-27,2019-05-28 21:15:00,0.0035159999999999,-0.09256483
2019-05-27,2019-05-28 21:30:00,0.077344,0.0032646297
2019-05-27,2019-05-28 21:45:00,0.140625,-0.018556546
2019-05-27,2019-05-28 22:00:00,0.256641,0.211128
2019-05-27,2019-05-28 22:15:00,0.39375,0.34774125
2019-05-27,2019-05-28 22:30:00,0.6082029999999999,0.49791193
2019-05-27,2019-05-28 22:45:00,0.8507809999999999,0.7069357
2019-05-27,2019-05-28 23:00:00,1.107422,0.91401035
2019-05-27,2019-05-28 23:15:00,1.399219,1.1312734
2019-05-27,2019-05-28 23:30:00,1.6875,1.3599619
2019-05-27,2019-05-28 23:45:00,1.979297,1.5748177
2019-05-28,2019-05-29 00:00:00,2.264062,2.3443923
2019-05-28,2019-05-29 00:15:00,2.538281,2.5369315
2019-05-28,2019-05-29 00:30:00,2.78789,2.9290123
2019-05-28,2019-05-29 00:45:00,3.009375,3.2156808
2019-05-28,2019-05-29 01:00:00,3.223828,3.4345796
2019-05-28,2019-05-29 01:15:00,3.434766,3.7873404
2019-05-28,2019-05-29 01:30:00,3.6,3.9518223
2019-05-28,2019-05-29 01:45:00,3.708984,4.0985017
2019-05-28,2019-05-29 02:00:00,3.839062,4.2021112
2019-05-28,2019-05-29 02:15:00,3.909375,4.304293
2019-05-28,2019-05-29 02:30:00,3.986719,4.34269
2019-05-28,2019-05-29 02:45:00,4.032422,4.341113
2019-05-28,2019-05-29 03:00:00,4.05,4.398444
2019-05-28,2019-05-29 03:15:00,4.071094,4.387638
2019-05-28,2019-05-29 03:30:00,4.085156,4.428173
2019-05-28,2019-05-29 03:45:00,4.064063,4.538296
2019-05-28,2019-05-29 04:00:00,4.028906,4.599283
2019-05-28,2019-05-29 04:15:00,4.014843,4.583521
2019-05-28,2019-05-29 04:30:00,4.102734,4.5722313
2019-05-28,2019-05-29 04:45:00,4.074609,4.5640507
2019-05-28,2019-05-29 05:00:00,4.120312,4.480027
2019-05-28,2019-05-29 05:15:00,4.099219000000001,4.442939
2019-05-28,2019-05-29 05:30:00,4.057030999999999,4.491889
2019-05-28,2019-05-29 05:45:00,4.1097660000000005,4.3328824
2019-05-28,2019-05-29 06:00:00,4.130859,4.277319
2019-05-28,2019-05-29 06:15:00,3.744141,4.255077
2019-05-28,2019-05-29 06:30:00,3.948047,4.1256046
2019-05-28,2019-05-29 06:45:00,3.796875,3.9522886
2019-05-28,2019-05-29 07:00:00,3.3855470000000003,3.836774
2019-05-28,2019-05-29 07:15:00,3.779297,3.568176
2019-05-28,2019-05-29 07:30:00,3.5648440000000003,3.358557
2019-05-28,2019-05-29 07:45:00,3.128906,3.1173744
2019-05-28,2019-05-29 08:00:00,2.295703,2.9112272
2019-05-28,2019-05-29 08:15:00,3.216797,2.6493435
2019-05-28,2019-05-29 08:30:00,2.657812,2.3155627
2019-05-28,2019-05-29 08:45:00,2.545312,2.1158097
2019-05-28,2019-05-29 09:00:00,2.130469,1.8734739
2019-05-28,2019-05-29 09:15:00,1.835156,1.5123842
2019-05-28,2019-05-29 09:30:00,1.543359,1.2401879
2019-05-28,2019-05-29 09:45:00,0.8085939999999999,0.9974943
2019-05-28,2019-05-29 10:00:00,0.400781,0.77409923
2019-05-28,2019-05-29 10:15:00,0.418359,0.6188146
2019-05-28,2019-05-29 10:30:00,0.379687,0.43022904
2019-05-28,2019-05-29 10:45:00,0.182812,0.35344455
2019-05-28,2019-05-29 11:00:00,0.119531,0.16573003
2019-05-28,2019-05-29 11:15:00,0.0421879999999999,0.13637803
2019-05-28,2019-05-29 11:30:00,0.0,-0.009562249
2019-05-28,2019-05-29 11:45:00,0.0,-0.030025024
2019-05-28,2019-05-29 12:00:00,0.0,-0.03895508
2019-05-28,2019-05-29 12:15:00,0.0,-0.09955764
2019-05-28,2019-05-29 12:30:00,0.0,-0.037507825
2019-05-28,2019-05-29 12:45:00,0.0,-0.03735876
2019-05-28,2019-05-29 13:00:00,0.0,0.04748752
2019-05-28,2019-05-29 13:15:00,0.0,0.0075743487
2019-05-28,2019-05-29 13:30:00,0.0,0.028837407
2019-05-28,2019-05-29 13:45:00,0.0,0.013433344
2019-05-28,2019-05-29 14:00:00,0.0,0.029321855
2019-05-28,2019-05-29 14:15:00,0.0,-0.017464867
2019-05-28,2019-05-29 14:30:00,0.0,0.0456088
2019-05-28,2019-05-29 14:45:00,0.0,0.092715696
2019-05-28,2019-05-29 15:00:00,0.0,0.009143055
2019-05-28,2019-05-29 15:15:00,0.0,-0.013751936
2019-05-28,2019-05-29 15:30:00,0.0,-0.021543832
2019-05-28,2019-05-29 15:45:00,0.0,-0.017509036
2019-05-28,2019-05-29 16:00:00,0.0,-0.01879227
2019-05-28,2019-05-29 16:15:00,0.0,-0.060974274
2019-05-28,2019-05-29 16:30:00,0.0,-0.04384149
2019-05-28,2019-05-29 16:45:00,0.0,-0.03445784
2019-05-28,2019-05-29 17:00:00,0.0,0.015734322
2019-05-28,2019-05-29 17:15:00,0.0,-0.03633391
2019-05-28,2019-05-29 17:30:00,0.0,-0.02230699
2019-05-28,2019-05-29 17:45:00,0.0,0.04301972
2019-05-28,2019-05-29 18:00:00,0.0,0.012484159
2019-05-28,2019-05-29 18:15:00,0.0,0.07186641
2019-05-28,2019-05-29 18:30:00,0.0,0.06760714
2019-05-28,2019-05-29 18:45:00,0.0,0.028570129
2019-05-28,2019-05-29 19:00:00,0.0,0.053587537
2019-05-28,2019-05-29 19:15:00,0.0,0.08601387
2019-05-28,2019-05-29 19:30:00,0.0,0.05230529
2019-05-28,2019-05-29 19:45:00,0.0,0.036075562
2019-05-28,2019-05-29 20:00:00,0.0,0.038434293
2019-05-28,2019-05-29 20:15:00,0.0,0.037948873
2019-05-28,2019-05-29 20:30:00,0.0,0.07944368
2019-05-28,2019-05-29 20:45:00,0.0,0.05689583
2019-05-28,2019-05-29 21:00:00,0.0,0.12804112
2019-05-28,2019-05-29 21:15:00,0.0,0.12697123
2019-05-28,2019-05-29 21:30:00,0.0,0.13820638
2019-05-28,2019-05-29 21:45:00,0.193359,0.20804751
2019-05-28,2019-05-29 22:00:00,0.302344,0.41804594
2019-05-28,2019-05-29 22:15:00,0.439453,0.5229464
2019-05-28,2019-05-29 22:30:00,0.481641,0.74752605
2019-05-28,2019-05-29 22:45:00,0.583594,0.90724206
2019-05-28,2019-05-29 23:00:00,0.984375,1.1529723
2019-05-28,2019-05-29 23:15:00,0.812109,1.3792773
2019-05-28,2019-05-29 23:30:00,1.364062,1.6048846
2019-05-28,2019-05-29 23:45:00,1.434375,1.8810302
2019-05-29,2019-05-30 00:00:00,1.930078,2.3230956
2019-05-29,2019-05-30 00:15:00,2.383594,2.5733013
2019-05-29,2019-05-30 00:30:00,2.446875,2.9326513
2019-05-29,2019-05-30 00:45:00,2.707031,3.1608791
2019-05-29,2019-05-30 01:00:00,3.058594,3.4180536
2019-05-29,2019-05-30 01:15:00,3.266016,3.715814
2019-05-29,2019-05-30 01:30:00,3.4875,3.8884325
2019-05-29,2019-05-30 01:45:00,3.666797,3.99181
2019-05-29,2019-05-30 02:00:00,3.863672,4.083505
2019-05-29,2019-05-30 02:15:00,3.909375,4.2095366
2019-05-29,2019-05-30 02:30:00,3.99375,4.259879
2019-05-29,2019-05-30 02:45:00,3.877734,4.229166
2019-05-29,2019-05-30 03:00:00,4.158983999999999,4.278871
2019-05-29,2019-05-30 03:15:00,4.187109,4.284741
2019-05-29,2019-05-30 03:30:00,4.081641,4.3522463
2019-05-29,2019-05-30 03:45:00,4.092187,4.4351654
2019-05-29,2019-05-30 04:00:00,3.891797,4.520645
2019-05-29,2019-05-30 04:15:00,3.779297,4.5294547
2019-05-29,2019-05-30 04:30:00,2.900391,4.47368
2019-05-29,2019-05-30 04:45:00,3.378515,4.497226
2019-05-29,2019-05-30 05:00:00,3.009375,4.4318976
2019-05-29,2019-05-30 05:15:00,4.074609,4.338565
2019-05-29,2019-05-30 05:30:00,3.91289,4.4194684
2019-05-29,2019-05-30 05:45:00,3.730078,4.2374783
2019-05-29,2019-05-30 06:00:00,3.308203,4.1978426
2019-05-29,2019-05-30 06:15:00,3.877734,4.116387
2019-05-29,2019-05-30 06:30:00,2.267578,3.9834352
2019-05-29,2019-05-30 06:45:00,1.357031,3.8368068
2019-05-29,2019-05-30 07:00:00,2.664844,3.640092
2019-05-29,2019-05-30 07:15:00,2.506641,3.4425528
2019-05-29,2019-05-30 07:30:00,3.476953,3.2145529
2019-05-29,2019-05-30 07:45:00,3.153516,2.9753556
2019-05-29,2019-05-30 08:00:00,2.9636720000000003,2.7421653
2019-05-29,2019-05-30 08:15:00,2.626172,2.484856
2019-05-29,2019-05-30 08:30:00,2.323828,2.164842
2019-05-29,2019-05-30 08:45:00,2.035547,1.9725037
2019-05-29,2019-05-30 09:00:00,1.715625,1.73029
2019-05-29,2019-05-30 09:15:00,1.480078,1.3769541
2019-05-29,2019-05-30 09:30:00,1.241016,1.1785365
2019-05-29,2019-05-30 09:45:00,0.910547,0.94605905
2019-05-29,2019-05-30 10:00:00,0.713672,0.7687993
2019-05-29,2019-05-30 10:15:00,0.523828,0.604049
2019-05-29,2019-05-30 10:30:00,0.379687,0.45596752
2019-05-29,2019-05-30 10:45:00,0.256641,0.35942253
2019-05-29,2019-05-30 11:00:00,0.154687,0.23519653
2019-05-29,2019-05-30 11:15:00,0.014062,0.20821081
2019-05-29,2019-05-30 11:30:00,0.0,0.108859755
2019-05-29,2019-05-30 11:45:00,0.0,0.09848937
2019-05-29,2019-05-30 12:00:00,0.0,0.09364656
2019-05-29,2019-05-30 12:15:00,0.0,0.068859234
2019-05-29,2019-05-30 12:30:00,0.0,0.10017109
2019-05-29,2019-05-30 12:45:00,0.0,0.06946018
2019-05-29,2019-05-30 13:00:00,0.0,0.11007022
2019-05-29,2019-05-30 13:15:00,0.0,0.124458574
2019-05-29,2019-05-30 13:30:00,0.0,0.1056457
2019-05-29,2019-05-30 13:45:00,0.0,0.08852975
2019-05-29,2019-05-30 14:00:00,0.0,0.09759156
2019-05-29,2019-05-30 14:15:00,0.0,0.07631925
2019-05-29,2019-05-30 14:30:00,0.0,0.11793315
2019-05-29,2019-05-30 14:45:00,0.0,0.113822214
2019-05-29,2019-05-30 15:00:00,0.0,0.088420026
2019-05-29,2019-05-30 15:15:00,0.0,0.08779459
2019-05-29,2019-05-30 15:30:00,0.0,0.06614921
2019-05-29,2019-05-30 15:45:00,0.0,0.065914005
2019-05-29,2019-05-30 16:00:00,0.0,0.07205197
2019-05-29,2019-05-30 16:15:00,0.0,0.002891295
2019-05-29,2019-05-30 16:30:00,0.0,0.008175119
2019-05-29,2019-05-30 16:45:00,0.0,-0.014642914
2019-05-29,2019-05-30 17:00:00,0.0,0.030652478
2019-05-29,2019-05-30 17:15:00,0.0,0.02618469
2019-05-29,2019-05-30 17:30:00,0.0,-0.010547491
2019-05-29,2019-05-30 17:45:00,0.0,0.01934787
2019-05-29,2019-05-30 18:00:00,0.0,0.02042037
2019-05-29,2019-05-30 18:15:00,0.0,0.03207031
2019-05-29,2019-05-30 18:30:00,0.0,0.009144783
2019-05-29,2019-05-30 18:45:00,0.0,-0.0014977946
2019-05-29,2019-05-30 19:00:00,0.0,-0.010485303
2019-05-29,2019-05-30 19:15:00,0.0,-0.016892219
2019-05-29,2019-05-30 19:30:00,0.0,-0.044677928
2019-05-29,2019-05-30 19:45:00,0.0,-0.0969612
2019-05-29,2019-05-30 20:00:00,0.0,-0.11278632
2019-05-29,2019-05-30 20:15:00,0.0,-0.13872498
2019-05-29,2019-05-30 20:30:00,0.0,-0.12304498
2019-05-29,2019-05-30 20:45:00,0.0,-0.14206752
2019-05-29,2019-05-30 21:00:00,0.0,-0.11585941
2019-05-29,2019-05-30 21:15:00,0.024609,-0.13393494
2019-05-29,2019-05-30 21:30:00,0.0,-0.09587964
2019-05-29,2019-05-30 21:45:00,0.189844,-0.05510635
2019-05-29,2019-05-30 22:00:00,0.298828,0.11137703
2019-05-29,2019-05-30 22:15:00,0.460547,0.254586
2019-05-29,2019-05-30 22:30:00,0.660937,0.42493105
2019-05-29,2019-05-30 22:45:00,0.8648440000000001,0.62743163
2019-05-29,2019-05-30 23:00:00,1.156641,0.8213695
2019-05-29,2019-05-30 23:15:00,1.434375,1.0768393
2019-05-29,2019-05-30 23:30:00,1.712109,1.3191276
2019-05-29,2019-05-30 23:45:00,2.014453,1.5449079
2019-05-30,2019-05-31 00:00:00,2.2605470000000003,1.6233327
2019-05-30,2019-05-31 00:15:00,2.5101560000000003,1.7581558
2019-05-30,2019-05-31 00:30:00,2.766797,2.0074885
2019-05-30,2019-05-31 00:45:00,2.998828,2.1513987
2019-05-30,2019-05-31 01:00:00,3.230859,2.3183186
2019-05-30,2019-05-31 01:15:00,3.438281,2.5330071
2019-05-30,2019-05-31 01:30:00,3.568359,2.645878
2019-05-30,2019-05-31 01:45:00,3.744141,2.7192175
2019-05-30,2019-05-31 02:00:00,3.902344,2.8017762
2019-05-30,2019-05-31 02:15:00,4.014843,2.877285
2019-05-30,2019-05-31 02:30:00,4.095703,2.921696
2019-05-30,2019-05-31 02:45:00,4.169531,2.9107387
2019-05-30,2019-05-31 03:00:00,4.232812,2.9422967
2019-05-30,2019-05-31 03:15:00,4.222266,2.9635456
2019-05-30,2019-05-31 03:30:00,4.169531,3.0170648
2019-05-30,2019-05-31 03:45:00,4.201172,3.0687692
2019-05-30,2019-05-31 04:00:00,4.225781,3.1398826
2019-05-30,2019-05-31 04:15:00,4.144922,3.147605
2019-05-30,2019-05-31 04:30:00,4.201172,3.114712
2019-05-30,2019-05-31 04:45:00,4.092187,3.1641724
2019-05-30,2019-05-31 05:00:00,4.014843,3.079623
2019-05-30,2019-05-31 05:15:00,4.046484,3.0416906
2019-05-30,2019-05-31 05:30:00,4.05,3.100369
2019-05-30,2019-05-31 05:45:00,3.91289,2.9846864
2019-05-30,2019-05-31 06:00:00,4.000781,2.968133
2019-05-30,2019-05-31 06:15:00,3.941015,2.918309
2019-05-30,2019-05-31 06:30:00,3.898828,2.8149717
2019-05-30,2019-05-31 06:45:00,3.863672,2.7435524
2019-05-30,2019-05-31 07:00:00,3.716016,2.630166
2019-05-30,2019-05-31 07:15:00,2.988281,2.4760213
2019-05-30,2019-05-31 07:30:00,2.460938,2.3430915
2019-05-30,2019-05-31 07:45:00,2.882812,2.1761844
2019-05-30,2019-05-31 08:00:00,1.6804689999999998,2.0157707
2019-05-30,2019-05-31 08:15:00,1.026562,1.8477792
2019-05-30,2019-05-31 08:30:00,1.360547,1.654107
2019-05-30,2019-05-31 08:45:00,1.248047,1.4808977
2019-05-30,2019-05-31 09:00:00,2.341406,1.3281798
2019-05-30,2019-05-31 09:15:00,1.648828,1.0843872
2019-05-30,2019-05-31 09:30:00,1.089844,0.93009686
2019-05-30,2019-05-31 09:45:00,0.7558590000000001,0.7586878
2019-05-30,2019-05-31 10:00:00,0.875391,0.6029992
2019-05-30,2019-05-31 10:15:00,0.28125,0.5042844
2019-05-30,2019-05-31 10:30:00,0.326953,0.38583487
2019-05-30,2019-05-31 10:45:00,0.221484,0.32210162
2019-05-30,2019-05-31 11:00:00,0.130078,0.2172075
2019-05-30,2019-05-31 11:15:00,0.0,0.19900924
2019-05-30,2019-05-31 11:30:00,0.0,0.10549011
2019-05-30,2019-05-31 11:45:00,0.0,0.12405876
2019-05-30,2019-05-31 12:00:00,0.0,0.093358986
2019-05-30,2019-05-31 12:15:00,0.0,0.07258367
2019-05-30,2019-05-31 12:30:00,0.0,0.12307798
2019-05-30,2019-05-31 12:45:00,0.0,0.09035642
2019-05-30,2019-05-31 13:00:00,0.0,0.1433168
2019-05-30,2019-05-31 13:15:00,0.0,0.16248655
2019-05-30,2019-05-31 13:30:00,0.0,0.15840535
2019-05-30,2019-05-31 13:45:00,0.0,0.13509339
2019-05-30,2019-05-31 14:00:00,0.0,0.15508623
2019-05-30,2019-05-31 14:15:00,0.0,0.14317535
2019-05-30,2019-05-31 14:30:00,0.0,0.17837076
2019-05-30,2019-05-31 14:45:00,0.0,0.17298988
2019-05-30,2019-05-31 15:00:00,0.0,0.1329766
2019-05-30,2019-05-31 15:15:00,0.0,0.12818258
2019-05-30,2019-05-31 15:30:00,0.0,0.117227666
2019-05-30,2019-05-31 15:45:00,0.0,0.099236645
2019-05-30,2019-05-31 16:00:00,0.0,0.09821023
2019-05-30,2019-05-31 16:15:00,0.0,0.04969515
2019-05-30,2019-05-31 16:30:00,0.0,0.057376966
2019-05-30,2019-05-31 16:45:00,0.0,0.025729325
2019-05-30,2019-05-31 17:00:00,0.0,0.08308313
2019-05-30,2019-05-31 17:15:00,0.0,0.07317952
2019-05-30,2019-05-31 17:30:00,0.0,0.052426483
2019-05-30,2019-05-31 17:45:00,0.0,0.048398238
2019-05-30,2019-05-31 18:00:00,0.0,0.05124577
2019-05-30,2019-05-31 18:15:00,0.0,0.07723883
2019-05-30,2019-05-31 18:30:00,0.0,0.05072046
2019-05-30,2019-05-31 18:45:00,0.0,0.0376201
2019-05-30,2019-05-31 19:00:00,0.0,0.04136816
2019-05-30,2019-05-31 19:15:00,0.0,0.032857023
2019-05-30,2019-05-31 19:30:00,0.0,0.03481302
2019-05-30,2019-05-31 19:45:00,0.0,0.033242267
2019-05-30,2019-05-31 20:00:00,0.0,-0.0003758632
2019-05-30,2019-05-31 20:15:00,0.0,-0.018847836
2019-05-30,2019-05-31 20:30:00,0.0,0.029984234
2019-05-30,2019-05-31 20:45:00,0.0,0.0066961227
2019-05-30,2019-05-31 21:00:00,0.0,0.04523661
2019-05-30,2019-05-31 21:15:00,0.0,0.044706192
2019-05-30,2019-05-31 21:30:00,0.0,0.08369514
2019-05-30,2019-05-31 21:45:00,0.0,0.11762991
2019-05-30,2019-05-31 22:00:00,0.077344,0.2308631
2019-05-30,2019-05-31 22:15:00,0.16875,0.36823687
2019-05-30,2019-05-31 22:30:00,0.344531,0.5153739
2019-05-30,2019-05-31 22:45:00,0.298828,0.63357335
2019-05-30,2019-05-31 23:00:00,0.351562,0.7871495
2019-05-30,2019-05-31 23:15:00,0.2953119999999999,0.965593
2019-05-30,2019-05-31 23:30:00,0.523828,1.1039227
2019-05-30,2019-05-31 23:45:00,0.833203,1.304611
2019-05-31,2019-06-01 00:00:00,0.794531,2.4065864
2019-05-31,2019-06-01 00:15:00,0.523828,2.6625724
2019-05-31,2019-06-01 00:30:00,0.418359,3.0541687
2019-05-31,2019-06-01 00:45:00,0.369141,3.362889
2019-05-31,2019-06-01 01:00:00,1.283203,3.5876858
2019-05-31,2019-06-01 01:15:00,2.025,3.8997881
2019-05-31,2019-06-01 01:30:00,3.241406,4.1155596
2019-05-31,2019-06-01 01:45:00,3.491015,4.2597003
2019-05-31,2019-06-01 02:00:00,3.765234,4.3434787
2019-05-31,2019-06-01 02:15:00,3.877734,4.491653
2019-05-31,2019-06-01 02:30:00,3.986719,4.5063753
2019-05-31,2019-06-01 02:45:00,4.134375,4.516408
2019-05-31,2019-06-01 03:00:00,4.201172,4.598241
2019-05-31,2019-06-01 03:15:00,4.282031,4.582145
2019-05-31,2019-06-01 03:30:00,4.2785150000000005,4.6418023
2019-05-31,2019-06-01 03:45:00,4.264453,4.717406
2019-05-31,2019-06-01 04:00:00,4.362891,4.797063
2019-05-31,2019-06-01 04:15:00,4.275,4.803048
2019-05-31,2019-06-01 04:30:00,4.148438,4.737849
2019-05-31,2019-06-01 04:45:00,4.355859,4.80406
2019-05-31,2019-06-01 05:00:00,4.369922,4.7172337
2019-05-31,2019-06-01 05:15:00,2.439844,4.6540613
2019-05-31,2019-06-01 05:30:00,4.246875,4.710959
2019-05-31,2019-06-01 05:45:00,1.567969,4.5322323
2019-05-31,2019-06-01 06:00:00,1.6523439999999998,4.4670973
2019-05-31,2019-06-01 06:15:00,4.33125,4.425095
2019-05-31,2019-06-01 06:30:00,3.863672,4.2727747
2019-05-31,2019-06-01 06:45:00,2.091797,4.105001
2019-05-31,2019-06-01 07:00:00,1.346484,3.9387307
2019-05-31,2019-06-01 07:15:00,3.329297,3.7154176
2019-05-31,2019-06-01 07:30:00,3.125391,3.4381573
2019-05-31,2019-06-01 07:45:00,2.953125,3.1882515
2019-05-31,2019-06-01 08:00:00,2.696484,2.9665604
2019-05-31,2019-06-01 08:15:00,2.408203,2.6635985
2019-05-31,2019-06-01 08:30:00,2.190234,2.3678565
2019-05-31,2019-06-01 08:45:00,1.923047,2.1162724
2019-05-31,2019-06-01 09:00:00,1.645312,1.8709185
2019-05-31,2019-06-01 09:15:00,1.388672,1.5181516
2019-05-31,2019-06-01 09:30:00,1.082812,1.2288299
2019-05-31,2019-06-01 09:45:00,0.8824219999999999,0.95673805
2019-05-31,2019-06-01 10:00:00,0.660937,0.76482385
2019-05-31,2019-06-01 10:15:00,0.478125,0.5538772
2019-05-31,2019-06-01 10:30:00,0.323438,0.38881293
2019-05-31,2019-06-01 10:45:00,0.210938,0.33410472
2019-05-31,2019-06-01 11:00:00,0.105469,0.14014451
2019-05-31,2019-06-01 11:15:00,0.0,0.13570276
2019-05-31,2019-06-01 11:30:00,0.0,-0.031213146
2019-05-31,2019-06-01 11:45:00,0.0,-0.01944559
2019-05-31,2019-06-01 12:00:00,0.0,-0.0061358716
2019-05-31,2019-06-01 12:15:00,0.0,-0.045386836
2019-05-31,2019-06-01 12:30:00,0.0,-0.0136228185
2019-05-31,2019-06-01 12:45:00,0.0,-0.0013606214
2019-05-31,2019-06-01 13:00:00,0.0,0.045739923
2019-05-31,2019-06-01 13:15:00,0.0,0.03727917
2019-05-31,2019-06-01 13:30:00,0.0,0.058154736
2019-05-31,2019-06-01 13:45:00,0.0,-0.012301084
2019-05-31,2019-06-01 14:00:00,0.0,-0.012306289
2019-05-31,2019-06-01 14:15:00,0.0,-0.03500605
2019-05-31,2019-06-01 14:30:00,0.0,0.019402076
2019-05-31,2019-06-01 14:45:00,0.0,0.04502091
2019-05-31,2019-06-01 15:00:00,0.0,-0.040685564
2019-05-31,2019-06-01 15:15:00,0.0,-0.056641735
2019-05-31,2019-06-01 15:30:00,0.0,-0.06343365
2019-05-31,2019-06-01 15:45:00,0.0,-0.06191449
2019-05-31,2019-06-01 16:00:00,0.0,-0.05387747
2019-05-31,2019-06-01 16:15:00,0.0,-0.09009227
2019-05-31,2019-06-01 16:30:00,0.0,-0.08290273
2019-05-31,2019-06-01 16:45:00,0.0,-0.06433253
2019-05-31,2019-06-01 17:00:00,0.0,-0.026056692
2019-05-31,2019-06-01 17:15:00,0.0,-0.05433871
2019-05-31,2019-06-01 17:30:00,0.0,-0.0622326
2019-05-31,2019-06-01 17:45:00,0.0,-0.0073132114
2019-05-31,2019-06-01 18:00:00,0.0,-0.015047777
2019-05-31,2019-06-01 18:15:00,0.0,0.014769089
2019-05-31,2019-06-01 18:30:00,0.0,-0.029629614
2019-05-31,2019-06-01 18:45:00,0.0,-0.026850227
2019-05-31,2019-06-01 19:00:00,0.0,-0.065675385
2019-05-31,2019-06-01 19:15:00,0.0,-0.021094447
2019-05-31,2019-06-01 19:30:00,0.0,-0.03711979
2019-05-31,2019-06-01 19:45:00,0.0,-0.08960565
2019-05-31,2019-06-01 20:00:00,0.0,-0.07640968
2019-05-31,2019-06-01 20:15:00,0.0,-0.08141465
2019-05-31,2019-06-01 20:30:00,0.0,-0.06077759
2019-05-31,2019-06-01 20:45:00,0.0,-0.047832582
2019-05-31,2019-06-01 21:00:00,0.0,-0.015499419
2019-05-31,2019-06-01 21:15:00,0.0,-0.010421978
2019-05-31,2019-06-01 21:30:00,0.080859,0.021970032
2019-05-31,2019-06-01 21:45:00,0.165234,0.086413234
2019-05-31,2019-06-01 22:00:00,0.2847659999999999,0.27760896
2019-05-31,2019-06-01 22:15:00,0.4148439999999999,0.3810702
2019-05-31,2019-06-01 22:30:00,0.541406,0.60220414
2019-05-31,2019-06-01 22:45:00,0.776953,0.7878017
2019-05-31,2019-06-01 23:00:00,0.987891,0.9787462
2019-05-31,2019-06-01 23:15:00,1.241016,1.2645246
2019-05-31,2019-06-01 23:30:00,1.364062,1.4787481
2019-05-31,2019-06-01 23:45:00,1.582031,1.7108971
2018-08-25,2018-08-26 00:00:00,1.286719,1.2543197
2018-08-25,2018-08-26 00:15:00,1.504687,1.3721076
2018-08-25,2018-08-26 00:30:00,1.747266,1.5752478
2018-08-25,2018-08-26 00:45:00,1.916016,1.737965
2018-08-25,2018-08-26 01:00:00,2.169141,1.8541456
2018-08-25,2018-08-26 01:15:00,2.309766,2.063706
2018-08-25,2018-08-26 01:30:00,2.636719,2.1706583
2018-08-25,2018-08-26 01:45:00,2.770312,2.2610643
2018-08-25,2018-08-26 02:00:00,2.872266,2.3288832
2018-08-25,2018-08-26 02:15:00,3.086719,2.39505
2018-08-25,2018-08-26 02:30:00,3.188672,2.435041
2018-08-25,2018-08-26 02:45:00,3.181641,2.429562
2018-08-25,2018-08-26 03:00:00,3.325781,2.467267
2018-08-25,2018-08-26 03:15:00,3.378515,2.4461257
2018-08-25,2018-08-26 03:30:00,3.357422,2.5068228
2018-08-25,2018-08-26 03:45:00,3.3890620000000005,2.5284433
2018-08-25,2018-08-26 04:00:00,3.403125,2.5929935
2018-08-25,2018-08-26 04:15:00,3.448828,2.5708673
2018-08-25,2018-08-26 04:30:00,3.427734,2.5466354
2018-08-25,2018-08-26 04:45:00,3.396094,2.5594013
2018-08-25,2018-08-26 05:00:00,3.273047,2.5161374
2018-08-25,2018-08-26 05:15:00,3.403125,2.4880266
2018-08-25,2018-08-26 05:30:00,3.364453,2.4991894
2018-08-25,2018-08-26 05:45:00,2.974219,2.416295
2018-08-25,2018-08-26 06:00:00,3.058594,2.3867962
2018-08-25,2018-08-26 06:15:00,2.063672,2.3313048
2018-08-25,2018-08-26 06:30:00,2.882812,2.257612
2018-08-25,2018-08-26 06:45:00,2.443359,2.1615376
2018-08-25,2018-08-26 07:00:00,2.239453,2.064177
2018-08-25,2018-08-26 07:15:00,2.373047,1.9004505
2018-08-25,2018-08-26 07:30:00,2.151562,1.7912749
2018-08-25,2018-08-26 07:45:00,1.993359,1.644729
2018-08-25,2018-08-26 08:00:00,1.7824220000000002,1.4983116
2018-08-25,2018-08-26 08:15:00,1.578516,1.338845
2018-08-25,2018-08-26 08:30:00,1.392187,1.1282754
2018-08-25,2018-08-26 08:45:00,1.019531,1.0330162
2018-08-25,2018-08-26 09:00:00,0.45,0.855972
2018-08-25,2018-08-26 09:15:00,0.4253909999999999,0.6492395
2018-08-25,2018-08-26 09:30:00,0.379687,0.5299458
2018-08-25,2018-08-26 09:45:00,0.298828,0.39686576
2018-08-25,2018-08-26 10:00:00,0.291797,0.27635747
2018-08-25,2018-08-26 10:15:00,0.175781,0.20584287
2018-08-25,2018-08-26 10:30:00,0.024609,0.123972416
2018-08-25,2018-08-26 10:45:00,0.0,0.10031319
2018-08-25,2018-08-26 11:00:00,0.0,0.013617922
2018-08-25,2018-08-26 11:15:00,0.0,-0.0010057036
2018-08-25,2018-08-26 11:30:00,0.0,-0.02929807
2018-08-25,2018-08-26 11:45:00,0.0,-0.0284489
2018-08-25,2018-08-26 12:00:00,0.0,-0.04678065
2018-08-25,2018-08-26 12:15:00,0.0,-0.06590889
2018-08-25,2018-08-26 12:30:00,0.0,-0.010740248
2018-08-25,2018-08-26 12:45:00,0.0,-0.03085222
2018-08-25,2018-08-26 13:00:00,0.0,0.028190233
2018-08-25,2018-08-26 13:15:00,0.0,-0.00991728
2018-08-25,2018-08-26 13:30:00,0.0,0.0049599814
2018-08-25,2018-08-26 13:45:00,0.0,-0.021246105
2018-08-25,2018-08-26 14:00:00,0.0,-0.018909037
2018-08-25,2018-08-26 14:15:00,0.0,-0.023546003
2018-08-25,2018-08-26 14:30:00,0.0,0.0046823444
2018-08-25,2018-08-26 14:45:00,0.0,0.0072528757
2018-08-25,2018-08-26 15:00:00,0.0,-0.038043205
2018-08-25,2018-08-26 15:15:00,0.0,-0.01947388
2018-08-25,2018-08-26 15:30:00,0.0,-0.053815797
2018-08-25,2018-08-26 15:45:00,0.0,-0.04674141
2018-08-25,2018-08-26 16:00:00,0.0,-0.054410156
2018-08-25,2018-08-26 16:15:00,0.0,-0.09320243
2018-08-25,2018-08-26 16:30:00,0.0,-0.07626712
2018-08-25,2018-08-26 16:45:00,0.0,-0.09273434
2018-08-25,2018-08-26 17:00:00,0.0,-0.042423304
2018-08-25,2018-08-26 17:15:00,0.0,-0.03693939
2018-08-25,2018-08-26 17:30:00,0.0,-0.06407031
2018-08-25,2018-08-26 17:45:00,0.0,-0.060977392
2018-08-25,2018-08-26 18:00:00,0.0,-0.048831895
2018-08-25,2018-08-26 18:15:00,0.0,-0.04432844
2018-08-25,2018-08-26 18:30:00,0.0,-0.044553902
2018-08-25,2018-08-26 18:45:00,0.0,-0.06646889
2018-08-25,2018-08-26 19:00:00,0.0,-0.027954876
2018-08-25,2018-08-26 19:15:00,0.0,-0.048802525
2018-08-25,2018-08-26 19:30:00,0.0,-0.056352176
2018-08-25,2018-08-26 19:45:00,0.0,-0.04521829
2018-08-25,2018-08-26 20:00:00,0.0,-0.062419955
2018-08-25,2018-08-26 20:15:00,0.0,-0.07609891
2018-08-25,2018-08-26 20:30:00,0.0,-0.0546829
2018-08-25,2018-08-26 20:45:00,0.0,-0.07829943
2018-08-25,2018-08-26 21:00:00,0.0,-0.059823908
2018-08-25,2018-08-26 21:15:00,0.0,-0.07021788
2018-08-25,2018-08-26 21:30:00,0.0,-0.053343948
2018-08-25,2018-08-26 21:45:00,0.0,-0.058156226
2018-08-25,2018-08-26 22:00:00,0.0,0.05303757
2018-08-25,2018-08-26 22:15:00,0.0,0.10249798
2018-08-25,2018-08-26 22:30:00,0.203906,0.23716287
2018-08-25,2018-08-26 22:45:00,0.319922,0.34496298
2018-08-25,2018-08-26 23:00:00,0.460547,0.43199202
2018-08-25,2018-08-26 23:15:00,0.632812,0.55626255
2018-08-25,2018-08-26 23:30:00,0.8824219999999999,0.68066055
2018-08-25,2018-08-26 23:45:00,1.125,0.83647686
2018-08-26,2018-08-27 00:00:00,1.297266,1.336422
2018-08-26,2018-08-27 00:15:00,1.18125,1.545474
2018-08-26,2018-08-27 00:30:00,1.887891,1.8691487
2018-08-26,2018-08-27 00:45:00,2.021484,2.096015
2018-08-26,2018-08-27 01:00:00,2.285156,2.336585
2018-08-26,2018-08-27 01:15:00,2.478516,2.6818838
2018-08-26,2018-08-27 01:30:00,2.657812,2.8905616
2018-08-26,2018-08-27 01:45:00,2.844141,3.0934968
2018-08-26,2018-08-27 02:00:00,3.121875,3.2342978
2018-08-26,2018-08-27 02:15:00,3.287109,3.4237764
2018-08-26,2018-08-27 02:30:00,2.309766,3.5661678
2018-08-26,2018-08-27 02:45:00,3.427734,3.619363
2018-08-26,2018-08-27 03:00:00,2.211328,3.7221112
2018-08-26,2018-08-27 03:15:00,3.469922,3.7837641
2018-08-26,2018-08-27 03:30:00,3.15,3.877607
2018-08-26,2018-08-27 03:45:00,3.410156,4.020361
2018-08-26,2018-08-27 04:00:00,4.151953,4.071428
2018-08-26,2018-08-27 04:15:00,3.670312000000001,4.110586
2018-08-26,2018-08-27 04:30:00,3.596484,4.1042633
2018-08-26,2018-08-27 04:45:00,3.723047,4.191674
2018-08-26,2018-08-27 05:00:00,2.580469,4.103625
2018-08-26,2018-08-27 05:15:00,2.696484,4.0508246
2018-08-26,2018-08-27 05:30:00,4.310156,4.0719705
2018-08-26,2018-08-27 05:45:00,2.844141,3.9272377
2018-08-26,2018-08-27 06:00:00,3.4839839999999995,3.876402
2018-08-26,2018-08-27 06:15:00,3.596484,3.7843697
2018-08-26,2018-08-27 06:30:00,3.336328,3.6518462
2018-08-26,2018-08-27 06:45:00,3.3679690000000004,3.5340989
2018-08-26,2018-08-27 07:00:00,3.026953,3.3023567
2018-08-26,2018-08-27 07:15:00,3.055078,3.0386326
2018-08-26,2018-08-27 07:30:00,2.896875,2.8174171
2018-08-26,2018-08-27 07:45:00,2.735156,2.5424607
2018-08-26,2018-08-27 08:00:00,2.376562,2.3190892
2018-08-26,2018-08-27 08:15:00,1.7015619999999998,2.0536635
2018-08-26,2018-08-27 08:30:00,2.288672,1.7978846
2018-08-26,2018-08-27 08:45:00,2.014453,1.5184838
2018-08-26,2018-08-27 09:00:00,0.6679689999999999,1.3252095
2018-08-26,2018-08-27 09:15:00,0.569531,1.0048041
2018-08-26,2018-08-27 09:30:00,0.569531,0.7738774
2018-08-26,2018-08-27 09:45:00,0.492188,0.62154114
2018-08-26,2018-08-27 10:00:00,0.428906,0.4205571
2018-08-26,2018-08-27 10:15:00,0.158203,0.33478516
2018-08-26,2018-08-27 10:30:00,0.035156,0.2082477
2018-08-26,2018-08-27 10:45:00,0.0,0.17025432
2018-08-26,2018-08-27 11:00:00,0.0,0.08707593
2018-08-26,2018-08-27 11:15:00,0.0,0.07989634
2018-08-26,2018-08-27 11:30:00,0.0,0.050724823
2018-08-26,2018-08-27 11:45:00,0.0,0.087581225
2018-08-26,2018-08-27 12:00:00,0.0,0.112068295
2018-08-26,2018-08-27 12:15:00,0.0,0.09940642
2018-08-26,2018-08-27 12:30:00,0.0,0.13909723
2018-08-26,2018-08-27 12:45:00,0.0,0.11925576
2018-08-26,2018-08-27 13:00:00,0.0,0.1724938
2018-08-26,2018-08-27 13:15:00,0.0,0.16017629
2018-08-26,2018-08-27 13:30:00,0.0,0.100081414
2018-08-26,2018-08-27 13:45:00,0.0,0.07589268
2018-08-26,2018-08-27 14:00:00,0.0,0.08281615
2018-08-26,2018-08-27 14:15:00,0.0,0.052813962
2018-08-26,2018-08-27 14:30:00,0.0,0.08656859
2018-08-26,2018-08-27 14:45:00,0.0,0.06574348
2018-08-26,2018-08-27 15:00:00,0.0,0.023712547
2018-08-26,2018-08-27 15:15:00,0.0,0.02711658
2018-08-26,2018-08-27 15:30:00,0.0,0.043585207
2018-08-26,2018-08-27 15:45:00,0.0,0.033770066
2018-08-26,2018-08-27 16:00:00,0.0,0.043859467
2018-08-26,2018-08-27 16:15:00,0.0,0.0030667991
2018-08-26,2018-08-27 16:30:00,0.0,0.02297107
2018-08-26,2018-08-27 16:45:00,0.0,0.01663027
2018-08-26,2018-08-27 17:00:00,0.0,0.05310991
2018-08-26,2018-08-27 17:15:00,0.0,0.051497433
2018-08-26,2018-08-27 17:30:00,0.0,0.03327024
2018-08-26,2018-08-27 17:45:00,0.0,0.045206137
2018-08-26,2018-08-27 18:00:00,0.0,0.048377395
2018-08-26,2018-08-27 18:15:00,0.0,0.022928797
2018-08-26,2018-08-27 18:30:00,0.0,0.015006916
2018-08-26,2018-08-27 18:45:00,0.0,0.029793926
2018-08-26,2018-08-27 19:00:00,0.0,-0.01930167
2018-08-26,2018-08-27 19:15:00,0.0,0.0058803204
2018-08-26,2018-08-27 19:30:00,0.0,-0.0010294573
2018-08-26,2018-08-27 19:45:00,0.0,0.023564098
2018-08-26,2018-08-27 20:00:00,0.0,-0.013953025
2018-08-26,2018-08-27 20:15:00,0.0,-0.026661795
2018-08-26,2018-08-27 20:30:00,0.0,-0.019143354
2018-08-26,2018-08-27 20:45:00,0.0,-0.017885325
2018-08-26,2018-08-27 21:00:00,0.0,-0.030172547
2018-08-26,2018-08-27 21:15:00,0.0,0.0008743376
2018-08-26,2018-08-27 21:30:00,0.0,0.020528173
2018-08-26,2018-08-27 21:45:00,0.0,0.021077693
2018-08-26,2018-08-27 22:00:00,0.0035159999999999,0.077904016
2018-08-26,2018-08-27 22:15:00,0.0,0.24259157
2018-08-26,2018-08-27 22:30:00,0.196875,0.3309355
2018-08-26,2018-08-27 22:45:00,0.319922,0.4413508
2018-08-26,2018-08-27 23:00:00,0.341016,0.5677715
2018-08-26,2018-08-27 23:15:00,0.551953,0.7686723
2018-08-26,2018-08-27 23:30:00,0.566016,0.9147513
2018-08-26,2018-08-27 23:45:00,0.73125,1.1232532
2018-08-27,2018-08-28 00:00:00,0.935156,1.2831614
2018-08-27,2018-08-28 00:15:00,1.873828,1.418804
2018-08-27,2018-08-28 00:30:00,1.226953,1.6671517
2018-08-27,2018-08-28 00:45:00,1.466016,1.8310797
2018-08-27,2018-08-28 01:00:00,1.750781,1.9816965
2018-08-27,2018-08-28 01:15:00,2.742188,2.1973014
2018-08-27,2018-08-28 01:30:00,2.844141,2.3254316
2018-08-27,2018-08-28 01:45:00,3.065625,2.4384663
2018-08-27,2018-08-28 02:00:00,3.258984,2.5287242
2018-08-27,2018-08-28 02:15:00,3.4066410000000005,2.6096225
2018-08-27,2018-08-28 02:30:00,3.6,2.6776428
2018-08-27,2018-08-28 02:45:00,3.628125,2.681729
2018-08-27,2018-08-28 03:00:00,3.659765,2.7039485
2018-08-27,2018-08-28 03:15:00,3.733594,2.721318
2018-08-27,2018-08-28 03:30:00,3.789844,2.7763784
2018-08-27,2018-08-28 03:45:00,3.782812,2.8132913
2018-08-27,2018-08-28 04:00:00,3.867188,2.8670301
2018-08-27,2018-08-28 04:15:00,3.825,2.8605895
2018-08-27,2018-08-28 04:30:00,3.786328,2.8086514
2018-08-27,2018-08-28 04:45:00,3.796875,2.8468988
2018-08-27,2018-08-28 05:00:00,3.744141,2.7692285
2018-08-27,2018-08-28 05:15:00,3.652734,2.7046847
2018-08-27,2018-08-28 05:30:00,3.628125,2.7120402
2018-08-27,2018-08-28 05:45:00,3.596484,2.5788598
2018-08-27,2018-08-28 06:00:00,3.515625,2.5383782
2018-08-27,2018-08-28 06:15:00,3.434766,2.4585261
2018-08-27,2018-08-28 06:30:00,3.325781,2.35095
2018-08-27,2018-08-28 06:45:00,3.185156,2.2404544
2018-08-27,2018-08-28 07:00:00,3.016406,2.0810525
2018-08-27,2018-08-28 07:15:00,2.840625,1.911121
2018-08-27,2018-08-28 07:30:00,2.629688,1.7653834
2018-08-27,2018-08-28 07:45:00,2.425781,1.5923077
2018-08-27,2018-08-28 08:00:00,2.183203,1.4319593
2018-08-27,2018-08-28 08:15:00,1.916016,1.2537122
2018-08-27,2018-08-28 08:30:00,1.6804689999999998,1.0610697
2018-08-27,2018-08-28 08:45:00,1.444922,0.9206183
2018-08-27,2018-08-28 09:00:00,1.149609,0.7828831
2018-08-27,2018-08-28 09:15:00,0.924609,0.5878393
2018-08-27,2018-08-28 09:30:00,0.678516,0.4594853
2018-08-27,2018-08-28 09:45:00,0.478125,0.34744826
2018-08-27,2018-08-28 10:00:00,0.302344,0.21886945
2018-08-27,2018-08-28 10:15:00,0.161719,0.15766124
2018-08-27,2018-08-28 10:30:00,0.038672,0.08347885
2018-08-27,2018-08-28 10:45:00,0.0,0.064496584
2018-08-27,2018-08-28 11:00:00,0.0,-0.0018462416
2018-08-27,2018-08-28 11:15:00,0.0,-0.008725826
2018-08-27,2018-08-28 11:30:00,0.0,-0.03441872
2018-08-27,2018-08-28 11:45:00,0.0,-0.008850068
2018-08-27,2018-08-28 12:00:00,0.0,-0.035582844
2018-08-27,2018-08-28 12:15:00,0.0,-0.036223125
2018-08-27,2018-08-28 12:30:00,0.0,0.010622929
2018-08-27,2018-08-28 12:45:00,0.0,0.0028102088
2018-08-27,2018-08-28 13:00:00,0.0,0.022030791
2018-08-27,2018-08-28 13:15:00,0.0,0.036681816
2018-08-27,2018-08-28 13:30:00,0.0,0.012438379
2018-08-27,2018-08-28 13:45:00,0.0,-0.033902146
2018-08-27,2018-08-28 14:00:00,0.0,-0.026131215
2018-08-27,2018-08-28 14:15:00,0.0,-0.008478672
2018-08-27,2018-08-28 14:30:00,0.0,0.003916812
2018-08-27,2018-08-28 14:45:00,0.0,-0.0007225408
2018-08-27,2018-08-28 15:00:00,0.0,-0.030534213
2018-08-27,2018-08-28 15:15:00,0.0,-0.022081632
2018-08-27,2018-08-28 15:30:00,0.0,-0.026211543
2018-08-27,2018-08-28 15:45:00,0.0,-0.05524168
2018-08-27,2018-08-28 16:00:00,0.0,-0.045703415
2018-08-27,2018-08-28 16:15:00,0.0,-0.06740207
2018-08-27,2018-08-28 16:30:00,0.0,-0.063650765
2018-08-27,2018-08-28 16:45:00,0.0,-0.08434466
2018-08-27,2018-08-28 17:00:00,0.0,-0.046480313
2018-08-27,2018-08-28 17:15:00,0.0,-0.037562173
2018-08-27,2018-08-28 17:30:00,0.0,-0.044751853
2018-08-27,2018-08-28 17:45:00,0.0,-0.05863941
2018-08-27,2018-08-28 18:00:00,0.0,-0.05347017
2018-08-27,2018-08-28 18:15:00,0.0,-0.047036495
2018-08-27,2018-08-28 18:30:00,0.0,-0.0524339
2018-08-27,2018-08-28 18:45:00,0.0,-0.055261783
2018-08-27,2018-08-28 19:00:00,0.0,-0.054099876
2018-08-27,2018-08-28 19:15:00,0.0,-0.06611929
2018-08-27,2018-08-28 19:30:00,0.0,-0.071546815
2018-08-27,2018-08-28 19:45:00,0.0,-0.0692789
2018-08-27,2018-08-28 20:00:00,0.0,-0.09728223
2018-08-27,2018-08-28 20:15:00,0.0,-0.116869904
2018-08-27,2018-08-28 20:30:00,0.0,-0.10155146
2018-08-27,2018-08-28 20:45:00,0.0,-0.11833272
2018-08-27,2018-08-28 21:00:00,0.0,-0.10184466
2018-08-27,2018-08-28 21:15:00,0.0,-0.14289044
2018-08-27,2018-08-28 21:30:00,0.0,-0.11360835
2018-08-27,2018-08-28 21:45:00,0.0,-0.11636051
2018-08-27,2018-08-28 22:00:00,0.0,-0.04405973
2018-08-27,2018-08-28 22:15:00,0.0,0.059868164
2018-08-27,2018-08-28 22:30:00,0.0,0.16570514
2018-08-27,2018-08-28 22:45:00,0.217969,0.250011
2018-08-27,2018-08-28 23:00:00,0.316406,0.33712792
2018-08-27,2018-08-28 23:15:00,0.305859,0.511148
2018-08-27,2018-08-28 23:30:00,0.28125,0.633356
2018-08-27,2018-08-28 23:45:00,0.400781,0.77154803
2018-08-28,2018-08-29 00:00:00,0.288281,1.0086489
2018-08-28,2018-08-29 00:15:00,0.520312,1.1854045
2018-08-28,2018-08-29 00:30:00,0.759375,1.5099264
2018-08-28,2018-08-29 00:45:00,1.086328,1.7101582
2018-08-28,2018-08-29 01:00:00,1.381641,1.9257238
2018-08-28,2018-08-29 01:15:00,2.566406,2.2236607
2018-08-28,2018-08-29 01:30:00,2.387109,2.403063
2018-08-28,2018-08-29 01:45:00,2.292187,2.5559223
2018-08-28,2018-08-29 02:00:00,2.439844,2.7055264
2018-08-28,2018-08-29 02:15:00,2.759766,2.8454046
2018-08-28,2018-08-29 02:30:00,3.782812,2.9224865
2018-08-28,2018-08-29 02:45:00,3.786328,3.0034456
2018-08-28,2018-08-29 03:00:00,3.772265,3.1143463
2018-08-28,2018-08-29 03:15:00,3.638672,3.1245823
2018-08-28,2018-08-29 03:30:00,3.754687,3.2423072
2018-08-28,2018-08-29 03:45:00,3.779297,3.3108346
2018-08-28,2018-08-29 04:00:00,3.670312000000001,3.4440165
2018-08-28,2018-08-29 04:15:00,3.614062,3.47063
2018-08-28,2018-08-29 04:30:00,3.726562,3.4199765
2018-08-28,2018-08-29 04:45:00,3.294141,3.4878774
2018-08-28,2018-08-29 05:00:00,3.575391,3.4410017
2018-08-28,2018-08-29 05:15:00,3.4628910000000004,3.397589
2018-08-28,2018-08-29 05:30:00,3.329297,3.4286208
2018-08-28,2018-08-29 05:45:00,3.438281,3.3197906
2018-08-28,2018-08-29 06:00:00,3.589453,3.2684968
2018-08-28,2018-08-29 06:15:00,3.5015620000000003,3.2250304
2018-08-28,2018-08-29 06:30:00,3.375,3.0975804
2018-08-28,2018-08-29 06:45:00,3.255469,2.9298837
2018-08-28,2018-08-29 07:00:00,3.086719,2.807758
2018-08-28,2018-08-29 07:15:00,2.925,2.6291096
2018-08-28,2018-08-29 07:30:00,2.6824220000000003,2.429805
2018-08-28,2018-08-29 07:45:00,2.460938,2.2112758
2018-08-28,2018-08-29 08:00:00,2.197266,1.9918385
2018-08-28,2018-08-29 08:15:00,1.982812,1.7769263
2018-08-28,2018-08-29 08:30:00,1.6945310000000002,1.5433033
2018-08-28,2018-08-29 08:45:00,1.395703,1.3159826
2018-08-28,2018-08-29 09:00:00,1.198828,1.1565208
2018-08-28,2018-08-29 09:15:00,0.949219,0.85427094
2018-08-28,2018-08-29 09:30:00,0.720703,0.69316953
2018-08-28,2018-08-29 09:45:00,0.488672,0.5149476
2018-08-28,2018-08-29 10:00:00,0.316406,0.3598472
2018-08-28,2018-08-29 10:15:00,0.172266,0.23137434
2018-08-28,2018-08-29 10:30:00,0.038672,0.13081698
2018-08-28,2018-08-29 10:45:00,0.0,0.08429699
2018-08-28,2018-08-29 11:00:00,0.0,-0.034959577
2018-08-28,2018-08-29 11:15:00,0.0,-0.011500893
2018-08-28,2018-08-29 11:30:00,0.0,-0.078930035
2018-08-28,2018-08-29 11:45:00,0.0,-0.01923231
2018-08-28,2018-08-29 12:00:00,0.0,-0.039162837
2018-08-28,2018-08-29 12:15:00,0.0,-0.082056746
2018-08-28,2018-08-29 12:30:00,0.0,-0.011770518
2018-08-28,2018-08-29 12:45:00,0.0,-0.01612212
2018-08-28,2018-08-29 13:00:00,0.0,0.033324875
2018-08-28,2018-08-29 13:15:00,0.0,0.005910751
2018-08-28,2018-08-29 13:30:00,0.0,-0.0060601253
2018-08-28,2018-08-29 13:45:00,0.0,-0.027453957
2018-08-28,2018-08-29 14:00:00,0.0,0.015031647
2018-08-28,2018-08-29 14:15:00,0.0,-0.017377423
2018-08-28,2018-08-29 14:30:00,0.0,0.042130336
2018-08-28,2018-08-29 14:45:00,0.0,0.031957187
2018-08-28,2018-08-29 15:00:00,0.0,-0.010218014
2018-08-28,2018-08-29 15:15:00,0.0,0.023893287
2018-08-28,2018-08-29 15:30:00,0.0,-0.03463276
2018-08-28,2018-08-29 15:45:00,0.0,-0.02122057
2018-08-28,2018-08-29 16:00:00,0.0,-0.013094191
2018-08-28,2018-08-29 16:15:00,0.0,-0.049019612
2018-08-28,2018-08-29 16:30:00,0.0,-0.036931206
2018-08-28,2018-08-29 16:45:00,0.0,-0.08458191
2018-08-28,2018-08-29 17:00:00,0.0,0.011763089
2018-08-28,2018-08-29 17:15:00,0.0,6.5901564e-05
2018-08-28,2018-08-29 17:30:00,0.0,-0.030345479
2018-08-28,2018-08-29 17:45:00,0.0,-0.03132381
2018-08-28,2018-08-29 18:00:00,0.0,-0.07578169
2018-08-28,2018-08-29 18:15:00,0.0,-0.03198676
2018-08-28,2018-08-29 18:30:00,0.0,-0.06435869
2018-08-28,2018-08-29 18:45:00,0.0,-0.080541864
2018-08-28,2018-08-29 19:00:00,0.0,-0.059247646
2018-08-28,2018-08-29 19:15:00,0.0,-0.063342325
2018-08-28,2018-08-29 19:30:00,0.0,-0.1095411
2018-08-28,2018-08-29 19:45:00,0.0,-0.07751137
2018-08-28,2018-08-29 20:00:00,0.0,-0.07031275
2018-08-28,2018-08-29 20:15:00,0.0,-0.109520726
2018-08-28,2018-08-29 20:30:00,0.0,-0.07917067
2018-08-28,2018-08-29 20:45:00,0.0,-0.087484635
2018-08-28,2018-08-29 21:00:00,0.0,-0.05860083
2018-08-28,2018-08-29 21:15:00,0.0,-0.09553911
2018-08-28,2018-08-29 21:30:00,0.0,-0.02854303
2018-08-28,2018-08-29 21:45:00,0.0,-0.041784093
2018-08-28,2018-08-29 22:00:00,0.0,0.049541384
2018-08-28,2018-08-29 22:15:00,0.0,0.12993793
2018-08-28,2018-08-29 22:30:00,0.200391,0.23712134
2018-08-28,2018-08-29 22:45:00,0.344531,0.34168804
2018-08-28,2018-08-29 23:00:00,0.464063,0.4350475
2018-08-28,2018-08-29 23:15:00,0.632812,0.554149
2018-08-28,2018-08-29 23:30:00,0.959766,0.70059144
2018-08-28,2018-08-29 23:45:00,0.914062,0.8703331
2018-08-29,2018-08-30 00:00:00,0.935156,0.6103862
2018-08-29,2018-08-30 00:15:00,0.734766,0.7636929
2018-08-29,2018-08-30 00:30:00,1.6945310000000002,0.97975254
2018-08-29,2018-08-30 00:45:00,1.033594,1.1519679
2018-08-29,2018-08-30 01:00:00,1.374609,1.3306347
2018-08-29,2018-08-30 01:15:00,2.348438,1.6018324
2018-08-29,2018-08-30 01:30:00,1.469531,1.7540933
2018-08-29,2018-08-30 01:45:00,1.522266,1.909912
2018-08-29,2018-08-30 02:00:00,1.437891,2.0633402
2018-08-29,2018-08-30 02:15:00,1.286719,2.2057164
2018-08-29,2018-08-30 02:30:00,1.1953120000000002,2.3495564
2018-08-29,2018-08-30 02:45:00,1.223437,2.4016516
2018-08-29,2018-08-30 03:00:00,1.821094,2.5158114
2018-08-29,2018-08-30 03:15:00,1.409766,2.59125
2018-08-29,2018-08-30 03:30:00,0.959766,2.7064354
2018-08-29,2018-08-30 03:45:00,1.001953,2.7988472
2018-08-29,2018-08-30 04:00:00,0.998438,2.8787308
2018-08-29,2018-08-30 04:15:00,1.255078,2.9184697
2018-08-29,2018-08-30 04:30:00,1.891406,2.9252074
2018-08-29,2018-08-30 04:45:00,1.318359,2.965589
2018-08-29,2018-08-30 05:00:00,1.244531,2.9217134
2018-08-29,2018-08-30 05:15:00,1.332422,2.8827598
2018-08-29,2018-08-30 05:30:00,1.230469,2.9405684
2018-08-29,2018-08-30 05:45:00,0.938672,2.8136427
2018-08-29,2018-08-30 06:00:00,0.977344,2.7820022
2018-08-29,2018-08-30 06:15:00,1.286719,2.7253067
2018-08-29,2018-08-30 06:30:00,1.167187,2.6233666
2018-08-29,2018-08-30 06:45:00,1.163672,2.538227
2018-08-29,2018-08-30 07:00:00,0.935156,2.3894703
2018-08-29,2018-08-30 07:15:00,0.892969,2.238627
2018-08-29,2018-08-30 07:30:00,1.005469,2.0879495
2018-08-29,2018-08-30 07:45:00,1.849219,1.9297976
2018-08-29,2018-08-30 08:00:00,1.089844,1.7500601
2018-08-29,2018-08-30 08:15:00,1.494141,1.5796402
2018-08-29,2018-08-30 08:30:00,0.963281,1.3460722
2018-08-29,2018-08-30 08:45:00,0.537891,1.1928964
2018-08-29,2018-08-30 09:00:00,0.249609,1.0227982
2018-08-29,2018-08-30 09:15:00,0.161719,0.78630835
2018-08-29,2018-08-30 09:30:00,0.0421879999999999,0.640874
2018-08-29,2018-08-30 09:45:00,0.052734,0.53101397
2018-08-29,2018-08-30 10:00:00,0.0105469999999999,0.39604127
2018-08-29,2018-08-30 10:15:00,0.0,0.3070112
2018-08-29,2018-08-30 10:30:00,0.0,0.24657492
2018-08-29,2018-08-30 10:45:00,0.0,0.17371792
2018-08-29,2018-08-30 11:00:00,0.0,0.114696525
2018-08-29,2018-08-30 11:15:00,0.0,0.085004605
2018-08-29,2018-08-30 11:30:00,0.0,0.09963765
2018-08-29,2018-08-30 11:45:00,0.0,0.10112761
2018-08-29,2018-08-30 12:00:00,0.0,0.07883506
2018-08-29,2018-08-30 12:15:00,0.0,0.052197106
2018-08-29,2018-08-30 12:30:00,0.0,0.097873166
2018-08-29,2018-08-30 12:45:00,0.0,0.082035184
2018-08-29,2018-08-30 13:00:00,0.0,0.103299014
2018-08-29,2018-08-30 13:15:00,0.0,0.10087924
2018-08-29,2018-08-30 13:30:00,0.0,0.048364732
2018-08-29,2018-08-30 13:45:00,0.0,0.024598628
2018-08-29,2018-08-30 14:00:00,0.0,0.031373054
2018-08-29,2018-08-30 14:15:00,0.0,0.013034005
2018-08-29,2018-08-30 14:30:00,0.0,0.041332852
2018-08-29,2018-08-30 14:45:00,0.0,0.019975385
2018-08-29,2018-08-30 15:00:00,0.0,-0.002645774
2018-08-29,2018-08-30 15:15:00,0.0,0.01914816
2018-08-29,2018-08-30 15:30:00,0.0,-0.0015167467
2018-08-29,2018-08-30 15:45:00,0.0,0.019867614
2018-08-29,2018-08-30 16:00:00,0.0,0.02007254
2018-08-29,2018-08-30 16:15:00,0.0,0.0050635156
2018-08-29,2018-08-30 16:30:00,0.0,0.013727126
2018-08-29,2018-08-30 16:45:00,0.0,-0.024966087
2018-08-29,2018-08-30 17:00:00,0.0,0.03962752
2018-08-29,2018-08-30 17:15:00,0.0,0.031459715
2018-08-29,2018-08-30 17:30:00,0.0,0.004441422
2018-08-29,2018-08-30 17:45:00,0.0,-0.0067154476
2018-08-29,2018-08-30 18:00:00,0.0,-0.016503558
2018-08-29,2018-08-30 18:15:00,0.0,-0.016886622
2018-08-29,2018-08-30 18:30:00,0.0,-0.018580908
2018-08-29,2018-08-30 18:45:00,0.0,-0.0362794
2018-08-29,2018-08-30 19:00:00,0.0,-0.011340851
2018-08-29,2018-08-30 19:15:00,0.0,-0.019672204
2018-08-29,2018-08-30 19:30:00,0.0,-0.017037848
2018-08-29,2018-08-30 19:45:00,0.0,-0.004441206
2018-08-29,2018-08-30 20:00:00,0.0,-0.012469572
2018-08-29,2018-08-30 20:15:00,0.0,-0.014530426
2018-08-29,2018-08-30 20:30:00,0.0,-0.00035118352
2018-08-29,2018-08-30 20:45:00,0.0,0.0016720953
2018-08-29,2018-08-30 21:00:00,0.0,0.0118040135
2018-08-29,2018-08-30 21:15:00,0.0,0.00055579114
2018-08-29,2018-08-30 21:30:00,0.0,0.01508303
2018-08-29,2018-08-30 21:45:00,0.0,0.021266313
2018-08-29,2018-08-30 22:00:00,0.0,0.046638492
2018-08-29,2018-08-30 22:15:00,0.0,0.12528297
2018-08-29,2018-08-30 22:30:00,0.024609,0.17641233
2018-08-29,2018-08-30 22:45:00,0.077344,0.25887716
2018-08-29,2018-08-30 23:00:00,0.2636719999999999,0.29932347
2018-08-29,2018-08-30 23:15:00,0.239063,0.369055
2018-08-29,2018-08-30 23:30:00,0.291797,0.4615123
2018-08-29,2018-08-30 23:45:00,0.309375,0.57897025
2018-08-30,2018-08-31 00:00:00,0.4113279999999999,1.1270258
2018-08-30,2018-08-31 00:15:00,0.573047,1.3221527
2018-08-30,2018-08-31 00:30:00,0.537891,1.6315087
2018-08-30,2018-08-31 00:45:00,0.481641,1.8490665
2018-08-30,2018-08-31 01:00:00,1.128516,2.0706978
2018-08-30,2018-08-31 01:15:00,1.191797,2.4008274
2018-08-30,2018-08-31 01:30:00,1.276172,2.5562935
2018-08-30,2018-08-31 01:45:00,0.569531,2.7329493
2018-08-30,2018-08-31 02:00:00,0.467578,2.88179
2018-08-30,2018-08-31 02:15:00,0.485156,3.0436575
2018-08-30,2018-08-31 02:30:00,0.966797,3.1670592
2018-08-30,2018-08-31 02:45:00,1.817578,3.213161
2018-08-30,2018-08-31 03:00:00,2.091797,3.3158813
2018-08-30,2018-08-31 03:15:00,1.7226560000000002,3.3539133
2018-08-30,2018-08-31 03:30:00,1.093359,3.4546099
2018-08-30,2018-08-31 03:45:00,1.146094,3.5571399
2018-08-30,2018-08-31 04:00:00,1.364062,3.630125
2018-08-30,2018-08-31 04:15:00,1.374609,3.6645255
2018-08-30,2018-08-31 04:30:00,1.132031,3.6296422
2018-08-30,2018-08-31 04:45:00,0.580078,3.6589668
2018-08-30,2018-08-31 05:00:00,0.7875,3.6100488
2018-08-30,2018-08-31 05:15:00,0.710156,3.5493214
2018-08-30,2018-08-31 05:30:00,0.555469,3.5725605
2018-08-30,2018-08-31 05:45:00,0.632812,3.4215443
2018-08-30,2018-08-31 06:00:00,1.110937,3.3744454
2018-08-30,2018-08-31 06:15:00,1.082812,3.3085823
2018-08-30,2018-08-31 06:30:00,0.921094,3.2207289
2018-08-30,2018-08-31 06:45:00,0.840234,3.0648494
2018-08-30,2018-08-31 07:00:00,0.639844,2.8932922
2018-08-30,2018-08-31 07:15:00,0.762891,2.7172205
2018-08-30,2018-08-31 07:30:00,0.878906,2.5076506
2018-08-30,2018-08-31 07:45:00,0.629297,2.299049
2018-08-30,2018-08-31 08:00:00,0.446484,2.105371
2018-08-30,2018-08-31 08:15:00,0.362109,1.8753277
2018-08-30,2018-08-31 08:30:00,0.379687,1.5963966
2018-08-30,2018-08-31 08:45:00,0.428906,1.4222894
2018-08-30,2018-08-31 09:00:00,0.302344,1.2517012
2018-08-30,2018-08-31 09:15:00,0.214453,0.9621188
2018-08-30,2018-08-31 09:30:00,0.189844,0.7742326
2018-08-30,2018-08-31 09:45:00,0.049219,0.6059914
2018-08-30,2018-08-31 10:00:00,0.049219,0.43437937
2018-08-30,2018-08-31 10:15:00,0.0105469999999999,0.32031757
2018-08-30,2018-08-31 10:30:00,0.0,0.23695672
2018-08-30,2018-08-31 10:45:00,0.0,0.17661402
2018-08-30,2018-08-31 11:00:00,0.0,0.058847465
2018-08-30,2018-08-31 11:15:00,0.0,0.063431524
2018-08-30,2018-08-31 11:30:00,0.0,0.034384526
2018-08-30,2018-08-31 11:45:00,0.0,0.051348943
2018-08-30,2018-08-31 12:00:00,0.0,0.016250314
2018-08-30,2018-08-31 12:15:00,0.0,0.0029846022
2018-08-30,2018-08-31 12:30:00,0.0,0.04554152
2018-08-30,2018-08-31 12:45:00,0.0,0.05789011
2018-08-30,2018-08-31 13:00:00,0.0,0.06409461
2018-08-30,2018-08-31 13:15:00,0.0,0.08084485
2018-08-30,2018-08-31 13:30:00,0.0,0.022507159
2018-08-30,2018-08-31 13:45:00,0.0,0.0013041637
2018-08-30,2018-08-31 14:00:00,0.0,0.005700948
2018-08-30,2018-08-31 14:15:00,0.0,0.010715087
2018-08-30,2018-08-31 14:30:00,0.0,0.05071211
2018-08-30,2018-08-31 14:45:00,0.0,0.015003676
2018-08-30,2018-08-31 15:00:00,0.0,-0.02847791
2018-08-30,2018-08-31 15:15:00,0.0,-0.00054641924
2018-08-30,2018-08-31 15:30:00,0.0,-0.024959207
2018-08-30,2018-08-31 15:45:00,0.0,-0.03264508
2018-08-30,2018-08-31 16:00:00,0.0,-0.022473447
2018-08-30,2018-08-31 16:15:00,0.0,-0.04953557
2018-08-30,2018-08-31 16:30:00,0.0,-0.045055635
2018-08-30,2018-08-31 16:45:00,0.0,-0.06576877
2018-08-30,2018-08-31 17:00:00,0.0,-0.023847539
2018-08-30,2018-08-31 17:15:00,0.0,-0.016531467
2018-08-30,2018-08-31 17:30:00,0.0,-0.04639785
2018-08-30,2018-08-31 17:45:00,0.0,-0.033782165
2018-08-30,2018-08-31 18:00:00,0.0,-0.06363773
2018-08-30,2018-08-31 18:15:00,0.0,-0.019091208
2018-08-30,2018-08-31 18:30:00,0.0,-0.05101847
2018-08-30,2018-08-31 18:45:00,0.0,-0.0496769
2018-08-30,2018-08-31 19:00:00,0.0,-0.055776898
2018-08-30,2018-08-31 19:15:00,0.0,-0.0471576
2018-08-30,2018-08-31 19:30:00,0.0,-0.094368696
2018-08-30,2018-08-31 19:45:00,0.0,-0.10619107
2018-08-30,2018-08-31 20:00:00,0.0,-0.094378404
2018-08-30,2018-08-31 20:15:00,0.0,-0.14707185
2018-08-30,2018-08-31 20:30:00,0.0,-0.13025954
2018-08-30,2018-08-31 20:45:00,0.0,-0.16973136
2018-08-30,2018-08-31 21:00:00,0.0,-0.14760594
2018-08-30,2018-08-31 21:15:00,0.0,-0.1954896
2018-08-30,2018-08-31 21:30:00,0.0,-0.1688488
2018-08-30,2018-08-31 21:45:00,0.0,-0.17295803
2018-08-30,2018-08-31 22:00:00,0.0,-0.0968922
2018-08-30,2018-08-31 22:15:00,0.0,-0.013892268
2018-08-30,2018-08-31 22:30:00,0.0,0.07621667
2018-08-30,2018-08-31 22:45:00,0.052734,0.20273717
2018-08-30,2018-08-31 23:00:00,0.070312,0.2834438
2018-08-30,2018-08-31 23:15:00,0.253125,0.42181888
2018-08-30,2018-08-31 23:30:00,0.457031,0.5586359
2018-08-30,2018-08-31 23:45:00,0.7910159999999999,0.7199241
2018-08-31,2018-09-01 00:00:00,0.727734,0.45720163
2018-08-31,2018-09-01 00:15:00,0.534375,0.5175225
2018-08-31,2018-09-01 00:30:00,2.819531,0.64060205
2018-08-31,2018-09-01 00:45:00,2.102344,0.7290773
2018-08-31,2018-09-01 01:00:00,1.402734,0.8368432
2018-08-31,2018-09-01 01:15:00,2.844141,0.95080733
2018-08-31,2018-09-01 01:30:00,3.3609370000000003,1.0419064
2018-08-31,2018-09-01 01:45:00,4.000781,1.1027005
2018-08-31,2018-09-01 02:00:00,2.647266,1.1848025
2018-08-31,2018-09-01 02:15:00,2.141016,1.2256019
2018-08-31,2018-09-01 02:30:00,2.186719,1.3071581
2018-08-31,2018-09-01 02:45:00,2.464453,1.3149462
2018-08-31,2018-09-01 03:00:00,3.638672,1.3616623
2018-08-31,2018-09-01 03:15:00,3.6,1.4081459
2018-08-31,2018-09-01 03:30:00,2.925,1.4568292
2018-08-31,2018-09-01 03:45:00,1.863281,1.5013684
2018-08-31,2018-09-01 04:00:00,4.447266,1.5613574
2018-08-31,2018-09-01 04:15:00,4.078125,1.555804
2018-08-31,2018-09-01 04:30:00,2.446875,1.5438056
2018-08-31,2018-09-01 04:45:00,2.696484,1.5867033
2018-08-31,2018-09-01 05:00:00,2.559375,1.5353547
2018-08-31,2018-09-01 05:15:00,3.491015,1.5207213
2018-08-31,2018-09-01 05:30:00,2.436328,1.533604
2018-08-31,2018-09-01 05:45:00,2.320312,1.4716066
2018-08-31,2018-09-01 06:00:00,2.8230470000000003,1.4242578
2018-08-31,2018-09-01 06:15:00,2.4011720000000003,1.3854061
2018-08-31,2018-09-01 06:30:00,1.18125,1.3180499
2018-08-31,2018-09-01 06:45:00,0.513281,1.2553835
2018-08-31,2018-09-01 07:00:00,0.119531,1.1612794
2018-08-31,2018-09-01 07:15:00,0.203906,1.0544549
2018-08-31,2018-09-01 07:30:00,0.365625,0.9908411
2018-08-31,2018-09-01 07:45:00,0.664453,0.88110036
2018-08-31,2018-09-01 08:00:00,0.372656,0.7718442
2018-08-31,2018-09-01 08:15:00,0.365625,0.6756863
2018-08-31,2018-09-01 08:30:00,0.246094,0.57011485
2018-08-31,2018-09-01 08:45:00,0.446484,0.48500317
2018-08-31,2018-09-01 09:00:00,0.348047,0.40313014
2018-08-31,2018-09-01 09:15:00,0.217969,0.27662945
2018-08-31,2018-09-01 09:30:00,0.316406,0.22195816
2018-08-31,2018-09-01 09:45:00,0.16875,0.14019577
2018-08-31,2018-09-01 10:00:00,0.130078,0.06837778
2018-08-31,2018-09-01 10:15:00,0.007031,0.056189634
2018-08-31,2018-09-01 10:30:00,0.024609,0.005126074
2018-08-31,2018-09-01 10:45:00,0.0,0.0020174356
2018-08-31,2018-09-01 11:00:00,0.0,-0.0269015
2018-08-31,2018-09-01 11:15:00,0.0,-0.02642642
2018-08-31,2018-09-01 11:30:00,0.0,-0.047912844
2018-08-31,2018-09-01 11:45:00,0.0,-0.019738536
2018-08-31,2018-09-01 12:00:00,0.0,-0.030010864
2018-08-31,2018-09-01 12:15:00,0.0,-0.02380431
2018-08-31,2018-09-01 12:30:00,0.0,-0.0011388029
2018-08-31,2018-09-01 12:45:00,0.0,-0.027815357
2018-08-31,2018-09-01 13:00:00,0.0,0.0030460185
2018-08-31,2018-09-01 13:15:00,0.0,0.011265485
2018-08-31,2018-09-01 13:30:00,0.0,-0.009475968
2018-08-31,2018-09-01 13:45:00,0.0,-0.010900814
2018-08-31,2018-09-01 14:00:00,0.0,-0.023057852
2018-08-31,2018-09-01 14:15:00,0.0,-0.016288845
2018-08-31,2018-09-01 14:30:00,0.0,-0.004442049
2018-08-31,2018-09-01 14:45:00,0.0,-0.010650325
2018-08-31,2018-09-01 15:00:00,0.0,-0.04212894
2018-08-31,2018-09-01 15:15:00,0.0,-0.007431075
2018-08-31,2018-09-01 15:30:00,0.0,-0.016588064
2018-08-31,2018-09-01 15:45:00,0.0,-0.020368584
2018-08-31,2018-09-01 16:00:00,0.0,-0.0040648384
2018-08-31,2018-09-01 16:15:00,0.0,-0.025007164
2018-08-31,2018-09-01 16:30:00,0.0,-0.02989399
2018-08-31,2018-09-01 16:45:00,0.0,-0.04544918
2018-08-31,2018-09-01 17:00:00,0.0,0.00857782
2018-08-31,2018-09-01 17:15:00,0.0,0.015965667
2018-08-31,2018-09-01 17:30:00,0.0,0.016088407
2018-08-31,2018-09-01 17:45:00,0.0,-0.008218849
2018-08-31,2018-09-01 18:00:00,0.0,-0.019686513
2018-08-31,2018-09-01 18:15:00,0.0,0.002032157
2018-08-31,2018-09-01 18:30:00,0.0,0.0027911153
2018-08-31,2018-09-01 18:45:00,0.0,0.0007539896
2018-08-31,2018-09-01 19:00:00,0.0,-0.015331691
2018-08-31,2018-09-01 19:15:00,0.0,-0.022834573
2018-08-31,2018-09-01 19:30:00,0.0,-0.021464322
2018-08-31,2018-09-01 19:45:00,0.0,-0.023200642
2018-08-31,2018-09-01 20:00:00,0.0,-0.021756323
2018-08-31,2018-09-01 20:15:00,0.0,-0.0586323
2018-08-31,2018-09-01 20:30:00,0.0,-0.049970083
2018-08-31,2018-09-01 20:45:00,0.0,-0.039841454
2018-08-31,2018-09-01 21:00:00,0.0,-0.036606867
2018-08-31,2018-09-01 21:15:00,0.0,-0.06521805
2018-08-31,2018-09-01 21:30:00,0.0,-0.033839375
2018-08-31,2018-09-01 21:45:00,0.0,-0.01885744
2018-08-31,2018-09-01 22:00:00,0.0,0.014756863
2018-08-31,2018-09-01 22:15:00,0.0,0.06594103
2018-08-31,2018-09-01 22:30:00,0.0632809999999999,0.11854355
2018-08-31,2018-09-01 22:45:00,0.0,0.18368813
2018-08-31,2018-09-01 23:00:00,0.098438,0.2134279
2018-08-31,2018-09-01 23:15:00,0.098438,0.28719366
2018-08-31,2018-09-01 23:30:00,0.105469,0.36508003
2018-08-31,2018-09-01 23:45:00,0.39375,0.4317617
2018-11-24,2018-11-25 00:00:00,0.274219,0.23646834
2018-11-24,2018-11-25 00:15:00,0.481641,0.29136387
2018-11-24,2018-11-25 00:30:00,0.706641,0.41180182
2018-11-24,2018-11-25 00:45:00,0.921094,0.4789231
2018-11-24,2018-11-25 01:00:00,1.103906,0.5869598
2018-11-24,2018-11-25 01:15:00,1.255078,0.70423096
2018-11-24,2018-11-25 01:30:00,1.483594,0.7765306
2018-11-24,2018-11-25 01:45:00,1.6875,0.87308115
2018-11-24,2018-11-25 02:00:00,1.877344,0.96351206
2018-11-24,2018-11-25 02:15:00,2.11289,1.0120612
2018-11-24,2018-11-25 02:30:00,2.316797,1.112187
2018-11-24,2018-11-25 02:45:00,2.499609,1.153367
2018-11-24,2018-11-25 03:00:00,2.5875,1.1996425
2018-11-24,2018-11-25 03:15:00,2.636719,1.2484884
2018-11-24,2018-11-25 03:30:00,2.752734,1.318241
2018-11-24,2018-11-25 03:45:00,2.770312,1.3595349
2018-11-24,2018-11-25 04:00:00,2.7914060000000003,1.3887482
2018-11-24,2018-11-25 04:15:00,2.75625,1.3777237
2018-11-24,2018-11-25 04:30:00,2.75625,1.378608
2018-11-24,2018-11-25 04:45:00,2.654297,1.3818837
2018-11-24,2018-11-25 05:00:00,2.559375,1.3231269
2018-11-24,2018-11-25 05:15:00,2.4011720000000003,1.2640536
2018-11-24,2018-11-25 05:30:00,2.2289060000000003,1.2423388
2018-11-24,2018-11-25 05:45:00,2.116406,1.1478183
2018-11-24,2018-11-25 06:00:00,2.003906,1.0860821
2018-11-24,2018-11-25 06:15:00,1.768359,0.9982347
2018-11-24,2018-11-25 06:30:00,1.606641,0.9171237
2018-11-24,2018-11-25 06:45:00,1.409766,0.80283856
2018-11-24,2018-11-25 07:00:00,1.184766,0.70790696
2018-11-24,2018-11-25 07:15:00,1.005469,0.5801152
2018-11-24,2018-11-25 07:30:00,0.7875,0.5231674
2018-11-24,2018-11-25 07:45:00,0.5976560000000001,0.42580572
2018-11-24,2018-11-25 08:00:00,0.418359,0.32611334
2018-11-24,2018-11-25 08:15:00,0.256641,0.25720128
2018-11-24,2018-11-25 08:30:00,0.1371089999999999,0.18319425
2018-11-24,2018-11-25 08:45:00,0.028125,0.14084281
2018-11-24,2018-11-25 09:00:00,0.0,0.10366003
2018-11-24,2018-11-25 09:15:00,0.0,0.035226494
2018-11-24,2018-11-25 09:30:00,0.0,0.019356295
2018-11-24,2018-11-25 09:45:00,0.0,0.020170117
2018-11-24,2018-11-25 10:00:00,0.0,-0.0016977214
2018-11-24,2018-11-25 10:15:00,0.0,0.011385252
2018-11-24,2018-11-25 10:30:00,0.0,-0.008910373
2018-11-24,2018-11-25 10:45:00,0.0,0.006451481
2018-11-24,2018-11-25 11:00:00,0.0,-0.010621746
2018-11-24,2018-11-25 11:15:00,0.0,0.012790943
2018-11-24,2018-11-25 11:30:00,0.0,0.01541825
2018-11-24,2018-11-25 11:45:00,0.0,0.027558457
2018-11-24,2018-11-25 12:00:00,0.0,0.01384199
2018-11-24,2018-11-25 12:15:00,0.0,0.004374625
2018-11-24,2018-11-25 12:30:00,0.0,0.005970439
2018-11-24,2018-11-25 12:45:00,0.0,0.005042632
2018-11-24,2018-11-25 13:00:00,0.0,0.009617616
2018-11-24,2018-11-25 13:15:00,0.0,-0.003970528
2018-11-24,2018-11-25 13:30:00,0.0,-0.043153618
2018-11-24,2018-11-25 13:45:00,0.0,-0.055456474
2018-11-24,2018-11-25 14:00:00,0.0,-0.06200372
2018-11-24,2018-11-25 14:15:00,0.0,-0.04956494
2018-11-24,2018-11-25 14:30:00,0.0,-0.054567337
2018-11-24,2018-11-25 14:45:00,0.0,-0.046108864
2018-11-24,2018-11-25 15:00:00,0.0,-0.066023946
2018-11-24,2018-11-25 15:15:00,0.0,-0.037378047
2018-11-24,2018-11-25 15:30:00,0.0,-0.053295355
2018-11-24,2018-11-25 15:45:00,0.0,-0.040755272
2018-11-24,2018-11-25 16:00:00,0.0,-0.015381668
2018-11-24,2018-11-25 16:15:00,0.0,-0.021075476
2018-11-24,2018-11-25 16:30:00,0.0,-0.023655146
2018-11-24,2018-11-25 16:45:00,0.0,-0.038645044
2018-11-24,2018-11-25 17:00:00,0.0,0.0008984669
2018-11-24,2018-11-25 17:15:00,0.0,0.006630751
2018-11-24,2018-11-25 17:30:00,0.0,-0.009049686
2018-11-24,2018-11-25 17:45:00,0.0,-0.016431382
2018-11-24,2018-11-25 18:00:00,0.0,-0.038746405
2018-11-24,2018-11-25 18:15:00,0.0,-0.033464763
2018-11-24,2018-11-25 18:30:00,0.0,-0.014905276
2018-11-24,2018-11-25 18:45:00,0.0,-0.010855055
2018-11-24,2018-11-25 19:00:00,0.0,-0.030154873
2018-11-24,2018-11-25 19:15:00,0.0,-0.039292496
2018-11-24,2018-11-25 19:30:00,0.0,-0.026972987
2018-11-24,2018-11-25 19:45:00,0.0,-0.009729276
2018-11-24,2018-11-25 20:00:00,0.0,-0.013988538
2018-11-24,2018-11-25 20:15:00,0.0,-0.030991353
2018-11-24,2018-11-25 20:30:00,0.0,-0.0461603
2018-11-24,2018-11-25 20:45:00,0.0,-0.024936536
2018-11-24,2018-11-25 21:00:00,0.0,-0.028432524
2018-11-24,2018-11-25 21:15:00,0.0,-0.03760209
2018-11-24,2018-11-25 21:30:00,0.0,-0.016832706
2018-11-24,2018-11-25 21:45:00,0.0,-0.031114481
2018-11-24,2018-11-25 22:00:00,0.0,-0.015750412
2018-11-24,2018-11-25 22:15:00,0.0,0.02176519
2018-11-24,2018-11-25 22:30:00,0.0,0.040633734
2018-11-24,2018-11-25 22:45:00,0.0,0.082594596
2018-11-24,2018-11-25 23:00:00,0.0,0.0942786
2018-11-24,2018-11-25 23:15:00,0.0,0.11812737
2018-11-24,2018-11-25 23:30:00,0.0,0.18083534
2018-11-24,2018-11-25 23:45:00,0.098438,0.23980005
2018-11-25,2018-11-26 00:00:00,0.225,0.19766258
2018-11-25,2018-11-26 00:15:00,0.355078,0.23216115
2018-11-25,2018-11-26 00:30:00,0.537891,0.31149337
2018-11-25,2018-11-26 00:45:00,0.734766,0.35349196
2018-11-25,2018-11-26 01:00:00,1.177734,0.4344718
2018-11-25,2018-11-26 01:15:00,1.209375,0.5166174
2018-11-25,2018-11-26 01:30:00,1.167187,0.5895244
2018-11-25,2018-11-26 01:45:00,1.360547,0.6437258
2018-11-25,2018-11-26 02:00:00,1.483594,0.715999
2018-11-25,2018-11-26 02:15:00,1.233984,0.7642924
2018-11-25,2018-11-26 02:30:00,1.986328,0.8440999
2018-11-25,2018-11-26 02:45:00,1.944141,0.8785981
2018-11-25,2018-11-26 03:00:00,2.010937,0.9013693
2018-11-25,2018-11-26 03:15:00,2.1199220000000003,0.93865836
2018-11-25,2018-11-26 03:30:00,2.130469,1.011254
2018-11-25,2018-11-26 03:45:00,2.320312,1.0391189
2018-11-25,2018-11-26 04:00:00,2.278125,1.0645431
2018-11-25,2018-11-26 04:15:00,2.366016,1.0616251
2018-11-25,2018-11-26 04:30:00,2.144531,1.059464
2018-11-25,2018-11-26 04:45:00,2.583984,1.057646
2018-11-25,2018-11-26 05:00:00,2.467969,1.0075054
2018-11-25,2018-11-26 05:15:00,2.334375,0.96151316
2018-11-25,2018-11-26 05:30:00,1.982812,0.9463844
2018-11-25,2018-11-26 05:45:00,1.972266,0.8489738
2018-11-25,2018-11-26 06:00:00,1.7226560000000002,0.8183129
2018-11-25,2018-11-26 06:15:00,1.666406,0.7445572
2018-11-25,2018-11-26 06:30:00,0.773438,0.67600054
2018-11-25,2018-11-26 06:45:00,0.970312,0.5892988
2018-11-25,2018-11-26 07:00:00,0.61875,0.51654834
2018-11-25,2018-11-26 07:15:00,0.664453,0.41733342
2018-11-25,2018-11-26 07:30:00,0.474609,0.37751454
2018-11-25,2018-11-26 07:45:00,0.333984,0.3035288
2018-11-25,2018-11-26 08:00:00,0.277734,0.23413093
2018-11-25,2018-11-26 08:15:00,0.1476559999999999,0.16863249
2018-11-25,2018-11-26 08:30:00,0.0632809999999999,0.13063395
2018-11-25,2018-11-26 08:45:00,0.0,0.09236434
2018-11-25,2018-11-26 09:00:00,0.0,0.06823015
2018-11-25,2018-11-26 09:15:00,0.0,0.016718714
2018-11-25,2018-11-26 09:30:00,0.0,0.021391548
2018-11-25,2018-11-26 09:45:00,0.0,0.008807971
2018-11-25,2018-11-26 10:00:00,0.0,0.0024838492
2018-11-25,2018-11-26 10:15:00,0.0,0.006963468
2018-11-25,2018-11-26 10:30:00,0.0,0.0025230031
2018-11-25,2018-11-26 10:45:00,0.0,0.020516187
2018-11-25,2018-11-26 11:00:00,0.0,0.0036160166
2018-11-25,2018-11-26 11:15:00,0.0,0.028569387
2018-11-25,2018-11-26 11:30:00,0.0,0.022434885
2018-11-25,2018-11-26 11:45:00,0.0,0.020008069
2018-11-25,2018-11-26 12:00:00,0.0,0.010442844
2018-11-25,2018-11-26 12:15:00,0.0,0.0118314605
2018-11-25,2018-11-26 12:30:00,0.0,0.012929072
2018-11-25,2018-11-26 12:45:00,0.0,0.0028970353
2018-11-25,2018-11-26 13:00:00,0.0,0.0062811207
2018-11-25,2018-11-26 13:15:00,0.0,0.0005635427
2018-11-25,2018-11-26 13:30:00,0.0,-0.031164177
2018-11-25,2018-11-26 13:45:00,0.0,-0.033000696
2018-11-25,2018-11-26 14:00:00,0.0,-0.044269186
2018-11-25,2018-11-26 14:15:00,0.0,-0.046238795
2018-11-25,2018-11-26 14:30:00,0.0,-0.042374417
2018-11-25,2018-11-26 14:45:00,0.0,-0.041064505
2018-11-25,2018-11-26 15:00:00,0.0,-0.06339924
2018-11-25,2018-11-26 15:15:00,0.0,-0.037297722
2018-11-25,2018-11-26 15:30:00,0.0,-0.057490956
2018-11-25,2018-11-26 15:45:00,0.0,-0.028063716
2018-11-25,2018-11-26 16:00:00,0.0,-0.011464527
2018-11-25,2018-11-26 16:15:00,0.0,-0.03071338
2018-11-25,2018-11-26 16:30:00,0.0,-0.020055257
2018-11-25,2018-11-26 16:45:00,0.0,-0.041845355
2018-11-25,2018-11-26 17:00:00,0.0,0.012200225
2018-11-25,2018-11-26 17:15:00,0.0,0.01070601
2018-11-25,2018-11-26 17:30:00,0.0,0.0003962838
2018-11-25,2018-11-26 17:45:00,0.0,-0.024465302
2018-11-25,2018-11-26 18:00:00,0.0,-0.04948188
2018-11-25,2018-11-26 18:15:00,0.0,-0.030562853
2018-11-25,2018-11-26 18:30:00,0.0,-0.021233637
2018-11-25,2018-11-26 18:45:00,0.0,-0.017087515
2018-11-25,2018-11-26 19:00:00,0.0,-0.022743117
2018-11-25,2018-11-26 19:15:00,0.0,-0.03768944
2018-11-25,2018-11-26 19:30:00,0.0,-0.019923454
2018-11-25,2018-11-26 19:45:00,0.0,-0.0021078007
2018-11-25,2018-11-26 20:00:00,0.0,-0.016489383
2018-11-25,2018-11-26 20:15:00,0.0,-0.026337314
2018-11-25,2018-11-26 20:30:00,0.0,-0.023410477
2018-11-25,2018-11-26 20:45:00,0.0,-0.013009021
2018-11-25,2018-11-26 21:00:00,0.0,-0.012676576
2018-11-25,2018-11-26 21:15:00,0.0,-0.027926883
2018-11-25,2018-11-26 21:30:00,0.0,0.008208232
2018-11-25,2018-11-26 21:45:00,0.0,-0.0034682306
2018-11-25,2018-11-26 22:00:00,0.0,-0.012624059
2018-11-25,2018-11-26 22:15:00,0.0,0.010692678
2018-11-25,2018-11-26 22:30:00,0.0,0.034322724
2018-11-25,2018-11-26 22:45:00,0.0,0.059254743
2018-11-25,2018-11-26 23:00:00,0.0,0.06393567
2018-11-25,2018-11-26 23:15:00,0.0,0.072566204
2018-11-25,2018-11-26 23:30:00,0.0,0.10922963
2018-11-25,2018-11-26 23:45:00,0.0035159999999999,0.16018131
2018-11-26,2018-11-27 00:00:00,0.225,0.21420564
2018-11-26,2018-11-27 00:15:00,0.383203,0.28779238
2018-11-26,2018-11-27 00:30:00,0.502734,0.4078401
2018-11-26,2018-11-27 00:45:00,0.766406,0.4931979
2018-11-26,2018-11-27 01:00:00,0.903516,0.60011166
2018-11-26,2018-11-27 01:15:00,1.321875,0.7344467
2018-11-26,2018-11-27 01:30:00,1.040625,0.82880443
2018-11-26,2018-11-27 01:45:00,1.469531,0.93311054
2018-11-26,2018-11-27 02:00:00,1.494141,1.033327
2018-11-26,2018-11-27 02:15:00,1.778906,1.109923
2018-11-26,2018-11-27 02:30:00,1.835156,1.2181993
2018-11-26,2018-11-27 02:45:00,2.0882810000000003,1.2715381
2018-11-26,2018-11-27 03:00:00,2.046094,1.3280877
2018-11-26,2018-11-27 03:15:00,2.165625,1.3754816
2018-11-26,2018-11-27 03:30:00,2.239453,1.4598682
2018-11-26,2018-11-27 03:45:00,2.334375,1.5052608
2018-11-26,2018-11-27 04:00:00,2.411719,1.5388199
2018-11-26,2018-11-27 04:15:00,2.527734,1.5364414
2018-11-26,2018-11-27 04:30:00,2.517187,1.5291928
2018-11-26,2018-11-27 04:45:00,2.608594,1.528815
2018-11-26,2018-11-27 05:00:00,2.598047,1.4655584
2018-11-26,2018-11-27 05:15:00,2.520703,1.4040072
2018-11-26,2018-11-27 05:30:00,2.1375,1.3658515
2018-11-26,2018-11-27 05:45:00,1.835156,1.2475227
2018-11-26,2018-11-27 06:00:00,1.6417970000000002,1.1909931
2018-11-26,2018-11-27 06:15:00,1.473047,1.0966752
2018-11-26,2018-11-27 06:30:00,1.311328,1.000998
2018-11-26,2018-11-27 06:45:00,1.163672,0.87879086
2018-11-26,2018-11-27 07:00:00,0.935156,0.7689071
2018-11-26,2018-11-27 07:15:00,0.878906,0.63674694
2018-11-26,2018-11-27 07:30:00,0.6152340000000001,0.5591506
2018-11-26,2018-11-27 07:45:00,0.4710939999999999,0.45573756
2018-11-26,2018-11-27 08:00:00,0.362109,0.36600184
2018-11-26,2018-11-27 08:15:00,0.3375,0.2663793
2018-11-26,2018-11-27 08:30:00,0.133594,0.19800642
2018-11-26,2018-11-27 08:45:00,0.049219,0.14792109
2018-11-26,2018-11-27 09:00:00,0.0,0.11004825
2018-11-26,2018-11-27 09:15:00,0.0,0.0497927
2018-11-26,2018-11-27 09:30:00,0.0,0.032784
2018-11-26,2018-11-27 09:45:00,0.0,0.028758595
2018-11-26,2018-11-27 10:00:00,0.0,0.0086093405
2018-11-26,2018-11-27 10:15:00,0.0,0.012502348
2018-11-26,2018-11-27 10:30:00,0.0,-0.0023581772
2018-11-26,2018-11-27 10:45:00,0.0,0.025273878
2018-11-26,2018-11-27 11:00:00,0.0,0.010036872
2018-11-26,2018-11-27 11:15:00,0.0,0.033167746
2018-11-26,2018-11-27 11:30:00,0.0,0.04425211
2018-11-26,2018-11-27 11:45:00,0.0,0.04161341
2018-11-26,2018-11-27 12:00:00,0.0,0.02950298
2018-11-26,2018-11-27 12:15:00,0.0,0.021845061
2018-11-26,2018-11-27 12:30:00,0.0,0.02398535
2018-11-26,2018-11-27 12:45:00,0.0,0.026239768
2018-11-26,2018-11-27 13:00:00,0.0,0.018697651
2018-11-26,2018-11-27 13:15:00,0.0,0.007845372
2018-11-26,2018-11-27 13:30:00,0.0,-0.03147597
2018-11-26,2018-11-27 13:45:00,0.0,-0.044267148
2018-11-26,2018-11-27 14:00:00,0.0,-0.065243535
2018-11-26,2018-11-27 14:15:00,0.0,-0.048658572
2018-11-26,2018-11-27 14:30:00,0.0,-0.04920127
2018-11-26,2018-11-27 14:45:00,0.0,-0.052244674
2018-11-26,2018-11-27 15:00:00,0.0,-0.06680904
2018-11-26,2018-11-27 15:15:00,0.0,-0.0421208
2018-11-26,2018-11-27 15:30:00,0.0,-0.057279695
2018-11-26,2018-11-27 15:45:00,0.0,-0.040250406
2018-11-26,2018-11-27 16:00:00,0.0,-0.013590881
2018-11-26,2018-11-27 16:15:00,0.0,-0.035329618
2018-11-26,2018-11-27 16:30:00,0.0,-0.019354904
2018-11-26,2018-11-27 16:45:00,0.0,-0.051711977
2018-11-26,2018-11-27 17:00:00,0.0,-0.004169452
2018-11-26,2018-11-27 17:15:00,0.0,-0.004834928
2018-11-26,2018-11-27 17:30:00,0.0,-0.023980124
2018-11-26,2018-11-27 17:45:00,0.0,-0.03922003
2018-11-26,2018-11-27 18:00:00,0.0,-0.057719253
2018-11-26,2018-11-27 18:15:00,0.0,-0.045800064
2018-11-26,2018-11-27 18:30:00,0.0,-0.03982623
2018-11-26,2018-11-27 18:45:00,0.0,-0.034262806
2018-11-26,2018-11-27 19:00:00,0.0,-0.05099351
2018-11-26,2018-11-27 19:15:00,0.0,-0.05884448
2018-11-26,2018-11-27 19:30:00,0.0,-0.03536445
2018-11-26,2018-11-27 19:45:00,0.0,-0.020078106
2018-11-26,2018-11-27 20:00:00,0.0,-0.03021707
2018-11-26,2018-11-27 20:15:00,0.0,-0.04426076
2018-11-26,2018-11-27 20:30:00,0.0,-0.052915014
2018-11-26,2018-11-27 20:45:00,0.0,-0.036146164
2018-11-26,2018-11-27 21:00:00,0.0,-0.042668186
2018-11-26,2018-11-27 21:15:00,0.0,-0.061489686
2018-11-26,2018-11-27 21:30:00,0.0,-0.034085274
2018-11-26,2018-11-27 21:45:00,0.0,-0.050789464
2018-11-26,2018-11-27 22:00:00,0.0,-0.0553149
2018-11-26,2018-11-27 22:15:00,0.0,-0.022214588
2018-11-26,2018-11-27 22:30:00,0.0,-0.005373025
2018-11-26,2018-11-27 22:45:00,0.0,0.025669534
2018-11-26,2018-11-27 23:00:00,0.0,0.015723264
2018-11-26,2018-11-27 23:15:00,0.0,0.04785544
2018-11-26,2018-11-27 23:30:00,0.014062,0.0970609
2018-11-26,2018-11-27 23:45:00,0.108984,0.14962846
2018-11-27,2018-11-28 00:00:00,0.214453,0.15232433
2018-11-27,2018-11-28 00:15:00,0.362109,0.20660841
2018-11-27,2018-11-28 00:30:00,0.5273439999999999,0.34794787
2018-11-27,2018-11-28 00:45:00,0.699609,0.43389344
2018-11-27,2018-11-28 01:00:00,0.854297,0.550751
2018-11-27,2018-11-28 01:15:00,1.040625,0.69320315
2018-11-27,2018-11-28 01:30:00,1.279688,0.7920434
2018-11-27,2018-11-28 01:45:00,1.473047,0.8867548
2018-11-27,2018-11-28 02:00:00,1.6523439999999998,1.0076095
2018-11-27,2018-11-28 02:15:00,1.821094,1.0752497
2018-11-27,2018-11-28 02:30:00,1.979297,1.1858108
2018-11-27,2018-11-28 02:45:00,2.1199220000000003,1.2552469
2018-11-27,2018-11-28 03:00:00,2.176172,1.3136169
2018-11-27,2018-11-28 03:15:00,2.323828,1.3680875
2018-11-27,2018-11-28 03:30:00,2.383594,1.4569831
2018-11-27,2018-11-28 03:45:00,2.415234,1.500015
2018-11-27,2018-11-28 04:00:00,2.41875,1.5422976
2018-11-27,2018-11-28 04:15:00,2.482031,1.5283692
2018-11-27,2018-11-28 04:30:00,2.464453,1.5065874
2018-11-27,2018-11-28 04:45:00,2.380078,1.4991828
2018-11-27,2018-11-28 05:00:00,2.344922,1.4269365
2018-11-27,2018-11-28 05:15:00,2.19375,1.3635871
2018-11-27,2018-11-28 05:30:00,2.074219,1.3155973
2018-11-27,2018-11-28 05:45:00,1.954687,1.2003973
2018-11-27,2018-11-28 06:00:00,1.764844,1.1290824
2018-11-27,2018-11-28 06:15:00,1.606641,1.0314863
2018-11-27,2018-11-28 06:30:00,1.529297,0.9300734
2018-11-27,2018-11-28 06:45:00,1.371094,0.80215967
2018-11-27,2018-11-28 07:00:00,1.160156,0.6864354
2018-11-27,2018-11-28 07:15:00,0.987891,0.5521303
2018-11-27,2018-11-28 07:30:00,0.783984,0.4811157
2018-11-27,2018-11-28 07:45:00,0.576563,0.38066638
2018-11-27,2018-11-28 08:00:00,0.4253909999999999,0.28387937
2018-11-27,2018-11-28 08:15:00,0.260156,0.20450358
2018-11-27,2018-11-28 08:30:00,0.1371089999999999,0.13942364
2018-11-27,2018-11-28 08:45:00,0.038672,0.10148802
2018-11-27,2018-11-28 09:00:00,0.0,0.076773405
2018-11-27,2018-11-28 09:15:00,0.0,0.025077764
2018-11-27,2018-11-28 09:30:00,0.0,0.018783139
2018-11-27,2018-11-28 09:45:00,0.0,0.027170826
2018-11-27,2018-11-28 10:00:00,0.0,0.009111658
2018-11-27,2018-11-28 10:15:00,0.0,0.029027674
2018-11-27,2018-11-28 10:30:00,0.0,0.019562446
2018-11-27,2018-11-28 10:45:00,0.0,0.04372331
2018-11-27,2018-11-28 11:00:00,0.0,0.026752248
2018-11-27,2018-11-28 11:15:00,0.0,0.055186655
2018-11-27,2018-11-28 11:30:00,0.0,0.054122735
2018-11-27,2018-11-28 11:45:00,0.0,0.06412426
2018-11-27,2018-11-28 12:00:00,0.0,0.052008122
2018-11-27,2018-11-28 12:15:00,0.0,0.03466369
2018-11-27,2018-11-28 12:30:00,0.0,0.03464836
2018-11-27,2018-11-28 12:45:00,0.0,0.027154818
2018-11-27,2018-11-28 13:00:00,0.0,0.027066983
2018-11-27,2018-11-28 13:15:00,0.0,-0.0031476791
2018-11-27,2018-11-28 13:30:00,0.0,-0.044453382
2018-11-27,2018-11-28 13:45:00,0.0,-0.046431232
2018-11-27,2018-11-28 14:00:00,0.0,-0.054083683
2018-11-27,2018-11-28 14:15:00,0.0,-0.047713228
2018-11-27,2018-11-28 14:30:00,0.0,-0.0397235
2018-11-27,2018-11-28 14:45:00,0.0,-0.042921916
2018-11-27,2018-11-28 15:00:00,0.0,-0.053718805
2018-11-27,2018-11-28 15:15:00,0.0,-0.03156468
2018-11-27,2018-11-28 15:30:00,0.0,-0.05338897
2018-11-27,2018-11-28 15:45:00,0.0,-0.03153148
2018-11-27,2018-11-28 16:00:00,0.0,-0.005546065
2018-11-27,2018-11-28 16:15:00,0.0,-0.029052302
2018-11-27,2018-11-28 16:30:00,0.0,-0.006273017
2018-11-27,2018-11-28 16:45:00,0.0,-0.039589982
2018-11-27,2018-11-28 17:00:00,0.0,0.016222917
2018-11-27,2018-11-28 17:15:00,0.0,0.015432982
2018-11-27,2018-11-28 17:30:00,0.0,0.0010322658
2018-11-27,2018-11-28 17:45:00,0.0,-0.011625587
2018-11-27,2018-11-28 18:00:00,0.0,-0.047765095
2018-11-27,2018-11-28 18:15:00,0.0,-0.027738262
2018-11-27,2018-11-28 18:30:00,0.0,-0.024034627
2018-11-27,2018-11-28 18:45:00,0.0,-0.025703441
2018-11-27,2018-11-28 19:00:00,0.0,-0.038299385
2018-11-27,2018-11-28 19:15:00,0.0,-0.03980903
2018-11-27,2018-11-28 19:30:00,0.0,-0.049406286
2018-11-27,2018-11-28 19:45:00,0.0,-0.02962764
2018-11-27,2018-11-28 20:00:00,0.0,-0.020486066
2018-11-27,2018-11-28 20:15:00,0.0,-0.04862707
2018-11-27,2018-11-28 20:30:00,0.0,-0.04862771
2018-11-27,2018-11-28 20:45:00,0.0,-0.041313935
2018-11-27,2018-11-28 21:00:00,0.0,-0.036597487
2018-11-27,2018-11-28 21:15:00,0.0,-0.058443464
2018-11-27,2018-11-28 21:30:00,0.0,-0.028563982
2018-11-27,2018-11-28 21:45:00,0.0,-0.059417035
2018-11-27,2018-11-28 22:00:00,0.0,-0.03357947
2018-11-27,2018-11-28 22:15:00,0.0,-0.012438483
2018-11-27,2018-11-28 22:30:00,0.0,0.012327224
2018-11-27,2018-11-28 22:45:00,0.0,0.0483929
2018-11-27,2018-11-28 23:00:00,0.0,0.039883234
2018-11-27,2018-11-28 23:15:00,0.0,0.060707808
2018-11-27,2018-11-28 23:30:00,0.0210939999999999,0.1194877
2018-11-27,2018-11-28 23:45:00,0.031641,0.18383424
2018-11-28,2018-11-29 00:00:00,0.239063,0.18945706
2018-11-28,2018-11-29 00:15:00,0.397266,0.23286542
2018-11-28,2018-11-29 00:30:00,0.583594,0.32180095
2018-11-28,2018-11-29 00:45:00,0.769922,0.37283027
2018-11-28,2018-11-29 01:00:00,0.924609,0.4622955
2018-11-28,2018-11-29 01:15:00,1.128516,0.5480976
2018-11-28,2018-11-29 01:30:00,1.332422,0.622961
2018-11-28,2018-11-29 01:45:00,1.515234,0.69324446
2018-11-28,2018-11-29 02:00:00,1.683984,0.7644913
2018-11-28,2018-11-29 02:15:00,1.817578,0.8062951
2018-11-28,2018-11-29 02:30:00,1.986328,0.8905376
2018-11-28,2018-11-29 02:45:00,2.067188,0.9291078
2018-11-28,2018-11-29 03:00:00,2.218359,0.96284145
2018-11-28,2018-11-29 03:15:00,2.348438,0.995512
2018-11-28,2018-11-29 03:30:00,2.39414,1.0662458
2018-11-28,2018-11-29 03:45:00,2.348438,1.1018417
2018-11-28,2018-11-29 04:00:00,2.460938,1.1246763
2018-11-28,2018-11-29 04:15:00,2.436328,1.1202182
2018-11-28,2018-11-29 04:30:00,2.3695310000000003,1.1169857
2018-11-28,2018-11-29 04:45:00,2.323828,1.1131816
2018-11-28,2018-11-29 05:00:00,2.25,1.0663474
2018-11-28,2018-11-29 05:15:00,2.144531,1.022222
2018-11-28,2018-11-29 05:30:00,2.091797,0.9972581
2018-11-28,2018-11-29 05:45:00,1.958203,0.912568
2018-11-28,2018-11-29 06:00:00,1.824609,0.87018466
2018-11-28,2018-11-29 06:15:00,1.627734,0.7977331
2018-11-28,2018-11-29 06:30:00,1.40625,0.7230356
2018-11-28,2018-11-29 06:45:00,1.342969,0.6327291
2018-11-28,2018-11-29 07:00:00,1.06875,0.5561574
2018-11-28,2018-11-29 07:15:00,0.8964840000000001,0.44974262
2018-11-28,2018-11-29 07:30:00,0.699609,0.40374997
2018-11-28,2018-11-29 07:45:00,0.5097659999999999,0.32222772
2018-11-28,2018-11-29 08:00:00,0.358594,0.25155854
2018-11-28,2018-11-29 08:15:00,0.217969,0.1821338
2018-11-28,2018-11-29 08:30:00,0.108984,0.13660754
2018-11-28,2018-11-29 08:45:00,0.0,0.09106057
2018-11-28,2018-11-29 09:00:00,0.0,0.06854065
2018-11-28,2018-11-29 09:15:00,0.0,0.012593506
2018-11-28,2018-11-29 09:30:00,0.0,0.002878847
2018-11-28,2018-11-29 09:45:00,0.0,0.0039978772
2018-11-28,2018-11-29 10:00:00,0.0,-0.011800351
2018-11-28,2018-11-29 10:15:00,0.0,-0.002515699
2018-11-28,2018-11-29 10:30:00,0.0,-0.024816692
2018-11-28,2018-11-29 10:45:00,0.0,0.002788811
2018-11-28,2018-11-29 11:00:00,0.0,-0.006707804
2018-11-28,2018-11-29 11:15:00,0.0,0.006918831
2018-11-28,2018-11-29 11:30:00,0.0,0.013281047
2018-11-28,2018-11-29 11:45:00,0.0,0.009386992
2018-11-28,2018-11-29 12:00:00,0.0,0.00046432004
2018-11-28,2018-11-29 12:15:00,0.0,-0.008123505
2018-11-28,2018-11-29 12:30:00,0.0,-0.0018844596
2018-11-28,2018-11-29 12:45:00,0.0,-0.00840495
2018-11-28,2018-11-29 13:00:00,0.0,-0.0023654404
2018-11-28,2018-11-29 13:15:00,0.0,-0.020514032
2018-11-28,2018-11-29 13:30:00,0.0,-0.05183012
2018-11-28,2018-11-29 13:45:00,0.0,-0.05572184
2018-11-28,2018-11-29 14:00:00,0.0,-0.0750789
2018-11-28,2018-11-29 14:15:00,0.0,-0.066760525
2018-11-28,2018-11-29 14:30:00,0.0,-0.06852345
2018-11-28,2018-11-29 14:45:00,0.0,-0.064645275
2018-11-28,2018-11-29 15:00:00,0.0,-0.082262315
2018-11-28,2018-11-29 15:15:00,0.0,-0.05740924
2018-11-28,2018-11-29 15:30:00,0.0,-0.071521394
2018-11-28,2018-11-29 15:45:00,0.0,-0.046320755
2018-11-28,2018-11-29 16:00:00,0.0,-0.027664568
2018-11-28,2018-11-29 16:15:00,0.0,-0.047721643
2018-11-28,2018-11-29 16:30:00,0.0,-0.04261164
2018-11-28,2018-11-29 16:45:00,0.0,-0.06276268
2018-11-28,2018-11-29 17:00:00,0.0,-0.010229639
2018-11-28,2018-11-29 17:15:00,0.0,-0.013863021
2018-11-28,2018-11-29 17:30:00,0.0,-0.02215021
2018-11-28,2018-11-29 17:45:00,0.0,-0.039182696
2018-11-28,2018-11-29 18:00:00,0.0,-0.05931757
2018-11-28,2018-11-29 18:15:00,0.0,-0.049626037
2018-11-28,2018-11-29 18:30:00,0.0,-0.032554302
2018-11-28,2018-11-29 18:45:00,0.0,-0.023425816
2018-11-28,2018-11-29 19:00:00,0.0,-0.0404614
2018-11-28,2018-11-29 19:15:00,0.0,-0.04871216
2018-11-28,2018-11-29 19:30:00,0.0,-0.030093981
2018-11-28,2018-11-29 19:45:00,0.0,-0.012930492
2018-11-28,2018-11-29 20:00:00,0.0,-0.027013429
2018-11-28,2018-11-29 20:15:00,0.0,-0.035435792
2018-11-28,2018-11-29 20:30:00,0.0,-0.036070284
2018-11-28,2018-11-29 20:45:00,0.0,-0.016920874
2018-11-28,2018-11-29 21:00:00,0.0,-0.020672001
2018-11-28,2018-11-29 21:15:00,0.0,-0.037879296
2018-11-28,2018-11-29 21:30:00,0.0,-0.007447782
2018-11-28,2018-11-29 21:45:00,0.0,-0.021231946
2018-11-28,2018-11-29 22:00:00,0.0,-0.025972048
2018-11-28,2018-11-29 22:15:00,0.0,-0.0023171096
2018-11-28,2018-11-29 22:30:00,0.0,0.014229836
2018-11-28,2018-11-29 22:45:00,0.0,0.044787366
2018-11-28,2018-11-29 23:00:00,0.0,0.04596382
2018-11-28,2018-11-29 23:15:00,0.0,0.06114948
2018-11-28,2018-11-29 23:30:00,0.014062,0.1081207
2018-11-28,2018-11-29 23:45:00,0.105469,0.15322894
2018-11-29,2018-11-30 00:00:00,0.225,0.14156267
2018-11-29,2018-11-30 00:15:00,0.355078,0.1841239
2018-11-29,2018-11-30 00:30:00,0.513281,0.27198297
2018-11-29,2018-11-30 00:45:00,0.675,0.32475647
2018-11-29,2018-11-30 01:00:00,0.8261719999999999,0.40067336
2018-11-29,2018-11-30 01:15:00,0.95625,0.4911867
2018-11-29,2018-11-30 01:30:00,0.984375,0.5629452
2018-11-29,2018-11-30 01:45:00,0.917578,0.6374133
2018-11-29,2018-11-30 02:00:00,1.191797,0.70970255
2018-11-29,2018-11-30 02:15:00,1.276172,0.7532747
2018-11-29,2018-11-30 02:30:00,1.599609,0.8430988
2018-11-29,2018-11-30 02:45:00,1.958203,0.8765508
2018-11-29,2018-11-30 03:00:00,2.063672,0.90988207
2018-11-29,2018-11-30 03:15:00,2.214844,0.95535815
2018-11-29,2018-11-30 03:30:00,2.235937,1.0239064
2018-11-29,2018-11-30 03:45:00,2.323828,1.0545944
2018-11-29,2018-11-30 04:00:00,2.323828,1.0804756
2018-11-29,2018-11-30 04:15:00,2.30625,1.0834043
2018-11-29,2018-11-30 04:30:00,2.323828,1.0804263
2018-11-29,2018-11-30 04:45:00,2.017969,1.0846353
2018-11-29,2018-11-30 05:00:00,1.589062,1.039552
2018-11-29,2018-11-30 05:15:00,1.975781,0.9961338
2018-11-29,2018-11-30 05:30:00,1.6804689999999998,0.98041594
2018-11-29,2018-11-30 05:45:00,1.525781,0.89209723
2018-11-29,2018-11-30 06:00:00,1.669922,0.85412896
2018-11-29,2018-11-30 06:15:00,1.490625,0.7906575
2018-11-29,2018-11-30 06:30:00,1.416797,0.71696734
2018-11-29,2018-11-30 06:45:00,0.980859,0.6320635
2018-11-29,2018-11-30 07:00:00,0.8507809999999999,0.54604334
2018-11-29,2018-11-30 07:15:00,0.573047,0.4530311
2018-11-29,2018-11-30 07:30:00,0.379687,0.40524095
2018-11-29,2018-11-30 07:45:00,0.242578,0.32563215
2018-11-29,2018-11-30 08:00:00,0.246094,0.26010025
2018-11-29,2018-11-30 08:15:00,0.175781,0.18353005
2018-11-29,2018-11-30 08:30:00,0.035156,0.13504086
2018-11-29,2018-11-30 08:45:00,0.0105469999999999,0.092637345
2018-11-29,2018-11-30 09:00:00,0.0,0.06120379
2018-11-29,2018-11-30 09:15:00,0.0,0.02413382
2018-11-29,2018-11-30 09:30:00,0.0,0.0027264894
2018-11-29,2018-11-30 09:45:00,0.0,0.004680266
2018-11-29,2018-11-30 10:00:00,0.0,-0.014949141
2018-11-29,2018-11-30 10:15:00,0.0,-0.006921804
2018-11-29,2018-11-30 10:30:00,0.0,-0.019732118
2018-11-29,2018-11-30 10:45:00,0.0,0.008526383
2018-11-29,2018-11-30 11:00:00,0.0,-0.005603598
2018-11-29,2018-11-30 11:15:00,0.0,0.011172198
2018-11-29,2018-11-30 11:30:00,0.0,0.018047111
2018-11-29,2018-11-30 11:45:00,0.0,0.009127788
2018-11-29,2018-11-30 12:00:00,0.0,-0.0010743724
2018-11-29,2018-11-30 12:15:00,0.0,-0.009193608
2018-11-29,2018-11-30 12:30:00,0.0,-0.008202697
2018-11-29,2018-11-30 12:45:00,0.0,-0.0097721545
2018-11-29,2018-11-30 13:00:00,0.0,-0.012613925
2018-11-29,2018-11-30 13:15:00,0.0,-0.019961415
2018-11-29,2018-11-30 13:30:00,0.0,-0.05487919
2018-11-29,2018-11-30 13:45:00,0.0,-0.06826775
2018-11-29,2018-11-30 14:00:00,0.0,-0.08874445
2018-11-29,2018-11-30 14:15:00,0.0,-0.072509535
2018-11-29,2018-11-30 14:30:00,0.0,-0.0753731
2018-11-29,2018-11-30 14:45:00,0.0,-0.07548789
2018-11-29,2018-11-30 15:00:00,0.0,-0.08287039
2018-11-29,2018-11-30 15:15:00,0.0,-0.061849378
2018-11-29,2018-11-30 15:30:00,0.0,-0.06402696
2018-11-29,2018-11-30 15:45:00,0.0,-0.049305007
2018-11-29,2018-11-30 16:00:00,0.0,-0.022865513
2018-11-29,2018-11-30 16:15:00,0.0,-0.03483232
2018-11-29,2018-11-30 16:30:00,0.0,-0.027832575
2018-11-29,2018-11-30 16:45:00,0.0,-0.05132461
2018-11-29,2018-11-30 17:00:00,0.0,-0.008779023
2018-11-29,2018-11-30 17:15:00,0.0,-0.008046842
2018-11-29,2018-11-30 17:30:00,0.0,-0.01803386
2018-11-29,2018-11-30 17:45:00,0.0,-0.037518647
2018-11-29,2018-11-30 18:00:00,0.0,-0.05048855
2018-11-29,2018-11-30 18:15:00,0.0,-0.044074547
2018-11-29,2018-11-30 18:30:00,0.0,-0.031634726
2018-11-29,2018-11-30 18:45:00,0.0,-0.023139648
2018-11-29,2018-11-30 19:00:00,0.0,-0.042841427
2018-11-29,2018-11-30 19:15:00,0.0,-0.05500618
2018-11-29,2018-11-30 19:30:00,0.0,-0.035178885
2018-11-29,2018-11-30 19:45:00,0.0,-0.026394822
2018-11-29,2018-11-30 20:00:00,0.0,-0.03642618
2018-11-29,2018-11-30 20:15:00,0.0,-0.05244267
2018-11-29,2018-11-30 20:30:00,0.0,-0.053173333
2018-11-29,2018-11-30 20:45:00,0.0,-0.03248908
2018-11-29,2018-11-30 21:00:00,0.0,-0.040114485
2018-11-29,2018-11-30 21:15:00,0.0,-0.060342293
2018-11-29,2018-11-30 21:30:00,0.0,-0.04241746
2018-11-29,2018-11-30 21:45:00,0.0,-0.05529573
2018-11-29,2018-11-30 22:00:00,0.0,-0.062675446
2018-11-29,2018-11-30 22:15:00,0.0,-0.038923133
2018-11-29,2018-11-30 22:30:00,0.0,-0.022583723
2018-11-29,2018-11-30 22:45:00,0.0,0.00034434235
2018-11-29,2018-11-30 23:00:00,0.0,-0.021639261
2018-11-29,2018-11-30 23:15:00,0.0,0.0065542427
2018-11-29,2018-11-30 23:30:00,0.0,0.045268778
2018-11-29,2018-11-30 23:45:00,0.0,0.08007242
2018-11-30,2018-12-01 00:00:00,0.007031,0.20295835
2018-11-30,2018-12-01 00:15:00,0.049219,0.2523024
2018-11-30,2018-12-01 00:30:00,0.0,0.34345913
2018-11-30,2018-12-01 00:45:00,0.108984,0.40324095
2018-11-30,2018-12-01 01:00:00,0.0105469999999999,0.4847076
2018-11-30,2018-12-01 01:15:00,0.108984,0.5812532
2018-11-30,2018-12-01 01:30:00,0.1371089999999999,0.654826
2018-11-30,2018-12-01 01:45:00,0.130078,0.73349977
2018-11-30,2018-12-01 02:00:00,0.151172,0.8087343
2018-11-30,2018-12-01 02:15:00,0.239063,0.85185707
2018-11-30,2018-12-01 02:30:00,0.165234,0.9417358
2018-11-30,2018-12-01 02:45:00,0.151172,0.97478
2018-11-30,2018-12-01 03:00:00,0.232031,1.0071129
2018-11-30,2018-12-01 03:15:00,0.2355469999999999,1.0486927
2018-11-30,2018-12-01 03:30:00,0.214453,1.1159519
2018-11-30,2018-12-01 03:45:00,0.305859,1.1462556
2018-11-30,2018-12-01 04:00:00,0.372656,1.1676277
2018-11-30,2018-12-01 04:15:00,0.372656,1.1629739
2018-11-30,2018-12-01 04:30:00,0.569531,1.1568332
2018-11-30,2018-12-01 04:45:00,0.576563,1.1577134
2018-11-30,2018-12-01 05:00:00,0.530859,1.105763
2018-11-30,2018-12-01 05:15:00,0.418359,1.0575455
2018-11-30,2018-12-01 05:30:00,0.5097659999999999,1.0322024
2018-11-30,2018-12-01 05:45:00,0.61875,0.93739337
2018-11-30,2018-12-01 06:00:00,0.8085939999999999,0.8921721
2018-11-30,2018-12-01 06:15:00,0.629297,0.81855726
2018-11-30,2018-12-01 06:30:00,0.446484,0.7408679
2018-11-30,2018-12-01 06:45:00,0.330469,0.6470174
2018-11-30,2018-12-01 07:00:00,0.256641,0.5556025
2018-11-30,2018-12-01 07:15:00,0.140625,0.45647871
2018-11-30,2018-12-01 07:30:00,0.175781,0.4020313
2018-11-30,2018-12-01 07:45:00,0.024609,0.3216934
2018-11-30,2018-12-01 08:00:00,0.052734,0.25239864
2018-11-30,2018-12-01 08:15:00,0.0,0.17331737
2018-11-30,2018-12-01 08:30:00,0.0,0.12495801
2018-11-30,2018-12-01 08:45:00,0.0,0.085952826
2018-11-30,2018-12-01 09:00:00,0.0,0.05656603
2018-11-30,2018-12-01 09:15:00,0.0,0.019094637
2018-11-30,2018-12-01 09:30:00,0.0,0.0019318026
2018-11-30,2018-12-01 09:45:00,0.0,0.00550203
2018-11-30,2018-12-01 10:00:00,0.0,-0.010924928
2018-11-30,2018-12-01 10:15:00,0.0,-0.00046534365
2018-11-30,2018-12-01 10:30:00,0.0,-0.015510375
2018-11-30,2018-12-01 10:45:00,0.0,0.015585709
2018-11-30,2018-12-01 11:00:00,0.0,0.0012047354
2018-11-30,2018-12-01 11:15:00,0.0,0.017844263
2018-11-30,2018-12-01 11:30:00,0.0,0.026116401
2018-11-30,2018-12-01 11:45:00,0.0,0.018620288
2018-11-30,2018-12-01 12:00:00,0.0,0.006335755
2018-11-30,2018-12-01 12:15:00,0.0,-0.0016117387
2018-11-30,2018-12-01 12:30:00,0.0,-0.0028415446
2018-11-30,2018-12-01 12:45:00,0.0,-0.005584494
2018-11-30,2018-12-01 13:00:00,0.0,-0.008933376
2018-11-30,2018-12-01 13:15:00,0.0,-0.016712666
2018-11-30,2018-12-01 13:30:00,0.0,-0.053169403
2018-11-30,2018-12-01 13:45:00,0.0,-0.06585722
2018-11-30,2018-12-01 14:00:00,0.0,-0.0865712
2018-11-30,2018-12-01 14:15:00,0.0,-0.06886509
2018-11-30,2018-12-01 14:30:00,0.0,-0.07286789
2018-11-30,2018-12-01 14:45:00,0.0,-0.0715812
2018-11-30,2018-12-01 15:00:00,0.0,-0.0813901
2018-11-30,2018-12-01 15:15:00,0.0,-0.05931975
2018-11-30,2018-12-01 15:30:00,0.0,-0.0654302
2018-11-30,2018-12-01 15:45:00,0.0,-0.049463063
2018-11-30,2018-12-01 16:00:00,0.0,-0.025032107
2018-11-30,2018-12-01 16:15:00,0.0,-0.036211584
2018-11-30,2018-12-01 16:30:00,0.0,-0.031425707
2018-11-30,2018-12-01 16:45:00,0.0,-0.054812416
2018-11-30,2018-12-01 17:00:00,0.0,-0.010820901
2018-11-30,2018-12-01 17:15:00,0.0,-0.0141298985
2018-11-30,2018-12-01 17:30:00,0.0,-0.024370175
2018-11-30,2018-12-01 17:45:00,0.0,-0.043015152
2018-11-30,2018-12-01 18:00:00,0.0,-0.056954104
2018-11-30,2018-12-01 18:15:00,0.0,-0.04853676
2018-11-30,2018-12-01 18:30:00,0.0,-0.034810673
2018-11-30,2018-12-01 18:45:00,0.0,-0.025588447
2018-11-30,2018-12-01 19:00:00,0.0,-0.04639069
2018-11-30,2018-12-01 19:15:00,0.0,-0.05723315
2018-11-30,2018-12-01 19:30:00,0.0,-0.035620607
2018-11-30,2018-12-01 19:45:00,0.0,-0.0278269
2018-11-30,2018-12-01 20:00:00,0.0,-0.0368706
2018-11-30,2018-12-01 20:15:00,0.0,-0.053352747
2018-11-30,2018-12-01 20:30:00,0.0,-0.057126544
2018-11-30,2018-12-01 20:45:00,0.0,-0.03805847
2018-11-30,2018-12-01 21:00:00,0.0,-0.045337684
2018-11-30,2018-12-01 21:15:00,0.0,-0.06557896
2018-11-30,2018-12-01 21:30:00,0.0,-0.045092754
2018-11-30,2018-12-01 21:45:00,0.0,-0.05922956
2018-11-30,2018-12-01 22:00:00,0.0,-0.06598721
2018-11-30,2018-12-01 22:15:00,0.0,-0.0361386
2018-11-30,2018-12-01 22:30:00,0.0,-0.017786385
2018-11-30,2018-12-01 22:45:00,0.0,0.010504438
2018-11-30,2018-12-01 23:00:00,0.0,-0.004553545
2018-11-30,2018-12-01 23:15:00,0.0,0.027913654
2018-11-30,2018-12-01 23:30:00,0.0,0.07234052
2018-11-30,2018-12-01 23:45:00,0.0,0.114022665
