起报时间,预报时间,实际功率 (MW),PureLSTM预测功率 (MW),FusionModel预测功率 (MW),BiFusionModel预测功率 (MW)
2019/2/22,2019/2/23 0:00,1.297266,1.2506634,1.3102431,1.127478
2019/2/22,2019/2/23 0:15,1.18125,1.4070932,1.5823158,1.3538994
2019/2/22,2019/2/23 0:30,1.887891,1.5658792,1.8524657,1.5263478
2019/2/22,2019/2/23 0:45,2.021484,1.7022797,2.1270545,1.7103959
2019/2/22,2019/2/23 1:00,2.285156,1.8734826,2.4090242,1.836901
2019/2/22,2019/2/23 1:15,2.478516,2.0696654,2.6541684,2.0022845
2019/2/22,2019/2/23 1:30,2.657812,2.250756,2.9011714,2.1347635
2019/2/22,2019/2/23 1:45,2.844141,2.430744,3.0904782,2.2504866
2019/2/22,2019/2/23 2:00,3.121875,2.5549526,3.2786527,2.3906975
2019/2/22,2019/2/23 2:15,3.287109,2.719782,3.4542804,2.4950917
2019/2/22,2019/2/23 2:30,2.309766,2.8597524,3.580534,2.5343876
2019/2/22,2019/2/23 2:45,3.427734,2.9496872,3.653326,2.576234
2019/2/22,2019/2/23 3:00,2.211328,3.0845513,3.7884002,2.638906
2019/2/22,2019/2/23 3:15,3.469922,3.1719377,3.821605,2.5334682
2019/2/22,2019/2/23 3:30,3.15,3.2318962,3.8516026,2.4853594
2019/2/22,2019/2/23 3:45,3.410156,3.3147194,3.9260526,2.324333
2019/2/22,2019/2/23 4:00,4.151953,3.3220174,3.919816,2.216737
2019/2/22,2019/2/23 4:15,3.670312,3.3636403,3.978078,2.0360138
2019/2/22,2019/2/23 4:30,3.596484,3.4033108,3.9513137,1.9736189
2019/2/22,2019/2/23 4:45,3.723047,3.4578924,3.8509016,1.82753
2019/2/22,2019/2/23 5:00,2.580469,3.4526107,3.8171868,1.7255123
2019/2/22,2019/2/23 5:15,2.696484,3.4028988,3.7697315,1.6799703
2019/2/22,2019/2/23 5:30,4.310156,3.3236501,3.6626503,1.5603408
2019/2/22,2019/2/23 5:45,2.844141,3.2854462,3.6768286,1.504293
2019/2/22,2019/2/23 6:00,3.483984,3.183991,3.5236316,1.4376252
2019/2/22,2019/2/23 6:15,3.596484,3.0536554,3.340109,1.3207502
2019/2/22,2019/2/23 6:30,3.336328,2.9315288,3.2003493,1.2765952
2019/2/22,2019/2/23 6:45,3.367969,2.7715557,3.023596,1.1958616
2019/2/22,2019/2/23 7:00,3.026953,2.6069481,2.8826914,1.2051033
2019/2/22,2019/2/23 7:15,3.055078,2.3994477,2.6486826,1.1071401
2019/2/22,2019/2/23 7:30,2.896875,2.1616657,2.450542,1.074825
2019/2/22,2019/2/23 7:45,2.735156,1.9330456,2.237396,1.0321821
2019/2/22,2019/2/23 8:00,2.376562,1.6334164,1.9705437,1.0052942
2019/2/22,2019/2/23 8:15,1.701562,1.3699914,1.7414706,0.9393419
2019/2/22,2019/2/23 8:30,2.288672,1.1212282,1.4810482,0.8196676
2019/2/22,2019/2/23 8:45,2.014453,0.8620588,1.249592,0.7336892
2019/2/22,2019/2/23 9:00,0.667969,0.6015078,1.0037346,0.5874641
2019/2/22,2019/2/23 9:15,0.569531,0.42572835,0.82428175,0.52437717
2019/2/22,2019/2/23 9:30,0.569531,0.27515566,0.632276,0.45482162
2019/2/22,2019/2/23 9:45,0.492188,0.14725934,0.40576684,0.25095385
2019/2/22,2019/2/23 10:00,0.428906,0.082330704,0.23636459,0.2202346
2019/2/22,2019/2/23 10:15,0.158203,0.022646986,0.085748695,0.23329276
2019/2/22,2019/2/23 10:30,0.035156,0.006332155,0.023355521,0.18133296
2019/2/22,2019/2/23 10:45,0,0.008567807,-0.030298226,0.15118131
2019/2/22,2019/2/23 11:00,0,0.019662619,-0.070957646,0.17188412
2019/2/22,2019/2/23 11:15,0,0.009739995,-0.08319832,0.13095112
2019/2/22,2019/2/23 11:30,0,0.008578811,-0.090501726,0.09448012
2019/2/22,2019/2/23 11:45,0,0.029406793,-0.10198353,0.080777854
2019/2/22,2019/2/23 12:00,0,0.04843677,-0.10130562,0.04512027
2019/2/22,2019/2/23 12:15,0,0.0533489,-0.09794445,0.01619772
2019/2/22,2019/2/23 12:30,0,0.054919437,-0.08225861,-0.024900088
2019/2/22,2019/2/23 12:45,0,0.04827667,-0.076813966,-0.028339617
2019/2/22,2019/2/23 13:00,0,0.024826363,-0.087138325,-0.045657847
2019/2/22,2019/2/23 13:15,0,0.026680946,-0.0706843,-0.09077325
2019/2/22,2019/2/23 13:30,0,0.007982135,-0.08287186,-0.15315823
2019/2/22,2019/2/23 13:45,0,0.023869626,-0.09812932,-0.14913999
2019/2/22,2019/2/23 14:00,0,0.004286742,-0.07981232,-0.14896414
2019/2/22,2019/2/23 14:15,0,-0.000760298,-0.05731812,-0.09958151
2019/2/22,2019/2/23 14:30,0,0.015076906,-0.035994783,-0.069444
2019/2/22,2019/2/23 14:45,0,0.030227697,-0.05768098,-0.048372407
2019/2/22,2019/2/23 15:00,0,0.038806662,-0.04720202,-0.000148699
2019/2/22,2019/2/23 15:15,0,0.062331975,-0.049253404,0.03061628
2019/2/22,2019/2/23 15:30,0,0.068368584,-0.033902794,0.026948482
2019/2/22,2019/2/23 15:45,0,0.074841365,-0.03139084,0.09069012
2019/2/22,2019/2/23 16:00,0,0.05787781,-0.026646882,0.06254107
2019/2/22,2019/2/23 16:15,0,0.039465923,-0.01781033,0.077926315
2019/2/22,2019/2/23 16:30,0,0.03419035,-0.012290686,0.12887686
2019/2/22,2019/2/23 16:45,0,0.013332814,-0.002730086,0.10878956
2019/2/22,2019/2/23 17:00,0,0.002500206,0.003194831,0.081850775
2019/2/22,2019/2/23 17:15,0,-0.007966973,0.007107705,0.09722378
2019/2/22,2019/2/23 17:30,0,-0.005482301,-0.005029023,0.10454443
2019/2/22,2019/2/23 17:45,0,0.001831278,-0.013976865,0.078880996
2019/2/22,2019/2/23 18:00,0,0.003000408,-0.008643301,0.026805328
2019/2/22,2019/2/23 18:15,0,-0.006986484,-0.005135397,-0.010119986
2019/2/22,2019/2/23 18:30,0,0.019621454,-0.021743827,-0.04936665
2019/2/22,2019/2/23 18:45,0,0.017568443,-0.012008201,-0.072294645
2019/2/22,2019/2/23 19:00,0,0.031956103,-0.013724549,-0.10707346
2019/2/22,2019/2/23 19:15,0,0.04611405,-0.023536617,-0.14144115
2019/2/22,2019/2/23 19:30,0,0.027188241,-0.006846856,-0.103326276
2019/2/22,2019/2/23 19:45,0,0.020359918,-0.023950327,-0.11781517
2019/2/22,2019/2/23 20:00,0,0.0261187,-0.051116493,-0.112512305
2019/2/22,2019/2/23 20:15,0,0.014126241,-0.054846544,-0.076878995
2019/2/22,2019/2/23 20:30,0,0.008389555,-0.048548393,-0.00835605
2019/2/22,2019/2/23 20:45,0,-0.010882977,-0.056721896,-0.01871315
2019/2/22,2019/2/23 21:00,0,-0.033965483,-0.0684899,-0.008373559
2019/2/22,2019/2/23 21:15,0,-0.041051794,-0.057089116,0.05826807
2019/2/22,2019/2/23 21:30,0,-0.029115759,-0.04103819,0.050626345
2019/2/22,2019/2/23 21:45,0,-0.01896952,-0.042427585,0.085907474
2019/2/22,2019/2/23 22:00,0.003516,0.029288828,-0.018163249,0.09560779
2019/2/22,2019/2/23 22:15,0,0.07863933,0.032951612,0.1540713
2019/2/22,2019/2/23 22:30,0.196875,0.1535759,0.120214194,0.17966782
2019/2/22,2019/2/23 22:45,0.319922,0.28005412,0.21996118,0.21914932
2019/2/22,2019/2/23 23:00,0.341016,0.42745954,0.36771986,0.31670377
2019/2/22,2019/2/23 23:15,0.551953,0.6143679,0.51182705,0.38696465
2019/2/22,2019/2/23 23:30,0.566016,0.81976324,0.7256642,0.48912865
2019/2/22,2019/2/23 23:45,0.73125,1.0492605,0.946136,0.6278566
2019/2/23,2019/2/24 0:00,1.18125,1.411036,1.4788084,1.4207525
2019/2/23,2019/2/24 0:15,1.887891,1.5709785,1.7464349,1.6713582
2019/2/23,2019/2/24 0:30,2.021484,1.7284664,2.0026624,1.8471191
2019/2/23,2019/2/24 0:45,2.285156,1.8628511,2.26386,2.0290606
2019/2/23,2019/2/24 1:00,2.478516,2.0357141,2.5292916,2.1535466
2019/2/23,2019/2/24 1:15,2.657812,2.2257068,2.7516758,2.2756379
2019/2/23,2019/2/24 1:30,2.844141,2.4006867,2.9809704,2.3973103
2019/2/23,2019/2/24 1:45,3.121875,2.5734978,3.150416,2.4639447
2019/2/23,2019/2/24 2:00,3.287109,2.6901782,3.3174522,2.5571334
2019/2/23,2019/2/24 2:15,2.309766,2.837999,3.4769523,2.6079428
2019/2/23,2019/2/24 2:30,3.427734,2.9644077,3.5824785,2.5998287
2019/2/23,2019/2/24 2:45,2.211328,3.0345042,3.6433432,2.590276
2019/2/23,2019/2/24 3:00,3.469922,3.1513944,3.7631226,2.5938332
2019/2/23,2019/2/24 3:15,3.15,3.2193,3.7840838,2.4476008
2019/2/23,2019/2/24 3:30,3.410156,3.2616515,3.8043208,2.354593
2019/2/23,2019/2/24 3:45,4.151953,3.3191724,3.8729186,2.1630173
2019/2/23,2019/2/24 4:00,3.670312,3.3051755,3.8661425,2.0313513
2019/2/23,2019/2/24 4:15,3.596484,3.3249874,3.919773,1.8325018
2019/2/23,2019/2/24 4:30,3.723047,3.3454382,3.8871896,1.7493124
2019/2/23,2019/2/24 4:45,2.580469,3.372996,3.786756,1.585071
2019/2/23,2019/2/24 5:00,2.696484,3.346476,3.751955,1.4801916
2019/2/23,2019/2/24 5:15,4.310156,3.2717261,3.698798,1.4279565
2019/2/23,2019/2/24 5:30,2.844141,3.168198,3.5849013,1.3179742
2019/2/23,2019/2/24 5:45,3.483984,3.1102834,3.592461,1.2626204
2019/2/23,2019/2/24 6:00,3.596484,2.9832275,3.429978,1.2060932
2019/2/23,2019/2/24 6:15,3.336328,2.8351212,3.2357469,1.114724
2019/2/23,2019/2/24 6:30,3.367969,2.6922116,3.091673,1.0787519
2019/2/23,2019/2/24 6:45,3.026953,2.5154068,2.9008336,1.017915
2019/2/23,2019/2/24 7:00,3.055078,2.3361912,2.747842,1.0376415
2019/2/23,2019/2/24 7:15,2.896875,2.1190965,2.501043,0.97494584
2019/2/23,2019/2/24 7:30,2.735156,1.8763162,2.2943294,0.9512535
2019/2/23,2019/2/24 7:45,2.376562,1.6488959,2.0666268,0.93859005
2019/2/23,2019/2/24 8:00,1.701562,1.3589096,1.8005035,0.9190345
2019/2/23,2019/2/24 8:15,2.288672,1.1114248,1.5636691,0.881618
2019/2/23,2019/2/24 8:30,2.014453,0.88751876,1.3055212,0.7899711
2019/2/23,2019/2/24 8:45,0.667969,0.6597839,1.0812908,0.716241
2019/2/23,2019/2/24 9:00,0.569531,0.4348997,0.84214383,0.5872117
2019/2/23,2019/2/24 9:15,0.569531,0.29299882,0.6838483,0.52094865
2019/2/23,2019/2/24 9:30,0.492188,0.17954905,0.5071777,0.44757435
2019/2/23,2019/2/24 9:45,0.428906,0.08227193,0.3074193,0.26683626
2019/2/23,2019/2/24 10:00,0.158203,0.03975423,0.15849648,0.22964805
2019/2/23,2019/2/24 10:15,0.035156,0.001176842,0.032029774,0.2264141
2019/2/23,2019/2/24 10:30,0,-0.005247267,-0.012689374,0.16010757
2019/2/23,2019/2/24 10:45,0,0.002002166,-0.046813317,0.12543887
2019/2/23,2019/2/24 11:00,0,0.01630728,-0.07862115,0.14037652
2019/2/23,2019/2/24 11:15,0,0.00184302,-0.081639074,0.09216598
2019/2/23,2019/2/24 11:30,0,-0.002711043,-0.07408404,0.054394886
2019/2/23,2019/2/24 11:45,0,0.010596395,-0.089235574,0.039632
2019/2/23,2019/2/24 12:00,0,0.027578209,-0.084433794,0.001491033
2019/2/23,2019/2/24 12:15,0,0.026660994,-0.08074255,-0.017332088
2019/2/23,2019/2/24 12:30,0,0.024550408,-0.06373532,-0.055491127
2019/2/23,2019/2/24 12:45,0,0.015363574,-0.059417147,-0.05381038
2019/2/23,2019/2/24 13:00,0,-0.003554866,-0.0741422,-0.06665051
2019/2/23,2019/2/24 13:15,0,-0.002105862,-0.05841043,-0.107557856
2019/2/23,2019/2/24 13:30,0,-0.015788764,-0.07167242,-0.15626685
2019/2/23,2019/2/24 13:45,0,0.006015331,-0.08716987,-0.16311333
2019/2/23,2019/2/24 14:00,0,-0.011469673,-0.07452935,-0.16242096
2019/2/23,2019/2/24 14:15,0,-0.011086773,-0.052619755,-0.11281112
2019/2/23,2019/2/24 14:30,0,0.011227816,-0.035090953,-0.08091569
2019/2/23,2019/2/24 14:45,0,0.031056888,-0.055664644,-0.07240039
2019/2/23,2019/2/24 15:00,0,0.040219516,-0.04276234,-0.025300179
2019/2/23,2019/2/24 15:15,0,0.062892176,-0.04588543,-0.000736423
2019/2/23,2019/2/24 15:30,0,0.06900666,-0.03494887,-0.013967209
2019/2/23,2019/2/24 15:45,0,0.072763294,-0.030263014,0.04777048
2019/2/23,2019/2/24 16:00,0,0.05159286,-0.030991301,0.023780733
2019/2/23,2019/2/24 16:15,0,0.033871666,-0.020180307,0.044848528
2019/2/23,2019/2/24 16:30,0,0.027336918,-0.013717756,0.09566789
2019/2/23,2019/2/24 16:45,0,0.009234712,-0.003550008,0.08469839
2019/2/23,2019/2/24 17:00,0,-0.003749892,0.00594274,0.06302776
2019/2/23,2019/2/24 17:15,0,-0.009620875,0.003420241,0.09594382
2019/2/23,2019/2/24 17:30,0,-0.004557751,-0.007630356,0.10049147
2019/2/23,2019/2/24 17:45,0,0.001793936,-0.014527857,0.099218205
2019/2/23,2019/2/24 18:00,0,0.003883749,-0.012059607,0.04633931
2019/2/23,2019/2/24 18:15,0,-0.003606692,-0.012807118,0.015163662
2019/2/23,2019/2/24 18:30,0,0.024116859,-0.029082455,-0.007566933
2019/2/23,2019/2/24 18:45,0,0.02105787,-0.028100193,-0.017410755
2019/2/23,2019/2/24 19:00,0,0.034264587,-0.028011886,-0.042954974
2019/2/23,2019/2/24 19:15,0,0.04756706,-0.03702823,-0.08515206
2019/2/23,2019/2/24 19:30,0,0.031580962,-0.019166015,-0.046054944
2019/2/23,2019/2/24 19:45,0,0.02701588,-0.038260613,-0.069917366
2019/2/23,2019/2/24 20:00,0,0.028247016,-0.06450869,-0.06570105
2019/2/23,2019/2/24 20:15,0,0.018849134,-0.063264996,-0.03182256
2019/2/23,2019/2/24 20:30,0,0.011248972,-0.058484785,0.03032866
2019/2/23,2019/2/24 20:45,0,-0.003944034,-0.05601996,0.017485844
2019/2/23,2019/2/24 21:00,0,-0.019927729,-0.055154536,0.038970567
2019/2/23,2019/2/24 21:15,0,-0.010983553,-0.03510994,0.090641275
2019/2/23,2019/2/24 21:30,0,0.015262162,-0.005473014,0.09825818
2019/2/23,2019/2/24 21:45,0.003516,0.047205456,0.009695299,0.13876528
2019/2/23,2019/2/24 22:00,0,0.11488281,0.054134034,0.13959801
2019/2/23,2019/2/24 22:15,0.196875,0.1918652,0.12554097,0.19670449
2019/2/23,2019/2/24 22:30,0.319922,0.29445404,0.23767379,0.21987517
2019/2/23,2019/2/24 22:45,0.341016,0.44033623,0.3538596,0.26578838
2019/2/23,2019/2/24 23:00,0.551953,0.6110903,0.5187489,0.3653042
2019/2/23,2019/2/24 23:15,0.566016,0.8184523,0.67783564,0.45250565
2019/2/23,2019/2/24 23:30,0.73125,1.0361863,0.8970844,0.56861573
2019/2/23,2019/2/24 23:45,0.935156,1.2759461,1.1274896,0.7321347
2019/2/24,2019/2/25 0:00,1.887891,1.4982926,1.672453,1.7031646
2019/2/24,2019/2/25 0:15,2.021484,1.6272963,1.9368459,1.9670631
2019/2/24,2019/2/25 0:30,2.285156,1.7530856,2.2006137,2.1566305
2019/2/24,2019/2/25 0:45,2.478516,1.8536029,2.4605994,2.334119
2019/2/24,2019/2/25 1:00,2.657812,1.992755,2.7258837,2.4438307
2019/2/24,2019/2/25 1:15,2.844141,2.1518369,2.936338,2.5247428
2019/2/24,2019/2/25 1:30,3.121875,2.2944927,3.1607547,2.6246343
2019/2/24,2019/2/25 1:45,3.287109,2.442724,3.3160644,2.6332989
2019/2/24,2019/2/25 2:00,2.309766,2.5383081,3.4644136,2.673252
2019/2/24,2019/2/25 2:15,3.427734,2.6648548,3.6083694,2.6657627
2019/2/24,2019/2/25 2:30,2.211328,2.7794034,3.694783,2.6166627
2019/2/24,2019/2/25 2:45,3.469922,2.8399618,3.7378802,2.5538878
2019/2/24,2019/2/25 3:00,3.15,2.954714,3.8344364,2.5154269
2019/2/24,2019/2/25 3:15,3.410156,3.0217268,3.8455174,2.3482006
2019/2/24,2019/2/25 3:30,4.151953,3.0647204,3.8554943,2.2236977
2019/2/24,2019/2/25 3:45,3.670312,3.126452,3.91071,2.03099
2019/2/24,2019/2/25 4:00,3.596484,3.1210823,3.8977077,1.88723
2019/2/24,2019/2/25 4:15,3.723047,3.152159,3.9325087,1.7046494
2019/2/24,2019/2/25 4:30,2.580469,3.1871636,3.9044511,1.6094438
2019/2/24,2019/2/25 4:45,2.696484,3.2266264,3.7948632,1.4407003
2019/2/24,2019/2/25 5:00,4.310156,3.2164216,3.761285,1.3293635
2019/2/24,2019/2/25 5:15,2.844141,3.1582615,3.6880066,1.272469
2019/2/24,2019/2/25 5:30,3.483984,3.076907,3.5746043,1.1564358
2019/2/24,2019/2/25 5:45,3.596484,3.040465,3.5579133,1.0847408
2019/2/24,2019/2/25 6:00,3.336328,2.9322116,3.3950322,1.0189947
2019/2/24,2019/2/25 6:15,3.367969,2.7994528,3.1991901,0.9226443
2019/2/24,2019/2/25 6:30,3.026953,2.673893,3.0320377,0.8671387
2019/2/24,2019/2/25 6:45,3.055078,2.5134635,2.828668,0.79345375
2019/2/24,2019/2/25 7:00,2.896875,2.3424742,2.6617334,0.79865724
2019/2/24,2019/2/25 7:15,2.735156,2.137473,2.3982453,0.74228984
2019/2/24,2019/2/25 7:30,2.376562,1.8970087,2.1820762,0.70460767
2019/2/24,2019/2/25 7:45,1.701562,1.6713217,1.9411321,0.69881725
2019/2/24,2019/2/25 8:00,2.288672,1.3810794,1.6685153,0.68218017
2019/2/24,2019/2/25 8:15,2.014453,1.1338394,1.4314114,0.6716361
2019/2/24,2019/2/25 8:30,0.667969,0.9041142,1.1758649,0.6158718
2019/2/24,2019/2/25 8:45,0.569531,0.67474383,0.9662065,0.57498914
2019/2/24,2019/2/25 9:00,0.569531,0.4490585,0.7266254,0.4832566
2019/2/24,2019/2/25 9:15,0.492188,0.3030185,0.5878432,0.44285023
2019/2/24,2019/2/25 9:30,0.428906,0.18840478,0.42255613,0.38485992
2019/2/24,2019/2/25 9:45,0.158203,0.087350465,0.24513757,0.25377825
2019/2/24,2019/2/25 10:00,0.035156,0.041769113,0.116260424,0.23226619
2019/2/24,2019/2/25 10:15,0,0.00279586,0.011798121,0.23054112
2019/2/24,2019/2/25 10:30,0,-0.005346512,-0.021833897,0.16283989
2019/2/24,2019/2/25 10:45,0,0.001198702,-0.039864026,0.13969205
2019/2/24,2019/2/25 11:00,0,0.015878558,-0.07155883,0.15662931
2019/2/24,2019/2/25 11:15,0,-0.000851043,-0.06384956,0.10852584
2019/2/24,2019/2/25 11:30,0,-0.006401025,-0.054348223,0.074418664
2019/2/24,2019/2/25 11:45,0,0.003579352,-0.065009505,0.06300588
2019/2/24,2019/2/25 12:00,0,0.021989986,-0.05277267,0.026275417
2019/2/24,2019/2/25 12:15,0,0.019033954,-0.053838205,0.017867597
2019/2/24,2019/2/25 12:30,0,0.016133636,-0.042124297,-0.016280947
2019/2/24,2019/2/25 12:45,0,0.005213551,-0.0380957,-0.007084968
2019/2/24,2019/2/25 13:00,0,-0.016529098,-0.0503864,-0.019724563
2019/2/24,2019/2/25 13:15,0,-0.014130905,-0.0378894,-0.05604706
2019/2/24,2019/2/25 13:30,0,-0.030589059,-0.058945753,-0.09694661
2019/2/24,2019/2/25 13:45,0,-0.008437708,-0.075527236,-0.113894984
2019/2/24,2019/2/25 14:00,0,-0.027456284,-0.063749686,-0.133454
2019/2/24,2019/2/25 14:15,0,-0.023584615,-0.042343378,-0.09076238
2019/2/24,2019/2/25 14:30,0,0.005057633,-0.027464911,-0.07221116
2019/2/24,2019/2/25 14:45,0,0.022865526,-0.05336973,-0.08901711
2019/2/24,2019/2/25 15:00,0,0.034134626,-0.04380381,-0.062470708
2019/2/24,2019/2/25 15:15,0,0.05710394,-0.046010867,-0.053029396
2019/2/24,2019/2/25 15:30,0,0.06339956,-0.035052896,-0.09068286
2019/2/24,2019/2/25 15:45,0,0.06500499,-0.038190983,-0.0351301
2019/2/24,2019/2/25 16:00,0,0.042170122,-0.033820003,-0.059273258
2019/2/24,2019/2/25 16:15,0,0.026727423,-0.026129156,-0.04509034
2019/2/24,2019/2/25 16:30,0,0.019258112,-0.03152676,0.008011423
2019/2/24,2019/2/25 16:45,0,0.000716776,-0.010885656,0.007967778
2019/2/24,2019/2/25 17:00,0,-0.015802242,-0.009958878,-0.000638716
2019/2/24,2019/2/25 17:15,0,-0.021704108,-0.018908791,0.04933895
2019/2/24,2019/2/25 17:30,0,-0.015448071,-0.03553152,0.060486387
2019/2/24,2019/2/25 17:45,0,-0.010262787,-0.035616845,0.08739211
2019/2/24,2019/2/25 18:00,0,-0.006912127,-0.043128904,0.04690498
2019/2/24,2019/2/25 18:15,0,-0.009017192,-0.051695272,0.027763942
2019/2/24,2019/2/25 18:30,0,0.019228622,-0.06607945,0.028605266
2019/2/24,2019/2/25 18:45,0,0.014955737,-0.06357002,0.03249041
2019/2/24,2019/2/25 19:00,0,0.025558285,-0.065809466,0.021021698
2019/2/24,2019/2/25 19:15,0,0.03780791,-0.0681967,-0.024499224
2019/2/24,2019/2/25 19:30,0,0.023747504,-0.059432074,0.016432898
2019/2/24,2019/2/25 19:45,0,0.019408263,-0.07625781,-0.015744109
2019/2/24,2019/2/25 20:00,0,0.01549016,-0.08964816,-0.012166671
2019/2/24,2019/2/25 20:15,0,0.007565677,-0.09530428,0.026366504
2019/2/24,2019/2/25 20:30,0,-0.000520539,-0.085603975,0.077144325
2019/2/24,2019/2/25 20:45,0,-0.010342418,-0.07301219,0.07300094
2019/2/24,2019/2/25 21:00,0,-0.017496318,-0.06321535,0.10173456
2019/2/24,2019/2/25 21:15,0,0.012381401,-0.026091628,0.14805233
2019/2/24,2019/2/25 21:30,0.003516,0.05515763,0.015746592,0.17302108
2019/2/24,2019/2/25 21:45,0,0.11004232,0.048474982,0.22521487
2019/2/24,2019/2/25 22:00,0.196875,0.19914135,0.110619485,0.22342059
2019/2/24,2019/2/25 22:15,0.319922,0.30087185,0.1958885,0.2793994
2019/2/24,2019/2/25 22:30,0.341016,0.42781818,0.3266212,0.3018518
2019/2/24,2019/2/25 22:45,0.551953,0.59404033,0.46787125,0.34839758
2019/2/24,2019/2/25 23:00,0.566016,0.781497,0.64829147,0.44115797
2019/2/24,2019/2/25 23:15,0.73125,1.0021374,0.82215464,0.5247633
2019/2/24,2019/2/25 23:30,0.935156,1.2258751,1.0538591,0.63648057
2019/2/24,2019/2/25 23:45,1.873828,1.4684137,1.30055,0.8034158
2019/2/25,2019/2/26 0:00,2.021484,1.5613441,2.0524182,1.9583315
2019/2/25,2019/2/26 0:15,2.285156,1.6717201,2.3041787,2.2147703
2019/2/25,2019/2/26 0:30,2.478516,1.7784563,2.54495,2.4108129
2019/2/25,2019/2/26 0:45,2.657812,1.8603061,2.7822902,2.5710487
2019/2/25,2019/2/26 1:00,2.844141,1.9782664,3.0189757,2.6579936
2019/2/25,2019/2/26 1:15,3.121875,2.1142778,3.190269,2.7053268
2019/2/25,2019/2/26 1:30,3.287109,2.2308817,3.3765488,2.7677898
2019/2/25,2019/2/26 1:45,2.309766,2.3549488,3.4968855,2.7262359
2019/2/25,2019/2/26 2:00,3.427734,2.4322453,3.5978844,2.707571
2019/2/25,2019/2/26 2:15,2.211328,2.539338,3.7006245,2.6344583
2019/2/25,2019/2/26 2:30,3.469922,2.6394103,3.7488918,2.538887
2019/2/25,2019/2/26 2:45,3.15,2.689008,3.765875,2.431171
2019/2/25,2019/2/26 3:00,3.410156,2.800391,3.814164,2.3515606
2019/2/25,2019/2/26 3:15,4.151953,2.8648565,3.8000104,2.1849868
2019/2/25,2019/2/26 3:30,3.670312,2.9131732,3.7850292,2.0562382
2019/2/25,2019/2/26 3:45,3.596484,2.9763513,3.8216708,1.867368
2019/2/25,2019/2/26 4:00,3.723047,2.9788072,3.8007278,1.7302452
2019/2/25,2019/2/26 4:15,2.580469,3.0193026,3.810382,1.5862992
2019/2/25,2019/2/26 4:30,2.696484,3.062611,3.765442,1.4905567
2019/2/25,2019/2/26 4:45,4.310156,3.1065538,3.6407394,1.3566384
2019/2/25,2019/2/26 5:00,2.844141,3.1051347,3.5977507,1.2568309
2019/2/25,2019/2/26 5:15,3.483984,3.0488143,3.4925568,1.2181344
2019/2/25,2019/2/26 5:30,3.596484,2.9692285,3.3572671,1.1113936
2019/2/25,2019/2/26 5:45,3.336328,2.9316213,3.305023,1.0411303
2019/2/25,2019/2/26 6:00,3.367969,2.8127253,3.125843,0.9879809
2019/2/25,2019/2/26 6:15,3.026953,2.6694632,2.8986344,0.8987817
2019/2/25,2019/2/26 6:30,3.055078,2.5304084,2.713474,0.8242357
2019/2/25,2019/2/26 6:45,2.896875,2.3570075,2.4875894,0.7303275
2019/2/25,2019/2/26 7:00,2.735156,2.1726325,2.2868733,0.7161457
2019/2/25,2019/2/26 7:15,2.376562,1.9609432,2.0001717,0.65024847
2019/2/25,2019/2/26 7:30,1.701562,1.7137555,1.7807853,0.5766693
2019/2/25,2019/2/26 7:45,2.288672,1.4898969,1.5215796,0.54624987
2019/2/25,2019/2/26 8:00,2.014453,1.2085396,1.2555536,0.4974095
2019/2/25,2019/2/26 8:15,0.667969,0.97397053,1.0304861,0.4777776
2019/2/25,2019/2/26 8:30,0.569531,0.76138073,0.78236645,0.40899834
2019/2/25,2019/2/26 8:45,0.569531,0.55572176,0.60420007,0.3863907
2019/2/25,2019/2/26 9:00,0.492188,0.3557556,0.39633715,0.30593383
2019/2/25,2019/2/26 9:15,0.428906,0.23270093,0.29614672,0.29294515
2019/2/25,2019/2/26 9:30,0.158203,0.14266066,0.16594431,0.26173818
2019/2/25,2019/2/26 9:45,0.035156,0.060088664,0.03586962,0.15645194
2019/2/25,2019/2/26 10:00,0,0.029199358,-0.04941341,0.1630418
2019/2/25,2019/2/26 10:15,0,0.003266707,-0.11037984,0.16807058
2019/2/25,2019/2/26 10:30,0,0.002715465,-0.12425317,0.10691434
2019/2/25,2019/2/26 10:45,0,0.012888439,-0.09981051,0.10667947
2019/2/25,2019/2/26 11:00,0,0.03197877,-0.11503914,0.12489593
2019/2/25,2019/2/26 11:15,0,0.014816292,-0.08666188,0.094709955
2019/2/25,2019/2/26 11:30,0,0.006685559,-0.06652027,0.07340202
2019/2/25,2019/2/26 11:45,0,0.011264384,-0.06196911,0.06787431
2019/2/25,2019/2/26 12:00,0,0.027217034,-0.037785485,0.026734278
2019/2/25,2019/2/26 12:15,0,0.017937854,-0.034573805,0.03314597
2019/2/25,2019/2/26 12:30,0,0.01224868,-0.017211284,0.009451769
2019/2/25,2019/2/26 12:45,0,-0.00278838,-0.00022947,0.02006257
2019/2/25,2019/2/26 13:00,0,-0.026553676,-0.001503095,-0.00400111
2019/2/25,2019/2/26 13:15,0,-0.023214176,0.009697333,-0.036667474
2019/2/25,2019/2/26 13:30,0,-0.039668977,-0.005339883,-0.063891895
2019/2/25,2019/2/26 13:45,0,-0.015106708,-0.010447413,-0.07970974
2019/2/25,2019/2/26 14:00,0,-0.031853013,-0.007542953,-0.12052292
2019/2/25,2019/2/26 14:15,0,-0.023929227,0.01298102,-0.075335816
2019/2/25,2019/2/26 14:30,0,0.00787504,0.023730107,-0.06457357
2019/2/25,2019/2/26 14:45,0,0.025624704,0.007871568,-0.08860627
2019/2/25,2019/2/26 15:00,0,0.03810601,0.003804207,-0.0790301
2019/2/25,2019/2/26 15:15,0,0.060633287,-0.008029074,-0.07339917
2019/2/25,2019/2/26 15:30,0,0.065246515,0.003901526,-0.1315988
2019/2/25,2019/2/26 15:45,0,0.06415345,-0.004481062,-0.075804375
2019/2/25,2019/2/26 16:00,0,0.040698193,-0.014323287,-0.09624231
2019/2/25,2019/2/26 16:15,0,0.025650375,-0.020805411,-0.09110751
2019/2/25,2019/2/26 16:30,0,0.015082225,-0.03590688,-0.033487663
2019/2/25,2019/2/26 16:45,0,-0.007122457,-0.004967034,-0.028880343
2019/2/25,2019/2/26 17:00,0,-0.0269337,-0.01231242,-0.030815504
2019/2/25,2019/2/26 17:15,0,-0.033617385,-0.023817614,0.020100977
2019/2/25,2019/2/26 17:30,0,-0.027299963,-0.036264196,0.036500696
2019/2/25,2019/2/26 17:45,0,-0.024133667,-0.02446258,0.079976305
2019/2/25,2019/2/26 18:00,0,-0.0190683,-0.045674723,0.052024454
2019/2/25,2019/2/26 18:15,0,-0.017478123,-0.042590864,0.04257316
2019/2/25,2019/2/26 18:30,0,0.010200053,-0.047044143,0.06623688
2019/2/25,2019/2/26 18:45,0,0.005932555,-0.042970493,0.08650867
2019/2/25,2019/2/26 19:00,0,0.016181208,-0.04073087,0.07845496
2019/2/25,2019/2/26 19:15,0,0.029458873,-0.028853007,0.034572557
2019/2/25,2019/2/26 19:30,0,0.018688157,-0.02394671,0.07925495
2019/2/25,2019/2/26 19:45,0,0.017002635,-0.041524816,0.045100715
2019/2/25,2019/2/26 20:00,0,0.010779994,-0.06116269,0.04144289
2019/2/25,2019/2/26 20:15,0,0.005636402,-0.057980973,0.086324975
2019/2/25,2019/2/26 20:30,0,-0.001443256,-0.059490047,0.12595654
2019/2/25,2019/2/26 20:45,0,-0.005324359,-0.040218495,0.1254569
2019/2/25,2019/2/26 21:00,0,-0.00357084,-0.015598531,0.16258983
2019/2/25,2019/2/26 21:15,0.003516,0.04340908,0.028550848,0.20427972
2019/2/25,2019/2/26 21:30,0,0.100487165,0.07993679,0.24701932
2019/2/25,2019/2/26 21:45,0.196875,0.17451756,0.1377116,0.31669188
2019/2/25,2019/2/26 22:00,0.319922,0.28031382,0.22435693,0.32303327
2019/2/25,2019/2/26 22:15,0.341016,0.40483567,0.33318636,0.37657472
2019/2/25,2019/2/26 22:30,0.551953,0.55011564,0.49334973,0.4011362
2019/2/25,2019/2/26 22:45,0.566016,0.73067325,0.66218543,0.4492442
2019/2/25,2019/2/26 23:00,0.73125,0.9309925,0.8686466,0.5312163
2019/2/25,2019/2/26 23:15,0.935156,1.1599646,1.0646712,0.60441047
2019/2/25,2019/2/26 23:30,1.873828,1.3862509,1.3120645,0.70013237
2019/2/25,2019/2/26 23:45,1.226953,1.6294084,1.5640882,0.86529946
2019/2/26,2019/2/27 0:00,2.285156,1.6482239,2.1767325,2.1612673
2019/2/26,2019/2/27 0:15,2.478516,1.7536067,2.4087996,2.4003572
2019/2/26,2019/2/27 0:30,2.657812,1.8551384,2.6200624,2.5942535
2019/2/26,2019/2/27 0:45,2.844141,1.9353849,2.8403735,2.7248685
2019/2/26,2019/2/27 1:00,3.121875,2.0502818,3.043924,2.7834902
2019/2/26,2019/2/27 1:15,3.287109,2.1749089,3.1951547,2.796527
2019/2/26,2019/2/27 1:30,2.309766,2.2763085,3.3512788,2.8283527
2019/2/26,2019/2/27 1:45,3.427734,2.3820229,3.4564557,2.7368674
2019/2/26,2019/2/27 2:00,2.211328,2.4480484,3.533015,2.675481
2019/2/26,2019/2/27 2:15,3.469922,2.5395408,3.6189525,2.5475922
2019/2/26,2019/2/27 2:30,3.15,2.6257942,3.6479287,2.41643
2019/2/26,2019/2/27 2:45,3.410156,2.663564,3.6667566,2.2604623
2019/2/26,2019/2/27 3:00,4.151953,2.7703993,3.695482,2.1522508
2019/2/26,2019/2/27 3:15,3.670312,2.8296945,3.669598,2.0002916
2019/2/26,2019/2/27 3:30,3.596484,2.8830752,3.6435072,1.8706323
2019/2/26,2019/2/27 3:45,3.723047,2.9416533,3.6657822,1.6923618
2019/2/26,2019/2/27 4:00,2.580469,2.9430552,3.647342,1.570388
2019/2/26,2019/2/27 4:15,2.696484,2.9803553,3.636027,1.4658065
2019/2/26,2019/2/27 4:30,4.310156,3.0157504,3.5698135,1.3806827
2019/2/26,2019/2/27 4:45,2.844141,3.0450492,3.4422584,1.2839974
2019/2/26,2019/2/27 5:00,3.483984,3.0315745,3.3894868,1.1985165
2019/2/26,2019/2/27 5:15,3.596484,2.95402,3.2649832,1.1832196
2019/2/26,2019/2/27 5:30,3.336328,2.848758,3.1208515,1.1003124
2019/2/26,2019/2/27 5:45,3.367969,2.7844837,3.0488796,1.0309917
2019/2/26,2019/2/27 6:00,3.026953,2.6257772,2.8582032,1.0063466
2019/2/26,2019/2/27 6:15,3.055078,2.4511993,2.6200354,0.927407
2019/2/26,2019/2/27 6:30,2.896875,2.2756417,2.4282076,0.84751105
2019/2/26,2019/2/27 6:45,2.735156,2.068418,2.1964629,0.74562275
2019/2/26,2019/2/27 7:00,2.376562,1.8595836,1.9826288,0.7221957
2019/2/26,2019/2/27 7:15,1.701562,1.6330366,1.6936558,0.6593246
2019/2/26,2019/2/27 7:30,2.288672,1.3813542,1.4815655,0.56638867
2019/2/26,2019/2/27 7:45,2.014453,1.1693926,1.2273091,0.5189425
2019/2/26,2019/2/27 8:00,0.667969,0.91314816,0.9791089,0.44491085
2019/2/26,2019/2/27 8:15,0.569531,0.7082665,0.7701788,0.41700143
2019/2/26,2019/2/27 8:30,0.569531,0.5384221,0.54511297,0.32629624
2019/2/26,2019/2/27 8:45,0.492188,0.37999696,0.39265648,0.30637458
2019/2/26,2019/2/27 9:00,0.428906,0.2267572,0.2159792,0.22039515
2019/2/26,2019/2/27 9:15,0.158203,0.14530349,0.14974791,0.21419835
2019/2/26,2019/2/27 9:30,0.035156,0.09353177,0.04680931,0.19194613
2019/2/26,2019/2/27 9:45,0,0.039875083,-0.04548999,0.08686826
2019/2/26,2019/2/27 10:00,0,0.028637026,-0.10488659,0.10232251
2019/2/26,2019/2/27 10:15,0,0.018360004,-0.13741061,0.110532954
2019/2/26,2019/2/27 10:30,0,0.024055704,-0.14036879,0.04685624
2019/2/26,2019/2/27 10:45,0,0.035883773,-0.10216658,0.057851624
2019/2/26,2019/2/27 11:00,0,0.05539263,-0.11267233,0.07877752
2019/2/26,2019/2/27 11:15,0,0.0350349,-0.0819845,0.05860618
2019/2/26,2019/2/27 11:30,0,0.022644442,-0.067599416,0.047393195
2019/2/26,2019/2/27 11:45,0,0.02084228,-0.073534,0.040405072
2019/2/26,2019/2/27 12:00,0,0.031266175,-0.052505642,0.000802914
2019/2/26,2019/2/27 12:15,0,0.016842917,-0.053737994,0.003303026
2019/2/26,2019/2/27 12:30,0,0.009131447,-0.03967605,-0.007306146
2019/2/26,2019/2/27 12:45,0,-0.008233614,-0.029058892,-0.004968372
2019/2/26,2019/2/27 13:00,0,-0.029497087,-0.034070507,-0.03441623
2019/2/26,2019/2/27 13:15,0,-0.022773758,-0.022833645,-0.059918225
2019/2/26,2019/2/27 13:30,0,-0.034647018,-0.035430767,-0.07435383
2019/2/26,2019/2/27 13:45,0,-0.005603463,-0.030270323,-0.089949265
2019/2/26,2019/2/27 14:00,0,-0.015937258,-0.03286901,-0.13979906
2019/2/26,2019/2/27 14:15,0,-0.002805304,-0.012524754,-0.08575916
2019/2/26,2019/2/27 14:30,0,0.028832749,-0.007017553,-0.09039913
2019/2/26,2019/2/27 14:45,0,0.046387587,-0.008974403,-0.118354246
2019/2/26,2019/2/27 15:00,0,0.057618037,-0.016224116,-0.10647157
2019/2/26,2019/2/27 15:15,0,0.077131964,-0.024134353,-0.10493493
2019/2/26,2019/2/27 15:30,0,0.07699188,-0.014839724,-0.17202806
2019/2/26,2019/2/27 15:45,0,0.07093492,-0.018385448,-0.11557544
2019/2/26,2019/2/27 16:00,0,0.044145167,-0.031936824,-0.13098863
2019/2/26,2019/2/27 16:15,0,0.026202738,-0.034636334,-0.13169861
2019/2/26,2019/2/27 16:30,0,0.00874345,-0.05592674,-0.06666517
2019/2/26,2019/2/27 16:45,0,-0.018067934,-0.024464011,-0.058842644
2019/2/26,2019/2/27 17:00,0,-0.042027727,-0.02292066,-0.055592
2019/2/26,2019/2/27 17:15,0,-0.049470887,-0.029595941,-0.003067836
2019/2/26,2019/2/27 17:30,0,-0.043474816,-0.04192362,0.017430793
2019/2/26,2019/2/27 17:45,0,-0.04235305,-0.014212266,0.06685141
2019/2/26,2019/2/27 18:00,0,-0.03448105,-0.041508295,0.041918315
2019/2/26,2019/2/27 18:15,0,-0.028340004,-0.03801264,0.04554807
2019/2/26,2019/2/27 18:30,0,-0.000114731,-0.042224243,0.08516972
2019/2/26,2019/2/27 18:45,0,-0.002082452,-0.042482026,0.11914519
2019/2/26,2019/2/27 19:00,0,0.009917848,-0.03882522,0.11765693
2019/2/26,2019/2/27 19:15,0,0.027086617,-0.028591383,0.081233546
2019/2/26,2019/2/27 19:30,0,0.023799457,-0.037791006,0.13438483
2019/2/26,2019/2/27 19:45,0,0.029218815,-0.054878253,0.11078912
2019/2/26,2019/2/27 20:00,0,0.024489252,-0.07904799,0.1094514
2019/2/26,2019/2/27 20:15,0,0.023879357,-0.06875548,0.1636864
2019/2/26,2019/2/27 20:30,0,0.0191597,-0.080503345,0.19601527
2019/2/26,2019/2/27 20:45,0,0.021926902,-0.04876162,0.19880033
2019/2/26,2019/2/27 21:00,0.003516,0.032139156,-0.006555723,0.24678332
2019/2/26,2019/2/27 21:15,0,0.092936195,0.045215454,0.28787136
2019/2/26,2019/2/27 21:30,0.196875,0.16190359,0.105304435,0.33912063
2019/2/26,2019/2/27 21:45,0.319922,0.25117946,0.18528399,0.42238823
2019/2/26,2019/2/27 22:00,0.341016,0.3683866,0.28986308,0.43190536
2019/2/26,2019/2/27 22:15,0.551953,0.515547,0.4136725,0.48686725
2019/2/26,2019/2/27 22:30,0.566016,0.6747989,0.59586024,0.509043
2019/2/26,2019/2/27 22:45,0.73125,0.86442,0.7733293,0.554743
2019/2/26,2019/2/27 23:00,0.935156,1.0766829,1.0003862,0.61923
2019/2/26,2019/2/27 23:15,1.873828,1.3114526,1.1982722,0.676461
2019/2/26,2019/2/27 23:30,1.226953,1.5380183,1.4378294,0.7563673
2019/2/26,2019/2/27 23:45,1.466016,1.7801124,1.6849205,0.91366804
2019/2/27,2019/2/28 0:00,2.478516,1.8238522,2.3947098,2.3967953
2019/2/27,2019/2/28 0:15,2.657812,1.9333375,2.5844307,2.5875678
2019/2/27,2019/2/28 0:30,2.844141,2.0388482,2.7421503,2.760773
2019/2/27,2019/2/28 0:45,3.121875,2.1323538,2.9162652,2.8410401
2019/2/27,2019/2/28 1:00,3.287109,2.2599564,3.0619385,2.8651538
2019/2/27,2019/2/28 1:15,2.309766,2.3814864,3.1681104,2.8363333
2019/2/27,2019/2/28 1:30,3.427734,2.4777603,3.2620053,2.847702
2019/2/27,2019/2/28 1:45,2.211328,2.5675068,3.3141735,2.7122638
2019/2/27,2019/2/28 2:00,3.469922,2.626234,3.3540804,2.6316938
2019/2/27,2019/2/28 2:15,3.15,2.6998174,3.406041,2.4706717
2019/2/27,2019/2/28 2:30,3.410156,2.7668455,3.4130657,2.3193805
2019/2/27,2019/2/28 2:45,4.151953,2.7853181,3.4277892,2.1228971
2019/2/27,2019/2/28 3:00,3.670312,2.8755453,3.4604712,2.0077157
2019/2/27,2019/2/28 3:15,3.596484,2.9154246,3.4251513,1.8732811
2019/2/27,2019/2/28 3:30,3.723047,2.9587595,3.4084857,1.7402265
2019/2/27,2019/2/28 3:45,2.580469,2.9909396,3.4313276,1.5702094
2019/2/27,2019/2/28 4:00,2.696484,2.966799,3.4220793,1.4545097
2019/2/27,2019/2/28 4:15,4.310156,2.9718363,3.4172382,1.3701274
2019/2/27,2019/2/28 4:30,2.844141,2.9680068,3.346856,1.2905675
2019/2/27,2019/2/28 4:45,3.483984,2.9480631,3.23212,1.2069727
2019/2/27,2019/2/28 5:00,3.596484,2.8890476,3.1703603,1.115217
2019/2/27,2019/2/28 5:15,3.336328,2.761274,3.032053,1.1033286
2019/2/27,2019/2/28 5:30,3.367969,2.6015117,2.8779347,1.0315145
2019/2/27,2019/2/28 5:45,3.026953,2.4890082,2.791379,0.9488857
2019/2/27,2019/2/28 6:00,3.055078,2.271695,2.5759706,0.94710124
2019/2/27,2019/2/28 6:15,2.896875,2.0594907,2.3176768,0.8662532
2019/2/27,2019/2/28 6:30,2.735156,1.8432791,2.1089756,0.79004616
2019/2/27,2019/2/28 6:45,2.376562,1.6019813,1.8636034,0.69026446
2019/2/27,2019/2/28 7:00,1.701562,1.3799722,1.6413046,0.6688159
2019/2/27,2019/2/28 7:15,2.288672,1.1507094,1.3663397,0.62440616
2019/2/27,2019/2/28 7:30,2.014453,0.9152798,1.1574662,0.5367129
2019/2/27,2019/2/28 7:45,0.667969,0.73785686,0.9234694,0.49278742
2019/2/27,2019/2/28 8:00,0.569531,0.53395617,0.7055708,0.41711956
2019/2/27,2019/2/28 8:15,0.569531,0.38186392,0.5214403,0.4010895
2019/2/27,2019/2/28 8:30,0.492188,0.28129578,0.34271523,0.30405182
2019/2/27,2019/2/28 8:45,0.428906,0.19183135,0.22327855,0.2862816
2019/2/27,2019/2/28 9:00,0.158203,0.10189637,0.09685287,0.19408815
2019/2/27,2019/2/28 9:15,0.035156,0.07278277,0.058109604,0.18166852
2019/2/27,2019/2/28 9:30,0,0.06292709,-0.019528398,0.16050293
2019/2/27,2019/2/28 9:45,0,0.03995176,-0.07707271,0.03925232
2019/2/27,2019/2/28 10:00,0,0.04381534,-0.121394694,0.049738348
2019/2/27,2019/2/28 10:15,0,0.044976458,-0.13166675,0.058634896
2019/2/27,2019/2/28 10:30,0,0.047576446,-0.12944274,-0.014088608
2019/2/27,2019/2/28 10:45,0,0.055337008,-0.09051047,0.000292469
2019/2/27,2019/2/28 11:00,0,0.06698229,-0.09915654,0.02545435
2019/2/27,2019/2/28 11:15,0,0.038383495,-0.07553113,0.016965182
2019/2/27,2019/2/28 11:30,0,0.022360843,-0.061750025,0.019132372
2019/2/27,2019/2/28 11:45,0,0.015497118,-0.074736625,0.011423603
2019/2/27,2019/2/28 12:00,0,0.019429617,-0.05174759,-0.016078949
2019/2/27,2019/2/28 12:15,0,0.006943822,-0.051232625,-0.018909544
2019/2/27,2019/2/28 12:30,0,0.000976443,-0.0338925,-0.012650339
2019/2/27,2019/2/28 12:45,0,-0.014443636,-0.037953455,-0.020268504
2019/2/27,2019/2/28 13:00,0,-0.026625186,-0.048110753,-0.038407277
2019/2/27,2019/2/28 13:15,0,-0.014576793,-0.029950231,-0.060514852
2019/2/27,2019/2/28 13:30,0,-0.017675832,-0.044257723,-0.06166081
2019/2/27,2019/2/28 13:45,0,0.015993223,-0.03775814,-0.07971835
2019/2/27,2019/2/28 14:00,0,0.014199216,-0.04143609,-0.13395208
2019/2/27,2019/2/28 14:15,0,0.031242782,-0.022697628,-0.07998532
2019/2/27,2019/2/28 14:30,0,0.05851777,-0.027199835,-0.10633591
2019/2/27,2019/2/28 14:45,0,0.072983086,-0.02123569,-0.14972267
2019/2/27,2019/2/28 15:00,0,0.07992634,-0.03371142,-0.13148655
2019/2/27,2019/2/28 15:15,0,0.093232684,-0.04580383,-0.13944122
2019/2/27,2019/2/28 15:30,0,0.08624719,-0.035259172,-0.20972806
2019/2/27,2019/2/28 15:45,0,0.07227653,-0.04167127,-0.16330841
2019/2/27,2019/2/28 16:00,0,0.038944654,-0.062282637,-0.17544706
2019/2/27,2019/2/28 16:15,0,0.01461035,-0.059664607,-0.1847724
2019/2/27,2019/2/28 16:30,0,-0.01197426,-0.072249666,-0.11059192
2019/2/27,2019/2/28 16:45,0,-0.041272126,-0.062347695,-0.10809906
2019/2/27,2019/2/28 17:00,0,-0.06974219,-0.058221973,-0.09427689
2019/2/27,2019/2/28 17:15,0,-0.07701307,-0.057426624,-0.038529046
2019/2/27,2019/2/28 17:30,0,-0.0704271,-0.06612441,-0.013531573
2019/2/27,2019/2/28 17:45,0,-0.06971069,-0.049717538,0.042026445
2019/2/27,2019/2/28 18:00,0,-0.059280634,-0.06404945,0.020153418
2019/2/27,2019/2/28 18:15,0,-0.04653956,-0.061051056,0.04557904
2019/2/27,2019/2/28 18:30,0,-0.018038869,-0.06280917,0.09708841
2019/2/27,2019/2/28 18:45,0,-0.018502504,-0.06924432,0.14308006
2019/2/27,2019/2/28 19:00,0,-0.005414993,-0.066371575,0.15839937
2019/2/27,2019/2/28 19:15,0,0.015278548,-0.06336015,0.12241227
2019/2/27,2019/2/28 19:30,0,0.02257397,-0.071851954,0.19314559
2019/2/27,2019/2/28 19:45,0,0.037073277,-0.07928637,0.1817147
2019/2/27,2019/2/28 20:00,0,0.03701228,-0.08926058,0.18586363
2019/2/27,2019/2/28 20:15,0,0.043121263,-0.047604647,0.2499262
2019/2/27,2019/2/28 20:30,0,0.04248112,-0.038811103,0.27040654
2019/2/27,2019/2/28 20:45,0.003516,0.0544778,0.014014566,0.28414387
2019/2/27,2019/2/28 21:00,0,0.075792834,0.08914034,0.3406791
2019/2/27,2019/2/28 21:15,0.196875,0.15122773,0.18199302,0.38138783
2019/2/27,2019/2/28 21:30,0.319922,0.23358507,0.2804075,0.4351011
2019/2/27,2019/2/28 21:45,0.341016,0.33994958,0.40411752,0.52420354
2019/2/27,2019/2/28 22:00,0.551953,0.465597,0.5442897,0.5275278
2019/2/27,2019/2/28 22:15,0.566016,0.63747835,0.7102471,0.5878946
2019/2/27,2019/2/28 22:30,0.73125,0.80924547,0.91115874,0.61598474
2019/2/27,2019/2/28 22:45,0.935156,1.0041097,1.0980438,0.6513457
2019/2/27,2019/2/28 23:00,1.873828,1.2269702,1.3425624,0.70473
2019/2/27,2019/2/28 23:15,1.226953,1.4653796,1.5348016,0.75160944
2019/2/27,2019/2/28 23:30,1.466016,1.6905504,1.7606634,0.82396317
2019/2/27,2019/2/28 23:45,1.750781,1.9290849,1.9846588,0.9794539
2019/2/28,2019/3/1 0:00,2.657812,2.0061307,2.5660353,2.543802
2019/2/28,2019/3/1 0:15,2.844141,2.115544,2.725737,2.6965988
2019/2/28,2019/3/1 0:30,3.121875,2.216617,2.8572865,2.8446894
2019/2/28,2019/3/1 0:45,3.287109,2.3206284,3.000323,2.8930972
2019/2/28,2019/3/1 1:00,2.309766,2.4572434,3.110974,2.895064
2019/2/28,2019/3/1 1:15,3.427734,2.5768802,3.1921184,2.8405936
2019/2/28,2019/3/1 1:30,2.211328,2.673198,3.2465053,2.8433673
2019/2/28,2019/3/1 1:45,3.469922,2.7549767,3.2645037,2.6916087
2019/2/28,2019/3/1 2:00,3.15,2.8107314,3.2865493,2.6208415
2019/2/28,2019/3/1 2:15,3.410156,2.872467,3.3180883,2.465462
2019/2/28,2019/3/1 2:30,4.151953,2.925692,3.308836,2.3164039
2019/2/28,2019/3/1 2:45,3.670312,2.9298906,3.3146882,2.1127777
2019/2/28,2019/3/1 3:00,3.596484,3.000652,3.3451917,2.0111198
2019/2/28,2019/3/1 3:15,3.723047,3.0145552,3.3087358,1.8814946
2019/2/28,2019/3/1 3:30,2.580469,3.0341454,3.2872508,1.7411338
2019/2/28,2019/3/1 3:45,2.696484,3.0287354,3.3062243,1.5738634
2019/2/28,2019/3/1 4:00,4.310156,2.9676576,3.2866905,1.449041
2019/2/28,2019/3/1 4:15,2.844141,2.9265895,3.2705336,1.3554655
2019/2/28,2019/3/1 4:30,3.483984,2.8739977,3.19325,1.2775109
2019/2/28,2019/3/1 4:45,3.596484,2.7978017,3.0663605,1.1754524
2019/2/28,2019/3/1 5:00,3.336328,2.6846037,2.9899788,1.0746788
2019/2/28,2019/3/1 5:15,3.367969,2.506655,2.8343596,1.0474735
2019/2/28,2019/3/1 5:30,3.026953,2.2990024,2.6599047,0.9742823
2019/2/28,2019/3/1 5:45,3.055078,2.1475043,2.5530975,0.8688474
2019/2/28,2019/3/1 6:00,2.896875,1.8939514,2.3171754,0.871757
2019/2/28,2019/3/1 6:15,2.735156,1.6651634,2.0525541,0.7792737
2019/2/28,2019/3/1 6:30,2.376562,1.4377489,1.8250737,0.69721675
2019/2/28,2019/3/1 6:45,1.701562,1.1952271,1.577896,0.59719425
2019/2/28,2019/3/1 7:00,2.288672,0.9904477,1.3594124,0.5717253
2019/2/28,2019/3/1 7:15,2.014453,0.783943,1.0975945,0.5381616
2019/2/28,2019/3/1 7:30,0.667969,0.58575314,0.902184,0.45309576
2019/2/28,2019/3/1 7:45,0.569531,0.44934753,0.69160956,0.41087946
2019/2/28,2019/3/1 8:00,0.569531,0.29787642,0.49944788,0.3511502
2019/2/28,2019/3/1 8:15,0.492188,0.19012088,0.34923646,0.34489214
2019/2/28,2019/3/1 8:30,0.428906,0.14089166,0.20357826,0.25457066
2019/2/28,2019/3/1 8:45,0.158203,0.097225346,0.12154736,0.23987378
2019/2/28,2019/3/1 9:00,0.035156,0.04744685,0.02431922,0.15197171
2019/2/28,2019/3/1 9:15,0,0.04721465,0.013924778,0.13841185
2019/2/28,2019/3/1 9:30,0,0.055266462,-0.043422654,0.118114546
2019/2/28,2019/3/1 9:45,0,0.045623474,-0.077538446,-0.006822163
2019/2/28,2019/3/1 10:00,0,0.053337652,-0.109139174,-0.001345696
2019/2/28,2019/3/1 10:15,0,0.05592525,-0.10254548,0.006422623
2019/2/28,2019/3/1 10:30,0,0.05314144,-0.0964278,-0.060233314
2019/2/28,2019/3/1 10:45,0,0.05636698,-0.05728066,-0.034561735
2019/2/28,2019/3/1 11:00,0,0.061197393,-0.06555118,-0.005683366
2019/2/28,2019/3/1 11:15,0,0.02833467,-0.040536016,-0.00941684
2019/2/28,2019/3/1 11:30,0,0.013897445,-0.035745457,0.001608361
2019/2/28,2019/3/1 11:45,0,0.007958874,-0.04807955,0.000970136
2019/2/28,2019/3/1 12:00,0,0.010406494,-0.028889582,-0.013376351
2019/2/28,2019/3/1 12:15,0,0.003452689,-0.03082386,-0.009510271
2019/2/28,2019/3/1 12:30,0,0.000801474,-0.01711012,0.00276017
2019/2/28,2019/3/1 12:45,0,-0.011710703,-0.02713203,-0.003947474
2019/2/28,2019/3/1 13:00,0,-0.017466426,-0.03801863,-0.006389082
2019/2/28,2019/3/1 13:15,0,-0.004817277,-0.021990858,-0.02369623
2019/2/28,2019/3/1 13:30,0,-0.003936663,-0.036998026,-0.022037914
2019/2/28,2019/3/1 13:45,0,0.028818965,-0.038220674,-0.039439194
2019/2/28,2019/3/1 14:00,0,0.031061368,-0.034458697,-0.09253526
2019/2/28,2019/3/1 14:15,0,0.046616055,-0.016452864,-0.045801777
2019/2/28,2019/3/1 14:30,0,0.067508616,-0.020862103,-0.08580479
2019/2/28,2019/3/1 14:45,0,0.079479836,-0.0192049,-0.1391925
2019/2/28,2019/3/1 15:00,0,0.08157601,-0.030883536,-0.12908645
2019/2/28,2019/3/1 15:15,0,0.09357748,-0.036826953,-0.14612591
2019/2/28,2019/3/1 15:30,0,0.08411902,-0.022598729,-0.22069055
2019/2/28,2019/3/1 15:45,0,0.06796158,-0.032062806,-0.18854669
2019/2/28,2019/3/1 16:00,0,0.03129282,-0.04936047,-0.1986805
2019/2/28,2019/3/1 16:15,0,0.005777545,-0.04148844,-0.21495357
2019/2/28,2019/3/1 16:30,0,-0.02515465,-0.04853967,-0.14333731
2019/2/28,2019/3/1 16:45,0,-0.05094991,-0.04874675,-0.13680221
2019/2/28,2019/3/1 17:00,0,-0.08129829,-0.046225823,-0.11468218
2019/2/28,2019/3/1 17:15,0,-0.08767157,-0.042489916,-0.060128637
2019/2/28,2019/3/1 17:30,0,-0.08126148,-0.04698533,-0.03153374
2019/2/28,2019/3/1 17:45,0,-0.08177216,-0.041247167,0.031213345
2019/2/28,2019/3/1 18:00,0,-0.07206425,-0.04658709,0.014300052
2019/2/28,2019/3/1 18:15,0,-0.055878505,-0.044835553,0.054044574
2019/2/28,2019/3/1 18:30,0,-0.032198735,-0.05091229,0.11722736
2019/2/28,2019/3/1 18:45,0,-0.034288943,-0.050146587,0.16085395
2019/2/28,2019/3/1 19:00,0,-0.024428658,-0.051632747,0.19615182
2019/2/28,2019/3/1 19:15,0,-0.003989339,-0.046986964,0.15534417
2019/2/28,2019/3/1 19:30,0,0.010305971,-0.051245533,0.2463469
2019/2/28,2019/3/1 19:45,0,0.032030575,-0.05183958,0.2393242
2019/2/28,2019/3/1 20:00,0,0.04075592,-0.04540998,0.25662035
2019/2/28,2019/3/1 20:15,0,0.056889553,0.008032586,0.32990637
2019/2/28,2019/3/1 20:30,0.003516,0.06609779,0.03767346,0.34649393
2019/2/28,2019/3/1 20:45,0,0.09273393,0.11091978,0.37094918
2019/2/28,2019/3/1 21:00,0.196875,0.13035294,0.20930073,0.4331504
2019/2/28,2019/3/1 21:15,0.319922,0.22222403,0.32436538,0.4793985
2019/2/28,2019/3/1 21:30,0.341016,0.32020256,0.45281804,0.5376096
2019/2/28,2019/3/1 21:45,0.551953,0.44356996,0.5965517,0.62816155
2019/2/28,2019/3/1 22:00,0.566016,0.57624096,0.7604668,0.6288507
2019/2/28,2019/3/1 22:15,0.73125,0.7609253,0.94426596,0.69455975
2019/2/28,2019/3/1 22:30,0.935156,0.9379981,1.1528907,0.7346695
2019/2/28,2019/3/1 22:45,1.873828,1.1304694,1.3422006,0.75703484
2019/2/28,2019/3/1 23:00,1.226953,1.3501099,1.5931414,0.8189949
2019/2/28,2019/3/1 23:15,1.466016,1.5843986,1.7738072,0.85961187
2019/2/28,2019/3/1 23:30,1.750781,1.801321,1.9917517,0.93982404
2019/2/28,2019/3/1 23:45,2.742188,2.0292468,2.1959403,1.1003288
2019/5/25,2019/5/26 0:00,2.844141,2.1682496,2.8563888,2.7772183
2019/5/25,2019/5/26 0:15,3.121875,2.258603,2.9911616,2.8762288
2019/5/25,2019/5/26 0:30,3.287109,2.3345194,3.1121476,2.9790685
2019/5/25,2019/5/26 0:45,2.309766,2.428645,3.239309,2.9819748
2019/5/25,2019/5/26 1:00,3.427734,2.5529907,3.3314257,2.9466136
2019/5/25,2019/5/26 1:15,2.211328,2.657113,3.4008052,2.8574195
2019/5/25,2019/5/26 1:30,3.469922,2.7419684,3.4438827,2.8363814
2019/5/25,2019/5/26 1:45,3.15,2.8114927,3.4390414,2.6661983
2019/5/25,2019/5/26 2:00,3.410156,2.857551,3.4607935,2.6020975
2019/5/25,2019/5/26 2:15,4.151953,2.906943,3.4830644,2.4449546
2019/5/25,2019/5/26 2:30,3.670312,2.949252,3.4822502,2.2975216
2019/5/25,2019/5/26 2:45,3.596484,2.9448886,3.494028,2.0907166
2019/5/25,2019/5/26 3:00,3.723047,3.000279,3.5318263,2.0004125
2019/5/25,2019/5/26 3:15,2.580469,2.994053,3.509882,1.8710645
2019/5/25,2019/5/26 3:30,2.696484,2.9907262,3.5080552,1.7299409
2019/5/25,2019/5/26 3:45,4.310156,2.955274,3.529563,1.5650212
2019/5/25,2019/5/26 4:00,2.844141,2.8653297,3.5185628,1.430788
2019/5/25,2019/5/26 4:15,3.483984,2.7887123,3.493914,1.3265957
2019/5/25,2019/5/26 4:30,3.596484,2.7009065,3.4200099,1.2521737
2019/5/25,2019/5/26 4:45,3.336328,2.5863404,3.2747312,1.1278788
2019/5/25,2019/5/26 5:00,3.367969,2.4341912,3.1852665,1.0198756
2019/5/25,2019/5/26 5:15,3.026953,2.2245727,2.9946167,0.97634745
2019/5/25,2019/5/26 5:30,3.055078,1.9938456,2.7941563,0.8983831
2019/5/25,2019/5/26 5:45,2.896875,1.8251024,2.648513,0.77176744
2019/5/25,2019/5/26 6:00,2.735156,1.5647676,2.3879027,0.77931356
2019/5/25,2019/5/26 6:15,2.376562,1.3400108,2.0904708,0.676036
2019/5/25,2019/5/26 6:30,1.701562,1.1265574,1.8202434,0.59117824
2019/5/25,2019/5/26 6:45,2.288672,0.9095141,1.5426508,0.4921558
2019/5/25,2019/5/26 7:00,2.014453,0.7391564,1.302429,0.46623194
2019/5/25,2019/5/26 7:15,0.667969,0.5702716,1.0203339,0.44540286
2019/5/25,2019/5/26 7:30,0.569531,0.4151029,0.81924546,0.36994755
2019/5/25,2019/5/26 7:45,0.569531,0.3154245,0.60253453,0.33014536
2019/5/25,2019/5/26 8:00,0.492188,0.20542872,0.41425467,0.29353142
2019/5/25,2019/5/26 8:15,0.428906,0.1274749,0.27050284,0.29040784
2019/5/25,2019/5/26 8:30,0.158203,0.107302755,0.13371816,0.21606633
2019/5/25,2019/5/26 8:45,0.035156,0.085413165,0.07710806,0.2069538
2019/5/25,2019/5/26 9:00,0,0.053691246,-0.018903613,0.1266938
2019/5/25,2019/5/26 9:15,0,0.062762514,-0.016554527,0.116808094
2019/5/25,2019/5/26 9:30,0,0.072142005,-0.063001424,0.10059193
2019/5/25,2019/5/26 9:45,0,0.06253843,-0.09409177,-0.021882607
2019/5/25,2019/5/26 10:00,0,0.067163736,-0.12024945,-0.015124708
2019/5/25,2019/5/26 10:15,0,0.063819766,-0.10493196,-0.00466999
2019/5/25,2019/5/26 10:30,0,0.056851078,-0.101009846,-0.06666523
2019/5/25,2019/5/26 10:45,0,0.05574128,-0.058568656,-0.030013222
2019/5/25,2019/5/26 11:00,0,0.055640586,-0.0712225,-0.006657891
2019/5/25,2019/5/26 11:15,0,0.020913735,-0.037026882,-0.013224616
2019/5/25,2019/5/26 11:30,0,0.008127157,-0.047242515,-0.001362851
2019/5/25,2019/5/26 11:45,0,0.003647041,-0.048785493,-0.00747388
2019/5/25,2019/5/26 12:00,0,0.007141642,-0.026983768,-0.015731245
2019/5/25,2019/5/26 12:15,0,0.003873795,-0.027750056,-0.015038213
2019/5/25,2019/5/26 12:30,0,0.004297644,-0.022860948,-0.007459672
2019/5/25,2019/5/26 12:45,0,-0.005235061,-0.03334834,-0.019415103
2019/5/25,2019/5/26 13:00,0,-0.009576112,-0.03905724,-0.018432958
2019/5/25,2019/5/26 13:15,0,0.003576949,-0.014126629,-0.035718724
2019/5/25,2019/5/26 13:30,0,0.003700212,-0.03523072,-0.032919344
2019/5/25,2019/5/26 13:45,0,0.035328515,-0.03439951,-0.045361638
2019/5/25,2019/5/26 14:00,0,0.039132465,-0.026975974,-0.09525089
2019/5/25,2019/5/26 14:15,0,0.05321541,0.000258304,-0.04364224
2019/5/25,2019/5/26 14:30,0,0.0712165,-0.010690331,-0.08437683
2019/5/25,2019/5/26 14:45,0,0.08179477,-0.015472502,-0.13256747
2019/5/25,2019/5/26 15:00,0,0.080158055,-0.025713101,-0.1203545
2019/5/25,2019/5/26 15:15,0,0.093065225,-0.03150527,-0.13597831
2019/5/25,2019/5/26 15:30,0,0.082355514,-0.016231671,-0.20270643
2019/5/25,2019/5/26 15:45,0,0.06616783,-0.03615445,-0.17455697
2019/5/25,2019/5/26 16:00,0,0.026036613,-0.047214344,-0.17787014
2019/5/25,2019/5/26 16:15,0,0.001642413,-0.039513007,-0.19280767
2019/5/25,2019/5/26 16:30,0,-0.031902328,-0.050471023,-0.12937477
2019/5/25,2019/5/26 16:45,0,-0.05306665,-0.045340016,-0.11119042
2019/5/25,2019/5/26 17:00,0,-0.083872244,-0.050481983,-0.089851975
2019/5/25,2019/5/26 17:15,0,-0.08914966,-0.03829313,-0.04427003
2019/5/25,2019/5/26 17:30,0,-0.081811376,-0.045434117,-0.016779222
2019/5/25,2019/5/26 17:45,0,-0.08348785,-0.0400329,0.04901215
2019/5/25,2019/5/26 18:00,0,-0.07187939,-0.043247852,0.025913369
2019/5/25,2019/5/26 18:15,0,-0.05050634,-0.050003298,0.066317774
2019/5/25,2019/5/26 18:30,0,-0.029773138,-0.05626245,0.13145314
2019/5/25,2019/5/26 18:45,0,-0.031239048,-0.05818028,0.15820934
2019/5/25,2019/5/26 19:00,0,-0.023862205,-0.057446808,0.19670123
2019/5/25,2019/5/26 19:15,0,-0.001996495,-0.05276119,0.14748868
2019/5/25,2019/5/26 19:30,0,0.017389864,-0.06311502,0.24183881
2019/5/25,2019/5/26 19:45,0,0.046026856,-0.06399794,0.23941948
2019/5/25,2019/5/26 20:00,0,0.06551542,-0.035049606,0.26802313
2019/5/25,2019/5/26 20:15,0.003516,0.0908535,0.013397377,0.34945872
2019/5/25,2019/5/26 20:30,0,0.111264184,0.057744183,0.3730978
2019/5/25,2019/5/26 20:45,0.196875,0.15286559,0.15151453,0.41460595
2019/5/25,2019/5/26 21:00,0.319922,0.20685373,0.2713518,0.49757144
2019/5/25,2019/5/26 21:15,0.341016,0.31703642,0.41538846,0.55825245
2019/5/25,2019/5/26 21:30,0.551953,0.4309743,0.56853205,0.6347399
2019/5/25,2019/5/26 21:45,0.566016,0.57049954,0.743465,0.74156153
2019/5/25,2019/5/26 22:00,0.73125,0.7145663,0.93081665,0.75572455
2019/5/25,2019/5/26 22:15,0.935156,0.9072635,1.1388955,0.83280236
2019/5/25,2019/5/26 22:30,1.873828,1.0912675,1.3679869,0.8926431
2019/5/25,2019/5/26 22:45,1.226953,1.2845393,1.5754048,0.910165
2019/5/25,2019/5/26 23:00,1.466016,1.500729,1.8337473,0.989128
2019/5/25,2019/5/26 23:15,1.750781,1.7328455,2.0247765,1.0297358
2019/5/25,2019/5/26 23:30,2.742188,1.9433359,2.2452302,1.1166677
2019/5/25,2019/5/26 23:45,2.844141,2.1600766,2.444883,1.2819884
2019/5/26,2019/5/27 0:00,3.121875,2.2749784,3.0465565,2.9168603
2019/5/26,2019/5/27 0:15,3.287109,2.3409374,3.15065,2.9867687
2019/5/26,2019/5/27 0:30,2.309766,2.3878767,3.2601626,3.0642848
2019/5/26,2019/5/27 0:45,3.427734,2.4651093,3.3587894,3.0408955
2019/5/26,2019/5/27 1:00,2.211328,2.568501,3.424749,2.9798434
2019/5/26,2019/5/27 1:15,3.469922,2.6521134,3.47899,2.8730905
2019/5/26,2019/5/27 1:30,3.15,2.7183952,3.4951608,2.8343422
2019/5/26,2019/5/27 1:45,3.410156,2.769621,3.4717727,2.6506913
2019/5/26,2019/5/27 2:00,4.151953,2.799836,3.4735377,2.595927
2019/5/26,2019/5/27 2:15,3.670312,2.8305078,3.483533,2.437311
2019/5/26,2019/5/27 2:30,3.596484,2.8579793,3.475451,2.290588
2019/5/26,2019/5/27 2:45,3.723047,2.8420422,3.4686828,2.0789688
2019/5/26,2019/5/27 3:00,2.580469,2.8787646,3.4947531,1.9973481
2019/5/26,2019/5/27 3:15,2.696484,2.8526511,3.457648,1.8627437
2019/5/26,2019/5/27 3:30,4.310156,2.8273232,3.4391973,1.7189419
2019/5/26,2019/5/27 3:45,2.844141,2.7676713,3.43987,1.5526147
2019/5/26,2019/5/27 4:00,3.483984,2.6563647,3.4122307,1.409475
2019/5/26,2019/5/27 4:15,3.596484,2.5557625,3.3648741,1.294003
2019/5/26,2019/5/27 4:30,3.336328,2.4466045,3.2628794,1.2215863
2019/5/26,2019/5/27 4:45,3.367969,2.3103993,3.0867271,1.0777607
2019/5/26,2019/5/27 5:00,3.026953,2.1385689,2.9674587,0.9639447
2019/5/26,2019/5/27 5:15,3.055078,1.9172618,2.761759,0.9065165
2019/5/26,2019/5/27 5:30,2.896875,1.6846383,2.5399745,0.82441586
2019/5/26,2019/5/27 5:45,2.735156,1.5181999,2.376736,0.6813723
2019/5/26,2019/5/27 6:00,2.376562,1.2691113,2.1094363,0.69213814
2019/5/26,2019/5/27 6:15,1.701562,1.0611465,1.8175137,0.5773414
2019/5/26,2019/5/27 6:30,2.288672,0.87131536,1.5437355,0.49076304
2019/5/26,2019/5/27 6:45,2.014453,0.687374,1.2825292,0.39159375
2019/5/26,2019/5/27 7:00,0.667969,0.55202067,1.0556368,0.3656583
2019/5/26,2019/5/27 7:15,0.569531,0.42010534,0.80603015,0.35280868
2019/5/26,2019/5/27 7:30,0.569531,0.3020594,0.6243133,0.28883478
2019/5/26,2019/5/27 7:45,0.492188,0.23131414,0.4452266,0.24940938
2019/5/26,2019/5/27 8:00,0.428906,0.15380013,0.28556147,0.23727648
2019/5/26,2019/5/27 8:15,0.158203,0.098659575,0.18221912,0.23414478
2019/5/26,2019/5/27 8:30,0.035156,0.09731816,0.07221731,0.17524087
2019/5/26,2019/5/27 8:45,0,0.08948623,0.036954023,0.17269392
2019/5/26,2019/5/27 9:00,0,0.06921549,-0.029667445,0.10036015
2019/5/26,2019/5/27 9:15,0,0.08254189,-0.01587084,0.09780755
2019/5/26,2019/5/27 9:30,0,0.09103021,-0.0396413,0.08770068
2019/5/26,2019/5/27 9:45,0,0.079548925,-0.06908794,-0.03194225
2019/5/26,2019/5/27 10:00,0,0.08011527,-0.0921185,-0.022670932
2019/5/26,2019/5/27 10:15,0,0.070147425,-0.08769443,-0.007443447
2019/5/26,2019/5/27 10:30,0,0.06089772,-0.07379219,-0.06517732
2019/5/26,2019/5/27 10:45,0,0.05640411,-0.048915595,-0.019179355
2019/5/26,2019/5/27 11:00,0,0.05393155,-0.061497048,-0.001722526
2019/5/26,2019/5/27 11:15,0,0.019409686,-0.03423748,-0.012501338
2019/5/26,2019/5/27 11:30,0,0.009908982,-0.047822908,-0.002402008
2019/5/26,2019/5/27 11:45,0,0.006946381,-0.049881972,-0.017115328
2019/5/26,2019/5/27 12:00,0,0.01335977,-0.035121597,-0.019395906
2019/5/26,2019/5/27 12:15,0,0.012758166,-0.03822496,-0.026007785
2019/5/26,2019/5/27 12:30,0,0.016092375,-0.03591222,-0.023923522
2019/5/26,2019/5/27 12:45,0,0.009029925,-0.04152279,-0.042312454
2019/5/26,2019/5/27 13:00,0,0.002864614,-0.04843597,-0.036974408
2019/5/26,2019/5/27 13:15,0,0.015612513,-0.027413115,-0.055402294
2019/5/26,2019/5/27 13:30,0,0.01130341,-0.034698687,-0.051514715
2019/5/26,2019/5/27 13:45,0,0.040789098,-0.035301447,-0.059637018
2019/5/26,2019/5/27 14:00,0,0.043289106,-0.022435233,-0.10571055
2019/5/26,2019/5/27 14:15,0,0.054813843,0.006736763,-0.047148813
2019/5/26,2019/5/27 14:30,0,0.07132498,-0.008713231,-0.09037177
2019/5/26,2019/5/27 14:45,0,0.08016711,-0.012242898,-0.13006479
2019/5/26,2019/5/27 15:00,0,0.07520542,-0.012183368,-0.113932535
2019/5/26,2019/5/27 15:15,0,0.08840726,-0.015740454,-0.12652548
2019/5/26,2019/5/27 15:30,0,0.077906996,-0.011825368,-0.18546197
2019/5/26,2019/5/27 15:45,0,0.062951535,-0.029998474,-0.15585598
2019/5/26,2019/5/27 16:00,0,0.02125942,-0.040933937,-0.15258732
2019/5/26,2019/5/27 16:15,0,0.001101539,-0.037796482,-0.16463247
2019/5/26,2019/5/27 16:30,0,-0.03227392,-0.03972599,-0.10852398
2019/5/26,2019/5/27 16:45,0,-0.048735805,-0.04164684,-0.080366105
2019/5/26,2019/5/27 17:00,0,-0.07794486,-0.041710354,-0.06063755
2019/5/26,2019/5/27 17:15,0,-0.08242004,-0.02770602,-0.025691546
2019/5/26,2019/5/27 17:30,0,-0.0730383,-0.032915525,0.001186173
2019/5/26,2019/5/27 17:45,0,-0.07618594,-0.03467986,0.06351019
2019/5/26,2019/5/27 18:00,0,-0.061888903,-0.029135555,0.03262113
2019/5/26,2019/5/27 18:15,0,-0.035956785,-0.035193644,0.072091356
2019/5/26,2019/5/27 18:30,0,-0.016956098,-0.038767546,0.13481407
2019/5/26,2019/5/27 18:45,0,-0.017137393,-0.041187294,0.14389232
2019/5/26,2019/5/27 19:00,0,-0.011710428,-0.03316547,0.18538934
2019/5/26,2019/5/27 19:15,0,0.013601892,-0.02930141,0.12783964
2019/5/26,2019/5/27 19:30,0,0.03919369,-0.031321906,0.22657259
2019/5/26,2019/5/27 19:45,0,0.07601887,-0.02563135,0.23307429
2019/5/26,2019/5/27 20:00,0.003516,0.10697945,0.021612743,0.27464998
2019/5/26,2019/5/27 20:15,0,0.14061382,0.074318975,0.37055123
2019/5/26,2019/5/27 20:30,0.196875,0.17259425,0.1483944,0.40525076
2019/5/26,2019/5/27 20:45,0.319922,0.22731614,0.26775417,0.4648296
2019/5/26,2019/5/27 21:00,0.341016,0.2960878,0.39483804,0.5678375
2019/5/26,2019/5/27 21:15,0.551953,0.4247835,0.5581848,0.6484705
2019/5/26,2019/5/27 21:30,0.566016,0.55280983,0.7253822,0.74049544
2019/5/26,2019/5/27 21:45,0.73125,0.7059125,0.9174103,0.86469793
2019/5/26,2019/5/27 22:00,0.935156,0.8610968,1.1071607,0.89110386
2019/5/26,2019/5/27 22:15,1.873828,1.0604699,1.3208711,0.9745559
2019/5/26,2019/5/27 22:30,1.226953,1.2514219,1.5493913,1.046669
2019/5/26,2019/5/27 22:45,1.466016,1.4459577,1.7582,1.0533491
2019/5/26,2019/5/27 23:00,1.750781,1.6597545,2.0115404,1.1398602
2019/5/26,2019/5/27 23:15,2.742188,1.8890405,2.1862469,1.1727091
2019/5/26,2019/5/27 23:30,2.844141,2.094071,2.398353,1.259621
2019/5/26,2019/5/27 23:45,3.065625,2.3011463,2.587259,1.4241977
2019/5/27,2019/5/28 0:00,3.287109,2.3332145,3.174153,3.0089521
2019/5/27,2019/5/28 0:15,2.309766,2.3815043,3.24646,3.0567918
2019/5/27,2019/5/28 0:30,3.427734,2.4073129,3.3373196,3.1128392
2019/5/27,2019/5/28 0:45,2.211328,2.4706218,3.40572,3.071814
2019/5/27,2019/5/28 1:00,3.469922,2.5583112,3.4476483,2.9826105
2019/5/27,2019/5/28 1:15,3.15,2.6286101,3.4804833,2.8714602
2019/5/27,2019/5/28 1:30,3.410156,2.6794336,3.4751587,2.8071196
2019/5/27,2019/5/28 1:45,4.151953,2.718888,3.432027,2.6170375
2019/5/27,2019/5/28 2:00,3.670312,2.7393997,3.4209774,2.56571
2019/5/27,2019/5/28 2:15,3.596484,2.7556648,3.4199328,2.4010851
2019/5/27,2019/5/28 2:30,3.723047,2.7730014,3.4047341,2.2550864
2019/5/27,2019/5/28 2:45,2.580469,2.748954,3.3834488,2.0412602
2019/5/27,2019/5/28 3:00,2.696484,2.7740376,3.3934486,1.9600607
2019/5/27,2019/5/28 3:15,4.310156,2.7354465,3.347217,1.8171695
2019/5/27,2019/5/28 3:30,2.844141,2.6987557,3.3116438,1.6737803
2019/5/27,2019/5/28 3:45,3.483984,2.628824,3.2894542,1.5027584
2019/5/27,2019/5/28 4:00,3.596484,2.5098193,3.2396789,1.3500438
2019/5/27,2019/5/28 4:15,3.336328,2.4003463,3.16457,1.2257986
2019/5/27,2019/5/28 4:30,3.367969,2.287023,3.0371027,1.1524454
2019/5/27,2019/5/28 4:45,3.026953,2.1474297,2.8275208,1.0047355
2019/5/27,2019/5/28 5:00,3.055078,1.9737616,2.6698945,0.89045894
2019/5/27,2019/5/28 5:15,2.896875,1.7540134,2.4370623,0.8329123
2019/5/27,2019/5/28 5:30,2.735156,1.5284047,2.1815178,0.75620204
2019/5/27,2019/5/28 5:45,2.376562,1.3707798,1.9957664,0.61381924
2019/5/27,2019/5/28 6:00,1.701562,1.1301473,1.7186973,0.63519645
2019/5/27,2019/5/28 6:15,2.288672,0.9328771,1.4311842,0.5133561
2019/5/27,2019/5/28 6:30,2.014453,0.754871,1.15467,0.43041182
2019/5/27,2019/5/28 6:45,0.667969,0.58830434,0.9117685,0.33270055
2019/5/27,2019/5/28 7:00,0.569531,0.46653026,0.7038002,0.31325716
2019/5/27,2019/5/28 7:15,0.569531,0.35141975,0.49164596,0.29759526
2019/5/27,2019/5/28 7:30,0.492188,0.24932508,0.3442988,0.24154979
2019/5/27,2019/5/28 7:45,0.428906,0.19181655,0.20948769,0.19260299
2019/5/27,2019/5/28 8:00,0.158203,0.13007371,0.100508444,0.19143775
2019/5/27,2019/5/28 8:15,0.035156,0.08659066,0.04253688,0.17972705
2019/5/27,2019/5/28 8:30,0,0.09483491,-0.027743801,0.12975293
2019/5/27,2019/5/28 8:45,0,0.09576711,-0.02165369,0.12817225
2019/5/27,2019/5/28 9:00,0,0.082595296,-0.052331,0.060784705
2019/5/27,2019/5/28 9:15,0,0.09944682,-0.016887888,0.07339959
2019/5/27,2019/5/28 9:30,0,0.108707614,-0.020400444,0.06495777
2019/5/27,2019/5/28 9:45,0,0.09547297,-0.039050646,-0.05150178
2019/5/27,2019/5/28 10:00,0,0.09365551,-0.049974907,-0.035873607
2019/5/27,2019/5/28 10:15,0,0.07772318,-0.047372155,-0.016632196
2019/5/27,2019/5/28 10:30,0,0.06791513,-0.030307874,-0.06806162
2019/5/27,2019/5/28 10:45,0,0.06039952,-0.02023638,-0.014849603
2019/5/27,2019/5/28 11:00,0,0.0567336,-0.033560343,0.000145702
2019/5/27,2019/5/28 11:15,0,0.024594821,-0.011232689,-0.009806682
2019/5/27,2019/5/28 11:30,0,0.018771112,-0.03256482,0.000825997
2019/5/27,2019/5/28 11:45,0,0.01640673,-0.03496158,-0.020030167
2019/5/27,2019/5/28 12:00,0,0.027591743,-0.025575042,-0.015586708
2019/5/27,2019/5/28 12:15,0,0.026797935,-0.029912833,-0.029098768
2019/5/27,2019/5/28 12:30,0,0.032626644,-0.032137934,-0.028912267
2019/5/27,2019/5/28 12:45,0,0.027724363,-0.03770035,-0.052478693
2019/5/27,2019/5/28 13:00,0,0.017836802,-0.03928879,-0.046441566
2019/5/27,2019/5/28 13:15,0,0.0300764,-0.023789532,-0.0629684
2019/5/27,2019/5/28 13:30,0,0.019456185,-0.025699817,-0.063078366
2019/5/27,2019/5/28 13:45,0,0.04675904,-0.027288228,-0.06887654
2019/5/27,2019/5/28 14:00,0,0.045296818,-0.009903505,-0.109562516
2019/5/27,2019/5/28 14:15,0,0.052342825,0.017902963,-0.045806017
2019/5/27,2019/5/28 14:30,0,0.06737859,0.002336144,-0.09380226
2019/5/27,2019/5/28 14:45,0,0.07302919,-0.007282406,-0.122421876
2019/5/27,2019/5/28 15:00,0,0.0638808,-0.00294517,-0.10433614
2019/5/27,2019/5/28 15:15,0,0.07535435,-0.000536948,-0.11281721
2019/5/27,2019/5/28 15:30,0,0.06574031,-0.003598988,-0.16687492
2019/5/27,2019/5/28 15:45,0,0.054081075,-0.024441145,-0.13401711
2019/5/27,2019/5/28 16:00,0,0.013435334,-0.031678736,-0.12847297
2019/5/27,2019/5/28 16:15,0,0.001001246,-0.037143588,-0.13944691
2019/5/27,2019/5/28 16:30,0,-0.029738978,-0.027840301,-0.093302205
2019/5/27,2019/5/28 16:45,0,-0.04259237,-0.03545049,-0.054737166
2019/5/27,2019/5/28 17:00,0,-0.06869081,-0.039397024,-0.036357082
2019/5/27,2019/5/28 17:15,0,-0.072082095,-0.022593133,-0.014325917
2019/5/27,2019/5/28 17:30,0,-0.060702913,-0.027023159,0.012216922
2019/5/27,2019/5/28 17:45,0,-0.066762045,-0.03697437,0.0677605
2019/5/27,2019/5/28 18:00,0,-0.050195947,-0.02518076,0.029978426
2019/5/27,2019/5/28 18:15,0,-0.022641078,-0.033491045,0.06690602
2019/5/27,2019/5/28 18:30,0,-0.004609585,-0.036775395,0.12771015
2019/5/27,2019/5/28 18:45,0,-0.001420967,-0.033733554,0.12182396
2019/5/27,2019/5/28 19:00,0,0.003403731,-0.021309586,0.16734332
2019/5/27,2019/5/28 19:15,0,0.035918266,-0.02006732,0.104374975
2019/5/27,2019/5/28 19:30,0,0.07047393,-0.0077115,0.20913483
2019/5/27,2019/5/28 19:45,0.003516,0.119247116,0.00129449,0.23276347
2019/5/27,2019/5/28 20:00,0,0.1619859,0.07013575,0.29032442
2019/5/27,2019/5/28 20:15,0.196875,0.20398554,0.12380491,0.4087895
2019/5/27,2019/5/28 20:30,0.319922,0.24675617,0.21646261,0.46151018
2019/5/27,2019/5/28 20:45,0.341016,0.31140783,0.36192152,0.53676856
2019/5/27,2019/5/28 21:00,0.551953,0.3911075,0.49677706,0.66147184
2019/5/27,2019/5/28 21:15,0.566016,0.53254014,0.67674124,0.76608336
2019/5/27,2019/5/28 21:30,0.73125,0.66798353,0.85938436,0.870424
2019/5/27,2019/5/28 21:45,0.935156,0.82701993,1.0607486,1.0042576
2019/5/27,2019/5/28 22:00,1.873828,0.986806,1.254886,1.0400926
2019/5/27,2019/5/28 22:15,1.226953,1.1861562,1.476826,1.1179245
2019/5/27,2019/5/28 22:30,1.466016,1.3778902,1.7006083,1.1893595
2019/5/27,2019/5/28 22:45,1.750781,1.569283,1.9056785,1.1741018
2019/5/27,2019/5/28 23:00,2.742188,1.7777561,2.1494713,1.2585466
2019/5/27,2019/5/28 23:15,2.844141,2.001219,2.3114886,1.273041
2019/5/27,2019/5/28 23:30,3.065625,2.1979318,2.507934,1.3484443
2019/5/27,2019/5/28 23:45,3.258984,2.3972075,2.6757452,1.5072823
2019/5/28,2019/5/29 0:00,2.309766,2.418715,3.357707,3.1452
2019/5/28,2019/5/29 0:15,3.427734,2.4591494,3.3851166,3.1607182
2019/5/28,2019/5/29 0:30,2.211328,2.4740667,3.4464018,3.1863868
2019/5/28,2019/5/29 0:45,3.469922,2.5285501,3.4713821,3.1226497
2019/5/28,2019/5/29 1:00,3.15,2.611462,3.4945683,2.9944758
2019/5/28,2019/5/29 1:15,3.410156,2.6767933,3.4919114,2.8792353
2019/5/28,2019/5/29 1:30,4.151953,2.718406,3.475278,2.778729
2019/5/28,2019/5/29 1:45,3.670312,2.7560399,3.4239411,2.5826848
2019/5/28,2019/5/29 2:00,3.596484,2.7744424,3.3949792,2.5285976
2019/5/28,2019/5/29 2:15,3.723047,2.7831645,3.3948236,2.3519595
2019/5/28,2019/5/29 2:30,2.580469,2.7968545,3.3747556,2.204487
2019/5/28,2019/5/29 2:45,2.696484,2.7701228,3.3519716,1.9879225
2019/5/28,2019/5/29 3:00,4.310156,2.794689,3.3466043,1.9004071
2019/5/28,2019/5/29 3:15,2.844141,2.7536957,3.3036783,1.747938
2019/5/28,2019/5/29 3:30,3.483984,2.7157876,3.2573864,1.6072153
2019/5/28,2019/5/29 3:45,3.596484,2.648961,3.2259157,1.4291682
2019/5/28,2019/5/29 4:00,3.336328,2.533462,3.1678586,1.2651606
2019/5/28,2019/5/29 4:15,3.367969,2.4275486,3.0759275,1.132715
2019/5/28,2019/5/29 4:30,3.026953,2.3219907,2.9372382,1.0588245
2019/5/28,2019/5/29 4:45,3.055078,2.19213,2.7133937,0.9162023
2019/5/28,2019/5/29 5:00,2.896875,2.026021,2.5414438,0.8034426
2019/5/28,2019/5/29 5:15,2.735156,1.8121703,2.2943347,0.7553612
2019/5/28,2019/5/29 5:30,2.376562,1.592882,2.0342436,0.6889599
2019/5/28,2019/5/29 5:45,1.701562,1.4397355,1.8394121,0.5568826
2019/5/28,2019/5/29 6:00,2.288672,1.1946671,1.5623276,0.5957057
2019/5/28,2019/5/29 6:15,2.014453,0.99314535,1.2861434,0.47080576
2019/5/28,2019/5/29 6:30,0.667969,0.8069302,1.0155687,0.3959042
2019/5/28,2019/5/29 6:45,0.569531,0.6356185,0.78697145,0.30091313
2019/5/28,2019/5/29 7:00,0.569531,0.5005502,0.596158,0.29392266
2019/5/28,2019/5/29 7:15,0.492188,0.3775737,0.3968854,0.26993692
2019/5/28,2019/5/29 7:30,0.428906,0.26723847,0.2711344,0.21807814
2019/5/28,2019/5/29 7:45,0.158203,0.20525752,0.15186271,0.1546205
2019/5/28,2019/5/29 8:00,0.035156,0.13988733,0.059926093,0.1546313
2019/5/28,2019/5/29 8:15,0,0.09470542,0.023921426,0.12962075
2019/5/28,2019/5/29 8:30,0,0.10299483,-0.03234969,0.0839836
2019/5/28,2019/5/29 8:45,0,0.10599692,-0.008792044,0.07911174
2019/5/28,2019/5/29 9:00,0,0.095211126,-0.033261783,0.012747555
2019/5/28,2019/5/29 9:15,0,0.11612288,-0.002688982,0.04410678
2019/5/28,2019/5/29 9:30,0,0.12744394,0.000495967,0.034628317
2019/5/28,2019/5/29 9:45,0,0.111966744,-0.012898855,-0.08010864
2019/5/28,2019/5/29 10:00,0,0.11031899,-0.0312677,-0.055547133
2019/5/28,2019/5/29 10:15,0,0.089631334,-0.030279972,-0.033374928
2019/5/28,2019/5/29 10:30,0,0.07921146,-0.01346831,-0.078272626
2019/5/28,2019/5/29 10:45,0,0.06770487,-0.010332502,-0.018613566
2019/5/28,2019/5/29 11:00,0,0.060855716,-0.02428738,-0.004162695
2019/5/28,2019/5/29 11:15,0,0.030191522,-0.004598178,-0.009741708
2019/5/28,2019/5/29 11:30,0,0.025024323,-0.03212101,0.004220912
2019/5/28,2019/5/29 11:45,0,0.020857332,-0.026506104,-0.020838976
2019/5/28,2019/5/29 12:00,0,0.0359182,-0.014224321,-0.008651044
2019/5/28,2019/5/29 12:15,0,0.031335667,-0.015053596,-0.028585274
2019/5/28,2019/5/29 12:30,0,0.03940086,-0.015134681,-0.027863657
2019/5/28,2019/5/29 12:45,0,0.037027027,-0.016212214,-0.056154143
2019/5/28,2019/5/29 13:00,0,0.02428025,-0.014261588,-0.052410025
2019/5/28,2019/5/29 13:15,0,0.038514458,0.001152813,-0.06606598
2019/5/28,2019/5/29 13:30,0,0.023908839,-0.003519855,-0.07368776
2019/5/28,2019/5/29 13:45,0,0.05166903,-0.002353206,-0.07872874
2019/5/28,2019/5/29 14:00,0,0.046959683,0.015546501,-0.11325036
2019/5/28,2019/5/29 14:15,0,0.050309215,0.042137466,-0.045252
2019/5/28,2019/5/29 14:30,0,0.06454982,0.016944796,-0.096715525
2019/5/28,2019/5/29 14:45,0,0.06655912,0.00400354,-0.11359663
2019/5/28,2019/5/29 15:00,0,0.05236344,0.00950855,-0.09322448
2019/5/28,2019/5/29 15:15,0,0.060500413,0.006776735,-0.096126914
2019/5/28,2019/5/29 15:30,0,0.050226144,0.002762437,-0.14611608
2019/5/28,2019/5/29 15:45,0,0.041631367,-0.017327785,-0.10940709
2019/5/28,2019/5/29 16:00,0,0.001107812,-0.026720345,-0.10337712
2019/5/28,2019/5/29 16:15,0,-0.003752619,-0.041139573,-0.114584915
2019/5/28,2019/5/29 16:30,0,-0.033691943,-0.02904962,-0.07878707
2019/5/28,2019/5/29 16:45,0,-0.044550814,-0.036739536,-0.028763019
2019/5/28,2019/5/29 17:00,0,-0.06956141,-0.04523536,-0.011571743
2019/5/28,2019/5/29 17:15,0,-0.07161521,-0.027709916,-0.003303103
2019/5/28,2019/5/29 17:30,0,-0.0594626,-0.030665971,0.022146922
2019/5/28,2019/5/29 17:45,0,-0.06869839,-0.04051517,0.07191774
2019/5/28,2019/5/29 18:00,0,-0.049303368,-0.036625825,0.026288543
2019/5/28,2019/5/29 18:15,0,-0.020188369,-0.046008363,0.059019804
2019/5/28,2019/5/29 18:30,0,-0.000573069,-0.042343065,0.11996029
2019/5/28,2019/5/29 18:45,0,0.011215821,-0.04071644,0.100787416
2019/5/28,2019/5/29 19:00,0,0.019527316,-0.012416901,0.15192708
2019/5/28,2019/5/29 19:15,0,0.06426374,0.000678288,0.08530994
2019/5/28,2019/5/29 19:30,0.003516,0.111829095,0.02242314,0.19878058
2019/5/28,2019/5/29 19:45,0,0.17744996,0.04790603,0.24346225
2019/5/28,2019/5/29 20:00,0.196875,0.23355144,0.14167587,0.3198789
2019/5/28,2019/5/29 20:15,0.319922,0.28556377,0.21181668,0.46578166
2019/5/28,2019/5/29 20:30,0.341016,0.33816117,0.3238838,0.5402242
2019/5/28,2019/5/29 20:45,0.551953,0.40965435,0.49820685,0.6299059
2019/5/28,2019/5/29 21:00,0.566016,0.49540773,0.6552102,0.77849156
2019/5/28,2019/5/29 21:15,0.73125,0.64199793,0.8687636,0.9051198
2019/5/28,2019/5/29 21:30,0.935156,0.7763605,1.0664783,1.0182084
2019/5/28,2019/5/29 21:45,1.873828,0.9325855,1.2870469,1.1529502
2019/5/28,2019/5/29 22:00,1.226953,1.0879115,1.4909271,1.1925861
2019/5/28,2019/5/29 22:15,1.466016,1.2763319,1.7226558,1.2543123
2019/5/28,2019/5/29 22:30,1.750781,1.4581252,1.93958,1.3145471
2019/5/28,2019/5/29 22:45,2.742188,1.6384695,2.1339967,1.2701576
2019/5/28,2019/5/29 23:00,2.844141,1.8337415,2.3575375,1.3444859
2019/5/28,2019/5/29 23:15,3.065625,2.047341,2.503421,1.335604
2019/5/28,2019/5/29 23:30,3.258984,2.2293472,2.6701505,1.390966
2019/5/28,2019/5/29 23:45,3.406641,2.419767,2.8085265,1.5424149
2019/5/29,2019/5/30 0:00,3.427734,2.5691447,3.5397546,3.2035143
2019/5/29,2019/5/30 0:15,2.211328,2.609912,3.5338287,3.196973
2019/5/29,2019/5/30 0:30,3.469922,2.6191468,3.5728488,3.199857
2019/5/29,2019/5/30 0:45,3.15,2.666561,3.5700736,3.1218755
2019/5/29,2019/5/30 1:00,3.410156,2.746753,3.5725074,2.9713156
2019/5/29,2019/5/30 1:15,4.151953,2.8065393,3.544898,2.8575
2019/5/29,2019/5/30 1:30,3.670312,2.8380094,3.513438,2.7320704
2019/5/29,2019/5/30 1:45,3.596484,2.8726344,3.4521916,2.5350385
2019/5/29,2019/5/30 2:00,3.723047,2.8849332,3.4083238,2.4785364
2019/5/29,2019/5/30 2:15,2.580469,2.8815043,3.3991406,2.295977
2019/5/29,2019/5/30 2:30,2.696484,2.8861606,3.3684564,2.148931
2019/5/29,2019/5/30 2:45,4.310156,2.852901,3.335688,1.9307731
2019/5/29,2019/5/30 3:00,2.844141,2.872085,3.3221726,1.8386817
2019/5/29,2019/5/30 3:15,3.483984,2.8267934,3.2706223,1.6791054
2019/5/29,2019/5/30 3:30,3.596484,2.7855675,3.2116838,1.535016
2019/5/29,2019/5/30 3:45,3.336328,2.7213197,3.1740758,1.3595622
2019/5/29,2019/5/30 4:00,3.367969,2.607083,3.1046362,1.1932971
2019/5/29,2019/5/30 4:15,3.026953,2.5053954,3.0102232,1.0577636
2019/5/29,2019/5/30 4:30,3.055078,2.4074905,2.8630369,0.98468333
2019/5/29,2019/5/30 4:45,2.896875,2.2894266,2.6282463,0.8448785
2019/5/29,2019/5/30 5:00,2.735156,2.129915,2.4549437,0.74006647
2019/5/29,2019/5/30 5:15,2.376562,1.9216887,2.2053661,0.6965942
2019/5/29,2019/5/30 5:30,1.701562,1.7067021,1.9459465,0.634757
2019/5/29,2019/5/30 5:45,2.288672,1.5554237,1.7549205,0.5118703
2019/5/29,2019/5/30 6:00,2.014453,1.3033792,1.4848139,0.5569524
2019/5/29,2019/5/30 6:15,0.667969,1.0936569,1.2168549,0.43731245
2019/5/29,2019/5/30 6:30,0.569531,0.8945129,0.95985925,0.36362147
2019/5/29,2019/5/30 6:45,0.569531,0.7140913,0.7448563,0.27610245
2019/5/29,2019/5/30 7:00,0.492188,0.56035274,0.5691704,0.27731436
2019/5/29,2019/5/30 7:15,0.428906,0.42289618,0.38071987,0.24488018
2019/5/29,2019/5/30 7:30,0.158203,0.29891998,0.2697018,0.20077401
2019/5/29,2019/5/30 7:45,0.035156,0.22799282,0.15956566,0.13083574
2019/5/29,2019/5/30 8:00,0,0.15325548,0.07838468,0.13333866
2019/5/29,2019/5/30 8:15,0,0.10201515,0.048960272,0.1033574
2019/5/29,2019/5/30 8:30,0,0.10755597,0.000136875,0.06410913
2019/5/29,2019/5/30 8:45,0,0.11038144,0.02227402,0.060335267
2019/5/29,2019/5/30 9:00,0,0.09982492,0.000641618,0.001441173
2019/5/29,2019/5/30 9:15,0,0.12530494,0.023105398,0.041985888
2019/5/29,2019/5/30 9:30,0,0.13906229,0.032614775,0.030356603
2019/5/29,2019/5/30 9:45,0,0.122338116,0.011509512,-0.07678701
2019/5/29,2019/5/30 10:00,0,0.12351757,-0.01347867,-0.04961869
2019/5/29,2019/5/30 10:15,0,0.09954345,-0.016160376,-0.031067573
2019/5/29,2019/5/30 10:30,0,0.08938359,-0.004625738,-0.07341796
2019/5/29,2019/5/30 10:45,0,0.07438837,-0.000640608,-0.018710107
2019/5/29,2019/5/30 11:00,0,0.063375294,-0.015984118,-0.007313367
2019/5/29,2019/5/30 11:15,0,0.034448557,-0.002216913,-0.01786973
2019/5/29,2019/5/30 11:30,0,0.02898413,-0.025736108,-0.002459597
2019/5/29,2019/5/30 11:45,0,0.02298326,-0.02084905,-0.03318262
2019/5/29,2019/5/30 12:00,0,0.041522652,-0.008366264,-0.01698928
2019/5/29,2019/5/30 12:15,0,0.03269942,-0.004914247,-0.042839825
2019/5/29,2019/5/30 12:30,0,0.04364595,-0.007184822,-0.039270595
2019/5/29,2019/5/30 12:45,0,0.044251125,-0.001826316,-0.06717313
2019/5/29,2019/5/30 13:00,0,0.030004226,-4.48E-05,-0.0632046
2019/5/29,2019/5/30 13:15,0,0.046548225,0.014146004,-0.069085926
2019/5/29,2019/5/30 13:30,0,0.029336162,0.009459078,-0.07940465
2019/5/29,2019/5/30 13:45,0,0.058073528,0.01731579,-0.08112078
2019/5/29,2019/5/30 14:00,0,0.04978777,0.030296832,-0.10847482
2019/5/29,2019/5/30 14:15,0,0.049351886,0.06056396,-0.04019426
2019/5/29,2019/5/30 14:30,0,0.061810046,0.03323944,-0.09489639
2019/5/29,2019/5/30 14:45,0,0.060460985,0.024598762,-0.10324818
2019/5/29,2019/5/30 15:00,0,0.04165943,0.029943213,-0.084550425
2019/5/29,2019/5/30 15:15,0,0.047079362,0.025752485,-0.08460294
2019/5/29,2019/5/30 15:30,0,0.03687319,0.027309388,-0.13188964
2019/5/29,2019/5/30 15:45,0,0.032463904,0.010958541,-0.0927249
2019/5/29,2019/5/30 16:00,0,-0.006976508,-0.007559113,-0.08962101
2019/5/29,2019/5/30 16:15,0,-0.003987804,-0.022079855,-0.09803862
2019/5/29,2019/5/30 16:30,0,-0.03235136,-0.006998375,-0.07035439
2019/5/29,2019/5/30 16:45,0,-0.041073732,-0.015958272,-0.012534447
2019/5/29,2019/5/30 17:00,0,-0.06481792,-0.03058841,0.004355133
2019/5/29,2019/5/30 17:15,0,-0.06560345,-0.019242726,0.006143782
2019/5/29,2019/5/30 17:30,0,-0.0537586,-0.01501105,0.03611695
2019/5/29,2019/5/30 17:45,0,-0.0664978,-0.033485442,0.080147296
2019/5/29,2019/5/30 18:00,0,-0.0446219,-0.031436875,0.0357476
2019/5/29,2019/5/30 18:15,0,-0.015655227,-0.03489784,0.0661395
2019/5/29,2019/5/30 18:30,0,0.005882271,-0.023112684,0.12769632
2019/5/29,2019/5/30 18:45,0,0.027858026,-0.015836883,0.10483354
2019/5/29,2019/5/30 19:00,0,0.041068,0.03158798,0.16012245
2019/5/29,2019/5/30 19:15,0.003516,0.10038107,0.063224375,0.096865155
2019/5/29,2019/5/30 19:30,0,0.16212918,0.11011748,0.21485877
2019/5/29,2019/5/30 19:45,0.196875,0.24634804,0.15811081,0.2768545
2019/5/29,2019/5/30 20:00,0.319922,0.31868842,0.27471235,0.36388335
2019/5/29,2019/5/30 20:15,0.341016,0.38294995,0.37349194,0.5314835
2019/5/29,2019/5/30 20:30,0.551953,0.44763398,0.5067066,0.6216738
2019/5/29,2019/5/30 20:45,0.566016,0.5264612,0.7089501,0.71729803
2019/5/29,2019/5/30 21:00,0.73125,0.6174487,0.88689905,0.87829655
2019/5/29,2019/5/30 21:15,0.935156,0.76538694,1.1222231,1.0204256
2019/5/29,2019/5/30 21:30,1.873828,0.8931885,1.3320725,1.1326076
2019/5/29,2019/5/30 21:45,1.226953,1.039967,1.5670056,1.2637464
2019/5/29,2019/5/30 22:00,1.466016,1.1845012,1.7809198,1.3038292
2019/5/29,2019/5/30 22:15,1.750781,1.3520644,2.0181596,1.348887
2019/5/29,2019/5/30 22:30,2.742188,1.5158052,2.23096,1.3966708
2019/5/29,2019/5/30 22:45,2.844141,1.676119,2.4160135,1.3319947
2019/5/29,2019/5/30 23:00,3.065625,1.8507895,2.6243865,1.3952976
2019/5/29,2019/5/30 23:15,3.258984,2.047183,2.755232,1.3700684
2019/5/29,2019/5/30 23:30,3.406641,2.2073872,2.9007068,1.4110206
2019/5/29,2019/5/30 23:45,3.6,2.3830752,3.0174356,1.5575898
2019/5/30,2019/5/31 0:00,2.211328,2.78094,3.4237452,3.1978016
2019/5/30,2019/5/31 0:15,3.469922,2.8237953,3.4080706,3.1844351
2019/5/30,2019/5/31 0:30,3.15,2.825259,3.4358335,3.1729665
2019/5/30,2019/5/31 0:45,3.410156,2.860538,3.4212723,3.0935957
2019/5/30,2019/5/31 1:00,4.151953,2.9302704,3.4228792,2.9310431
2019/5/30,2019/5/31 1:15,3.670312,2.9744947,3.3841324,2.82785
2019/5/30,2019/5/31 1:30,3.596484,2.9874187,3.3559117,2.6849098
2019/5/30,2019/5/31 1:45,3.723047,3.0110812,3.3049078,2.4889042
2019/5/30,2019/5/31 2:00,2.580469,3.0089767,3.2539768,2.4273632
2019/5/30,2019/5/31 2:15,2.696484,2.9852176,3.2440095,2.2422268
2019/5/30,2019/5/31 2:30,4.310156,2.9722404,3.1908367,2.0918052
2019/5/30,2019/5/31 2:45,2.844141,2.926025,3.1355412,1.8732786
2019/5/30,2019/5/31 3:00,3.483984,2.9289784,3.099334,1.7758421
2019/5/30,2019/5/31 3:15,3.596484,2.8721886,3.0145237,1.6108952
2019/5/30,2019/5/31 3:30,3.336328,2.819279,2.9125757,1.4624919
2019/5/30,2019/5/31 3:45,3.367969,2.7459576,2.8413873,1.2947538
2019/5/30,2019/5/31 4:00,3.026953,2.6205432,2.7288394,1.1310247
2019/5/30,2019/5/31 4:15,3.055078,2.5120406,2.6082923,0.9927074
2019/5/30,2019/5/31 4:30,2.896875,2.4088757,2.4222531,0.9202344
2019/5/30,2019/5/31 4:45,2.735156,2.2917345,2.17944,0.7860009
2019/5/30,2019/5/31 5:00,2.376562,2.1269712,1.9937187,0.6853346
2019/5/30,2019/5/31 5:15,1.701562,1.9150327,1.7522316,0.6440035
2019/5/30,2019/5/31 5:30,2.288672,1.6974866,1.506821,0.5800791
2019/5/30,2019/5/31 5:45,2.014453,1.5464233,1.3389077,0.4646656
2019/5/30,2019/5/31 6:00,0.667969,1.2920457,1.0891894,0.5058525
2019/5/30,2019/5/31 6:15,0.569531,1.0791099,0.86698055,0.39396247
2019/5/30,2019/5/31 6:30,0.569531,0.877372,0.663435,0.318466
2019/5/30,2019/5/31 6:45,0.492188,0.7009766,0.50366414,0.23734751
2019/5/30,2019/5/31 7:00,0.428906,0.54410964,0.3686029,0.24514918
2019/5/30,2019/5/31 7:15,0.158203,0.40687704,0.22313988,0.20147681
2019/5/30,2019/5/31 7:30,0.035156,0.28451204,0.15318444,0.16574383
2019/5/30,2019/5/31 7:45,0,0.21637647,0.076616764,0.092579685
2019/5/30,2019/5/31 8:00,0,0.14288704,0.029445693,0.0973718
2019/5/30,2019/5/31 8:15,0,0.09239641,0.023664687,0.06762961
2019/5/30,2019/5/31 8:30,0,0.10130721,-0.011393987,0.036506232
2019/5/30,2019/5/31 8:45,0,0.106888205,0.015355643,0.037389062
2019/5/30,2019/5/31 9:00,0,0.09731143,0.006837808,-0.008240411
2019/5/30,2019/5/31 9:15,0,0.12819587,0.03541469,0.041667573
2019/5/30,2019/5/31 9:30,0,0.14337559,0.047504157,0.035107587
2019/5/30,2019/5/31 9:45,0,0.12613887,0.038817964,-0.056307927
2019/5/30,2019/5/31 10:00,0,0.13102673,0.023324488,-0.024423856
2019/5/30,2019/5/31 10:15,0,0.103017315,0.019075941,-0.004736353
2019/5/30,2019/5/31 10:30,0,0.09285942,0.02224522,-0.04240917
2019/5/30,2019/5/31 10:45,0,0.07504207,0.034422055,0.005596163
2019/5/30,2019/5/31 11:00,0,0.058742784,0.01762757,0.017635353
2019/5/30,2019/5/31 11:15,0,0.03165117,0.020063326,0.000821936
2019/5/30,2019/5/31 11:30,0,0.025366971,0.005992942,0.019342456
2019/5/30,2019/5/31 11:45,0,0.017311927,0.000243444,-0.017863777
2019/5/30,2019/5/31 12:00,0,0.03963849,0.008866116,0.000390422
2019/5/30,2019/5/31 12:15,0,0.028423727,0.008869004,-0.033033226
2019/5/30,2019/5/31 12:30,0,0.043008327,0.006525636,-0.02779488
2019/5/30,2019/5/31 12:45,0,0.047861766,0.012626648,-0.058390953
2019/5/30,2019/5/31 13:00,0,0.033659145,0.006726995,-0.056591317
2019/5/30,2019/5/31 13:15,0,0.052369006,0.015208419,-0.0619165
2019/5/30,2019/5/31 13:30,0,0.033331968,0.009312265,-0.076085985
2019/5/30,2019/5/31 13:45,0,0.064119905,0.02035366,-0.08065298
2019/5/30,2019/5/31 14:00,0,0.0516562,0.029274523,-0.09983894
2019/5/30,2019/5/31 14:15,0,0.04714528,0.04743723,-0.037565757
2019/5/30,2019/5/31 14:30,0,0.05726014,0.03167177,-0.09390631
2019/5/30,2019/5/31 14:45,0,0.05208348,0.023620918,-0.096188575
2019/5/30,2019/5/31 15:00,0,0.030182153,0.03710763,-0.082727924
2019/5/30,2019/5/31 15:15,0,0.033441305,0.037409298,-0.082491666
2019/5/30,2019/5/31 15:30,0,0.024433129,0.03420484,-0.13201216
2019/5/30,2019/5/31 15:45,0,0.024997873,0.026093844,-0.09443251
2019/5/30,2019/5/31 16:00,0,-0.011203304,0.003095828,-0.10171555
2019/5/30,2019/5/31 16:15,0,-0.000960015,-0.007188633,-0.10912316
2019/5/30,2019/5/31 16:30,0,-0.025817066,-0.001113355,-0.096411034
2019/5/30,2019/5/31 16:45,0,-0.031659134,-0.007480152,-0.03773264
2019/5/30,2019/5/31 17:00,0,-0.051371515,-0.02094695,-0.025915667
2019/5/30,2019/5/31 17:15,0,-0.05001466,-0.013097711,-0.02601137
2019/5/30,2019/5/31 17:30,0,-0.037180208,-0.007362649,0.015260983
2019/5/30,2019/5/31 17:45,0,-0.05238563,-0.023785375,0.055825464
2019/5/30,2019/5/31 18:00,0,-0.026991189,-0.018735893,0.028945837
2019/5/30,2019/5/31 18:15,0,0.001466237,-0.002190238,0.06894592
2019/5/30,2019/5/31 18:30,0,0.025647573,0.014475931,0.14478101
2019/5/30,2019/5/31 18:45,0,0.05702971,0.04085624,0.14033934
2019/5/30,2019/5/31 19:00,0.003516,0.0752648,0.11182095,0.21052673
2019/5/30,2019/5/31 19:15,0,0.1490319,0.17949311,0.16711749
2019/5/30,2019/5/31 19:30,0.196875,0.22387701,0.26349112,0.2944554
2019/5/30,2019/5/31 19:45,0.319922,0.32481086,0.34331667,0.3791024
2019/5/30,2019/5/31 20:00,0.341016,0.414123,0.4740591,0.47330222
2019/5/30,2019/5/31 20:15,0.551953,0.49240175,0.6047961,0.6589103
2019/5/30,2019/5/31 20:30,0.566016,0.5707126,0.7518049,0.75877607
2019/5/30,2019/5/31 20:45,0.73125,0.6598906,0.97348905,0.84506446
2019/5/30,2019/5/31 21:00,0.935156,0.76025987,1.1563573,1.0016242
2019/5/30,2019/5/31 21:15,1.873828,0.9126194,1.3811439,1.146939
2019/5/30,2019/5/31 21:30,1.226953,1.0356373,1.5793611,1.2425317
2019/5/30,2019/5/31 21:45,1.466016,1.1755555,1.797006,1.3588059
2019/5/30,2019/5/31 22:00,1.750781,1.3130534,1.9874092,1.3918461
2019/5/30,2019/5/31 22:15,2.742188,1.4618725,2.1924772,1.4137008
2019/5/30,2019/5/31 22:30,2.844141,1.6099325,2.3705301,1.4389676
2019/5/30,2019/5/31 22:45,3.065625,1.750507,2.518355,1.3573569
2019/5/30,2019/5/31 23:00,3.258984,1.9063292,2.6921651,1.4047474
2019/5/30,2019/5/31 23:15,3.406641,2.0832326,2.784689,1.3660823
2019/5/30,2019/5/31 23:30,3.6,2.2202528,2.8982189,1.3943659
2019/5/30,2019/5/31 23:45,3.628125,2.3759053,2.9873743,1.5339717
2019/5/31,2019/6/1 0:00,3.469922,3.0606763,3.395821,3.2239168
2019/5/31,2019/6/1 0:15,3.15,3.100644,3.3556287,3.193012
2019/5/31,2019/6/1 0:30,3.410156,3.0870335,3.3635478,3.154851
2019/5/31,2019/6/1 0:45,4.151953,3.100571,3.325996,3.0689254
2019/5/31,2019/6/1 1:00,3.670312,3.1495023,3.3208725,2.8890557
2019/5/31,2019/6/1 1:15,3.596484,3.1661403,3.2650516,2.7938912
2019/5/31,2019/6/1 1:30,3.723047,3.1517768,3.242559,2.6311727
2019/5/31,2019/6/1 1:45,2.580469,3.1578758,3.2027655,2.4325254
2019/5/31,2019/6/1 2:00,2.696484,3.1359382,3.145325,2.3598099
2019/5/31,2019/6/1 2:15,4.310156,3.0876985,3.140261,2.1741486
2019/5/31,2019/6/1 2:30,2.844141,3.0532465,3.081032,2.0182467
2019/5/31,2019/6/1 2:45,3.483984,2.9918084,3.0137417,1.7997688
2019/5/31,2019/6/1 3:00,3.596484,2.9728494,2.9594288,1.6907909
2019/5/31,2019/6/1 3:15,3.336328,2.9012423,2.853832,1.524242
2019/5/31,2019/6/1 3:30,3.367969,2.829896,2.7224102,1.3716183
2019/5/31,2019/6/1 3:45,3.026953,2.7364547,2.6238706,1.2131953
2019/5/31,2019/6/1 4:00,3.055078,2.5875125,2.475723,1.0514376
2019/5/31,2019/6/1 4:15,2.896875,2.4587479,2.3299181,0.9119487
2019/5/31,2019/6/1 4:30,2.735156,2.3348439,2.103848,0.83945423
2019/5/31,2019/6/1 4:45,2.376562,2.2033296,1.8459156,0.71303076
2019/5/31,2019/6/1 5:00,1.701562,2.01753,1.6371247,0.6136662
2019/5/31,2019/6/1 5:15,2.288672,1.7884812,1.388792,0.57236606
2019/5/31,2019/6/1 5:30,2.014453,1.558369,1.1373365,0.50389695
2019/5/31,2019/6/1 5:45,0.667969,1.4027437,0.977532,0.3933118
2019/5/31,2019/6/1 6:00,0.569531,1.1493071,0.73997456,0.42904183
2019/5/31,2019/6/1 6:15,0.569531,0.9378609,0.5455279,0.32785225
2019/5/31,2019/6/1 6:30,0.492188,0.7450712,0.38148803,0.25136903
2019/5/31,2019/6/1 6:45,0.428906,0.5869665,0.26528385,0.17704622
2019/5/31,2019/6/1 7:00,0.158203,0.44412458,0.16471237,0.19430661
2019/5/31,2019/6/1 7:15,0.035156,0.325221,0.058677047,0.14196965
2019/5/31,2019/6/1 7:30,0,0.22282533,0.03228886,0.11454172
2019/5/31,2019/6/1 7:45,0,0.17118794,-0.011132336,0.04271549
2019/5/31,2019/6/1 8:00,0,0.112166986,-0.024056122,0.04930594
2019/5/31,2019/6/1 8:15,0,0.07045105,-0.003554381,0.02520513
2019/5/31,2019/6/1 8:30,0,0.089500636,-0.017124042,0.003767635
2019/5/31,2019/6/1 8:45,0,0.10049223,0.02169438,0.012636682
2019/5/31,2019/6/1 9:00,0,0.09254516,0.024854124,-0.016861564
2019/5/31,2019/6/1 9:15,0,0.12858221,0.05583726,0.040959015
2019/5/31,2019/6/1 9:30,0,0.14235926,0.07498347,0.042884953
2019/5/31,2019/6/1 9:45,0,0.12399891,0.070861086,-0.029384313
2019/5/31,2019/6/1 10:00,0,0.13184771,0.058238655,0.007074889
2019/5/31,2019/6/1 10:15,0,0.098583505,0.046325337,0.02867952
2019/5/31,2019/6/1 10:30,0,0.08565767,0.039988443,-0.003689397
2019/5/31,2019/6/1 10:45,0,0.06445,0.05399631,0.035510104
2019/5/31,2019/6/1 11:00,0,0.040574946,0.031106152,0.04967384
2019/5/31,2019/6/1 11:15,0,0.013454326,0.023748524,0.027019516
2019/5/31,2019/6/1 11:30,0,0.004874695,0.015140422,0.051639598
2019/5/31,2019/6/1 11:45,0,-0.005891729,0.00397101,0.009647118
2019/5/31,2019/6/1 12:00,0,0.01970388,0.010259219,0.030671269
2019/5/31,2019/6/1 12:15,0,0.008355007,0.009830453,-0.009228267
2019/5/31,2019/6/1 12:30,0,0.027339324,0.007533394,-0.000413045
2019/5/31,2019/6/1 12:45,0,0.03847903,0.020567998,-0.03373794
2019/5/31,2019/6/1 13:00,0,0.026941374,0.013601027,-0.034023676
2019/5/31,2019/6/1 13:15,0,0.048954785,0.017705373,-0.041562572
2019/5/31,2019/6/1 13:30,0,0.031061634,0.011754923,-0.060386024
2019/5/31,2019/6/1 13:45,0,0.06633096,0.03321117,-0.07103715
2019/5/31,2019/6/1 14:00,0,0.051103182,0.037320755,-0.08185176
2019/5/31,2019/6/1 14:15,0,0.043724474,0.05203198,-0.0314893
2019/5/31,2019/6/1 14:30,0,0.052119024,0.04028377,-0.08721529
2019/5/31,2019/6/1 14:45,0,0.042678364,0.029808775,-0.08844413
2019/5/31,2019/6/1 15:00,0,0.019692436,0.057155177,-0.08344878
2019/5/31,2019/6/1 15:15,0,0.021310002,0.05388295,-0.08581847
2019/5/31,2019/6/1 15:30,0,0.013647094,0.044569597,-0.14201105
2019/5/31,2019/6/1 15:45,0,0.017642774,0.039962165,-0.113131575
2019/5/31,2019/6/1 16:00,0,-0.01431714,0.0060637,-0.13499373
2019/5/31,2019/6/1 16:15,0,4.98E-05,-0.00638739,-0.14306012
2019/5/31,2019/6/1 16:30,0,-0.021073207,-0.005604968,-0.15029815
2019/5/31,2019/6/1 16:45,0,-0.022751808,-0.012143016,-0.092922166
2019/5/31,2019/6/1 17:00,0,-0.036212213,-0.031072788,-0.090204716
2019/5/31,2019/6/1 17:15,0,-0.031623058,-0.026827462,-0.08719361
2019/5/31,2019/6/1 17:30,0,-0.016542487,-0.01851897,-0.030455083
2019/5/31,2019/6/1 17:45,0,-0.031655118,-0.036406934,0.014357487
2019/5/31,2019/6/1 18:00,0,-0.000614807,-0.026582569,0.018247385
2019/5/31,2019/6/1 18:15,0,0.029323995,0.002603503,0.076751515
2019/5/31,2019/6/1 18:30,0,0.058022436,0.029224195,0.18082646
2019/5/31,2019/6/1 18:45,0.003516,0.0988147,0.06895384,0.20979849
2019/5/31,2019/6/1 19:00,0,0.12401275,0.17107432,0.30479077
2019/5/31,2019/6/1 19:15,0.196875,0.21244395,0.26768482,0.29175857
2019/5/31,2019/6/1 19:30,0.319922,0.30049497,0.38865513,0.43171623
2019/5/31,2019/6/1 19:45,0.341016,0.41657102,0.49771473,0.54251885
2019/5/31,2019/6/1 20:00,0.551953,0.5244573,0.6546345,0.6455099
2019/5/31,2019/6/1 20:15,0.566016,0.6200398,0.8128417,0.8448066
2019/5/31,2019/6/1 20:30,0.73125,0.7139615,0.9799628,0.9511087
2019/5/31,2019/6/1 20:45,0.935156,0.817683,1.230059,1.0175997
2019/5/31,2019/6/1 21:00,1.873828,0.93220365,1.4248974,1.1592155
2019/5/31,2019/6/1 21:15,1.226953,1.0937506,1.6518661,1.2959957
2019/5/31,2019/6/1 21:30,1.466016,1.2151059,1.8429971,1.3635179
2019/5/31,2019/6/1 21:45,1.750781,1.3530217,2.054764,1.4523882
2019/5/31,2019/6/1 22:00,2.742188,1.4879761,2.2234209,1.4675121
2019/5/31,2019/6/1 22:15,2.844141,1.6219103,2.4085388,1.4603155
2019/5/31,2019/6/1 22:30,3.065625,1.7573811,2.5580351,1.4522258
2019/5/31,2019/6/1 22:45,3.258984,1.8800734,2.6714532,1.3547279
2019/5/31,2019/6/1 23:00,3.406641,2.018656,2.8070285,1.3814968
2019/5/31,2019/6/1 23:15,3.6,2.1745753,2.863226,1.3338159
2019/5/31,2019/6/1 23:30,3.628125,2.2871587,2.942396,1.3473827
2019/5/31,2019/6/1 23:45,3.659765,2.4159732,2.9997678,1.4781004
2018/8/25,2018/8/26 0:00,3.15,3.3263018,3.4014323,3.2081885
2018/8/25,2018/8/26 0:15,3.410156,3.3559737,3.3549023,3.174732
2018/8/25,2018/8/26 0:30,4.151953,3.323282,3.3566399,3.120052
2018/8/25,2018/8/26 0:45,3.670312,3.31,3.3099484,3.038887
2018/8/25,2018/8/26 1:00,3.596484,3.3339708,3.299729,2.8538876
2018/8/25,2018/8/26 1:15,3.723047,3.319576,3.23118,2.7749994
2018/8/25,2018/8/26 1:30,2.580469,3.2773023,3.201775,2.5953367
2018/8/25,2018/8/26 1:45,2.696484,3.264661,3.1489775,2.3975215
2018/8/25,2018/8/26 2:00,4.310156,3.2242434,3.0769095,2.307363
2018/8/25,2018/8/26 2:15,2.844141,3.1549869,3.0484226,2.1209192
2018/8/25,2018/8/26 2:30,3.483984,3.1027267,2.968275,1.9555422
2018/8/25,2018/8/26 2:45,3.596484,3.0305946,2.8755398,1.7311724
2018/8/25,2018/8/26 3:00,3.336328,2.9950457,2.789852,1.605662
2018/8/25,2018/8/26 3:15,3.367969,2.9138844,2.6536257,1.432613
2018/8/25,2018/8/26 3:30,3.026953,2.827219,2.4978013,1.2718453
2018/8/25,2018/8/26 3:45,3.055078,2.7175157,2.373916,1.1170604
2018/8/25,2018/8/26 4:00,2.896875,2.549482,2.209432,0.95743746
2018/8/25,2018/8/26 4:15,2.735156,2.4030826,2.046962,0.81756365
2018/8/25,2018/8/26 4:30,2.376562,2.262067,1.8170743,0.74226755
2018/8/25,2018/8/26 4:45,1.701562,2.1164193,1.5640681,0.626757
2018/8/25,2018/8/26 5:00,2.288672,1.9127629,1.3621784,0.5283862
2018/8/25,2018/8/26 5:15,2.014453,1.6706561,1.1342152,0.48689896
2018/8/25,2018/8/26 5:30,0.667969,1.4313835,0.9049772,0.4152594
2018/8/25,2018/8/26 5:45,0.569531,1.2734518,0.77064365,0.31158787
2018/8/25,2018/8/26 6:00,0.569531,1.0250603,0.56877965,0.34069118
2018/8/25,2018/8/26 6:15,0.492188,0.81817466,0.40056688,0.2521787
2018/8/25,2018/8/26 6:30,0.428906,0.6361708,0.27038592,0.17701983
2018/8/25,2018/8/26 6:45,0.158203,0.49561214,0.1862323,0.10813607
2018/8/25,2018/8/26 7:00,0.035156,0.3661946,0.10341189,0.13696459
2018/8/25,2018/8/26 7:15,0,0.2641772,0.023727942,0.074993744
2018/8/25,2018/8/26 7:30,0,0.178563,0.014066179,0.05684624
2018/8/25,2018/8/26 7:45,0,0.1380947,-0.018810004,-0.010506364
2018/8/25,2018/8/26 8:00,0,0.089112476,-0.026364058,-0.001818804
2018/8/25,2018/8/26 8:15,0,0.052138872,-0.00478898,-0.016548507
2018/8/25,2018/8/26 8:30,0,0.076165155,-0.015343808,-0.029684186
2018/8/25,2018/8/26 8:45,0,0.08768595,0.020993771,-0.011263408
2018/8/25,2018/8/26 9:00,0,0.0786688,0.023331922,-0.022847718
2018/8/25,2018/8/26 9:15,0,0.11778309,0.050267953,0.041865304
2018/8/25,2018/8/26 9:30,0,0.12874465,0.06304768,0.052598894
2018/8/25,2018/8/26 9:45,0,0.110478856,0.061551884,-0.00138904
2018/8/25,2018/8/26 10:00,0,0.12292521,0.050868303,0.037834935
2018/8/25,2018/8/26 10:15,0,0.08866902,0.03632305,0.05954114
2018/8/25,2018/8/26 10:30,0,0.07369667,0.034141846,0.029700179
2018/8/25,2018/8/26 10:45,0,0.050208546,0.04866876,0.05560174
2018/8/25,2018/8/26 11:00,0,0.01937811,0.030357193,0.0706772
2018/8/25,2018/8/26 11:15,0,-0.009574063,0.022522964,0.04210625
2018/8/25,2018/8/26 11:30,0,-0.021027047,0.017795376,0.072102025
2018/8/25,2018/8/26 11:45,0,-0.034873087,0.013545329,0.027038472
2018/8/25,2018/8/26 12:00,0,-0.008992299,0.016814608,0.049621478
2018/8/25,2018/8/26 12:15,0,-0.020392686,0.017655522,0.004750614
2018/8/25,2018/8/26 12:30,0,0.001702383,0.01412433,0.02039909
2018/8/25,2018/8/26 12:45,0,0.019326828,0.022933505,-0.015242612
2018/8/25,2018/8/26 13:00,0,0.011336967,0.019827686,-0.012630736
2018/8/25,2018/8/26 13:15,0,0.036512196,0.018153567,-0.018031146
2018/8/25,2018/8/26 13:30,0,0.023469605,0.009964332,-0.042299792
2018/8/25,2018/8/26 13:45,0,0.063056976,0.027823888,-0.05606126
2018/8/25,2018/8/26 14:00,0,0.04818717,0.03373769,-0.056953594
2018/8/25,2018/8/26 14:15,0,0.04023525,0.044362217,-0.018359963
2018/8/25,2018/8/26 14:30,0,0.048280887,0.036107033,-0.073683366
2018/8/25,2018/8/26 14:45,0,0.035862565,0.029093757,-0.07559575
2018/8/25,2018/8/26 15:00,0,0.012913406,0.057851255,-0.07783638
2018/8/25,2018/8/26 15:15,0,0.014467493,0.054431506,-0.082698256
2018/8/25,2018/8/26 15:30,0,0.008862883,0.04668083,-0.14786625
2018/8/25,2018/8/26 15:45,0,0.013791895,0.03890892,-0.12883762
2018/8/25,2018/8/26 16:00,0,-0.013904646,0.005568735,-0.1646739
2018/8/25,2018/8/26 16:15,0,0.001990423,-0.010778859,-0.1747781
2018/8/25,2018/8/26 16:30,0,-0.01575075,-0.008153707,-0.20082001
2018/8/25,2018/8/26 16:45,0,-0.012402572,-0.022507101,-0.14739117
2018/8/25,2018/8/26 17:00,0,-0.019721195,-0.049109675,-0.15472668
2018/8/25,2018/8/26 17:15,0,-0.011337571,-0.046955906,-0.14643542
2018/8/25,2018/8/26 17:30,0,0.005508624,-0.045255795,-0.07423162
2018/8/25,2018/8/26 17:45,0,-0.007066846,-0.06589508,-0.023762867
2018/8/25,2018/8/26 18:00,0,0.030073658,-0.053999048,0.013330726
2018/8/25,2018/8/26 18:15,0,0.0643852,-0.019103168,0.09487088
2018/8/25,2018/8/26 18:30,0.003516,0.098991886,0.019212745,0.2305967
2018/8/25,2018/8/26 18:45,0,0.1490033,0.068178296,0.29898363
2018/8/25,2018/8/26 19:00,0.196875,0.18474272,0.18721186,0.42369065
2018/8/25,2018/8/26 19:15,0.319922,0.28788596,0.3023714,0.44529095
2018/8/25,2018/8/26 19:30,0.341016,0.39049238,0.44112146,0.6011007
2018/8/25,2018/8/26 19:45,0.551953,0.5208458,0.57472384,0.7430763
2018/8/25,2018/8/26 20:00,0.566016,0.6483036,0.7482527,0.8565565
2018/8/25,2018/8/26 20:15,0.73125,0.76314664,0.92610145,1.0699106
2018/8/25,2018/8/26 20:30,0.935156,0.8748693,1.1105134,1.182982
2018/8/25,2018/8/26 20:45,1.873828,0.9937549,1.3694435,1.2269425
2018/8/25,2018/8/26 21:00,1.226953,1.122857,1.5726432,1.3468167
2018/8/25,2018/8/26 21:15,1.466016,1.2941811,1.806708,1.4767746
2018/8/25,2018/8/26 21:30,1.750781,1.4136523,1.9961044,1.5093287
2018/8/25,2018/8/26 21:45,2.742188,1.5500039,2.204696,1.5674613
2018/8/25,2018/8/26 22:00,2.844141,1.6795641,2.3607144,1.5590364
2018/8/25,2018/8/26 22:15,3.065625,1.7985458,2.5397346,1.5216428
2018/8/25,2018/8/26 22:30,3.258984,1.9177127,2.6751168,1.4728062
2018/8/25,2018/8/26 22:45,3.406641,2.021008,2.7658222,1.3582613
2018/8/25,2018/8/26 23:00,3.6,2.1373477,2.8937485,1.359105
2018/8/25,2018/8/26 23:15,3.628125,2.2690103,2.9296844,1.30017
2018/8/25,2018/8/26 23:30,3.659765,2.3562803,2.9997945,1.2967747
2018/8/25,2018/8/26 23:45,3.733594,2.4533427,3.0366285,1.4160231
2018/8/26,2018/8/27 0:00,3.410156,3.5429208,3.4290113,3.167001
2018/8/26,2018/8/27 0:15,4.151953,3.5551682,3.3831468,3.1307814
2018/8/26,2018/8/27 0:30,3.670312,3.4989166,3.3829072,3.0632167
2018/8/26,2018/8/27 0:45,3.596484,3.4561949,3.334157,2.981688
2018/8/26,2018/8/27 1:00,3.723047,3.4529212,3.3211803,2.7948625
2018/8/26,2018/8/27 1:15,2.580469,3.4068127,3.2469866,2.7274742
2018/8/26,2018/8/27 1:30,2.696484,3.3390021,3.213001,2.5301402
2018/8/26,2018/8/27 1:45,4.310156,3.3061802,3.1543474,2.3370159
2018/8/26,2018/8/27 2:00,2.844141,3.2482278,3.069003,2.2309844
2018/8/26,2018/8/27 2:15,3.483984,3.160282,3.023025,2.0413394
2018/8/26,2018/8/27 2:30,3.596484,3.0920377,2.919516,1.867229
2018/8/26,2018/8/27 2:45,3.336328,3.0106173,2.8002033,1.6370696
2018/8/26,2018/8/27 3:00,3.367969,2.9587533,2.6871796,1.4995162
2018/8/26,2018/8/27 3:15,3.026953,2.8671944,2.518905,1.3167212
2018/8/26,2018/8/27 3:30,3.055078,2.7627223,2.3294845,1.1502934
2018/8/26,2018/8/27 3:45,2.896875,2.6324332,2.1781876,0.9954316
2018/8/26,2018/8/27 4:00,2.735156,2.4444466,1.9933953,0.841456
2018/8/26,2018/8/27 4:15,2.376562,2.2776232,1.8154792,0.7014518
2018/8/26,2018/8/27 4:30,1.701562,2.1177857,1.5723957,0.6278943
2018/8/26,2018/8/27 4:45,2.288672,1.953501,1.3159491,0.52420425
2018/8/26,2018/8/27 5:00,2.014453,1.7336943,1.1175672,0.4301965
2018/8/26,2018/8/27 5:15,0.667969,1.4812077,0.9078092,0.3915096
2018/8/26,2018/8/27 5:30,0.569531,1.2365954,0.698291,0.3207061
2018/8/26,2018/8/27 5:45,0.569531,1.0814012,0.58772886,0.2303164
2018/8/26,2018/8/27 6:00,0.492188,0.84531987,0.4141222,0.25425398
2018/8/26,2018/8/27 6:15,0.428906,0.65147096,0.2699766,0.18092449
2018/8/26,2018/8/27 6:30,0.158203,0.4891433,0.17539576,0.11299744
2018/8/26,2018/8/27 6:45,0.035156,0.37239474,0.12017234,0.05185275
2018/8/26,2018/8/27 7:00,0,0.26413706,0.05551341,0.09301943
2018/8/26,2018/8/27 7:15,0,0.18518597,0.001711987,0.024196573
2018/8/26,2018/8/27 7:30,0,0.12131587,0.007657402,0.016194481
2018/8/26,2018/8/27 7:45,0,0.092822745,-0.014638773,-0.044014677
2018/8/26,2018/8/27 8:00,0,0.05671461,-0.016439602,-0.033312954
2018/8/26,2018/8/27 8:15,0,0.026316829,0.006889068,-0.04176919
2018/8/26,2018/8/27 8:30,0,0.053950746,-0.005758718,-0.04818722
2018/8/26,2018/8/27 8:45,0,0.0650385,0.021640632,-0.022470094
2018/8/26,2018/8/27 9:00,0,0.05556603,0.026076235,-0.018657485
2018/8/26,2018/8/27 9:15,0,0.09600142,0.04274408,0.04992014
2018/8/26,2018/8/27 9:30,0,0.104107454,0.053577855,0.06661824
2018/8/26,2018/8/27 9:45,0,0.08754367,0.0462298,0.026382761
2018/8/26,2018/8/27 10:00,0,0.105149,0.03523302,0.06539789
2018/8/26,2018/8/27 10:15,0,0.07396241,0.01830446,0.08564435
2018/8/26,2018/8/27 10:30,0,0.056973103,0.015973128,0.054542072
2018/8/26,2018/8/27 10:45,0,0.033313125,0.03049653,0.066371605
2018/8/26,2018/8/27 11:00,0,-0.001146555,0.015218392,0.0793646
2018/8/26,2018/8/27 11:15,0,-0.031630576,0.008325636,0.046143945
2018/8/26,2018/8/27 11:30,0,-0.04423434,0.004990645,0.078643695
2018/8/26,2018/8/27 11:45,0,-0.05982049,0.004711732,0.029944897
2018/8/26,2018/8/27 12:00,0,-0.034317397,0.007552572,0.052877486
2018/8/26,2018/8/27 12:15,0,-0.044072896,0.009374715,0.004826531
2018/8/26,2018/8/27 12:30,0,-0.02139543,0.007642794,0.027389616
2018/8/26,2018/8/27 12:45,0,0.001109809,0.01565199,-0.009344174
2018/8/26,2018/8/27 13:00,0,-0.003367737,0.012805328,-0.001942121
2018/8/26,2018/8/27 13:15,0,0.022464946,0.008466546,-0.003009627
2018/8/26,2018/8/27 13:30,0,0.015808031,0.006720059,-0.031869013
2018/8/26,2018/8/27 13:45,0,0.058031403,0.022077262,-0.046206556
2018/8/26,2018/8/27 14:00,0,0.044310715,0.025119737,-0.038317047
2018/8/26,2018/8/27 14:15,0,0.037052985,0.033455968,-0.008905858
2018/8/26,2018/8/27 14:30,0,0.045750216,0.0263635,-0.062710494
2018/8/26,2018/8/27 14:45,0,0.03126372,0.03157577,-0.064318165
2018/8/26,2018/8/27 15:00,0,0.009573251,0.059605017,-0.07155572
2018/8/26,2018/8/27 15:15,0,0.011827394,0.05584252,-0.076594636
2018/8/26,2018/8/27 15:30,0,0.008885205,0.048667483,-0.14786208
2018/8/26,2018/8/27 15:45,0,0.011757623,0.047168687,-0.13608924
2018/8/26,2018/8/27 16:00,0,-0.010992952,0.014147431,-0.18023674
2018/8/26,2018/8/27 16:15,0,0.00396508,-0.001846507,-0.19047102
2018/8/26,2018/8/27 16:30,0,-0.010358781,0.002388462,-0.2284574
2018/8/26,2018/8/27 16:45,0,-0.002327286,-0.015515216,-0.18215637
2018/8/26,2018/8/27 17:00,0,-0.003649157,-0.039254986,-0.1939075
2018/8/26,2018/8/27 17:15,0,0.008642972,-0.039670743,-0.17696354
2018/8/26,2018/8/27 17:30,0,0.027640216,-0.035584614,-0.09442582
2018/8/26,2018/8/27 17:45,0,0.020097956,-0.0594069,-0.03569547
2018/8/26,2018/8/27 18:00,0,0.06396436,-0.03903396,0.031621683
2018/8/26,2018/8/27 18:15,0.003516,0.10407678,0.003985352,0.13494232
2018/8/26,2018/8/27 18:30,0,0.14574149,0.05249779,0.30103374
2018/8/26,2018/8/27 18:45,0.196875,0.20344315,0.11021122,0.4054126
2018/8/26,2018/8/27 19:00,0.319922,0.25120082,0.24546039,0.5573607
2018/8/26,2018/8/27 19:15,0.341016,0.36681792,0.37823975,0.6108483
2018/8/26,2018/8/27 19:30,0.551953,0.48300713,0.5368755,0.7833785
2018/8/26,2018/8/27 19:45,0.566016,0.6247311,0.69283074,0.9519292
2018/8/26,2018/8/27 20:00,0.73125,0.77027214,0.8760292,1.0715265
2018/8/26,2018/8/27 20:15,0.935156,0.90357244,1.0772872,1.2912711
2018/8/26,2018/8/27 20:30,1.873828,1.0325867,1.2754327,1.4074236
2018/8/26,2018/8/27 20:45,1.226953,1.1663432,1.5391649,1.4274797
2018/8/26,2018/8/27 21:00,1.466016,1.310415,1.7481295,1.5228503
2018/8/26,2018/8/27 21:15,1.750781,1.4938551,1.9833457,1.638544
2018/8/26,2018/8/27 21:30,2.742188,1.614025,2.1687713,1.6366172
2018/8/26,2018/8/27 21:45,2.844141,1.7525601,2.3757198,1.6596112
2018/8/26,2018/8/27 22:00,3.065625,1.8783998,2.5182266,1.6261393
2018/8/26,2018/8/27 22:15,3.258984,1.9870822,2.6835675,1.5543163
2018/8/26,2018/8/27 22:30,3.406641,2.0926592,2.808073,1.465074
2018/8/26,2018/8/27 22:45,3.6,2.1796536,2.8740797,1.3306385
2018/8/26,2018/8/27 23:00,3.628125,2.2728271,2.995303,1.30501
2018/8/26,2018/8/27 23:15,3.659765,2.3801684,3.0148623,1.234406
2018/8/26,2018/8/27 23:30,3.733594,2.4439113,3.0762866,1.213841
2018/8/26,2018/8/27 23:45,3.789844,2.5072649,3.0975428,1.3220662
2018/8/27,2018/8/28 0:00,4.151953,3.7173336,3.4330971,3.1462553
2018/8/27,2018/8/28 0:15,3.670312,3.7100646,3.3829248,3.1051118
2018/8/27,2018/8/28 0:30,3.596484,3.6306043,3.379264,3.0282807
2018/8/27,2018/8/28 0:45,3.723047,3.560565,3.3341076,2.9332716
2018/8/27,2018/8/28 1:00,2.580469,3.5313952,3.3165975,2.7536743
2018/8/27,2018/8/28 1:15,2.696484,3.4556825,3.2431638,2.6729639
2018/8/27,2018/8/28 1:30,4.310156,3.3651211,3.2137325,2.4660323
2018/8/27,2018/8/28 1:45,2.844141,3.3100593,3.153061,2.2767463
2018/8/27,2018/8/28 2:00,3.483984,3.2326353,3.0753708,2.1543775
2018/8/27,2018/8/28 2:15,3.596484,3.124873,3.0200646,1.9560133
2018/8/27,2018/8/28 2:30,3.336328,3.0371463,2.9107203,1.7703377
2018/8/27,2018/8/28 2:45,3.367969,2.9426272,2.779938,1.5275862
2018/8/27,2018/8/28 3:00,3.026953,2.8711944,2.6632128,1.3786137
2018/8/27,2018/8/28 3:15,3.055078,2.7651987,2.4811733,1.1785002
2018/8/27,2018/8/28 3:30,2.896875,2.6402416,2.2831478,1.0114175
2018/8/27,2018/8/28 3:45,2.735156,2.4868705,2.1202848,0.8487797
2018/8/27,2018/8/28 4:00,2.376562,2.2802212,1.9213507,0.7014749
2018/8/27,2018/8/28 4:15,1.701562,2.0941844,1.733206,0.562038
2018/8/27,2018/8/28 4:30,2.288672,1.9183371,1.4845698,0.49086937
2018/8/27,2018/8/28 4:45,2.014453,1.7368852,1.223679,0.39889362
2018/8/27,2018/8/28 5:00,0.667969,1.508053,1.0233626,0.3125968
2018/8/27,2018/8/28 5:15,0.569531,1.2527721,0.8187191,0.2768864
2018/8/27,2018/8/28 5:30,0.569531,1.0106436,0.61298186,0.21580653
2018/8/27,2018/8/28 5:45,0.492188,0.8655211,0.50617975,0.14741331
2018/8/27,2018/8/28 6:00,0.428906,0.6494132,0.35034895,0.17361906
2018/8/27,2018/8/28 6:15,0.158203,0.47643924,0.21261272,0.12020728
2018/8/27,2018/8/28 6:30,0.035156,0.33991423,0.1339264,0.07528569
2018/8/27,2018/8/28 6:45,0,0.25055274,0.09041721,0.025827896
2018/8/27,2018/8/28 7:00,0,0.16785869,0.03538394,0.0746005
2018/8/27,2018/8/28 7:15,0,0.11334359,-0.004769325,0.017084656
2018/8/27,2018/8/28 7:30,0,0.07138918,0.014624457,0.013202842
2018/8/27,2018/8/28 7:45,0,0.053253755,-0.00284904,-0.03506589
2018/8/27,2018/8/28 8:00,0,0.028791452,0.002105564,-0.023606773
2018/8/27,2018/8/28 8:15,0,0.003695399,0.021971978,-0.034725495
2018/8/27,2018/8/28 8:30,0,0.032254532,0.009646136,-0.03657219
2018/8/27,2018/8/28 8:45,0,0.040881827,0.035041213,-0.005977845
2018/8/27,2018/8/28 9:00,0,0.030865256,0.03333418,0.009148277
2018/8/27,2018/8/28 9:15,0,0.07040543,0.048287705,0.07793593
2018/8/27,2018/8/28 9:30,0,0.076189965,0.05869422,0.09706505
2018/8/27,2018/8/28 9:45,0,0.06314228,0.044134453,0.06623126
2018/8/27,2018/8/28 10:00,0,0.08686483,0.03357348,0.103042476
2018/8/27,2018/8/28 10:15,0,0.06281343,0.01793348,0.13269772
2018/8/27,2018/8/28 10:30,0,0.045984965,0.011232533,0.09853162
2018/8/27,2018/8/28 10:45,0,0.02565156,0.028860237,0.1010799
2018/8/27,2018/8/28 11:00,0,-0.008014143,0.009739399,0.10832006
2018/8/27,2018/8/28 11:15,0,-0.03797254,0.010411289,0.07612971
2018/8/27,2018/8/28 11:30,0,-0.049507413,0.002510212,0.10592609
2018/8/27,2018/8/28 11:45,0,-0.06487484,0.005196173,0.05488812
2018/8/27,2018/8/28 12:00,0,-0.03993132,0.006681599,0.07281184
2018/8/27,2018/8/28 12:15,0,-0.046918184,0.011133112,0.021782538
2018/8/27,2018/8/28 12:30,0,-0.026485905,0.000622168,0.042272747
2018/8/27,2018/8/28 12:45,0,-0.002067976,0.011587642,-0.001181574
2018/8/27,2018/8/28 13:00,0,-0.004869022,0.010548376,-0.000450967
2018/8/27,2018/8/28 13:15,0,0.01771453,0.004007302,-0.005057058
2018/8/27,2018/8/28 13:30,0,0.016184293,0.003123492,-0.042410832
2018/8/27,2018/8/28 13:45,0,0.0570283,0.01819688,-0.06424984
2018/8/27,2018/8/28 14:00,0,0.0427175,0.017445937,-0.05905181
2018/8/27,2018/8/28 14:15,0,0.03582184,0.028479986,-0.03668881
2018/8/27,2018/8/28 14:30,0,0.044110075,0.023879826,-0.08553061
2018/8/27,2018/8/28 14:45,0,0.027689148,0.031214625,-0.09245989
2018/8/27,2018/8/28 15:00,0,0.007702187,0.05858984,-0.09614901
2018/8/27,2018/8/28 15:15,0,0.011485159,0.05860524,-0.10411216
2018/8/27,2018/8/28 15:30,0,0.011874542,0.05486136,-0.16873765
2018/8/27,2018/8/28 15:45,0,0.011273207,0.05128379,-0.16019166
2018/8/27,2018/8/28 16:00,0,-0.005691536,0.019137673,-0.19328843
2018/8/27,2018/8/28 16:15,0,0.007372364,0.00907433,-0.19253331
2018/8/27,2018/8/28 16:30,0,-0.002537042,0.012931958,-0.22200613
2018/8/27,2018/8/28 16:45,0,0.009416536,-0.000702389,-0.1681694
2018/8/27,2018/8/28 17:00,0,0.013966247,-0.025077619,-0.16399541
2018/8/27,2018/8/28 17:15,0,0.03098693,-0.026265912,-0.1260617
2018/8/27,2018/8/28 17:30,0,0.05262541,-0.013732389,-0.033049896
2018/8/27,2018/8/28 17:45,0,0.05248318,-0.036175273,0.049301222
2018/8/27,2018/8/28 18:00,0.003516,0.10378108,-0.003884515,0.14028135
2018/8/27,2018/8/28 18:15,0,0.150866,0.046374872,0.2561949
2018/8/27,2018/8/28 18:30,0.196875,0.20069808,0.10542643,0.44187027
2018/8/27,2018/8/28 18:45,0.319922,0.26460695,0.17869768,0.56595886
2018/8/27,2018/8/28 19:00,0.341016,0.32416055,0.33097878,0.7333292
2018/8/27,2018/8/28 19:15,0.551953,0.44919017,0.48243293,0.7992288
2018/8/27,2018/8/28 19:30,0.566016,0.57534176,0.659666,0.97403246
2018/8/27,2018/8/28 19:45,0.73125,0.7232585,0.8351675,1.1446246
2018/8/27,2018/8/28 20:00,0.935156,0.8819846,1.0323168,1.2521974
2018/8/27,2018/8/28 20:15,1.873828,1.029149,1.2481583,1.4560295
2018/8/27,2018/8/28 20:30,1.226953,1.1714543,1.4533831,1.5596533
2018/8/27,2018/8/28 20:45,1.466016,1.3170316,1.725187,1.5531025
2018/8/27,2018/8/28 21:00,1.750781,1.4737997,1.9385748,1.62097
2018/8/27,2018/8/28 21:15,2.742188,1.6684436,2.1675718,1.7112386
2018/8/27,2018/8/28 21:30,2.844141,1.7899467,2.3448508,1.6869972
2018/8/27,2018/8/28 21:45,3.065625,1.931561,2.5509398,1.6881293
2018/8/27,2018/8/28 22:00,3.258984,2.0539713,2.676805,1.6310514
2018/8/27,2018/8/28 22:15,3.406641,2.154691,2.82739,1.5468005
2018/8/27,2018/8/28 22:30,3.6,2.2488923,2.941485,1.432081
2018/8/27,2018/8/28 22:45,3.628125,2.3220463,2.9815109,1.291857
2018/8/27,2018/8/28 23:00,3.659765,2.3915863,3.0937867,1.2500458
2018/8/27,2018/8/28 23:15,3.733594,2.4751406,3.0932655,1.1823194
2018/8/27,2018/8/28 23:30,3.789844,2.5177872,3.1444461,1.1501614
2018/8/27,2018/8/28 23:45,3.782812,2.5480645,3.145795,1.2449203
2018/8/28,2018/8/29 0:00,3.670312,3.8356483,3.3881073,3.1609848
2018/8/28,2018/8/29 0:15,3.596484,3.8113282,3.3330202,3.108097
2018/8/28,2018/8/29 0:30,3.723047,3.7135634,3.32227,3.0319495
2018/8/28,2018/8/29 0:45,2.580469,3.6225927,3.2768521,2.916756
2018/8/28,2018/8/29 1:00,2.696484,3.572935,3.2565098,2.7408266
2018/8/28,2018/8/29 1:15,4.310156,3.473885,3.1803377,2.6403985
2018/8/28,2018/8/29 1:30,2.844141,3.3649695,3.1616933,2.4150693
2018/8/28,2018/8/29 1:45,3.483984,3.2879145,3.0890307,2.2206283
2018/8/28,2018/8/29 2:00,3.596484,3.1893368,3.0130267,2.0788124
2018/8/28,2018/8/29 2:15,3.336328,3.060686,2.9468243,1.859837
2018/8/28,2018/8/29 2:30,3.367969,2.9500597,2.8283553,1.6541991
2018/8/28,2018/8/29 2:45,3.026953,2.8380291,2.6777418,1.3892802
2018/8/28,2018/8/29 3:00,3.055078,2.7449026,2.5433362,1.232448
2018/8/28,2018/8/29 3:15,2.896875,2.6218076,2.3435655,1.0100039
2018/8/28,2018/8/29 3:30,2.735156,2.476895,2.1279626,0.84434026
2018/8/28,2018/8/29 3:45,2.376562,2.3025608,1.9464129,0.67946184
2018/8/28,2018/8/29 4:00,1.701562,2.08223,1.7281451,0.5463399
2018/8/28,2018/8/29 4:15,2.288672,1.8821877,1.525302,0.4142253
2018/8/28,2018/8/29 4:30,2.014453,1.69754,1.2743571,0.3605291
2018/8/28,2018/8/29 4:45,0.667969,1.5047036,1.0209315,0.28748012
2018/8/28,2018/8/29 5:00,0.569531,1.27634,0.8259866,0.21993999
2018/8/28,2018/8/29 5:15,0.569531,1.0271558,0.6395245,0.2032893
2018/8/28,2018/8/29 5:30,0.492188,0.7950953,0.45177215,0.15698735
2018/8/28,2018/8/29 5:45,0.428906,0.6654837,0.36907834,0.11740027
2018/8/28,2018/8/29 6:00,0.158203,0.47303012,0.23818721,0.14898148
2018/8/28,2018/8/29 6:15,0.035156,0.32400995,0.12398863,0.10881755
2018/8/28,2018/8/29 6:30,0,0.21340594,0.07381977,0.08949055
2018/8/28,2018/8/29 6:45,0,0.14937024,0.04568185,0.045469157
2018/8/28,2018/8/29 7:00,0,0.09093301,0.013200013,0.09527802
2018/8/28,2018/8/29 7:15,0,0.05654315,-0.007656209,0.036293246
2018/8/28,2018/8/29 7:30,0,0.03251001,0.022346811,0.03328276
2018/8/28,2018/8/29 7:45,0,0.021436008,0.018964034,-0.008527121
2018/8/28,2018/8/29 8:00,0,0.005509425,0.028827913,0.000889579
2018/8/28,2018/8/29 8:15,0,-0.016270176,0.048388552,-0.020872753
2018/8/28,2018/8/29 8:30,0,0.010710059,0.034467496,-0.023952615
2018/8/28,2018/8/29 8:45,0,0.015975382,0.059485316,0.006034018
2018/8/28,2018/8/29 9:00,0,0.005627044,0.058572948,0.021959526
2018/8/28,2018/8/29 9:15,0,0.04288704,0.07036202,0.08479823
2018/8/28,2018/8/29 9:30,0,0.04720899,0.07129535,0.10003278
2018/8/28,2018/8/29 9:45,0,0.039273366,0.059703916,0.07104452
2018/8/28,2018/8/29 10:00,0,0.06986113,0.05055134,0.10401407
2018/8/28,2018/8/29 10:15,0,0.055999056,0.03700948,0.14295983
2018/8/28,2018/8/29 10:30,0,0.04282734,0.031153262,0.1027122
2018/8/28,2018/8/29 10:45,0,0.029260319,0.046440184,0.10103757
2018/8/28,2018/8/29 11:00,0,0.00129211,0.029507928,0.10399315
2018/8/28,2018/8/29 11:15,0,-0.024956807,0.032265857,0.07867953
2018/8/28,2018/8/29 11:30,0,-0.03244785,0.033356648,0.10561259
2018/8/28,2018/8/29 11:45,0,-0.045157764,0.030884914,0.05794111
2018/8/28,2018/8/29 12:00,0,-0.01995445,0.028438732,0.075457714
2018/8/28,2018/8/29 12:15,0,-0.023843527,0.032206852,0.026793787
2018/8/28,2018/8/29 12:30,0,-0.007817268,0.025629776,0.044579677
2018/8/28,2018/8/29 12:45,0,0.015172213,0.027551383,0.000397433
2018/8/28,2018/8/29 13:00,0,0.01137732,0.031233259,-0.000695384
2018/8/28,2018/8/29 13:15,0,0.025785848,0.015798032,-0.01127621
2018/8/28,2018/8/29 13:30,0,0.026162006,0.018295959,-0.051677946
2018/8/28,2018/8/29 13:45,0,0.060267925,0.020727582,-0.075658694
2018/8/28,2018/8/29 14:00,0,0.042195186,0.01926449,-0.077400215
2018/8/28,2018/8/29 14:15,0,0.034657434,0.024226137,-0.06469117
2018/8/28,2018/8/29 14:30,0,0.040677175,0.022663467,-0.11013068
2018/8/28,2018/8/29 14:45,0,0.02313846,0.025200114,-0.121338755
2018/8/28,2018/8/29 15:00,0,0.005016089,0.040947273,-0.121698156
2018/8/28,2018/8/29 15:15,0,0.012295201,0.04196298,-0.12976393
2018/8/28,2018/8/29 15:30,0,0.017499268,0.03628561,-0.18919697
2018/8/28,2018/8/29 15:45,0,0.014485896,0.02766312,-0.17934516
2018/8/28,2018/8/29 16:00,0,0.004622549,-0.000391163,-0.19690739
2018/8/28,2018/8/29 16:15,0,0.017114751,-0.008370891,-0.18751651
2018/8/28,2018/8/29 16:30,0,0.013549596,-0.001587391,-0.1996039
2018/8/28,2018/8/29 16:45,0,0.028458215,-0.004640006,-0.13778234
2018/8/28,2018/8/29 17:00,0,0.038706034,-0.020616941,-0.107510954
2018/8/28,2018/8/29 17:15,0,0.060473926,-0.012994058,-0.05074782
2018/8/28,2018/8/29 17:30,0,0.08465451,0.01983019,0.056317057
2018/8/28,2018/8/29 17:45,0.003516,0.0929254,0.015769511,0.1648694
2018/8/28,2018/8/29 18:00,0,0.15182507,0.07983585,0.2805488
2018/8/28,2018/8/29 18:15,0.196875,0.20646428,0.1562633,0.41649994
2018/8/28,2018/8/29 18:30,0.319922,0.2655271,0.24916098,0.6180918
2018/8/28,2018/8/29 18:45,0.341016,0.33535743,0.35047832,0.76134807
2018/8/28,2018/8/29 19:00,0.551953,0.40646943,0.5340673,0.9415032
2018/8/28,2018/8/29 19:15,0.566016,0.5388635,0.7148001,1.0084236
2018/8/28,2018/8/29 19:30,0.73125,0.67152756,0.91844213,1.1853074
2018/8/28,2018/8/29 19:45,0.935156,0.82112586,1.1158384,1.3473338
2018/8/28,2018/8/29 20:00,1.873828,0.9878656,1.3256024,1.4315925
2018/8/28,2018/8/29 20:15,1.226953,1.1425667,1.5474635,1.614546
2018/8/28,2018/8/29 20:30,1.466016,1.292648,1.7528249,1.6903428
2018/8/28,2018/8/29 20:45,1.750781,1.4446789,2.0112824,1.6592982
2018/8/28,2018/8/29 21:00,2.742188,1.6089907,2.2113616,1.692291
2018/8/28,2018/8/29 21:15,2.844141,1.8103874,2.4207723,1.7534167
2018/8/28,2018/8/29 21:30,3.065625,1.9310913,2.5695262,1.7036729
2018/8/28,2018/8/29 21:45,3.258984,2.0725935,2.743333,1.6868298
2018/8/28,2018/8/29 22:00,3.406641,2.1891003,2.8354378,1.6029932
2018/8/28,2018/8/29 22:15,3.6,2.2813718,2.9538186,1.5063235
2018/8/28,2018/8/29 22:30,3.628125,2.3649445,3.0426674,1.3751104
2018/8/28,2018/8/29 22:45,3.659765,2.4250062,3.0421455,1.2311951
2018/8/28,2018/8/29 23:00,3.733594,2.4705153,3.1344855,1.174323
2018/8/28,2018/8/29 23:15,3.789844,2.5312088,3.1038916,1.113819
2018/8/28,2018/8/29 23:30,3.782812,2.5555809,3.1433027,1.0727308
2018/8/28,2018/8/29 23:45,3.867188,2.5558639,3.115192,1.1637738
2018/8/29,2018/8/30 0:00,3.596484,3.8970978,3.4455013,3.181901
2018/8/29,2018/8/30 0:15,3.723047,3.857289,3.3790474,3.1112447
2018/8/29,2018/8/30 0:30,2.580469,3.745461,3.3597755,3.0319688
2018/8/29,2018/8/30 0:45,2.696484,3.6391776,3.2904065,2.8922775
2018/8/29,2018/8/30 1:00,4.310156,3.573796,3.245353,2.7197087
2018/8/29,2018/8/30 1:15,2.844141,3.457568,3.1505718,2.59608
2018/8/29,2018/8/30 1:30,3.483984,3.3327143,3.093731,2.3549447
2018/8/29,2018/8/30 1:45,3.596484,3.2333581,2.9852607,2.159502
2018/8/29,2018/8/30 2:00,3.336328,3.1104279,2.8730776,2.000708
2018/8/29,2018/8/30 2:15,3.367969,2.9571352,2.764916,1.7643119
2018/8/29,2018/8/30 2:30,3.026953,2.8180935,2.5966713,1.5457001
2018/8/29,2018/8/30 2:45,3.055078,2.6820881,2.403417,1.2644291
2018/8/29,2018/8/30 3:00,2.896875,2.5630534,2.2232945,1.1011896
2018/8/29,2018/8/30 3:15,2.735156,2.419048,1.9959785,0.8614116
2018/8/29,2018/8/30 3:30,2.376562,2.2536333,1.7511312,0.6993752
2018/8/29,2018/8/30 3:45,1.701562,2.0601404,1.5472312,0.5366859
2018/8/29,2018/8/30 4:00,2.288672,1.8299724,1.3175464,0.4141931
2018/8/29,2018/8/30 4:15,2.014453,1.6213562,1.114038,0.2866744
2018/8/29,2018/8/30 4:30,0.667969,1.43515,0.8912404,0.24728961
2018/8/29,2018/8/30 4:45,0.569531,1.2384424,0.6550413,0.18894425
2018/8/29,2018/8/30 5:00,0.569531,1.0207064,0.51107466,0.13878052
2018/8/29,2018/8/30 5:15,0.492188,0.7875984,0.36374632,0.13424358
2018/8/29,2018/8/30 5:30,0.428906,0.5749074,0.22678931,0.10245066
2018/8/29,2018/8/30 5:45,0.158203,0.46801445,0.18652457,0.08644677
2018/8/29,2018/8/30 6:00,0.035156,0.30486095,0.08767989,0.118657626
2018/8/29,2018/8/30 6:15,0,0.1844435,0.019157402,0.091664106
2018/8/29,2018/8/30 6:30,0,0.1017447,-0.002540052,0.09345863
2018/8/29,2018/8/30 6:45,0,0.063505165,-0.014170505,0.05880366
2018/8/29,2018/8/30 7:00,0,0.029197596,-0.030746477,0.10732341
2018/8/29,2018/8/30 7:15,0,0.012778141,-0.037091754,0.05244004
2018/8/29,2018/8/30 7:30,0,0.004378129,-0.016969228,0.050121125
2018/8/29,2018/8/30 7:45,0,-0.000886835,-0.008839947,0.020442765
2018/8/29,2018/8/30 8:00,0,-0.010006916,-0.010825157,0.025434827
2018/8/29,2018/8/30 8:15,0,-0.029580742,0.013395593,-0.004081011
2018/8/29,2018/8/30 8:30,0,-0.005824818,-0.004891567,-0.00417581
2018/8/29,2018/8/30 8:45,0,-0.004502736,0.017966596,0.021509152
2018/8/29,2018/8/30 9:00,0,-0.014883779,0.024544671,0.035820283
2018/8/29,2018/8/30 9:15,0,0.018163668,0.042452928,0.08928463
2018/8/29,2018/8/30 9:30,0,0.020055603,0.034573752,0.09772956
2018/8/29,2018/8/30 9:45,0,0.016701553,0.035332024,0.06836482
2018/8/29,2018/8/30 10:00,0,0.053138588,0.027580906,0.097127855
2018/8/29,2018/8/30 10:15,0,0.049543545,0.02335912,0.14337176
2018/8/29,2018/8/30 10:30,0,0.0418286,0.018949628,0.09506859
2018/8/29,2018/8/30 10:45,0,0.036785457,0.03012067,0.089785315
2018/8/29,2018/8/30 11:00,0,0.01775071,0.02623951,0.09055345
2018/8/29,2018/8/30 11:15,0,-0.002029724,0.02280945,0.07516817
2018/8/29,2018/8/30 11:30,0,-0.003111184,0.028301455,0.097615935
2018/8/29,2018/8/30 11:45,0,-0.011150517,0.022029703,0.05709902
2018/8/29,2018/8/30 12:00,0,0.015817784,0.01349188,0.07615645
2018/8/29,2018/8/30 12:15,0,0.014755443,0.017790597,0.035721198
2018/8/29,2018/8/30 12:30,0,0.025267228,0.021034319,0.050468042
2018/8/29,2018/8/30 12:45,0,0.04399524,0.01599665,0.011180219
2018/8/29,2018/8/30 13:00,0,0.03679297,0.01810766,0.008366128
2018/8/29,2018/8/30 13:15,0,0.038811386,-0.000599176,-0.007927181
2018/8/29,2018/8/30 13:30,0,0.037778683,0.013251461,-0.04974407
2018/8/29,2018/8/30 13:45,0,0.06133105,0.000675827,-0.07552999
2018/8/29,2018/8/30 14:00,0,0.036656063,0.004221827,-0.07895156
2018/8/29,2018/8/30 14:15,0,0.027992878,0.00906758,-0.076614395
2018/8/29,2018/8/30 14:30,0,0.030577317,0.004447639,-0.117329
2018/8/29,2018/8/30 14:45,0,0.012964413,0.011168927,-0.13661511
2018/8/29,2018/8/30 15:00,0,-0.002310827,0.00771711,-0.13353068
2018/8/29,2018/8/30 15:15,0,0.010529339,0.005983055,-0.14459208
2018/8/29,2018/8/30 15:30,0,0.022228226,0.005172506,-0.19687125
2018/8/29,2018/8/30 15:45,0,0.018964263,-0.003289737,-0.19126645
2018/8/29,2018/8/30 16:00,0,0.01748234,-0.03168741,-0.19047068
2018/8/29,2018/8/30 16:15,0,0.03096947,-0.035429046,-0.173583
2018/8/29,2018/8/30 16:30,0,0.035471044,-0.027975187,-0.17019771
2018/8/29,2018/8/30 16:45,0,0.051634174,-0.024980366,-0.095251694
2018/8/29,2018/8/30 17:00,0,0.06784756,-0.028750561,-0.037559636
2018/8/29,2018/8/30 17:15,0,0.09371633,-0.004333541,0.041459262
2018/8/29,2018/8/30 17:30,0.003516,0.12040503,0.06537572,0.16153672
2018/8/29,2018/8/30 17:45,0,0.13803327,0.093494624,0.299019
2018/8/29,2018/8/30 18:00,0.196875,0.20570181,0.19007112,0.44195822
2018/8/29,2018/8/30 18:15,0.319922,0.26966125,0.306611,0.5928103
2018/8/29,2018/8/30 18:30,0.341016,0.34045553,0.4471035,0.8134755
2018/8/29,2018/8/30 18:45,0.551953,0.4181191,0.5945484,0.9755392
2018/8/29,2018/8/30 19:00,0.566016,0.5019574,0.8061758,1.1644461
2018/8/29,2018/8/30 19:15,0.73125,0.6425381,1.0270362,1.2382324
2018/8/29,2018/8/30 19:30,0.935156,0.78049743,1.2539588,1.4090114
2018/8/29,2018/8/30 19:45,1.873828,0.93018967,1.4828259,1.5591644
2018/8/29,2018/8/30 20:00,1.226953,1.1017839,1.7011251,1.6148795
2018/8/29,2018/8/30 20:15,1.466016,1.2589138,1.9291438,1.7680416
2018/8/29,2018/8/30 20:30,1.750781,1.4119873,2.1343417,1.8107246
2018/8/29,2018/8/30 20:45,2.742188,1.5662786,2.3723533,1.752706
2018/8/29,2018/8/30 21:00,2.844141,1.7329831,2.5616329,1.7499948
2018/8/29,2018/8/30 21:15,3.065625,1.9379671,2.7444673,1.7736694
2018/8/29,2018/8/30 21:30,3.258984,2.055225,2.8720691,1.7007513
2018/8/29,2018/8/30 21:45,3.406641,2.1929216,2.9972703,1.6583257
2018/8/29,2018/8/30 22:00,3.6,2.3021376,3.0707006,1.5532964
2018/8/29,2018/8/30 22:15,3.628125,2.3854368,3.1536593,1.4470971
2018/8/29,2018/8/30 22:30,3.659765,2.4605527,3.2177026,1.3049172
2018/8/29,2018/8/30 22:45,3.733594,2.5080068,3.1988628,1.1606643
2018/8/29,2018/8/30 23:00,3.789844,2.531322,3.262843,1.0951006
2018/8/29,2018/8/30 23:15,3.782812,2.570337,3.2163002,1.0440971
2018/8/29,2018/8/30 23:30,3.867188,2.5789244,3.250468,0.99763983
2018/8/29,2018/8/30 23:45,3.825,2.5526612,3.201708,1.086359
2018/8/30,2018/8/31 0:00,3.723047,3.8910198,3.4059556,3.1292825
2018/8/30,2018/8/31 0:15,2.580469,3.8355212,3.32667,3.0232787
2018/8/30,2018/8/31 0:30,2.696484,3.71214,3.3039305,2.9263806
2018/8/30,2018/8/31 0:45,4.310156,3.5943322,3.2244687,2.7564116
2018/8/30,2018/8/31 1:00,2.844141,3.5172446,3.1698754,2.5753896
2018/8/30,2018/8/31 1:15,3.483984,3.3898096,3.0754426,2.42437
2018/8/30,2018/8/31 1:30,3.596484,3.2516704,3.0078638,2.1747875
2018/8/30,2018/8/31 1:45,3.336328,3.1328256,2.8916128,1.9826187
2018/8/30,2018/8/31 2:00,3.367969,2.986397,2.7762182,1.8236535
2018/8/30,2018/8/31 2:15,3.026953,2.809235,2.659612,1.5923395
2018/8/30,2018/8/31 2:30,3.055078,2.6431053,2.484428,1.3912686
2018/8/30,2018/8/31 2:45,2.896875,2.4833329,2.2830358,1.1189363
2018/8/30,2018/8/31 3:00,2.735156,2.341152,2.0983067,0.97013897
2018/8/30,2018/8/31 3:15,2.376562,2.1793528,1.8697569,0.7510808
2018/8/30,2018/8/31 3:30,1.701562,1.9988341,1.6257293,0.6080108
2018/8/30,2018/8/31 3:45,2.288672,1.794482,1.4202104,0.46176893
2018/8/30,2018/8/31 4:00,2.014453,1.5624815,1.1897428,0.34659952
2018/8/30,2018/8/31 4:15,0.667969,1.3547312,0.990384,0.22415408
2018/8/30,2018/8/31 4:30,0.569531,1.1768664,0.7802969,0.19276293
2018/8/30,2018/8/31 4:45,0.569531,0.9861142,0.5493821,0.13532427
2018/8/30,2018/8/31 5:00,0.492188,0.7884378,0.42706436,0.0905039
2018/8/30,2018/8/31 5:15,0.428906,0.5798854,0.2978096,0.08765443
2018/8/30,2018/8/31 5:30,0.158203,0.3938251,0.17413357,0.060979538
2018/8/30,2018/8/31 5:45,0.035156,0.312971,0.15014645,0.056560542
2018/8/30,2018/8/31 6:00,0,0.18060823,0.0654106,0.086710155
2018/8/30,2018/8/31 6:15,0,0.088603705,0.009815916,0.06489758
2018/8/30,2018/8/31 6:30,0,0.030844018,-0.002110828,0.07865955
2018/8/30,2018/8/31 6:45,0,0.014073223,-0.014505588,0.054646317
2018/8/30,2018/8/31 7:00,0,-0.001909308,-0.024843024,0.10549169
2018/8/30,2018/8/31 7:15,0,-0.005913109,-0.028490089,0.06183282
2018/8/30,2018/8/31 7:30,0,-0.004416991,-0.015379768,0.059792142
2018/8/30,2018/8/31 7:45,0,-0.007089093,-0.004771343,0.04047313
2018/8/30,2018/8/31 8:00,0,-0.013438879,-0.010934696,0.03976216
2018/8/30,2018/8/31 8:15,0,-0.033163846,0.012037888,0.011465628
2018/8/30,2018/8/31 8:30,0,-0.01485922,-0.007076338,0.011482929
2018/8/30,2018/8/31 8:45,0,-0.018782869,0.008989578,0.035087295
2018/8/30,2018/8/31 9:00,0,-0.02969078,0.01776442,0.040734358
2018/8/30,2018/8/31 9:15,0,-0.002746979,0.037423745,0.08322974
2018/8/30,2018/8/31 9:30,0,-0.00546917,0.028262071,0.076679066
2018/8/30,2018/8/31 9:45,0,-0.006767206,0.025839709,0.041986138
2018/8/30,2018/8/31 10:00,0,0.03243247,0.015211094,0.063152015
2018/8/30,2018/8/31 10:15,0,0.036294207,0.016248416,0.10778734
2018/8/30,2018/8/31 10:30,0,0.03300191,0.012843549,0.05385729
2018/8/30,2018/8/31 10:45,0,0.03492583,0.019716967,0.048950717
2018/8/30,2018/8/31 11:00,0,0.024209395,0.019690622,0.05065465
2018/8/30,2018/8/31 11:15,0,0.010597847,0.013015136,0.04597809
2018/8/30,2018/8/31 11:30,0,0.015699536,0.022473376,0.06688379
2018/8/30,2018/8/31 11:45,0,0.012724808,0.013664568,0.038841516
2018/8/30,2018/8/31 12:00,0,0.04168593,0.000896014,0.0642353
2018/8/30,2018/8/31 12:15,0,0.04274702,0.009842068,0.03458756
2018/8/30,2018/8/31 12:30,0,0.048505887,0.012967017,0.05084382
2018/8/30,2018/8/31 12:45,0,0.06262273,0.007973325,0.019258298
2018/8/30,2018/8/31 13:00,0,0.05206398,0.011051066,0.015551223
2018/8/30,2018/8/31 13:15,0,0.04208874,-0.007642984,0.00045354
2018/8/30,2018/8/31 13:30,0,0.039218783,0.011736006,-0.037597165
2018/8/30,2018/8/31 13:45,0,0.052709103,-0.003210202,-0.061062925
2018/8/30,2018/8/31 14:00,0,0.022430465,0.001769617,-0.06587926
2018/8/30,2018/8/31 14:15,0,0.014174324,0.003618993,-0.06956968
2018/8/30,2018/8/31 14:30,0,0.01454185,-0.005953357,-0.108810514
2018/8/30,2018/8/31 14:45,0,-0.001424022,0.003771573,-0.13506548
2018/8/30,2018/8/31 15:00,0,-0.012455419,-0.011196688,-0.13422596
2018/8/30,2018/8/31 15:15,0,0.007270262,-0.013995305,-0.14881681
2018/8/30,2018/8/31 15:30,0,0.025857732,-0.017057434,-0.19719878
2018/8/30,2018/8/31 15:45,0,0.023997553,-0.02680076,-0.19602734
2018/8/30,2018/8/31 16:00,0,0.030014515,-0.054451436,-0.17953445
2018/8/30,2018/8/31 16:15,0,0.044937167,-0.05643043,-0.15643439
2018/8/30,2018/8/31 16:30,0,0.057195306,-0.048242956,-0.13829167
2018/8/30,2018/8/31 16:45,0,0.073128365,-0.040211476,-0.04878269
2018/8/30,2018/8/31 17:00,0,0.09499754,-0.033890016,0.035524357
2018/8/30,2018/8/31 17:15,0.003516,0.12399829,-0.003090866,0.13342857
2018/8/30,2018/8/31 17:30,0,0.15284058,0.087973,0.26734698
2018/8/30,2018/8/31 17:45,0.196875,0.18050459,0.13625044,0.42917666
2018/8/30,2018/8/31 18:00,0.319922,0.25821733,0.24680789,0.5939973
2018/8/30,2018/8/31 18:15,0.341016,0.3337976,0.38429952,0.7597189
2018/8/30,2018/8/31 18:30,0.551953,0.41852912,0.5491888,0.9930741
2018/8/30,2018/8/31 18:45,0.566016,0.5071211,0.7144776,1.1662664
2018/8/30,2018/8/31 19:00,0.73125,0.6050389,0.9405537,1.3596165
2018/8/30,2018/8/31 19:15,0.935156,0.7559572,1.1812636,1.4311141
2018/8/30,2018/8/31 19:30,1.873828,0.8997143,1.4176384,1.5924
2018/8/30,2018/8/31 19:45,1.226953,1.0504978,1.6604902,1.7230763
2018/8/30,2018/8/31 20:00,1.466016,1.2254735,1.8832738,1.7507007
2018/8/30,2018/8/31 20:15,1.750781,1.3817906,2.110653,1.8734012
2018/8/30,2018/8/31 20:30,2.742188,1.5339748,2.3157501,1.8842692
2018/8/30,2018/8/31 20:45,2.844141,1.6869404,2.544267,1.7975913
2018/8/30,2018/8/31 21:00,3.065625,1.8496373,2.7321951,1.7639693
2018/8/30,2018/8/31 21:15,3.258984,2.05412,2.8991215,1.75507
2018/8/30,2018/8/31 21:30,3.406641,2.1634212,3.0152078,1.6669492
2018/8/30,2018/8/31 21:45,3.6,2.292115,3.1209965,1.6073955
2018/8/30,2018/8/31 22:00,3.628125,2.391287,3.1879022,1.4866878
2018/8/30,2018/8/31 22:15,3.659765,2.4632483,3.248913,1.3791906
2018/8/30,2018/8/31 22:30,3.733594,2.5304968,3.3042624,1.2338309
2018/8/30,2018/8/31 22:45,3.789844,2.564994,3.2738798,1.091206
2018/8/30,2018/8/31 23:00,3.782812,2.5692565,3.317875,1.0267595
2018/8/30,2018/8/31 23:15,3.867188,2.588928,3.2610896,0.9846739
2018/8/30,2018/8/31 23:30,3.825,2.5841582,3.2869995,0.9339313
2018/8/30,2018/8/31 23:45,3.786328,2.5362816,3.2263527,1.0137205
2018/8/31,2018/9/1 0:00,2.580469,3.8568962,3.472932,3.0856464
2018/8/31,2018/9/1 0:15,2.696484,3.7893965,3.3790324,2.9474247
2018/8/31,2018/9/1 0:30,4.310156,3.6586611,3.3376915,2.8246288
2018/8/31,2018/9/1 0:45,2.844141,3.5327969,3.2406683,2.6244717
2018/8/31,2018/9/1 1:00,3.483984,3.447069,3.156665,2.4268825
2018/8/31,2018/9/1 1:15,3.596484,3.3127265,3.043359,2.2472897
2018/8/31,2018/9/1 1:30,3.336328,3.1620708,2.9488447,1.9838287
2018/8/31,2018/9/1 1:45,3.367969,3.0249298,2.8028069,1.7896174
2018/8/31,2018/9/1 2:00,3.026953,2.8555202,2.6716309,1.624466
2018/8/31,2018/9/1 2:15,3.055078,2.6541913,2.5361876,1.3962802
2018/8/31,2018/9/1 2:30,2.896875,2.4611456,2.3341615,1.2108315
2018/8/31,2018/9/1 2:45,2.735156,2.275957,2.1187832,0.94570804
2018/8/31,2018/9/1 3:00,2.376562,2.1101673,1.9234736,0.8111007
2018/8/31,2018/9/1 3:15,1.701562,1.93048,1.6966859,0.61711776
2018/8/31,2018/9/1 3:30,2.288672,1.7348262,1.4487231,0.4934606
2018/8/31,2018/9/1 3:45,2.014453,1.5220593,1.2450639,0.36798638
2018/8/31,2018/9/1 4:00,0.667969,1.2890624,1.0164554,0.26370704
2018/8/31,2018/9/1 4:15,0.569531,1.085086,0.8234486,0.15338115
2018/8/31,2018/9/1 4:30,0.569531,0.9188297,0.63007385,0.13194104
2018/8/31,2018/9/1 4:45,0.492188,0.73948413,0.41454658,0.077912875
2018/8/31,2018/9/1 5:00,0.428906,0.5656696,0.30979663,0.04392389
2018/8/31,2018/9/1 5:15,0.158203,0.38700032,0.19778335,0.044844136
2018/8/31,2018/9/1 5:30,0.035156,0.23211157,0.09633446,0.027318979
2018/8/31,2018/9/1 5:45,0,0.18019211,0.08641722,0.030317923
2018/8/31,2018/9/1 6:00,0,0.08062385,0.014214389,0.05647503
2018/8/31,2018/9/1 6:15,0,0.018388733,-0.019974656,0.04015514
2018/8/31,2018/9/1 6:30,0,-0.014367208,-0.019229263,0.060761184
2018/8/31,2018/9/1 6:45,0,-0.010930792,-0.026587434,0.049931217
2018/8/31,2018/9/1 7:00,0,-0.01170408,-0.021618905,0.0991497
2018/8/31,2018/9/1 7:15,0,-0.005287424,-0.015644267,0.069233134
2018/8/31,2018/9/1 7:30,0,0.003030341,-0.003425183,0.0664556
2018/8/31,2018/9/1 7:45,0,0.001996888,0.014312985,0.05801686
2018/8/31,2018/9/1 8:00,0,-0.004219336,0.014324181,0.052805126
2018/8/31,2018/9/1 8:15,0,-0.025889903,0.03863728,0.030902173
2018/8/31,2018/9/1 8:30,0,-0.01446623,0.014490109,0.03127058
2018/8/31,2018/9/1 8:45,0,-0.024788044,0.031445123,0.05306951
2018/8/31,2018/9/1 9:00,0,-0.037086062,0.033578977,0.05159264
2018/8/31,2018/9/1 9:15,0,-0.017900687,0.050741773,0.08038569
2018/8/31,2018/9/1 9:30,0,-0.026567787,0.040724184,0.060608342
2018/8/31,2018/9/1 9:45,0,-0.028746799,0.03774523,0.021114478
2018/8/31,2018/9/1 10:00,0,0.010368139,0.025713036,0.033972375
2018/8/31,2018/9/1 10:15,0,0.018435441,0.03578824,0.06898067
2018/8/31,2018/9/1 10:30,0,0.017610054,0.028648257,0.01129133
2018/8/31,2018/9/1 10:45,0,0.024137434,0.0326189,0.00358831
2018/8/31,2018/9/1 11:00,0,0.018600702,0.033733238,0.006484035
2018/8/31,2018/9/1 11:15,0,0.009450644,0.038026154,0.007230273
2018/8/31,2018/9/1 11:30,0,0.018613141,0.042395696,0.026058199
2018/8/31,2018/9/1 11:45,0,0.019205393,0.028500311,0.012008385
2018/8/31,2018/9/1 12:00,0,0.048997354,0.020714648,0.04227775
2018/8/31,2018/9/1 12:15,0,0.050716892,0.02805527,0.025586374
2018/8/31,2018/9/1 12:30,0,0.05248648,0.033549003,0.045568794
2018/8/31,2018/9/1 12:45,0,0.062526986,0.030653466,0.025781624
2018/8/31,2018/9/1 13:00,0,0.048950367,0.036043517,0.026471768
2018/8/31,2018/9/1 13:15,0,0.029536337,0.017855804,0.020653076
2018/8/31,2018/9/1 13:30,0,0.025364697,0.043706715,-0.010783209
2018/8/31,2018/9/1 13:45,0,0.03209173,0.018013924,-0.030271182
2018/8/31,2018/9/1 14:00,0,-0.001178125,0.021656573,-0.034319036
2018/8/31,2018/9/1 14:15,0,-0.006626513,0.02701012,-0.044354554
2018/8/31,2018/9/1 14:30,0,-0.005327448,0.012461349,-0.08937074
2018/8/31,2018/9/1 14:45,0,-0.01793145,0.01767239,-0.121890575
2018/8/31,2018/9/1 15:00,0,-0.022286281,-0.007153839,-0.13148956
2018/8/31,2018/9/1 15:15,0,0.00492236,-0.006011963,-0.1518695
2018/8/31,2018/9/1 15:30,0,0.030121863,-0.012824848,-0.20121878
2018/8/31,2018/9/1 15:45,0,0.030706305,-0.020410657,-0.20772639
2018/8/31,2018/9/1 16:00,0,0.042643152,-0.04551363,-0.17623214
2018/8/31,2018/9/1 16:15,0,0.058362752,-0.03908834,-0.14027181
2018/8/31,2018/9/1 16:30,0,0.07696471,-0.026065663,-0.104516
2018/8/31,2018/9/1 16:45,0,0.09115324,-0.001861677,0.004516408
2018/8/31,2018/9/1 17:00,0.003516,0.11854246,0.025269732,0.11746684
2018/8/31,2018/9/1 17:15,0,0.15058681,0.06856546,0.23877966
2018/8/31,2018/9/1 17:30,0.196875,0.18264861,0.18857609,0.38950276
2018/8/31,2018/9/1 17:45,0.319922,0.2221215,0.26027718,0.5702047
2018/8/31,2018/9/1 18:00,0.341016,0.31328374,0.39195585,0.75459194
2018/8/31,2018/9/1 18:15,0.551953,0.40525267,0.54723465,0.9251796
2018/8/31,2018/9/1 18:30,0.566016,0.50911766,0.7280492,1.1641246
2018/8/31,2018/9/1 18:45,0.73125,0.6153493,0.9099541,1.343097
2018/8/31,2018/9/1 19:00,0.935156,0.73273516,1.1407473,1.5293533
2018/8/31,2018/9/1 19:15,1.873828,0.89983016,1.3877819,1.5991607
2018/8/31,2018/9/1 19:30,1.226953,1.0538398,1.6256008,1.7455049
2018/8/31,2018/9/1 19:45,1.466016,1.2100458,1.8612088,1.8595575
2018/8/31,2018/9/1 20:00,1.750781,1.3889937,2.0771813,1.861507
2018/8/31,2018/9/1 20:15,2.742188,1.5435777,2.2901325,1.9575737
2018/8/31,2018/9/1 20:30,2.844141,1.6906918,2.476226,1.9447738
2018/8/31,2018/9/1 20:45,3.065625,1.8369436,2.689857,1.8362384
2018/8/31,2018/9/1 21:00,3.258984,1.987687,2.858871,1.7753345
2018/8/31,2018/9/1 21:15,3.406641,2.1842203,2.9974868,1.7387357
2018/8/31,2018/9/1 21:30,3.6,2.2759209,3.0972042,1.6396858
2018/8/31,2018/9/1 21:45,3.628125,2.385982,3.1810627,1.5620872
2018/8/31,2018/9/1 22:00,3.659765,2.4682148,3.2386558,1.4357958
2018/8/31,2018/9/1 22:15,3.733594,2.5217628,3.284512,1.3298951
2018/8/31,2018/9/1 22:30,3.789844,2.5775578,3.3327599,1.180109
2018/8/31,2018/9/1 22:45,3.782812,2.5952308,3.28991,1.044933
2018/8/31,2018/9/1 23:00,3.867188,2.5820048,3.3278644,0.9786413
2018/8/31,2018/9/1 23:15,3.825,2.583624,3.2621148,0.9469239
2018/8/31,2018/9/1 23:30,3.786328,2.5673804,3.2840087,0.8896472
2018/8/31,2018/9/1 23:45,3.796875,2.5027454,3.2083957,0.960261
2018/11/24,2018/11/25 0:00,2.696484,3.8338182,3.4832835,3.0161762
2018/11/24,2018/11/25 0:15,4.310156,3.7616694,3.3811939,2.8582308
2018/11/24,2018/11/25 0:30,2.844141,3.628353,3.3238957,2.7123861
2018/11/24,2018/11/25 0:45,3.483984,3.496897,3.2114472,2.4976807
2018/11/24,2018/11/25 1:00,3.596484,3.403504,3.112819,2.2775419
2018/11/24,2018/11/25 1:15,3.336328,3.2639112,2.979609,2.0717528
2018/11/24,2018/11/25 1:30,3.367969,3.1003847,2.8713408,1.7992551
2018/11/24,2018/11/25 1:45,3.026953,2.945711,2.7006874,1.5935627
2018/11/24,2018/11/25 2:00,3.055078,2.7561684,2.5593474,1.4199597
2018/11/24,2018/11/25 2:15,2.896875,2.5336661,2.4077272,1.1930143
2018/11/24,2018/11/25 2:30,2.735156,2.3183758,2.1959496,1.0149275
2018/11/24,2018/11/25 2:45,2.376562,2.1111405,1.973879,0.7530711
2018/11/24,2018/11/25 3:00,1.701562,1.9258065,1.7775164,0.6354594
2018/11/24,2018/11/25 3:15,2.288672,1.7318984,1.5584493,0.4666053
2018/11/24,2018/11/25 3:30,2.014453,1.5241512,1.3232412,0.3670181
2018/11/24,2018/11/25 3:45,0.667969,1.3072848,1.1300408,0.26372474
2018/11/24,2018/11/25 4:00,0.569531,1.0741638,0.9147057,0.17934795
2018/11/24,2018/11/25 4:15,0.569531,0.87533605,0.7375608,0.09097724
2018/11/24,2018/11/25 4:30,0.492188,0.72148633,0.5666692,0.08507437
2018/11/24,2018/11/25 4:45,0.428906,0.5561227,0.37395462,0.03186752
2018/11/24,2018/11/25 5:00,0.158203,0.4041863,0.2845888,0.010905013
2018/11/24,2018/11/25 5:15,0.035156,0.25411922,0.18203405,0.01800091
2018/11/24,2018/11/25 5:30,0,0.12723963,0.0914837,0.00611016
2018/11/24,2018/11/25 5:45,0,0.09979421,0.087892324,0.011280095
2018/11/24,2018/11/25 6:00,0,0.026678026,0.020048782,0.029684527
2018/11/24,2018/11/25 6:15,0,-0.012006611,-0.011193685,0.01565407
2018/11/24,2018/11/25 6:30,0,-0.026510105,-0.011664599,0.040253296
2018/11/24,2018/11/25 6:45,0,-0.009793758,-0.031654723,0.036281664
2018/11/24,2018/11/25 7:00,0,-0.003274769,-0.028155802,0.08154225
2018/11/24,2018/11/25 7:15,0,0.008120254,-0.021182194,0.066372186
2018/11/24,2018/11/25 7:30,0,0.018281914,-0.019575628,0.057360288
2018/11/24,2018/11/25 7:45,0,0.016228711,0.002183148,0.060452178
2018/11/24,2018/11/25 8:00,0,0.007736421,-0.002451748,0.05443019
2018/11/24,2018/11/25 8:15,0,-0.016892672,0.016984157,0.03933132
2018/11/24,2018/11/25 8:30,0,-0.012329306,-0.002850376,0.041884765
2018/11/24,2018/11/25 8:45,0,-0.02805005,0.018381666,0.060602218
2018/11/24,2018/11/25 9:00,0,-0.041704483,0.021746747,0.052674152
2018/11/24,2018/11/25 9:15,0,-0.028453767,0.04306962,0.0699106
2018/11/24,2018/11/25 9:30,0,-0.04161582,0.03126479,0.046107814
2018/11/24,2018/11/25 9:45,0,-0.045927107,0.030420404,0.001767844
2018/11/24,2018/11/25 10:00,0,-0.007619718,0.025127074,0.005508874
2018/11/24,2018/11/25 10:15,0,0.002367683,0.039492458,0.026584342
2018/11/24,2018/11/25 10:30,0,0.002320267,0.030844383,-0.02702295
2018/11/24,2018/11/25 10:45,0,0.010548213,0.03294116,-0.03849136
2018/11/24,2018/11/25 11:00,0,0.006085292,0.035248842,-0.03473921
2018/11/24,2018/11/25 11:15,0,-0.001323126,0.042455874,-0.03503448
2018/11/24,2018/11/25 11:30,0,0.009268824,0.048164412,-0.01500386
2018/11/24,2018/11/25 11:45,0,0.010958366,0.031644613,-0.013068128
2018/11/24,2018/11/25 12:00,0,0.03961857,0.025526635,0.02583691
2018/11/24,2018/11/25 12:15,0,0.040394634,0.035603553,0.021690065
2018/11/24,2018/11/25 12:30,0,0.03985563,0.041142605,0.046568163
2018/11/24,2018/11/25 12:45,0,0.04777719,0.035928108,0.03512994
2018/11/24,2018/11/25 13:00,0,0.032419704,0.04807177,0.049305107
2018/11/24,2018/11/25 13:15,0,0.008160979,0.027903717,0.058215983
2018/11/24,2018/11/25 13:30,0,0.004324034,0.053502373,0.03829164
2018/11/24,2018/11/25 13:45,0,0.00891003,0.020051852,0.017248392
2018/11/24,2018/11/25 14:00,0,-0.023840342,0.024502464,0.018719163
2018/11/24,2018/11/25 14:15,0,-0.024999384,0.031253934,-6.95E-05
2018/11/24,2018/11/25 14:30,0,-0.019600973,0.013736337,-0.054894906
2018/11/24,2018/11/25 14:45,0,-0.028052013,0.012259901,-0.08768274
2018/11/24,2018/11/25 15:00,0,-0.025233284,-0.021052137,-0.11010699
2018/11/24,2018/11/25 15:15,0,0.008451283,-0.022291407,-0.13853617
2018/11/24,2018/11/25 15:30,0,0.038320564,-0.030371696,-0.19087738
2018/11/24,2018/11/25 15:45,0,0.041112818,-0.044036202,-0.20298621
2018/11/24,2018/11/25 16:00,0,0.056310292,-0.0685578,-0.1556748
2018/11/24,2018/11/25 16:15,0,0.07178807,-0.057606712,-0.102024294
2018/11/24,2018/11/25 16:30,0,0.094223976,-0.045143664,-0.04473275
2018/11/24,2018/11/25 16:45,0.003516,0.10711842,-0.008844122,0.08493752
2018/11/24,2018/11/25 17:00,0,0.13984154,0.02768375,0.22982351
2018/11/24,2018/11/25 17:15,0.196875,0.17582178,0.084969625,0.38137817
2018/11/24,2018/11/25 17:30,0.319922,0.21349403,0.22550543,0.55589736
2018/11/24,2018/11/25 17:45,0.341016,0.26548094,0.3179979,0.74939
2018/11/24,2018/11/25 18:00,0.551953,0.3725294,0.47408688,0.9564148
2018/11/24,2018/11/25 18:15,0.566016,0.48354986,0.64532804,1.1309897
2018/11/24,2018/11/25 18:30,0.73125,0.6088031,0.85054475,1.3759767
2018/11/24,2018/11/25 18:45,0.935156,0.73656607,1.0565102,1.558655
2018/11/24,2018/11/25 19:00,1.873828,0.8755666,1.2974315,1.7329973
2018/11/24,2018/11/25 19:15,1.226953,1.0601977,1.5526899,1.7986135
2018/11/24,2018/11/25 19:30,1.466016,1.225424,1.7980475,1.9320449
2018/11/24,2018/11/25 19:45,1.750781,1.3874131,2.0341036,2.027576
2018/11/24,2018/11/25 20:00,2.742188,1.5676188,2.2516131,2.0047133
2018/11/24,2018/11/25 20:15,2.844141,1.7172506,2.4516387,2.072266
2018/11/24,2018/11/25 20:30,3.065625,1.8524183,2.6258812,2.0277395
2018/11/24,2018/11/25 20:45,3.258984,1.9835101,2.8218427,1.9021068
2018/11/24,2018/11/25 21:00,3.406641,2.1133246,2.9764955,1.8003393
2018/11/24,2018/11/25 21:15,3.6,2.2914784,3.0969598,1.7353277
2018/11/24,2018/11/25 21:30,3.628125,2.355592,3.1828187,1.6171509
2018/11/24,2018/11/25 21:45,3.659765,2.438234,3.2473993,1.5200571
2018/11/24,2018/11/25 22:00,3.733594,2.4973352,3.2918785,1.3877385
2018/11/24,2018/11/25 22:15,3.789844,2.527219,3.334294,1.2777938
2018/11/24,2018/11/25 22:30,3.782812,2.568766,3.3754132,1.1237675
2018/11/24,2018/11/25 22:45,3.867188,2.5691888,3.3261359,0.9918371
2018/11/24,2018/11/25 23:00,3.825,2.5432398,3.357032,0.9153501
2018/11/24,2018/11/25 23:15,3.786328,2.5329003,3.2875502,0.8967969
2018/11/24,2018/11/25 23:30,3.796875,2.51074,3.3113184,0.83881927
2018/11/24,2018/11/25 23:45,3.744141,2.438482,3.2241669,0.89768744
2018/11/25,2018/11/26 0:00,4.310156,3.8023338,3.5329108,3.04582
2018/11/25,2018/11/26 0:15,2.844141,3.7216299,3.3994467,2.8453977
2018/11/25,2018/11/26 0:30,3.483984,3.5810812,3.3276048,2.6585512
2018/11/25,2018/11/26 0:45,3.596484,3.43985,3.181413,2.4154286
2018/11/25,2018/11/26 1:00,3.336328,3.3336701,3.0484147,2.161408
2018/11/25,2018/11/26 1:15,3.367969,3.1862397,2.8918278,1.9186369
2018/11/25,2018/11/26 1:30,3.026953,3.0067508,2.7398562,1.6335264
2018/11/25,2018/11/26 1:45,3.055078,2.833462,2.5330129,1.4082892
2018/11/25,2018/11/26 2:00,2.896875,2.625281,2.3565226,1.2243187
2018/11/25,2018/11/26 2:15,2.735156,2.3847442,2.1731915,1.0008082
2018/11/25,2018/11/26 2:30,2.376562,2.1528625,1.9293215,0.8261233
2018/11/25,2018/11/26 2:45,1.701562,1.928931,1.6830806,0.57005376
2018/11/25,2018/11/26 3:00,2.288672,1.730593,1.469722,0.47958457
2018/11/25,2018/11/26 3:15,2.014453,1.529504,1.2410296,0.34001768
2018/11/25,2018/11/26 3:30,0.667969,1.3163234,1.011624,0.26819447
2018/11/25,2018/11/26 3:45,0.569531,1.1031443,0.82034814,0.1980679
2018/11/25,2018/11/26 4:00,0.569531,0.87611157,0.62188596,0.13974525
2018/11/25,2018/11/26 4:15,0.492188,0.6886615,0.46133894,0.08298153
2018/11/25,2018/11/26 4:30,0.428906,0.5521772,0.3220501,0.0934282
2018/11/25,2018/11/26 4:45,0.158203,0.40585315,0.15805463,0.043672167
2018/11/25,2018/11/26 5:00,0.035156,0.27745238,0.10474643,0.036551807
2018/11/25,2018/11/26 5:15,0,0.15690938,0.03767836,0.043593716
2018/11/25,2018/11/26 5:30,0,0.057287656,-0.011834413,0.03199858
2018/11/25,2018/11/26 5:45,0,0.051274247,0.005519047,0.020938614
2018/11/25,2018/11/26 6:00,0,0.001233548,-0.02477941,0.025893236
2018/11/25,2018/11/26 6:15,0,-0.018452287,-0.025479726,0.007798556
2018/11/25,2018/11/26 6:30,0,-0.019388884,-0.014467925,0.02767739
2018/11/25,2018/11/26 6:45,0,0.006055802,-0.01333309,0.021798294
2018/11/25,2018/11/26 7:00,0,0.01491943,-0.001557821,0.056410976
2018/11/25,2018/11/26 7:15,0,0.028125256,0.01930929,0.05085326
2018/11/25,2018/11/26 7:30,0,0.03733166,0.02082929,0.032306682
2018/11/25,2018/11/26 7:45,0,0.032935306,0.048635315,0.04476525
2018/11/25,2018/11/26 8:00,0,0.021182628,0.044340156,0.040267542
2018/11/25,2018/11/26 8:15,0,-0.006184116,0.05699038,0.0345912
2018/11/25,2018/11/26 8:30,0,-0.007944578,0.046212465,0.03771798
2018/11/25,2018/11/26 8:45,0,-0.028007403,0.06501137,0.05312969
2018/11/25,2018/11/26 9:00,0,-0.042284004,0.060054157,0.043089233
2018/11/25,2018/11/26 9:15,0,-0.032938942,0.07419336,0.048243217
2018/11/25,2018/11/26 9:30,0,-0.04914725,0.054527126,0.02864169
2018/11/25,2018/11/26 9:45,0,-0.05587156,0.059464794,-0.015963474
2018/11/25,2018/11/26 10:00,0,-0.018595029,0.03992482,-0.018409539
2018/11/25,2018/11/26 10:15,0,-0.008171395,0.04880123,-0.011743836
2018/11/25,2018/11/26 10:30,0,-0.008675179,0.03789968,-0.058546174
2018/11/25,2018/11/26 10:45,0,-0.000696156,0.02716218,-0.07389033
2018/11/25,2018/11/26 11:00,0,-0.006920755,0.025082774,-0.068679795
2018/11/25,2018/11/26 11:15,0,-0.015160948,0.026203994,-0.071828865
2018/11/25,2018/11/26 11:30,0,-0.005840126,0.033211943,-0.050982006
2018/11/25,2018/11/26 11:45,0,-0.005147371,0.003914211,-0.034010183
2018/11/25,2018/11/26 12:00,0,0.020539239,-0.000617415,0.009934675
2018/11/25,2018/11/26 12:15,0,0.019073367,0.008343052,0.017679222
2018/11/25,2018/11/26 12:30,0,0.017349452,0.01306241,0.0455293
2018/11/25,2018/11/26 12:45,0,0.023927893,0.002814315,0.04196648
2018/11/25,2018/11/26 13:00,0,0.007139474,0.011407249,0.069203794
2018/11/25,2018/11/26 13:15,0,-0.018727258,-0.005950376,0.09123213
2018/11/25,2018/11/26 13:30,0,-0.02181165,0.014421113,0.07991378
2018/11/25,2018/11/26 13:45,0,-0.016530633,-0.009561583,0.05786827
2018/11/25,2018/11/26 14:00,0,-0.046767864,-0.00831376,0.064703524
2018/11/25,2018/11/26 14:15,0,-0.043277998,0.002499037,0.03553723
2018/11/25,2018/11/26 14:30,0,-0.032201663,-0.01800327,-0.026963178
2018/11/25,2018/11/26 14:45,0,-0.03655522,-0.015795678,-0.061086345
2018/11/25,2018/11/26 15:00,0,-0.02634807,-0.040134028,-0.0952322
2018/11/25,2018/11/26 15:15,0,0.012878954,-0.03128782,-0.12843661
2018/11/25,2018/11/26 15:30,0,0.04616645,-0.031269237,-0.18237579
2018/11/25,2018/11/26 15:45,0,0.0509456,-0.03304044,-0.20100817
2018/11/25,2018/11/26 16:00,0,0.06815143,-0.033497408,-0.13352028
2018/11/25,2018/11/26 16:15,0,0.082966045,0.002356783,-0.059673212
2018/11/25,2018/11/26 16:30,0.003516,0.1081843,0.04558508,0.020970412
2018/11/25,2018/11/26 16:45,0,0.121323146,0.10296205,0.17557424
2018/11/25,2018/11/26 17:00,0.196875,0.16104451,0.17928311,0.35382318
2018/11/25,2018/11/26 17:15,0.319922,0.20267633,0.27035594,0.53894246
2018/11/25,2018/11/26 17:30,0.341016,0.24877384,0.44991615,0.7399851
2018/11/25,2018/11/26 17:45,0.551953,0.31543034,0.58250606,0.94844234
2018/11/25,2018/11/26 18:00,0.566016,0.4411916,0.76962686,1.1809129
2018/11/25,2018/11/26 18:15,0.73125,0.5734006,0.95840997,1.3566914
2018/11/25,2018/11/26 18:30,0.935156,0.7209137,1.1941797,1.6068769
2018/11/25,2018/11/26 18:45,1.873828,0.8714136,1.41201,1.7915821
2018/11/25,2018/11/26 19:00,1.226953,1.0317136,1.6577071,1.9486225
2018/11/25,2018/11/26 19:15,1.466016,1.232602,1.9048327,2.0084274
2018/11/25,2018/11/26 19:30,1.750781,1.4070221,2.139079,2.1243355
2018/11/25,2018/11/26 19:45,2.742188,1.5721282,2.3614357,2.1946197
2018/11/25,2018/11/26 20:00,2.844141,1.7502056,2.5787811,2.144622
2018/11/25,2018/11/26 20:15,3.065625,1.8915131,2.7429123,2.173962
2018/11/25,2018/11/26 20:30,3.258984,2.0097914,2.8948565,2.09419
2018/11/25,2018/11/26 20:45,3.406641,2.1212807,3.063376,1.9482701
2018/11/25,2018/11/26 21:00,3.6,2.2248654,3.1814227,1.8032991
2018/11/25,2018/11/26 21:15,3.628125,2.379272,3.277708,1.707991
2018/11/25,2018/11/26 21:30,3.659765,2.411563,3.334697,1.5673454
2018/11/25,2018/11/26 21:45,3.733594,2.4633224,3.364064,1.4454043
2018/11/25,2018/11/26 22:00,3.789844,2.4978552,3.3845851,1.3050153
2018/11/25,2018/11/26 22:15,3.782812,2.502264,3.4178238,1.1931356
2018/11/25,2018/11/26 22:30,3.867188,2.5300972,3.4327183,1.0401466
2018/11/25,2018/11/26 22:45,3.825,2.5147142,3.3873796,0.91767967
2018/11/25,2018/11/26 23:00,3.786328,2.4803994,3.3998723,0.8353044
2018/11/25,2018/11/26 23:15,3.796875,2.462448,3.318513,0.8353759
2018/11/25,2018/11/26 23:30,3.744141,2.437536,3.3341448,0.78465754
2018/11/25,2018/11/26 23:45,3.652734,2.3626115,3.2391415,0.83688533
2018/11/26,2018/11/27 0:00,2.844141,3.646132,3.5471723,2.9650834
2018/11/26,2018/11/27 0:15,3.483984,3.5382323,3.3874342,2.7379098
2018/11/26,2018/11/27 0:30,3.596484,3.3755832,3.2953057,2.5293252
2018/11/26,2018/11/27 0:45,3.336328,3.216472,3.126479,2.2808619
2018/11/26,2018/11/27 1:00,3.367969,3.093491,2.9634824,2.0184467
2018/11/26,2018/11/27 1:15,3.026953,2.9410276,2.78482,1.7642289
2018/11/26,2018/11/27 1:30,3.055078,2.7505178,2.6138604,1.4867464
2018/11/26,2018/11/27 1:45,2.896875,2.5694501,2.3832695,1.2619225
2018/11/26,2018/11/27 2:00,2.735156,2.3542173,2.1946945,1.0784498
2018/11/26,2018/11/27 2:15,2.376562,2.11429,2.002535,0.87263924
2018/11/26,2018/11/27 2:30,1.701562,1.8882773,1.7530509,0.70493096
2018/11/26,2018/11/27 2:45,2.288672,1.665813,1.5057956,0.4585491
2018/11/26,2018/11/27 3:00,2.014453,1.4752907,1.3002789,0.3904633
2018/11/26,2018/11/27 3:15,0.667969,1.285439,1.0857987,0.27569854
2018/11/26,2018/11/27 3:30,0.569531,1.0812676,0.8717305,0.21151066
2018/11/26,2018/11/27 3:45,0.569531,0.8865966,0.69982445,0.17401351
2018/11/26,2018/11/27 4:00,0.492188,0.68084186,0.5158283,0.124816015
2018/11/26,2018/11/27 4:15,0.428906,0.5157163,0.37103474,0.08404139
2018/11/26,2018/11/27 4:30,0.158203,0.40633202,0.24787174,0.08718596
2018/11/26,2018/11/27 4:45,0.035156,0.28303173,0.10641228,0.03659581
2018/11/26,2018/11/27 5:00,0,0.18061917,0.059859313,0.03799124
2018/11/26,2018/11/27 5:15,0,0.089719534,0.005187012,0.036927428
2018/11/26,2018/11/27 5:30,0,0.014980514,-0.020715848,0.02515931
2018/11/26,2018/11/27 5:45,0,0.022023544,-0.00639157,0.002478939
2018/11/26,2018/11/27 6:00,0,-0.009125099,-0.029541388,0.000472393
2018/11/26,2018/11/27 6:15,0,-0.017457418,-0.018174805,-0.01616446
2018/11/26,2018/11/27 6:30,0,-0.010752216,-0.005769551,0.000794485
2018/11/26,2018/11/27 6:45,0,0.01705578,-0.001474761,0.003950082
2018/11/26,2018/11/27 7:00,0,0.024086937,0.014278986,0.025500443
2018/11/26,2018/11/27 7:15,0,0.037983805,0.04226085,0.022158619
2018/11/26,2018/11/27 7:30,0,0.046824254,0.04059119,0.003079176
2018/11/26,2018/11/27 7:45,0,0.04250926,0.07537346,0.016267251
2018/11/26,2018/11/27 8:00,0,0.02954781,0.07616927,0.012515903
2018/11/26,2018/11/27 8:15,0,0.003186673,0.0886203,0.0161814
2018/11/26,2018/11/27 8:30,0,-0.002633886,0.07489007,0.015990762
2018/11/26,2018/11/27 8:45,0,-0.025763996,0.0927618,0.030163968
2018/11/26,2018/11/27 9:00,0,-0.039176606,0.08709234,0.018658828
2018/11/26,2018/11/27 9:15,0,-0.03182978,0.08822028,0.016101064
2018/11/26,2018/11/27 9:30,0,-0.052061304,0.07087745,0.002339743
2018/11/26,2018/11/27 9:45,0,-0.06304152,0.07502741,-0.028470317
2018/11/26,2018/11/27 10:00,0,-0.029990565,0.04997043,-0.029582404
2018/11/26,2018/11/27 10:15,0,-0.021450013,0.061008953,-0.028915275
2018/11/26,2018/11/27 10:30,0,-0.024948297,0.04693489,-0.06467734
2018/11/26,2018/11/27 10:45,0,-0.019683495,0.035922013,-0.08024319
2018/11/26,2018/11/27 11:00,0,-0.029901102,0.031223066,-0.0714407
2018/11/26,2018/11/27 11:15,0,-0.042333707,0.037648633,-0.07876265
2018/11/26,2018/11/27 11:30,0,-0.03676768,0.041709,-0.055883564
2018/11/26,2018/11/27 11:45,0,-0.0373095,0.013344158,-0.03162196
2018/11/26,2018/11/27 12:00,0,-0.015190527,0.012337416,0.008774372
2018/11/26,2018/11/27 12:15,0,-0.018059433,0.012103848,0.020065172
2018/11/26,2018/11/27 12:30,0,-0.018681318,0.018522024,0.0468736
2018/11/26,2018/11/27 12:45,0,-0.01180879,0.018824082,0.045354273
2018/11/26,2018/11/27 13:00,0,-0.027435109,0.021647647,0.07431506
2018/11/26,2018/11/27 13:15,0,-0.051922813,0.008493241,0.10111257
2018/11/26,2018/11/27 13:30,0,-0.05292982,0.026217118,0.0965666
2018/11/26,2018/11/27 13:45,0,-0.045639217,-0.000589252,0.077412136
2018/11/26,2018/11/27 14:00,0,-0.071176276,-0.007519454,0.08782454
2018/11/26,2018/11/27 14:15,0,-0.06219006,0.003166847,0.04916105
2018/11/26,2018/11/27 14:30,0,-0.0455226,-0.019051015,-0.016390275
2018/11/26,2018/11/27 14:45,0,-0.04428423,-0.01991278,-0.043955494
2018/11/26,2018/11/27 15:00,0,-0.026752189,-0.04647921,-0.08504921
2018/11/26,2018/11/27 15:15,0,0.01913485,-0.03623122,-0.1160108
2018/11/26,2018/11/27 15:30,0,0.055845402,-0.033135757,-0.16748959
2018/11/26,2018/11/27 15:45,0,0.06284267,-0.02590333,-0.1805731
2018/11/26,2018/11/27 16:00,0,0.08318283,-0.011843145,-0.10035439
2018/11/26,2018/11/27 16:15,0.003516,0.0986844,0.04241484,-0.003050707
2018/11/26,2018/11/27 16:30,0,0.12832603,0.10765907,0.09746976
2018/11/26,2018/11/27 16:45,0.196875,0.14694917,0.20284763,0.2781862
2018/11/26,2018/11/27 17:00,0.319922,0.19911541,0.32531106,0.48861754
2018/11/26,2018/11/27 17:15,0.341016,0.25047722,0.4532128,0.7000377
2018/11/26,2018/11/27 17:30,0.551953,0.3084796,0.67827487,0.9379118
2018/11/26,2018/11/27 17:45,0.566016,0.39738286,0.8486611,1.1511903
2018/11/26,2018/11/27 18:00,0.73125,0.548211,1.0723633,1.4041741
2018/11/26,2018/11/27 18:15,0.935156,0.70879096,1.296761,1.5791727
2018/11/26,2018/11/27 18:30,1.873828,0.8829907,1.5580711,1.8138548
2018/11/26,2018/11/27 18:45,1.226953,1.0625452,1.784789,1.9869053
2018/11/26,2018/11/27 19:00,1.466016,1.2490011,2.0412605,2.112266
2018/11/26,2018/11/27 19:15,1.750781,1.4691702,2.2867992,2.15366
2018/11/26,2018/11/27 19:30,2.742188,1.6546082,2.5113075,2.2302685
2018/11/26,2018/11/27 19:45,2.844141,1.8248293,2.7179992,2.268319
2018/11/26,2018/11/27 20:00,3.065625,2.0026004,2.915807,2.183774
2018/11/26,2018/11/27 20:15,3.258984,2.1351452,3.0469527,2.177508
2018/11/26,2018/11/27 20:30,3.406641,2.2357278,3.1705341,2.0699024
2018/11/26,2018/11/27 20:45,3.6,2.3264375,3.3074343,1.909953
2018/11/26,2018/11/27 21:00,3.628125,2.3977633,3.3831074,1.7331322
2018/11/26,2018/11/27 21:15,3.659765,2.5231698,3.4505105,1.6314123
2018/11/26,2018/11/27 21:30,3.733594,2.5185935,3.4709835,1.4789393
2018/11/26,2018/11/27 21:45,3.789844,2.5338771,3.4774818,1.3561213
2018/11/26,2018/11/27 22:00,3.782812,2.5378861,3.471176,1.2252368
2018/11/26,2018/11/27 22:15,3.867188,2.505901,3.4876788,1.1305915
2018/11/26,2018/11/27 22:30,3.825,2.5141134,3.4800713,0.9947826
2018/11/26,2018/11/27 22:45,3.786328,2.4765713,3.4217103,0.8959396
2018/11/26,2018/11/27 23:00,3.796875,2.427796,3.4200056,0.8202948
2018/11/26,2018/11/27 23:15,3.744141,2.3977559,3.3184726,0.8437436
2018/11/26,2018/11/27 23:30,3.652734,2.3641036,3.3302712,0.80721855
2018/11/26,2018/11/27 23:45,3.628125,2.28181,3.2104783,0.8564266
2018/11/27,2018/11/28 0:00,3.483984,3.5817065,3.3481905,2.790231
2018/11/27,2018/11/28 0:15,3.596484,3.469981,3.1706483,2.585026
2018/11/27,2018/11/28 0:30,3.336328,3.298418,3.070303,2.3944345
2018/11/27,2018/11/28 0:45,3.367969,3.1271431,2.8795114,2.1679037
2018/11/27,2018/11/28 1:00,3.026953,2.9872658,2.7006571,1.919878
2018/11/27,2018/11/28 1:15,3.055078,2.8236258,2.5026643,1.6785834
2018/11/27,2018/11/28 1:30,2.896875,2.6149971,2.3062377,1.4126251
2018/11/27,2018/11/28 1:45,2.735156,2.4187186,2.0621338,1.1976949
2018/11/27,2018/11/28 2:00,2.376562,2.1900702,1.8573923,1.0147389
2018/11/27,2018/11/28 2:15,1.701562,1.9424576,1.6541631,0.82138
2018/11/27,2018/11/28 2:30,2.288672,1.7132382,1.4102209,0.65584934
2018/11/27,2018/11/28 2:45,2.014453,1.4864836,1.1712478,0.40826792
2018/11/27,2018/11/28 3:00,0.667969,1.2962126,0.98882914,0.3493674
2018/11/27,2018/11/28 3:15,0.569531,1.1107928,0.800033,0.24351461
2018/11/27,2018/11/28 3:30,0.569531,0.9128524,0.6260391,0.1785632
2018/11/27,2018/11/28 3:45,0.492188,0.7327402,0.48994535,0.15654464
2018/11/27,2018/11/28 4:00,0.428906,0.5425153,0.34167528,0.113264665
2018/11/27,2018/11/28 4:15,0.158203,0.3947155,0.24296221,0.07031669
2018/11/27,2018/11/28 4:30,0.035156,0.3060265,0.1546532,0.068012886
2018/11/27,2018/11/28 4:45,0,0.20321557,0.058755815,0.021342302
2018/11/27,2018/11/28 5:00,0,0.121028565,0.03123229,0.022294398
2018/11/27,2018/11/28 5:15,0,0.05294794,-0.006115362,0.014177339
2018/11/27,2018/11/28 5:30,0,-0.003837783,-0.008242607,0.001057491
2018/11/27,2018/11/28 5:45,0,0.012320265,0.004897818,-0.01772406
2018/11/27,2018/11/28 6:00,0,-0.006489217,-0.010232404,-0.024934694
2018/11/27,2018/11/28 6:15,0,-0.008898355,0.005353317,-0.039288606
2018/11/27,2018/11/28 6:30,0,0.000208706,0.010211479,-0.01904513
2018/11/27,2018/11/28 6:45,0,0.028056957,0.016004235,-0.012605361
2018/11/27,2018/11/28 7:00,0,0.030125625,0.020740619,0.00531733
2018/11/27,2018/11/28 7:15,0,0.042732187,0.043954708,0.000270993
2018/11/27,2018/11/28 7:30,0,0.049474936,0.029522482,-0.017266829
2018/11/27,2018/11/28 7:45,0,0.044538703,0.061921705,-0.003252198
2018/11/27,2018/11/28 8:00,0,0.030338425,0.060740262,-0.004477199
2018/11/27,2018/11/28 8:15,0,0.004719734,0.06951854,0.003609818
2018/11/27,2018/11/28 8:30,0,-0.003078698,0.05777888,0.002358981
2018/11/27,2018/11/28 8:45,0,-0.027363941,0.073327795,0.017428024
2018/11/27,2018/11/28 9:00,0,-0.040077113,0.07384932,0.00444196
2018/11/27,2018/11/28 9:15,0,-0.031400256,0.0680771,0.00150815
2018/11/27,2018/11/28 9:30,0,-0.053032525,0.060226403,-0.005122673
2018/11/27,2018/11/28 9:45,0,-0.06599529,0.06336068,-0.029712154
2018/11/27,2018/11/28 10:00,0,-0.03380783,0.051764503,-0.028826486
2018/11/27,2018/11/28 10:15,0,-0.02737856,0.060913004,-0.022670656
2018/11/27,2018/11/28 10:30,0,-0.032551467,0.0462994,-0.0560971
2018/11/27,2018/11/28 10:45,0,-0.028665658,0.04586914,-0.07194388
2018/11/27,2018/11/28 11:00,0,-0.043041095,0.041236576,-0.06287959
2018/11/27,2018/11/28 11:15,0,-0.05816585,0.04131846,-0.07184377
2018/11/27,2018/11/28 11:30,0,-0.055275757,0.05294341,-0.050394744
2018/11/27,2018/11/28 11:45,0,-0.056955453,0.03498452,-0.02400079
2018/11/27,2018/11/28 12:00,0,-0.036543705,0.03320536,0.014742542
2018/11/27,2018/11/28 12:15,0,-0.04051864,0.027445322,0.0222806
2018/11/27,2018/11/28 12:30,0,-0.039085343,0.026744826,0.042523768
2018/11/27,2018/11/28 12:45,0,-0.029924951,0.03574224,0.037498478
2018/11/27,2018/11/28 13:00,0,-0.042797655,0.02695746,0.064862266
2018/11/27,2018/11/28 13:15,0,-0.064342245,0.019549362,0.08936279
2018/11/27,2018/11/28 13:30,0,-0.062443778,0.020889759,0.08567746
2018/11/27,2018/11/28 13:45,0,-0.051824182,0.000183567,0.06871032
2018/11/27,2018/11/28 14:00,0,-0.07407147,-0.014662713,0.084066205
2018/11/27,2018/11/28 14:15,0,-0.06283626,-0.010845244,0.04405683
2018/11/27,2018/11/28 14:30,0,-0.04332459,-0.031151935,-0.02011707
2018/11/27,2018/11/28 14:45,0,-0.0394458,-0.031298846,-0.038442504
2018/11/27,2018/11/28 15:00,0,-0.017596334,-0.051689386,-0.070954055
2018/11/27,2018/11/28 15:15,0,0.03102924,-0.041457444,-0.096341416
2018/11/27,2018/11/28 15:30,0,0.07005728,-0.032341525,-0.13285828
2018/11/27,2018/11/28 15:45,0,0.08054642,-0.012899943,-0.12944949
2018/11/27,2018/11/28 16:00,0.003516,0.10819118,0.014694102,-0.03091111
2018/11/27,2018/11/28 16:15,0,0.13135223,0.08419865,0.08669528
2018/11/27,2018/11/28 16:30,0.196875,0.17234018,0.16938081,0.20862457
2018/11/27,2018/11/28 16:45,0.319922,0.20469916,0.2914993,0.40890068
2018/11/27,2018/11/28 17:00,0.341016,0.2757901,0.44496673,0.6445831
2018/11/27,2018/11/28 17:15,0.551953,0.34552157,0.59914756,0.87309504
2018/11/27,2018/11/28 17:30,0.566016,0.42103314,0.83973515,1.1351506
2018/11/27,2018/11/28 17:45,0.73125,0.5322249,1.0233157,1.3426782
2018/11/27,2018/11/28 18:00,0.935156,0.7059015,1.2637936,1.6020224
2018/11/27,2018/11/28 18:15,1.873828,0.8868402,1.5077747,1.7695161
2018/11/27,2018/11/28 18:30,1.226953,1.079085,1.7707572,1.9794586
2018/11/27,2018/11/28 18:45,1.466016,1.2762442,1.9874461,2.1332746
2018/11/27,2018/11/28 19:00,1.750781,1.4735614,2.2335963,2.231373
2018/11/27,2018/11/28 19:15,2.742188,1.697754,2.463731,2.25486
2018/11/27,2018/11/28 19:30,2.844141,1.8797318,2.6695194,2.292187
2018/11/27,2018/11/28 19:45,3.065625,2.0401428,2.860691,2.3018277
2018/11/27,2018/11/28 20:00,3.258984,2.2019613,3.031598,2.186499
2018/11/27,2018/11/28 20:15,3.406641,2.313039,3.128115,2.155099
2018/11/27,2018/11/28 20:30,3.6,2.3863838,3.230668,2.0242496
2018/11/27,2018/11/28 20:45,3.628125,2.448725,3.3359118,1.8504913
2018/11/27,2018/11/28 21:00,3.659765,2.487357,3.373835,1.6441734
2018/11/27,2018/11/28 21:15,3.733594,2.5819368,3.423588,1.5497551
2018/11/27,2018/11/28 21:30,3.789844,2.543483,3.4225676,1.38653
2018/11/27,2018/11/28 21:45,3.782812,2.531026,3.4154398,1.2740417
2018/11/27,2018/11/28 22:00,3.867188,2.51396,3.3932517,1.1524838
2018/11/27,2018/11/28 22:15,3.825,2.457772,3.4042382,1.0799305
2018/11/27,2018/11/28 22:30,3.786328,2.4555206,3.378459,0.9579708
2018/11/27,2018/11/28 22:45,3.796875,2.4076917,3.3231907,0.8828767
2018/11/27,2018/11/28 23:00,3.744141,2.3552628,3.3051012,0.81949973
2018/11/27,2018/11/28 23:15,3.652734,2.3208568,3.2057192,0.858302
2018/11/27,2018/11/28 23:30,3.628125,2.2848365,3.2132604,0.83748513
2018/11/27,2018/11/28 23:45,3.596484,2.2013655,3.085523,0.8824116
2018/11/28,2018/11/29 0:00,3.596484,3.539945,3.314384,2.7619576
2018/11/28,2018/11/29 0:15,3.336328,3.4216805,3.1263034,2.529331
2018/11/28,2018/11/29 0:30,3.367969,3.2355914,3.0213165,2.320044
2018/11/28,2018/11/29 0:45,3.026953,3.0478613,2.8169596,2.085972
2018/11/28,2018/11/29 1:00,3.055078,2.8853984,2.626674,1.8263726
2018/11/28,2018/11/29 1:15,2.896875,2.7043622,2.4144049,1.5768187
2018/11/28,2018/11/29 1:30,2.735156,2.4730287,2.2041812,1.3100696
2018/11/28,2018/11/29 1:45,2.376562,2.257902,1.9522831,1.0998478
2018/11/28,2018/11/29 2:00,1.701562,2.014024,1.7356939,0.91464555
2018/11/28,2018/11/29 2:15,2.288672,1.7585684,1.5223843,0.73594934
2018/11/28,2018/11/29 2:30,2.014453,1.5269287,1.2768155,0.581432
2018/11/28,2018/11/29 2:45,0.667969,1.2988694,1.037589,0.34252283
2018/11/28,2018/11/29 3:00,0.569531,1.1125505,0.8596042,0.29619622
2018/11/28,2018/11/29 3:15,0.569531,0.93534833,0.6802232,0.20698199
2018/11/28,2018/11/29 3:30,0.492188,0.7490659,0.5182588,0.15185359
2018/11/28,2018/11/29 3:45,0.428906,0.58849794,0.39875412,0.1471808
2018/11/28,2018/11/29 4:00,0.158203,0.41982615,0.26710778,0.1110055
2018/11/28,2018/11/29 4:15,0.035156,0.29389083,0.18525034,0.07015846
2018/11/28,2018/11/29 4:30,0,0.22834095,0.11208224,0.06768654
2018/11/28,2018/11/29 4:45,0,0.1479691,0.032732807,0.024799295
2018/11/28,2018/11/29 5:00,0,0.08566765,0.01413855,0.025181277
2018/11/28,2018/11/29 5:15,0,0.03776227,-0.015077807,0.005976815
2018/11/28,2018/11/29 5:30,0,-0.004394855,-0.003562957,-0.011900926
2018/11/28,2018/11/29 5:45,0,0.016921386,0.00208199,-0.030308485
2018/11/28,2018/11/29 6:00,0,0.006185658,-0.007861197,-0.041115195
2018/11/28,2018/11/29 6:15,0,0.00537432,0.009330578,-0.05827112
2018/11/28,2018/11/29 6:30,0,0.013497025,0.009334844,-0.037573703
2018/11/28,2018/11/29 6:45,0,0.039376304,0.015836708,-0.02961712
2018/11/28,2018/11/29 7:00,0,0.035510026,0.01218177,-0.013861321
2018/11/28,2018/11/29 7:15,0,0.04668653,0.029763214,-0.017440204
2018/11/28,2018/11/29 7:30,0,0.051242746,0.01343631,-0.03285747
2018/11/28,2018/11/29 7:45,0,0.046501856,0.044572014,-0.015294522
2018/11/28,2018/11/29 8:00,0,0.031920705,0.039772965,-0.010306664
2018/11/28,2018/11/29 8:15,0,0.00795722,0.046295088,0.001441948
2018/11/28,2018/11/29 8:30,0,-0.000631227,0.033613235,5.46E-05
2018/11/28,2018/11/29 8:45,0,-0.025215618,0.04945186,0.014836827
2018/11/28,2018/11/29 9:00,0,-0.03680431,0.052424062,0.000832953
2018/11/28,2018/11/29 9:15,0,-0.025782054,0.04384558,-0.00650264
2018/11/28,2018/11/29 9:30,0,-0.04798691,0.04079871,-0.011713468
2018/11/28,2018/11/29 9:45,0,-0.062338352,0.046880078,-0.032567486
2018/11/28,2018/11/29 10:00,0,-0.030413406,0.035893556,-0.03303699
2018/11/28,2018/11/29 10:15,0,-0.026806518,0.046951685,-0.024700295
2018/11/28,2018/11/29 10:30,0,-0.033626933,0.034582637,-0.058499802
2018/11/28,2018/11/29 10:45,0,-0.030308317,0.04130079,-0.07152198
2018/11/28,2018/11/29 11:00,0,-0.04881099,0.039959025,-0.06284796
2018/11/28,2018/11/29 11:15,0,-0.066583574,0.03943087,-0.07090644
2018/11/28,2018/11/29 11:30,0,-0.06681295,0.048586354,-0.04863909
2018/11/28,2018/11/29 11:45,0,-0.069522634,0.045083832,-0.012721829
2018/11/28,2018/11/29 12:00,0,-0.050188586,0.0410731,0.02574682
2018/11/28,2018/11/29 12:15,0,-0.05484426,0.03344781,0.03749607
2018/11/28,2018/11/29 12:30,0,-0.051207304,0.029496318,0.053393453
2018/11/28,2018/11/29 12:45,0,-0.039492734,0.045274273,0.04740125
2018/11/28,2018/11/29 13:00,0,-0.04916568,0.027223803,0.07134552
2018/11/28,2018/11/29 13:15,0,-0.06669702,0.024845913,0.09608446
2018/11/28,2018/11/29 13:30,0,-0.062298566,0.015716195,0.084543966
2018/11/28,2018/11/29 13:45,0,-0.047949508,-0.001366422,0.06988029
2018/11/28,2018/11/29 14:00,0,-0.06834294,-0.021534815,0.08368791
2018/11/28,2018/11/29 14:15,0,-0.056852516,-0.02281706,0.044503927
2018/11/28,2018/11/29 14:30,0,-0.037071258,-0.038031965,-0.01603328
2018/11/28,2018/11/29 14:45,0,-0.032714296,-0.037505746,-0.025419872
2018/11/28,2018/11/29 15:00,0,-0.008068383,-0.05540614,-0.04561926
2018/11/28,2018/11/29 15:15,0,0.041057616,-0.044797048,-0.056545645
2018/11/28,2018/11/29 15:30,0,0.081877686,-0.021420136,-0.07484423
2018/11/28,2018/11/29 15:45,0.003516,0.096899934,0.006232753,-0.050426044
2018/11/28,2018/11/29 16:00,0,0.13579115,0.047141038,0.07000577
2018/11/28,2018/11/29 16:15,0.196875,0.17266661,0.12593512,0.20458165
2018/11/28,2018/11/29 16:30,0.319922,0.23175523,0.22894615,0.3463784
2018/11/28,2018/11/29 16:45,0.341016,0.2860979,0.36835694,0.56612104
2018/11/28,2018/11/29 17:00,0.551953,0.38439238,0.5394731,0.8239107
2018/11/28,2018/11/29 17:15,0.566016,0.48084652,0.7135436,1.0650468
2018/11/28,2018/11/29 17:30,0.73125,0.57974046,0.96511614,1.3390478
2018/11/28,2018/11/29 17:45,0.935156,0.7176981,1.1568401,1.5495996
2018/11/28,2018/11/29 18:00,1.873828,0.9155599,1.4027594,1.8083448
2018/11/28,2018/11/29 18:15,1.226953,1.1136298,1.6554286,1.9635918
2018/11/28,2018/11/29 18:30,1.466016,1.3185636,1.919666,2.1507785
2018/11/28,2018/11/29 18:45,1.750781,1.524796,2.1274078,2.2852168
2018/11/28,2018/11/29 19:00,2.742188,1.7217872,2.3674808,2.3539023
2018/11/28,2018/11/29 19:15,2.844141,1.9383985,2.587221,2.348738
2018/11/28,2018/11/29 19:30,3.065625,2.1054509,2.7751207,2.349882
2018/11/28,2018/11/29 19:45,3.258984,2.2445774,2.9598591,2.3135417
2018/11/28,2018/11/29 20:00,3.406641,2.3801906,3.1095107,2.1643875
2018/11/28,2018/11/29 20:15,3.6,2.4598162,3.1866975,2.0976803
2018/11/28,2018/11/29 20:30,3.628125,2.5008497,3.2742448,1.9364946
2018/11/28,2018/11/29 20:45,3.659765,2.5315003,3.3624136,1.7465378
2018/11/28,2018/11/29 21:00,3.733594,2.5372422,3.378983,1.5139995
2018/11/28,2018/11/29 21:15,3.789844,2.6017628,3.4251761,1.4162978
2018/11/28,2018/11/29 21:30,3.782812,2.5341399,3.41292,1.2520721
2018/11/28,2018/11/29 21:45,3.867188,2.5024292,3.4054089,1.144487
2018/11/28,2018/11/29 22:00,3.825,2.4724314,3.3751767,1.0322044
2018/11/28,2018/11/29 22:15,3.786328,2.4002488,3.387518,0.9776578
2018/11/28,2018/11/29 22:30,3.796875,2.3952775,3.3563142,0.8775234
2018/11/28,2018/11/29 22:45,3.744141,2.3456066,3.3034089,0.83389556
2018/11/28,2018/11/29 23:00,3.652734,2.2951279,3.2844677,0.7918957
2018/11/28,2018/11/29 23:15,3.628125,2.2600183,3.18685,0.8511577
2018/11/28,2018/11/29 23:30,3.596484,2.223564,3.1936128,0.8511509
2018/11/28,2018/11/29 23:45,3.515625,2.1390176,3.0592358,0.90131044
2018/11/29,2018/11/30 0:00,3.336328,3.3606637,2.8996422,2.360863
2018/11/29,2018/11/30 0:15,3.367969,3.2256012,2.7060275,2.2193608
2018/11/29,2018/11/30 0:30,3.026953,3.0146108,2.603957,2.0743248
2018/11/29,2018/11/30 0:45,3.055078,2.8049493,2.395688,1.9155759
2018/11/29,2018/11/30 1:00,2.896875,2.6166716,2.199259,1.6948786
2018/11/29,2018/11/30 1:15,2.735156,2.4218938,1.9818336,1.4824959
2018/11/29,2018/11/30 1:30,2.376562,2.1738875,1.7618735,1.2495114
2018/11/29,2018/11/30 1:45,1.701562,1.9508598,1.5172411,1.0612935
2018/11/29,2018/11/30 2:00,2.288672,1.7016807,1.2965243,0.8814642
2018/11/29,2018/11/30 2:15,2.014453,1.4569741,1.0904281,0.7097788
2018/11/29,2018/11/30 2:30,0.667969,1.2401246,0.85475427,0.5598621
2018/11/29,2018/11/30 2:45,0.569531,1.029555,0.641575,0.3195159
2018/11/29,2018/11/30 3:00,0.569531,0.86556387,0.4969356,0.2798988
2018/11/29,2018/11/30 3:15,0.492188,0.7121342,0.3547448,0.18310584
2018/11/29,2018/11/30 3:30,0.428906,0.55350924,0.2376684,0.13060641
2018/11/29,2018/11/30 3:45,0.158203,0.4280653,0.15721451,0.1296471
2018/11/29,2018/11/30 4:00,0.035156,0.29461184,0.07194017,0.095817894
2018/11/29,2018/11/30 4:15,0,0.20095965,0.045102827,0.052135453
2018/11/29,2018/11/30 4:30,0,0.16795579,0.010439202,0.04652296
2018/11/29,2018/11/30 4:45,0,0.11515673,-0.015505195,0.00788923
2018/11/29,2018/11/30 5:00,0,0.07733098,-0.01468727,0.011548569
2018/11/29,2018/11/30 5:15,0,0.04818476,-0.019143037,-0.004302669
2018/11/29,2018/11/30 5:30,0,0.019891405,0.012632906,-0.025104543
2018/11/29,2018/11/30 5:45,0,0.041819796,0.021291874,-0.033448644
2018/11/29,2018/11/30 6:00,0,0.035308897,0.022943616,-0.049265377
2018/11/29,2018/11/30 6:15,0,0.030579768,0.04882222,-0.07371774
2018/11/29,2018/11/30 6:30,0,0.031580165,0.046627574,-0.05488015
2018/11/29,2018/11/30 6:45,0,0.051598884,0.056046836,-0.043347437
2018/11/29,2018/11/30 7:00,0,0.040115695,0.042638037,-0.03209763
2018/11/29,2018/11/30 7:15,0,0.04630526,0.051343806,-0.046130273
2018/11/29,2018/11/30 7:30,0,0.048669215,0.026779063,-0.055704877
2018/11/29,2018/11/30 7:45,0,0.04352984,0.048312567,-0.034106262
2018/11/29,2018/11/30 8:00,0,0.029528432,0.044159785,-0.027746208
2018/11/29,2018/11/30 8:15,0,0.007662654,0.038717918,-0.016870573
2018/11/29,2018/11/30 8:30,0,0.000434274,0.029427517,-0.005024249
2018/11/29,2018/11/30 8:45,0,-0.024647228,0.036687627,0.008722381
2018/11/29,2018/11/30 9:00,0,-0.03583721,0.03542299,-0.013570363
2018/11/29,2018/11/30 9:15,0,-0.02114102,0.022727348,-0.013231611
2018/11/29,2018/11/30 9:30,0,-0.045470968,0.026730642,-0.017051477
2018/11/29,2018/11/30 9:45,0,-0.06163898,0.031224608,-0.031660073
2018/11/29,2018/11/30 10:00,0,-0.03057635,0.036932807,-0.03177642
2018/11/29,2018/11/30 10:15,0,-0.031652465,0.052890845,-0.020381961
2018/11/29,2018/11/30 10:30,0,-0.03919057,0.039847467,-0.052073304
2018/11/29,2018/11/30 10:45,0,-0.034881227,0.058323547,-0.057692297
2018/11/29,2018/11/30 11:00,0,-0.057081,0.055027075,-0.049017247
2018/11/29,2018/11/30 11:15,0,-0.076550245,0.057498503,-0.057349455
2018/11/29,2018/11/30 11:30,0,-0.07885191,0.07208842,-0.032643173
2018/11/29,2018/11/30 11:45,0,-0.082852215,0.07777831,0.004418335
2018/11/29,2018/11/30 12:00,0,-0.06449385,0.084974356,0.044076063
2018/11/29,2018/11/30 12:15,0,-0.070583135,0.07157935,0.04773369
2018/11/29,2018/11/30 12:30,0,-0.06564912,0.0653668,0.05670642
2018/11/29,2018/11/30 12:45,0,-0.049696103,0.08307633,0.046541285
2018/11/29,2018/11/30 13:00,0,-0.055721164,0.059517995,0.06403347
2018/11/29,2018/11/30 13:15,0,-0.069885895,0.066880874,0.08596737
2018/11/29,2018/11/30 13:30,0,-0.061553806,0.039835036,0.07188966
2018/11/29,2018/11/30 13:45,0,-0.041978285,0.03056907,0.048691247
2018/11/29,2018/11/30 14:00,0,-0.05987205,0.003543451,0.06967643
2018/11/29,2018/11/30 14:15,0,-0.046396706,-0.007466875,0.042874727
2018/11/29,2018/11/30 14:30,0,-0.026071712,-0.016246185,-0.016150005
2018/11/29,2018/11/30 14:45,0,-0.016773757,-0.021432087,-0.002165455
2018/11/29,2018/11/30 15:00,0,0.011672005,-0.030314907,-0.001416102
2018/11/29,2018/11/30 15:15,0,0.06459287,-0.017546117,0.011646919
2018/11/29,2018/11/30 15:30,0.003516,0.11139788,0.008305013,0.015384212
2018/11/29,2018/11/30 15:45,0,0.13664523,0.046816908,0.079336785
2018/11/29,2018/11/30 16:00,0.196875,0.19330998,0.09871345,0.21688302
2018/11/29,2018/11/30 16:15,0.319922,0.25158924,0.18642423,0.37055045
2018/11/29,2018/11/30 16:30,0.341016,0.33561718,0.30278862,0.527777
2018/11/29,2018/11/30 16:45,0.551953,0.4181507,0.45246375,0.7645491
2018/11/29,2018/11/30 17:00,0.566016,0.55090946,0.63528466,1.0326796
2018/11/29,2018/11/30 17:15,0.73125,0.6760429,0.81627846,1.2815707
2018/11/29,2018/11/30 17:30,0.935156,0.8009088,1.0598128,1.5540485
2018/11/29,2018/11/30 17:45,1.873828,0.9638018,1.2478558,1.752333
2018/11/29,2018/11/30 18:00,1.226953,1.1829244,1.4893582,1.98587
2018/11/29,2018/11/30 18:15,1.466016,1.389847,1.7296317,2.113279
2018/11/29,2018/11/30 18:30,1.750781,1.5994258,1.9712483,2.2672489
2018/11/29,2018/11/30 18:45,2.742188,1.8053151,2.1546717,2.365144
2018/11/29,2018/11/30 19:00,2.844141,1.9914768,2.364289,2.4059749
2018/11/29,2018/11/30 19:15,3.065625,2.1897004,2.5529952,2.3761284
2018/11/29,2018/11/30 19:30,3.258984,2.3315656,2.709771,2.3478854
2018/11/29,2018/11/30 19:45,3.406641,2.4419775,2.8702774,2.273673
2018/11/29,2018/11/30 20:00,3.6,2.5463834,2.992037,2.103228
2018/11/29,2018/11/30 20:15,3.628125,2.5885475,3.0336318,2.015688
2018/11/29,2018/11/30 20:30,3.659765,2.6018724,3.0945497,1.8343251
2018/11/29,2018/11/30 20:45,3.733594,2.6057768,3.1588151,1.6419201
2018/11/29,2018/11/30 21:00,3.789844,2.5882387,3.1389146,1.380731
2018/11/29,2018/11/30 21:15,3.782812,2.634522,3.1624813,1.2934054
2018/11/29,2018/11/30 21:30,3.867188,2.5555744,3.1370938,1.1314363
2018/11/29,2018/11/30 21:45,3.825,2.521869,3.1207287,1.0472012
2018/11/29,2018/11/30 22:00,3.786328,2.497673,3.0803378,0.9556396
2018/11/29,2018/11/30 22:15,3.796875,2.4270697,3.089155,0.92225033
2018/11/29,2018/11/30 22:30,3.744141,2.434352,3.0457356,0.8482224
2018/11/29,2018/11/30 22:45,3.652734,2.3941689,2.9933908,0.82934797
2018/11/29,2018/11/30 23:00,3.628125,2.354383,2.9690547,0.80472165
2018/11/29,2018/11/30 23:15,3.596484,2.3216298,2.877658,0.8745634
2018/11/29,2018/11/30 23:30,3.515625,2.2873333,2.8684134,0.89202595
2018/11/29,2018/11/30 23:45,3.434766,2.1985753,2.7418096,0.9443525
2018/11/30,2018/12/1 0:00,3.367969,3.2228076,2.786823,2.5926266
2018/11/30,2018/12/1 0:15,3.026953,3.059044,2.5458765,2.3449967
2018/11/30,2018/12/1 0:30,3.055078,2.8143275,2.4228742,2.1185408
2018/11/30,2018/12/1 0:45,2.896875,2.5769444,2.1760604,1.898651
2018/11/30,2018/12/1 1:00,2.735156,2.3592467,1.9562955,1.620985
2018/11/30,2018/12/1 1:15,2.376562,2.14714,1.7154118,1.3670045
2018/11/30,2018/12/1 1:30,1.701562,1.881979,1.478179,1.1041886
2018/11/30,2018/12/1 1:45,2.288672,1.6526707,1.2368413,0.91081744
2018/11/30,2018/12/1 2:00,2.014453,1.4007359,1.0052435,0.72535527
2018/11/30,2018/12/1 2:15,0.667969,1.1701372,0.7999656,0.5599745
2018/11/30,2018/12/1 2:30,0.569531,0.97064275,0.5690924,0.43339345
2018/11/30,2018/12/1 2:45,0.569531,0.7809758,0.38087544,0.2145946
2018/11/30,2018/12/1 3:00,0.492188,0.643741,0.2609142,0.18906744
2018/11/30,2018/12/1 3:15,0.428906,0.5187185,0.14253348,0.12049213
2018/11/30,2018/12/1 3:30,0.158203,0.3898147,0.0608145,0.09211169
2018/11/30,2018/12/1 3:45,0.035156,0.30137524,0.010224983,0.11161137
2018/11/30,2018/12/1 4:00,0,0.20331347,-0.041221194,0.085510835
2018/11/30,2018/12/1 4:15,0,0.14147207,-0.029988721,0.05452743
2018/11/30,2018/12/1 4:30,0,0.13812725,-0.04106453,0.06324635
2018/11/30,2018/12/1 4:45,0,0.11036536,-0.046155885,0.026895484
2018/11/30,2018/12/1 5:00,0,0.09050882,-0.02963768,0.034083147
2018/11/30,2018/12/1 5:15,0,0.07487072,-0.018762141,0.008474842
2018/11/30,2018/12/1 5:30,0,0.056171898,0.032482468,-0.016305918
2018/11/30,2018/12/1 5:45,0,0.07303709,0.034855112,-0.03121636
2018/11/30,2018/12/1 6:00,0,0.06880386,0.04183276,-0.044808567
2018/11/30,2018/12/1 6:15,0,0.058671117,0.06472771,-0.07916078
2018/11/30,2018/12/1 6:30,0,0.052802607,0.06653029,-0.05983475
2018/11/30,2018/12/1 6:45,0,0.068614066,0.07566206,-0.04418531
2018/11/30,2018/12/1 7:00,0,0.053110998,0.05087012,-0.03947244
2018/11/30,2018/12/1 7:15,0,0.057405844,0.04130416,-0.046666157
2018/11/30,2018/12/1 7:30,0,0.05979006,0.014121438,-0.051704206
2018/11/30,2018/12/1 7:45,0,0.05768479,0.029661238,-0.024367632
2018/11/30,2018/12/1 8:00,0,0.045252163,0.017845117,-0.007885098
2018/11/30,2018/12/1 8:15,0,0.025617413,0.006805599,0.002235144
2018/11/30,2018/12/1 8:30,0,0.021084614,-0.003544219,0.014159892
2018/11/30,2018/12/1 8:45,0,-0.003815308,-0.007320925,0.025554001
2018/11/30,2018/12/1 9:00,0,-0.01453846,-0.013086125,0.00026302
2018/11/30,2018/12/1 9:15,0,0.003271284,-0.027715057,-0.008571541
2018/11/30,2018/12/1 9:30,0,-0.022215195,-0.028130302,-0.019919366
2018/11/30,2018/12/1 9:45,0,-0.04035352,-0.018070929,-0.038226068
2018/11/30,2018/12/1 10:00,0,-0.010913402,-0.011331789,-0.043800227
2018/11/30,2018/12/1 10:15,0,-0.017472118,-0.002790123,-0.035516433
2018/11/30,2018/12/1 10:30,0,-0.025074087,-0.00945504,-0.06968701
2018/11/30,2018/12/1 10:45,0,-0.020223562,0.021910679,-0.07067895
2018/11/30,2018/12/1 11:00,0,-0.046991616,0.021916337,-0.06837861
2018/11/30,2018/12/1 11:15,0,-0.068940744,0.013011839,-0.07336902
2018/11/30,2018/12/1 11:30,0,-0.07555309,0.038513944,-0.049158536
2018/11/30,2018/12/1 11:45,0,-0.08054951,0.0580394,0.000917356
2018/11/30,2018/12/1 12:00,0,-0.06439684,0.061675146,0.04118559
2018/11/30,2018/12/1 12:15,0,-0.07112372,0.055024702,0.056597248
2018/11/30,2018/12/1 12:30,0,-0.06529786,0.039451953,0.06530022
2018/11/30,2018/12/1 12:45,0,-0.046434924,0.06269338,0.06267754
2018/11/30,2018/12/1 13:00,0,-0.051471144,0.033927,0.07226282
2018/11/30,2018/12/1 13:15,0,-0.061542153,0.05171968,0.09933371
2018/11/30,2018/12/1 13:30,0,-0.052609757,0.008757763,0.080762826
2018/11/30,2018/12/1 13:45,0,-0.028463468,0.013717473,0.061944827
2018/11/30,2018/12/1 14:00,0,-0.0454756,-0.017835423,0.07596664
2018/11/30,2018/12/1 14:15,0,-0.031243484,-0.03644882,0.04816131
2018/11/30,2018/12/1 14:30,0,-0.011623532,-0.035500765,0.000588715
2018/11/30,2018/12/1 14:45,0,0.003257979,-0.033779427,0.021918435
2018/11/30,2018/12/1 15:00,0,0.03715308,-0.02554527,0.031257838
2018/11/30,2018/12/1 15:15,0.003516,0.09574553,-0.002851054,0.0652688
2018/11/30,2018/12/1 15:30,0,0.1496732,0.050358877,0.084778026
2018/11/30,2018/12/1 15:45,0.196875,0.18804026,0.109448515,0.1702128
2018/11/30,2018/12/1 16:00,0.319922,0.26366535,0.19011055,0.33551228
2018/11/30,2018/12/1 16:15,0.341016,0.34423438,0.3079726,0.5053752
2018/11/30,2018/12/1 16:30,0.551953,0.45239854,0.45837927,0.683647
2018/11/30,2018/12/1 16:45,0.566016,0.5640266,0.64142925,0.9465615
2018/11/30,2018/12/1 17:00,0.73125,0.7291278,0.8514697,1.2365654
2018/11/30,2018/12/1 17:15,0.935156,0.8792958,1.0700479,1.4937928
2018/11/30,2018/12/1 17:30,1.873828,1.0240138,1.3258783,1.7693168
2018/11/30,2018/12/1 17:45,1.226953,1.2058154,1.5337151,1.9825361
2018/11/30,2018/12/1 18:00,1.466016,1.4390769,1.7835375,2.2089767
2018/11/30,2018/12/1 18:15,1.750781,1.6460708,2.0346613,2.3196352
2018/11/30,2018/12/1 18:30,2.742188,1.8513896,2.278869,2.4604337
2018/11/30,2018/12/1 18:45,2.844141,2.0489388,2.4502132,2.5345452
2018/11/30,2018/12/1 19:00,3.065625,2.2180233,2.6534042,2.5435095
2018/11/30,2018/12/1 19:15,3.258984,2.3953867,2.8337302,2.47528
2018/11/30,2018/12/1 19:30,3.406641,2.5107183,2.9731011,2.4161553
2018/11/30,2018/12/1 19:45,3.6,2.5949078,3.1253486,2.283743
2018/11/30,2018/12/1 20:00,3.628125,2.674957,3.230538,2.0822146
2018/11/30,2018/12/1 20:15,3.659765,2.6884608,3.2469182,1.9552424
2018/11/30,2018/12/1 20:30,3.733594,2.6848218,3.28606,1.7389898
2018/11/30,2018/12/1 20:45,3.789844,2.6736038,3.328445,1.5309414
2018/11/30,2018/12/1 21:00,3.782812,2.6433704,3.2833576,1.257636
2018/11/30,2018/12/1 21:15,3.867188,2.680771,3.2889247,1.1533462
2018/11/30,2018/12/1 21:30,3.825,2.5987923,3.243052,1.000917
2018/11/30,2018/12/1 21:45,3.786328,2.5683637,3.2113996,0.91318476
2018/11/30,2018/12/1 22:00,3.796875,2.5526633,3.151185,0.8320757
2018/11/30,2018/12/1 22:15,3.744141,2.4825687,3.149085,0.8044156
2018/11/30,2018/12/1 22:30,3.652734,2.499141,3.0724814,0.76062095
2018/11/30,2018/12/1 22:45,3.628125,2.4642513,3.0159998,0.77240884
2018/11/30,2018/12/1 23:00,3.596484,2.4296892,2.9658842,0.7750803
2018/11/30,2018/12/1 23:15,3.515625,2.3947208,2.8502517,0.87118214
2018/11/30,2018/12/1 23:30,3.434766,2.3560376,2.8088787,0.9003262
2018/11/30,2018/12/1 23:45,3.325781,2.2571046,2.664146,0.9729661
