起报时间,预报时间,实际功率 (MW),FusionModel_mixed (MW)
2019-02-21,2019-02-22 00:00:00,0.2355470061302185,0.13376390933990479
2019-02-21,2019-02-22 00:15:00,0.3621090054512024,0.20578406751155853
2019-02-21,2019-02-22 00:30:00,0.40781301259994507,0.29852819442749023
2019-02-21,2019-02-22 00:45:00,0.5484369993209839,0.4037829041481018
2019-02-21,2019-02-22 01:00:00,0.5765630006790161,0.5455243587493896
2019-02-21,2019-02-22 01:15:00,0.6468750238418579,0.6647537350654602
2019-02-21,2019-02-22 01:30:00,0.7382810115814209,0.7901536822319031
2019-02-21,2019-02-22 01:45:00,1.0546879768371582,0.8927304744720459
2019-02-21,2019-02-22 02:00:00,1.2937500476837158,1.0639110803604126
2019-02-21,2019-02-22 02:15:00,1.6628910303115845,1.1811176538467407
2019-02-21,2019-02-22 02:30:00,2.021483898162842,1.32826566696167
2019-02-21,2019-02-22 02:45:00,1.8140619993209839,1.4398058652877808
2019-02-21,2019-02-22 03:00:00,1.9722659587860107,1.5225563049316406
2019-02-21,2019-02-22 03:15:00,1.9968750476837158,1.6742751598358154
2019-02-21,2019-02-22 03:30:00,1.6628910303115845,1.7632139921188354
2019-02-21,2019-02-22 03:45:00,1.652343988418579,1.8122351169586182
2019-02-21,2019-02-22 04:00:00,1.884374976158142,1.95595383644104
2019-02-21,2019-02-22 04:15:00,2.010936975479126,1.973334550857544
2019-02-21,2019-02-22 04:30:00,2.26406192779541,2.020930528640747
2019-02-21,2019-02-22 04:45:00,2.1656250953674316,2.081102132797241
2019-02-21,2019-02-22 05:00:00,2.366015911102295,2.0805504322052
2019-02-21,2019-02-22 05:15:00,2.3449220657348633,2.001828908920288
2019-02-21,2019-02-22 05:30:00,1.8070310354232788,1.973365306854248
2019-02-21,2019-02-22 05:45:00,1.6769529581069946,1.8429046869277954
2019-02-21,2019-02-22 06:00:00,2.0531249046325684,1.815580129623413
2019-02-21,2019-02-22 06:15:00,2.5910160541534424,1.7664506435394287
2019-02-21,2019-02-22 06:30:00,1.7156250476837158,1.7084875106811523
2019-02-21,2019-02-22 06:45:00,1.5011719465255737,1.5502341985702515
2019-02-21,2019-02-22 07:00:00,1.3394529819488525,1.4540482759475708
2019-02-21,2019-02-22 07:15:00,1.2621090412139893,1.3508131504058838
2019-02-21,2019-02-22 07:30:00,1.082811951637268,1.246826410293579
2019-02-21,2019-02-22 07:45:00,1.0230469703674316,1.2042932510375977
2019-02-21,2019-02-22 08:00:00,1.4589840173721313,1.0631581544876099
2019-02-21,2019-02-22 08:15:00,1.6769529581069946,0.8874263167381287
2019-02-21,2019-02-22 08:30:00,1.5644530057907104,0.7774671316146851
2019-02-21,2019-02-22 08:45:00,1.1531250476837158,0.6651358008384705
2019-02-21,2019-02-22 09:00:00,0.5203120112419128,0.49834585189819336
2019-02-21,2019-02-22 09:15:00,0.1863279938697815,0.36322543025016785
2019-02-21,2019-02-22 09:30:00,0.16523399949073792,0.2822161316871643
2019-02-21,2019-02-22 09:45:00,0.09492199867963791,0.15836621820926666
2019-02-21,2019-02-22 10:00:00,0.0,0.08775527775287628
2019-02-21,2019-02-22 10:15:00,0.0,0.046200595796108246
2019-02-21,2019-02-22 10:30:00,0.0,0.01580929011106491
2019-02-21,2019-02-22 10:45:00,0.0,0.006407494656741619
2019-02-21,2019-02-22 11:00:00,0.0,0.0
2019-02-21,2019-02-22 11:15:00,0.0,0.024508200585842133
2019-02-21,2019-02-22 11:30:00,0.0,0.0
2019-02-21,2019-02-22 11:45:00,0.0,0.023386526852846146
2019-02-21,2019-02-22 12:00:00,0.0,0.04873620346188545
2019-02-21,2019-02-22 12:15:00,0.0,0.0
2019-02-21,2019-02-22 12:30:00,0.0,0.0
2019-02-21,2019-02-22 12:45:00,0.0,0.0
2019-02-21,2019-02-22 13:00:00,0.0,0.0033471945207566023
2019-02-21,2019-02-22 13:15:00,0.0,0.0
2019-02-21,2019-02-22 13:30:00,0.0,0.0
2019-02-21,2019-02-22 13:45:00,0.0,0.0
2019-02-21,2019-02-22 14:00:00,0.0,0.0
2019-02-21,2019-02-22 14:15:00,0.0,0.0
2019-02-21,2019-02-22 14:30:00,0.0,0.0
2019-02-21,2019-02-22 14:45:00,0.0,0.0
2019-02-21,2019-02-22 15:00:00,0.0,0.0
2019-02-21,2019-02-22 15:15:00,0.0,0.0008612673846073449
2019-02-21,2019-02-22 15:30:00,0.0,0.0
2019-02-21,2019-02-22 15:45:00,0.0,0.034022942185401917
2019-02-21,2019-02-22 16:00:00,0.0,0.031737640500068665
2019-02-21,2019-02-22 16:15:00,0.0,0.05203719437122345
2019-02-21,2019-02-22 16:30:00,0.0,0.028464188799262047
2019-02-21,2019-02-22 16:45:00,0.0,0.04660150036215782
2019-02-21,2019-02-22 17:00:00,0.0,0.04163474962115288
2019-02-21,2019-02-22 17:15:00,0.0,0.028707733377814293
2019-02-21,2019-02-22 17:30:00,0.0,0.032607551664114
2019-02-21,2019-02-22 17:45:00,0.0,0.0014670717064291239
2019-02-21,2019-02-22 18:00:00,0.0,0.04262010380625725
2019-02-21,2019-02-22 18:15:00,0.0,0.04505383223295212
2019-02-21,2019-02-22 18:30:00,0.0,0.04327850043773651
2019-02-21,2019-02-22 18:45:00,0.0,0.059349920600652695
2019-02-21,2019-02-22 19:00:00,0.0,0.03361592814326286
2019-02-21,2019-02-22 19:15:00,0.0,0.05160728096961975
2019-02-21,2019-02-22 19:30:00,0.0,0.0413135327398777
2019-02-21,2019-02-22 19:45:00,0.0,0.05034785717725754
2019-02-21,2019-02-22 20:00:00,0.0,0.04601564258337021
2019-02-21,2019-02-22 20:15:00,0.0,0.07285124808549881
2019-02-21,2019-02-22 20:30:00,0.0,0.04257092997431755
2019-02-21,2019-02-22 20:45:00,0.0,0.044881805777549744
2019-02-21,2019-02-22 21:00:00,0.0,0.04434973746538162
2019-02-21,2019-02-22 21:15:00,0.0,0.04714471101760864
2019-02-21,2019-02-22 21:30:00,0.0,0.030005423352122307
2019-02-21,2019-02-22 21:45:00,0.0,0.013431470841169357
2019-02-21,2019-02-22 22:00:00,0.0,0.04002019390463829
2019-02-21,2019-02-22 22:15:00,0.0,0.0
2019-02-21,2019-02-22 22:30:00,0.0,0.0
2019-02-21,2019-02-22 22:45:00,0.0,0.0
2019-02-21,2019-02-22 23:00:00,0.0,0.0
2019-02-21,2019-02-22 23:15:00,0.007031000219285488,0.0
2019-02-21,2019-02-22 23:30:00,0.10898400098085403,0.0
2019-02-21,2019-02-22 23:45:00,0.21796900033950806,0.03920511528849602
2019-02-22,2019-02-23 00:00:00,0.3515619933605194,0.27905556559562683
2019-02-22,2019-02-23 00:15:00,0.5203120112419128,0.42383134365081787
2019-02-22,2019-02-23 00:30:00,0.7347660064697266,0.5691789388656616
2019-02-22,2019-02-23 00:45:00,0.9949219822883606,0.7736289501190186
2019-02-22,2019-02-23 01:00:00,1.2410160303115845,1.0349113941192627
2019-02-22,2019-02-23 01:15:00,1.4800779819488525,1.2477573156356812
2019-02-22,2019-02-23 01:30:00,1.7121089696884155,1.4562398195266724
2019-02-22,2019-02-23 01:45:00,2.003906011581421,1.672120213508606
2019-02-22,2019-02-23 02:00:00,2.267577886581421,1.9588062763214111
2019-02-22,2019-02-23 02:15:00,2.5769529342651367,2.1370584964752197
2019-02-22,2019-02-23 02:30:00,2.784374952316284,2.3977808952331543
2019-02-22,2019-02-23 02:45:00,3.005858898162842,2.5457661151885986
2019-02-22,2019-02-23 03:00:00,3.128906011581421,2.6861801147460938
2019-02-22,2019-02-23 03:15:00,3.1746089458465576,2.8517045974731445
2019-02-22,2019-02-23 03:30:00,3.364453077316284,2.924957275390625
2019-02-22,2019-02-23 03:45:00,3.4558589458465576,2.951870918273926
2019-02-22,2019-02-23 04:00:00,3.533202886581421,3.054661512374878
2019-02-22,2019-02-23 04:15:00,3.6140620708465576,3.0346789360046387
2019-02-22,2019-02-23 04:30:00,3.6070311069488525,3.0996599197387695
2019-02-22,2019-02-23 04:45:00,3.3433589935302734,3.111173391342163
2019-02-22,2019-02-23 05:00:00,3.4066410064697266,3.0458803176879883
2019-02-22,2019-02-23 05:15:00,3.5718750953674316,2.9766454696655273
2019-02-22,2019-02-23 05:30:00,3.4945309162139893,2.9028947353363037
2019-02-22,2019-02-23 05:45:00,3.2906250953674316,2.7618050575256348
2019-02-22,2019-02-23 06:00:00,3.3539059162139893,2.726389169692993
2019-02-22,2019-02-23 06:15:00,3.244921922683716,2.6459598541259766
2019-02-22,2019-02-23 06:30:00,2.946094036102295,2.5494940280914307
2019-02-22,2019-02-23 06:45:00,2.960155963897705,2.3135619163513184
2019-02-22,2019-02-23 07:00:00,2.6332030296325684,2.1386821269989014
2019-02-22,2019-02-23 07:15:00,2.3871090412139893,1.9711216688156128
2019-02-22,2019-02-23 07:30:00,2.102344036102295,1.7555769681930542
2019-02-22,2019-02-23 07:45:00,1.919530987739563,1.6165721416473389
2019-02-22,2019-02-23 08:00:00,1.5082030296325684,1.3704992532730103
2019-02-22,2019-02-23 08:15:00,1.272655963897705,1.1044325828552246
2019-02-22,2019-02-23 08:30:00,1.0371090173721313,0.9099501967430115
2019-02-22,2019-02-23 08:45:00,0.7136719822883606,0.7429945468902588
2019-02-22,2019-02-23 09:00:00,0.471094012260437,0.5189513564109802
2019-02-22,2019-02-23 09:15:00,0.31992200016975403,0.3488745391368866
2019-02-22,2019-02-23 09:30:00,0.1863279938697815,0.24141226708889008
2019-02-22,2019-02-23 09:45:00,0.014062000438570976,0.14304305613040924
2019-02-22,2019-02-23 10:00:00,0.0,0.0429106205701828
2019-02-22,2019-02-23 10:15:00,0.0,0.009825613349676132
2019-02-22,2019-02-23 10:30:00,0.0,0.0
2019-02-22,2019-02-23 10:45:00,0.0,0.0
2019-02-22,2019-02-23 11:00:00,0.0,0.0171259306371212
2019-02-22,2019-02-23 11:15:00,0.0,0.03677615895867348
2019-02-22,2019-02-23 11:30:00,0.0,0.05431816726922989
2019-02-22,2019-02-23 11:45:00,0.0,0.04583941027522087
2019-02-22,2019-02-23 12:00:00,0.0,0.06512365490198135
2019-02-22,2019-02-23 12:15:00,0.0,0.010252178646624088
2019-02-22,2019-02-23 12:30:00,0.0,0.0
2019-02-22,2019-02-23 12:45:00,0.0,0.0
2019-02-22,2019-02-23 13:00:00,0.0,0.0
2019-02-22,2019-02-23 13:15:00,0.0,0.0
2019-02-22,2019-02-23 13:30:00,0.0,0.0
2019-02-22,2019-02-23 13:45:00,0.0,0.0
2019-02-22,2019-02-23 14:00:00,0.0,0.0
2019-02-22,2019-02-23 14:15:00,0.0,0.0
2019-02-22,2019-02-23 14:30:00,0.0,0.0
2019-02-22,2019-02-23 14:45:00,0.0,0.0
2019-02-22,2019-02-23 15:00:00,0.0,0.0006157053867354989
2019-02-22,2019-02-23 15:15:00,0.0,0.05017230287194252
2019-02-22,2019-02-23 15:30:00,0.0,0.024588504806160927
2019-02-22,2019-02-23 15:45:00,0.0,0.05774125084280968
2019-02-22,2019-02-23 16:00:00,0.0,0.034780800342559814
2019-02-22,2019-02-23 16:15:00,0.0,0.03213784471154213
2019-02-22,2019-02-23 16:30:00,0.0,0.0
2019-02-22,2019-02-23 16:45:00,0.0,0.0
2019-02-22,2019-02-23 17:00:00,0.0,0.0
2019-02-22,2019-02-23 17:15:00,0.0,0.015063517726957798
2019-02-22,2019-02-23 17:30:00,0.0,0.0
2019-02-22,2019-02-23 17:45:00,0.0,0.0
2019-02-22,2019-02-23 18:00:00,0.0,0.031247897073626518
2019-02-22,2019-02-23 18:15:00,0.0,0.04194897040724754
2019-02-22,2019-02-23 18:30:00,0.0,0.06269071996212006
2019-02-22,2019-02-23 18:45:00,0.0,0.08344987779855728
2019-02-22,2019-02-23 19:00:00,0.0,0.044411830604076385
2019-02-22,2019-02-23 19:15:00,0.0,0.06622471660375595
2019-02-22,2019-02-23 19:30:00,0.0,0.0744195282459259
2019-02-22,2019-02-23 19:45:00,0.0,0.04023255407810211
2019-02-22,2019-02-23 20:00:00,0.0,0.05207657814025879
2019-02-22,2019-02-23 20:15:00,0.0,0.06526841223239899
2019-02-22,2019-02-23 20:30:00,0.0,0.030197545886039734
2019-02-22,2019-02-23 20:45:00,0.0,0.015065369196236134
2019-02-22,2019-02-23 21:00:00,0.0,0.03750770166516304
2019-02-22,2019-02-23 21:15:00,0.0,0.033184513449668884
2019-02-22,2019-02-23 21:30:00,0.0,0.01350464578717947
2019-02-22,2019-02-23 21:45:00,0.0,0.019029060378670692
2019-02-22,2019-02-23 22:00:00,0.0,0.04227785766124725
2019-02-22,2019-02-23 22:15:00,0.0,0.0
2019-02-22,2019-02-23 22:30:00,0.0,0.0
2019-02-22,2019-02-23 22:45:00,0.0,0.0
2019-02-22,2019-02-23 23:00:00,0.0,0.0
2019-02-22,2019-02-23 23:15:00,0.03515600040555,0.0
2019-02-22,2019-02-23 23:30:00,0.13359400629997253,0.054639268666505814
2019-02-22,2019-02-23 23:45:00,0.22851599752902985,0.14180567860603333
2019-02-23,2019-02-24 00:00:00,0.4007810056209564,0.3277047872543335
2019-02-23,2019-02-24 00:15:00,0.5730469822883606,0.4792075753211975
2019-02-23,2019-02-24 00:30:00,0.7699220180511475,0.6333621144294739
2019-02-23,2019-02-24 00:45:00,0.956250011920929,0.7933277487754822
2019-02-23,2019-02-24 01:00:00,1.209375023841858,1.0128536224365234
2019-02-23,2019-02-24 01:15:00,1.4660160541534424,1.1864557266235352
2019-02-23,2019-02-24 01:30:00,1.6136720180511475,1.3395085334777832
2019-02-23,2019-02-24 01:45:00,1.8808590173721313,1.4715131521224976
2019-02-23,2019-02-24 02:00:00,2.0777339935302734,1.6098698377609253
2019-02-23,2019-02-24 02:15:00,1.9968750476837158,1.7066017389297485
2019-02-23,2019-02-24 02:30:00,2.3589839935302734,1.7691537141799927
2019-02-23,2019-02-24 02:45:00,2.5804688930511475,1.7912228107452393
2019-02-23,2019-02-24 03:00:00,2.3519530296325684,1.76325261592865
2019-02-23,2019-02-24 03:15:00,2.0531249046325684,1.8176153898239136
2019-02-23,2019-02-24 03:30:00,2.26406192779541,1.7342112064361572
2019-02-23,2019-02-24 03:45:00,1.9582029581069946,1.7126946449279785
2019-02-23,2019-02-24 04:00:00,1.497655987739563,1.7338794469833374
2019-02-23,2019-02-24 04:15:00,1.6347659826278687,1.6717947721481323
2019-02-23,2019-02-24 04:30:00,2.1410160064697266,1.6786655187606812
2019-02-23,2019-02-24 04:45:00,1.9230469465255737,1.6769345998764038
2019-02-23,2019-02-24 05:00:00,2.489063024520874,1.6637799739837646
2019-02-23,2019-02-24 05:15:00,2.242969036102295,1.6036767959594727
2019-02-23,2019-02-24 05:30:00,1.6101560592651367,1.5657380819320679
2019-02-23,2019-02-24 05:45:00,1.9968750476837158,1.4478200674057007
2019-02-23,2019-02-24 06:00:00,1.4695310592651367,1.4212580919265747
2019-02-23,2019-02-24 06:15:00,1.314844012260437,1.3754819631576538
2019-02-23,2019-02-24 06:30:00,1.3816410303115845,1.3373714685440063
2019-02-23,2019-02-24 06:45:00,1.2937500476837158,1.1539503335952759
2019-02-23,2019-02-24 07:00:00,1.1425780057907104,1.0665960311889648
2019-02-23,2019-02-24 07:15:00,1.1636719703674316,0.9673588871955872
2019-02-23,2019-02-24 07:30:00,1.117969036102295,0.8603461384773254
2019-02-23,2019-02-24 07:45:00,1.082811951637268,0.8102414608001709
2019-02-23,2019-02-24 08:00:00,0.8085939884185791,0.6864250302314758
2019-02-23,2019-02-24 08:15:00,0.6152340173721313,0.5547062158584595
2019-02-23,2019-02-24 08:30:00,0.46406298875808716,0.48443979024887085
2019-02-23,2019-02-24 08:45:00,0.33398398756980896,0.3967219889163971
2019-02-23,2019-02-24 09:00:00,0.2355470061302185,0.3080805838108063
2019-02-23,2019-02-24 09:15:00,0.16875000298023224,0.2472827136516571
2019-02-23,2019-02-24 09:30:00,0.12656299769878387,0.19595253467559814
2019-02-23,2019-02-24 09:45:00,0.021093999966979027,0.13892045617103577
2019-02-23,2019-02-24 10:00:00,0.0,0.0906263068318367
2019-02-23,2019-02-24 10:15:00,0.0,0.06453609466552734
2019-02-23,2019-02-24 10:30:00,0.0,0.024205898866057396
2019-02-23,2019-02-24 10:45:00,0.0,0.0200150515884161
2019-02-23,2019-02-24 11:00:00,0.0,0.0
2019-02-23,2019-02-24 11:15:00,0.0,0.0
2019-02-23,2019-02-24 11:30:00,0.0,0.021444879472255707
2019-02-23,2019-02-24 11:45:00,0.0,0.007279921323060989
2019-02-23,2019-02-24 12:00:00,0.0,0.02380087785422802
2019-02-23,2019-02-24 12:15:00,0.0,0.0
2019-02-23,2019-02-24 12:30:00,0.0,0.0
2019-02-23,2019-02-24 12:45:00,0.0,0.0
2019-02-23,2019-02-24 13:00:00,0.0,0.0
2019-02-23,2019-02-24 13:15:00,0.0,0.0
2019-02-23,2019-02-24 13:30:00,0.0,0.0
2019-02-23,2019-02-24 13:45:00,0.0,0.0
2019-02-23,2019-02-24 14:00:00,0.0,0.0
2019-02-23,2019-02-24 14:15:00,0.0,0.0
2019-02-23,2019-02-24 14:30:00,0.0,0.0
2019-02-23,2019-02-24 14:45:00,0.0,0.0
2019-02-23,2019-02-24 15:00:00,0.0,0.0
2019-02-23,2019-02-24 15:15:00,0.0,0.03335701301693916
2019-02-23,2019-02-24 15:30:00,0.0,0.0
2019-02-23,2019-02-24 15:45:00,0.0,0.06535754352807999
2019-02-23,2019-02-24 16:00:00,0.0,0.032125066965818405
2019-02-23,2019-02-24 16:15:00,0.0,0.029948361217975616
2019-02-23,2019-02-24 16:30:00,0.0,0.012307297438383102
2019-02-23,2019-02-24 16:45:00,0.0,0.02061842381954193
2019-02-23,2019-02-24 17:00:00,0.0,0.0
2019-02-23,2019-02-24 17:15:00,0.0,0.0
2019-02-23,2019-02-24 17:30:00,0.0,0.0
2019-02-23,2019-02-24 17:45:00,0.0,0.0
2019-02-23,2019-02-24 18:00:00,0.0,0.00035582316922955215
2019-02-23,2019-02-24 18:15:00,0.0,0.00938086025416851
2019-02-23,2019-02-24 18:30:00,0.0,0.02588452212512493
2019-02-23,2019-02-24 18:45:00,0.0,0.02042177878320217
2019-02-23,2019-02-24 19:00:00,0.0,0.026267163455486298
2019-02-23,2019-02-24 19:15:00,0.0,0.04291393235325813
2019-02-23,2019-02-24 19:30:00,0.0,0.02039298415184021
2019-02-23,2019-02-24 19:45:00,0.0,0.03273879736661911
2019-02-23,2019-02-24 20:00:00,0.0,0.03023219294846058
2019-02-23,2019-02-24 20:15:00,0.0,0.06548239290714264
2019-02-23,2019-02-24 20:30:00,0.0,0.004626976791769266
2019-02-23,2019-02-24 20:45:00,0.0,0.031749431043863297
2019-02-23,2019-02-24 21:00:00,0.0,0.02663310058414936
2019-02-23,2019-02-24 21:15:00,0.0,0.04733647406101227
2019-02-23,2019-02-24 21:30:00,0.0,0.018065771088004112
2019-02-23,2019-02-24 21:45:00,0.0,0.029937446117401123
2019-02-23,2019-02-24 22:00:00,0.0,0.03382951021194458
2019-02-23,2019-02-24 22:15:00,0.0,0.0
2019-02-23,2019-02-24 22:30:00,0.0,0.0
2019-02-23,2019-02-24 22:45:00,0.0,0.0
2019-02-23,2019-02-24 23:00:00,0.0,0.0
2019-02-23,2019-02-24 23:15:00,0.007031000219285488,0.0
2019-02-23,2019-02-24 23:30:00,0.09140600264072418,0.04695510119199753
2019-02-23,2019-02-24 23:45:00,0.21445299685001373,0.1580396443605423
2019-02-24,2019-02-25 00:00:00,0.26718801259994507,0.29966917634010315
2019-02-24,2019-02-25 00:15:00,0.4781250059604645,0.43908366560935974
2019-02-24,2019-02-25 00:30:00,0.5730469822883606,0.5654522180557251
2019-02-24,2019-02-25 00:45:00,0.7277340292930603,0.7190078496932983
2019-02-24,2019-02-25 01:00:00,1.0089839696884155,0.9471919536590576
2019-02-24,2019-02-25 01:15:00,1.2269530296325684,1.105000615119934
2019-02-24,2019-02-25 01:30:00,1.4308589696884155,1.2862285375595093
2019-02-24,2019-02-25 01:45:00,1.6664060354232788,1.4311105012893677
2019-02-24,2019-02-25 02:00:00,1.8562500476837158,1.648142695426941
2019-02-24,2019-02-25 02:15:00,2.109375,1.7756410837173462
2019-02-24,2019-02-25 02:30:00,2.2113280296325684,1.9309499263763428
2019-02-24,2019-02-25 02:45:00,2.3273439407348633,2.0537779331207275
2019-02-24,2019-02-25 03:00:00,2.397655963897705,2.091136932373047
2019-02-24,2019-02-25 03:15:00,2.548827886581421,2.2301132678985596
2019-02-24,2019-02-25 03:30:00,2.6085939407348633,2.289124011993408
2019-02-24,2019-02-25 03:45:00,2.707031011581421,2.2818267345428467
2019-02-24,2019-02-25 04:00:00,2.742187976837158,2.3940141201019287
2019-02-24,2019-02-25 04:15:00,2.794922113418579,2.3702268600463867
2019-02-24,2019-02-25 04:30:00,2.777343988418579,2.4418342113494873
2019-02-24,2019-02-25 04:45:00,2.707031011581421,2.449308156967163
2019-02-24,2019-02-25 05:00:00,2.6683590412139893,2.4243862628936768
2019-02-24,2019-02-25 05:15:00,2.6261720657348633,2.365624189376831
2019-02-24,2019-02-25 05:30:00,2.2886719703674316,2.303452968597412
2019-02-24,2019-02-25 05:45:00,2.496093988418579,2.2049190998077393
2019-02-24,2019-02-25 06:00:00,2.496093988418579,2.154294013977051
2019-02-24,2019-02-25 06:15:00,2.373047113418579,2.075329065322876
2019-02-24,2019-02-25 06:30:00,2.2464840412139893,1.9946633577346802
2019-02-24,2019-02-25 06:45:00,2.0425779819488525,1.7443654537200928
2019-02-24,2019-02-25 07:00:00,1.9019529819488525,1.6129908561706543
2019-02-24,2019-02-25 07:15:00,1.736719012260437,1.4327284097671509
2019-02-24,2019-02-25 07:30:00,1.4695310592651367,1.2617578506469727
2019-02-24,2019-02-25 07:45:00,0.8578130006790161,1.1424002647399902
2019-02-24,2019-02-25 08:00:00,1.1636719703674316,0.9383631944656372
2019-02-24,2019-02-25 08:15:00,0.6011719703674316,0.7334054112434387
2019-02-24,2019-02-25 08:30:00,0.6574220061302185,0.6012479066848755
2019-02-24,2019-02-25 08:45:00,0.5238280296325684,0.48807278275489807
2019-02-24,2019-02-25 09:00:00,0.3761720061302185,0.33726462721824646
2019-02-24,2019-02-25 09:15:00,0.1511719971895218,0.23736965656280518
2019-02-24,2019-02-25 09:30:00,0.09843800216913223,0.16390758752822876
2019-02-24,2019-02-25 09:45:00,0.010546999983489513,0.11945435404777527
2019-02-24,2019-02-25 10:00:00,0.0,0.07739222794771194
2019-02-24,2019-02-25 10:15:00,0.0,0.05060647428035736
2019-02-24,2019-02-25 10:30:00,0.0,0.04863125458359718
2019-02-24,2019-02-25 10:45:00,0.0,0.05756182223558426
2019-02-24,2019-02-25 11:00:00,0.0,0.031143806874752045
2019-02-24,2019-02-25 11:15:00,0.0,0.06833570450544357
2019-02-24,2019-02-25 11:30:00,0.0,0.04683234915137291
2019-02-24,2019-02-25 11:45:00,0.0,0.040940847247838974
2019-02-24,2019-02-25 12:00:00,0.0,0.019131841138005257
2019-02-24,2019-02-25 12:15:00,0.0,0.0
2019-02-24,2019-02-25 12:30:00,0.0,0.0
2019-02-24,2019-02-25 12:45:00,0.0,0.0
2019-02-24,2019-02-25 13:00:00,0.0,0.0
2019-02-24,2019-02-25 13:15:00,0.0,0.0
2019-02-24,2019-02-25 13:30:00,0.0,0.0
2019-02-24,2019-02-25 13:45:00,0.0,0.0
2019-02-24,2019-02-25 14:00:00,0.0,0.0
2019-02-24,2019-02-25 14:15:00,0.0,0.0
2019-02-24,2019-02-25 14:30:00,0.0,0.0
2019-02-24,2019-02-25 14:45:00,0.0,0.0
2019-02-24,2019-02-25 15:00:00,0.0,0.0
2019-02-24,2019-02-25 15:15:00,0.0,0.03360206261277199
2019-02-24,2019-02-25 15:30:00,0.0,0.0017212386010214686
2019-02-24,2019-02-25 15:45:00,0.0,0.037257593125104904
2019-02-24,2019-02-25 16:00:00,0.0,0.007862593978643417
2019-02-24,2019-02-25 16:15:00,0.0,0.0
2019-02-24,2019-02-25 16:30:00,0.0,0.0
2019-02-24,2019-02-25 16:45:00,0.0,0.0
2019-02-24,2019-02-25 17:00:00,0.0,0.0
2019-02-24,2019-02-25 17:15:00,0.0,0.0
2019-02-24,2019-02-25 17:30:00,0.0,0.0
2019-02-24,2019-02-25 17:45:00,0.0,0.0
2019-02-24,2019-02-25 18:00:00,0.0,0.039221614599227905
2019-02-24,2019-02-25 18:15:00,0.0,0.06036778911948204
2019-02-24,2019-02-25 18:30:00,0.0,0.06810736656188965
2019-02-24,2019-02-25 18:45:00,0.0,0.08561930060386658
2019-02-24,2019-02-25 19:00:00,0.0,0.056412141770124435
2019-02-24,2019-02-25 19:15:00,0.0,0.06871512532234192
2019-02-24,2019-02-25 19:30:00,0.0,0.050219688564538956
2019-02-24,2019-02-25 19:45:00,0.0,0.026924636214971542
2019-02-24,2019-02-25 20:00:00,0.0,0.02588372863829136
2019-02-24,2019-02-25 20:15:00,0.0,0.04293079674243927
2019-02-24,2019-02-25 20:30:00,0.0,0.004017752595245838
2019-02-24,2019-02-25 20:45:00,0.0,0.0018802520353347063
2019-02-24,2019-02-25 21:00:00,0.0,0.04155946522951126
2019-02-24,2019-02-25 21:15:00,0.0,0.043057773262262344
2019-02-24,2019-02-25 21:30:00,0.0,0.022145770490169525
2019-02-24,2019-02-25 21:45:00,0.0,0.02685966156423092
2019-02-24,2019-02-25 22:00:00,0.0,0.030257627367973328
2019-02-24,2019-02-25 22:15:00,0.0,0.0
2019-02-24,2019-02-25 22:30:00,0.0,0.0
2019-02-24,2019-02-25 22:45:00,0.0,0.0
2019-02-24,2019-02-25 23:00:00,0.0,0.0
2019-02-24,2019-02-25 23:15:00,0.0,0.01012766920030117
2019-02-24,2019-02-25 23:30:00,0.05624999850988388,0.07004381716251373
2019-02-24,2019-02-25 23:45:00,0.20390599966049194,0.1698400378227234
2019-02-25,2019-02-26 00:00:00,0.23906299471855164,0.20284779369831085
2019-02-25,2019-02-26 00:15:00,0.28476598858833313,0.2611803412437439
2019-02-25,2019-02-26 00:30:00,0.330469012260437,0.37074702978134155
2019-02-25,2019-02-26 00:45:00,0.5660160183906555,0.47266656160354614
2019-02-25,2019-02-26 01:00:00,0.7277340292930603,0.5930570960044861
2019-02-25,2019-02-26 01:15:00,0.8050780296325684,0.704336404800415
2019-02-25,2019-02-26 01:30:00,0.9316409826278687,0.7948744893074036
2019-02-25,2019-02-26 01:45:00,1.0863280296325684,0.8539941310882568
2019-02-25,2019-02-26 02:00:00,1.6980470418930054,0.9945525527000427
2019-02-25,2019-02-26 02:15:00,1.5011719465255737,1.0318560600280762
2019-02-25,2019-02-26 02:30:00,1.3183590173721313,1.109229564666748
2019-02-25,2019-02-26 02:45:00,1.0968749523162842,1.1696301698684692
2019-02-25,2019-02-26 03:00:00,0.9808589816093445,1.2037309408187866
2019-02-25,2019-02-26 03:15:00,1.3886719942092896,1.3146106004714966
2019-02-25,2019-02-26 03:30:00,1.7015620470046997,1.3667585849761963
2019-02-25,2019-02-26 03:45:00,1.771875023841858,1.3799054622650146
2019-02-25,2019-02-26 04:00:00,1.9863280057907104,1.4851925373077393
2019-02-25,2019-02-26 04:15:00,1.6558589935302734,1.501833438873291
2019-02-25,2019-02-26 04:30:00,1.884374976158142,1.5571541786193848
2019-02-25,2019-02-26 04:45:00,1.771875023841858,1.6172293424606323
2019-02-25,2019-02-26 05:00:00,2.1304690837860107,1.631516695022583
2019-02-25,2019-02-26 05:15:00,1.9054689407348633,1.5805052518844604
2019-02-25,2019-02-26 05:30:00,1.7085939645767212,1.557024359703064
2019-02-25,2019-02-26 05:45:00,1.490625023841858,1.4586883783340454
2019-02-25,2019-02-26 06:00:00,1.5714839696884155,1.4492985010147095
2019-02-25,2019-02-26 06:15:00,1.6699219942092896,1.3794255256652832
2019-02-25,2019-02-26 06:30:00,1.5257810354232788,1.3458526134490967
2019-02-25,2019-02-26 06:45:00,1.5644530057907104,1.1930984258651733
2019-02-25,2019-02-26 07:00:00,1.3429689407348633,1.1098999977111816
2019-02-25,2019-02-26 07:15:00,1.3535159826278687,1.013881802558899
2019-02-25,2019-02-26 07:30:00,1.2374999523162842,0.9191568493843079
2019-02-25,2019-02-26 07:45:00,0.9808589816093445,0.8736085891723633
2019-02-25,2019-02-26 08:00:00,0.9316409826278687,0.7890108227729797
2019-02-25,2019-02-26 08:15:00,0.9140620231628418,0.6744193434715271
2019-02-25,2019-02-26 08:30:00,0.675000011920929,0.5871911644935608
2019-02-25,2019-02-26 08:45:00,0.5378909707069397,0.5165048241615295
2019-02-25,2019-02-26 09:00:00,0.40781301259994507,0.39168184995651245
2019-02-25,2019-02-26 09:15:00,0.29531198740005493,0.3378780484199524
2019-02-25,2019-02-26 09:30:00,0.1511719971895218,0.28619787096977234
2019-02-25,2019-02-26 09:45:00,0.04570300132036209,0.20455120503902435
2019-02-25,2019-02-26 10:00:00,0.0,0.1493440568447113
2019-02-25,2019-02-26 10:15:00,0.0,0.10470668226480484
2019-02-25,2019-02-26 10:30:00,0.0,0.090924471616745
2019-02-25,2019-02-26 10:45:00,0.0,0.07614855468273163
2019-02-25,2019-02-26 11:00:00,0.0,0.047312550246715546
2019-02-25,2019-02-26 11:15:00,0.0,0.04582282155752182
2019-02-25,2019-02-26 11:30:00,0.0,0.040388595312833786
2019-02-25,2019-02-26 11:45:00,0.0,0.031027527526021004
2019-02-25,2019-02-26 12:00:00,0.0,0.04666433483362198
2019-02-25,2019-02-26 12:15:00,0.0,0.0
2019-02-25,2019-02-26 12:30:00,0.0,0.004727223422378302
2019-02-25,2019-02-26 12:45:00,0.0,0.0
2019-02-25,2019-02-26 13:00:00,0.0,0.0
2019-02-25,2019-02-26 13:15:00,0.0,0.0
2019-02-25,2019-02-26 13:30:00,0.0,0.0
2019-02-25,2019-02-26 13:45:00,0.0,0.0
2019-02-25,2019-02-26 14:00:00,0.0,0.0
2019-02-25,2019-02-26 14:15:00,0.0,0.0
2019-02-25,2019-02-26 14:30:00,0.0,0.0
2019-02-25,2019-02-26 14:45:00,0.0,0.0
2019-02-25,2019-02-26 15:00:00,0.0,0.0
2019-02-25,2019-02-26 15:15:00,0.0,0.009571322239935398
2019-02-25,2019-02-26 15:30:00,0.0,0.0021592534612864256
2019-02-25,2019-02-26 15:45:00,0.0,0.020541762933135033
2019-02-25,2019-02-26 16:00:00,0.0,0.007769944611936808
2019-02-25,2019-02-26 16:15:00,0.0,0.03206157311797142
2019-02-25,2019-02-26 16:30:00,0.0,0.01955368183553219
2019-02-25,2019-02-26 16:45:00,0.0,0.009042957797646523
2019-02-25,2019-02-26 17:00:00,0.0,0.0
2019-02-25,2019-02-26 17:15:00,0.0,0.008064433932304382
2019-02-25,2019-02-26 17:30:00,0.0,0.0
2019-02-25,2019-02-26 17:45:00,0.0,0.0
2019-02-25,2019-02-26 18:00:00,0.0,0.013666004873812199
2019-02-25,2019-02-26 18:15:00,0.0,0.006579930428415537
2019-02-25,2019-02-26 18:30:00,0.0,0.0478765107691288
2019-02-25,2019-02-26 18:45:00,0.0,0.05388001725077629
2019-02-25,2019-02-26 19:00:00,0.0,0.06339146196842194
2019-02-25,2019-02-26 19:15:00,0.0,0.07763122022151947
2019-02-25,2019-02-26 19:30:00,0.0,0.06388793140649796
2019-02-25,2019-02-26 19:45:00,0.0,0.0765288844704628
2019-02-25,2019-02-26 20:00:00,0.0,0.05616072937846184
2019-02-25,2019-02-26 20:15:00,0.0,0.08067922294139862
2019-02-25,2019-02-26 20:30:00,0.0,0.02354658953845501
2019-02-25,2019-02-26 20:45:00,0.0,0.018467890098690987
2019-02-25,2019-02-26 21:00:00,0.0,0.012854550033807755
2019-02-25,2019-02-26 21:15:00,0.0,0.0
2019-02-25,2019-02-26 21:30:00,0.0,0.0
2019-02-25,2019-02-26 21:45:00,0.0,0.0
2019-02-25,2019-02-26 22:00:00,0.0,0.0
2019-02-25,2019-02-26 22:15:00,0.0,0.0
2019-02-25,2019-02-26 22:30:00,0.0,0.0
2019-02-25,2019-02-26 22:45:00,0.0,0.0
2019-02-25,2019-02-26 23:00:00,0.0,0.0
2019-02-25,2019-02-26 23:15:00,0.0,0.0
2019-02-25,2019-02-26 23:30:00,0.12304700165987015,0.0
2019-02-25,2019-02-26 23:45:00,0.20742200314998627,0.02241620235145092
2019-02-26,2019-02-27 00:00:00,0.25312501192092896,0.16325794160366058
2019-02-26,2019-02-27 00:15:00,0.4675779938697815,0.28722280263900757
2019-02-26,2019-02-27 00:30:00,0.6890619993209839,0.3364311158657074
2019-02-26,2019-02-27 00:45:00,0.46054700016975403,0.44592446088790894
2019-02-26,2019-02-27 01:00:00,0.5378909707069397,0.6126325726509094
2019-02-26,2019-02-27 01:15:00,0.6574220061302185,0.7473219037055969
2019-02-26,2019-02-27 01:30:00,0.8578130006790161,0.8916394114494324
2019-02-26,2019-02-27 01:45:00,1.0582029819488525,1.0424729585647583
2019-02-26,2019-02-27 02:00:00,1.652343988418579,1.251483678817749
2019-02-26,2019-02-27 02:15:00,1.6207029819488525,1.4170924425125122
2019-02-26,2019-02-27 02:30:00,2.133984088897705,1.6500754356384277
2019-02-26,2019-02-27 02:45:00,2.1726560592651367,1.7692809104919434
2019-02-26,2019-02-27 03:00:00,2.4749999046325684,1.9007421731948853
2019-02-26,2019-02-27 03:15:00,2.671875,2.110435724258423
2019-02-26,2019-02-27 03:30:00,2.390625,2.259190559387207
2019-02-26,2019-02-27 03:45:00,2.5945310592651367,2.3507578372955322
2019-02-26,2019-02-27 04:00:00,2.9496090412139893,2.525663375854492
2019-02-26,2019-02-27 04:15:00,3.0339839458465576,2.5728445053100586
2019-02-26,2019-02-27 04:30:00,2.7351560592651367,2.6967885494232178
2019-02-26,2019-02-27 04:45:00,3.0093750953674316,2.8346595764160156
2019-02-26,2019-02-27 05:00:00,2.225390911102295,2.838308334350586
2019-02-26,2019-02-27 05:15:00,3.2097649574279785,2.8143982887268066
2019-02-26,2019-02-27 05:30:00,3.005858898162842,2.829432964324951
2019-02-26,2019-02-27 05:45:00,2.9039061069488525,2.71730375289917
2019-02-26,2019-02-27 06:00:00,2.924999952316284,2.731910228729248
2019-02-26,2019-02-27 06:15:00,2.8511719703674316,2.6649153232574463
2019-02-26,2019-02-27 06:30:00,2.664844036102295,2.6126532554626465
2019-02-26,2019-02-27 06:45:00,2.54531192779541,2.387751340866089
2019-02-26,2019-02-27 07:00:00,2.373047113418579,2.1890931129455566
2019-02-26,2019-02-27 07:15:00,2.1761720180511475,1.996382236480713
2019-02-26,2019-02-27 07:30:00,1.9863280057907104,1.798363208770752
2019-02-26,2019-02-27 07:45:00,1.8386720418930054,1.6468147039413452
2019-02-26,2019-02-27 08:00:00,1.546875,1.393909215927124
2019-02-26,2019-02-27 08:15:00,1.3289060592651367,1.078550934791565
2019-02-26,2019-02-27 08:30:00,1.026561975479126,0.9274635314941406
2019-02-26,2019-02-27 08:45:00,0.7769529819488525,0.7323497533798218
2019-02-26,2019-02-27 09:00:00,0.5167970061302185,0.49612292647361755
2019-02-26,2019-02-27 09:15:00,0.3410159945487976,0.33057233691215515
2019-02-26,2019-02-27 09:30:00,0.19687500596046448,0.21713516116142273
2019-02-26,2019-02-27 09:45:00,0.021093999966979027,0.08644205331802368
2019-02-26,2019-02-27 10:00:00,0.0,0.0
2019-02-26,2019-02-27 10:15:00,0.0,0.0
2019-02-26,2019-02-27 10:30:00,0.0,0.0
2019-02-26,2019-02-27 10:45:00,0.0,0.0
2019-02-26,2019-02-27 11:00:00,0.0,0.0
2019-02-26,2019-02-27 11:15:00,0.0,0.0
2019-02-26,2019-02-27 11:30:00,0.0,0.02270491048693657
2019-02-26,2019-02-27 11:45:00,0.0,0.06464570760726929
2019-02-26,2019-02-27 12:00:00,0.0,0.05182928591966629
2019-02-26,2019-02-27 12:15:00,0.0,0.0
2019-02-26,2019-02-27 12:30:00,0.0,0.009667780250310898
2019-02-26,2019-02-27 12:45:00,0.0,0.0
2019-02-26,2019-02-27 13:00:00,0.0,0.0021277996711432934
2019-02-26,2019-02-27 13:15:00,0.0,0.0
2019-02-26,2019-02-27 13:30:00,0.0,0.0
2019-02-26,2019-02-27 13:45:00,0.0,0.0
2019-02-26,2019-02-27 14:00:00,0.0,0.0
2019-02-26,2019-02-27 14:15:00,0.0,0.0
2019-02-26,2019-02-27 14:30:00,0.0,0.0
2019-02-26,2019-02-27 14:45:00,0.0,0.0
2019-02-26,2019-02-27 15:00:00,0.0,0.0
2019-02-26,2019-02-27 15:15:00,0.0,0.0292191244661808
2019-02-26,2019-02-27 15:30:00,0.0,0.007040706463158131
2019-02-26,2019-02-27 15:45:00,0.0,0.04580226540565491
2019-02-26,2019-02-27 16:00:00,0.0,0.054763440042734146
2019-02-26,2019-02-27 16:15:00,0.0,0.044253528118133545
2019-02-26,2019-02-27 16:30:00,0.0,0.002223740564659238
2019-02-26,2019-02-27 16:45:00,0.0,0.0037293536588549614
2019-02-26,2019-02-27 17:00:00,0.0,0.003975718282163143
2019-02-26,2019-02-27 17:15:00,0.0,0.003285449231043458
2019-02-26,2019-02-27 17:30:00,0.0,0.0
2019-02-26,2019-02-27 17:45:00,0.0,0.0
2019-02-26,2019-02-27 18:00:00,0.0,0.058017510920763016
2019-02-26,2019-02-27 18:15:00,0.0,0.04849826171994209
2019-02-26,2019-02-27 18:30:00,0.0,0.05974195897579193
2019-02-26,2019-02-27 18:45:00,0.0,0.09287051111459732
2019-02-26,2019-02-27 19:00:00,0.0,0.0588918961584568
2019-02-26,2019-02-27 19:15:00,0.0,0.06740779429674149
2019-02-26,2019-02-27 19:30:00,0.0,0.0355740562081337
2019-02-26,2019-02-27 19:45:00,0.0,0.03579745069146156
2019-02-26,2019-02-27 20:00:00,0.0,0.056570202112197876
2019-02-26,2019-02-27 20:15:00,0.0,0.0661618635058403
2019-02-26,2019-02-27 20:30:00,0.0,0.008838669396936893
2019-02-26,2019-02-27 20:45:00,0.0,0.024433864280581474
2019-02-26,2019-02-27 21:00:00,0.0,0.05028285086154938
2019-02-26,2019-02-27 21:15:00,0.0,0.08487869054079056
2019-02-26,2019-02-27 21:30:00,0.0,0.05695114657282829
2019-02-26,2019-02-27 21:45:00,0.0,0.060913536697626114
2019-02-26,2019-02-27 22:00:00,0.0,0.10206983983516693
2019-02-26,2019-02-27 22:15:00,0.0,0.007367395795881748
2019-02-26,2019-02-27 22:30:00,0.0,0.03785762935876846
2019-02-26,2019-02-27 22:45:00,0.0,0.0
2019-02-26,2019-02-27 23:00:00,0.0,0.0
2019-02-26,2019-02-27 23:15:00,0.03867200016975403,0.0192074254155159
2019-02-26,2019-02-27 23:30:00,0.08437500149011612,0.016279682517051697
2019-02-26,2019-02-27 23:45:00,0.24257799983024597,0.09726173430681229
2019-02-27,2019-02-28 00:00:00,0.3480469882488251,0.2819041311740875
2019-02-27,2019-02-28 00:15:00,0.49921900033950806,0.3973504602909088
2019-02-27,2019-02-28 00:30:00,0.6433590054512024,0.4645315110683441
2019-02-27,2019-02-28 00:45:00,0.8050780296325684,0.5864132046699524
2019-02-27,2019-02-28 01:00:00,0.9914060235023499,0.7400797605514526
2019-02-27,2019-02-28 01:15:00,1.132030963897705,0.8754391670227051
2019-02-27,2019-02-28 01:30:00,1.3359379768371582,0.9744575023651123
2019-02-27,2019-02-28 01:45:00,1.4800779819488525,1.1053625345230103
2019-02-27,2019-02-28 02:00:00,1.5328119993209839,1.217875599861145
2019-02-27,2019-02-28 02:15:00,1.6347659826278687,1.296278715133667
2019-02-27,2019-02-28 02:30:00,1.8105469942092896,1.386876106262207
2019-02-27,2019-02-28 02:45:00,1.6839840412139893,1.3928310871124268
2019-02-27,2019-02-28 03:00:00,1.638280987739563,1.4278383255004883
2019-02-27,2019-02-28 03:15:00,1.6839840412139893,1.5177465677261353
2019-02-27,2019-02-28 03:30:00,1.9476560354232788,1.5014642477035522
2019-02-27,2019-02-28 03:45:00,1.9652340412139893,1.5078791379928589
2019-02-27,2019-02-28 04:00:00,2.133984088897705,1.5883961915969849
2019-02-27,2019-02-28 04:15:00,1.8597660064697266,1.524815559387207
2019-02-27,2019-02-28 04:30:00,1.3851560354232788,1.614235281944275
2019-02-27,2019-02-28 04:45:00,1.2761720418930054,1.6402201652526855
2019-02-27,2019-02-28 05:00:00,1.3816410303115845,1.6361653804779053
2019-02-27,2019-02-28 05:15:00,1.9863280057907104,1.6336718797683716
2019-02-27,2019-02-28 05:30:00,2.1867189407348633,1.6227723360061646
2019-02-27,2019-02-28 05:45:00,2.102344036102295,1.5855207443237305
2019-02-27,2019-02-28 06:00:00,2.003906011581421,1.6090412139892578
2019-02-27,2019-02-28 06:15:00,1.828125,1.592010498046875
2019-02-27,2019-02-28 06:30:00,1.6875,1.5738035440444946
2019-02-27,2019-02-28 06:45:00,1.6488280296325684,1.4539581537246704
2019-02-27,2019-02-28 07:00:00,1.553905963897705,1.383030891418457
2019-02-27,2019-02-28 07:15:00,1.455469012260437,1.2872484922409058
2019-02-27,2019-02-28 07:30:00,1.3921869993209839,1.1661155223846436
2019-02-27,2019-02-28 07:45:00,1.1707030534744263,1.1142405271530151
2019-02-27,2019-02-28 08:00:00,1.075780987739563,0.9813758730888367
2019-02-27,2019-02-28 08:15:00,0.8894529938697815,0.7913949489593506
2019-02-27,2019-02-28 08:30:00,0.7101560235023499,0.6962565183639526
2019-02-27,2019-02-28 08:45:00,0.541405975818634,0.552272617816925
2019-02-27,2019-02-28 09:00:00,0.41484400629997253,0.4216160178184509
2019-02-27,2019-02-28 09:15:00,0.2460940033197403,0.3447919487953186
2019-02-27,2019-02-28 09:30:00,0.140625,0.2315848469734192
2019-02-27,2019-02-28 09:45:00,0.05624999850988388,0.1617039144039154
2019-02-27,2019-02-28 10:00:00,0.0,0.07458865642547607
2019-02-27,2019-02-28 10:15:00,0.0,0.041638389229774475
2019-02-27,2019-02-28 10:30:00,0.0,0.0264350064098835
2019-02-27,2019-02-28 10:45:00,0.0,0.0
2019-02-27,2019-02-28 11:00:00,0.0,0.0
2019-02-27,2019-02-28 11:15:00,0.0,0.0
2019-02-27,2019-02-28 11:30:00,0.0,0.02779097482562065
2019-02-27,2019-02-28 11:45:00,0.0,0.0
2019-02-27,2019-02-28 12:00:00,0.0,0.01269878726452589
2019-02-27,2019-02-28 12:15:00,0.0,0.0
2019-02-27,2019-02-28 12:30:00,0.0,0.0
2019-02-27,2019-02-28 12:45:00,0.0,0.0
2019-02-27,2019-02-28 13:00:00,0.0,0.0
2019-02-27,2019-02-28 13:15:00,0.0,0.0
2019-02-27,2019-02-28 13:30:00,0.0,0.0
2019-02-27,2019-02-28 13:45:00,0.0,0.0
2019-02-27,2019-02-28 14:00:00,0.0,0.0
2019-02-27,2019-02-28 14:15:00,0.0,0.0
2019-02-27,2019-02-28 14:30:00,0.0,0.0
2019-02-27,2019-02-28 14:45:00,0.0,0.0
2019-02-27,2019-02-28 15:00:00,0.0,0.0
2019-02-27,2019-02-28 15:15:00,0.0,0.06936819851398468
2019-02-27,2019-02-28 15:30:00,0.0,0.03319487348198891
2019-02-27,2019-02-28 15:45:00,0.0,0.05327193811535835
2019-02-27,2019-02-28 16:00:00,0.0,0.013300593942403793
2019-02-27,2019-02-28 16:15:00,0.0,0.03037917986512184
2019-02-27,2019-02-28 16:30:00,0.0,0.010335887782275677
2019-02-27,2019-02-28 16:45:00,0.0,0.010538406670093536
2019-02-27,2019-02-28 17:00:00,0.0,0.0
2019-02-27,2019-02-28 17:15:00,0.0,0.0
2019-02-27,2019-02-28 17:30:00,0.0,0.0
2019-02-27,2019-02-28 17:45:00,0.0,0.0
2019-02-27,2019-02-28 18:00:00,0.0,0.0
2019-02-27,2019-02-28 18:15:00,0.0,0.0
2019-02-27,2019-02-28 18:30:00,0.0,0.0
2019-02-27,2019-02-28 18:45:00,0.0,0.013194823637604713
2019-02-27,2019-02-28 19:00:00,0.0,0.0
2019-02-27,2019-02-28 19:15:00,0.0,0.0032034991309046745
2019-02-27,2019-02-28 19:30:00,0.0,0.009289548732340336
2019-02-27,2019-02-28 19:45:00,0.0,0.0
2019-02-27,2019-02-28 20:00:00,0.0,0.0077050719410181046
2019-02-27,2019-02-28 20:15:00,0.0,0.0321124866604805
2019-02-27,2019-02-28 20:30:00,0.0,0.0
2019-02-27,2019-02-28 20:45:00,0.0,0.0
2019-02-27,2019-02-28 21:00:00,0.0,0.0
2019-02-27,2019-02-28 21:15:00,0.0,0.01774785667657852
2019-02-27,2019-02-28 21:30:00,0.0,0.0
2019-02-27,2019-02-28 21:45:00,0.0,0.011254590004682541
2019-02-27,2019-02-28 22:00:00,0.0,0.0315667986869812
2019-02-27,2019-02-28 22:15:00,0.0,0.0
2019-02-27,2019-02-28 22:30:00,0.0,0.0
2019-02-27,2019-02-28 22:45:00,0.0,0.0
2019-02-27,2019-02-28 23:00:00,0.0,0.0
2019-02-27,2019-02-28 23:15:00,0.04570300132036209,0.0018588335951790214
2019-02-27,2019-02-28 23:30:00,0.11953099817037582,0.11246784031391144
2019-02-27,2019-02-28 23:45:00,0.2460940033197403,0.21580912172794342
2019-05-24,2019-05-25 00:00:00,1.8949220180511475,1.894054651260376
2019-05-24,2019-05-25 00:15:00,2.133984088897705,2.0773448944091797
2019-05-24,2019-05-25 00:30:00,2.3765621185302734,2.2186553478240967
2019-05-24,2019-05-25 00:45:00,2.6050779819488525,2.395486831665039
2019-05-24,2019-05-25 01:00:00,2.8687500953674316,2.5735788345336914
2019-05-24,2019-05-25 01:15:00,3.0796871185302734,2.695197582244873
2019-05-24,2019-05-25 01:30:00,3.244921922683716,2.8028483390808105
2019-05-24,2019-05-25 01:45:00,3.417186975479126,2.9244210720062256
2019-05-24,2019-05-25 02:00:00,3.5542969703674316,3.052109479904175
2019-05-24,2019-05-25 02:15:00,3.684375047683716,3.0611982345581055
2019-05-24,2019-05-25 02:30:00,3.7722649574279785,3.1860177516937256
2019-05-24,2019-05-25 02:45:00,3.81093692779541,3.2225852012634277
2019-05-24,2019-05-25 03:00:00,3.8460938930511475,3.2700295448303223
2019-05-24,2019-05-25 03:15:00,3.779297113418579,3.426887273788452
2019-05-24,2019-05-25 03:30:00,3.726562023162842,3.397460460662842
2019-05-24,2019-05-25 03:45:00,3.645703077316284,3.4047739505767822
2019-05-24,2019-05-25 04:00:00,3.645703077316284,3.5064737796783447
2019-05-24,2019-05-25 04:15:00,3.6175780296325684,3.45475697517395
2019-05-24,2019-05-25 04:30:00,3.6140620708465576,3.46362566947937
2019-05-24,2019-05-25 04:45:00,3.666796922683716,3.5946264266967773
2019-05-24,2019-05-25 05:00:00,3.522655963897705,3.5914199352264404
2019-05-24,2019-05-25 05:15:00,3.698436975479126,3.50373911857605
2019-05-24,2019-05-25 05:30:00,3.568358898162842,3.5741991996765137
2019-05-24,2019-05-25 05:45:00,3.649219036102295,3.4293935298919678
2019-05-24,2019-05-25 06:00:00,3.6140620708465576,3.442193031311035
2019-05-24,2019-05-25 06:15:00,3.4769530296325684,3.434015989303589
2019-05-24,2019-05-25 06:30:00,3.540234088897705,3.4014334678649902
2019-05-24,2019-05-25 06:45:00,3.4066410064697266,3.2124853134155273
2019-05-24,2019-05-25 07:00:00,3.339843988418579,3.068720579147339
2019-05-24,2019-05-25 07:15:00,3.1921870708465576,2.9151408672332764
2019-05-24,2019-05-25 07:30:00,3.0093750953674316,2.7533321380615234
2019-05-24,2019-05-25 07:45:00,2.7914059162139893,2.6635847091674805
2019-05-24,2019-05-25 08:00:00,2.489063024520874,2.3960695266723633
2019-05-24,2019-05-25 08:15:00,2.548827886581421,2.1249632835388184
2019-05-24,2019-05-25 08:30:00,2.1937499046325684,1.8992745876312256
2019-05-24,2019-05-25 08:45:00,1.5679689645767212,1.6666326522827148
2019-05-24,2019-05-25 09:00:00,1.4589840173721313,1.4131336212158203
2019-05-24,2019-05-25 09:15:00,0.6468750238418579,1.1596871614456177
2019-05-24,2019-05-25 09:30:00,1.399219036102295,0.948318600654602
2019-05-24,2019-05-25 09:45:00,0.8964840173721313,0.7165490388870239
2019-05-24,2019-05-25 10:00:00,0.611719012260437,0.5056562423706055
2019-05-24,2019-05-25 10:15:00,0.5554689764976501,0.36953598260879517
2019-05-24,2019-05-25 10:30:00,0.14414100348949432,0.21371634304523468
2019-05-24,2019-05-25 10:45:00,0.16875000298023224,0.09511743485927582
2019-05-24,2019-05-25 11:00:00,0.08789099752902985,0.0834965854883194
2019-05-24,2019-05-25 11:15:00,0.0,0.03716632351279259
2019-05-24,2019-05-25 11:30:00,0.0,0.038214061409235
2019-05-24,2019-05-25 11:45:00,0.0,0.024427063763141632
2019-05-24,2019-05-25 12:00:00,0.0,0.06791376322507858
2019-05-24,2019-05-25 12:15:00,0.0,0.05016181990504265
2019-05-24,2019-05-25 12:30:00,0.0,0.0682082399725914
2019-05-24,2019-05-25 12:45:00,0.0,0.09318863600492477
2019-05-24,2019-05-25 13:00:00,0.0,0.08475163578987122
2019-05-24,2019-05-25 13:15:00,0.0,0.06428276747465134
2019-05-24,2019-05-25 13:30:00,0.0,0.033275265246629715
2019-05-24,2019-05-25 13:45:00,0.0,0.0
2019-05-24,2019-05-25 14:00:00,0.0,0.005880424752831459
2019-05-24,2019-05-25 14:15:00,0.0,0.0046534365974366665
2019-05-24,2019-05-25 14:30:00,0.0,0.0
2019-05-24,2019-05-25 14:45:00,0.0,0.0
2019-05-24,2019-05-25 15:00:00,0.0,0.04568949341773987
2019-05-24,2019-05-25 15:15:00,0.0,0.06748955696821213
2019-05-24,2019-05-25 15:30:00,0.0,0.06075585260987282
2019-05-24,2019-05-25 15:45:00,0.0,0.08773292601108551
2019-05-24,2019-05-25 16:00:00,0.0,0.06867264211177826
2019-05-24,2019-05-25 16:15:00,0.0,0.08860250562429428
2019-05-24,2019-05-25 16:30:00,0.0,0.014257843606173992
2019-05-24,2019-05-25 16:45:00,0.0,0.0032782889902591705
2019-05-24,2019-05-25 17:00:00,0.0,0.0
2019-05-24,2019-05-25 17:15:00,0.0,0.0
2019-05-24,2019-05-25 17:30:00,0.0,0.0
2019-05-24,2019-05-25 17:45:00,0.0,0.0
2019-05-24,2019-05-25 18:00:00,0.0,0.0118969501927495
2019-05-24,2019-05-25 18:15:00,0.0,0.0014842974487692118
2019-05-24,2019-05-25 18:30:00,0.0,0.012965469621121883
2019-05-24,2019-05-25 18:45:00,0.0,0.06783776730298996
2019-05-24,2019-05-25 19:00:00,0.0,0.046590905636548996
2019-05-24,2019-05-25 19:15:00,0.0,0.07393155246973038
2019-05-24,2019-05-25 19:30:00,0.0,0.06706958264112473
2019-05-24,2019-05-25 19:45:00,0.0,0.08676517009735107
2019-05-24,2019-05-25 20:00:00,0.0,0.09914097189903259
2019-05-24,2019-05-25 20:15:00,0.0,0.09421442449092865
2019-05-24,2019-05-25 20:30:00,0.0,0.07501743733882904
2019-05-24,2019-05-25 20:45:00,0.0,0.022998463362455368
2019-05-24,2019-05-25 21:00:00,0.0,0.04516637697815895
2019-05-24,2019-05-25 21:15:00,0.0,0.08318103104829788
2019-05-24,2019-05-25 21:30:00,0.05624999850988388,0.09684901684522629
2019-05-24,2019-05-25 21:45:00,0.1300780028104782,0.22984522581100464
2019-05-24,2019-05-25 22:00:00,0.24960899353027344,0.3512989580631256
2019-05-24,2019-05-25 22:15:00,0.3550780117511749,0.42585819959640503
2019-05-24,2019-05-25 22:30:00,0.541405975818634,0.6180351376533508
2019-05-24,2019-05-25 22:45:00,0.7734379768371582,0.7949085831642151
2019-05-24,2019-05-25 23:00:00,0.9527339935302734,0.9241244196891785
2019-05-24,2019-05-25 23:15:00,1.033594012260437,1.058013916015625
2019-05-24,2019-05-25 23:30:00,1.209375023841858,1.2597253322601318
2019-05-24,2019-05-25 23:45:00,1.4730470180511475,1.4000697135925293
2019-05-25,2019-05-26 00:00:00,1.6734369993209839,1.7357234954833984
2019-05-25,2019-05-26 00:15:00,1.9582029581069946,1.9677363634109497
2019-05-25,2019-05-26 00:30:00,1.5996090173721313,2.2073662281036377
2019-05-25,2019-05-26 00:45:00,2.0882809162139893,2.3777549266815186
2019-05-25,2019-05-26 01:00:00,2.6121089458465576,2.5767982006073
2019-05-25,2019-05-26 01:15:00,2.784374952316284,2.7254676818847656
2019-05-25,2019-05-26 01:30:00,2.661328077316284,2.8128304481506348
2019-05-25,2019-05-26 01:45:00,3.0128910541534424,2.865541934967041
2019-05-25,2019-05-26 02:00:00,3.487499952316284,2.9228549003601074
2019-05-25,2019-05-26 02:15:00,1.9546869993209839,2.8569254875183105
2019-05-25,2019-05-26 02:30:00,3.2554690837860107,2.8426525592803955
2019-05-25,2019-05-26 02:45:00,3.5613279342651367,2.721632242202759
2019-05-25,2019-05-26 03:00:00,1.9652340412139893,2.6752121448516846
2019-05-25,2019-05-26 03:15:00,2.337891101837158,2.68912935256958
2019-05-25,2019-05-26 03:30:00,2.5101559162139893,2.5722124576568604
2019-05-25,2019-05-26 03:45:00,2.12343692779541,2.6254043579101562
2019-05-25,2019-05-26 04:00:00,3.2941410541534424,2.6721315383911133
2019-05-25,2019-05-26 04:15:00,3.2660160064697266,2.6426873207092285
2019-05-25,2019-05-26 04:30:00,2.373047113418579,2.780215263366699
2019-05-25,2019-05-26 04:45:00,3.779297113418579,2.8902268409729004
2019-05-25,2019-05-26 05:00:00,3.4910149574279785,2.9393856525421143
2019-05-25,2019-05-26 05:15:00,3.287108898162842,2.911325693130493
2019-05-25,2019-05-26 05:30:00,2.696484088897705,2.9985032081604004
2019-05-25,2019-05-26 05:45:00,1.3957029581069946,2.8703315258026123
2019-05-25,2019-05-26 06:00:00,2.647265911102295,2.8953707218170166
2019-05-25,2019-05-26 06:15:00,1.7613279819488525,2.8121466636657715
2019-05-25,2019-05-26 06:30:00,2.96718692779541,2.7571768760681152
2019-05-25,2019-05-26 06:45:00,2.8968749046325684,2.6068661212921143
2019-05-25,2019-05-26 07:00:00,2.6578121185302734,2.3837051391601562
2019-05-25,2019-05-26 07:15:00,2.661328077316284,2.2944865226745605
2019-05-25,2019-05-26 07:30:00,2.489063024520874,2.1127946376800537
2019-05-25,2019-05-26 07:45:00,0.48515599966049194,2.045386791229248
2019-05-25,2019-05-26 08:00:00,0.5273439884185791,1.8088035583496094
2019-05-25,2019-05-26 08:15:00,0.7804690003395081,1.6022096872329712
2019-05-25,2019-05-26 08:30:00,0.24960899353027344,1.459405541419983
2019-05-25,2019-05-26 08:45:00,1.2023439407348633,1.284141182899475
2019-05-25,2019-05-26 09:00:00,1.2761720418930054,1.1567645072937012
2019-05-25,2019-05-26 09:15:00,1.2339839935302734,0.9754942655563354
2019-05-25,2019-05-26 09:30:00,0.9175779819488525,0.8228243589401245
2019-05-25,2019-05-26 09:45:00,0.46054700016975403,0.6231994032859802
2019-05-25,2019-05-26 10:00:00,0.42890599370002747,0.4393194913864136
2019-05-25,2019-05-26 10:15:00,0.5519530177116394,0.33550775051116943
2019-05-25,2019-05-26 10:30:00,0.052733998745679855,0.16874758899211884
2019-05-25,2019-05-26 10:45:00,0.0,0.11422831565141678
2019-05-25,2019-05-26 11:00:00,0.0,0.07086784392595291
2019-05-25,2019-05-26 11:15:00,0.0,0.009097996167838573
2019-05-25,2019-05-26 11:30:00,0.0,0.0
2019-05-25,2019-05-26 11:45:00,0.0,0.041520923376083374
2019-05-25,2019-05-26 12:00:00,0.0,0.048009321093559265
2019-05-25,2019-05-26 12:15:00,0.0,0.03411203622817993
2019-05-25,2019-05-26 12:30:00,0.0,0.02736530639231205
2019-05-25,2019-05-26 12:45:00,0.0,0.011711631901562214
2019-05-25,2019-05-26 13:00:00,0.0,0.05450388416647911
2019-05-25,2019-05-26 13:15:00,0.0,0.011042493395507336
2019-05-25,2019-05-26 13:30:00,0.0,0.005155310966074467
2019-05-25,2019-05-26 13:45:00,0.0,0.0
2019-05-25,2019-05-26 14:00:00,0.0,0.0
2019-05-25,2019-05-26 14:15:00,0.0,0.0
2019-05-25,2019-05-26 14:30:00,0.0,0.0
2019-05-25,2019-05-26 14:45:00,0.0,0.0
2019-05-25,2019-05-26 15:00:00,0.0,0.0
2019-05-25,2019-05-26 15:15:00,0.0,0.056880414485931396
2019-05-25,2019-05-26 15:30:00,0.0,0.027541911229491234
2019-05-25,2019-05-26 15:45:00,0.0,0.1513071358203888
2019-05-25,2019-05-26 16:00:00,0.0,0.11373898386955261
2019-05-25,2019-05-26 16:15:00,0.0,0.14483420550823212
2019-05-25,2019-05-26 16:30:00,0.0,0.1055547371506691
2019-05-25,2019-05-26 16:45:00,0.0,0.10604678839445114
2019-05-25,2019-05-26 17:00:00,0.0,0.06922746449708939
2019-05-25,2019-05-26 17:15:00,0.0,0.09206218272447586
2019-05-25,2019-05-26 17:30:00,0.0,0.07682517170906067
2019-05-25,2019-05-26 17:45:00,0.0,0.0255826897919178
2019-05-25,2019-05-26 18:00:00,0.0,0.05364004522562027
2019-05-25,2019-05-26 18:15:00,0.0,0.06958696991205215
2019-05-25,2019-05-26 18:30:00,0.0,0.051009826362133026
2019-05-25,2019-05-26 18:45:00,0.0,0.07587790489196777
2019-05-25,2019-05-26 19:00:00,0.0,0.07513950020074844
2019-05-25,2019-05-26 19:15:00,0.0,0.08380193263292313
2019-05-25,2019-05-26 19:30:00,0.0,0.07086080312728882
2019-05-25,2019-05-26 19:45:00,0.0,0.0764523446559906
2019-05-25,2019-05-26 20:00:00,0.0,0.04930697754025459
2019-05-25,2019-05-26 20:15:00,0.0,0.02287382259964943
2019-05-25,2019-05-26 20:30:00,0.0,0.0
2019-05-25,2019-05-26 20:45:00,0.0,0.013120172545313835
2019-05-25,2019-05-26 21:00:00,0.0,0.0
2019-05-25,2019-05-26 21:15:00,0.014062000438570976,0.0
2019-05-25,2019-05-26 21:30:00,0.021093999966979027,0.0
2019-05-25,2019-05-26 21:45:00,0.1757809966802597,0.10732389986515045
2019-05-25,2019-05-26 22:00:00,0.291797012090683,0.2296009063720703
2019-05-25,2019-05-26 22:15:00,0.4675779938697815,0.3488833010196686
2019-05-25,2019-05-26 22:30:00,0.5695310235023499,0.5785275101661682
2019-05-25,2019-05-26 22:45:00,1.0300780534744263,0.7465111613273621
2019-05-25,2019-05-26 23:00:00,1.3957029581069946,0.9708061814308167
2019-05-25,2019-05-26 23:15:00,1.4273439645767212,1.1835795640945435
2019-05-25,2019-05-26 23:30:00,1.8562500476837158,1.4634827375411987
2019-05-25,2019-05-26 23:45:00,2.1585938930511475,1.6892884969711304
2019-05-26,2019-05-27 00:00:00,1.8878910541534424,2.357419729232788
2019-05-26,2019-05-27 00:15:00,1.863281011581421,2.672131299972534
2019-05-26,2019-05-27 00:30:00,2.700000047683716,2.926837921142578
2019-05-26,2019-05-27 00:45:00,2.9390621185302734,3.1862287521362305
2019-05-26,2019-05-27 01:00:00,3.550781011581421,3.5073366165161133
2019-05-26,2019-05-27 01:15:00,3.8425779342651367,3.680631399154663
2019-05-26,2019-05-27 01:30:00,3.8425779342651367,3.865283250808716
2019-05-26,2019-05-27 01:45:00,4.23281192779541,4.018642425537109
2019-05-26,2019-05-27 02:00:00,4.545702934265137,4.201444149017334
2019-05-26,2019-05-27 02:15:00,4.682812213897705,4.273902416229248
2019-05-26,2019-05-27 02:30:00,4.633594036102295,4.399667263031006
2019-05-26,2019-05-27 02:45:00,4.7390618324279785,4.442681312561035
2019-05-26,2019-05-27 03:00:00,4.900781154632568,4.457580089569092
2019-05-26,2019-05-27 03:15:00,4.964062213897705,4.614542484283447
2019-05-26,2019-05-27 03:30:00,4.92539119720459,4.58428955078125
2019-05-26,2019-05-27 03:45:00,4.865624904632568,4.551183700561523
2019-05-26,2019-05-27 04:00:00,4.798828125,4.6510186195373535
2019-05-26,2019-05-27 04:15:00,4.6160149574279785,4.539175510406494
2019-05-26,2019-05-27 04:30:00,4.50351619720459,4.591361045837402
2019-05-26,2019-05-27 04:45:00,4.387499809265137,4.669313430786133
2019-05-26,2019-05-27 05:00:00,4.278514862060547,4.609766960144043
2019-05-26,2019-05-27 05:15:00,4.36289119720459,4.425045490264893
2019-05-26,2019-05-27 05:30:00,4.187108993530273,4.455804824829102
2019-05-26,2019-05-27 05:45:00,4.169530868530273,4.260960578918457
2019-05-26,2019-05-27 06:00:00,3.9410150051116943,4.248074531555176
2019-05-26,2019-05-27 06:15:00,3.6421871185302734,4.163702964782715
2019-05-26,2019-05-27 06:30:00,3.4769530296325684,4.066813945770264
2019-05-26,2019-05-27 06:45:00,2.7281250953674316,3.808351516723633
2019-05-26,2019-05-27 07:00:00,1.2199219465255737,3.5939078330993652
2019-05-26,2019-05-27 07:15:00,3.8882811069488525,3.384749174118042
2019-05-26,2019-05-27 07:30:00,3.5929689407348633,3.1793150901794434
2019-05-26,2019-05-27 07:45:00,3.4699220657348633,3.060826063156128
2019-05-26,2019-05-27 08:00:00,2.5101559162139893,2.721804141998291
2019-05-26,2019-05-27 08:15:00,2.0179688930511475,2.3724887371063232
2019-05-26,2019-05-27 08:30:00,2.1691410541534424,2.1092793941497803
2019-05-26,2019-05-27 08:45:00,2.2113280296325684,1.8592920303344727
2019-05-26,2019-05-27 09:00:00,0.935155987739563,1.5549969673156738
2019-05-26,2019-05-27 09:15:00,1.40625,1.265988826751709
2019-05-26,2019-05-27 09:30:00,1.0863280296325684,1.030619502067566
2019-05-26,2019-05-27 09:45:00,0.9527339935302734,0.8012160062789917
2019-05-26,2019-05-27 10:00:00,0.6433590054512024,0.5718177556991577
2019-05-26,2019-05-27 10:15:00,0.5871090292930603,0.4262785017490387
2019-05-26,2019-05-27 10:30:00,0.48515599966049194,0.2794961631298065
2019-05-26,2019-05-27 10:45:00,0.40781301259994507,0.21486645936965942
2019-05-26,2019-05-27 11:00:00,0.2003909945487976,0.12584835290908813
2019-05-26,2019-05-27 11:15:00,0.007031000219285488,0.09662269055843353
2019-05-26,2019-05-27 11:30:00,0.0,0.0760982483625412
2019-05-26,2019-05-27 11:45:00,0.0,0.1022912934422493
2019-05-26,2019-05-27 12:00:00,0.0,0.092359758913517
2019-05-26,2019-05-27 12:15:00,0.0,0.029427383095026016
2019-05-26,2019-05-27 12:30:00,0.0,0.039051808416843414
2019-05-26,2019-05-27 12:45:00,0.0,0.023936238139867783
2019-05-26,2019-05-27 13:00:00,0.0,0.03901037201285362
2019-05-26,2019-05-27 13:15:00,0.0,0.0
2019-05-26,2019-05-27 13:30:00,0.0,0.0
2019-05-26,2019-05-27 13:45:00,0.0,0.0
2019-05-26,2019-05-27 14:00:00,0.0,0.0
2019-05-26,2019-05-27 14:15:00,0.0,0.0
2019-05-26,2019-05-27 14:30:00,0.0,0.0
2019-05-26,2019-05-27 14:45:00,0.0,0.0
2019-05-26,2019-05-27 15:00:00,0.0,0.0
2019-05-26,2019-05-27 15:15:00,0.0,0.02196701057255268
2019-05-26,2019-05-27 15:30:00,0.0,0.021290797740221024
2019-05-26,2019-05-27 15:45:00,0.0,0.12740422785282135
2019-05-26,2019-05-27 16:00:00,0.0,0.10974231362342834
2019-05-26,2019-05-27 16:15:00,0.0,0.14546357095241547
2019-05-26,2019-05-27 16:30:00,0.0,0.04936792701482773
2019-05-26,2019-05-27 16:45:00,0.0,0.0629931315779686
2019-05-26,2019-05-27 17:00:00,0.0,0.025234270840883255
2019-05-26,2019-05-27 17:15:00,0.0,0.0
2019-05-26,2019-05-27 17:30:00,0.0,0.0035222256556153297
2019-05-26,2019-05-27 17:45:00,0.0,0.0
2019-05-26,2019-05-27 18:00:00,0.0,0.0
2019-05-26,2019-05-27 18:15:00,0.0,0.0
2019-05-26,2019-05-27 18:30:00,0.0,0.0
2019-05-26,2019-05-27 18:45:00,0.0,0.01708800159394741
2019-05-26,2019-05-27 19:00:00,0.0,0.0
2019-05-26,2019-05-27 19:15:00,0.0,0.030344367027282715
2019-05-26,2019-05-27 19:30:00,0.0,0.025041719898581505
2019-05-26,2019-05-27 19:45:00,0.0,0.07860822975635529
2019-05-26,2019-05-27 20:00:00,0.0,0.08228201419115067
2019-05-26,2019-05-27 20:15:00,0.0,0.08712991327047348
2019-05-26,2019-05-27 20:30:00,0.0,0.06569153815507889
2019-05-26,2019-05-27 20:45:00,0.0,0.033507734537124634
2019-05-26,2019-05-27 21:00:00,0.0,0.047931794077157974
2019-05-26,2019-05-27 21:15:00,0.042187999933958054,0.03207483887672424
2019-05-26,2019-05-27 21:30:00,0.1757809966802597,0.010044504888355732
2019-05-26,2019-05-27 21:45:00,0.22499999403953552,0.16142380237579346
2019-05-26,2019-05-27 22:00:00,0.330469012260437,0.2911169230937958
2019-05-26,2019-05-27 22:15:00,0.4781250059604645,0.38836607336997986
2019-05-26,2019-05-27 22:30:00,0.703125,0.6546430587768555
2019-05-26,2019-05-27 22:45:00,0.935155987739563,0.8646126389503479
2019-05-26,2019-05-27 23:00:00,1.2269530296325684,1.0915648937225342
2019-05-26,2019-05-27 23:15:00,1.539844036102295,1.3426567316055298
2019-05-26,2019-05-27 23:30:00,1.8562500476837158,1.6655977964401245
2019-05-26,2019-05-27 23:45:00,2.12343692779541,1.9255609512329102
2019-05-27,2019-05-28 00:00:00,2.4117190837860107,2.560365915298462
2019-05-27,2019-05-28 00:15:00,2.682421922683716,2.8499817848205566
2019-05-27,2019-05-28 00:30:00,2.9214839935302734,3.034794569015503
2019-05-27,2019-05-28 00:45:00,3.164062023162842,3.281496524810791
2019-05-27,2019-05-28 01:00:00,3.3714840412139893,3.529564142227173
2019-05-27,2019-05-28 01:15:00,3.5789060592651367,3.656846284866333
2019-05-27,2019-05-28 01:30:00,3.7195310592651367,3.7801976203918457
2019-05-27,2019-05-28 01:45:00,3.8953120708465576,3.8807880878448486
2019-05-27,2019-05-28 02:00:00,4.004296779632568,4.033632755279541
2019-05-27,2019-05-28 02:15:00,3.9375,4.052403926849365
2019-05-27,2019-05-28 02:30:00,4.018359184265137,4.150166034698486
2019-05-27,2019-05-28 02:45:00,4.095703125,4.14623498916626
2019-05-27,2019-05-28 03:00:00,4.130858898162842,4.195380687713623
2019-05-27,2019-05-28 03:15:00,4.229297161102295,4.35291051864624
2019-05-27,2019-05-28 03:30:00,4.257421970367432,4.322686195373535
2019-05-27,2019-05-28 03:45:00,4.267969131469727,4.294844150543213
2019-05-27,2019-05-28 04:00:00,4.21523380279541,4.398743152618408
2019-05-27,2019-05-28 04:15:00,4.225780963897705,4.315934181213379
2019-05-27,2019-05-28 04:30:00,4.123827934265137,4.320374011993408
2019-05-27,2019-05-28 04:45:00,4.106249809265137,4.438581466674805
2019-05-27,2019-05-28 05:00:00,4.162499904632568,4.404145240783691
2019-05-27,2019-05-28 05:15:00,4.141406059265137,4.237295627593994
2019-05-27,2019-05-28 05:30:00,4.123827934265137,4.292521953582764
2019-05-27,2019-05-28 05:45:00,4.088672161102295,4.121978759765625
2019-05-27,2019-05-28 06:00:00,4.011328220367432,4.13887357711792
2019-05-27,2019-05-28 06:15:00,3.9691410064697266,4.10636043548584
2019-05-27,2019-05-28 06:30:00,3.979686975479126,4.121177673339844
2019-05-27,2019-05-28 06:45:00,3.8460938930511475,3.9230246543884277
2019-05-27,2019-05-28 07:00:00,3.761718988418579,3.792118549346924
2019-05-27,2019-05-28 07:15:00,3.6140620708465576,3.674919366836548
2019-05-27,2019-05-28 07:30:00,3.4242188930511475,3.52722430229187
2019-05-27,2019-05-28 07:45:00,3.216797113418579,3.4833762645721436
2019-05-27,2019-05-28 08:00:00,3.0269529819488525,3.207613706588745
2019-05-27,2019-05-28 08:15:00,2.7703120708465576,2.9096438884735107
2019-05-27,2019-05-28 08:30:00,2.53125,2.6247828006744385
2019-05-27,2019-05-28 08:45:00,2.267577886581421,2.3235561847686768
2019-05-27,2019-05-28 09:00:00,1.96875,1.9990019798278809
2019-05-27,2019-05-28 09:15:00,1.6734369993209839,1.6862578392028809
2019-05-27,2019-05-28 09:30:00,1.3675780296325684,1.3639757633209229
2019-05-27,2019-05-28 09:45:00,1.068750023841858,1.0739741325378418
2019-05-27,2019-05-28 10:00:00,0.8015620112419128,0.7864057421684265
2019-05-27,2019-05-28 10:15:00,0.5484369993209839,0.5566258430480957
2019-05-27,2019-05-28 10:30:00,0.26718801259994507,0.36546674370765686
2019-05-27,2019-05-28 10:45:00,0.15820300579071045,0.21702226996421814
2019-05-27,2019-05-28 11:00:00,0.10195299983024597,0.1155766099691391
2019-05-27,2019-05-28 11:15:00,0.014062000438570976,0.026410046964883804
2019-05-27,2019-05-28 11:30:00,0.0,0.02957548201084137
2019-05-27,2019-05-28 11:45:00,0.0,0.025370333343744278
2019-05-27,2019-05-28 12:00:00,0.0,0.08277259021997452
2019-05-27,2019-05-28 12:15:00,0.0,0.06697165966033936
2019-05-27,2019-05-28 12:30:00,0.0,0.08945281058549881
2019-05-27,2019-05-28 12:45:00,0.0,0.1372721940279007
2019-05-27,2019-05-28 13:00:00,0.0,0.1611037701368332
2019-05-27,2019-05-28 13:15:00,0.0,0.11811348050832748
2019-05-27,2019-05-28 13:30:00,0.0,0.05504588782787323
2019-05-27,2019-05-28 13:45:00,0.0,0.0
2019-05-27,2019-05-28 14:00:00,0.0,0.0
2019-05-27,2019-05-28 14:15:00,0.0,0.0
2019-05-27,2019-05-28 14:30:00,0.0,0.0
2019-05-27,2019-05-28 14:45:00,0.0,0.0
2019-05-27,2019-05-28 15:00:00,0.0,0.0
2019-05-27,2019-05-28 15:15:00,0.0,0.0
2019-05-27,2019-05-28 15:30:00,0.0,0.0
2019-05-27,2019-05-28 15:45:00,0.0,0.07084596902132034
2019-05-27,2019-05-28 16:00:00,0.0,0.04531581327319145
2019-05-27,2019-05-28 16:15:00,0.0,0.090105339884758
2019-05-27,2019-05-28 16:30:00,0.0,0.007467472460120916
2019-05-27,2019-05-28 16:45:00,0.0,0.0222625695168972
2019-05-27,2019-05-28 17:00:00,0.0,0.008255019783973694
2019-05-27,2019-05-28 17:15:00,0.0,0.007980097085237503
2019-05-27,2019-05-28 17:30:00,0.0,0.009944901801645756
2019-05-27,2019-05-28 17:45:00,0.0,0.0
2019-05-27,2019-05-28 18:00:00,0.0,0.0
2019-05-27,2019-05-28 18:15:00,0.0,0.0
2019-05-27,2019-05-28 18:30:00,0.0,0.0
2019-05-27,2019-05-28 18:45:00,0.0,0.03018239140510559
2019-05-27,2019-05-28 19:00:00,0.0,0.03689803183078766
2019-05-27,2019-05-28 19:15:00,0.0,0.06427182257175446
2019-05-27,2019-05-28 19:30:00,0.0,0.06948360055685043
2019-05-27,2019-05-28 19:45:00,0.0,0.110225610435009
2019-05-27,2019-05-28 20:00:00,0.0,0.10999259352684021
2019-05-27,2019-05-28 20:15:00,0.0,0.10580465942621231
2019-05-27,2019-05-28 20:30:00,0.0,0.06106902286410332
2019-05-27,2019-05-28 20:45:00,0.0,0.0
2019-05-27,2019-05-28 21:00:00,0.0,0.0
2019-05-27,2019-05-28 21:15:00,0.003515999997034669,0.0
2019-05-27,2019-05-28 21:30:00,0.07734400033950806,0.0
2019-05-27,2019-05-28 21:45:00,0.140625,0.04253288730978966
2019-05-27,2019-05-28 22:00:00,0.2566410005092621,0.1596698760986328
2019-05-27,2019-05-28 22:15:00,0.39375001192092896,0.2818537950515747
2019-05-27,2019-05-28 22:30:00,0.6082029938697815,0.5155948400497437
2019-05-27,2019-05-28 22:45:00,0.8507810235023499,0.7713353037834167
2019-05-27,2019-05-28 23:00:00,1.1074219942092896,0.9901895523071289
2019-05-27,2019-05-28 23:15:00,1.399219036102295,1.2150380611419678
2019-05-27,2019-05-28 23:30:00,1.6875,1.550674557685852
2019-05-27,2019-05-28 23:45:00,1.9792970418930054,1.80694580078125
2019-05-28,2019-05-29 00:00:00,2.26406192779541,2.3682665824890137
2019-05-28,2019-05-29 00:15:00,2.538280963897705,2.5930368900299072
2019-05-28,2019-05-29 00:30:00,2.7878899574279785,2.7718355655670166
2019-05-28,2019-05-29 00:45:00,3.0093750953674316,3.0097076892852783
2019-05-28,2019-05-29 01:00:00,3.223828077316284,3.2074637413024902
2019-05-28,2019-05-29 01:15:00,3.4347660541534424,3.332719087600708
2019-05-28,2019-05-29 01:30:00,3.5999999046325684,3.4457955360412598
2019-05-28,2019-05-29 01:45:00,3.708983898162842,3.557199001312256
2019-05-28,2019-05-29 02:00:00,3.839061975479126,3.7018768787384033
2019-05-28,2019-05-29 02:15:00,3.909374952316284,3.6982386112213135
2019-05-28,2019-05-29 02:30:00,3.9867188930511475,3.8126039505004883
2019-05-28,2019-05-29 02:45:00,4.032422065734863,3.849289655685425
2019-05-28,2019-05-29 03:00:00,4.050000190734863,3.9045660495758057
2019-05-28,2019-05-29 03:15:00,4.071094036102295,4.0665812492370605
2019-05-28,2019-05-29 03:30:00,4.085155963897705,4.055044174194336
2019-05-28,2019-05-29 03:45:00,4.06406307220459,4.066370964050293
2019-05-28,2019-05-29 04:00:00,4.028905868530273,4.170904636383057
2019-05-28,2019-05-29 04:15:00,4.014842987060547,4.1225056648254395
2019-05-28,2019-05-29 04:30:00,4.102734088897705,4.1644182205200195
2019-05-28,2019-05-29 04:45:00,4.07460880279541,4.2967352867126465
2019-05-28,2019-05-29 05:00:00,4.120312213897705,4.288941860198975
2019-05-28,2019-05-29 05:15:00,4.099218845367432,4.13188362121582
2019-05-28,2019-05-29 05:30:00,4.057031154632568,4.212526798248291
2019-05-28,2019-05-29 05:45:00,4.109766006469727,4.048468112945557
2019-05-28,2019-05-29 06:00:00,4.130858898162842,4.062327861785889
2019-05-28,2019-05-29 06:15:00,3.744141101837158,4.062942028045654
2019-05-28,2019-05-29 06:30:00,3.948046922683716,4.069887638092041
2019-05-28,2019-05-29 06:45:00,3.796875,3.870086908340454
2019-05-28,2019-05-29 07:00:00,3.385546922683716,3.752469301223755
2019-05-28,2019-05-29 07:15:00,3.779297113418579,3.6318469047546387
2019-05-28,2019-05-29 07:30:00,3.5648438930511475,3.501624345779419
2019-05-28,2019-05-29 07:45:00,3.128906011581421,3.444610118865967
2019-05-28,2019-05-29 08:00:00,2.2957029342651367,3.157323122024536
2019-05-28,2019-05-29 08:15:00,3.216797113418579,2.8656551837921143
2019-05-28,2019-05-29 08:30:00,2.6578121185302734,2.5837409496307373
2019-05-28,2019-05-29 08:45:00,2.54531192779541,2.28586483001709
2019-05-28,2019-05-29 09:00:00,2.1304690837860107,1.9456982612609863
2019-05-28,2019-05-29 09:15:00,1.835155963897705,1.6214357614517212
2019-05-28,2019-05-29 09:30:00,1.5433590412139893,1.3199390172958374
2019-05-28,2019-05-29 09:45:00,0.8085939884185791,1.013930082321167
2019-05-28,2019-05-29 10:00:00,0.4007810056209564,0.7122501134872437
2019-05-28,2019-05-29 10:15:00,0.41835901141166687,0.4894561767578125
2019-05-28,2019-05-29 10:30:00,0.37968701124191284,0.27353551983833313
2019-05-28,2019-05-29 10:45:00,0.18281200528144836,0.14998283982276917
2019-05-28,2019-05-29 11:00:00,0.11953099817037582,0.06824816018342972
2019-05-28,2019-05-29 11:15:00,0.042187999933958054,0.0
2019-05-28,2019-05-29 11:30:00,0.0,0.0
2019-05-28,2019-05-29 11:45:00,0.0,0.0
2019-05-28,2019-05-29 12:00:00,0.0,0.05219760909676552
2019-05-28,2019-05-29 12:15:00,0.0,0.04578547552227974
2019-05-28,2019-05-29 12:30:00,0.0,0.07131057977676392
2019-05-28,2019-05-29 12:45:00,0.0,0.12443128973245621
2019-05-28,2019-05-29 13:00:00,0.0,0.12382247298955917
2019-05-28,2019-05-29 13:15:00,0.0,0.08703837543725967
2019-05-28,2019-05-29 13:30:00,0.0,0.0565115325152874
2019-05-28,2019-05-29 13:45:00,0.0,5.277474701870233e-05
2019-05-28,2019-05-29 14:00:00,0.0,0.00127766327932477
2019-05-28,2019-05-29 14:15:00,0.0,0.0047876774333417416
2019-05-28,2019-05-29 14:30:00,0.0,0.0
2019-05-28,2019-05-29 14:45:00,0.0,0.0
2019-05-28,2019-05-29 15:00:00,0.0,0.03787422180175781
2019-05-28,2019-05-29 15:15:00,0.0,0.03939952701330185
2019-05-28,2019-05-29 15:30:00,0.0,0.04093949869275093
2019-05-28,2019-05-29 15:45:00,0.0,0.10321369767189026
2019-05-28,2019-05-29 16:00:00,0.0,0.07859375327825546
2019-05-28,2019-05-29 16:15:00,0.0,0.10621673613786697
2019-05-28,2019-05-29 16:30:00,0.0,0.04285820573568344
2019-05-28,2019-05-29 16:45:00,0.0,0.044233158230781555
2019-05-28,2019-05-29 17:00:00,0.0,0.044051624834537506
2019-05-28,2019-05-29 17:15:00,0.0,0.03231540694832802
2019-05-28,2019-05-29 17:30:00,0.0,0.05513035133481026
2019-05-28,2019-05-29 17:45:00,0.0,0.009493616409599781
2019-05-28,2019-05-29 18:00:00,0.0,0.023851098492741585
2019-05-28,2019-05-29 18:15:00,0.0,0.007127553690224886
2019-05-28,2019-05-29 18:30:00,0.0,0.0
2019-05-28,2019-05-29 18:45:00,0.0,0.022549429908394814
2019-05-28,2019-05-29 19:00:00,0.0,0.0018365354044362903
2019-05-28,2019-05-29 19:15:00,0.0,0.031253986060619354
2019-05-28,2019-05-29 19:30:00,0.0,0.01551145501434803
2019-05-28,2019-05-29 19:45:00,0.0,0.0634159967303276
2019-05-28,2019-05-29 20:00:00,0.0,0.07587027549743652
2019-05-28,2019-05-29 20:15:00,0.0,0.07823207974433899
2019-05-28,2019-05-29 20:30:00,0.0,0.09265580773353577
2019-05-28,2019-05-29 20:45:00,0.0,0.055624786764383316
2019-05-28,2019-05-29 21:00:00,0.0,0.08163232356309891
2019-05-28,2019-05-29 21:15:00,0.0,0.06743396818637848
2019-05-28,2019-05-29 21:30:00,0.0,0.06676295399665833
2019-05-28,2019-05-29 21:45:00,0.19335900247097015,0.16211092472076416
2019-05-28,2019-05-29 22:00:00,0.3023439943790436,0.240571528673172
2019-05-28,2019-05-29 22:15:00,0.43945300579071045,0.3153949975967407
2019-05-28,2019-05-29 22:30:00,0.4816409945487976,0.4839494824409485
2019-05-28,2019-05-29 22:45:00,0.583594024181366,0.6520153880119324
2019-05-28,2019-05-29 23:00:00,0.984375,0.7968141436576843
2019-05-28,2019-05-29 23:15:00,0.8121089935302734,0.9767366647720337
2019-05-28,2019-05-29 23:30:00,1.364061951637268,1.2338273525238037
2019-05-28,2019-05-29 23:45:00,1.4343750476837158,1.454508662223816
2019-05-29,2019-05-30 00:00:00,1.9300780296325684,1.9839093685150146
2019-05-29,2019-05-30 00:15:00,2.383594036102295,2.2727160453796387
2019-05-29,2019-05-30 00:30:00,2.4468750953674316,2.493805408477783
2019-05-29,2019-05-30 00:45:00,2.707031011581421,2.7144079208374023
2019-05-29,2019-05-30 01:00:00,3.058593988418579,2.9588050842285156
2019-05-29,2019-05-30 01:15:00,3.2660160064697266,3.096008062362671
2019-05-29,2019-05-30 01:30:00,3.487499952316284,3.2311718463897705
2019-05-29,2019-05-30 01:45:00,3.666796922683716,3.329514503479004
2019-05-29,2019-05-30 02:00:00,3.8636720180511475,3.4926724433898926
2019-05-29,2019-05-30 02:15:00,3.909374952316284,3.528510093688965
2019-05-29,2019-05-30 02:30:00,3.9937500953674316,3.655012845993042
2019-05-29,2019-05-30 02:45:00,3.8777339458465576,3.6575522422790527
2019-05-29,2019-05-30 03:00:00,4.158984184265137,3.737522840499878
2019-05-29,2019-05-30 03:15:00,4.187108993530273,3.908884286880493
2019-05-29,2019-05-30 03:30:00,4.08164119720459,3.8753645420074463
2019-05-29,2019-05-30 03:45:00,4.09218692779541,3.9178965091705322
2019-05-29,2019-05-30 04:00:00,3.8917970657348633,3.9883809089660645
2019-05-29,2019-05-30 04:15:00,3.779297113418579,3.8853554725646973
2019-05-29,2019-05-30 04:30:00,2.900391101837158,3.834506034851074
2019-05-29,2019-05-30 04:45:00,3.3785150051116943,3.885066270828247
2019-05-29,2019-05-30 05:00:00,3.0093750953674316,3.7977442741394043
2019-05-29,2019-05-30 05:15:00,4.07460880279541,3.619302749633789
2019-05-29,2019-05-30 05:30:00,3.9128899574279785,3.6038765907287598
2019-05-29,2019-05-30 05:45:00,3.7300779819488525,3.4220449924468994
2019-05-29,2019-05-30 06:00:00,3.3082029819488525,3.437821865081787
2019-05-29,2019-05-30 06:15:00,3.8777339458465576,3.3822596073150635
2019-05-29,2019-05-30 06:30:00,2.267577886581421,3.4069347381591797
2019-05-29,2019-05-30 06:45:00,1.357030987739563,3.2909603118896484
2019-05-29,2019-05-30 07:00:00,2.664844036102295,3.235917091369629
2019-05-29,2019-05-30 07:15:00,2.506640911102295,3.23121976852417
2019-05-29,2019-05-30 07:30:00,3.4769530296325684,3.182802200317383
2019-05-29,2019-05-30 07:45:00,3.1535160541534424,3.2505602836608887
2019-05-29,2019-05-30 08:00:00,2.963671922683716,3.0630292892456055
2019-05-29,2019-05-30 08:15:00,2.6261720657348633,2.808837890625
2019-05-29,2019-05-30 08:30:00,2.3238279819488525,2.606595039367676
2019-05-29,2019-05-30 08:45:00,2.0355470180511475,2.3337559700012207
2019-05-29,2019-05-30 09:00:00,1.7156250476837158,2.0379035472869873
2019-05-29,2019-05-30 09:15:00,1.4800779819488525,1.7013270854949951
2019-05-29,2019-05-30 09:30:00,1.2410160303115845,1.3737144470214844
2019-05-29,2019-05-30 09:45:00,0.9105470180511475,1.0817108154296875
2019-05-29,2019-05-30 10:00:00,0.7136719822883606,0.790462076663971
2019-05-29,2019-05-30 10:15:00,0.5238280296325684,0.5547365546226501
2019-05-29,2019-05-30 10:30:00,0.37968701124191284,0.35677629709243774
2019-05-29,2019-05-30 10:45:00,0.2566410005092621,0.2234678566455841
2019-05-29,2019-05-30 11:00:00,0.15468700230121613,0.1284521222114563
2019-05-29,2019-05-30 11:15:00,0.014062000438570976,0.045465514063835144
2019-05-29,2019-05-30 11:30:00,0.0,0.05903245136141777
2019-05-29,2019-05-30 11:45:00,0.0,0.06837456673383713
2019-05-29,2019-05-30 12:00:00,0.0,0.08799304068088531
2019-05-29,2019-05-30 12:15:00,0.0,0.06650839000940323
2019-05-29,2019-05-30 12:30:00,0.0,0.07662471383810043
2019-05-29,2019-05-30 12:45:00,0.0,0.08181653171777725
2019-05-29,2019-05-30 13:00:00,0.0,0.10750611126422882
2019-05-29,2019-05-30 13:15:00,0.0,0.07951895147562027
2019-05-29,2019-05-30 13:30:00,0.0,0.04376276209950447
2019-05-29,2019-05-30 13:45:00,0.0,9.071495151147246e-05
2019-05-29,2019-05-30 14:00:00,0.0,0.0
2019-05-29,2019-05-30 14:15:00,0.0,0.0
2019-05-29,2019-05-30 14:30:00,0.0,0.0
2019-05-29,2019-05-30 14:45:00,0.0,0.0
2019-05-29,2019-05-30 15:00:00,0.0,0.010165609419345856
2019-05-29,2019-05-30 15:15:00,0.0,0.03838709369301796
2019-05-29,2019-05-30 15:30:00,0.0,0.037757501006126404
2019-05-29,2019-05-30 15:45:00,0.0,0.099491648375988
2019-05-29,2019-05-30 16:00:00,0.0,0.07770578563213348
2019-05-29,2019-05-30 16:15:00,0.0,0.12074141949415207
2019-05-29,2019-05-30 16:30:00,0.0,0.01947077363729477
2019-05-29,2019-05-30 16:45:00,0.0,0.05887620523571968
2019-05-29,2019-05-30 17:00:00,0.0,0.010577170178294182
2019-05-29,2019-05-30 17:15:00,0.0,0.0030007946770638227
2019-05-29,2019-05-30 17:30:00,0.0,0.0
2019-05-29,2019-05-30 17:45:00,0.0,0.0
2019-05-29,2019-05-30 18:00:00,0.0,0.0
2019-05-29,2019-05-30 18:15:00,0.0,0.0
2019-05-29,2019-05-30 18:30:00,0.0,0.0
2019-05-29,2019-05-30 18:45:00,0.0,0.0
2019-05-29,2019-05-30 19:00:00,0.0,0.01916387863457203
2019-05-29,2019-05-30 19:15:00,0.0,0.04145455360412598
2019-05-29,2019-05-30 19:30:00,0.0,0.05161714926362038
2019-05-29,2019-05-30 19:45:00,0.0,0.10979403555393219
2019-05-29,2019-05-30 20:00:00,0.0,0.09039289504289627
2019-05-29,2019-05-30 20:15:00,0.0,0.1090717613697052
2019-05-29,2019-05-30 20:30:00,0.0,0.06209594011306763
2019-05-29,2019-05-30 20:45:00,0.0,0.03420058637857437
2019-05-29,2019-05-30 21:00:00,0.0,0.03223090618848801
2019-05-29,2019-05-30 21:15:00,0.024608999490737915,0.028227658942341805
2019-05-29,2019-05-30 21:30:00,0.0,0.02428215742111206
2019-05-29,2019-05-30 21:45:00,0.18984399735927582,0.13143432140350342
2019-05-29,2019-05-30 22:00:00,0.29882800579071045,0.25296297669410706
2019-05-29,2019-05-30 22:15:00,0.46054700016975403,0.37273287773132324
2019-05-29,2019-05-30 22:30:00,0.6609370112419128,0.5992472767829895
2019-05-29,2019-05-30 22:45:00,0.864844024181366,0.8119301199913025
2019-05-29,2019-05-30 23:00:00,1.1566410064697266,1.0336867570877075
2019-05-29,2019-05-30 23:15:00,1.4343750476837158,1.2387402057647705
2019-05-29,2019-05-30 23:30:00,1.7121089696884155,1.5494872331619263
2019-05-29,2019-05-30 23:45:00,2.0144529342651367,1.7632091045379639
2019-05-30,2019-05-31 00:00:00,2.260546922683716,2.149736166000366
2019-05-30,2019-05-31 00:15:00,2.5101559162139893,2.358673095703125
2019-05-30,2019-05-31 00:30:00,2.7667970657348633,2.5514869689941406
2019-05-30,2019-05-31 00:45:00,2.9988279342651367,2.7868576049804688
2019-05-30,2019-05-31 01:00:00,3.2308590412139893,3.0494797229766846
2019-05-30,2019-05-31 01:15:00,3.4382810592651367,3.187288284301758
2019-05-30,2019-05-31 01:30:00,3.568358898162842,3.333876609802246
2019-05-30,2019-05-31 01:45:00,3.744141101837158,3.4733731746673584
2019-05-30,2019-05-31 02:00:00,3.902343988418579,3.630566120147705
2019-05-30,2019-05-31 02:15:00,4.014842987060547,3.7005913257598877
2019-05-30,2019-05-31 02:30:00,4.095703125,3.825164318084717
2019-05-30,2019-05-31 02:45:00,4.169530868530273,3.891387701034546
2019-05-30,2019-05-31 03:00:00,4.23281192779541,3.959906816482544
2019-05-30,2019-05-31 03:15:00,4.22226619720459,4.084197998046875
2019-05-30,2019-05-31 03:30:00,4.169530868530273,4.049765586853027
2019-05-30,2019-05-31 03:45:00,4.201171875,4.041157245635986
2019-05-30,2019-05-31 04:00:00,4.225780963897705,4.0597662925720215
2019-05-30,2019-05-31 04:15:00,4.144921779632568,4.010821342468262
2019-05-30,2019-05-31 04:30:00,4.201171875,4.020381450653076
2019-05-30,2019-05-31 04:45:00,4.09218692779541,4.174170970916748
2019-05-30,2019-05-31 05:00:00,4.014842987060547,4.122506618499756
2019-05-30,2019-05-31 05:15:00,4.046483993530273,3.9910523891448975
2019-05-30,2019-05-31 05:30:00,4.050000190734863,4.031035423278809
2019-05-30,2019-05-31 05:45:00,3.9128899574279785,3.884587287902832
2019-05-30,2019-05-31 06:00:00,4.000781059265137,3.8718416690826416
2019-05-30,2019-05-31 06:15:00,3.9410150051116943,3.791677713394165
2019-05-30,2019-05-31 06:30:00,3.8988280296325684,3.742202043533325
2019-05-30,2019-05-31 06:45:00,3.8636720180511475,3.455425977706909
2019-05-30,2019-05-31 07:00:00,3.7160160541534424,3.2136175632476807
2019-05-30,2019-05-31 07:15:00,2.988281011581421,2.9785208702087402
2019-05-30,2019-05-31 07:30:00,2.460937976837158,2.7592389583587646
2019-05-30,2019-05-31 07:45:00,2.882812023162842,2.635265827178955
2019-05-30,2019-05-31 08:00:00,1.680469036102295,2.3117358684539795
2019-05-30,2019-05-31 08:15:00,1.026561975479126,2.031306743621826
2019-05-30,2019-05-31 08:30:00,1.3605469465255737,1.7927387952804565
2019-05-30,2019-05-31 08:45:00,1.2480469942092896,1.612436056137085
2019-05-30,2019-05-31 09:00:00,2.3414061069488525,1.3676050901412964
2019-05-30,2019-05-31 09:15:00,1.6488280296325684,1.177330493927002
2019-05-30,2019-05-31 09:30:00,1.089843988418579,1.0169214010238647
2019-05-30,2019-05-31 09:45:00,0.7558590173721313,0.8198603391647339
2019-05-30,2019-05-31 10:00:00,0.8753910064697266,0.6431080102920532
2019-05-30,2019-05-31 10:15:00,0.28125,0.5009957551956177
2019-05-30,2019-05-31 10:30:00,0.3269529938697815,0.35598596930503845
2019-05-30,2019-05-31 10:45:00,0.2214840054512024,0.27044790983200073
2019-05-30,2019-05-31 11:00:00,0.1300780028104782,0.2298014909029007
2019-05-30,2019-05-31 11:15:00,0.0,0.10691425204277039
2019-05-30,2019-05-31 11:30:00,0.0,0.10835683345794678
2019-05-30,2019-05-31 11:45:00,0.0,0.07555774599313736
2019-05-30,2019-05-31 12:00:00,0.0,0.06052557751536369
2019-05-30,2019-05-31 12:15:00,0.0,0.0352260060608387
2019-05-30,2019-05-31 12:30:00,0.0,0.033210571855306625
2019-05-30,2019-05-31 12:45:00,0.0,0.11960664391517639
2019-05-30,2019-05-31 13:00:00,0.0,0.07791855186223984
2019-05-30,2019-05-31 13:15:00,0.0,0.08578859269618988
2019-05-30,2019-05-31 13:30:00,0.0,0.0645282045006752
2019-05-30,2019-05-31 13:45:00,0.0,0.0
2019-05-30,2019-05-31 14:00:00,0.0,0.061935607343912125
2019-05-30,2019-05-31 14:15:00,0.0,0.0
2019-05-30,2019-05-31 14:30:00,0.0,0.0
2019-05-30,2019-05-31 14:45:00,0.0,0.0
2019-05-30,2019-05-31 15:00:00,0.0,0.0
2019-05-30,2019-05-31 15:15:00,0.0,0.0
2019-05-30,2019-05-31 15:30:00,0.0,0.0
2019-05-30,2019-05-31 15:45:00,0.0,0.0
2019-05-30,2019-05-31 16:00:00,0.0,0.01941012032330036
2019-05-30,2019-05-31 16:15:00,0.0,0.012440129183232784
2019-05-30,2019-05-31 16:30:00,0.0,0.0
2019-05-30,2019-05-31 16:45:00,0.0,0.0
2019-05-30,2019-05-31 17:00:00,0.0,0.023405322805047035
2019-05-30,2019-05-31 17:15:00,0.0,0.021340277045965195
2019-05-30,2019-05-31 17:30:00,0.0,0.04867570102214813
2019-05-30,2019-05-31 17:45:00,0.0,0.05807170644402504
2019-05-30,2019-05-31 18:00:00,0.0,0.08217299729585648
2019-05-30,2019-05-31 18:15:00,0.0,0.052427440881729126
2019-05-30,2019-05-31 18:30:00,0.0,0.07701067626476288
2019-05-30,2019-05-31 18:45:00,0.0,0.06775880604982376
2019-05-30,2019-05-31 19:00:00,0.0,0.02662103995680809
2019-05-30,2019-05-31 19:15:00,0.0,0.01129216980189085
2019-05-30,2019-05-31 19:30:00,0.0,0.0
2019-05-30,2019-05-31 19:45:00,0.0,0.02451951801776886
2019-05-30,2019-05-31 20:00:00,0.0,0.01581677608191967
2019-05-30,2019-05-31 20:15:00,0.0,0.052449099719524384
2019-05-30,2019-05-31 20:30:00,0.0,0.0754227265715599
2019-05-30,2019-05-31 20:45:00,0.0,0.0700191780924797
2019-05-30,2019-05-31 21:00:00,0.0,0.11380638182163239
2019-05-30,2019-05-31 21:15:00,0.0,0.10970602184534073
2019-05-30,2019-05-31 21:30:00,0.0,0.09182631224393845
2019-05-30,2019-05-31 21:45:00,0.0,0.1803373545408249
2019-05-30,2019-05-31 22:00:00,0.07734400033950806,0.18528281152248383
2019-05-30,2019-05-31 22:15:00,0.16875000298023224,0.1315375417470932
2019-05-30,2019-05-31 22:30:00,0.34453099966049194,0.22677744925022125
2019-05-30,2019-05-31 22:45:00,0.29882800579071045,0.3015875816345215
2019-05-30,2019-05-31 23:00:00,0.3515619933605194,0.3276539444923401
2019-05-30,2019-05-31 23:15:00,0.29531198740005493,0.3801322281360626
2019-05-30,2019-05-31 23:30:00,0.5238280296325684,0.5487887859344482
2019-05-30,2019-05-31 23:45:00,0.8332030177116394,0.706752598285675
2018-08-24,2018-08-25 00:00:00,1.321874976158142,1.334704875946045
2018-08-24,2018-08-25 00:15:00,1.5609370470046997,1.5592740774154663
2018-08-24,2018-08-25 00:30:00,1.792968988418579,1.7437654733657837
2018-08-24,2018-08-25 00:45:00,2.0179688930511475,1.9775861501693726
2018-08-24,2018-08-25 01:00:00,2.12343692779541,2.2414438724517822
2018-08-24,2018-08-25 01:15:00,2.4117190837860107,2.3838064670562744
2018-08-24,2018-08-25 01:30:00,2.654297113418579,2.582254648208618
2018-08-24,2018-08-25 01:45:00,2.794922113418579,2.7095537185668945
2018-08-24,2018-08-25 02:00:00,2.9285149574279785,2.9185853004455566
2018-08-24,2018-08-25 02:15:00,3.118359088897705,3.023198127746582
2018-08-24,2018-08-25 02:30:00,3.1957030296325684,3.196112632751465
2018-08-24,2018-08-25 02:45:00,3.462891101837158,3.259793996810913
2018-08-24,2018-08-25 03:00:00,3.5929689407348633,3.3117997646331787
2018-08-24,2018-08-25 03:15:00,3.6140620708465576,3.4540538787841797
2018-08-24,2018-08-25 03:30:00,3.7828121185302734,3.44985032081604
2018-08-24,2018-08-25 03:45:00,3.526171922683716,3.3916385173797607
2018-08-24,2018-08-25 04:00:00,2.8792970180511475,3.4375815391540527
2018-08-24,2018-08-25 04:15:00,2.496093988418579,3.328432321548462
2018-08-24,2018-08-25 04:30:00,4.028905868530273,3.316293716430664
2018-08-24,2018-08-25 04:45:00,3.6949219703674316,3.3507912158966064
2018-08-24,2018-08-25 05:00:00,2.9039061069488525,3.2860515117645264
2018-08-24,2018-08-25 05:15:00,2.415234088897705,3.110621690750122
2018-08-24,2018-08-25 05:30:00,3.965625047683716,3.086635112762451
2018-08-24,2018-08-25 05:45:00,3.276561975479126,2.9102373123168945
2018-08-24,2018-08-25 06:00:00,3.2132809162139893,2.8729701042175293
2018-08-24,2018-08-25 06:15:00,2.629688024520874,2.849940538406372
2018-08-24,2018-08-25 06:30:00,1.7999999523162842,2.785353183746338
2018-08-24,2018-08-25 06:45:00,2.583983898162842,2.572960138320923
2018-08-24,2018-08-25 07:00:00,1.9933589696884155,2.449277639389038
2018-08-24,2018-08-25 07:15:00,1.9160159826278687,2.2876169681549072
2018-08-24,2018-08-25 07:30:00,2.7527339458465576,2.1442151069641113
2018-08-24,2018-08-25 07:45:00,1.8878910541534424,2.0263121128082275
2018-08-24,2018-08-25 08:00:00,1.3816410303115845,1.803463339805603
2018-08-24,2018-08-25 08:15:00,1.8878910541534424,1.5786819458007812
2018-08-24,2018-08-25 08:30:00,1.638280987739563,1.3892680406570435
2018-08-24,2018-08-25 08:45:00,1.160156011581421,1.1741106510162354
2018-08-24,2018-08-25 09:00:00,0.5589839816093445,0.9554215669631958
2018-08-24,2018-08-25 09:15:00,0.8296869993209839,0.7408586740493774
2018-08-24,2018-08-25 09:30:00,0.4429689943790436,0.5663242340087891
2018-08-24,2018-08-25 09:45:00,0.33398398756980896,0.4193783402442932
2018-08-24,2018-08-25 10:00:00,0.2355470061302185,0.2685732841491699
2018-08-24,2018-08-25 10:15:00,0.16523399949073792,0.17319457232952118
2018-08-24,2018-08-25 10:30:00,0.03867200016975403,0.09480710327625275
2018-08-24,2018-08-25 10:45:00,0.0,0.057220492511987686
2018-08-24,2018-08-25 11:00:00,0.0,0.02360662817955017
2018-08-24,2018-08-25 11:15:00,0.0,0.0
2018-08-24,2018-08-25 11:30:00,0.0,0.009898443706333637
2018-08-24,2018-08-25 11:45:00,0.0,0.04034225642681122
2018-08-24,2018-08-25 12:00:00,0.0,0.06416108459234238
2018-08-24,2018-08-25 12:15:00,0.0,0.027745211496949196
2018-08-24,2018-08-25 12:30:00,0.0,0.06717892736196518
2018-08-24,2018-08-25 12:45:00,0.0,0.08702967315912247
2018-08-24,2018-08-25 13:00:00,0.0,0.07589804381132126
2018-08-24,2018-08-25 13:15:00,0.0,0.00789160467684269
2018-08-24,2018-08-25 13:30:00,0.0,0.0
2018-08-24,2018-08-25 13:45:00,0.0,0.0
2018-08-24,2018-08-25 14:00:00,0.0,0.0
2018-08-24,2018-08-25 14:15:00,0.0,0.0
2018-08-24,2018-08-25 14:30:00,0.0,0.0
2018-08-24,2018-08-25 14:45:00,0.0,0.0
2018-08-24,2018-08-25 15:00:00,0.0,0.0
2018-08-24,2018-08-25 15:15:00,0.0,0.0
2018-08-24,2018-08-25 15:30:00,0.0,0.0
2018-08-24,2018-08-25 15:45:00,0.0,0.03686985746026039
2018-08-24,2018-08-25 16:00:00,0.0,0.05928945541381836
2018-08-24,2018-08-25 16:15:00,0.0,0.0746288001537323
2018-08-24,2018-08-25 16:30:00,0.0,0.05454477667808533
2018-08-24,2018-08-25 16:45:00,0.0,0.054366424679756165
2018-08-24,2018-08-25 17:00:00,0.0,0.07395718991756439
2018-08-24,2018-08-25 17:15:00,0.0,0.04510349780321121
2018-08-24,2018-08-25 17:30:00,0.0,0.050303880125284195
2018-08-24,2018-08-25 17:45:00,0.0,0.028566690161824226
2018-08-24,2018-08-25 18:00:00,0.0,0.021634621545672417
2018-08-24,2018-08-25 18:15:00,0.0,0.010680826380848885
2018-08-24,2018-08-25 18:30:00,0.0,0.0012639191700145602
2018-08-24,2018-08-25 18:45:00,0.0,0.05073383450508118
2018-08-24,2018-08-25 19:00:00,0.0,0.03299293667078018
2018-08-24,2018-08-25 19:15:00,0.0,0.06396527588367462
2018-08-24,2018-08-25 19:30:00,0.0,0.061278022825717926
2018-08-24,2018-08-25 19:45:00,0.0,0.07468391209840775
2018-08-24,2018-08-25 20:00:00,0.0,0.0915747806429863
2018-08-24,2018-08-25 20:15:00,0.0,0.11220844835042953
2018-08-24,2018-08-25 20:30:00,0.0,0.09869363158941269
2018-08-24,2018-08-25 20:45:00,0.0,0.07493940740823746
2018-08-24,2018-08-25 21:00:00,0.0,0.07033571600914001
2018-08-24,2018-08-25 21:15:00,0.0,0.04193973168730736
2018-08-24,2018-08-25 21:30:00,0.0,0.0035163925494998693
2018-08-24,2018-08-25 21:45:00,0.0,0.05316722393035889
2018-08-24,2018-08-25 22:00:00,0.0,0.09916331619024277
2018-08-24,2018-08-25 22:15:00,0.031640999019145966,0.09813152253627777
2018-08-24,2018-08-25 22:30:00,0.12304700165987015,0.195871964097023
2018-08-24,2018-08-25 22:45:00,0.17226600646972656,0.3035556375980377
2018-08-24,2018-08-25 23:00:00,0.3550780117511749,0.3767969012260437
2018-08-24,2018-08-25 23:15:00,0.6503909826278687,0.467722624540329
2018-08-24,2018-08-25 23:30:00,0.6398440003395081,0.650906503200531
2018-08-24,2018-08-25 23:45:00,1.068750023841858,0.8037036061286926
2018-08-25,2018-08-26 00:00:00,1.2867189645767212,1.3492512702941895
2018-08-25,2018-08-26 00:15:00,1.504686951637268,1.604533314704895
2018-08-25,2018-08-26 00:30:00,1.7472660541534424,1.824973702430725
2018-08-25,2018-08-26 00:45:00,1.9160159826278687,2.0399129390716553
2018-08-25,2018-08-26 01:00:00,2.1691410541534424,2.2891464233398438
2018-08-25,2018-08-26 01:15:00,2.3097660541534424,2.4566688537597656
2018-08-25,2018-08-26 01:30:00,2.636718988418579,2.6205618381500244
2018-08-25,2018-08-26 01:45:00,2.7703120708465576,2.75803804397583
2018-08-25,2018-08-26 02:00:00,2.8722660541534424,2.934912919998169
2018-08-25,2018-08-26 02:15:00,3.086719036102295,2.983621597290039
2018-08-25,2018-08-26 02:30:00,3.1886720657348633,3.1512231826782227
2018-08-25,2018-08-26 02:45:00,3.181641101837158,3.1770379543304443
2018-08-25,2018-08-26 03:00:00,3.3257811069488525,3.237851619720459
2018-08-25,2018-08-26 03:15:00,3.3785150051116943,3.4061405658721924
2018-08-25,2018-08-26 03:30:00,3.357422113418579,3.399261236190796
2018-08-25,2018-08-26 03:45:00,3.38906192779541,3.422609329223633
2018-08-25,2018-08-26 04:00:00,3.403125047683716,3.505890369415283
2018-08-25,2018-08-26 04:15:00,3.4488279819488525,3.4551262855529785
2018-08-25,2018-08-26 04:30:00,3.427733898162842,3.4269113540649414
2018-08-25,2018-08-26 04:45:00,3.3960940837860107,3.543717384338379
2018-08-25,2018-08-26 05:00:00,3.2730469703674316,3.4993176460266113
2018-08-25,2018-08-26 05:15:00,3.403125047683716,3.3664374351501465
2018-08-25,2018-08-26 05:30:00,3.364453077316284,3.3593883514404297
2018-08-25,2018-08-26 05:45:00,2.9742190837860107,3.160053253173828
2018-08-25,2018-08-26 06:00:00,3.058593988418579,3.147559881210327
2018-08-25,2018-08-26 06:15:00,2.0636720657348633,3.0477685928344727
2018-08-25,2018-08-26 06:30:00,2.882812023162842,2.9731431007385254
2018-08-25,2018-08-26 06:45:00,2.443358898162842,2.7622339725494385
2018-08-25,2018-08-26 07:00:00,2.239453077316284,2.5618906021118164
2018-08-25,2018-08-26 07:15:00,2.373047113418579,2.4104223251342773
2018-08-25,2018-08-26 07:30:00,2.151561975479126,2.20589542388916
2018-08-25,2018-08-26 07:45:00,1.9933589696884155,2.1060593128204346
2018-08-25,2018-08-26 08:00:00,1.7824219465255737,1.858959436416626
2018-08-25,2018-08-26 08:15:00,1.5785160064697266,1.5563443899154663
2018-08-25,2018-08-26 08:30:00,1.3921869993209839,1.3881579637527466
2018-08-25,2018-08-26 08:45:00,1.019531011581421,1.1522239446640015
2018-08-25,2018-08-26 09:00:00,0.44999998807907104,0.9381469488143921
2018-08-25,2018-08-26 09:15:00,0.42539098858833313,0.6872826814651489
2018-08-25,2018-08-26 09:30:00,0.37968701124191284,0.5051290392875671
2018-08-25,2018-08-26 09:45:00,0.29882800579071045,0.35011932253837585
2018-08-25,2018-08-26 10:00:00,0.291797012090683,0.19783064723014832
2018-08-25,2018-08-26 10:15:00,0.1757809966802597,0.10835711658000946
2018-08-25,2018-08-26 10:30:00,0.024608999490737915,0.01624196395277977
2018-08-25,2018-08-26 10:45:00,0.0,0.0
2018-08-25,2018-08-26 11:00:00,0.0,0.0
2018-08-25,2018-08-26 11:15:00,0.0,0.0
2018-08-25,2018-08-26 11:30:00,0.0,0.009491059929132462
2018-08-25,2018-08-26 11:45:00,0.0,0.050999436527490616
2018-08-25,2018-08-26 12:00:00,0.0,0.051913242787122726
2018-08-25,2018-08-26 12:15:00,0.0,0.0029372696299105883
2018-08-25,2018-08-26 12:30:00,0.0,0.033661894500255585
2018-08-25,2018-08-26 12:45:00,0.0,0.03746200352907181
2018-08-25,2018-08-26 13:00:00,0.0,0.026045478880405426
2018-08-25,2018-08-26 13:15:00,0.0,0.0
2018-08-25,2018-08-26 13:30:00,0.0,0.0
2018-08-25,2018-08-26 13:45:00,0.0,0.0
2018-08-25,2018-08-26 14:00:00,0.0,0.0
2018-08-25,2018-08-26 14:15:00,0.0,0.0
2018-08-25,2018-08-26 14:30:00,0.0,0.0
2018-08-25,2018-08-26 14:45:00,0.0,0.0
2018-08-25,2018-08-26 15:00:00,0.0,0.0
2018-08-25,2018-08-26 15:15:00,0.0,0.0
2018-08-25,2018-08-26 15:30:00,0.0,0.0018170715775340796
2018-08-25,2018-08-26 15:45:00,0.0,0.02679985947906971
2018-08-25,2018-08-26 16:00:00,0.0,0.06667748838663101
2018-08-25,2018-08-26 16:15:00,0.0,0.07237543165683746
2018-08-25,2018-08-26 16:30:00,0.0,0.002920778701081872
2018-08-25,2018-08-26 16:45:00,0.0,0.008491364307701588
2018-08-25,2018-08-26 17:00:00,0.0,0.01843171939253807
2018-08-25,2018-08-26 17:15:00,0.0,0.0007625899161212146
2018-08-25,2018-08-26 17:30:00,0.0,0.0
2018-08-25,2018-08-26 17:45:00,0.0,0.0
2018-08-25,2018-08-26 18:00:00,0.0,0.0
2018-08-25,2018-08-26 18:15:00,0.0,0.0
2018-08-25,2018-08-26 18:30:00,0.0,0.0
2018-08-25,2018-08-26 18:45:00,0.0,0.017086798325181007
2018-08-25,2018-08-26 19:00:00,0.0,0.04151139780879021
2018-08-25,2018-08-26 19:15:00,0.0,0.035462941974401474
2018-08-25,2018-08-26 19:30:00,0.0,0.057053420692682266
2018-08-25,2018-08-26 19:45:00,0.0,0.10375376045703888
2018-08-25,2018-08-26 20:00:00,0.0,0.10188984870910645
2018-08-25,2018-08-26 20:15:00,0.0,0.12070102989673615
2018-08-25,2018-08-26 20:30:00,0.0,0.10653626918792725
2018-08-25,2018-08-26 20:45:00,0.0,0.0778995081782341
2018-08-25,2018-08-26 21:00:00,0.0,0.07364311814308167
2018-08-25,2018-08-26 21:15:00,0.0,0.06327001750469208
2018-08-25,2018-08-26 21:30:00,0.0,0.04016445204615593
2018-08-25,2018-08-26 21:45:00,0.0,0.1032867431640625
2018-08-25,2018-08-26 22:00:00,0.0,0.1654994785785675
2018-08-25,2018-08-26 22:15:00,0.0,0.16743575036525726
2018-08-25,2018-08-26 22:30:00,0.20390599966049194,0.3310563862323761
2018-08-25,2018-08-26 22:45:00,0.31992200016975403,0.42282891273498535
2018-08-25,2018-08-26 23:00:00,0.46054700016975403,0.5333543419837952
2018-08-25,2018-08-26 23:15:00,0.6328120231628418,0.6402888298034668
2018-08-25,2018-08-26 23:30:00,0.8824219703674316,0.8154043555259705
2018-08-25,2018-08-26 23:45:00,1.125,0.9280133843421936
2018-08-26,2018-08-27 00:00:00,1.2972660064697266,1.5632343292236328
2018-08-26,2018-08-27 00:15:00,1.181249976158142,1.8465601205825806
2018-08-26,2018-08-27 00:30:00,1.8878910541534424,2.0745365619659424
2018-08-26,2018-08-27 00:45:00,2.021483898162842,2.2985458374023438
2018-08-26,2018-08-27 01:00:00,2.285156011581421,2.5604939460754395
2018-08-26,2018-08-27 01:15:00,2.478516101837158,2.7410824298858643
2018-08-26,2018-08-27 01:30:00,2.6578121185302734,2.905109405517578
2018-08-26,2018-08-27 01:45:00,2.8441410064697266,3.020831346511841
2018-08-26,2018-08-27 02:00:00,3.121875047683716,3.2056877613067627
2018-08-26,2018-08-27 02:15:00,3.287108898162842,3.2530624866485596
2018-08-26,2018-08-27 02:30:00,2.3097660541534424,3.407620429992676
2018-08-26,2018-08-27 02:45:00,3.427733898162842,3.4025423526763916
2018-08-26,2018-08-27 03:00:00,2.2113280296325684,3.444342613220215
2018-08-26,2018-08-27 03:15:00,3.4699220657348633,3.584923267364502
2018-08-26,2018-08-27 03:30:00,3.1500000953674316,3.606597423553467
2018-08-26,2018-08-27 03:45:00,3.410156011581421,3.5983338356018066
2018-08-26,2018-08-27 04:00:00,4.151953220367432,3.696661949157715
2018-08-26,2018-08-27 04:15:00,3.67031192779541,3.6616039276123047
2018-08-26,2018-08-27 04:30:00,3.5964839458465576,3.6337432861328125
2018-08-26,2018-08-27 04:45:00,3.7230470180511475,3.75673508644104
2018-08-26,2018-08-27 05:00:00,2.5804688930511475,3.74853253364563
2018-08-26,2018-08-27 05:15:00,2.696484088897705,3.638657808303833
2018-08-26,2018-08-27 05:30:00,4.310155868530273,3.6557729244232178
2018-08-26,2018-08-27 05:45:00,2.8441410064697266,3.5158026218414307
2018-08-26,2018-08-27 06:00:00,3.4839839935302734,3.5344603061676025
2018-08-26,2018-08-27 06:15:00,3.5964839458465576,3.5133585929870605
2018-08-26,2018-08-27 06:30:00,3.3363280296325684,3.5133161544799805
2018-08-26,2018-08-27 06:45:00,3.367969036102295,3.2980024814605713
2018-08-26,2018-08-27 07:00:00,3.0269529819488525,3.1752285957336426
2018-08-26,2018-08-27 07:15:00,3.0550780296325684,3.01947021484375
2018-08-26,2018-08-27 07:30:00,2.8968749046325684,2.870917558670044
2018-08-26,2018-08-27 07:45:00,2.7351560592651367,2.765425443649292
2018-08-26,2018-08-27 08:00:00,2.3765621185302734,2.4932963848114014
2018-08-26,2018-08-27 08:15:00,1.7015620470046997,2.19696044921875
2018-08-26,2018-08-27 08:30:00,2.2886719703674316,1.9370160102844238
2018-08-26,2018-08-27 08:45:00,2.0144529342651367,1.6659743785858154
2018-08-26,2018-08-27 09:00:00,0.6679689884185791,1.3569434881210327
2018-08-26,2018-08-27 09:15:00,0.5695310235023499,1.0631970167160034
2018-08-26,2018-08-27 09:30:00,0.5695310235023499,0.8066057562828064
2018-08-26,2018-08-27 09:45:00,0.4921880066394806,0.6041995882987976
2018-08-26,2018-08-27 10:00:00,0.42890599370002747,0.3747032582759857
2018-08-26,2018-08-27 10:15:00,0.15820300579071045,0.23437319695949554
2018-08-26,2018-08-27 10:30:00,0.03515600040555,0.11935252696275711
2018-08-26,2018-08-27 10:45:00,0.0,0.03887510672211647
2018-08-26,2018-08-27 11:00:00,0.0,0.0
2018-08-26,2018-08-27 11:15:00,0.0,0.0
2018-08-26,2018-08-27 11:30:00,0.0,0.0
2018-08-26,2018-08-27 11:45:00,0.0,0.011757329106330872
2018-08-26,2018-08-27 12:00:00,0.0,0.041945863515138626
2018-08-26,2018-08-27 12:15:00,0.0,0.0
2018-08-26,2018-08-27 12:30:00,0.0,0.02023509331047535
2018-08-26,2018-08-27 12:45:00,0.0,0.03778626397252083
2018-08-26,2018-08-27 13:00:00,0.0,0.031909916549921036
2018-08-26,2018-08-27 13:15:00,0.0,0.0
2018-08-26,2018-08-27 13:30:00,0.0,0.0
2018-08-26,2018-08-27 13:45:00,0.0,0.0
2018-08-26,2018-08-27 14:00:00,0.0,0.0
2018-08-26,2018-08-27 14:15:00,0.0,0.0
2018-08-26,2018-08-27 14:30:00,0.0,0.0
2018-08-26,2018-08-27 14:45:00,0.0,0.0
2018-08-26,2018-08-27 15:00:00,0.0,0.0
2018-08-26,2018-08-27 15:15:00,0.0,0.0
2018-08-26,2018-08-27 15:30:00,0.0,0.0
2018-08-26,2018-08-27 15:45:00,0.0,0.0
2018-08-26,2018-08-27 16:00:00,0.0,0.0
2018-08-26,2018-08-27 16:15:00,0.0,0.028077008202672005
2018-08-26,2018-08-27 16:30:00,0.0,0.0
2018-08-26,2018-08-27 16:45:00,0.0,0.0
2018-08-26,2018-08-27 17:00:00,0.0,0.0
2018-08-26,2018-08-27 17:15:00,0.0,0.007496565114706755
2018-08-26,2018-08-27 17:30:00,0.0,0.00833828654140234
2018-08-26,2018-08-27 17:45:00,0.0,0.0
2018-08-26,2018-08-27 18:00:00,0.0,0.012590428814291954
2018-08-26,2018-08-27 18:15:00,0.0,0.0
2018-08-26,2018-08-27 18:30:00,0.0,0.02966475673019886
2018-08-26,2018-08-27 18:45:00,0.0,0.0402522087097168
2018-08-26,2018-08-27 19:00:00,0.0,0.0712493509054184
2018-08-26,2018-08-27 19:15:00,0.0,0.046486999839544296
2018-08-26,2018-08-27 19:30:00,0.0,0.045683857053518295
2018-08-26,2018-08-27 19:45:00,0.0,0.05908560752868652
2018-08-26,2018-08-27 20:00:00,0.0,0.04902413487434387
2018-08-26,2018-08-27 20:15:00,0.0,0.0485103502869606
2018-08-26,2018-08-27 20:30:00,0.0,0.0
2018-08-26,2018-08-27 20:45:00,0.0,0.0
2018-08-26,2018-08-27 21:00:00,0.0,0.0
2018-08-26,2018-08-27 21:15:00,0.0,0.0
2018-08-26,2018-08-27 21:30:00,0.0,0.0
2018-08-26,2018-08-27 21:45:00,0.0,0.06305070221424103
2018-08-26,2018-08-27 22:00:00,0.003515999997034669,0.11137087643146515
2018-08-26,2018-08-27 22:15:00,0.0,0.13442236185073853
2018-08-26,2018-08-27 22:30:00,0.19687500596046448,0.22782020270824432
2018-08-26,2018-08-27 22:45:00,0.31992200016975403,0.28949037194252014
2018-08-26,2018-08-27 23:00:00,0.3410159945487976,0.37016811966896057
2018-08-26,2018-08-27 23:15:00,0.5519530177116394,0.41560065746307373
2018-08-26,2018-08-27 23:30:00,0.5660160183906555,0.5606038570404053
2018-08-26,2018-08-27 23:45:00,0.731249988079071,0.6719424724578857
2018-08-27,2018-08-28 00:00:00,0.935155987739563,1.031053900718689
2018-08-27,2018-08-28 00:15:00,1.8738280534744263,1.2123098373413086
2018-08-27,2018-08-28 00:30:00,1.2269530296325684,1.457192063331604
2018-08-27,2018-08-28 00:45:00,1.4660160541534424,1.6659958362579346
2018-08-27,2018-08-28 01:00:00,1.7507810592651367,1.952877402305603
2018-08-27,2018-08-28 01:15:00,2.742187976837158,2.1607401371002197
2018-08-27,2018-08-28 01:30:00,2.8441410064697266,2.359718084335327
2018-08-27,2018-08-28 01:45:00,3.065624952316284,2.5206198692321777
2018-08-27,2018-08-28 02:00:00,3.258984088897705,2.7414743900299072
2018-08-27,2018-08-28 02:15:00,3.4066410064697266,2.8471519947052
2018-08-27,2018-08-28 02:30:00,3.5999999046325684,3.0454366207122803
2018-08-27,2018-08-28 02:45:00,3.628124952316284,3.11293888092041
2018-08-27,2018-08-28 03:00:00,3.6597650051116943,3.188432455062866
2018-08-27,2018-08-28 03:15:00,3.7335939407348633,3.3191516399383545
2018-08-27,2018-08-28 03:30:00,3.789844036102295,3.3162989616394043
2018-08-27,2018-08-28 03:45:00,3.7828121185302734,3.3365232944488525
2018-08-27,2018-08-28 04:00:00,3.867187976837158,3.3869411945343018
2018-08-27,2018-08-28 04:15:00,3.825000047683716,3.325380563735962
2018-08-27,2018-08-28 04:30:00,3.786328077316284,3.2937557697296143
2018-08-27,2018-08-28 04:45:00,3.796875,3.4043993949890137
2018-08-27,2018-08-28 05:00:00,3.744141101837158,3.357306718826294
2018-08-27,2018-08-28 05:15:00,3.6527340412139893,3.257063627243042
2018-08-27,2018-08-28 05:30:00,3.628124952316284,3.2419583797454834
2018-08-27,2018-08-28 05:45:00,3.5964839458465576,3.100144863128662
2018-08-27,2018-08-28 06:00:00,3.515625,3.112698793411255
2018-08-27,2018-08-28 06:15:00,3.4347660541534424,3.0589542388916016
2018-08-27,2018-08-28 06:30:00,3.3257811069488525,3.0092101097106934
2018-08-27,2018-08-28 06:45:00,3.1851561069488525,2.815171957015991
2018-08-27,2018-08-28 07:00:00,3.0164060592651367,2.6520261764526367
2018-08-27,2018-08-28 07:15:00,2.840625047683716,2.5089268684387207
2018-08-27,2018-08-28 07:30:00,2.629688024520874,2.3503589630126953
2018-08-27,2018-08-28 07:45:00,2.425781011581421,2.28674578666687
2018-08-27,2018-08-28 08:00:00,2.1832029819488525,2.0419058799743652
2018-08-27,2018-08-28 08:15:00,1.9160159826278687,1.7786883115768433
2018-08-27,2018-08-28 08:30:00,1.680469036102295,1.5534930229187012
2018-08-27,2018-08-28 08:45:00,1.4449219703674316,1.3351690769195557
2018-08-27,2018-08-28 09:00:00,1.1496089696884155,1.1014314889907837
2018-08-27,2018-08-28 09:15:00,0.9246090054512024,0.8641079068183899
2018-08-27,2018-08-28 09:30:00,0.6785159707069397,0.6567267775535583
2018-08-27,2018-08-28 09:45:00,0.4781250059604645,0.4718795716762543
2018-08-27,2018-08-28 10:00:00,0.3023439943790436,0.30277183651924133
2018-08-27,2018-08-28 10:15:00,0.16171899437904358,0.2028457522392273
2018-08-27,2018-08-28 10:30:00,0.03867200016975403,0.08786540478467941
2018-08-27,2018-08-28 10:45:00,0.0,0.0436321496963501
2018-08-27,2018-08-28 11:00:00,0.0,0.01918766275048256
2018-08-27,2018-08-28 11:15:00,0.0,0.011236535385251045
2018-08-27,2018-08-28 11:30:00,0.0,0.014638397842645645
2018-08-27,2018-08-28 11:45:00,0.0,0.05109434947371483
2018-08-27,2018-08-28 12:00:00,0.0,0.03475579246878624
2018-08-27,2018-08-28 12:15:00,0.0,0.011286758817732334
2018-08-27,2018-08-28 12:30:00,0.0,0.022846296429634094
2018-08-27,2018-08-28 12:45:00,0.0,0.048393186181783676
2018-08-27,2018-08-28 13:00:00,0.0,0.05925628915429115
2018-08-27,2018-08-28 13:15:00,0.0,0.033173732459545135
2018-08-27,2018-08-28 13:30:00,0.0,0.018345633521676064
2018-08-27,2018-08-28 13:45:00,0.0,0.0
2018-08-27,2018-08-28 14:00:00,0.0,0.007442380301654339
2018-08-27,2018-08-28 14:15:00,0.0,0.0
2018-08-27,2018-08-28 14:30:00,0.0,0.0
2018-08-27,2018-08-28 14:45:00,0.0,0.0
2018-08-27,2018-08-28 15:00:00,0.0,0.017087290063500404
2018-08-27,2018-08-28 15:15:00,0.0,0.04051820561289787
2018-08-27,2018-08-28 15:30:00,0.0,0.01735515519976616
2018-08-27,2018-08-28 15:45:00,0.0,0.02135772444307804
2018-08-27,2018-08-28 16:00:00,0.0,0.042500972747802734
2018-08-27,2018-08-28 16:15:00,0.0,0.057263173162937164
2018-08-27,2018-08-28 16:30:00,0.0,0.0
2018-08-27,2018-08-28 16:45:00,0.0,0.0015179169131442904
2018-08-27,2018-08-28 17:00:00,0.0,0.0
2018-08-27,2018-08-28 17:15:00,0.0,0.0
2018-08-27,2018-08-28 17:30:00,0.0,0.0
2018-08-27,2018-08-28 17:45:00,0.0,0.0
2018-08-27,2018-08-28 18:00:00,0.0,0.0
2018-08-27,2018-08-28 18:15:00,0.0,0.0
2018-08-27,2018-08-28 18:30:00,0.0,0.0
2018-08-27,2018-08-28 18:45:00,0.0,0.012268138118088245
2018-08-27,2018-08-28 19:00:00,0.0,0.008757652714848518
2018-08-27,2018-08-28 19:15:00,0.0,0.007037291303277016
2018-08-27,2018-08-28 19:30:00,0.0,0.008871671743690968
2018-08-27,2018-08-28 19:45:00,0.0,0.04813636094331741
2018-08-27,2018-08-28 20:00:00,0.0,0.04139495640993118
2018-08-27,2018-08-28 20:15:00,0.0,0.07145897299051285
2018-08-27,2018-08-28 20:30:00,0.0,0.0749177560210228
2018-08-27,2018-08-28 20:45:00,0.0,0.06718865782022476
2018-08-27,2018-08-28 21:00:00,0.0,0.07040867209434509
2018-08-27,2018-08-28 21:15:00,0.0,0.05691250041127205
2018-08-27,2018-08-28 21:30:00,0.0,0.04324905201792717
2018-08-27,2018-08-28 21:45:00,0.0,0.07791249454021454
2018-08-27,2018-08-28 22:00:00,0.0,0.10237432271242142
2018-08-27,2018-08-28 22:15:00,0.0,0.047147251665592194
2018-08-27,2018-08-28 22:30:00,0.0,0.15303124487400055
2018-08-27,2018-08-28 22:45:00,0.21796900033950806,0.19420616328716278
2018-08-27,2018-08-28 23:00:00,0.3164060115814209,0.22875210642814636
2018-08-27,2018-08-28 23:15:00,0.3058589994907379,0.24553264677524567
2018-08-27,2018-08-28 23:30:00,0.28125,0.34206846356391907
2018-08-27,2018-08-28 23:45:00,0.4007810056209564,0.42495912313461304
2018-08-28,2018-08-29 00:00:00,0.28828099370002747,0.6823750138282776
2018-08-28,2018-08-29 00:15:00,0.5203120112419128,0.9231691956520081
2018-08-28,2018-08-29 00:30:00,0.7593749761581421,1.1396229267120361
2018-08-28,2018-08-29 00:45:00,1.0863280296325684,1.375596523284912
2018-08-28,2018-08-29 01:00:00,1.3816410303115845,1.6866543292999268
2018-08-28,2018-08-29 01:15:00,2.566406011581421,1.9323792457580566
2018-08-28,2018-08-29 01:30:00,2.3871090412139893,2.2440285682678223
2018-08-28,2018-08-29 01:45:00,2.292186975479126,2.4886696338653564
2018-08-28,2018-08-29 02:00:00,2.4398438930511475,2.801358461380005
2018-08-28,2018-08-29 02:15:00,2.759766101837158,3.002178430557251
2018-08-28,2018-08-29 02:30:00,3.7828121185302734,3.2380855083465576
2018-08-28,2018-08-29 02:45:00,3.786328077316284,3.4088635444641113
2018-08-28,2018-08-29 03:00:00,3.7722649574279785,3.497534990310669
2018-08-28,2018-08-29 03:15:00,3.638672113418579,3.7192118167877197
2018-08-28,2018-08-29 03:30:00,3.7546870708465576,3.7653307914733887
2018-08-28,2018-08-29 03:45:00,3.779297113418579,3.765721082687378
2018-08-28,2018-08-29 04:00:00,3.67031192779541,3.893603801727295
2018-08-28,2018-08-29 04:15:00,3.6140620708465576,3.8045530319213867
2018-08-28,2018-08-29 04:30:00,3.726562023162842,3.831533193588257
2018-08-28,2018-08-29 04:45:00,3.2941410541534424,3.8748276233673096
2018-08-28,2018-08-29 05:00:00,3.5753910541534424,3.8599069118499756
2018-08-28,2018-08-29 05:15:00,3.462891101837158,3.6749560832977295
2018-08-28,2018-08-29 05:30:00,3.3292970657348633,3.6501057147979736
2018-08-28,2018-08-29 05:45:00,3.4382810592651367,3.4891891479492188
2018-08-28,2018-08-29 06:00:00,3.5894529819488525,3.4597644805908203
2018-08-28,2018-08-29 06:15:00,3.5015621185302734,3.4031574726104736
2018-08-28,2018-08-29 06:30:00,3.375,3.3647282123565674
2018-08-28,2018-08-29 06:45:00,3.2554690837860107,3.1503655910491943
2018-08-28,2018-08-29 07:00:00,3.086719036102295,3.023125410079956
2018-08-28,2018-08-29 07:15:00,2.924999952316284,2.866013765335083
2018-08-28,2018-08-29 07:30:00,2.682421922683716,2.704207181930542
2018-08-28,2018-08-29 07:45:00,2.460937976837158,2.627073049545288
2018-08-28,2018-08-29 08:00:00,2.197266101837158,2.379150390625
2018-08-28,2018-08-29 08:15:00,1.9828120470046997,2.114459753036499
2018-08-28,2018-08-29 08:30:00,1.694530963897705,1.8851407766342163
2018-08-28,2018-08-29 08:45:00,1.3957029581069946,1.6545100212097168
2018-08-28,2018-08-29 09:00:00,1.1988279819488525,1.409830093383789
2018-08-28,2018-08-29 09:15:00,0.9492189884185791,1.1444249153137207
2018-08-28,2018-08-29 09:30:00,0.7207030057907104,0.9145923256874084
2018-08-28,2018-08-29 09:45:00,0.4886719882488251,0.6877342462539673
2018-08-28,2018-08-29 10:00:00,0.3164060115814209,0.5052264928817749
2018-08-28,2018-08-29 10:15:00,0.17226600646972656,0.3261891305446625
2018-08-28,2018-08-29 10:30:00,0.03867200016975403,0.19750042259693146
2018-08-28,2018-08-29 10:45:00,0.0,0.1130712479352951
2018-08-28,2018-08-29 11:00:00,0.0,0.017442908138036728
2018-08-28,2018-08-29 11:15:00,0.0,0.015717368572950363
2018-08-28,2018-08-29 11:30:00,0.0,0.0
2018-08-28,2018-08-29 11:45:00,0.0,0.010447547771036625
2018-08-28,2018-08-29 12:00:00,0.0,0.00977601483464241
2018-08-28,2018-08-29 12:15:00,0.0,0.0
2018-08-28,2018-08-29 12:30:00,0.0,0.019171081483364105
2018-08-28,2018-08-29 12:45:00,0.0,0.01886451244354248
2018-08-28,2018-08-29 13:00:00,0.0,0.03470434248447418
2018-08-28,2018-08-29 13:15:00,0.0,0.0
2018-08-28,2018-08-29 13:30:00,0.0,0.0
2018-08-28,2018-08-29 13:45:00,0.0,0.0
2018-08-28,2018-08-29 14:00:00,0.0,0.0
2018-08-28,2018-08-29 14:15:00,0.0,0.0
2018-08-28,2018-08-29 14:30:00,0.0,0.0
2018-08-28,2018-08-29 14:45:00,0.0,0.0
2018-08-28,2018-08-29 15:00:00,0.0,0.0
2018-08-28,2018-08-29 15:15:00,0.0,0.0
2018-08-28,2018-08-29 15:30:00,0.0,0.0
2018-08-28,2018-08-29 15:45:00,0.0,0.0462651401758194
2018-08-28,2018-08-29 16:00:00,0.0,0.07040537893772125
2018-08-28,2018-08-29 16:15:00,0.0,0.07758056372404099
2018-08-28,2018-08-29 16:30:00,0.0,0.042596492916345596
2018-08-28,2018-08-29 16:45:00,0.0,0.020428847521543503
2018-08-28,2018-08-29 17:00:00,0.0,0.006052553653717041
2018-08-28,2018-08-29 17:15:00,0.0,0.0
2018-08-28,2018-08-29 17:30:00,0.0,0.0040717413648962975
2018-08-28,2018-08-29 17:45:00,0.0,0.0
2018-08-28,2018-08-29 18:00:00,0.0,0.0
2018-08-28,2018-08-29 18:15:00,0.0,0.0
2018-08-28,2018-08-29 18:30:00,0.0,0.0
2018-08-28,2018-08-29 18:45:00,0.0,0.02418394945561886
2018-08-28,2018-08-29 19:00:00,0.0,0.011936220340430737
2018-08-28,2018-08-29 19:15:00,0.0,0.03819107636809349
2018-08-28,2018-08-29 19:30:00,0.0,0.026975877583026886
2018-08-28,2018-08-29 19:45:00,0.0,0.03088921308517456
2018-08-28,2018-08-29 20:00:00,0.0,0.0403023399412632
2018-08-28,2018-08-29 20:15:00,0.0,0.05990886315703392
2018-08-28,2018-08-29 20:30:00,0.0,0.015565484762191772
2018-08-28,2018-08-29 20:45:00,0.0,0.0
2018-08-28,2018-08-29 21:00:00,0.0,0.029280787333846092
2018-08-28,2018-08-29 21:15:00,0.0,0.0147008141502738
2018-08-28,2018-08-29 21:30:00,0.0,0.0
2018-08-28,2018-08-29 21:45:00,0.0,0.08348322659730911
2018-08-28,2018-08-29 22:00:00,0.0,0.1486131250858307
2018-08-28,2018-08-29 22:15:00,0.0,0.17597204446792603
2018-08-28,2018-08-29 22:30:00,0.2003909945487976,0.2971942126750946
2018-08-28,2018-08-29 22:45:00,0.34453099966049194,0.39648258686065674
2018-08-28,2018-08-29 23:00:00,0.46406298875808716,0.4794161915779114
2018-08-28,2018-08-29 23:15:00,0.6328120231628418,0.585034191608429
2018-08-28,2018-08-29 23:30:00,0.9597659707069397,0.7492552995681763
2018-08-28,2018-08-29 23:45:00,0.9140620231628418,0.8772061467170715
2018-08-29,2018-08-30 00:00:00,0.935155987739563,1.0393731594085693
2018-08-29,2018-08-30 00:15:00,0.7347660064697266,1.1255590915679932
2018-08-29,2018-08-30 00:30:00,1.694530963897705,1.2226887941360474
2018-08-29,2018-08-30 00:45:00,1.033594012260437,1.2879788875579834
2018-08-29,2018-08-30 01:00:00,1.3746089935302734,1.3846542835235596
2018-08-29,2018-08-30 01:15:00,2.348438024520874,1.42384934425354
2018-08-29,2018-08-30 01:30:00,1.4695310592651367,1.4414489269256592
2018-08-29,2018-08-30 01:45:00,1.5222660303115845,1.425248146057129
2018-08-29,2018-08-30 02:00:00,1.4378910064697266,1.4563709497451782
2018-08-29,2018-08-30 02:15:00,1.2867189645767212,1.4629515409469604
2018-08-29,2018-08-30 02:30:00,1.1953120231628418,1.4748526811599731
2018-08-29,2018-08-30 02:45:00,1.223436951637268,1.4108632802963257
2018-08-29,2018-08-30 03:00:00,1.821094036102295,1.363979697227478
2018-08-29,2018-08-30 03:15:00,1.4097659587860107,1.4163658618927002
2018-08-29,2018-08-30 03:30:00,0.9597659707069397,1.3689780235290527
2018-08-29,2018-08-30 03:45:00,1.0019530057907104,1.3856693506240845
2018-08-29,2018-08-30 04:00:00,0.9984380006790161,1.4198306798934937
2018-08-29,2018-08-30 04:15:00,1.2550779581069946,1.391584873199463
2018-08-29,2018-08-30 04:30:00,1.8914060592651367,1.4091269969940186
2018-08-29,2018-08-30 04:45:00,1.3183590173721313,1.4688796997070312
2018-08-29,2018-08-30 05:00:00,1.2445310354232788,1.4574964046478271
2018-08-29,2018-08-30 05:15:00,1.3324220180511475,1.4129446744918823
2018-08-29,2018-08-30 05:30:00,1.230468988418579,1.381184697151184
2018-08-29,2018-08-30 05:45:00,0.9386720061302185,1.2809003591537476
2018-08-29,2018-08-30 06:00:00,0.9773439764976501,1.2747008800506592
2018-08-29,2018-08-30 06:15:00,1.2867189645767212,1.2441850900650024
2018-08-29,2018-08-30 06:30:00,1.167186975479126,1.2145419120788574
2018-08-29,2018-08-30 06:45:00,1.1636719703674316,1.1033488512039185
2018-08-29,2018-08-30 07:00:00,0.935155987739563,1.0239468812942505
2018-08-29,2018-08-30 07:15:00,0.892969012260437,0.9798133969306946
2018-08-29,2018-08-30 07:30:00,1.0054689645767212,0.910469114780426
2018-08-29,2018-08-30 07:45:00,1.8492189645767212,0.9090443253517151
2018-08-29,2018-08-30 08:00:00,1.089843988418579,0.8446961641311646
2018-08-29,2018-08-30 08:15:00,1.4941409826278687,0.6894858479499817
2018-08-29,2018-08-30 08:30:00,0.963280975818634,0.6580518484115601
2018-08-29,2018-08-30 08:45:00,0.5378909707069397,0.5484325289726257
2018-08-29,2018-08-30 09:00:00,0.24960899353027344,0.4494989514350891
2018-08-29,2018-08-30 09:15:00,0.16171899437904358,0.3624320328235626
2018-08-29,2018-08-30 09:30:00,0.042187999933958054,0.26753929257392883
2018-08-29,2018-08-30 09:45:00,0.052733998745679855,0.20347769558429718
2018-08-29,2018-08-30 10:00:00,0.010546999983489513,0.11517748981714249
2018-08-29,2018-08-30 10:15:00,0.0,0.09442169219255447
2018-08-29,2018-08-30 10:30:00,0.0,0.054550498723983765
2018-08-29,2018-08-30 10:45:00,0.0,0.028402164578437805
2018-08-29,2018-08-30 11:00:00,0.0,0.0
2018-08-29,2018-08-30 11:15:00,0.0,0.0021189728286117315
2018-08-29,2018-08-30 11:30:00,0.0,0.03668093681335449
2018-08-29,2018-08-30 11:45:00,0.0,0.07165375351905823
2018-08-29,2018-08-30 12:00:00,0.0,0.03637358173727989
2018-08-29,2018-08-30 12:15:00,0.0,0.0
2018-08-29,2018-08-30 12:30:00,0.0,0.0
2018-08-29,2018-08-30 12:45:00,0.0,0.0
2018-08-29,2018-08-30 13:00:00,0.0,0.0
2018-08-29,2018-08-30 13:15:00,0.0,0.0
2018-08-29,2018-08-30 13:30:00,0.0,0.0
2018-08-29,2018-08-30 13:45:00,0.0,0.0
2018-08-29,2018-08-30 14:00:00,0.0,0.0
2018-08-29,2018-08-30 14:15:00,0.0,0.0
2018-08-29,2018-08-30 14:30:00,0.0,0.0
2018-08-29,2018-08-30 14:45:00,0.0,0.0
2018-08-29,2018-08-30 15:00:00,0.0,0.0
2018-08-29,2018-08-30 15:15:00,0.0,0.035888124257326126
2018-08-29,2018-08-30 15:30:00,0.0,0.0
2018-08-29,2018-08-30 15:45:00,0.0,0.03804968670010567
2018-08-29,2018-08-30 16:00:00,0.0,0.012059204280376434
2018-08-29,2018-08-30 16:15:00,0.0,0.027698203921318054
2018-08-29,2018-08-30 16:30:00,0.0,0.0
2018-08-29,2018-08-30 16:45:00,0.0,0.0003701227833516896
2018-08-29,2018-08-30 17:00:00,0.0,0.0
2018-08-29,2018-08-30 17:15:00,0.0,0.0
2018-08-29,2018-08-30 17:30:00,0.0,0.0
2018-08-29,2018-08-30 17:45:00,0.0,0.0
2018-08-29,2018-08-30 18:00:00,0.0,0.006012864410877228
2018-08-29,2018-08-30 18:15:00,0.0,0.003911297768354416
2018-08-29,2018-08-30 18:30:00,0.0,0.06257126480340958
2018-08-29,2018-08-30 18:45:00,0.0,0.0945725068449974
2018-08-29,2018-08-30 19:00:00,0.0,0.14414948225021362
2018-08-29,2018-08-30 19:15:00,0.0,0.1713414192199707
2018-08-29,2018-08-30 19:30:00,0.0,0.15136463940143585
2018-08-29,2018-08-30 19:45:00,0.0,0.19668306410312653
2018-08-29,2018-08-30 20:00:00,0.0,0.18683922290802002
2018-08-29,2018-08-30 20:15:00,0.0,0.18263210356235504
2018-08-29,2018-08-30 20:30:00,0.0,0.10830902308225632
2018-08-29,2018-08-30 20:45:00,0.0,0.08728501945734024
2018-08-29,2018-08-30 21:00:00,0.0,0.06507430970668793
2018-08-29,2018-08-30 21:15:00,0.0,0.04049501568078995
2018-08-29,2018-08-30 21:30:00,0.0,0.025173021480441093
2018-08-29,2018-08-30 21:45:00,0.0,0.03706918656826019
2018-08-29,2018-08-30 22:00:00,0.0,0.05674971267580986
2018-08-29,2018-08-30 22:15:00,0.0,0.051021676510572433
2018-08-29,2018-08-30 22:30:00,0.024608999490737915,0.10414514690637589
2018-08-29,2018-08-30 22:45:00,0.07734400033950806,0.08371185511350632
2018-08-29,2018-08-30 23:00:00,0.26367199420928955,0.13499675691127777
2018-08-29,2018-08-30 23:15:00,0.23906299471855164,0.14399933815002441
2018-08-29,2018-08-30 23:30:00,0.291797012090683,0.232261061668396
2018-08-29,2018-08-30 23:45:00,0.30937498807907104,0.3219625651836395
2018-08-30,2018-08-31 00:00:00,0.411327987909317,0.495715856552124
2018-08-30,2018-08-31 00:15:00,0.5730469822883606,0.48615506291389465
2018-08-30,2018-08-31 00:30:00,0.5378909707069397,0.5570083856582642
2018-08-30,2018-08-31 00:45:00,0.4816409945487976,0.643781840801239
2018-08-30,2018-08-31 01:00:00,1.1285159587860107,0.7535209655761719
2018-08-30,2018-08-31 01:15:00,1.1917970180511475,0.8091056942939758
2018-08-30,2018-08-31 01:30:00,1.2761720418930054,0.8946173191070557
2018-08-30,2018-08-31 01:45:00,0.5695310235023499,0.9400123357772827
2018-08-30,2018-08-31 02:00:00,0.4675779938697815,1.0809073448181152
2018-08-30,2018-08-31 02:15:00,0.48515599966049194,1.1367340087890625
2018-08-30,2018-08-31 02:30:00,0.9667969942092896,1.2046189308166504
2018-08-30,2018-08-31 02:45:00,1.8175779581069946,1.2812260389328003
2018-08-30,2018-08-31 03:00:00,2.091797113418579,1.2902930974960327
2018-08-30,2018-08-31 03:15:00,1.722656011581421,1.3274613618850708
2018-08-30,2018-08-31 03:30:00,1.0933589935302734,1.3228145837783813
2018-08-30,2018-08-31 03:45:00,1.1460939645767212,1.2457712888717651
2018-08-30,2018-08-31 04:00:00,1.364061951637268,1.2117093801498413
2018-08-30,2018-08-31 04:15:00,1.3746089935302734,1.1257057189941406
2018-08-30,2018-08-31 04:30:00,1.132030963897705,1.0677683353424072
2018-08-30,2018-08-31 04:45:00,0.5800780057907104,1.0122129917144775
2018-08-30,2018-08-31 05:00:00,0.7875000238418579,0.921387791633606
2018-08-30,2018-08-31 05:15:00,0.7101560235023499,0.813060462474823
2018-08-30,2018-08-31 05:30:00,0.5554689764976501,0.7661905288696289
2018-08-30,2018-08-31 05:45:00,0.6328120231628418,0.7231996655464172
2018-08-30,2018-08-31 06:00:00,1.1109369993209839,0.711762547492981
2018-08-30,2018-08-31 06:15:00,1.082811951637268,0.7092160582542419
2018-08-30,2018-08-31 06:30:00,0.9210940003395081,0.7412213087081909
2018-08-30,2018-08-31 06:45:00,0.8402339816093445,0.6706342101097107
2018-08-30,2018-08-31 07:00:00,0.6398440003395081,0.6620358228683472
2018-08-30,2018-08-31 07:15:00,0.7628909945487976,0.6671172976493835
2018-08-30,2018-08-31 07:30:00,0.8789060115814209,0.6598249673843384
2018-08-30,2018-08-31 07:45:00,0.6292970180511475,0.6630192995071411
2018-08-30,2018-08-31 08:00:00,0.4464839994907379,0.6187693476676941
2018-08-30,2018-08-31 08:15:00,0.3621090054512024,0.5573557615280151
2018-08-30,2018-08-31 08:30:00,0.37968701124191284,0.5280998945236206
2018-08-30,2018-08-31 08:45:00,0.42890599370002747,0.4616709351539612
2018-08-30,2018-08-31 09:00:00,0.3023439943790436,0.3947505056858063
2018-08-30,2018-08-31 09:15:00,0.21445299685001373,0.2939441204071045
2018-08-30,2018-08-31 09:30:00,0.18984399735927582,0.24125158786773682
2018-08-30,2018-08-31 09:45:00,0.049219001084566116,0.2096768468618393
2018-08-30,2018-08-31 10:00:00,0.049219001084566116,0.17062702775001526
2018-08-30,2018-08-31 10:15:00,0.010546999983489513,0.12972226738929749
2018-08-30,2018-08-31 10:30:00,0.0,0.10630813241004944
2018-08-30,2018-08-31 10:45:00,0.0,0.11470014601945877
2018-08-30,2018-08-31 11:00:00,0.0,0.08323075622320175
2018-08-30,2018-08-31 11:15:00,0.0,0.07000546157360077
2018-08-30,2018-08-31 11:30:00,0.0,0.0737796202301979
2018-08-30,2018-08-31 11:45:00,0.0,0.07135138660669327
2018-08-30,2018-08-31 12:00:00,0.0,0.049381040036678314
2018-08-30,2018-08-31 12:15:00,0.0,0.0039072963409125805
2018-08-30,2018-08-31 12:30:00,0.0,0.004809553734958172
2018-08-30,2018-08-31 12:45:00,0.0,0.0
2018-08-30,2018-08-31 13:00:00,0.0,0.006427429150789976
2018-08-30,2018-08-31 13:15:00,0.0,0.0
2018-08-30,2018-08-31 13:30:00,0.0,0.0
2018-08-30,2018-08-31 13:45:00,0.0,0.0
2018-08-30,2018-08-31 14:00:00,0.0,0.0
2018-08-30,2018-08-31 14:15:00,0.0,0.0
2018-08-30,2018-08-31 14:30:00,0.0,0.0
2018-08-30,2018-08-31 14:45:00,0.0,0.0
2018-08-30,2018-08-31 15:00:00,0.0,0.0
2018-08-30,2018-08-31 15:15:00,0.0,0.0
2018-08-30,2018-08-31 15:30:00,0.0,0.0
2018-08-30,2018-08-31 15:45:00,0.0,0.0
2018-08-30,2018-08-31 16:00:00,0.0,0.0
2018-08-30,2018-08-31 16:15:00,0.0,0.01182600762695074
2018-08-30,2018-08-31 16:30:00,0.0,0.0
2018-08-30,2018-08-31 16:45:00,0.0,0.034621015191078186
2018-08-30,2018-08-31 17:00:00,0.0,0.03711603581905365
2018-08-30,2018-08-31 17:15:00,0.0,0.013256254605948925
2018-08-30,2018-08-31 17:30:00,0.0,0.009833427146077156
2018-08-30,2018-08-31 17:45:00,0.0,0.03804789111018181
2018-08-30,2018-08-31 18:00:00,0.0,0.04779458045959473
2018-08-30,2018-08-31 18:15:00,0.0,0.034828945994377136
2018-08-30,2018-08-31 18:30:00,0.0,0.027078362181782722
2018-08-30,2018-08-31 18:45:00,0.0,0.04881136864423752
2018-08-30,2018-08-31 19:00:00,0.0,0.04802669584751129
2018-08-30,2018-08-31 19:15:00,0.0,0.05628495663404465
2018-08-30,2018-08-31 19:30:00,0.0,0.048681750893592834
2018-08-30,2018-08-31 19:45:00,0.0,0.07227490842342377
2018-08-30,2018-08-31 20:00:00,0.0,0.0547456368803978
2018-08-30,2018-08-31 20:15:00,0.0,0.08039620518684387
2018-08-30,2018-08-31 20:30:00,0.0,0.06640583276748657
2018-08-30,2018-08-31 20:45:00,0.0,0.02354036644101143
2018-08-30,2018-08-31 21:00:00,0.0,0.044228654354810715
2018-08-30,2018-08-31 21:15:00,0.0,0.0
2018-08-30,2018-08-31 21:30:00,0.0,0.0
2018-08-30,2018-08-31 21:45:00,0.0,0.0
2018-08-30,2018-08-31 22:00:00,0.0,0.0
2018-08-30,2018-08-31 22:15:00,0.0,0.0
2018-08-30,2018-08-31 22:30:00,0.0,0.032915957272052765
2018-08-30,2018-08-31 22:45:00,0.052733998745679855,0.12124667316675186
2018-08-30,2018-08-31 23:00:00,0.0703120008111,0.19059939682483673
2018-08-30,2018-08-31 23:15:00,0.25312501192092896,0.2886444330215454
2018-08-30,2018-08-31 23:30:00,0.4570310115814209,0.41747716069221497
2018-08-30,2018-08-31 23:45:00,0.7910159826278687,0.4906052350997925
2018-11-23,2018-11-24 00:00:00,0.2566410005092621,0.31837666034698486
2018-11-23,2018-11-24 00:15:00,0.42539098858833313,0.5431995391845703
2018-11-23,2018-11-24 00:30:00,0.6503909826278687,0.7010408639907837
2018-11-23,2018-11-24 00:45:00,0.794530987739563,0.9590979218482971
2018-11-23,2018-11-24 01:00:00,1.1039060354232788,1.2340855598449707
2018-11-23,2018-11-24 01:15:00,1.3253910541534424,1.471812129020691
2018-11-23,2018-11-24 01:30:00,1.490625023841858,1.7311627864837646
2018-11-23,2018-11-24 01:45:00,1.694530963897705,1.991397738456726
2018-11-23,2018-11-24 02:00:00,1.835155963897705,2.2733545303344727
2018-11-23,2018-11-24 02:15:00,2.144531011581421,2.45503306388855
2018-11-23,2018-11-24 02:30:00,2.3132810592651367,2.6934001445770264
2018-11-23,2018-11-24 02:45:00,2.513672113418579,2.8454670906066895
2018-11-23,2018-11-24 03:00:00,2.636718988418579,2.9601035118103027
2018-11-23,2018-11-24 03:15:00,2.805469036102295,3.1502206325531006
2018-11-23,2018-11-24 03:30:00,2.8863279819488525,3.2019009590148926
2018-11-23,2018-11-24 03:45:00,2.9039061069488525,3.1987738609313965
2018-11-23,2018-11-24 04:00:00,2.9390621185302734,3.3037919998168945
2018-11-23,2018-11-24 04:15:00,2.9496090412139893,3.2725560665130615
2018-11-23,2018-11-24 04:30:00,2.865233898162842,3.3206796646118164
2018-11-23,2018-11-24 04:45:00,2.707031011581421,3.2818539142608643
2018-11-23,2018-11-24 05:00:00,2.82656192779541,3.2136495113372803
2018-11-23,2018-11-24 05:15:00,2.68593692779541,3.079641342163086
2018-11-23,2018-11-24 05:30:00,2.3695309162139893,2.9277687072753906
2018-11-23,2018-11-24 05:45:00,2.242969036102295,2.683868885040283
2018-11-23,2018-11-24 06:00:00,2.1867189407348633,2.527052164077759
2018-11-23,2018-11-24 06:15:00,1.6664060354232788,2.325120687484741
2018-11-23,2018-11-24 06:30:00,1.6488280296325684,2.0845208168029785
2018-11-23,2018-11-24 06:45:00,1.5328119993209839,1.696269154548645
2018-11-23,2018-11-24 07:00:00,1.314844012260437,1.4347584247589111
2018-11-23,2018-11-24 07:15:00,1.2937500476837158,1.1437386274337769
2018-11-23,2018-11-24 07:30:00,0.39375001192092896,0.8166808485984802
2018-11-23,2018-11-24 07:45:00,0.40781301259994507,0.648711621761322
2018-11-23,2018-11-24 08:00:00,0.5625,0.41760769486427307
2018-11-23,2018-11-24 08:15:00,0.2355470061302185,0.24005986750125885
2018-11-23,2018-11-24 08:30:00,0.1054690033197403,0.12219059467315674
2018-11-23,2018-11-24 08:45:00,0.007031000219285488,0.09822648018598557
2018-11-23,2018-11-24 09:00:00,0.0,0.01516968384385109
2018-11-23,2018-11-24 09:15:00,0.0,0.00929981004446745
2018-11-23,2018-11-24 09:30:00,0.0,0.0
2018-11-23,2018-11-24 09:45:00,0.0,0.03846517577767372
2018-11-23,2018-11-24 10:00:00,0.0,0.03178377076983452
2018-11-23,2018-11-24 10:15:00,0.0,0.03300349414348602
2018-11-23,2018-11-24 10:30:00,0.0,0.05034845694899559
2018-11-23,2018-11-24 10:45:00,0.0,0.07739347219467163
2018-11-23,2018-11-24 11:00:00,0.0,0.10415076464414597
2018-11-23,2018-11-24 11:15:00,0.0,0.12127016484737396
2018-11-23,2018-11-24 11:30:00,0.0,0.10012127459049225
2018-11-23,2018-11-24 11:45:00,0.0,0.047674477100372314
2018-11-23,2018-11-24 12:00:00,0.0,0.05693214014172554
2018-11-23,2018-11-24 12:15:00,0.0,0.0285516157746315
2018-11-23,2018-11-24 12:30:00,0.0,0.031381577253341675
2018-11-23,2018-11-24 12:45:00,0.0,0.043302491307258606
2018-11-23,2018-11-24 13:00:00,0.0,0.004705347120761871
2018-11-23,2018-11-24 13:15:00,0.0,0.0
2018-11-23,2018-11-24 13:30:00,0.0,0.0
2018-11-23,2018-11-24 13:45:00,0.0,0.0
2018-11-23,2018-11-24 14:00:00,0.0,0.0
2018-11-23,2018-11-24 14:15:00,0.0,0.0
2018-11-23,2018-11-24 14:30:00,0.0,0.0
2018-11-23,2018-11-24 14:45:00,0.0,0.0
2018-11-23,2018-11-24 15:00:00,0.0,0.0012643306981772184
2018-11-23,2018-11-24 15:15:00,0.0,0.0
2018-11-23,2018-11-24 15:30:00,0.0,0.0
2018-11-23,2018-11-24 15:45:00,0.0,0.0
2018-11-23,2018-11-24 16:00:00,0.0,0.011709964834153652
2018-11-23,2018-11-24 16:15:00,0.0,0.0
2018-11-23,2018-11-24 16:30:00,0.0,0.0
2018-11-23,2018-11-24 16:45:00,0.0,0.0016923308139666915
2018-11-23,2018-11-24 17:00:00,0.0,0.0
2018-11-23,2018-11-24 17:15:00,0.0,0.03387114033102989
2018-11-23,2018-11-24 17:30:00,0.0,0.022726060822606087
2018-11-23,2018-11-24 17:45:00,0.0,0.05665116012096405
2018-11-23,2018-11-24 18:00:00,0.0,0.07146480679512024
2018-11-23,2018-11-24 18:15:00,0.0,0.0755012184381485
2018-11-23,2018-11-24 18:30:00,0.0,0.09398764371871948
2018-11-23,2018-11-24 18:45:00,0.0,0.10857423394918442
2018-11-23,2018-11-24 19:00:00,0.0,0.08314099907875061
2018-11-23,2018-11-24 19:15:00,0.0,0.08909222483634949
2018-11-23,2018-11-24 19:30:00,0.0,0.09868885576725006
2018-11-23,2018-11-24 19:45:00,0.0,0.05464092642068863
2018-11-23,2018-11-24 20:00:00,0.0,0.03896201774477959
2018-11-23,2018-11-24 20:15:00,0.0,0.050159942358732224
2018-11-23,2018-11-24 20:30:00,0.0,0.02249782346189022
2018-11-23,2018-11-24 20:45:00,0.0,0.01755831204354763
2018-11-23,2018-11-24 21:00:00,0.0,0.03504537418484688
2018-11-23,2018-11-24 21:15:00,0.0,0.07086227834224701
2018-11-23,2018-11-24 21:30:00,0.0,0.0304587259888649
2018-11-23,2018-11-24 21:45:00,0.0,0.07177882641553879
2018-11-23,2018-11-24 22:00:00,0.0,0.07555323094129562
2018-11-23,2018-11-24 22:15:00,0.0,0.0
2018-11-23,2018-11-24 22:30:00,0.0,0.009921754710376263
2018-11-23,2018-11-24 22:45:00,0.0,0.003859901800751686
2018-11-23,2018-11-24 23:00:00,0.0,0.006032333709299564
2018-11-23,2018-11-24 23:15:00,0.0,0.030190251767635345
2018-11-23,2018-11-24 23:30:00,0.04570300132036209,0.0852421224117279
2018-11-23,2018-11-24 23:45:00,0.140625,0.16599741578102112
2018-11-24,2018-11-25 00:00:00,0.27421900629997253,0.48573967814445496
2018-11-24,2018-11-25 00:15:00,0.4816409945487976,0.6631655097007751
2018-11-24,2018-11-25 00:30:00,0.7066410183906555,0.8285790681838989
2018-11-24,2018-11-25 00:45:00,0.9210940003395081,1.0462422370910645
2018-11-24,2018-11-25 01:00:00,1.1039060354232788,1.2999895811080933
2018-11-24,2018-11-25 01:15:00,1.2550779581069946,1.5099475383758545
2018-11-24,2018-11-25 01:30:00,1.4835939407348633,1.7306925058364868
2018-11-24,2018-11-25 01:45:00,1.6875,1.885759711265564
2018-11-24,2018-11-25 02:00:00,1.877344012260437,2.113032579421997
2018-11-24,2018-11-25 02:15:00,2.1128900051116943,2.2278389930725098
2018-11-24,2018-11-25 02:30:00,2.3167970180511475,2.389772653579712
2018-11-24,2018-11-25 02:45:00,2.4996089935302734,2.493720531463623
2018-11-24,2018-11-25 03:00:00,2.5875000953674316,2.5787100791931152
2018-11-24,2018-11-25 03:15:00,2.636718988418579,2.7512333393096924
2018-11-24,2018-11-25 03:30:00,2.7527339458465576,2.7723922729492188
2018-11-24,2018-11-25 03:45:00,2.7703120708465576,2.7491114139556885
2018-11-24,2018-11-25 04:00:00,2.7914059162139893,2.8404929637908936
2018-11-24,2018-11-25 04:15:00,2.7562499046325684,2.788606882095337
2018-11-24,2018-11-25 04:30:00,2.7562499046325684,2.815709114074707
2018-11-24,2018-11-25 04:45:00,2.654297113418579,2.790299892425537
2018-11-24,2018-11-25 05:00:00,2.559375047683716,2.737157106399536
2018-11-24,2018-11-25 05:15:00,2.401171922683716,2.615919351577759
2018-11-24,2018-11-25 05:30:00,2.2289059162139893,2.495711088180542
2018-11-24,2018-11-25 05:45:00,2.116405963897705,2.2712581157684326
2018-11-24,2018-11-25 06:00:00,2.003906011581421,2.164604663848877
2018-11-24,2018-11-25 06:15:00,1.7683589458465576,1.9817057847976685
2018-11-24,2018-11-25 06:30:00,1.6066410541534424,1.805087924003601
2018-11-24,2018-11-25 06:45:00,1.4097659587860107,1.4752259254455566
2018-11-24,2018-11-25 07:00:00,1.1847660541534424,1.2832671403884888
2018-11-24,2018-11-25 07:15:00,1.0054689645767212,1.0354948043823242
2018-11-24,2018-11-25 07:30:00,0.7875000238418579,0.7803174257278442
2018-11-24,2018-11-25 07:45:00,0.5976560115814209,0.6562429666519165
2018-11-24,2018-11-25 08:00:00,0.41835901141166687,0.4763718843460083
2018-11-24,2018-11-25 08:15:00,0.2566410005092621,0.31512099504470825
2018-11-24,2018-11-25 08:30:00,0.13710899651050568,0.20730704069137573
2018-11-24,2018-11-25 08:45:00,0.02812499925494194,0.160095676779747
2018-11-24,2018-11-25 09:00:00,0.0,0.0801929458975792
2018-11-24,2018-11-25 09:15:00,0.0,0.052642058581113815
2018-11-24,2018-11-25 09:30:00,0.0,0.03179033845663071
2018-11-24,2018-11-25 09:45:00,0.0,0.0306231789290905
2018-11-24,2018-11-25 10:00:00,0.0,0.049565836787223816
2018-11-24,2018-11-25 10:15:00,0.0,0.037107471376657486
2018-11-24,2018-11-25 10:30:00,0.0,0.05670073628425598
2018-11-24,2018-11-25 10:45:00,0.0,0.08958480507135391
2018-11-24,2018-11-25 11:00:00,0.0,0.09787365794181824
2018-11-24,2018-11-25 11:15:00,0.0,0.09961241483688354
2018-11-24,2018-11-25 11:30:00,0.0,0.09735649824142456
2018-11-24,2018-11-25 11:45:00,0.0,0.060709089040756226
2018-11-24,2018-11-25 12:00:00,0.0,0.055648840963840485
2018-11-24,2018-11-25 12:15:00,0.0,0.03407404571771622
2018-11-24,2018-11-25 12:30:00,0.0,0.05119115486741066
2018-11-24,2018-11-25 12:45:00,0.0,0.05555417388677597
2018-11-24,2018-11-25 13:00:00,0.0,0.050770994275808334
2018-11-24,2018-11-25 13:15:00,0.0,0.03332899138331413
2018-11-24,2018-11-25 13:30:00,0.0,0.0
2018-11-24,2018-11-25 13:45:00,0.0,0.0
2018-11-24,2018-11-25 14:00:00,0.0,0.010706816799938679
2018-11-24,2018-11-25 14:15:00,0.0,0.0
2018-11-24,2018-11-25 14:30:00,0.0,0.0
2018-11-24,2018-11-25 14:45:00,0.0,0.0
2018-11-24,2018-11-25 15:00:00,0.0,0.027117783203721046
2018-11-24,2018-11-25 15:15:00,0.0,0.031472593545913696
2018-11-24,2018-11-25 15:30:00,0.0,0.006444516591727734
2018-11-24,2018-11-25 15:45:00,0.0,0.004892969969660044
2018-11-24,2018-11-25 16:00:00,0.0,0.027831343933939934
2018-11-24,2018-11-25 16:15:00,0.0,0.014877602458000183
2018-11-24,2018-11-25 16:30:00,0.0,0.0
2018-11-24,2018-11-25 16:45:00,0.0,0.02010452374815941
2018-11-24,2018-11-25 17:00:00,0.0,0.005357182119041681
2018-11-24,2018-11-25 17:15:00,0.0,0.03109426237642765
2018-11-24,2018-11-25 17:30:00,0.0,0.026775436475872993
2018-11-24,2018-11-25 17:45:00,0.0,0.03723221272230148
2018-11-24,2018-11-25 18:00:00,0.0,0.04793788492679596
2018-11-24,2018-11-25 18:15:00,0.0,0.07145360857248306
2018-11-24,2018-11-25 18:30:00,0.0,0.0668073520064354
2018-11-24,2018-11-25 18:45:00,0.0,0.07267367839813232
2018-11-24,2018-11-25 19:00:00,0.0,0.05074373260140419
2018-11-24,2018-11-25 19:15:00,0.0,0.05256885290145874
2018-11-24,2018-11-25 19:30:00,0.0,0.03667384013533592
2018-11-24,2018-11-25 19:45:00,0.0,0.016464095562696457
2018-11-24,2018-11-25 20:00:00,0.0,0.0
2018-11-24,2018-11-25 20:15:00,0.0,0.04380454123020172
2018-11-24,2018-11-25 20:30:00,0.0,0.03634587675333023
2018-11-24,2018-11-25 20:45:00,0.0,0.026927702128887177
2018-11-24,2018-11-25 21:00:00,0.0,0.03505706042051315
2018-11-24,2018-11-25 21:15:00,0.0,0.07271353155374527
2018-11-24,2018-11-25 21:30:00,0.0,0.03233594447374344
2018-11-24,2018-11-25 21:45:00,0.0,0.05392000824213028
2018-11-24,2018-11-25 22:00:00,0.0,0.05463448539376259
2018-11-24,2018-11-25 22:15:00,0.0,0.0
2018-11-24,2018-11-25 22:30:00,0.0,0.0
2018-11-24,2018-11-25 22:45:00,0.0,0.0
2018-11-24,2018-11-25 23:00:00,0.0,0.0
2018-11-24,2018-11-25 23:15:00,0.0,0.0
2018-11-24,2018-11-25 23:30:00,0.0,0.04321436956524849
2018-11-24,2018-11-25 23:45:00,0.09843800216913223,0.12981337308883667
2018-11-25,2018-11-26 00:00:00,0.22499999403953552,0.2766442596912384
2018-11-25,2018-11-26 00:15:00,0.3550780117511749,0.41088923811912537
2018-11-25,2018-11-26 00:30:00,0.5378909707069397,0.5340654253959656
2018-11-25,2018-11-26 00:45:00,0.7347660064697266,0.6631330847740173
2018-11-25,2018-11-26 01:00:00,1.1777340173721313,0.8338780403137207
2018-11-25,2018-11-26 01:15:00,1.209375023841858,0.9954354763031006
2018-11-25,2018-11-26 01:30:00,1.167186975479126,1.0983622074127197
2018-11-25,2018-11-26 01:45:00,1.3605469465255737,1.244383454322815
2018-11-25,2018-11-26 02:00:00,1.4835939407348633,1.4351550340652466
2018-11-25,2018-11-26 02:15:00,1.2339839935302734,1.5429563522338867
2018-11-25,2018-11-26 02:30:00,1.9863280057907104,1.7201496362686157
2018-11-25,2018-11-26 02:45:00,1.9441410303115845,1.813157081604004
2018-11-25,2018-11-26 03:00:00,2.010936975479126,1.9358583688735962
2018-11-25,2018-11-26 03:15:00,2.119921922683716,2.1313464641571045
2018-11-25,2018-11-26 03:30:00,2.1304690837860107,2.1862199306488037
2018-11-25,2018-11-26 03:45:00,2.320312023162842,2.250079393386841
2018-11-25,2018-11-26 04:00:00,2.278125047683716,2.3265790939331055
2018-11-25,2018-11-26 04:15:00,2.366015911102295,2.3755319118499756
2018-11-25,2018-11-26 04:30:00,2.144531011581421,2.3719470500946045
2018-11-25,2018-11-26 04:45:00,2.583983898162842,2.358859062194824
2018-11-25,2018-11-26 05:00:00,2.4679689407348633,2.2620162963867188
2018-11-25,2018-11-26 05:15:00,2.3343749046325684,2.147496461868286
2018-11-25,2018-11-26 05:30:00,1.9828120470046997,1.9818990230560303
2018-11-25,2018-11-26 05:45:00,1.9722659587860107,1.7418657541275024
2018-11-25,2018-11-26 06:00:00,1.722656011581421,1.59508216381073
2018-11-25,2018-11-26 06:15:00,1.6664060354232788,1.3838059902191162
2018-11-25,2018-11-26 06:30:00,0.7734379768371582,1.1985397338867188
2018-11-25,2018-11-26 06:45:00,0.9703119993209839,0.9304463863372803
2018-11-25,2018-11-26 07:00:00,0.6187499761581421,0.7224245071411133
2018-11-25,2018-11-26 07:15:00,0.6644530296325684,0.5741674304008484
2018-11-25,2018-11-26 07:30:00,0.47460898756980896,0.38080549240112305
2018-11-25,2018-11-26 07:45:00,0.33398398756980896,0.32545825839042664
2018-11-25,2018-11-26 08:00:00,0.27773401141166687,0.2071491926908493
2018-11-25,2018-11-26 08:15:00,0.14765599370002747,0.09495431929826736
2018-11-25,2018-11-26 08:30:00,0.06328099966049194,0.062114909291267395
2018-11-25,2018-11-26 08:45:00,0.0,0.0760544165968895
2018-11-25,2018-11-26 09:00:00,0.0,0.00464360136538744
2018-11-25,2018-11-26 09:15:00,0.0,0.0
2018-11-25,2018-11-26 09:30:00,0.0,0.0
2018-11-25,2018-11-26 09:45:00,0.0,0.045883309096097946
2018-11-25,2018-11-26 10:00:00,0.0,0.04113771766424179
2018-11-25,2018-11-26 10:15:00,0.0,0.018109675496816635
2018-11-25,2018-11-26 10:30:00,0.0,0.02158043533563614
2018-11-25,2018-11-26 10:45:00,0.0,0.0508563332259655
2018-11-25,2018-11-26 11:00:00,0.0,0.06459807604551315
2018-11-25,2018-11-26 11:15:00,0.0,0.07657518982887268
2018-11-25,2018-11-26 11:30:00,0.0,0.06884950399398804
2018-11-25,2018-11-26 11:45:00,0.0,0.044302914291620255
2018-11-25,2018-11-26 12:00:00,0.0,0.010131503455340862
2018-11-25,2018-11-26 12:15:00,0.0,0.011544841341674328
2018-11-25,2018-11-26 12:30:00,0.0,0.02005024440586567
2018-11-25,2018-11-26 12:45:00,0.0,0.004813879728317261
2018-11-25,2018-11-26 13:00:00,0.0,0.01500401459634304
2018-11-25,2018-11-26 13:15:00,0.0,0.0
2018-11-25,2018-11-26 13:30:00,0.0,0.025055423378944397
2018-11-25,2018-11-26 13:45:00,0.0,0.007899628952145576
2018-11-25,2018-11-26 14:00:00,0.0,0.050865232944488525
2018-11-25,2018-11-26 14:15:00,0.0,0.014722621068358421
2018-11-25,2018-11-26 14:30:00,0.0,0.03055373951792717
2018-11-25,2018-11-26 14:45:00,0.0,0.0396890826523304
2018-11-25,2018-11-26 15:00:00,0.0,0.05414009839296341
2018-11-25,2018-11-26 15:15:00,0.0,0.06565199047327042
2018-11-25,2018-11-26 15:30:00,0.0,0.02476026490330696
2018-11-25,2018-11-26 15:45:00,0.0,0.047869596630334854
2018-11-25,2018-11-26 16:00:00,0.0,0.05858840420842171
2018-11-25,2018-11-26 16:15:00,0.0,0.01399075984954834
2018-11-25,2018-11-26 16:30:00,0.0,0.0
2018-11-25,2018-11-26 16:45:00,0.0,0.0
2018-11-25,2018-11-26 17:00:00,0.0,0.0
2018-11-25,2018-11-26 17:15:00,0.0,0.0
2018-11-25,2018-11-26 17:30:00,0.0,0.0
2018-11-25,2018-11-26 17:45:00,0.0,0.0
2018-11-25,2018-11-26 18:00:00,0.0,0.0
2018-11-25,2018-11-26 18:15:00,0.0,0.0
2018-11-25,2018-11-26 18:30:00,0.0,0.05203528329730034
2018-11-25,2018-11-26 18:45:00,0.0,0.02803727798163891
2018-11-25,2018-11-26 19:00:00,0.0,0.055303458124399185
2018-11-25,2018-11-26 19:15:00,0.0,0.059974148869514465
2018-11-25,2018-11-26 19:30:00,0.0,0.05194103717803955
2018-11-25,2018-11-26 19:45:00,0.0,0.033766597509384155
2018-11-25,2018-11-26 20:00:00,0.0,0.017155753448605537
2018-11-25,2018-11-26 20:15:00,0.0,0.03322328254580498
2018-11-25,2018-11-26 20:30:00,0.0,0.0
2018-11-25,2018-11-26 20:45:00,0.0,0.009439961984753609
2018-11-25,2018-11-26 21:00:00,0.0,0.0019074418814852834
2018-11-25,2018-11-26 21:15:00,0.0,0.03690291941165924
2018-11-25,2018-11-26 21:30:00,0.0,0.029975526034832
2018-11-25,2018-11-26 21:45:00,0.0,0.03526565060019493
2018-11-25,2018-11-26 22:00:00,0.0,0.05109036713838577
2018-11-25,2018-11-26 22:15:00,0.0,0.0
2018-11-25,2018-11-26 22:30:00,0.0,0.0
2018-11-25,2018-11-26 22:45:00,0.0,0.0
2018-11-25,2018-11-26 23:00:00,0.0,0.0
2018-11-25,2018-11-26 23:15:00,0.0,0.0
2018-11-25,2018-11-26 23:30:00,0.0,0.0
2018-11-25,2018-11-26 23:45:00,0.003515999997034669,0.052192434668540955
2018-11-26,2018-11-27 00:00:00,0.22499999403953552,0.1868709772825241
2018-11-26,2018-11-27 00:15:00,0.38320299983024597,0.34601840376853943
2018-11-26,2018-11-27 00:30:00,0.5027340054512024,0.4803338944911957
2018-11-26,2018-11-27 00:45:00,0.7664059996604919,0.617007315158844
2018-11-26,2018-11-27 01:00:00,0.9035159945487976,0.8122401833534241
2018-11-26,2018-11-27 01:15:00,1.321874976158142,0.9754271507263184
2018-11-26,2018-11-27 01:30:00,1.040624976158142,1.1302706003189087
2018-11-26,2018-11-27 01:45:00,1.4695310592651367,1.2901216745376587
2018-11-26,2018-11-27 02:00:00,1.4941409826278687,1.4899723529815674
2018-11-26,2018-11-27 02:15:00,1.778905987739563,1.6103851795196533
2018-11-26,2018-11-27 02:30:00,1.835155963897705,1.8087798357009888
2018-11-26,2018-11-27 02:45:00,2.0882809162139893,1.9477565288543701
2018-11-26,2018-11-27 03:00:00,2.0460939407348633,2.0682320594787598
2018-11-26,2018-11-27 03:15:00,2.1656250953674316,2.281184434890747
2018-11-26,2018-11-27 03:30:00,2.239453077316284,2.3855865001678467
2018-11-26,2018-11-27 03:45:00,2.3343749046325684,2.4435129165649414
2018-11-26,2018-11-27 04:00:00,2.4117190837860107,2.6336803436279297
2018-11-26,2018-11-27 04:15:00,2.5277340412139893,2.6503162384033203
2018-11-26,2018-11-27 04:30:00,2.5171871185302734,2.706495523452759
2018-11-26,2018-11-27 04:45:00,2.6085939407348633,2.71636700630188
2018-11-26,2018-11-27 05:00:00,2.5980470180511475,2.657323122024536
2018-11-26,2018-11-27 05:15:00,2.520703077316284,2.51023006439209
2018-11-26,2018-11-27 05:30:00,2.137500047683716,2.3237078189849854
2018-11-26,2018-11-27 05:45:00,1.835155963897705,2.059169054031372
2018-11-26,2018-11-27 06:00:00,1.6417969465255737,1.8533473014831543
2018-11-26,2018-11-27 06:15:00,1.4730470180511475,1.6275765895843506
2018-11-26,2018-11-27 06:30:00,1.3113280534744263,1.399474859237671
2018-11-26,2018-11-27 06:45:00,1.1636719703674316,1.057315707206726
2018-11-26,2018-11-27 07:00:00,0.935155987739563,0.8544633388519287
2018-11-26,2018-11-27 07:15:00,0.8789060115814209,0.6705607175827026
2018-11-26,2018-11-27 07:30:00,0.6152340173721313,0.4667033851146698
2018-11-26,2018-11-27 07:45:00,0.471094012260437,0.38982537388801575
2018-11-26,2018-11-27 08:00:00,0.3621090054512024,0.2794885039329529
2018-11-26,2018-11-27 08:15:00,0.3375000059604645,0.15421399474143982
2018-11-26,2018-11-27 08:30:00,0.13359400629997253,0.12327275425195694
2018-11-26,2018-11-27 08:45:00,0.049219001084566116,0.14883017539978027
2018-11-26,2018-11-27 09:00:00,0.0,0.09829100221395493
2018-11-26,2018-11-27 09:15:00,0.0,0.09313637018203735
2018-11-26,2018-11-27 09:30:00,0.0,0.0999734103679657
2018-11-26,2018-11-27 09:45:00,0.0,0.08774576336145401
2018-11-26,2018-11-27 10:00:00,0.0,0.09743072092533112
2018-11-26,2018-11-27 10:15:00,0.0,0.08054981380701065
2018-11-26,2018-11-27 10:30:00,0.0,0.07669065147638321
2018-11-26,2018-11-27 10:45:00,0.0,0.06532996892929077
2018-11-26,2018-11-27 11:00:00,0.0,0.051597241312265396
2018-11-26,2018-11-27 11:15:00,0.0,0.09097441285848618
2018-11-26,2018-11-27 11:30:00,0.0,0.046176422387361526
2018-11-26,2018-11-27 11:45:00,0.0,0.032838914543390274
2018-11-26,2018-11-27 12:00:00,0.0,0.012498952448368073
2018-11-26,2018-11-27 12:15:00,0.0,0.002708332147449255
2018-11-26,2018-11-27 12:30:00,0.0,0.023157257586717606
2018-11-26,2018-11-27 12:45:00,0.0,0.02235698699951172
2018-11-26,2018-11-27 13:00:00,0.0,0.03964901715517044
2018-11-26,2018-11-27 13:15:00,0.0,0.024411847814917564
2018-11-26,2018-11-27 13:30:00,0.0,0.029171204194426537
2018-11-26,2018-11-27 13:45:00,0.0,0.023428943008184433
2018-11-26,2018-11-27 14:00:00,0.0,0.03856324777007103
2018-11-26,2018-11-27 14:15:00,0.0,0.02085391990840435
2018-11-26,2018-11-27 14:30:00,0.0,0.0
2018-11-26,2018-11-27 14:45:00,0.0,0.0
2018-11-26,2018-11-27 15:00:00,0.0,0.012254501692950726
2018-11-26,2018-11-27 15:15:00,0.0,0.0
2018-11-26,2018-11-27 15:30:00,0.0,0.0
2018-11-26,2018-11-27 15:45:00,0.0,0.0
2018-11-26,2018-11-27 16:00:00,0.0,0.0
2018-11-26,2018-11-27 16:15:00,0.0,0.0
2018-11-26,2018-11-27 16:30:00,0.0,0.0
2018-11-26,2018-11-27 16:45:00,0.0,0.0
2018-11-26,2018-11-27 17:00:00,0.0,0.0
2018-11-26,2018-11-27 17:15:00,0.0,0.0
2018-11-26,2018-11-27 17:30:00,0.0,0.0
2018-11-26,2018-11-27 17:45:00,0.0,0.0
2018-11-26,2018-11-27 18:00:00,0.0,0.052181631326675415
2018-11-26,2018-11-27 18:15:00,0.0,0.053395308554172516
2018-11-26,2018-11-27 18:30:00,0.0,0.08874884992837906
2018-11-26,2018-11-27 18:45:00,0.0,0.07928396761417389
2018-11-26,2018-11-27 19:00:00,0.0,0.05832634121179581
2018-11-26,2018-11-27 19:15:00,0.0,0.08310039341449738
2018-11-26,2018-11-27 19:30:00,0.0,0.07761122286319733
2018-11-26,2018-11-27 19:45:00,0.0,0.042622458189725876
2018-11-26,2018-11-27 20:00:00,0.0,0.036805618554353714
2018-11-26,2018-11-27 20:15:00,0.0,0.062441371381282806
2018-11-26,2018-11-27 20:30:00,0.0,0.034469254314899445
2018-11-26,2018-11-27 20:45:00,0.0,0.03957624360918999
2018-11-26,2018-11-27 21:00:00,0.0,0.05516570061445236
2018-11-26,2018-11-27 21:15:00,0.0,0.06561004370450974
2018-11-26,2018-11-27 21:30:00,0.0,0.060447171330451965
2018-11-26,2018-11-27 21:45:00,0.0,0.06398233026266098
2018-11-26,2018-11-27 22:00:00,0.0,0.09050710499286652
2018-11-26,2018-11-27 22:15:00,0.0,0.01688433811068535
2018-11-26,2018-11-27 22:30:00,0.0,0.030578408390283585
2018-11-26,2018-11-27 22:45:00,0.0,0.014701707288622856
2018-11-26,2018-11-27 23:00:00,0.0,0.028412500396370888
2018-11-26,2018-11-27 23:15:00,0.0,0.05679672211408615
2018-11-26,2018-11-27 23:30:00,0.014062000438570976,0.04336152225732803
2018-11-26,2018-11-27 23:45:00,0.10898400098085403,0.13632850348949432
2018-11-27,2018-11-28 00:00:00,0.21445299685001373,0.21337471902370453
2018-11-27,2018-11-28 00:15:00,0.3621090054512024,0.37655535340309143
2018-11-27,2018-11-28 00:30:00,0.5273439884185791,0.5088220238685608
2018-11-27,2018-11-28 00:45:00,0.6996089816093445,0.689429759979248
2018-11-27,2018-11-28 01:00:00,0.8542969822883606,0.9012737274169922
2018-11-27,2018-11-28 01:15:00,1.040624976158142,1.0795620679855347
2018-11-27,2018-11-28 01:30:00,1.2796880006790161,1.2715882062911987
2018-11-27,2018-11-28 01:45:00,1.4730470180511475,1.4094765186309814
2018-11-27,2018-11-28 02:00:00,1.652343988418579,1.626975178718567
2018-11-27,2018-11-28 02:15:00,1.821094036102295,1.7407381534576416
2018-11-27,2018-11-28 02:30:00,1.9792970418930054,1.8999940156936646
2018-11-27,2018-11-28 02:45:00,2.119921922683716,2.024313449859619
2018-11-27,2018-11-28 03:00:00,2.1761720180511475,2.0663862228393555
2018-11-27,2018-11-28 03:15:00,2.3238279819488525,2.2416157722473145
2018-11-27,2018-11-28 03:30:00,2.383594036102295,2.2934813499450684
2018-11-27,2018-11-28 03:45:00,2.415234088897705,2.2841715812683105
2018-11-27,2018-11-28 04:00:00,2.418750047683716,2.419053554534912
2018-11-27,2018-11-28 04:15:00,2.4820311069488525,2.4040448665618896
2018-11-27,2018-11-28 04:30:00,2.4644529819488525,2.4397857189178467
2018-11-27,2018-11-28 04:45:00,2.380078077316284,2.404445171356201
2018-11-27,2018-11-28 05:00:00,2.3449220657348633,2.374000072479248
2018-11-27,2018-11-28 05:15:00,2.1937499046325684,2.276242256164551
2018-11-27,2018-11-28 05:30:00,2.074218988418579,2.14701247215271
2018-11-27,2018-11-28 05:45:00,1.9546869993209839,1.9553556442260742
2018-11-27,2018-11-28 06:00:00,1.7648439407348633,1.8357070684432983
2018-11-27,2018-11-28 06:15:00,1.6066410541534424,1.717297911643982
2018-11-27,2018-11-28 06:30:00,1.5292969942092896,1.568112850189209
2018-11-27,2018-11-28 06:45:00,1.371093988418579,1.2749496698379517
2018-11-27,2018-11-28 07:00:00,1.160156011581421,1.1142866611480713
2018-11-27,2018-11-28 07:15:00,0.9878910183906555,0.9268167018890381
2018-11-27,2018-11-28 07:30:00,0.7839840054512024,0.7381172776222229
2018-11-27,2018-11-28 07:45:00,0.5765630006790161,0.6408858895301819
2018-11-27,2018-11-28 08:00:00,0.42539098858833313,0.47877049446105957
2018-11-27,2018-11-28 08:15:00,0.2601560056209564,0.3296768367290497
2018-11-27,2018-11-28 08:30:00,0.13710899651050568,0.24385957419872284
2018-11-27,2018-11-28 08:45:00,0.03867200016975403,0.1963062286376953
2018-11-27,2018-11-28 09:00:00,0.0,0.10738068073987961
2018-11-27,2018-11-28 09:15:00,0.0,0.08111175149679184
2018-11-27,2018-11-28 09:30:00,0.0,0.043487466871738434
2018-11-27,2018-11-28 09:45:00,0.0,0.04528200626373291
2018-11-27,2018-11-28 10:00:00,0.0,0.037579406052827835
2018-11-27,2018-11-28 10:15:00,0.0,0.024452567100524902
2018-11-27,2018-11-28 10:30:00,0.0,0.04362008348107338
2018-11-27,2018-11-28 10:45:00,0.0,0.04674047976732254
2018-11-27,2018-11-28 11:00:00,0.0,0.037823405116796494
2018-11-27,2018-11-28 11:15:00,0.0,0.09247402101755142
2018-11-27,2018-11-28 11:30:00,0.0,0.07004163414239883
2018-11-27,2018-11-28 11:45:00,0.0,0.0458151251077652
2018-11-27,2018-11-28 12:00:00,0.0,0.046942953020334244
2018-11-27,2018-11-28 12:15:00,0.0,0.0064509566873312
2018-11-27,2018-11-28 12:30:00,0.0,0.004089528229087591
2018-11-27,2018-11-28 12:45:00,0.0,0.0
2018-11-27,2018-11-28 13:00:00,0.0,0.012548970058560371
2018-11-27,2018-11-28 13:15:00,0.0,0.012098070234060287
2018-11-27,2018-11-28 13:30:00,0.0,0.0
2018-11-27,2018-11-28 13:45:00,0.0,0.021946433931589127
2018-11-27,2018-11-28 14:00:00,0.0,0.02855856716632843
2018-11-27,2018-11-28 14:15:00,0.0,0.03676389157772064
2018-11-27,2018-11-28 14:30:00,0.0,0.0019674794748425484
2018-11-27,2018-11-28 14:45:00,0.0,0.01754540577530861
2018-11-27,2018-11-28 15:00:00,0.0,0.05360836163163185
2018-11-27,2018-11-28 15:15:00,0.0,0.06446374207735062
2018-11-27,2018-11-28 15:30:00,0.0,0.023869266733527184
2018-11-27,2018-11-28 15:45:00,0.0,0.05668662115931511
2018-11-27,2018-11-28 16:00:00,0.0,0.03587038815021515
2018-11-27,2018-11-28 16:15:00,0.0,0.015978587791323662
2018-11-27,2018-11-28 16:30:00,0.0,0.0
2018-11-27,2018-11-28 16:45:00,0.0,0.0
2018-11-27,2018-11-28 17:00:00,0.0,0.0
2018-11-27,2018-11-28 17:15:00,0.0,0.0
2018-11-27,2018-11-28 17:30:00,0.0,0.0
2018-11-27,2018-11-28 17:45:00,0.0,0.0
2018-11-27,2018-11-28 18:00:00,0.0,0.03898996114730835
2018-11-27,2018-11-28 18:15:00,0.0,0.05098762735724449
2018-11-27,2018-11-28 18:30:00,0.0,0.07920948415994644
2018-11-27,2018-11-28 18:45:00,0.0,0.08047604560852051
2018-11-27,2018-11-28 19:00:00,0.0,0.07462747395038605
2018-11-27,2018-11-28 19:15:00,0.0,0.07511018961668015
2018-11-27,2018-11-28 19:30:00,0.0,0.04674045369029045
2018-11-27,2018-11-28 19:45:00,0.0,0.024739999324083328
2018-11-27,2018-11-28 20:00:00,0.0,0.024117622524499893
2018-11-27,2018-11-28 20:15:00,0.0,0.043515853583812714
2018-11-27,2018-11-28 20:30:00,0.0,0.011252151802182198
2018-11-27,2018-11-28 20:45:00,0.0,0.0
2018-11-27,2018-11-28 21:00:00,0.0,0.027286477386951447
2018-11-27,2018-11-28 21:15:00,0.0,0.036374639719724655
2018-11-27,2018-11-28 21:30:00,0.0,0.020030809566378593
2018-11-27,2018-11-28 21:45:00,0.0,0.03186899051070213
2018-11-27,2018-11-28 22:00:00,0.0,0.03684692829847336
2018-11-27,2018-11-28 22:15:00,0.0,0.0
2018-11-27,2018-11-28 22:30:00,0.0,0.0
2018-11-27,2018-11-28 22:45:00,0.0,0.0
2018-11-27,2018-11-28 23:00:00,0.0,0.0
2018-11-27,2018-11-28 23:15:00,0.0,0.0
2018-11-27,2018-11-28 23:30:00,0.021093999966979027,0.0
2018-11-27,2018-11-28 23:45:00,0.031640999019145966,0.0423564538359642
2018-11-28,2018-11-29 00:00:00,0.23906299471855164,0.1858387142419815
2018-11-28,2018-11-29 00:15:00,0.3972660005092621,0.3218518793582916
2018-11-28,2018-11-29 00:30:00,0.583594024181366,0.45224249362945557
2018-11-28,2018-11-29 00:45:00,0.7699220180511475,0.6376273036003113
2018-11-28,2018-11-29 01:00:00,0.9246090054512024,0.8423246741294861
2018-11-28,2018-11-29 01:15:00,1.1285159587860107,1.023313045501709
2018-11-28,2018-11-29 01:30:00,1.3324220180511475,1.208214282989502
2018-11-28,2018-11-29 01:45:00,1.5152339935302734,1.3697246313095093
2018-11-28,2018-11-29 02:00:00,1.6839840412139893,1.6048924922943115
2018-11-28,2018-11-29 02:15:00,1.8175779581069946,1.729787826538086
2018-11-28,2018-11-29 02:30:00,1.9863280057907104,1.906296968460083
2018-11-28,2018-11-29 02:45:00,2.067188024520874,2.029649257659912
2018-11-28,2018-11-29 03:00:00,2.2183589935302734,2.0943641662597656
2018-11-28,2018-11-29 03:15:00,2.348438024520874,2.259567975997925
2018-11-28,2018-11-29 03:30:00,2.3941400051116943,2.3268818855285645
2018-11-28,2018-11-29 03:45:00,2.348438024520874,2.3084001541137695
2018-11-28,2018-11-29 04:00:00,2.460937976837158,2.4216806888580322
2018-11-28,2018-11-29 04:15:00,2.4363279342651367,2.409794330596924
2018-11-28,2018-11-29 04:30:00,2.3695309162139893,2.4349331855773926
2018-11-28,2018-11-29 04:45:00,2.3238279819488525,2.4193665981292725
2018-11-28,2018-11-29 05:00:00,2.25,2.363804817199707
2018-11-28,2018-11-29 05:15:00,2.144531011581421,2.245682716369629
2018-11-28,2018-11-29 05:30:00,2.091797113418579,2.115570545196533
2018-11-28,2018-11-29 05:45:00,1.9582029581069946,1.9026908874511719
2018-11-28,2018-11-29 06:00:00,1.8246090412139893,1.8061515092849731
2018-11-28,2018-11-29 06:15:00,1.6277339458465576,1.6556487083435059
2018-11-28,2018-11-29 06:30:00,1.40625,1.4945327043533325
2018-11-28,2018-11-29 06:45:00,1.3429689407348633,1.1942511796951294
2018-11-28,2018-11-29 07:00:00,1.068750023841858,1.0234103202819824
2018-11-28,2018-11-29 07:15:00,0.8964840173721313,0.8212379813194275
2018-11-28,2018-11-29 07:30:00,0.6996089816093445,0.6424095034599304
2018-11-28,2018-11-29 07:45:00,0.5097659826278687,0.5467482805252075
2018-11-28,2018-11-29 08:00:00,0.35859400033950806,0.4091161787509918
2018-11-28,2018-11-29 08:15:00,0.21796900033950806,0.2609086036682129
2018-11-28,2018-11-29 08:30:00,0.10898400098085403,0.19134876132011414
2018-11-28,2018-11-29 08:45:00,0.0,0.16786585748195648
2018-11-28,2018-11-29 09:00:00,0.0,0.06806668639183044
2018-11-28,2018-11-29 09:15:00,0.0,0.046790048480033875
2018-11-28,2018-11-29 09:30:00,0.0,0.028238877654075623
2018-11-28,2018-11-29 09:45:00,0.0,0.03290924057364464
2018-11-28,2018-11-29 10:00:00,0.0,0.02130911499261856
2018-11-28,2018-11-29 10:15:00,0.0,0.02671383135020733
2018-11-28,2018-11-29 10:30:00,0.0,0.02180885523557663
2018-11-28,2018-11-29 10:45:00,0.0,0.05687648430466652
2018-11-28,2018-11-29 11:00:00,0.0,0.03970983996987343
2018-11-28,2018-11-29 11:15:00,0.0,0.09609337151050568
2018-11-28,2018-11-29 11:30:00,0.0,0.053473830223083496
2018-11-28,2018-11-29 11:45:00,0.0,0.053987279534339905
2018-11-28,2018-11-29 12:00:00,0.0,0.056699201464653015
2018-11-28,2018-11-29 12:15:00,0.0,0.0018797479569911957
2018-11-28,2018-11-29 12:30:00,0.0,0.01838495023548603
2018-11-28,2018-11-29 12:45:00,0.0,0.01076530758291483
2018-11-28,2018-11-29 13:00:00,0.0,0.012667872942984104
2018-11-28,2018-11-29 13:15:00,0.0,0.0
2018-11-28,2018-11-29 13:30:00,0.0,0.0
2018-11-28,2018-11-29 13:45:00,0.0,0.0
2018-11-28,2018-11-29 14:00:00,0.0,0.0
2018-11-28,2018-11-29 14:15:00,0.0,0.0
2018-11-28,2018-11-29 14:30:00,0.0,0.0
2018-11-28,2018-11-29 14:45:00,0.0,0.0
2018-11-28,2018-11-29 15:00:00,0.0,0.0008083897992037237
2018-11-28,2018-11-29 15:15:00,0.0,0.029076416045427322
2018-11-28,2018-11-29 15:30:00,0.0,0.0
2018-11-28,2018-11-29 15:45:00,0.0,0.018802788108587265
2018-11-28,2018-11-29 16:00:00,0.0,0.028416495770215988
2018-11-28,2018-11-29 16:15:00,0.0,0.023616626858711243
2018-11-28,2018-11-29 16:30:00,0.0,0.0
2018-11-28,2018-11-29 16:45:00,0.0,0.022769371047616005
2018-11-28,2018-11-29 17:00:00,0.0,0.00726338941603899
2018-11-28,2018-11-29 17:15:00,0.0,0.02539207972586155
2018-11-28,2018-11-29 17:30:00,0.0,0.003476302372291684
2018-11-28,2018-11-29 17:45:00,0.0,0.017833013087511063
2018-11-28,2018-11-29 18:00:00,0.0,0.03512333333492279
2018-11-28,2018-11-29 18:15:00,0.0,0.03840729966759682
2018-11-28,2018-11-29 18:30:00,0.0,0.057042814791202545
2018-11-28,2018-11-29 18:45:00,0.0,0.05500421300530434
2018-11-28,2018-11-29 19:00:00,0.0,0.040444619953632355
2018-11-28,2018-11-29 19:15:00,0.0,0.04640144854784012
2018-11-28,2018-11-29 19:30:00,0.0,0.04138852655887604
2018-11-28,2018-11-29 19:45:00,0.0,0.03302419185638428
2018-11-28,2018-11-29 20:00:00,0.0,0.025679532438516617
2018-11-28,2018-11-29 20:15:00,0.0,0.07531589269638062
2018-11-28,2018-11-29 20:30:00,0.0,0.03628668189048767
2018-11-28,2018-11-29 20:45:00,0.0,0.03110513649880886
2018-11-28,2018-11-29 21:00:00,0.0,0.05593666434288025
2018-11-28,2018-11-29 21:15:00,0.0,0.07117115706205368
2018-11-28,2018-11-29 21:30:00,0.0,0.05834955349564552
2018-11-28,2018-11-29 21:45:00,0.0,0.04489081725478172
2018-11-28,2018-11-29 22:00:00,0.0,0.058433741331100464
2018-11-28,2018-11-29 22:15:00,0.0,0.0
2018-11-28,2018-11-29 22:30:00,0.0,0.0
2018-11-28,2018-11-29 22:45:00,0.0,0.0
2018-11-28,2018-11-29 23:00:00,0.0,0.0
2018-11-28,2018-11-29 23:15:00,0.0,0.0
2018-11-28,2018-11-29 23:30:00,0.014062000438570976,0.0
2018-11-28,2018-11-29 23:45:00,0.1054690033197403,0.015640171244740486
2018-11-29,2018-11-30 00:00:00,0.22499999403953552,0.058838192373514175
2018-11-29,2018-11-30 00:15:00,0.3550780117511749,0.11169467121362686
2018-11-29,2018-11-30 00:30:00,0.513280987739563,0.15843011438846588
2018-11-29,2018-11-30 00:45:00,0.675000011920929,0.28375008702278137
2018-11-29,2018-11-30 01:00:00,0.8261719942092896,0.439706951379776
2018-11-29,2018-11-30 01:15:00,0.956250011920929,0.5803150534629822
2018-11-29,2018-11-30 01:30:00,0.984375,0.7617912888526917
2018-11-29,2018-11-30 01:45:00,0.9175779819488525,0.9354593753814697
2018-11-29,2018-11-30 02:00:00,1.1917970180511475,1.1956995725631714
2018-11-29,2018-11-30 02:15:00,1.2761720418930054,1.3748279809951782
2018-11-29,2018-11-30 02:30:00,1.5996090173721313,1.568622350692749
2018-11-29,2018-11-30 02:45:00,1.9582029581069946,1.7597461938858032
2018-11-29,2018-11-30 03:00:00,2.0636720657348633,1.8519914150238037
2018-11-29,2018-11-30 03:15:00,2.214843988418579,2.0720155239105225
2018-11-29,2018-11-30 03:30:00,2.2359371185302734,2.150757074356079
2018-11-29,2018-11-30 03:45:00,2.3238279819488525,2.1454946994781494
2018-11-29,2018-11-30 04:00:00,2.3238279819488525,2.2782223224639893
2018-11-29,2018-11-30 04:15:00,2.3062500953674316,2.2554683685302734
2018-11-29,2018-11-30 04:30:00,2.3238279819488525,2.2708334922790527
2018-11-29,2018-11-30 04:45:00,2.0179688930511475,2.1923630237579346
2018-11-29,2018-11-30 05:00:00,1.589061975479126,2.112844467163086
2018-11-29,2018-11-30 05:15:00,1.975780963897705,1.9356127977371216
2018-11-29,2018-11-30 05:30:00,1.680469036102295,1.7831073999404907
2018-11-29,2018-11-30 05:45:00,1.5257810354232788,1.5554444789886475
2018-11-29,2018-11-30 06:00:00,1.6699219942092896,1.4049242734909058
2018-11-29,2018-11-30 06:15:00,1.490625023841858,1.26152503490448
2018-11-29,2018-11-30 06:30:00,1.4167970418930054,1.0845086574554443
2018-11-29,2018-11-30 06:45:00,0.9808589816093445,0.8234398365020752
2018-11-29,2018-11-30 07:00:00,0.8507810235023499,0.6711268424987793
2018-11-29,2018-11-30 07:15:00,0.5730469822883606,0.5046324729919434
2018-11-29,2018-11-30 07:30:00,0.37968701124191284,0.3634253442287445
2018-11-29,2018-11-30 07:45:00,0.24257799983024597,0.320637971162796
2018-11-29,2018-11-30 08:00:00,0.2460940033197403,0.22717896103858948
2018-11-29,2018-11-30 08:15:00,0.1757809966802597,0.1368630826473236
2018-11-29,2018-11-30 08:30:00,0.03515600040555,0.11082343012094498
2018-11-29,2018-11-30 08:45:00,0.010546999983489513,0.11367933452129364
2018-11-29,2018-11-30 09:00:00,0.0,0.03924422711133957
2018-11-29,2018-11-30 09:15:00,0.0,0.03349057957530022
2018-11-29,2018-11-30 09:30:00,0.0,0.020770972594618797
2018-11-29,2018-11-30 09:45:00,0.0,0.04033362865447998
2018-11-29,2018-11-30 10:00:00,0.0,0.026277760043740273
2018-11-29,2018-11-30 10:15:00,0.0,0.02503005973994732
2018-11-29,2018-11-30 10:30:00,0.0,0.0067847431637346745
2018-11-29,2018-11-30 10:45:00,0.0,0.048411570489406586
2018-11-29,2018-11-30 11:00:00,0.0,0.011396876536309719
2018-11-29,2018-11-30 11:15:00,0.0,0.07615151256322861
2018-11-29,2018-11-30 11:30:00,0.0,0.016674762591719627
2018-11-29,2018-11-30 11:45:00,0.0,0.0313924141228199
2018-11-29,2018-11-30 12:00:00,0.0,0.019680527970194817
2018-11-29,2018-11-30 12:15:00,0.0,0.0
2018-11-29,2018-11-30 12:30:00,0.0,0.0061851078644394875
2018-11-29,2018-11-30 12:45:00,0.0,0.0004519493377301842
2018-11-29,2018-11-30 13:00:00,0.0,0.00991093274205923
2018-11-29,2018-11-30 13:15:00,0.0,0.0
2018-11-29,2018-11-30 13:30:00,0.0,0.0
2018-11-29,2018-11-30 13:45:00,0.0,0.014971177093684673
2018-11-29,2018-11-30 14:00:00,0.0,0.019432198256254196
2018-11-29,2018-11-30 14:15:00,0.0,0.0
2018-11-29,2018-11-30 14:30:00,0.0,0.0
2018-11-29,2018-11-30 14:45:00,0.0,0.0
2018-11-29,2018-11-30 15:00:00,0.0,0.011713586747646332
2018-11-29,2018-11-30 15:15:00,0.0,0.0317595936357975
2018-11-29,2018-11-30 15:30:00,0.0,0.0
2018-11-29,2018-11-30 15:45:00,0.0,0.0
2018-11-29,2018-11-30 16:00:00,0.0,0.012601478025317192
2018-11-29,2018-11-30 16:15:00,0.0,0.0
2018-11-29,2018-11-30 16:30:00,0.0,0.0
2018-11-29,2018-11-30 16:45:00,0.0,0.0
2018-11-29,2018-11-30 17:00:00,0.0,0.0
2018-11-29,2018-11-30 17:15:00,0.0,0.0
2018-11-29,2018-11-30 17:30:00,0.0,0.0
2018-11-29,2018-11-30 17:45:00,0.0,0.0026292053516954184
2018-11-29,2018-11-30 18:00:00,0.0,0.03833205625414848
2018-11-29,2018-11-30 18:15:00,0.0,0.020692165940999985
2018-11-29,2018-11-30 18:30:00,0.0,0.04260701686143875
2018-11-29,2018-11-30 18:45:00,0.0,0.05540195107460022
2018-11-29,2018-11-30 19:00:00,0.0,0.03319276124238968
2018-11-29,2018-11-30 19:15:00,0.0,0.038447871804237366
2018-11-29,2018-11-30 19:30:00,0.0,0.022672967985272408
2018-11-29,2018-11-30 19:45:00,0.0,0.0
2018-11-29,2018-11-30 20:00:00,0.0,0.0
2018-11-29,2018-11-30 20:15:00,0.0,0.04376871511340141
2018-11-29,2018-11-30 20:30:00,0.0,0.012216417118906975
2018-11-29,2018-11-30 20:45:00,0.0,0.014614870771765709
2018-11-29,2018-11-30 21:00:00,0.0,0.053413473069667816
2018-11-29,2018-11-30 21:15:00,0.0,0.07118307054042816
2018-11-29,2018-11-30 21:30:00,0.0,0.0611124150454998
2018-11-29,2018-11-30 21:45:00,0.0,0.05858436971902847
2018-11-29,2018-11-30 22:00:00,0.0,0.07539061456918716
2018-11-29,2018-11-30 22:15:00,0.0,0.0
2018-11-29,2018-11-30 22:30:00,0.0,0.0
2018-11-29,2018-11-30 22:45:00,0.0,0.0
2018-11-29,2018-11-30 23:00:00,0.0,0.0
2018-11-29,2018-11-30 23:15:00,0.0,0.0
2018-11-29,2018-11-30 23:30:00,0.0,0.0
2018-11-29,2018-11-30 23:45:00,0.0,0.03034060262143612
