起报时间,预报时间,实际功率 (MW),FusionModel_lmd (MW)
2019-02-21,2019-02-22 00:00:00,0.2355470061302185,0.07702593505382538
2019-02-21,2019-02-22 00:15:00,0.3621090054512024,0.10847225785255432
2019-02-21,2019-02-22 00:30:00,0.40781301259994507,0.2186928242444992
2019-02-21,2019-02-22 00:45:00,0.5484369993209839,0.29215601086616516
2019-02-21,2019-02-22 01:00:00,0.5765630006790161,0.38912373781204224
2019-02-21,2019-02-22 01:15:00,0.6468750238418579,0.49563589692115784
2019-02-21,2019-02-22 01:30:00,0.7382810115814209,0.6367407441139221
2019-02-21,2019-02-22 01:45:00,1.0546879768371582,0.7232580184936523
2019-02-21,2019-02-22 02:00:00,1.2937500476837158,0.8770222067832947
2019-02-21,2019-02-22 02:15:00,1.6628910303115845,0.9908087849617004
2019-02-21,2019-02-22 02:30:00,2.021483898162842,1.1099604368209839
2019-02-21,2019-02-22 02:45:00,1.8140619993209839,1.2122411727905273
2019-02-21,2019-02-22 03:00:00,1.9722659587860107,1.2942229509353638
2019-02-21,2019-02-22 03:15:00,1.9968750476837158,1.4308409690856934
2019-02-21,2019-02-22 03:30:00,1.6628910303115845,1.4957515001296997
2019-02-21,2019-02-22 03:45:00,1.652343988418579,1.5661708116531372
2019-02-21,2019-02-22 04:00:00,1.884374976158142,1.5903406143188477
2019-02-21,2019-02-22 04:15:00,2.010936975479126,1.6164311170578003
2019-02-21,2019-02-22 04:30:00,2.26406192779541,1.6794365644454956
2019-02-21,2019-02-22 04:45:00,2.1656250953674316,1.6158912181854248
2019-02-21,2019-02-22 05:00:00,2.366015911102295,1.6558866500854492
2019-02-21,2019-02-22 05:15:00,2.3449220657348633,1.7043111324310303
2019-02-21,2019-02-22 05:30:00,1.8070310354232788,1.6121960878372192
2019-02-21,2019-02-22 05:45:00,1.6769529581069946,1.6111944913864136
2019-02-21,2019-02-22 06:00:00,2.0531249046325684,1.5805786848068237
2019-02-21,2019-02-22 06:15:00,2.5910160541534424,1.559991478919983
2019-02-21,2019-02-22 06:30:00,1.7156250476837158,1.446927547454834
2019-02-21,2019-02-22 06:45:00,1.5011719465255737,1.3571335077285767
2019-02-21,2019-02-22 07:00:00,1.3394529819488525,1.2621291875839233
2019-02-21,2019-02-22 07:15:00,1.2621090412139893,1.1362563371658325
2019-02-21,2019-02-22 07:30:00,1.082811951637268,1.0232739448547363
2019-02-21,2019-02-22 07:45:00,1.0230469703674316,0.9101689457893372
2019-02-21,2019-02-22 08:00:00,1.4589840173721313,0.8046786189079285
2019-02-21,2019-02-22 08:15:00,1.6769529581069946,0.6920092105865479
2019-02-21,2019-02-22 08:30:00,1.5644530057907104,0.5511828064918518
2019-02-21,2019-02-22 08:45:00,1.1531250476837158,0.4589899182319641
2019-02-21,2019-02-22 09:00:00,0.5203120112419128,0.3056022524833679
2019-02-21,2019-02-22 09:15:00,0.1863279938697815,0.17236441373825073
2019-02-21,2019-02-22 09:30:00,0.16523399949073792,0.07946611195802689
2019-02-21,2019-02-22 09:45:00,0.09492199867963791,0.06733666360378265
2019-02-21,2019-02-22 10:00:00,0.0,0.0
2019-02-21,2019-02-22 10:15:00,0.0,0.0
2019-02-21,2019-02-22 10:30:00,0.0,0.0
2019-02-21,2019-02-22 10:45:00,0.0,0.0
2019-02-21,2019-02-22 11:00:00,0.0,0.0
2019-02-21,2019-02-22 11:15:00,0.0,0.0
2019-02-21,2019-02-22 11:30:00,0.0,0.028333760797977448
2019-02-21,2019-02-22 11:45:00,0.0,0.01703157275915146
2019-02-21,2019-02-22 12:00:00,0.0,0.032619547098875046
2019-02-21,2019-02-22 12:15:00,0.0,0.012165330350399017
2019-02-21,2019-02-22 12:30:00,0.0,0.0615372471511364
2019-02-21,2019-02-22 12:45:00,0.0,0.07233940064907074
2019-02-21,2019-02-22 13:00:00,0.0,0.02698996663093567
2019-02-21,2019-02-22 13:15:00,0.0,0.04935512691736221
2019-02-21,2019-02-22 13:30:00,0.0,0.0
2019-02-21,2019-02-22 13:45:00,0.0,0.008290410973131657
2019-02-21,2019-02-22 14:00:00,0.0,0.0
2019-02-21,2019-02-22 14:15:00,0.0,0.0
2019-02-21,2019-02-22 14:30:00,0.0,0.0
2019-02-21,2019-02-22 14:45:00,0.0,0.00043612721492536366
2019-02-21,2019-02-22 15:00:00,0.0,0.0
2019-02-21,2019-02-22 15:15:00,0.0,0.0
2019-02-21,2019-02-22 15:30:00,0.0,0.0
2019-02-21,2019-02-22 15:45:00,0.0,0.014171171933412552
2019-02-21,2019-02-22 16:00:00,0.0,0.0
2019-02-21,2019-02-22 16:15:00,0.0,0.0
2019-02-21,2019-02-22 16:30:00,0.0,0.029074789956212044
2019-02-21,2019-02-22 16:45:00,0.0,0.004564922768622637
2019-02-21,2019-02-22 17:00:00,0.0,0.0
2019-02-21,2019-02-22 17:15:00,0.0,0.02284720540046692
2019-02-21,2019-02-22 17:30:00,0.0,0.00830670353025198
2019-02-21,2019-02-22 17:45:00,0.0,0.0
2019-02-21,2019-02-22 18:00:00,0.0,0.0018619095208123326
2019-02-21,2019-02-22 18:15:00,0.0,0.008369941264390945
2019-02-21,2019-02-22 18:30:00,0.0,0.0
2019-02-21,2019-02-22 18:45:00,0.0,0.0
2019-02-21,2019-02-22 19:00:00,0.0,0.0
2019-02-21,2019-02-22 19:15:00,0.0,0.0
2019-02-21,2019-02-22 19:30:00,0.0,0.0
2019-02-21,2019-02-22 19:45:00,0.0,0.006706950254738331
2019-02-21,2019-02-22 20:00:00,0.0,0.01711605302989483
2019-02-21,2019-02-22 20:15:00,0.0,0.0
2019-02-21,2019-02-22 20:30:00,0.0,0.008197023533284664
2019-02-21,2019-02-22 20:45:00,0.0,0.019266273826360703
2019-02-21,2019-02-22 21:00:00,0.0,0.006585238967090845
2019-02-21,2019-02-22 21:15:00,0.0,0.017661619931459427
2019-02-21,2019-02-22 21:30:00,0.0,0.02007148042321205
2019-02-21,2019-02-22 21:45:00,0.0,0.01773381605744362
2019-02-21,2019-02-22 22:00:00,0.0,0.009329134598374367
2019-02-21,2019-02-22 22:15:00,0.0,0.01286207977682352
2019-02-21,2019-02-22 22:30:00,0.0,0.023171301931142807
2019-02-21,2019-02-22 22:45:00,0.0,0.02251640148460865
2019-02-21,2019-02-22 23:00:00,0.0,0.07364393770694733
2019-02-21,2019-02-22 23:15:00,0.007031000219285488,0.08357442915439606
2019-02-21,2019-02-22 23:30:00,0.10898400098085403,0.08777445554733276
2019-02-21,2019-02-22 23:45:00,0.21796900033950806,0.13223347067832947
2019-02-22,2019-02-23 00:00:00,0.3515619933605194,0.3650493621826172
2019-02-22,2019-02-23 00:15:00,0.5203120112419128,0.4328064024448395
2019-02-22,2019-02-23 00:30:00,0.7347660064697266,0.6698480844497681
2019-02-22,2019-02-23 00:45:00,0.9949219822883606,0.8089579939842224
2019-02-22,2019-02-23 01:00:00,1.2410160303115845,0.9695237874984741
2019-02-22,2019-02-23 01:15:00,1.4800779819488525,1.2021616697311401
2019-02-22,2019-02-23 01:30:00,1.7121089696884155,1.4064364433288574
2019-02-22,2019-02-23 01:45:00,2.003906011581421,1.603628158569336
2019-02-22,2019-02-23 02:00:00,2.267577886581421,1.8097401857376099
2019-02-22,2019-02-23 02:15:00,2.5769529342651367,1.9877618551254272
2019-02-22,2019-02-23 02:30:00,2.784374952316284,2.193208694458008
2019-02-22,2019-02-23 02:45:00,3.005858898162842,2.3815648555755615
2019-02-22,2019-02-23 03:00:00,3.128906011581421,2.4941647052764893
2019-02-22,2019-02-23 03:15:00,3.1746089458465576,2.686007261276245
2019-02-22,2019-02-23 03:30:00,3.364453077316284,2.798945665359497
2019-02-22,2019-02-23 03:45:00,3.4558589458465576,2.860109329223633
2019-02-22,2019-02-23 04:00:00,3.533202886581421,2.904954433441162
2019-02-22,2019-02-23 04:15:00,3.6140620708465576,2.8641669750213623
2019-02-22,2019-02-23 04:30:00,3.6070311069488525,2.931485652923584
2019-02-22,2019-02-23 04:45:00,3.3433589935302734,2.8358314037323
2019-02-22,2019-02-23 05:00:00,3.4066410064697266,2.8253731727600098
2019-02-22,2019-02-23 05:15:00,3.5718750953674316,2.850630044937134
2019-02-22,2019-02-23 05:30:00,3.4945309162139893,2.7046313285827637
2019-02-22,2019-02-23 05:45:00,3.2906250953674316,2.695995807647705
2019-02-22,2019-02-23 06:00:00,3.3539059162139893,2.6080048084259033
2019-02-22,2019-02-23 06:15:00,3.244921922683716,2.5586998462677
2019-02-22,2019-02-23 06:30:00,2.946094036102295,2.376312255859375
2019-02-22,2019-02-23 06:45:00,2.960155963897705,2.2154369354248047
2019-02-22,2019-02-23 07:00:00,2.6332030296325684,2.0294575691223145
2019-02-22,2019-02-23 07:15:00,2.3871090412139893,1.7856863737106323
2019-02-22,2019-02-23 07:30:00,2.102344036102295,1.5658835172653198
2019-02-22,2019-02-23 07:45:00,1.919530987739563,1.3446784019470215
2019-02-22,2019-02-23 08:00:00,1.5082030296325684,1.0954179763793945
2019-02-22,2019-02-23 08:15:00,1.272655963897705,0.9141743183135986
2019-02-22,2019-02-23 08:30:00,1.0371090173721313,0.6467050313949585
2019-02-22,2019-02-23 08:45:00,0.7136719822883606,0.49869027733802795
2019-02-22,2019-02-23 09:00:00,0.471094012260437,0.33313003182411194
2019-02-22,2019-02-23 09:15:00,0.31992200016975403,0.15292565524578094
2019-02-22,2019-02-23 09:30:00,0.1863279938697815,0.042522937059402466
2019-02-22,2019-02-23 09:45:00,0.014062000438570976,0.027273351326584816
2019-02-22,2019-02-23 10:00:00,0.0,0.0
2019-02-22,2019-02-23 10:15:00,0.0,0.0
2019-02-22,2019-02-23 10:30:00,0.0,0.0
2019-02-22,2019-02-23 10:45:00,0.0,0.0
2019-02-22,2019-02-23 11:00:00,0.0,0.0
2019-02-22,2019-02-23 11:15:00,0.0,0.001574600930325687
2019-02-22,2019-02-23 11:30:00,0.0,0.05716932564973831
2019-02-22,2019-02-23 11:45:00,0.0,0.059104178100824356
2019-02-22,2019-02-23 12:00:00,0.0,0.017547326162457466
2019-02-22,2019-02-23 12:15:00,0.0,0.010123944841325283
2019-02-22,2019-02-23 12:30:00,0.0,0.012131859548389912
2019-02-22,2019-02-23 12:45:00,0.0,0.03128770738840103
2019-02-22,2019-02-23 13:00:00,0.0,0.0
2019-02-22,2019-02-23 13:15:00,0.0,0.0
2019-02-22,2019-02-23 13:30:00,0.0,0.0
2019-02-22,2019-02-23 13:45:00,0.0,0.011448611505329609
2019-02-22,2019-02-23 14:00:00,0.0,0.0
2019-02-22,2019-02-23 14:15:00,0.0,0.03976394981145859
2019-02-22,2019-02-23 14:30:00,0.0,0.025410432368516922
2019-02-22,2019-02-23 14:45:00,0.0,0.05495939403772354
2019-02-22,2019-02-23 15:00:00,0.0,0.04474150389432907
2019-02-22,2019-02-23 15:15:00,0.0,0.012549093924462795
2019-02-22,2019-02-23 15:30:00,0.0,0.0
2019-02-22,2019-02-23 15:45:00,0.0,0.06215272098779678
2019-02-22,2019-02-23 16:00:00,0.0,0.0
2019-02-22,2019-02-23 16:15:00,0.0,0.0
2019-02-22,2019-02-23 16:30:00,0.0,0.0
2019-02-22,2019-02-23 16:45:00,0.0,0.0
2019-02-22,2019-02-23 17:00:00,0.0,0.0
2019-02-22,2019-02-23 17:15:00,0.0,0.0027834924403578043
2019-02-22,2019-02-23 17:30:00,0.0,0.03223343566060066
2019-02-22,2019-02-23 17:45:00,0.0,0.00850992277264595
2019-02-22,2019-02-23 18:00:00,0.0,0.02319636382162571
2019-02-22,2019-02-23 18:15:00,0.0,0.010531535372138023
2019-02-22,2019-02-23 18:30:00,0.0,0.0013098424533382058
2019-02-22,2019-02-23 18:45:00,0.0,0.0
2019-02-22,2019-02-23 19:00:00,0.0,0.0
2019-02-22,2019-02-23 19:15:00,0.0,0.0025490715634077787
2019-02-22,2019-02-23 19:30:00,0.0,0.0
2019-02-22,2019-02-23 19:45:00,0.0,0.0
2019-02-22,2019-02-23 20:00:00,0.0,0.0
2019-02-22,2019-02-23 20:15:00,0.0,0.0
2019-02-22,2019-02-23 20:30:00,0.0,0.0
2019-02-22,2019-02-23 20:45:00,0.0,0.0
2019-02-22,2019-02-23 21:00:00,0.0,0.0
2019-02-22,2019-02-23 21:15:00,0.0,0.0
2019-02-22,2019-02-23 21:30:00,0.0,0.0
2019-02-22,2019-02-23 21:45:00,0.0,0.0
2019-02-22,2019-02-23 22:00:00,0.0,0.0
2019-02-22,2019-02-23 22:15:00,0.0,0.0
2019-02-22,2019-02-23 22:30:00,0.0,0.0023211012594401836
2019-02-22,2019-02-23 22:45:00,0.0,0.02993786893785
2019-02-22,2019-02-23 23:00:00,0.0,0.08992549031972885
2019-02-22,2019-02-23 23:15:00,0.03515600040555,0.10942672938108444
2019-02-22,2019-02-23 23:30:00,0.13359400629997253,0.15005752444267273
2019-02-22,2019-02-23 23:45:00,0.22851599752902985,0.23889531195163727
2019-02-23,2019-02-24 00:00:00,0.4007810056209564,0.36176007986068726
2019-02-23,2019-02-24 00:15:00,0.5730469822883606,0.5418114066123962
2019-02-23,2019-02-24 00:30:00,0.7699220180511475,0.7838958501815796
2019-02-23,2019-02-24 00:45:00,0.956250011920929,0.969629168510437
2019-02-23,2019-02-24 01:00:00,1.209375023841858,1.1608967781066895
2019-02-23,2019-02-24 01:15:00,1.4660160541534424,1.378579020500183
2019-02-23,2019-02-24 01:30:00,1.6136720180511475,1.5979121923446655
2019-02-23,2019-02-24 01:45:00,1.8808590173721313,1.7452300786972046
2019-02-23,2019-02-24 02:00:00,2.0777339935302734,1.8926481008529663
2019-02-23,2019-02-24 02:15:00,1.9968750476837158,2.0084891319274902
2019-02-23,2019-02-24 02:30:00,2.3589839935302734,2.022364854812622
2019-02-23,2019-02-24 02:45:00,2.5804688930511475,2.0664279460906982
2019-02-23,2019-02-24 03:00:00,2.3519530296325684,2.0462305545806885
2019-02-23,2019-02-24 03:15:00,2.0531249046325684,2.0761404037475586
2019-02-23,2019-02-24 03:30:00,2.26406192779541,2.0494840145111084
2019-02-23,2019-02-24 03:45:00,1.9582029581069946,1.9827295541763306
2019-02-23,2019-02-24 04:00:00,1.497655987739563,1.9002429246902466
2019-02-23,2019-02-24 04:15:00,1.6347659826278687,1.835059642791748
2019-02-23,2019-02-24 04:30:00,2.1410160064697266,1.8116782903671265
2019-02-23,2019-02-24 04:45:00,1.9230469465255737,1.727500081062317
2019-02-23,2019-02-24 05:00:00,2.489063024520874,1.7141352891921997
2019-02-23,2019-02-24 05:15:00,2.242969036102295,1.7171293497085571
2019-02-23,2019-02-24 05:30:00,1.6101560592651367,1.6138966083526611
2019-02-23,2019-02-24 05:45:00,1.9968750476837158,1.5955594778060913
2019-02-23,2019-02-24 06:00:00,1.4695310592651367,1.5309785604476929
2019-02-23,2019-02-24 06:15:00,1.314844012260437,1.507804036140442
2019-02-23,2019-02-24 06:30:00,1.3816410303115845,1.3747550249099731
2019-02-23,2019-02-24 06:45:00,1.2937500476837158,1.232567548751831
2019-02-23,2019-02-24 07:00:00,1.1425780057907104,1.0993132591247559
2019-02-23,2019-02-24 07:15:00,1.1636719703674316,0.9408295750617981
2019-02-23,2019-02-24 07:30:00,1.117969036102295,0.7649942636489868
2019-02-23,2019-02-24 07:45:00,1.082811951637268,0.6213517189025879
2019-02-23,2019-02-24 08:00:00,0.8085939884185791,0.45207807421684265
2019-02-23,2019-02-24 08:15:00,0.6152340173721313,0.34826764464378357
2019-02-23,2019-02-24 08:30:00,0.46406298875808716,0.20077697932720184
2019-02-23,2019-02-24 08:45:00,0.33398398756980896,0.13095378875732422
2019-02-23,2019-02-24 09:00:00,0.2355470061302185,0.02874240279197693
2019-02-23,2019-02-24 09:15:00,0.16875000298023224,0.0
2019-02-23,2019-02-24 09:30:00,0.12656299769878387,0.0
2019-02-23,2019-02-24 09:45:00,0.021093999966979027,0.0
2019-02-23,2019-02-24 10:00:00,0.0,0.0
2019-02-23,2019-02-24 10:15:00,0.0,0.0
2019-02-23,2019-02-24 10:30:00,0.0,0.0
2019-02-23,2019-02-24 10:45:00,0.0,0.0
2019-02-23,2019-02-24 11:00:00,0.0,0.0
2019-02-23,2019-02-24 11:15:00,0.0,0.049852196127176285
2019-02-23,2019-02-24 11:30:00,0.0,0.056445058435201645
2019-02-23,2019-02-24 11:45:00,0.0,0.03589402884244919
2019-02-23,2019-02-24 12:00:00,0.0,0.0395648255944252
2019-02-23,2019-02-24 12:15:00,0.0,0.037241339683532715
2019-02-23,2019-02-24 12:30:00,0.0,0.045510102063417435
2019-02-23,2019-02-24 12:45:00,0.0,0.052745427936315536
2019-02-23,2019-02-24 13:00:00,0.0,0.002843612339347601
2019-02-23,2019-02-24 13:15:00,0.0,0.016103725880384445
2019-02-23,2019-02-24 13:30:00,0.0,0.01229043584316969
2019-02-23,2019-02-24 13:45:00,0.0,0.0
2019-02-23,2019-02-24 14:00:00,0.0,0.0
2019-02-23,2019-02-24 14:15:00,0.0,0.0
2019-02-23,2019-02-24 14:30:00,0.0,0.0
2019-02-23,2019-02-24 14:45:00,0.0,0.0
2019-02-23,2019-02-24 15:00:00,0.0,0.0
2019-02-23,2019-02-24 15:15:00,0.0,0.0
2019-02-23,2019-02-24 15:30:00,0.0,0.0
2019-02-23,2019-02-24 15:45:00,0.0,0.01392994076013565
2019-02-23,2019-02-24 16:00:00,0.0,0.0
2019-02-23,2019-02-24 16:15:00,0.0,0.0
2019-02-23,2019-02-24 16:30:00,0.0,0.020014673471450806
2019-02-23,2019-02-24 16:45:00,0.0,0.006593077909201384
2019-02-23,2019-02-24 17:00:00,0.0,0.031511154025793076
2019-02-23,2019-02-24 17:15:00,0.0,0.0283571258187294
2019-02-23,2019-02-24 17:30:00,0.0,0.04119689390063286
2019-02-23,2019-02-24 17:45:00,0.0,0.026493458077311516
2019-02-23,2019-02-24 18:00:00,0.0,0.03597863391041756
2019-02-23,2019-02-24 18:15:00,0.0,0.006748131010681391
2019-02-23,2019-02-24 18:30:00,0.0,0.0
2019-02-23,2019-02-24 18:45:00,0.0,0.0
2019-02-23,2019-02-24 19:00:00,0.0,0.0
2019-02-23,2019-02-24 19:15:00,0.0,0.0
2019-02-23,2019-02-24 19:30:00,0.0,0.0
2019-02-23,2019-02-24 19:45:00,0.0,0.0
2019-02-23,2019-02-24 20:00:00,0.0,0.0
2019-02-23,2019-02-24 20:15:00,0.0,0.0
2019-02-23,2019-02-24 20:30:00,0.0,0.0
2019-02-23,2019-02-24 20:45:00,0.0,0.0
2019-02-23,2019-02-24 21:00:00,0.0,0.0
2019-02-23,2019-02-24 21:15:00,0.0,0.0
2019-02-23,2019-02-24 21:30:00,0.0,0.0
2019-02-23,2019-02-24 21:45:00,0.0,0.0
2019-02-23,2019-02-24 22:00:00,0.0,0.0
2019-02-23,2019-02-24 22:15:00,0.0,0.0
2019-02-23,2019-02-24 22:30:00,0.0,0.0
2019-02-23,2019-02-24 22:45:00,0.0,0.0
2019-02-23,2019-02-24 23:00:00,0.0,0.02518293634057045
2019-02-23,2019-02-24 23:15:00,0.007031000219285488,0.07665008306503296
2019-02-23,2019-02-24 23:30:00,0.09140600264072418,0.15080247819423676
2019-02-23,2019-02-24 23:45:00,0.21445299685001373,0.291311651468277
2019-02-24,2019-02-25 00:00:00,0.26718801259994507,0.2633281946182251
2019-02-24,2019-02-25 00:15:00,0.4781250059604645,0.3795146048069
2019-02-24,2019-02-25 00:30:00,0.5730469822883606,0.5664515495300293
2019-02-24,2019-02-25 00:45:00,0.7277340292930603,0.7323689460754395
2019-02-24,2019-02-25 01:00:00,1.0089839696884155,0.9000790119171143
2019-02-24,2019-02-25 01:15:00,1.2269530296325684,1.1343244314193726
2019-02-24,2019-02-25 01:30:00,1.4308589696884155,1.3115947246551514
2019-02-24,2019-02-25 01:45:00,1.6664060354232788,1.507429599761963
2019-02-24,2019-02-25 02:00:00,1.8562500476837158,1.6965632438659668
2019-02-24,2019-02-25 02:15:00,2.109375,1.843706488609314
2019-02-24,2019-02-25 02:30:00,2.2113280296325684,2.0085837841033936
2019-02-24,2019-02-25 02:45:00,2.3273439407348633,2.1274304389953613
2019-02-24,2019-02-25 03:00:00,2.397655963897705,2.2028889656066895
2019-02-24,2019-02-25 03:15:00,2.548827886581421,2.3373756408691406
2019-02-24,2019-02-25 03:30:00,2.6085939407348633,2.3993914127349854
2019-02-24,2019-02-25 03:45:00,2.707031011581421,2.4384236335754395
2019-02-24,2019-02-25 04:00:00,2.742187976837158,2.435706615447998
2019-02-24,2019-02-25 04:15:00,2.794922113418579,2.415018081665039
2019-02-24,2019-02-25 04:30:00,2.777343988418579,2.474616765975952
2019-02-24,2019-02-25 04:45:00,2.707031011581421,2.382455348968506
2019-02-24,2019-02-25 05:00:00,2.6683590412139893,2.36647891998291
2019-02-24,2019-02-25 05:15:00,2.6261720657348633,2.4094619750976562
2019-02-24,2019-02-25 05:30:00,2.2886719703674316,2.2544267177581787
2019-02-24,2019-02-25 05:45:00,2.496093988418579,2.2527968883514404
2019-02-24,2019-02-25 06:00:00,2.496093988418579,2.137686014175415
2019-02-24,2019-02-25 06:15:00,2.373047113418579,2.0846059322357178
2019-02-24,2019-02-25 06:30:00,2.2464840412139893,1.9191190004348755
2019-02-24,2019-02-25 06:45:00,2.0425779819488525,1.749713659286499
2019-02-24,2019-02-25 07:00:00,1.9019529819488525,1.541660189628601
2019-02-24,2019-02-25 07:15:00,1.736719012260437,1.3287285566329956
2019-02-24,2019-02-25 07:30:00,1.4695310592651367,1.0732070207595825
2019-02-24,2019-02-25 07:45:00,0.8578130006790161,0.8462498188018799
2019-02-24,2019-02-25 08:00:00,1.1636719703674316,0.6498526930809021
2019-02-24,2019-02-25 08:15:00,0.6011719703674316,0.46691614389419556
2019-02-24,2019-02-25 08:30:00,0.6574220061302185,0.2449348121881485
2019-02-24,2019-02-25 08:45:00,0.5238280296325684,0.17255276441574097
2019-02-24,2019-02-25 09:00:00,0.3761720061302185,0.04793239012360573
2019-02-24,2019-02-25 09:15:00,0.1511719971895218,0.0
2019-02-24,2019-02-25 09:30:00,0.09843800216913223,0.0
2019-02-24,2019-02-25 09:45:00,0.010546999983489513,0.0
2019-02-24,2019-02-25 10:00:00,0.0,0.0
2019-02-24,2019-02-25 10:15:00,0.0,0.0
2019-02-24,2019-02-25 10:30:00,0.0,0.0
2019-02-24,2019-02-25 10:45:00,0.0,0.0
2019-02-24,2019-02-25 11:00:00,0.0,0.0
2019-02-24,2019-02-25 11:15:00,0.0,0.035198017954826355
2019-02-24,2019-02-25 11:30:00,0.0,0.06167127192020416
2019-02-24,2019-02-25 11:45:00,0.0,0.03975919634103775
2019-02-24,2019-02-25 12:00:00,0.0,0.033565621823072433
2019-02-24,2019-02-25 12:15:00,0.0,0.03105241432785988
2019-02-24,2019-02-25 12:30:00,0.0,0.051254890859127045
2019-02-24,2019-02-25 12:45:00,0.0,0.030551187694072723
2019-02-24,2019-02-25 13:00:00,0.0,0.0
2019-02-24,2019-02-25 13:15:00,0.0,0.014343620277941227
2019-02-24,2019-02-25 13:30:00,0.0,0.0070879776030778885
2019-02-24,2019-02-25 13:45:00,0.0,0.0
2019-02-24,2019-02-25 14:00:00,0.0,0.0
2019-02-24,2019-02-25 14:15:00,0.0,0.0451003722846508
2019-02-24,2019-02-25 14:30:00,0.0,0.0073012677021324635
2019-02-24,2019-02-25 14:45:00,0.0,0.02833368070423603
2019-02-24,2019-02-25 15:00:00,0.0,0.01811470091342926
2019-02-24,2019-02-25 15:15:00,0.0,0.0
2019-02-24,2019-02-25 15:30:00,0.0,0.0
2019-02-24,2019-02-25 15:45:00,0.0,0.0168167594820261
2019-02-24,2019-02-25 16:00:00,0.0,0.0
2019-02-24,2019-02-25 16:15:00,0.0,0.0
2019-02-24,2019-02-25 16:30:00,0.0,0.0
2019-02-24,2019-02-25 16:45:00,0.0,0.0
2019-02-24,2019-02-25 17:00:00,0.0,0.007859528064727783
2019-02-24,2019-02-25 17:15:00,0.0,0.0464496985077858
2019-02-24,2019-02-25 17:30:00,0.0,0.07406190037727356
2019-02-24,2019-02-25 17:45:00,0.0,0.05346737056970596
2019-02-24,2019-02-25 18:00:00,0.0,0.06809135526418686
2019-02-24,2019-02-25 18:15:00,0.0,0.054360006004571915
2019-02-24,2019-02-25 18:30:00,0.0,0.0
2019-02-24,2019-02-25 18:45:00,0.0,0.0
2019-02-24,2019-02-25 19:00:00,0.0,0.0
2019-02-24,2019-02-25 19:15:00,0.0,0.0
2019-02-24,2019-02-25 19:30:00,0.0,0.0
2019-02-24,2019-02-25 19:45:00,0.0,0.0
2019-02-24,2019-02-25 20:00:00,0.0,0.0
2019-02-24,2019-02-25 20:15:00,0.0,0.0
2019-02-24,2019-02-25 20:30:00,0.0,0.0
2019-02-24,2019-02-25 20:45:00,0.0,0.0
2019-02-24,2019-02-25 21:00:00,0.0,0.0
2019-02-24,2019-02-25 21:15:00,0.0,0.0
2019-02-24,2019-02-25 21:30:00,0.0,0.0
2019-02-24,2019-02-25 21:45:00,0.0,0.0
2019-02-24,2019-02-25 22:00:00,0.0,0.0
2019-02-24,2019-02-25 22:15:00,0.0,0.0
2019-02-24,2019-02-25 22:30:00,0.0,0.0
2019-02-24,2019-02-25 22:45:00,0.0,0.0
2019-02-24,2019-02-25 23:00:00,0.0,0.0
2019-02-24,2019-02-25 23:15:00,0.0,0.030358580872416496
2019-02-24,2019-02-25 23:30:00,0.05624999850988388,0.07628735899925232
2019-02-24,2019-02-25 23:45:00,0.20390599966049194,0.19140005111694336
2019-02-25,2019-02-26 00:00:00,0.23906299471855164,0.18228596448898315
2019-02-25,2019-02-26 00:15:00,0.28476598858833313,0.27706852555274963
2019-02-25,2019-02-26 00:30:00,0.330469012260437,0.4049510955810547
2019-02-25,2019-02-26 00:45:00,0.5660160183906555,0.4889671504497528
2019-02-25,2019-02-26 01:00:00,0.7277340292930603,0.6311843991279602
2019-02-25,2019-02-26 01:15:00,0.8050780296325684,0.7574141621589661
2019-02-25,2019-02-26 01:30:00,0.9316409826278687,0.8662346601486206
2019-02-25,2019-02-26 01:45:00,1.0863280296325684,0.9712616801261902
2019-02-25,2019-02-26 02:00:00,1.6980470418930054,1.0698671340942383
2019-02-25,2019-02-26 02:15:00,1.5011719465255737,1.1587138175964355
2019-02-25,2019-02-26 02:30:00,1.3183590173721313,1.2406964302062988
2019-02-25,2019-02-26 02:45:00,1.0968749523162842,1.3136234283447266
2019-02-25,2019-02-26 03:00:00,0.9808589816093445,1.355521559715271
2019-02-25,2019-02-26 03:15:00,1.3886719942092896,1.4710155725479126
2019-02-25,2019-02-26 03:30:00,1.7015620470046997,1.5237499475479126
2019-02-25,2019-02-26 03:45:00,1.771875023841858,1.5875229835510254
2019-02-25,2019-02-26 04:00:00,1.9863280057907104,1.596374273300171
2019-02-25,2019-02-26 04:15:00,1.6558589935302734,1.634954810142517
2019-02-25,2019-02-26 04:30:00,1.884374976158142,1.7042553424835205
2019-02-25,2019-02-26 04:45:00,1.771875023841858,1.6408953666687012
2019-02-25,2019-02-26 05:00:00,2.1304690837860107,1.6766986846923828
2019-02-25,2019-02-26 05:15:00,1.9054689407348633,1.7127974033355713
2019-02-25,2019-02-26 05:30:00,1.7085939645767212,1.6384891271591187
2019-02-25,2019-02-26 05:45:00,1.490625023841858,1.6349655389785767
2019-02-25,2019-02-26 06:00:00,1.5714839696884155,1.5532312393188477
2019-02-25,2019-02-26 06:15:00,1.6699219942092896,1.5274325609207153
2019-02-25,2019-02-26 06:30:00,1.5257810354232788,1.4033911228179932
2019-02-25,2019-02-26 06:45:00,1.5644530057907104,1.2855305671691895
2019-02-25,2019-02-26 07:00:00,1.3429689407348633,1.1841174364089966
2019-02-25,2019-02-26 07:15:00,1.3535159826278687,1.0394673347473145
2019-02-25,2019-02-26 07:30:00,1.2374999523162842,0.9193034172058105
2019-02-25,2019-02-26 07:45:00,0.9808589816093445,0.7909125685691833
2019-02-25,2019-02-26 08:00:00,0.9316409826278687,0.67636638879776
2019-02-25,2019-02-26 08:15:00,0.9140620231628418,0.5491800904273987
2019-02-25,2019-02-26 08:30:00,0.675000011920929,0.40964275598526
2019-02-25,2019-02-26 08:45:00,0.5378909707069397,0.34588319063186646
2019-02-25,2019-02-26 09:00:00,0.40781301259994507,0.21180376410484314
2019-02-25,2019-02-26 09:15:00,0.29531198740005493,0.10290016233921051
2019-02-25,2019-02-26 09:30:00,0.1511719971895218,0.04677226021885872
2019-02-25,2019-02-26 09:45:00,0.04570300132036209,0.0201883465051651
2019-02-25,2019-02-26 10:00:00,0.0,0.0
2019-02-25,2019-02-26 10:15:00,0.0,0.0
2019-02-25,2019-02-26 10:30:00,0.0,0.0
2019-02-25,2019-02-26 10:45:00,0.0,0.0
2019-02-25,2019-02-26 11:00:00,0.0,0.0
2019-02-25,2019-02-26 11:15:00,0.0,0.0
2019-02-25,2019-02-26 11:30:00,0.0,0.02530483528971672
2019-02-25,2019-02-26 11:45:00,0.0,0.021183228120207787
2019-02-25,2019-02-26 12:00:00,0.0,0.04645911976695061
2019-02-25,2019-02-26 12:15:00,0.0,0.02946408838033676
2019-02-25,2019-02-26 12:30:00,0.0,0.07636605948209763
2019-02-25,2019-02-26 12:45:00,0.0,0.07902301102876663
2019-02-25,2019-02-26 13:00:00,0.0,0.045331619679927826
2019-02-25,2019-02-26 13:15:00,0.0,0.05902368575334549
2019-02-25,2019-02-26 13:30:00,0.0,0.023143619298934937
2019-02-25,2019-02-26 13:45:00,0.0,0.0
2019-02-25,2019-02-26 14:00:00,0.0,0.0
2019-02-25,2019-02-26 14:15:00,0.0,0.0
2019-02-25,2019-02-26 14:30:00,0.0,0.0
2019-02-25,2019-02-26 14:45:00,0.0,0.0
2019-02-25,2019-02-26 15:00:00,0.0,0.0
2019-02-25,2019-02-26 15:15:00,0.0,0.0
2019-02-25,2019-02-26 15:30:00,0.0,0.0
2019-02-25,2019-02-26 15:45:00,0.0,0.0044663893058896065
2019-02-25,2019-02-26 16:00:00,0.0,0.0
2019-02-25,2019-02-26 16:15:00,0.0,0.0
2019-02-25,2019-02-26 16:30:00,0.0,0.006665316876024008
2019-02-25,2019-02-26 16:45:00,0.0,0.0
2019-02-25,2019-02-26 17:00:00,0.0,0.0
2019-02-25,2019-02-26 17:15:00,0.0,0.008760371245443821
2019-02-25,2019-02-26 17:30:00,0.0,0.01612800359725952
2019-02-25,2019-02-26 17:45:00,0.0,0.004959674086421728
2019-02-25,2019-02-26 18:00:00,0.0,0.021664949133992195
2019-02-25,2019-02-26 18:15:00,0.0,0.02102256752550602
2019-02-25,2019-02-26 18:30:00,0.0,0.0
2019-02-25,2019-02-26 18:45:00,0.0,0.0
2019-02-25,2019-02-26 19:00:00,0.0,0.005503418389707804
2019-02-25,2019-02-26 19:15:00,0.0,0.0
2019-02-25,2019-02-26 19:30:00,0.0,0.0
2019-02-25,2019-02-26 19:45:00,0.0,0.0
2019-02-25,2019-02-26 20:00:00,0.0,0.0
2019-02-25,2019-02-26 20:15:00,0.0,0.0
2019-02-25,2019-02-26 20:30:00,0.0,0.0
2019-02-25,2019-02-26 20:45:00,0.0,0.0
2019-02-25,2019-02-26 21:00:00,0.0,0.0
2019-02-25,2019-02-26 21:15:00,0.0,0.0
2019-02-25,2019-02-26 21:30:00,0.0,0.0
2019-02-25,2019-02-26 21:45:00,0.0,0.0
2019-02-25,2019-02-26 22:00:00,0.0,0.0
2019-02-25,2019-02-26 22:15:00,0.0,0.0
2019-02-25,2019-02-26 22:30:00,0.0,0.0
2019-02-25,2019-02-26 22:45:00,0.0,0.0
2019-02-25,2019-02-26 23:00:00,0.0,0.02840939722955227
2019-02-25,2019-02-26 23:15:00,0.0,0.0847717672586441
2019-02-25,2019-02-26 23:30:00,0.12304700165987015,0.11805285513401031
2019-02-25,2019-02-26 23:45:00,0.20742200314998627,0.20732833445072174
2019-02-26,2019-02-27 00:00:00,0.25312501192092896,0.13247598707675934
2019-02-26,2019-02-27 00:15:00,0.4675779938697815,0.16508515179157257
2019-02-26,2019-02-27 00:30:00,0.6890619993209839,0.317108154296875
2019-02-26,2019-02-27 00:45:00,0.46054700016975403,0.40258702635765076
2019-02-26,2019-02-27 01:00:00,0.5378909707069397,0.5607080459594727
2019-02-26,2019-02-27 01:15:00,0.6574220061302185,0.7465035319328308
2019-02-26,2019-02-27 01:30:00,0.8578130006790161,0.9185335040092468
2019-02-26,2019-02-27 01:45:00,1.0582029819488525,1.0895676612854004
2019-02-26,2019-02-27 02:00:00,1.652343988418579,1.2910300493240356
2019-02-26,2019-02-27 02:15:00,1.6207029819488525,1.4501307010650635
2019-02-26,2019-02-27 02:30:00,2.133984088897705,1.6960448026657104
2019-02-26,2019-02-27 02:45:00,2.1726560592651367,1.8671077489852905
2019-02-26,2019-02-27 03:00:00,2.4749999046325684,2.016162395477295
2019-02-26,2019-02-27 03:15:00,2.671875,2.232952117919922
2019-02-26,2019-02-27 03:30:00,2.390625,2.3782765865325928
2019-02-26,2019-02-27 03:45:00,2.5945310592651367,2.4849987030029297
2019-02-26,2019-02-27 04:00:00,2.9496090412139893,2.5600576400756836
2019-02-26,2019-02-27 04:15:00,3.0339839458465576,2.602842330932617
2019-02-26,2019-02-27 04:30:00,2.7351560592651367,2.714538335800171
2019-02-26,2019-02-27 04:45:00,3.0093750953674316,2.6687686443328857
2019-02-26,2019-02-27 05:00:00,2.225390911102295,2.7250101566314697
2019-02-26,2019-02-27 05:15:00,3.2097649574279785,2.8019535541534424
2019-02-26,2019-02-27 05:30:00,3.005858898162842,2.7147040367126465
2019-02-26,2019-02-27 05:45:00,2.9039061069488525,2.7442939281463623
2019-02-26,2019-02-27 06:00:00,2.924999952316284,2.6591403484344482
2019-02-26,2019-02-27 06:15:00,2.8511719703674316,2.651853561401367
2019-02-26,2019-02-27 06:30:00,2.664844036102295,2.507021903991699
2019-02-26,2019-02-27 06:45:00,2.54531192779541,2.3528547286987305
2019-02-26,2019-02-27 07:00:00,2.373047113418579,2.200195550918579
2019-02-26,2019-02-27 07:15:00,2.1761720180511475,1.9619183540344238
2019-02-26,2019-02-27 07:30:00,1.9863280057907104,1.739380121231079
2019-02-26,2019-02-27 07:45:00,1.8386720418930054,1.5269911289215088
2019-02-26,2019-02-27 08:00:00,1.546875,1.279471755027771
2019-02-26,2019-02-27 08:15:00,1.3289060592651367,1.0716509819030762
2019-02-26,2019-02-27 08:30:00,1.026561975479126,0.7922894954681396
2019-02-26,2019-02-27 08:45:00,0.7769529819488525,0.6311237215995789
2019-02-26,2019-02-27 09:00:00,0.5167970061302185,0.42188143730163574
2019-02-26,2019-02-27 09:15:00,0.3410159945487976,0.21905481815338135
2019-02-26,2019-02-27 09:30:00,0.19687500596046448,0.09320572763681412
2019-02-26,2019-02-27 09:45:00,0.021093999966979027,0.03512329235672951
2019-02-26,2019-02-27 10:00:00,0.0,0.0
2019-02-26,2019-02-27 10:15:00,0.0,0.0
2019-02-26,2019-02-27 10:30:00,0.0,0.0
2019-02-26,2019-02-27 10:45:00,0.0,0.0
2019-02-26,2019-02-27 11:00:00,0.0,0.0
2019-02-26,2019-02-27 11:15:00,0.0,0.0
2019-02-26,2019-02-27 11:30:00,0.0,0.01982821710407734
2019-02-26,2019-02-27 11:45:00,0.0,0.0551680251955986
2019-02-26,2019-02-27 12:00:00,0.0,0.04225512221455574
2019-02-26,2019-02-27 12:15:00,0.0,0.036245428025722504
2019-02-26,2019-02-27 12:30:00,0.0,0.07701883465051651
2019-02-26,2019-02-27 12:45:00,0.0,0.09727968275547028
2019-02-26,2019-02-27 13:00:00,0.0,0.0450645312666893
2019-02-26,2019-02-27 13:15:00,0.0,0.04790545627474785
2019-02-26,2019-02-27 13:30:00,0.0,0.00864703394472599
2019-02-26,2019-02-27 13:45:00,0.0,0.005350736901164055
2019-02-26,2019-02-27 14:00:00,0.0,0.0
2019-02-26,2019-02-27 14:15:00,0.0,0.017128130421042442
2019-02-26,2019-02-27 14:30:00,0.0,0.0
2019-02-26,2019-02-27 14:45:00,0.0,0.0014801413053646684
2019-02-26,2019-02-27 15:00:00,0.0,0.0060034203343093395
2019-02-26,2019-02-27 15:15:00,0.0,0.0
2019-02-26,2019-02-27 15:30:00,0.0,0.0
2019-02-26,2019-02-27 15:45:00,0.0,0.028210025280714035
2019-02-26,2019-02-27 16:00:00,0.0,0.0
2019-02-26,2019-02-27 16:15:00,0.0,0.0
2019-02-26,2019-02-27 16:30:00,0.0,0.0
2019-02-26,2019-02-27 16:45:00,0.0,0.0
2019-02-26,2019-02-27 17:00:00,0.0,0.0
2019-02-26,2019-02-27 17:15:00,0.0,0.0
2019-02-26,2019-02-27 17:30:00,0.0,0.02048812434077263
2019-02-26,2019-02-27 17:45:00,0.0,0.0
2019-02-26,2019-02-27 18:00:00,0.0,0.014308540150523186
2019-02-26,2019-02-27 18:15:00,0.0,0.0
2019-02-26,2019-02-27 18:30:00,0.0,0.0
2019-02-26,2019-02-27 18:45:00,0.0,0.0
2019-02-26,2019-02-27 19:00:00,0.0,0.0
2019-02-26,2019-02-27 19:15:00,0.0,0.0
2019-02-26,2019-02-27 19:30:00,0.0,0.0
2019-02-26,2019-02-27 19:45:00,0.0,0.0
2019-02-26,2019-02-27 20:00:00,0.0,0.0008344582165591419
2019-02-26,2019-02-27 20:15:00,0.0,0.0
2019-02-26,2019-02-27 20:30:00,0.0,0.0
2019-02-26,2019-02-27 20:45:00,0.0,0.005890765227377415
2019-02-26,2019-02-27 21:00:00,0.0,0.0
2019-02-26,2019-02-27 21:15:00,0.0,0.0
2019-02-26,2019-02-27 21:30:00,0.0,0.0
2019-02-26,2019-02-27 21:45:00,0.0,0.005846330896019936
2019-02-26,2019-02-27 22:00:00,0.0,0.0
2019-02-26,2019-02-27 22:15:00,0.0,0.0
2019-02-26,2019-02-27 22:30:00,0.0,0.005563003476709127
2019-02-26,2019-02-27 22:45:00,0.0,0.021980877965688705
2019-02-26,2019-02-27 23:00:00,0.0,0.06634654104709625
2019-02-26,2019-02-27 23:15:00,0.03867200016975403,0.09103903919458389
2019-02-26,2019-02-27 23:30:00,0.08437500149011612,0.11164328455924988
2019-02-26,2019-02-27 23:45:00,0.24257799983024597,0.1799762099981308
2019-02-27,2019-02-28 00:00:00,0.3480469882488251,0.2479356974363327
2019-02-27,2019-02-28 00:15:00,0.49921900033950806,0.34205520153045654
2019-02-27,2019-02-28 00:30:00,0.6433590054512024,0.5215275883674622
2019-02-27,2019-02-28 00:45:00,0.8050780296325684,0.6388030648231506
2019-02-27,2019-02-28 01:00:00,0.9914060235023499,0.7868179082870483
2019-02-27,2019-02-28 01:15:00,1.132030963897705,0.9186089038848877
2019-02-27,2019-02-28 01:30:00,1.3359379768371582,1.0768760442733765
2019-02-27,2019-02-28 01:45:00,1.4800779819488525,1.1971336603164673
2019-02-27,2019-02-28 02:00:00,1.5328119993209839,1.3031842708587646
2019-02-27,2019-02-28 02:15:00,1.6347659826278687,1.3583284616470337
2019-02-27,2019-02-28 02:30:00,1.8105469942092896,1.3964695930480957
2019-02-27,2019-02-28 02:45:00,1.6839840412139893,1.4470546245574951
2019-02-27,2019-02-28 03:00:00,1.638280987739563,1.4647382497787476
2019-02-27,2019-02-28 03:15:00,1.6839840412139893,1.5069832801818848
2019-02-27,2019-02-28 03:30:00,1.9476560354232788,1.5266915559768677
2019-02-27,2019-02-28 03:45:00,1.9652340412139893,1.5222684144973755
2019-02-27,2019-02-28 04:00:00,2.133984088897705,1.4718166589736938
2019-02-27,2019-02-28 04:15:00,1.8597660064697266,1.4608230590820312
2019-02-27,2019-02-28 04:30:00,1.3851560354232788,1.5276278257369995
2019-02-27,2019-02-28 04:45:00,1.2761720418930054,1.4812321662902832
2019-02-27,2019-02-28 05:00:00,1.3816410303115845,1.5170964002609253
2019-02-27,2019-02-28 05:15:00,1.9863280057907104,1.595117211341858
2019-02-27,2019-02-28 05:30:00,2.1867189407348633,1.554398775100708
2019-02-27,2019-02-28 05:45:00,2.102344036102295,1.6030548810958862
2019-02-27,2019-02-28 06:00:00,2.003906011581421,1.5864320993423462
2019-02-27,2019-02-28 06:15:00,1.828125,1.5945184230804443
2019-02-27,2019-02-28 06:30:00,1.6875,1.5378273725509644
2019-02-27,2019-02-28 06:45:00,1.6488280296325684,1.430901288986206
2019-02-27,2019-02-28 07:00:00,1.553905963897705,1.3326984643936157
2019-02-27,2019-02-28 07:15:00,1.455469012260437,1.2057318687438965
2019-02-27,2019-02-28 07:30:00,1.3921869993209839,1.0593860149383545
2019-02-27,2019-02-28 07:45:00,1.1707030534744263,0.9153923392295837
2019-02-27,2019-02-28 08:00:00,1.075780987739563,0.7609658241271973
2019-02-27,2019-02-28 08:15:00,0.8894529938697815,0.6269745826721191
2019-02-27,2019-02-28 08:30:00,0.7101560235023499,0.4879659116268158
2019-02-27,2019-02-28 08:45:00,0.541405975818634,0.3585050106048584
2019-02-27,2019-02-28 09:00:00,0.41484400629997253,0.251299113035202
2019-02-27,2019-02-28 09:15:00,0.2460940033197403,0.13183851540088654
2019-02-27,2019-02-28 09:30:00,0.140625,0.09452592581510544
2019-02-27,2019-02-28 09:45:00,0.05624999850988388,0.051507577300071716
2019-02-27,2019-02-28 10:00:00,0.0,0.02573222480714321
2019-02-27,2019-02-28 10:15:00,0.0,0.0
2019-02-27,2019-02-28 10:30:00,0.0,0.0
2019-02-27,2019-02-28 10:45:00,0.0,0.0
2019-02-27,2019-02-28 11:00:00,0.0,0.0
2019-02-27,2019-02-28 11:15:00,0.0,0.009599674493074417
2019-02-27,2019-02-28 11:30:00,0.0,0.03901604935526848
2019-02-27,2019-02-28 11:45:00,0.0,0.0
2019-02-27,2019-02-28 12:00:00,0.0,0.0
2019-02-27,2019-02-28 12:15:00,0.0,0.0
2019-02-27,2019-02-28 12:30:00,0.0,0.009258721955120564
2019-02-27,2019-02-28 12:45:00,0.0,0.036203742027282715
2019-02-27,2019-02-28 13:00:00,0.0,0.0
2019-02-27,2019-02-28 13:15:00,0.0,0.0
2019-02-27,2019-02-28 13:30:00,0.0,0.0
2019-02-27,2019-02-28 13:45:00,0.0,0.0
2019-02-27,2019-02-28 14:00:00,0.0,0.0
2019-02-27,2019-02-28 14:15:00,0.0,0.0
2019-02-27,2019-02-28 14:30:00,0.0,0.0
2019-02-27,2019-02-28 14:45:00,0.0,0.0
2019-02-27,2019-02-28 15:00:00,0.0,0.0
2019-02-27,2019-02-28 15:15:00,0.0,0.0
2019-02-27,2019-02-28 15:30:00,0.0,0.0006914366385899484
2019-02-27,2019-02-28 15:45:00,0.0,0.05983957648277283
2019-02-27,2019-02-28 16:00:00,0.0,0.011376147158443928
2019-02-27,2019-02-28 16:15:00,0.0,0.01744428649544716
2019-02-27,2019-02-28 16:30:00,0.0,0.007767537143081427
2019-02-27,2019-02-28 16:45:00,0.0,0.005172851029783487
2019-02-27,2019-02-28 17:00:00,0.0,0.003802086226642132
2019-02-27,2019-02-28 17:15:00,0.0,0.004740025848150253
2019-02-27,2019-02-28 17:30:00,0.0,0.005282144993543625
2019-02-27,2019-02-28 17:45:00,0.0,0.0
2019-02-27,2019-02-28 18:00:00,0.0,0.0
2019-02-27,2019-02-28 18:15:00,0.0,0.0
2019-02-27,2019-02-28 18:30:00,0.0,0.0
2019-02-27,2019-02-28 18:45:00,0.0,0.0
2019-02-27,2019-02-28 19:00:00,0.0,0.0
2019-02-27,2019-02-28 19:15:00,0.0,0.0
2019-02-27,2019-02-28 19:30:00,0.0,0.0
2019-02-27,2019-02-28 19:45:00,0.0,0.0
2019-02-27,2019-02-28 20:00:00,0.0,0.0
2019-02-27,2019-02-28 20:15:00,0.0,0.0
2019-02-27,2019-02-28 20:30:00,0.0,0.0
2019-02-27,2019-02-28 20:45:00,0.0,0.0
2019-02-27,2019-02-28 21:00:00,0.0,0.0
2019-02-27,2019-02-28 21:15:00,0.0,0.0
2019-02-27,2019-02-28 21:30:00,0.0,0.0
2019-02-27,2019-02-28 21:45:00,0.0,0.0
2019-02-27,2019-02-28 22:00:00,0.0,0.0
2019-02-27,2019-02-28 22:15:00,0.0,0.0
2019-02-27,2019-02-28 22:30:00,0.0,0.0021270178258419037
2019-02-27,2019-02-28 22:45:00,0.0,0.010467423126101494
2019-02-27,2019-02-28 23:00:00,0.0,0.060973700135946274
2019-02-27,2019-02-28 23:15:00,0.04570300132036209,0.0941968485713005
2019-02-27,2019-02-28 23:30:00,0.11953099817037582,0.1437845528125763
2019-02-27,2019-02-28 23:45:00,0.2460940033197403,0.23627765476703644
2019-05-24,2019-05-25 00:00:00,1.8949220180511475,1.8696532249450684
2019-05-24,2019-05-25 00:15:00,2.133984088897705,2.112406015396118
2019-05-24,2019-05-25 00:30:00,2.3765621185302734,2.3916406631469727
2019-05-24,2019-05-25 00:45:00,2.6050779819488525,2.5326974391937256
2019-05-24,2019-05-25 01:00:00,2.8687500953674316,2.7278378009796143
2019-05-24,2019-05-25 01:15:00,3.0796871185302734,2.9040334224700928
2019-05-24,2019-05-25 01:30:00,3.244921922683716,3.0445456504821777
2019-05-24,2019-05-25 01:45:00,3.417186975479126,3.105959415435791
2019-05-24,2019-05-25 02:00:00,3.5542969703674316,3.210817575454712
2019-05-24,2019-05-25 02:15:00,3.684375047683716,3.28397536277771
2019-05-24,2019-05-25 02:30:00,3.7722649574279785,3.297330141067505
2019-05-24,2019-05-25 02:45:00,3.81093692779541,3.401956081390381
2019-05-24,2019-05-25 03:00:00,3.8460938930511475,3.4082019329071045
2019-05-24,2019-05-25 03:15:00,3.779297113418579,3.483330488204956
2019-05-24,2019-05-25 03:30:00,3.726562023162842,3.5871169567108154
2019-05-24,2019-05-25 03:45:00,3.645703077316284,3.568913221359253
2019-05-24,2019-05-25 04:00:00,3.645703077316284,3.5444769859313965
2019-05-24,2019-05-25 04:15:00,3.6175780296325684,3.5289902687072754
2019-05-24,2019-05-25 04:30:00,3.6140620708465576,3.585432529449463
2019-05-24,2019-05-25 04:45:00,3.666796922683716,3.547955274581909
2019-05-24,2019-05-25 05:00:00,3.522655963897705,3.57356858253479
2019-05-24,2019-05-25 05:15:00,3.698436975479126,3.5677926540374756
2019-05-24,2019-05-25 05:30:00,3.568358898162842,3.5114283561706543
2019-05-24,2019-05-25 05:45:00,3.649219036102295,3.531069040298462
2019-05-24,2019-05-25 06:00:00,3.6140620708465576,3.45865535736084
2019-05-24,2019-05-25 06:15:00,3.4769530296325684,3.488992214202881
2019-05-24,2019-05-25 06:30:00,3.540234088897705,3.357590913772583
2019-05-24,2019-05-25 06:45:00,3.4066410064697266,3.2430081367492676
2019-05-24,2019-05-25 07:00:00,3.339843988418579,3.1469600200653076
2019-05-24,2019-05-25 07:15:00,3.1921870708465576,2.975127935409546
2019-05-24,2019-05-25 07:30:00,3.0093750953674316,2.8014063835144043
2019-05-24,2019-05-25 07:45:00,2.7914059162139893,2.587303400039673
2019-05-24,2019-05-25 08:00:00,2.489063024520874,2.317075490951538
2019-05-24,2019-05-25 08:15:00,2.548827886581421,2.041973114013672
2019-05-24,2019-05-25 08:30:00,2.1937499046325684,1.773900032043457
2019-05-24,2019-05-25 08:45:00,1.5679689645767212,1.511018991470337
2019-05-24,2019-05-25 09:00:00,1.4589840173721313,1.2314174175262451
2019-05-24,2019-05-25 09:15:00,0.6468750238418579,0.918429434299469
2019-05-24,2019-05-25 09:30:00,1.399219036102295,0.7214121222496033
2019-05-24,2019-05-25 09:45:00,0.8964840173721313,0.5591206550598145
2019-05-24,2019-05-25 10:00:00,0.611719012260437,0.38249799609184265
2019-05-24,2019-05-25 10:15:00,0.5554689764976501,0.26148682832717896
2019-05-24,2019-05-25 10:30:00,0.14414100348949432,0.11946918815374374
2019-05-24,2019-05-25 10:45:00,0.16875000298023224,0.08582652360200882
2019-05-24,2019-05-25 11:00:00,0.08789099752902985,0.04226086288690567
2019-05-24,2019-05-25 11:15:00,0.0,0.04131279140710831
2019-05-24,2019-05-25 11:30:00,0.0,0.05135027691721916
2019-05-24,2019-05-25 11:45:00,0.0,0.010771232657134533
2019-05-24,2019-05-25 12:00:00,0.0,0.0
2019-05-24,2019-05-25 12:15:00,0.0,0.01126326248049736
2019-05-24,2019-05-25 12:30:00,0.0,0.01959327794611454
2019-05-24,2019-05-25 12:45:00,0.0,0.09225834161043167
2019-05-24,2019-05-25 13:00:00,0.0,0.021296335384249687
2019-05-24,2019-05-25 13:15:00,0.0,0.02614039182662964
2019-05-24,2019-05-25 13:30:00,0.0,0.017339076846837997
2019-05-24,2019-05-25 13:45:00,0.0,0.08075333386659622
2019-05-24,2019-05-25 14:00:00,0.0,0.026824621483683586
2019-05-24,2019-05-25 14:15:00,0.0,0.027112558484077454
2019-05-24,2019-05-25 14:30:00,0.0,1.1830596122308634e-05
2019-05-24,2019-05-25 14:45:00,0.0,0.01804390177130699
2019-05-24,2019-05-25 15:00:00,0.0,0.04631904512643814
2019-05-24,2019-05-25 15:15:00,0.0,0.016629096120595932
2019-05-24,2019-05-25 15:30:00,0.0,0.03383616730570793
2019-05-24,2019-05-25 15:45:00,0.0,0.06058561056852341
2019-05-24,2019-05-25 16:00:00,0.0,0.03920421004295349
2019-05-24,2019-05-25 16:15:00,0.0,0.006881158333271742
2019-05-24,2019-05-25 16:30:00,0.0,0.011233264580368996
2019-05-24,2019-05-25 16:45:00,0.0,0.0
2019-05-24,2019-05-25 17:00:00,0.0,0.0
2019-05-24,2019-05-25 17:15:00,0.0,0.0
2019-05-24,2019-05-25 17:30:00,0.0,0.0
2019-05-24,2019-05-25 17:45:00,0.0,0.0
2019-05-24,2019-05-25 18:00:00,0.0,0.0
2019-05-24,2019-05-25 18:15:00,0.0,0.0
2019-05-24,2019-05-25 18:30:00,0.0,0.0
2019-05-24,2019-05-25 18:45:00,0.0,0.0
2019-05-24,2019-05-25 19:00:00,0.0,0.0
2019-05-24,2019-05-25 19:15:00,0.0,0.0
2019-05-24,2019-05-25 19:30:00,0.0,0.0
2019-05-24,2019-05-25 19:45:00,0.0,0.0
2019-05-24,2019-05-25 20:00:00,0.0,0.0
2019-05-24,2019-05-25 20:15:00,0.0,0.0
2019-05-24,2019-05-25 20:30:00,0.0,0.018858471885323524
2019-05-24,2019-05-25 20:45:00,0.0,0.002146385842934251
2019-05-24,2019-05-25 21:00:00,0.0,0.033776599913835526
2019-05-24,2019-05-25 21:15:00,0.0,0.09515509009361267
2019-05-24,2019-05-25 21:30:00,0.05624999850988388,0.10680191963911057
2019-05-24,2019-05-25 21:45:00,0.1300780028104782,0.23085527122020721
2019-05-24,2019-05-25 22:00:00,0.24960899353027344,0.3314450979232788
2019-05-24,2019-05-25 22:15:00,0.3550780117511749,0.4434492588043213
2019-05-24,2019-05-25 22:30:00,0.541405975818634,0.6131343245506287
2019-05-24,2019-05-25 22:45:00,0.7734379768371582,0.7691708207130432
2019-05-24,2019-05-25 23:00:00,0.9527339935302734,0.943030595779419
2019-05-24,2019-05-25 23:15:00,1.033594012260437,1.1059091091156006
2019-05-24,2019-05-25 23:30:00,1.209375023841858,1.2939544916152954
2019-05-24,2019-05-25 23:45:00,1.4730470180511475,1.507938027381897
2019-05-25,2019-05-26 00:00:00,1.6734369993209839,1.6267287731170654
2019-05-25,2019-05-26 00:15:00,1.9582029581069946,1.9535681009292603
2019-05-25,2019-05-26 00:30:00,1.5996090173721313,2.321664571762085
2019-05-25,2019-05-26 00:45:00,2.0882809162139893,2.5365419387817383
2019-05-25,2019-05-26 01:00:00,2.6121089458465576,2.764132261276245
2019-05-25,2019-05-26 01:15:00,2.784374952316284,2.959428310394287
2019-05-25,2019-05-26 01:30:00,2.661328077316284,3.100027322769165
2019-05-25,2019-05-26 01:45:00,3.0128910541534424,3.159836530685425
2019-05-25,2019-05-26 02:00:00,3.487499952316284,3.1781110763549805
2019-05-25,2019-05-26 02:15:00,1.9546869993209839,3.1244957447052
2019-05-25,2019-05-26 02:30:00,3.2554690837860107,3.0525617599487305
2019-05-25,2019-05-26 02:45:00,3.5613279342651367,3.0074219703674316
2019-05-25,2019-05-26 03:00:00,1.9652340412139893,2.876741647720337
2019-05-25,2019-05-26 03:15:00,2.337891101837158,2.862349033355713
2019-05-25,2019-05-26 03:30:00,2.5101559162139893,2.8665218353271484
2019-05-25,2019-05-26 03:45:00,2.12343692779541,2.841158866882324
2019-05-25,2019-05-26 04:00:00,3.2941410541534424,2.78888201713562
2019-05-25,2019-05-26 04:15:00,3.2660160064697266,2.7578365802764893
2019-05-25,2019-05-26 04:30:00,2.373047113418579,2.835533618927002
2019-05-25,2019-05-26 04:45:00,3.779297113418579,2.76789927482605
2019-05-25,2019-05-26 05:00:00,3.4910149574279785,2.809133768081665
2019-05-25,2019-05-26 05:15:00,3.287108898162842,2.851512908935547
2019-05-25,2019-05-26 05:30:00,2.696484088897705,2.766674757003784
2019-05-25,2019-05-26 05:45:00,1.3957029581069946,2.806124448776245
2019-05-25,2019-05-26 06:00:00,2.647265911102295,2.6645314693450928
2019-05-25,2019-05-26 06:15:00,1.7613279819488525,2.6495823860168457
2019-05-25,2019-05-26 06:30:00,2.96718692779541,2.4867770671844482
2019-05-25,2019-05-26 06:45:00,2.8968749046325684,2.281470537185669
2019-05-25,2019-05-26 07:00:00,2.6578121185302734,2.1021902561187744
2019-05-25,2019-05-26 07:15:00,2.661328077316284,1.8419935703277588
2019-05-25,2019-05-26 07:30:00,2.489063024520874,1.6005337238311768
2019-05-25,2019-05-26 07:45:00,0.48515599966049194,1.3877408504486084
2019-05-25,2019-05-26 08:00:00,0.5273439884185791,1.1321666240692139
2019-05-25,2019-05-26 08:15:00,0.7804690003395081,1.0004724264144897
2019-05-25,2019-05-26 08:30:00,0.24960899353027344,0.8349713087081909
2019-05-25,2019-05-26 08:45:00,1.2023439407348633,0.7389838695526123
2019-05-25,2019-05-26 09:00:00,1.2761720418930054,0.650753378868103
2019-05-25,2019-05-26 09:15:00,1.2339839935302734,0.5120135545730591
2019-05-25,2019-05-26 09:30:00,0.9175779819488525,0.48549988865852356
2019-05-25,2019-05-26 09:45:00,0.46054700016975403,0.472059428691864
2019-05-25,2019-05-26 10:00:00,0.42890599370002747,0.4185338616371155
2019-05-25,2019-05-26 10:15:00,0.5519530177116394,0.3138469159603119
2019-05-25,2019-05-26 10:30:00,0.052733998745679855,0.2591792345046997
2019-05-25,2019-05-26 10:45:00,0.0,0.1727147102355957
2019-05-25,2019-05-26 11:00:00,0.0,0.15241529047489166
2019-05-25,2019-05-26 11:15:00,0.0,0.1363036334514618
2019-05-25,2019-05-26 11:30:00,0.0,0.1046082004904747
2019-05-25,2019-05-26 11:45:00,0.0,0.023079045116901398
2019-05-25,2019-05-26 12:00:00,0.0,0.0
2019-05-25,2019-05-26 12:15:00,0.0,0.0
2019-05-25,2019-05-26 12:30:00,0.0,0.01344688143581152
2019-05-25,2019-05-26 12:45:00,0.0,0.03292249143123627
2019-05-25,2019-05-26 13:00:00,0.0,0.011978295631706715
2019-05-25,2019-05-26 13:15:00,0.0,0.0612751841545105
2019-05-25,2019-05-26 13:30:00,0.0,0.06967267394065857
2019-05-25,2019-05-26 13:45:00,0.0,0.10096991807222366
2019-05-25,2019-05-26 14:00:00,0.0,0.06428173184394836
2019-05-25,2019-05-26 14:15:00,0.0,0.041287895292043686
2019-05-25,2019-05-26 14:30:00,0.0,0.0
2019-05-25,2019-05-26 14:45:00,0.0,0.009534945711493492
2019-05-25,2019-05-26 15:00:00,0.0,0.0
2019-05-25,2019-05-26 15:15:00,0.0,0.0
2019-05-25,2019-05-26 15:30:00,0.0,0.0
2019-05-25,2019-05-26 15:45:00,0.0,0.0
2019-05-25,2019-05-26 16:00:00,0.0,0.0
2019-05-25,2019-05-26 16:15:00,0.0,0.017356719821691513
2019-05-25,2019-05-26 16:30:00,0.0,0.02942690998315811
2019-05-25,2019-05-26 16:45:00,0.0,0.0
2019-05-25,2019-05-26 17:00:00,0.0,0.06907694041728973
2019-05-25,2019-05-26 17:15:00,0.0,0.10202648490667343
2019-05-25,2019-05-26 17:30:00,0.0,0.1338038295507431
2019-05-25,2019-05-26 17:45:00,0.0,0.14704126119613647
2019-05-25,2019-05-26 18:00:00,0.0,0.13702522218227386
2019-05-25,2019-05-26 18:15:00,0.0,0.10617394000291824
2019-05-25,2019-05-26 18:30:00,0.0,0.07031597942113876
2019-05-25,2019-05-26 18:45:00,0.0,0.03656954690814018
2019-05-25,2019-05-26 19:00:00,0.0,0.0069862548261880875
2019-05-25,2019-05-26 19:15:00,0.0,0.0
2019-05-25,2019-05-26 19:30:00,0.0,0.0
2019-05-25,2019-05-26 19:45:00,0.0,0.0
2019-05-25,2019-05-26 20:00:00,0.0,0.0
2019-05-25,2019-05-26 20:15:00,0.0,0.0
2019-05-25,2019-05-26 20:30:00,0.0,0.0
2019-05-25,2019-05-26 20:45:00,0.0,0.0
2019-05-25,2019-05-26 21:00:00,0.0,0.0
2019-05-25,2019-05-26 21:15:00,0.014062000438570976,0.0
2019-05-25,2019-05-26 21:30:00,0.021093999966979027,0.027969175949692726
2019-05-25,2019-05-26 21:45:00,0.1757809966802597,0.10285983234643936
2019-05-25,2019-05-26 22:00:00,0.291797012090683,0.21835766732692719
2019-05-25,2019-05-26 22:15:00,0.4675779938697815,0.3273610770702362
2019-05-25,2019-05-26 22:30:00,0.5695310235023499,0.5760093927383423
2019-05-25,2019-05-26 22:45:00,1.0300780534744263,0.7514371871948242
2019-05-25,2019-05-26 23:00:00,1.3957029581069946,0.9793087840080261
2019-05-25,2019-05-26 23:15:00,1.4273439645767212,1.2880340814590454
2019-05-25,2019-05-26 23:30:00,1.8562500476837158,1.5765641927719116
2019-05-25,2019-05-26 23:45:00,2.1585938930511475,1.9006588459014893
2019-05-26,2019-05-27 00:00:00,1.8878910541534424,2.2834389209747314
2019-05-26,2019-05-27 00:15:00,1.863281011581421,2.6340906620025635
2019-05-26,2019-05-27 00:30:00,2.700000047683716,2.9816038608551025
2019-05-26,2019-05-27 00:45:00,2.9390621185302734,3.221959114074707
2019-05-26,2019-05-27 01:00:00,3.550781011581421,3.469144821166992
2019-05-26,2019-05-27 01:15:00,3.8425779342651367,3.72870135307312
2019-05-26,2019-05-27 01:30:00,3.8425779342651367,3.9166338443756104
2019-05-26,2019-05-27 01:45:00,4.23281192779541,4.0483174324035645
2019-05-26,2019-05-27 02:00:00,4.545702934265137,4.192412853240967
2019-05-26,2019-05-27 02:15:00,4.682812213897705,4.301650047302246
2019-05-26,2019-05-27 02:30:00,4.633594036102295,4.379994869232178
2019-05-26,2019-05-27 02:45:00,4.7390618324279785,4.51571798324585
2019-05-26,2019-05-27 03:00:00,4.900781154632568,4.517560958862305
2019-05-26,2019-05-27 03:15:00,4.964062213897705,4.635944843292236
2019-05-26,2019-05-27 03:30:00,4.92539119720459,4.752640724182129
2019-05-26,2019-05-27 03:45:00,4.865624904632568,4.712482452392578
2019-05-26,2019-05-27 04:00:00,4.798828125,4.73924446105957
2019-05-26,2019-05-27 04:15:00,4.6160149574279785,4.56289005279541
2019-05-26,2019-05-27 04:30:00,4.50351619720459,4.625433921813965
2019-05-26,2019-05-27 04:45:00,4.387499809265137,4.446875095367432
2019-05-26,2019-05-27 05:00:00,4.278514862060547,4.3227105140686035
2019-05-26,2019-05-27 05:15:00,4.36289119720459,4.281754493713379
2019-05-26,2019-05-27 05:30:00,4.187108993530273,4.096214294433594
2019-05-26,2019-05-27 05:45:00,4.169530868530273,4.0842790603637695
2019-05-26,2019-05-27 06:00:00,3.9410150051116943,3.9153223037719727
2019-05-26,2019-05-27 06:15:00,3.6421871185302734,3.909722089767456
2019-05-26,2019-05-27 06:30:00,3.4769530296325684,3.751878023147583
2019-05-26,2019-05-27 06:45:00,2.7281250953674316,3.5857176780700684
2019-05-26,2019-05-27 07:00:00,1.2199219465255737,3.4857382774353027
2019-05-26,2019-05-27 07:15:00,3.8882811069488525,3.2605395317077637
2019-05-26,2019-05-27 07:30:00,3.5929689407348633,3.0590763092041016
2019-05-26,2019-05-27 07:45:00,3.4699220657348633,2.832720994949341
2019-05-26,2019-05-27 08:00:00,2.5101559162139893,2.555558919906616
2019-05-26,2019-05-27 08:15:00,2.0179688930511475,2.2736687660217285
2019-05-26,2019-05-27 08:30:00,2.1691410541534424,1.908823847770691
2019-05-26,2019-05-27 08:45:00,2.2113280296325684,1.688159465789795
2019-05-26,2019-05-27 09:00:00,0.935155987739563,1.3738861083984375
2019-05-26,2019-05-27 09:15:00,1.40625,1.0206105709075928
2019-05-26,2019-05-27 09:30:00,1.0863280296325684,0.760554850101471
2019-05-26,2019-05-27 09:45:00,0.9527339935302734,0.6285784244537354
2019-05-26,2019-05-27 10:00:00,0.6433590054512024,0.4715556800365448
2019-05-26,2019-05-27 10:15:00,0.5871090292930603,0.2916935682296753
2019-05-26,2019-05-27 10:30:00,0.48515599966049194,0.16225919127464294
2019-05-26,2019-05-27 10:45:00,0.40781301259994507,0.12172471731901169
2019-05-26,2019-05-27 11:00:00,0.2003909945487976,0.07483632117509842
2019-05-26,2019-05-27 11:15:00,0.007031000219285488,0.06146395951509476
2019-05-26,2019-05-27 11:30:00,0.0,0.028686150908470154
2019-05-26,2019-05-27 11:45:00,0.0,0.05166645720601082
2019-05-26,2019-05-27 12:00:00,0.0,0.0
2019-05-26,2019-05-27 12:15:00,0.0,0.0
2019-05-26,2019-05-27 12:30:00,0.0,0.044154517352581024
2019-05-26,2019-05-27 12:45:00,0.0,0.08023691177368164
2019-05-26,2019-05-27 13:00:00,0.0,0.04816685616970062
2019-05-26,2019-05-27 13:15:00,0.0,0.018714068457484245
2019-05-26,2019-05-27 13:30:00,0.0,0.07690005749464035
2019-05-26,2019-05-27 13:45:00,0.0,0.10998041927814484
2019-05-26,2019-05-27 14:00:00,0.0,0.06569173187017441
2019-05-26,2019-05-27 14:15:00,0.0,0.12125815451145172
2019-05-26,2019-05-27 14:30:00,0.0,0.025412028655409813
2019-05-26,2019-05-27 14:45:00,0.0,0.0734381452202797
2019-05-26,2019-05-27 15:00:00,0.0,0.07007905095815659
2019-05-26,2019-05-27 15:15:00,0.0,0.055692028254270554
2019-05-26,2019-05-27 15:30:00,0.0,0.06457356363534927
2019-05-26,2019-05-27 15:45:00,0.0,0.10632704943418503
2019-05-26,2019-05-27 16:00:00,0.0,0.050412617623806
2019-05-26,2019-05-27 16:15:00,0.0,0.04004018008708954
2019-05-26,2019-05-27 16:30:00,0.0,0.04313371703028679
2019-05-26,2019-05-27 16:45:00,0.0,0.014585931785404682
2019-05-26,2019-05-27 17:00:00,0.0,0.05030986666679382
2019-05-26,2019-05-27 17:15:00,0.0,0.04507618770003319
2019-05-26,2019-05-27 17:30:00,0.0,0.1113402470946312
2019-05-26,2019-05-27 17:45:00,0.0,0.03731919452548027
2019-05-26,2019-05-27 18:00:00,0.0,0.080161914229393
2019-05-26,2019-05-27 18:15:00,0.0,0.0
2019-05-26,2019-05-27 18:30:00,0.0,0.005537212826311588
2019-05-26,2019-05-27 18:45:00,0.0,0.0
2019-05-26,2019-05-27 19:00:00,0.0,0.0
2019-05-26,2019-05-27 19:15:00,0.0,0.018096737563610077
2019-05-26,2019-05-27 19:30:00,0.0,0.0
2019-05-26,2019-05-27 19:45:00,0.0,0.0
2019-05-26,2019-05-27 20:00:00,0.0,0.0
2019-05-26,2019-05-27 20:15:00,0.0,0.0
2019-05-26,2019-05-27 20:30:00,0.0,0.025857938453555107
2019-05-26,2019-05-27 20:45:00,0.0,0.0
2019-05-26,2019-05-27 21:00:00,0.0,0.0
2019-05-26,2019-05-27 21:15:00,0.042187999933958054,0.01784646511077881
2019-05-26,2019-05-27 21:30:00,0.1757809966802597,0.034363314509391785
2019-05-26,2019-05-27 21:45:00,0.22499999403953552,0.09995894879102707
2019-05-26,2019-05-27 22:00:00,0.330469012260437,0.24848318099975586
2019-05-26,2019-05-27 22:15:00,0.4781250059604645,0.31553760170936584
2019-05-26,2019-05-27 22:30:00,0.703125,0.6115344166755676
2019-05-26,2019-05-27 22:45:00,0.935155987739563,0.8753271102905273
2019-05-26,2019-05-27 23:00:00,1.2269530296325684,1.148290991783142
2019-05-26,2019-05-27 23:15:00,1.539844036102295,1.4818415641784668
2019-05-26,2019-05-27 23:30:00,1.8562500476837158,1.8366256952285767
2019-05-26,2019-05-27 23:45:00,2.12343692779541,2.1818060874938965
2019-05-27,2019-05-28 00:00:00,2.4117190837860107,2.4188246726989746
2019-05-27,2019-05-28 00:15:00,2.682421922683716,2.748777151107788
2019-05-27,2019-05-28 00:30:00,2.9214839935302734,3.099073886871338
2019-05-27,2019-05-28 00:45:00,3.164062023162842,3.3093204498291016
2019-05-27,2019-05-28 01:00:00,3.3714840412139893,3.5710833072662354
2019-05-27,2019-05-28 01:15:00,3.5789060592651367,3.794893741607666
2019-05-27,2019-05-28 01:30:00,3.7195310592651367,3.980907678604126
2019-05-27,2019-05-28 01:45:00,3.8953120708465576,4.058970928192139
2019-05-27,2019-05-28 02:00:00,4.004296779632568,4.183114528656006
2019-05-27,2019-05-28 02:15:00,3.9375,4.263663291931152
2019-05-27,2019-05-28 02:30:00,4.018359184265137,4.295490741729736
2019-05-27,2019-05-28 02:45:00,4.095703125,4.404665946960449
2019-05-27,2019-05-28 03:00:00,4.130858898162842,4.384176254272461
2019-05-27,2019-05-28 03:15:00,4.229297161102295,4.526061534881592
2019-05-27,2019-05-28 03:30:00,4.257421970367432,4.5995941162109375
2019-05-27,2019-05-28 03:45:00,4.267969131469727,4.602105140686035
2019-05-27,2019-05-28 04:00:00,4.21523380279541,4.607690334320068
2019-05-27,2019-05-28 04:15:00,4.225780963897705,4.514901638031006
2019-05-27,2019-05-28 04:30:00,4.123827934265137,4.579731464385986
2019-05-27,2019-05-28 04:45:00,4.106249809265137,4.414950847625732
2019-05-27,2019-05-28 05:00:00,4.162499904632568,4.381043910980225
2019-05-27,2019-05-28 05:15:00,4.141406059265137,4.370436668395996
2019-05-27,2019-05-28 05:30:00,4.123827934265137,4.185626983642578
2019-05-27,2019-05-28 05:45:00,4.088672161102295,4.225338935852051
2019-05-27,2019-05-28 06:00:00,4.011328220367432,4.0490593910217285
2019-05-27,2019-05-28 06:15:00,3.9691410064697266,4.076752185821533
2019-05-27,2019-05-28 06:30:00,3.979686975479126,3.9747939109802246
2019-05-27,2019-05-28 06:45:00,3.8460938930511475,3.860701084136963
2019-05-27,2019-05-28 07:00:00,3.761718988418579,3.7869765758514404
2019-05-27,2019-05-28 07:15:00,3.6140620708465576,3.5950915813446045
2019-05-27,2019-05-28 07:30:00,3.4242188930511475,3.4890310764312744
2019-05-27,2019-05-28 07:45:00,3.216797113418579,3.273411989212036
2019-05-27,2019-05-28 08:00:00,3.0269529819488525,3.042583703994751
2019-05-27,2019-05-28 08:15:00,2.7703120708465576,2.8366289138793945
2019-05-27,2019-05-28 08:30:00,2.53125,2.52821946144104
2019-05-27,2019-05-28 08:45:00,2.267577886581421,2.2902097702026367
2019-05-27,2019-05-28 09:00:00,1.96875,1.9543571472167969
2019-05-27,2019-05-28 09:15:00,1.6734369993209839,1.582746148109436
2019-05-27,2019-05-28 09:30:00,1.3675780296325684,1.2861244678497314
2019-05-27,2019-05-28 09:45:00,1.068750023841858,1.0741759538650513
2019-05-27,2019-05-28 10:00:00,0.8015620112419128,0.8131442070007324
2019-05-27,2019-05-28 10:15:00,0.5484369993209839,0.5354835391044617
2019-05-27,2019-05-28 10:30:00,0.26718801259994507,0.36923977732658386
2019-05-27,2019-05-28 10:45:00,0.15820300579071045,0.22940319776535034
2019-05-27,2019-05-28 11:00:00,0.10195299983024597,0.15108168125152588
2019-05-27,2019-05-28 11:15:00,0.014062000438570976,0.08197052031755447
2019-05-27,2019-05-28 11:30:00,0.0,0.02713300846517086
2019-05-27,2019-05-28 11:45:00,0.0,0.0
2019-05-27,2019-05-28 12:00:00,0.0,0.0
2019-05-27,2019-05-28 12:15:00,0.0,0.0
2019-05-27,2019-05-28 12:30:00,0.0,0.02394418977200985
2019-05-27,2019-05-28 12:45:00,0.0,0.07375284284353256
2019-05-27,2019-05-28 13:00:00,0.0,0.028220703825354576
2019-05-27,2019-05-28 13:15:00,0.0,0.030543779954314232
2019-05-27,2019-05-28 13:30:00,0.0,0.05566814914345741
2019-05-27,2019-05-28 13:45:00,0.0,0.09657367318868637
2019-05-27,2019-05-28 14:00:00,0.0,0.042868513613939285
2019-05-27,2019-05-28 14:15:00,0.0,0.0483095720410347
2019-05-27,2019-05-28 14:30:00,0.0,0.0
2019-05-27,2019-05-28 14:45:00,0.0,0.023207103833556175
2019-05-27,2019-05-28 15:00:00,0.0,0.011618427000939846
2019-05-27,2019-05-28 15:15:00,0.0,0.0011092984350398183
2019-05-27,2019-05-28 15:30:00,0.0,0.009610533714294434
2019-05-27,2019-05-28 15:45:00,0.0,0.04866311326622963
2019-05-27,2019-05-28 16:00:00,0.0,0.02469252236187458
2019-05-27,2019-05-28 16:15:00,0.0,0.019067175686359406
2019-05-27,2019-05-28 16:30:00,0.0,0.030901024118065834
2019-05-27,2019-05-28 16:45:00,0.0,0.008960637263953686
2019-05-27,2019-05-28 17:00:00,0.0,0.03381960093975067
2019-05-27,2019-05-28 17:15:00,0.0,0.04581928253173828
2019-05-27,2019-05-28 17:30:00,0.0,0.05853809788823128
2019-05-27,2019-05-28 17:45:00,0.0,0.0
2019-05-27,2019-05-28 18:00:00,0.0,0.030038336291909218
2019-05-27,2019-05-28 18:15:00,0.0,0.0
2019-05-27,2019-05-28 18:30:00,0.0,0.0
2019-05-27,2019-05-28 18:45:00,0.0,0.004076555836945772
2019-05-27,2019-05-28 19:00:00,0.0,0.0
2019-05-27,2019-05-28 19:15:00,0.0,0.012042847461998463
2019-05-27,2019-05-28 19:30:00,0.0,0.0
2019-05-27,2019-05-28 19:45:00,0.0,0.0
2019-05-27,2019-05-28 20:00:00,0.0,0.0
2019-05-27,2019-05-28 20:15:00,0.0,0.0
2019-05-27,2019-05-28 20:30:00,0.0,0.07546404004096985
2019-05-27,2019-05-28 20:45:00,0.0,0.02968752756714821
2019-05-27,2019-05-28 21:00:00,0.0,0.012956148944795132
2019-05-27,2019-05-28 21:15:00,0.003515999997034669,0.04581010341644287
2019-05-27,2019-05-28 21:30:00,0.07734400033950806,0.04473113268613815
2019-05-27,2019-05-28 21:45:00,0.140625,0.09032997488975525
2019-05-27,2019-05-28 22:00:00,0.2566410005092621,0.19555531442165375
2019-05-27,2019-05-28 22:15:00,0.39375001192092896,0.28686705231666565
2019-05-27,2019-05-28 22:30:00,0.6082029938697815,0.5152546763420105
2019-05-27,2019-05-28 22:45:00,0.8507810235023499,0.7581409811973572
2019-05-27,2019-05-28 23:00:00,1.1074219942092896,1.028344988822937
2019-05-27,2019-05-28 23:15:00,1.399219036102295,1.3093228340148926
2019-05-27,2019-05-28 23:30:00,1.6875,1.6462198495864868
2019-05-27,2019-05-28 23:45:00,1.9792970418930054,1.9980695247650146
2019-05-28,2019-05-29 00:00:00,2.26406192779541,2.2042930126190186
2019-05-28,2019-05-29 00:15:00,2.538280963897705,2.4970548152923584
2019-05-28,2019-05-29 00:30:00,2.7878899574279785,2.7839605808258057
2019-05-28,2019-05-29 00:45:00,3.0093750953674316,2.977203845977783
2019-05-28,2019-05-29 01:00:00,3.223828077316284,3.2124502658843994
2019-05-28,2019-05-29 01:15:00,3.4347660541534424,3.4069554805755615
2019-05-28,2019-05-29 01:30:00,3.5999999046325684,3.5743284225463867
2019-05-28,2019-05-29 01:45:00,3.708983898162842,3.6083388328552246
2019-05-28,2019-05-29 02:00:00,3.839061975479126,3.7578957080841064
2019-05-28,2019-05-29 02:15:00,3.909374952316284,3.8217265605926514
2019-05-28,2019-05-29 02:30:00,3.9867188930511475,3.8486766815185547
2019-05-28,2019-05-29 02:45:00,4.032422065734863,3.9665870666503906
2019-05-28,2019-05-29 03:00:00,4.050000190734863,3.9723916053771973
2019-05-28,2019-05-29 03:15:00,4.071094036102295,4.115535259246826
2019-05-28,2019-05-29 03:30:00,4.085155963897705,4.211663722991943
2019-05-28,2019-05-29 03:45:00,4.06406307220459,4.227601528167725
2019-05-28,2019-05-29 04:00:00,4.028905868530273,4.179265975952148
2019-05-28,2019-05-29 04:15:00,4.014842987060547,4.15785026550293
2019-05-28,2019-05-29 04:30:00,4.102734088897705,4.238173007965088
2019-05-28,2019-05-29 04:45:00,4.07460880279541,4.149698257446289
2019-05-28,2019-05-29 05:00:00,4.120312213897705,4.149616241455078
2019-05-28,2019-05-29 05:15:00,4.099218845367432,4.151430130004883
2019-05-28,2019-05-29 05:30:00,4.057031154632568,4.003873825073242
2019-05-28,2019-05-29 05:45:00,4.109766006469727,4.040642261505127
2019-05-28,2019-05-29 06:00:00,4.130858898162842,3.912040948867798
2019-05-28,2019-05-29 06:15:00,3.744141101837158,3.9485867023468018
2019-05-28,2019-05-29 06:30:00,3.948046922683716,3.825057029724121
2019-05-28,2019-05-29 06:45:00,3.796875,3.72495698928833
2019-05-28,2019-05-29 07:00:00,3.385546922683716,3.6380903720855713
2019-05-28,2019-05-29 07:15:00,3.779297113418579,3.4704041481018066
2019-05-28,2019-05-29 07:30:00,3.5648438930511475,3.357539176940918
2019-05-28,2019-05-29 07:45:00,3.128906011581421,3.2019293308258057
2019-05-28,2019-05-29 08:00:00,2.2957029342651367,2.955259323120117
2019-05-28,2019-05-29 08:15:00,3.216797113418579,2.765106439590454
2019-05-28,2019-05-29 08:30:00,2.6578121185302734,2.507996082305908
2019-05-28,2019-05-29 08:45:00,2.54531192779541,2.218878984451294
2019-05-28,2019-05-29 09:00:00,2.1304690837860107,1.8737740516662598
2019-05-28,2019-05-29 09:15:00,1.835155963897705,1.5004068613052368
2019-05-28,2019-05-29 09:30:00,1.5433590412139893,1.1919275522232056
2019-05-28,2019-05-29 09:45:00,0.8085939884185791,0.9680145382881165
2019-05-28,2019-05-29 10:00:00,0.4007810056209564,0.6832294464111328
2019-05-28,2019-05-29 10:15:00,0.41835901141166687,0.4245513677597046
2019-05-28,2019-05-29 10:30:00,0.37968701124191284,0.24206872284412384
2019-05-28,2019-05-29 10:45:00,0.18281200528144836,0.12032715976238251
2019-05-28,2019-05-29 11:00:00,0.11953099817037582,0.06374675035476685
2019-05-28,2019-05-29 11:15:00,0.042187999933958054,0.03433113545179367
2019-05-28,2019-05-29 11:30:00,0.0,0.004141001962125301
2019-05-28,2019-05-29 11:45:00,0.0,0.0
2019-05-28,2019-05-29 12:00:00,0.0,0.0
2019-05-28,2019-05-29 12:15:00,0.0,0.0
2019-05-28,2019-05-29 12:30:00,0.0,0.01393961627036333
2019-05-28,2019-05-29 12:45:00,0.0,0.06124701723456383
2019-05-28,2019-05-29 13:00:00,0.0,0.029440701007843018
2019-05-28,2019-05-29 13:15:00,0.0,0.04602034017443657
2019-05-28,2019-05-29 13:30:00,0.0,0.04452142491936684
2019-05-28,2019-05-29 13:45:00,0.0,0.10748279839754105
2019-05-28,2019-05-29 14:00:00,0.0,0.028137406334280968
2019-05-28,2019-05-29 14:15:00,0.0,0.022258134558796883
2019-05-28,2019-05-29 14:30:00,0.0,0.0
2019-05-28,2019-05-29 14:45:00,0.0,0.0010804523481056094
2019-05-28,2019-05-29 15:00:00,0.0,0.0
2019-05-28,2019-05-29 15:15:00,0.0,0.0
2019-05-28,2019-05-29 15:30:00,0.0,0.0
2019-05-28,2019-05-29 15:45:00,0.0,0.04592328146100044
2019-05-28,2019-05-29 16:00:00,0.0,0.015317648649215698
2019-05-28,2019-05-29 16:15:00,0.0,0.024764318019151688
2019-05-28,2019-05-29 16:30:00,0.0,0.015860363841056824
2019-05-28,2019-05-29 16:45:00,0.0,0.0
2019-05-28,2019-05-29 17:00:00,0.0,0.0
2019-05-28,2019-05-29 17:15:00,0.0,0.0
2019-05-28,2019-05-29 17:30:00,0.0,0.001970257144421339
2019-05-28,2019-05-29 17:45:00,0.0,0.0
2019-05-28,2019-05-29 18:00:00,0.0,0.006634968798607588
2019-05-28,2019-05-29 18:15:00,0.0,0.0
2019-05-28,2019-05-29 18:30:00,0.0,0.0
2019-05-28,2019-05-29 18:45:00,0.0,0.0
2019-05-28,2019-05-29 19:00:00,0.0,0.011802305467426777
2019-05-28,2019-05-29 19:15:00,0.0,0.0
2019-05-28,2019-05-29 19:30:00,0.0,0.0
2019-05-28,2019-05-29 19:45:00,0.0,0.0
2019-05-28,2019-05-29 20:00:00,0.0,0.0
2019-05-28,2019-05-29 20:15:00,0.0,0.0
2019-05-28,2019-05-29 20:30:00,0.0,0.0168721042573452
2019-05-28,2019-05-29 20:45:00,0.0,0.0
2019-05-28,2019-05-29 21:00:00,0.0,0.0
2019-05-28,2019-05-29 21:15:00,0.0,0.07024629414081573
2019-05-28,2019-05-29 21:30:00,0.0,0.06098872050642967
2019-05-28,2019-05-29 21:45:00,0.19335900247097015,0.15747879445552826
2019-05-28,2019-05-29 22:00:00,0.3023439943790436,0.2405734360218048
2019-05-28,2019-05-29 22:15:00,0.43945300579071045,0.2995230257511139
2019-05-28,2019-05-29 22:30:00,0.4816409945487976,0.48475581407546997
2019-05-28,2019-05-29 22:45:00,0.583594024181366,0.635104238986969
2019-05-28,2019-05-29 23:00:00,0.984375,0.807021975517273
2019-05-28,2019-05-29 23:15:00,0.8121089935302734,0.9504143595695496
2019-05-28,2019-05-29 23:30:00,1.364061951637268,1.2068378925323486
2019-05-28,2019-05-29 23:45:00,1.4343750476837158,1.4464021921157837
2019-05-29,2019-05-30 00:00:00,1.9300780296325684,1.8153785467147827
2019-05-29,2019-05-30 00:15:00,2.383594036102295,2.186704397201538
2019-05-29,2019-05-30 00:30:00,2.4468750953674316,2.4353647232055664
2019-05-29,2019-05-30 00:45:00,2.707031011581421,2.6458160877227783
2019-05-29,2019-05-30 01:00:00,3.058593988418579,2.903815746307373
2019-05-29,2019-05-30 01:15:00,3.2660160064697266,3.0818212032318115
2019-05-29,2019-05-30 01:30:00,3.487499952316284,3.2675793170928955
2019-05-29,2019-05-30 01:45:00,3.666796922683716,3.36765456199646
2019-05-29,2019-05-30 02:00:00,3.8636720180511475,3.480931282043457
2019-05-29,2019-05-30 02:15:00,3.909374952316284,3.580604076385498
2019-05-29,2019-05-30 02:30:00,3.9937500953674316,3.665846347808838
2019-05-29,2019-05-30 02:45:00,3.8777339458465576,3.784362316131592
2019-05-29,2019-05-30 03:00:00,4.158984184265137,3.816777229309082
2019-05-29,2019-05-30 03:15:00,4.187108993530273,3.9798743724823
2019-05-29,2019-05-30 03:30:00,4.08164119720459,4.084915637969971
2019-05-29,2019-05-30 03:45:00,4.09218692779541,4.1104512214660645
2019-05-29,2019-05-30 04:00:00,3.8917970657348633,4.062495231628418
2019-05-29,2019-05-30 04:15:00,3.779297113418579,3.9684901237487793
2019-05-29,2019-05-30 04:30:00,2.900391101837158,3.974058151245117
2019-05-29,2019-05-30 04:45:00,3.3785150051116943,3.7920961380004883
2019-05-29,2019-05-30 05:00:00,3.0093750953674316,3.696713447570801
2019-05-29,2019-05-30 05:15:00,4.07460880279541,3.6316380500793457
2019-05-29,2019-05-30 05:30:00,3.9128899574279785,3.4436898231506348
2019-05-29,2019-05-30 05:45:00,3.7300779819488525,3.386554718017578
2019-05-29,2019-05-30 06:00:00,3.3082029819488525,3.2499241828918457
2019-05-29,2019-05-30 06:15:00,3.8777339458465576,3.2563281059265137
2019-05-29,2019-05-30 06:30:00,2.267577886581421,3.145829916000366
2019-05-29,2019-05-30 06:45:00,1.357030987739563,3.0533955097198486
2019-05-29,2019-05-30 07:00:00,2.664844036102295,3.0925815105438232
2019-05-29,2019-05-30 07:15:00,2.506640911102295,3.0451793670654297
2019-05-29,2019-05-30 07:30:00,3.4769530296325684,2.967203140258789
2019-05-29,2019-05-30 07:45:00,3.1535160541534424,2.9568698406219482
2019-05-29,2019-05-30 08:00:00,2.963671922683716,2.8205928802490234
2019-05-29,2019-05-30 08:15:00,2.6261720657348633,2.6430721282958984
2019-05-29,2019-05-30 08:30:00,2.3238279819488525,2.4316444396972656
2019-05-29,2019-05-30 08:45:00,2.0355470180511475,2.1725358963012695
2019-05-29,2019-05-30 09:00:00,1.7156250476837158,1.8802450895309448
2019-05-29,2019-05-30 09:15:00,1.4800779819488525,1.4486249685287476
2019-05-29,2019-05-30 09:30:00,1.2410160303115845,1.15833580493927
2019-05-29,2019-05-30 09:45:00,0.9105470180511475,0.9253423810005188
2019-05-29,2019-05-30 10:00:00,0.7136719822883606,0.6677317023277283
2019-05-29,2019-05-30 10:15:00,0.5238280296325684,0.39342135190963745
2019-05-29,2019-05-30 10:30:00,0.37968701124191284,0.20722657442092896
2019-05-29,2019-05-30 10:45:00,0.2566410005092621,0.0986458957195282
2019-05-29,2019-05-30 11:00:00,0.15468700230121613,0.0
2019-05-29,2019-05-30 11:15:00,0.014062000438570976,0.009618542157113552
2019-05-29,2019-05-30 11:30:00,0.0,0.014081166125833988
2019-05-29,2019-05-30 11:45:00,0.0,0.016947174444794655
2019-05-29,2019-05-30 12:00:00,0.0,0.015259843319654465
2019-05-29,2019-05-30 12:15:00,0.0,0.0
2019-05-29,2019-05-30 12:30:00,0.0,0.08350571990013123
2019-05-29,2019-05-30 12:45:00,0.0,0.12723198533058167
2019-05-29,2019-05-30 13:00:00,0.0,0.09094985574483871
2019-05-29,2019-05-30 13:15:00,0.0,0.0945974662899971
2019-05-29,2019-05-30 13:30:00,0.0,0.08086451888084412
2019-05-29,2019-05-30 13:45:00,0.0,0.13859744369983673
2019-05-29,2019-05-30 14:00:00,0.0,0.05554233491420746
2019-05-29,2019-05-30 14:15:00,0.0,0.0442013293504715
2019-05-29,2019-05-30 14:30:00,0.0,0.0
2019-05-29,2019-05-30 14:45:00,0.0,0.0
2019-05-29,2019-05-30 15:00:00,0.0,0.011918656527996063
2019-05-29,2019-05-30 15:15:00,0.0,0.0
2019-05-29,2019-05-30 15:30:00,0.0,0.0
2019-05-29,2019-05-30 15:45:00,0.0,0.018467899411916733
2019-05-29,2019-05-30 16:00:00,0.0,0.02033313177525997
2019-05-29,2019-05-30 16:15:00,0.0,0.022442054003477097
2019-05-29,2019-05-30 16:30:00,0.0,0.05028003454208374
2019-05-29,2019-05-30 16:45:00,0.0,0.02237422950565815
2019-05-29,2019-05-30 17:00:00,0.0,0.05315200984477997
2019-05-29,2019-05-30 17:15:00,0.0,0.06079680472612381
2019-05-29,2019-05-30 17:30:00,0.0,0.06287965923547745
2019-05-29,2019-05-30 17:45:00,0.0,0.026669126003980637
2019-05-29,2019-05-30 18:00:00,0.0,0.060292523354291916
2019-05-29,2019-05-30 18:15:00,0.0,0.0
2019-05-29,2019-05-30 18:30:00,0.0,0.0
2019-05-29,2019-05-30 18:45:00,0.0,0.0
2019-05-29,2019-05-30 19:00:00,0.0,0.0
2019-05-29,2019-05-30 19:15:00,0.0,0.0
2019-05-29,2019-05-30 19:30:00,0.0,0.0
2019-05-29,2019-05-30 19:45:00,0.0,0.0
2019-05-29,2019-05-30 20:00:00,0.0,0.0
2019-05-29,2019-05-30 20:15:00,0.0,0.0
2019-05-29,2019-05-30 20:30:00,0.0,0.08809048682451248
2019-05-29,2019-05-30 20:45:00,0.0,0.045227233320474625
2019-05-29,2019-05-30 21:00:00,0.0,0.06484374403953552
2019-05-29,2019-05-30 21:15:00,0.024608999490737915,0.09246935695409775
2019-05-29,2019-05-30 21:30:00,0.0,0.07684165239334106
2019-05-29,2019-05-30 21:45:00,0.18984399735927582,0.1391400247812271
2019-05-29,2019-05-30 22:00:00,0.29882800579071045,0.2521098256111145
2019-05-29,2019-05-30 22:15:00,0.46054700016975403,0.3089882731437683
2019-05-29,2019-05-30 22:30:00,0.6609370112419128,0.5408892035484314
2019-05-29,2019-05-30 22:45:00,0.864844024181366,0.7744641304016113
2019-05-29,2019-05-30 23:00:00,1.1566410064697266,1.0179917812347412
2019-05-29,2019-05-30 23:15:00,1.4343750476837158,1.346961259841919
2019-05-29,2019-05-30 23:30:00,1.7121089696884155,1.6737114191055298
2019-05-29,2019-05-30 23:45:00,2.0144529342651367,1.9670330286026
2019-05-30,2019-05-31 00:00:00,2.260546922683716,2.1640305519104004
2019-05-30,2019-05-31 00:15:00,2.5101559162139893,2.448676109313965
2019-05-30,2019-05-31 00:30:00,2.7667970657348633,2.766449451446533
2019-05-30,2019-05-31 00:45:00,2.9988279342651367,2.9664146900177
2019-05-30,2019-05-31 01:00:00,3.2308590412139893,3.224407911300659
2019-05-30,2019-05-31 01:15:00,3.4382810592651367,3.4585776329040527
2019-05-30,2019-05-31 01:30:00,3.568358898162842,3.620191812515259
2019-05-30,2019-05-31 01:45:00,3.744141101837158,3.6963436603546143
2019-05-30,2019-05-31 02:00:00,3.902343988418579,3.8141939640045166
2019-05-30,2019-05-31 02:15:00,4.014842987060547,3.8996572494506836
2019-05-30,2019-05-31 02:30:00,4.095703125,3.9165451526641846
2019-05-30,2019-05-31 02:45:00,4.169530868530273,4.046763896942139
2019-05-30,2019-05-31 03:00:00,4.23281192779541,4.012170791625977
2019-05-30,2019-05-31 03:15:00,4.22226619720459,4.126344680786133
2019-05-30,2019-05-31 03:30:00,4.169530868530273,4.214339733123779
2019-05-30,2019-05-31 03:45:00,4.201171875,4.213289260864258
2019-05-30,2019-05-31 04:00:00,4.225780963897705,4.183095932006836
2019-05-30,2019-05-31 04:15:00,4.144921779632568,4.1872100830078125
2019-05-30,2019-05-31 04:30:00,4.201171875,4.291653156280518
2019-05-30,2019-05-31 04:45:00,4.09218692779541,4.213863372802734
2019-05-30,2019-05-31 05:00:00,4.014842987060547,4.219491958618164
2019-05-30,2019-05-31 05:15:00,4.046483993530273,4.224009990692139
2019-05-30,2019-05-31 05:30:00,4.050000190734863,4.089271545410156
2019-05-30,2019-05-31 05:45:00,3.9128899574279785,4.127260684967041
2019-05-30,2019-05-31 06:00:00,4.000781059265137,3.9382145404815674
2019-05-30,2019-05-31 06:15:00,3.9410150051116943,3.9544894695281982
2019-05-30,2019-05-31 06:30:00,3.8988280296325684,3.7208006381988525
2019-05-30,2019-05-31 06:45:00,3.8636720180511475,3.5159990787506104
2019-05-30,2019-05-31 07:00:00,3.7160160541534424,3.304123640060425
2019-05-30,2019-05-31 07:15:00,2.988281011581421,2.9830477237701416
2019-05-30,2019-05-31 07:30:00,2.460937976837158,2.813228130340576
2019-05-30,2019-05-31 07:45:00,2.882812023162842,2.488105535507202
2019-05-30,2019-05-31 08:00:00,1.680469036102295,2.2328245639801025
2019-05-30,2019-05-31 08:15:00,1.026561975479126,1.986716866493225
2019-05-30,2019-05-31 08:30:00,1.3605469465255737,1.7549549341201782
2019-05-30,2019-05-31 08:45:00,1.2480469942092896,1.558918833732605
2019-05-30,2019-05-31 09:00:00,2.3414061069488525,1.313504695892334
2019-05-30,2019-05-31 09:15:00,1.6488280296325684,1.0781354904174805
2019-05-30,2019-05-31 09:30:00,1.089843988418579,0.8983064293861389
2019-05-30,2019-05-31 09:45:00,0.7558590173721313,0.782525897026062
2019-05-30,2019-05-31 10:00:00,0.8753910064697266,0.6448765993118286
2019-05-30,2019-05-31 10:15:00,0.28125,0.44004443287849426
2019-05-30,2019-05-31 10:30:00,0.3269529938697815,0.30925294756889343
2019-05-30,2019-05-31 10:45:00,0.2214840054512024,0.24490194022655487
2019-05-30,2019-05-31 11:00:00,0.1300780028104782,0.19057416915893555
2019-05-30,2019-05-31 11:15:00,0.0,0.10906445235013962
2019-05-30,2019-05-31 11:30:00,0.0,0.05131757631897926
2019-05-30,2019-05-31 11:45:00,0.0,0.0
2019-05-30,2019-05-31 12:00:00,0.0,0.0
2019-05-30,2019-05-31 12:15:00,0.0,0.0
2019-05-30,2019-05-31 12:30:00,0.0,0.0
2019-05-30,2019-05-31 12:45:00,0.0,0.013099144212901592
2019-05-30,2019-05-31 13:00:00,0.0,0.0
2019-05-30,2019-05-31 13:15:00,0.0,0.0
2019-05-30,2019-05-31 13:30:00,0.0,0.012482687830924988
2019-05-30,2019-05-31 13:45:00,0.0,0.03483091667294502
2019-05-30,2019-05-31 14:00:00,0.0,0.0
2019-05-30,2019-05-31 14:15:00,0.0,0.031048966571688652
2019-05-30,2019-05-31 14:30:00,0.0,0.0
2019-05-30,2019-05-31 14:45:00,0.0,0.0
2019-05-30,2019-05-31 15:00:00,0.0,0.019200440496206284
2019-05-30,2019-05-31 15:15:00,0.0,0.021444179117679596
2019-05-30,2019-05-31 15:30:00,0.0,0.022890284657478333
2019-05-30,2019-05-31 15:45:00,0.0,0.07557111978530884
2019-05-30,2019-05-31 16:00:00,0.0,0.035467859357595444
2019-05-30,2019-05-31 16:15:00,0.0,0.0
2019-05-30,2019-05-31 16:30:00,0.0,0.0020529686007648706
2019-05-30,2019-05-31 16:45:00,0.0,0.0
2019-05-30,2019-05-31 17:00:00,0.0,0.009308663196861744
2019-05-30,2019-05-31 17:15:00,0.0,0.0
2019-05-30,2019-05-31 17:30:00,0.0,0.0
2019-05-30,2019-05-31 17:45:00,0.0,0.0
2019-05-30,2019-05-31 18:00:00,0.0,0.043039627373218536
2019-05-30,2019-05-31 18:15:00,0.0,0.01500339712947607
2019-05-30,2019-05-31 18:30:00,0.0,0.0
2019-05-30,2019-05-31 18:45:00,0.0,0.011633570306003094
2019-05-30,2019-05-31 19:00:00,0.0,0.015341433696448803
2019-05-30,2019-05-31 19:15:00,0.0,0.0
2019-05-30,2019-05-31 19:30:00,0.0,0.0
2019-05-30,2019-05-31 19:45:00,0.0,0.0
2019-05-30,2019-05-31 20:00:00,0.0,0.0
2019-05-30,2019-05-31 20:15:00,0.0,0.0
2019-05-30,2019-05-31 20:30:00,0.0,0.0
2019-05-30,2019-05-31 20:45:00,0.0,0.0
2019-05-30,2019-05-31 21:00:00,0.0,0.0
2019-05-30,2019-05-31 21:15:00,0.0,0.0
2019-05-30,2019-05-31 21:30:00,0.0,0.0
2019-05-30,2019-05-31 21:45:00,0.0,0.003074350068345666
2019-05-30,2019-05-31 22:00:00,0.07734400033950806,0.05818064883351326
2019-05-30,2019-05-31 22:15:00,0.16875000298023224,0.12573809921741486
2019-05-30,2019-05-31 22:30:00,0.34453099966049194,0.25935912132263184
2019-05-30,2019-05-31 22:45:00,0.29882800579071045,0.34235718846321106
2019-05-30,2019-05-31 23:00:00,0.3515619933605194,0.426862895488739
2019-05-30,2019-05-31 23:15:00,0.29531198740005493,0.549732506275177
2019-05-30,2019-05-31 23:30:00,0.5238280296325684,0.7154074907302856
2019-05-30,2019-05-31 23:45:00,0.8332030177116394,0.9399375915527344
2018-08-24,2018-08-25 00:00:00,1.321874976158142,1.1707695722579956
2018-08-24,2018-08-25 00:15:00,1.5609370470046997,1.401342511177063
2018-08-24,2018-08-25 00:30:00,1.792968988418579,1.6316779851913452
2018-08-24,2018-08-25 00:45:00,2.0179688930511475,1.8161524534225464
2018-08-24,2018-08-25 01:00:00,2.12343692779541,1.996352195739746
2018-08-24,2018-08-25 01:15:00,2.4117190837860107,2.196371555328369
2018-08-24,2018-08-25 01:30:00,2.654297113418579,2.379460573196411
2018-08-24,2018-08-25 01:45:00,2.794922113418579,2.53363299369812
2018-08-24,2018-08-25 02:00:00,2.9285149574279785,2.663696527481079
2018-08-24,2018-08-25 02:15:00,3.118359088897705,2.772768020629883
2018-08-24,2018-08-25 02:30:00,3.1957030296325684,2.8266520500183105
2018-08-24,2018-08-25 02:45:00,3.462891101837158,2.938884973526001
2018-08-24,2018-08-25 03:00:00,3.5929689407348633,2.9687230587005615
2018-08-24,2018-08-25 03:15:00,3.6140620708465576,3.0481350421905518
2018-08-24,2018-08-25 03:30:00,3.7828121185302734,3.1213746070861816
2018-08-24,2018-08-25 03:45:00,3.526171922683716,3.07248592376709
2018-08-24,2018-08-25 04:00:00,2.8792970180511475,3.0251736640930176
2018-08-24,2018-08-25 04:15:00,2.496093988418579,2.9363527297973633
2018-08-24,2018-08-25 04:30:00,4.028905868530273,2.9224483966827393
2018-08-24,2018-08-25 04:45:00,3.6949219703674316,2.836129665374756
2018-08-24,2018-08-25 05:00:00,2.9039061069488525,2.7524523735046387
2018-08-24,2018-08-25 05:15:00,2.415234088897705,2.702505588531494
2018-08-24,2018-08-25 05:30:00,3.965625047683716,2.576906204223633
2018-08-24,2018-08-25 05:45:00,3.276561975479126,2.501264810562134
2018-08-24,2018-08-25 06:00:00,3.2132809162139893,2.4235386848449707
2018-08-24,2018-08-25 06:15:00,2.629688024520874,2.3693294525146484
2018-08-24,2018-08-25 06:30:00,1.7999999523162842,2.2045891284942627
2018-08-24,2018-08-25 06:45:00,2.583983898162842,2.070848226547241
2018-08-24,2018-08-25 07:00:00,1.9933589696884155,1.9644346237182617
2018-08-24,2018-08-25 07:15:00,1.9160159826278687,1.8299694061279297
2018-08-24,2018-08-25 07:30:00,2.7527339458465576,1.6497993469238281
2018-08-24,2018-08-25 07:45:00,1.8878910541534424,1.5476579666137695
2018-08-24,2018-08-25 08:00:00,1.3816410303115845,1.3440409898757935
2018-08-24,2018-08-25 08:15:00,1.8878910541534424,1.202553629875183
2018-08-24,2018-08-25 08:30:00,1.638280987739563,1.0206987857818604
2018-08-24,2018-08-25 08:45:00,1.160156011581421,0.8659119606018066
2018-08-24,2018-08-25 09:00:00,0.5589839816093445,0.7337531447410583
2018-08-24,2018-08-25 09:15:00,0.8296869993209839,0.5200915336608887
2018-08-24,2018-08-25 09:30:00,0.4429689943790436,0.3831535577774048
2018-08-24,2018-08-25 09:45:00,0.33398398756980896,0.34471410512924194
2018-08-24,2018-08-25 10:00:00,0.2355470061302185,0.2410888671875
2018-08-24,2018-08-25 10:15:00,0.16523399949073792,0.16943377256393433
2018-08-24,2018-08-25 10:30:00,0.03867200016975403,0.058564990758895874
2018-08-24,2018-08-25 10:45:00,0.0,0.04203767701983452
2018-08-24,2018-08-25 11:00:00,0.0,0.0
2018-08-24,2018-08-25 11:15:00,0.0,0.030167732387781143
2018-08-24,2018-08-25 11:30:00,0.0,0.01667284406721592
2018-08-24,2018-08-25 11:45:00,0.0,0.0
2018-08-24,2018-08-25 12:00:00,0.0,0.0
2018-08-24,2018-08-25 12:15:00,0.0,0.0
2018-08-24,2018-08-25 12:30:00,0.0,0.0
2018-08-24,2018-08-25 12:45:00,0.0,0.03022097982466221
2018-08-24,2018-08-25 13:00:00,0.0,0.0
2018-08-24,2018-08-25 13:15:00,0.0,0.0
2018-08-24,2018-08-25 13:30:00,0.0,0.0
2018-08-24,2018-08-25 13:45:00,0.0,0.0
2018-08-24,2018-08-25 14:00:00,0.0,0.0
2018-08-24,2018-08-25 14:15:00,0.0,0.0
2018-08-24,2018-08-25 14:30:00,0.0,0.0
2018-08-24,2018-08-25 14:45:00,0.0,0.0
2018-08-24,2018-08-25 15:00:00,0.0,0.0
2018-08-24,2018-08-25 15:15:00,0.0,0.0
2018-08-24,2018-08-25 15:30:00,0.0,0.0
2018-08-24,2018-08-25 15:45:00,0.0,0.0186005886644125
2018-08-24,2018-08-25 16:00:00,0.0,0.011447953060269356
2018-08-24,2018-08-25 16:15:00,0.0,0.0
2018-08-24,2018-08-25 16:30:00,0.0,0.037992220371961594
2018-08-24,2018-08-25 16:45:00,0.0,0.014220047742128372
2018-08-24,2018-08-25 17:00:00,0.0,0.03455348685383797
2018-08-24,2018-08-25 17:15:00,0.0,0.010222211480140686
2018-08-24,2018-08-25 17:30:00,0.0,0.01742829941213131
2018-08-24,2018-08-25 17:45:00,0.0,0.0
2018-08-24,2018-08-25 18:00:00,0.0,0.0
2018-08-24,2018-08-25 18:15:00,0.0,0.0
2018-08-24,2018-08-25 18:30:00,0.0,0.0
2018-08-24,2018-08-25 18:45:00,0.0,0.0
2018-08-24,2018-08-25 19:00:00,0.0,0.0
2018-08-24,2018-08-25 19:15:00,0.0,0.0
2018-08-24,2018-08-25 19:30:00,0.0,0.0
2018-08-24,2018-08-25 19:45:00,0.0,0.006852929480373859
2018-08-24,2018-08-25 20:00:00,0.0,0.0
2018-08-24,2018-08-25 20:15:00,0.0,0.06017707660794258
2018-08-24,2018-08-25 20:30:00,0.0,0.06295379251241684
2018-08-24,2018-08-25 20:45:00,0.0,0.05268612131476402
2018-08-24,2018-08-25 21:00:00,0.0,0.016087861731648445
2018-08-24,2018-08-25 21:15:00,0.0,0.035050537437200546
2018-08-24,2018-08-25 21:30:00,0.0,0.0
2018-08-24,2018-08-25 21:45:00,0.0,0.0
2018-08-24,2018-08-25 22:00:00,0.0,0.02286897413432598
2018-08-24,2018-08-25 22:15:00,0.031640999019145966,0.04522689804434776
2018-08-24,2018-08-25 22:30:00,0.12304700165987015,0.13096342980861664
2018-08-24,2018-08-25 22:45:00,0.17226600646972656,0.2297818958759308
2018-08-24,2018-08-25 23:00:00,0.3550780117511749,0.366578608751297
2018-08-24,2018-08-25 23:15:00,0.6503909826278687,0.5395579934120178
2018-08-24,2018-08-25 23:30:00,0.6398440003395081,0.7041386365890503
2018-08-24,2018-08-25 23:45:00,1.068750023841858,0.8996004462242126
2018-08-25,2018-08-26 00:00:00,1.2867189645767212,1.1237949132919312
2018-08-25,2018-08-26 00:15:00,1.504686951637268,1.2685601711273193
2018-08-25,2018-08-26 00:30:00,1.7472660541534424,1.452061653137207
2018-08-25,2018-08-26 00:45:00,1.9160159826278687,1.5599490404129028
2018-08-25,2018-08-26 01:00:00,2.1691410541534424,1.692548155784607
2018-08-25,2018-08-26 01:15:00,2.3097660541534424,1.8481051921844482
2018-08-25,2018-08-26 01:30:00,2.636718988418579,1.9640767574310303
2018-08-25,2018-08-26 01:45:00,2.7703120708465576,2.058995246887207
2018-08-25,2018-08-26 02:00:00,2.8722660541534424,2.1357779502868652
2018-08-25,2018-08-26 02:15:00,3.086719036102295,2.2080495357513428
2018-08-25,2018-08-26 02:30:00,3.1886720657348633,2.2742762565612793
2018-08-25,2018-08-26 02:45:00,3.181641101837158,2.372312068939209
2018-08-25,2018-08-26 03:00:00,3.3257811069488525,2.400144338607788
2018-08-25,2018-08-26 03:15:00,3.3785150051116943,2.4926769733428955
2018-08-25,2018-08-26 03:30:00,3.357422113418579,2.5829453468322754
2018-08-25,2018-08-26 03:45:00,3.38906192779541,2.5739879608154297
2018-08-25,2018-08-26 04:00:00,3.403125047683716,2.5656964778900146
2018-08-25,2018-08-26 04:15:00,3.4488279819488525,2.5352580547332764
2018-08-25,2018-08-26 04:30:00,3.427733898162842,2.532181978225708
2018-08-25,2018-08-26 04:45:00,3.3960940837860107,2.4819798469543457
2018-08-25,2018-08-26 05:00:00,3.2730469703674316,2.4247562885284424
2018-08-25,2018-08-26 05:15:00,3.403125047683716,2.370123863220215
2018-08-25,2018-08-26 05:30:00,3.364453077316284,2.2905616760253906
2018-08-25,2018-08-26 05:45:00,2.9742190837860107,2.232560157775879
2018-08-25,2018-08-26 06:00:00,3.058593988418579,2.1382172107696533
2018-08-25,2018-08-26 06:15:00,2.0636720657348633,2.0891706943511963
2018-08-25,2018-08-26 06:30:00,2.882812023162842,1.9532147645950317
2018-08-25,2018-08-26 06:45:00,2.443358898162842,1.81450617313385
2018-08-25,2018-08-26 07:00:00,2.239453077316284,1.714700698852539
2018-08-25,2018-08-26 07:15:00,2.373047113418579,1.5750441551208496
2018-08-25,2018-08-26 07:30:00,2.151561975479126,1.4098811149597168
2018-08-25,2018-08-26 07:45:00,1.9933589696884155,1.274786114692688
2018-08-25,2018-08-26 08:00:00,1.7824219465255737,1.0859010219573975
2018-08-25,2018-08-26 08:15:00,1.5785160064697266,0.9252405166625977
2018-08-25,2018-08-26 08:30:00,1.3921869993209839,0.7619415521621704
2018-08-25,2018-08-26 08:45:00,1.019531011581421,0.6146004796028137
2018-08-25,2018-08-26 09:00:00,0.44999998807907104,0.5105875134468079
2018-08-25,2018-08-26 09:15:00,0.42539098858833313,0.34146496653556824
2018-08-25,2018-08-26 09:30:00,0.37968701124191284,0.25307172536849976
2018-08-25,2018-08-26 09:45:00,0.29882800579071045,0.20005492866039276
2018-08-25,2018-08-26 10:00:00,0.291797012090683,0.17485880851745605
2018-08-25,2018-08-26 10:15:00,0.1757809966802597,0.1345428079366684
2018-08-25,2018-08-26 10:30:00,0.024608999490737915,0.04754266142845154
2018-08-25,2018-08-26 10:45:00,0.0,0.04981660470366478
2018-08-25,2018-08-26 11:00:00,0.0,0.014722364023327827
2018-08-25,2018-08-26 11:15:00,0.0,0.03096078336238861
2018-08-25,2018-08-26 11:30:00,0.0,0.03761051595211029
2018-08-25,2018-08-26 11:45:00,0.0,0.023974301293492317
2018-08-25,2018-08-26 12:00:00,0.0,0.0
2018-08-25,2018-08-26 12:15:00,0.0,0.011489175260066986
2018-08-25,2018-08-26 12:30:00,0.0,0.0
2018-08-25,2018-08-26 12:45:00,0.0,0.04677659273147583
2018-08-25,2018-08-26 13:00:00,0.0,0.0
2018-08-25,2018-08-26 13:15:00,0.0,0.0
2018-08-25,2018-08-26 13:30:00,0.0,0.0
2018-08-25,2018-08-26 13:45:00,0.0,0.0
2018-08-25,2018-08-26 14:00:00,0.0,0.0
2018-08-25,2018-08-26 14:15:00,0.0,0.012957013212144375
2018-08-25,2018-08-26 14:30:00,0.0,0.0
2018-08-25,2018-08-26 14:45:00,0.0,0.0
2018-08-25,2018-08-26 15:00:00,0.0,0.02881922945380211
2018-08-25,2018-08-26 15:15:00,0.0,0.016590775921940804
2018-08-25,2018-08-26 15:30:00,0.0,0.0
2018-08-25,2018-08-26 15:45:00,0.0,0.04185580089688301
2018-08-25,2018-08-26 16:00:00,0.0,0.02382798306643963
2018-08-25,2018-08-26 16:15:00,0.0,0.0
2018-08-25,2018-08-26 16:30:00,0.0,0.020230483263731003
2018-08-25,2018-08-26 16:45:00,0.0,0.0
2018-08-25,2018-08-26 17:00:00,0.0,0.0005631569656543434
2018-08-25,2018-08-26 17:15:00,0.0,0.0
2018-08-25,2018-08-26 17:30:00,0.0,0.00021830022160429507
2018-08-25,2018-08-26 17:45:00,0.0,0.0
2018-08-25,2018-08-26 18:00:00,0.0,0.013511569239199162
2018-08-25,2018-08-26 18:15:00,0.0,0.0
2018-08-25,2018-08-26 18:30:00,0.0,0.0
2018-08-25,2018-08-26 18:45:00,0.0,0.0
2018-08-25,2018-08-26 19:00:00,0.0,0.0
2018-08-25,2018-08-26 19:15:00,0.0,0.0
2018-08-25,2018-08-26 19:30:00,0.0,0.0
2018-08-25,2018-08-26 19:45:00,0.0,0.03651445731520653
2018-08-25,2018-08-26 20:00:00,0.0,0.018182484433054924
2018-08-25,2018-08-26 20:15:00,0.0,0.06650254130363464
2018-08-25,2018-08-26 20:30:00,0.0,0.024120697751641273
2018-08-25,2018-08-26 20:45:00,0.0,0.023618550971150398
2018-08-25,2018-08-26 21:00:00,0.0,0.0
2018-08-25,2018-08-26 21:15:00,0.0,0.0
2018-08-25,2018-08-26 21:30:00,0.0,0.0
2018-08-25,2018-08-26 21:45:00,0.0,0.0
2018-08-25,2018-08-26 22:00:00,0.0,0.0
2018-08-25,2018-08-26 22:15:00,0.0,0.030517084524035454
2018-08-25,2018-08-26 22:30:00,0.20390599966049194,0.15479497611522675
2018-08-25,2018-08-26 22:45:00,0.31992200016975403,0.28697487711906433
2018-08-25,2018-08-26 23:00:00,0.46054700016975403,0.44260841608047485
2018-08-25,2018-08-26 23:15:00,0.6328120231628418,0.6451273560523987
2018-08-25,2018-08-26 23:30:00,0.8824219703674316,0.8074374794960022
2018-08-25,2018-08-26 23:45:00,1.125,0.9923427700996399
2018-08-26,2018-08-27 00:00:00,1.2972660064697266,1.2199372053146362
2018-08-26,2018-08-27 00:15:00,1.181249976158142,1.3419479131698608
2018-08-26,2018-08-27 00:30:00,1.8878910541534424,1.4715590476989746
2018-08-26,2018-08-27 00:45:00,2.021483898162842,1.571067452430725
2018-08-26,2018-08-27 01:00:00,2.285156011581421,1.6853556632995605
2018-08-26,2018-08-27 01:15:00,2.478516101837158,1.793953537940979
2018-08-26,2018-08-27 01:30:00,2.6578121185302734,1.903232216835022
2018-08-26,2018-08-27 01:45:00,2.8441410064697266,2.0179619789123535
2018-08-26,2018-08-27 02:00:00,3.121875047683716,2.078399181365967
2018-08-26,2018-08-27 02:15:00,3.287108898162842,2.1441121101379395
2018-08-26,2018-08-27 02:30:00,2.3097660541534424,2.196634531021118
2018-08-26,2018-08-27 02:45:00,3.427733898162842,2.271383047103882
2018-08-26,2018-08-27 03:00:00,2.2113280296325684,2.2871577739715576
2018-08-26,2018-08-27 03:15:00,3.4699220657348633,2.404688596725464
2018-08-26,2018-08-27 03:30:00,3.1500000953674316,2.4471018314361572
2018-08-26,2018-08-27 03:45:00,3.410156011581421,2.446183204650879
2018-08-26,2018-08-27 04:00:00,4.151953220367432,2.494598865509033
2018-08-26,2018-08-27 04:15:00,3.67031192779541,2.472012996673584
2018-08-26,2018-08-27 04:30:00,3.5964839458465576,2.4820713996887207
2018-08-26,2018-08-27 04:45:00,3.7230470180511475,2.4422447681427
2018-08-26,2018-08-27 05:00:00,2.5804688930511475,2.430497169494629
2018-08-26,2018-08-27 05:15:00,2.696484088897705,2.4072394371032715
2018-08-26,2018-08-27 05:30:00,4.310155868530273,2.406157970428467
2018-08-26,2018-08-27 05:45:00,2.8441410064697266,2.399059772491455
2018-08-26,2018-08-27 06:00:00,3.4839839935302734,2.353044271469116
2018-08-26,2018-08-27 06:15:00,3.5964839458465576,2.3687925338745117
2018-08-26,2018-08-27 06:30:00,3.3363280296325684,2.26391863822937
2018-08-26,2018-08-27 06:45:00,3.367969036102295,2.184133529663086
2018-08-26,2018-08-27 07:00:00,3.0269529819488525,2.114943265914917
2018-08-26,2018-08-27 07:15:00,3.0550780296325684,1.987119436264038
2018-08-26,2018-08-27 07:30:00,2.8968749046325684,1.8636188507080078
2018-08-26,2018-08-27 07:45:00,2.7351560592651367,1.7137211561203003
2018-08-26,2018-08-27 08:00:00,2.3765621185302734,1.486961841583252
2018-08-26,2018-08-27 08:15:00,1.7015620470046997,1.33359956741333
2018-08-26,2018-08-27 08:30:00,2.2886719703674316,1.1085693836212158
2018-08-26,2018-08-27 08:45:00,2.0144529342651367,0.9320318698883057
2018-08-26,2018-08-27 09:00:00,0.6679689884185791,0.7889112234115601
2018-08-26,2018-08-27 09:15:00,0.5695310235023499,0.5863512754440308
2018-08-26,2018-08-27 09:30:00,0.5695310235023499,0.4358135163784027
2018-08-26,2018-08-27 09:45:00,0.4921880066394806,0.35830044746398926
2018-08-26,2018-08-27 10:00:00,0.42890599370002747,0.2762625217437744
2018-08-26,2018-08-27 10:15:00,0.15820300579071045,0.2256048023700714
2018-08-26,2018-08-27 10:30:00,0.03515600040555,0.14842447638511658
2018-08-26,2018-08-27 10:45:00,0.0,0.13000182807445526
2018-08-26,2018-08-27 11:00:00,0.0,0.11663834005594254
2018-08-26,2018-08-27 11:15:00,0.0,0.14297978579998016
2018-08-26,2018-08-27 11:30:00,0.0,0.13337697088718414
2018-08-26,2018-08-27 11:45:00,0.0,0.10745823383331299
2018-08-26,2018-08-27 12:00:00,0.0,0.10483013093471527
2018-08-26,2018-08-27 12:15:00,0.0,0.12010130286216736
2018-08-26,2018-08-27 12:30:00,0.0,0.09159072488546371
2018-08-26,2018-08-27 12:45:00,0.0,0.12325996905565262
2018-08-26,2018-08-27 13:00:00,0.0,0.042066801339387894
2018-08-26,2018-08-27 13:15:00,0.0,0.03118172660470009
2018-08-26,2018-08-27 13:30:00,0.0,0.05821448564529419
2018-08-26,2018-08-27 13:45:00,0.0,0.03384823724627495
2018-08-26,2018-08-27 14:00:00,0.0,0.01730669103562832
2018-08-26,2018-08-27 14:15:00,0.0,0.029218044131994247
2018-08-26,2018-08-27 14:30:00,0.0,0.05458137020468712
2018-08-26,2018-08-27 14:45:00,0.0,0.06916164606809616
2018-08-26,2018-08-27 15:00:00,0.0,0.08876146376132965
2018-08-26,2018-08-27 15:15:00,0.0,0.10471328347921371
2018-08-26,2018-08-27 15:30:00,0.0,0.0847909227013588
2018-08-26,2018-08-27 15:45:00,0.0,0.10286136716604233
2018-08-26,2018-08-27 16:00:00,0.0,0.07277224957942963
2018-08-26,2018-08-27 16:15:00,0.0,0.05439797416329384
2018-08-26,2018-08-27 16:30:00,0.0,0.051261212676763535
2018-08-26,2018-08-27 16:45:00,0.0,0.0
2018-08-26,2018-08-27 17:00:00,0.0,0.0
2018-08-26,2018-08-27 17:15:00,0.0,0.0
2018-08-26,2018-08-27 17:30:00,0.0,0.0
2018-08-26,2018-08-27 17:45:00,0.0,0.0
2018-08-26,2018-08-27 18:00:00,0.0,0.0
2018-08-26,2018-08-27 18:15:00,0.0,0.0
2018-08-26,2018-08-27 18:30:00,0.0,0.0
2018-08-26,2018-08-27 18:45:00,0.0,0.0
2018-08-26,2018-08-27 19:00:00,0.0,0.011911440640687943
2018-08-26,2018-08-27 19:15:00,0.0,0.058846864849328995
2018-08-26,2018-08-27 19:30:00,0.0,0.047866757959127426
2018-08-26,2018-08-27 19:45:00,0.0,0.08424095064401627
2018-08-26,2018-08-27 20:00:00,0.0,0.059269096702337265
2018-08-26,2018-08-27 20:15:00,0.0,0.05092639476060867
2018-08-26,2018-08-27 20:30:00,0.0,0.024567971006035805
2018-08-26,2018-08-27 20:45:00,0.0,0.005779285915195942
2018-08-26,2018-08-27 21:00:00,0.0,0.009116924367845058
2018-08-26,2018-08-27 21:15:00,0.0,0.0
2018-08-26,2018-08-27 21:30:00,0.0,0.0
2018-08-26,2018-08-27 21:45:00,0.0,0.0
2018-08-26,2018-08-27 22:00:00,0.003515999997034669,0.028895583003759384
2018-08-26,2018-08-27 22:15:00,0.0,0.0953141525387764
2018-08-26,2018-08-27 22:30:00,0.19687500596046448,0.18828825652599335
2018-08-26,2018-08-27 22:45:00,0.31992200016975403,0.291434109210968
2018-08-26,2018-08-27 23:00:00,0.3410159945487976,0.4002279043197632
2018-08-26,2018-08-27 23:15:00,0.5519530177116394,0.5761187672615051
2018-08-26,2018-08-27 23:30:00,0.5660160183906555,0.6897807717323303
2018-08-26,2018-08-27 23:45:00,0.731249988079071,0.847603976726532
2018-08-27,2018-08-28 00:00:00,0.935155987739563,0.9315479397773743
2018-08-27,2018-08-28 00:15:00,1.8738280534744263,1.1115306615829468
2018-08-27,2018-08-28 00:30:00,1.2269530296325684,1.355178952217102
2018-08-27,2018-08-28 00:45:00,1.4660160541534424,1.4934372901916504
2018-08-27,2018-08-28 01:00:00,1.7507810592651367,1.6947604417800903
2018-08-27,2018-08-28 01:15:00,2.742187976837158,1.889243245124817
2018-08-27,2018-08-28 01:30:00,2.8441410064697266,2.068544626235962
2018-08-27,2018-08-28 01:45:00,3.065624952316284,2.232846975326538
2018-08-27,2018-08-28 02:00:00,3.258984088897705,2.372124433517456
2018-08-27,2018-08-28 02:15:00,3.4066410064697266,2.4816904067993164
2018-08-27,2018-08-28 02:30:00,3.5999999046325684,2.5655405521392822
2018-08-27,2018-08-28 02:45:00,3.628124952316284,2.6980042457580566
2018-08-27,2018-08-28 03:00:00,3.6597650051116943,2.72856068611145
2018-08-27,2018-08-28 03:15:00,3.7335939407348633,2.816791296005249
2018-08-27,2018-08-28 03:30:00,3.789844036102295,2.8973755836486816
2018-08-27,2018-08-28 03:45:00,3.7828121185302734,2.823549509048462
2018-08-27,2018-08-28 04:00:00,3.867187976837158,2.8392887115478516
2018-08-27,2018-08-28 04:15:00,3.825000047683716,2.7723395824432373
2018-08-27,2018-08-28 04:30:00,3.786328077316284,2.7498984336853027
2018-08-27,2018-08-28 04:45:00,3.796875,2.685328245162964
2018-08-27,2018-08-28 05:00:00,3.744141101837158,2.650531530380249
2018-08-27,2018-08-28 05:15:00,3.6527340412139893,2.614213228225708
2018-08-27,2018-08-28 05:30:00,3.628124952316284,2.5548620223999023
2018-08-27,2018-08-28 05:45:00,3.5964839458465576,2.525684118270874
2018-08-27,2018-08-28 06:00:00,3.515625,2.494288206100464
2018-08-27,2018-08-28 06:15:00,3.4347660541534424,2.5076353549957275
2018-08-27,2018-08-28 06:30:00,3.3257811069488525,2.377854824066162
2018-08-27,2018-08-28 06:45:00,3.1851561069488525,2.271794319152832
2018-08-27,2018-08-28 07:00:00,3.0164060592651367,2.1902530193328857
2018-08-27,2018-08-28 07:15:00,2.840625047683716,2.046400547027588
2018-08-27,2018-08-28 07:30:00,2.629688024520874,1.9278626441955566
2018-08-27,2018-08-28 07:45:00,2.425781011581421,1.8090200424194336
2018-08-27,2018-08-28 08:00:00,2.1832029819488525,1.5720669031143188
2018-08-27,2018-08-28 08:15:00,1.9160159826278687,1.445222020149231
2018-08-27,2018-08-28 08:30:00,1.680469036102295,1.2238067388534546
2018-08-27,2018-08-28 08:45:00,1.4449219703674316,1.0857652425765991
2018-08-27,2018-08-28 09:00:00,1.1496089696884155,0.901605486869812
2018-08-27,2018-08-28 09:15:00,0.9246090054512024,0.6977494359016418
2018-08-27,2018-08-28 09:30:00,0.6785159707069397,0.541134774684906
2018-08-27,2018-08-28 09:45:00,0.4781250059604645,0.4391641914844513
2018-08-27,2018-08-28 10:00:00,0.3023439943790436,0.32179591059684753
2018-08-27,2018-08-28 10:15:00,0.16171899437904358,0.2765655517578125
2018-08-27,2018-08-28 10:30:00,0.03867200016975403,0.12060060352087021
2018-08-27,2018-08-28 10:45:00,0.0,0.09825709462165833
2018-08-27,2018-08-28 11:00:00,0.0,0.072248175740242
2018-08-27,2018-08-28 11:15:00,0.0,0.08463943004608154
2018-08-27,2018-08-28 11:30:00,0.0,0.058169055730104446
2018-08-27,2018-08-28 11:45:00,0.0,0.039046645164489746
2018-08-27,2018-08-28 12:00:00,0.0,0.012254995293915272
2018-08-27,2018-08-28 12:15:00,0.0,0.027756286785006523
2018-08-27,2018-08-28 12:30:00,0.0,0.02998957596719265
2018-08-27,2018-08-28 12:45:00,0.0,0.06714139133691788
2018-08-27,2018-08-28 13:00:00,0.0,0.00764576205983758
2018-08-27,2018-08-28 13:15:00,0.0,0.002000420121476054
2018-08-27,2018-08-28 13:30:00,0.0,0.024486670270562172
2018-08-27,2018-08-28 13:45:00,0.0,0.046735335141420364
2018-08-27,2018-08-28 14:00:00,0.0,0.012569678947329521
2018-08-27,2018-08-28 14:15:00,0.0,0.032711610198020935
2018-08-27,2018-08-28 14:30:00,0.0,0.038601454347372055
2018-08-27,2018-08-28 14:45:00,0.0,0.01573454961180687
2018-08-27,2018-08-28 15:00:00,0.0,0.061721134930849075
2018-08-27,2018-08-28 15:15:00,0.0,0.05075107514858246
2018-08-27,2018-08-28 15:30:00,0.0,0.04828019067645073
2018-08-27,2018-08-28 15:45:00,0.0,0.0686504989862442
2018-08-27,2018-08-28 16:00:00,0.0,0.056035030633211136
2018-08-27,2018-08-28 16:15:00,0.0,0.05516476184129715
2018-08-27,2018-08-28 16:30:00,0.0,0.07604946196079254
2018-08-27,2018-08-28 16:45:00,0.0,0.009170686826109886
2018-08-27,2018-08-28 17:00:00,0.0,0.014741169288754463
2018-08-27,2018-08-28 17:15:00,0.0,0.0
2018-08-27,2018-08-28 17:30:00,0.0,0.0
2018-08-27,2018-08-28 17:45:00,0.0,0.0
2018-08-27,2018-08-28 18:00:00,0.0,0.009561014361679554
2018-08-27,2018-08-28 18:15:00,0.0,0.0
2018-08-27,2018-08-28 18:30:00,0.0,0.0
2018-08-27,2018-08-28 18:45:00,0.0,0.0
2018-08-27,2018-08-28 19:00:00,0.0,0.0
2018-08-27,2018-08-28 19:15:00,0.0,0.0
2018-08-27,2018-08-28 19:30:00,0.0,0.0
2018-08-27,2018-08-28 19:45:00,0.0,0.030396495014429092
2018-08-27,2018-08-28 20:00:00,0.0,0.006727638188749552
2018-08-27,2018-08-28 20:15:00,0.0,0.0172574445605278
2018-08-27,2018-08-28 20:30:00,0.0,0.022037046030163765
2018-08-27,2018-08-28 20:45:00,0.0,0.04445227235555649
2018-08-27,2018-08-28 21:00:00,0.0,0.03903818875551224
2018-08-27,2018-08-28 21:15:00,0.0,0.034885261207818985
2018-08-27,2018-08-28 21:30:00,0.0,0.016566826030611992
2018-08-27,2018-08-28 21:45:00,0.0,0.02338379994034767
2018-08-27,2018-08-28 22:00:00,0.0,0.0544527992606163
2018-08-27,2018-08-28 22:15:00,0.0,0.0888155996799469
2018-08-27,2018-08-28 22:30:00,0.0,0.15214091539382935
2018-08-27,2018-08-28 22:45:00,0.21796900033950806,0.18535122275352478
2018-08-27,2018-08-28 23:00:00,0.3164060115814209,0.24831561744213104
2018-08-27,2018-08-28 23:15:00,0.3058589994907379,0.3833138942718506
2018-08-27,2018-08-28 23:30:00,0.28125,0.4499830901622772
2018-08-27,2018-08-28 23:45:00,0.4007810056209564,0.6046045422554016
2018-08-28,2018-08-29 00:00:00,0.28828099370002747,0.5411364436149597
2018-08-28,2018-08-29 00:15:00,0.5203120112419128,0.8175809979438782
2018-08-28,2018-08-29 00:30:00,0.7593749761581421,1.080614686012268
2018-08-28,2018-08-29 00:45:00,1.0863280296325684,1.3356481790542603
2018-08-28,2018-08-29 01:00:00,1.3816410303115845,1.6018617153167725
2018-08-28,2018-08-29 01:15:00,2.566406011581421,1.8771997690200806
2018-08-28,2018-08-29 01:30:00,2.3871090412139893,2.1684863567352295
2018-08-28,2018-08-29 01:45:00,2.292186975479126,2.4041874408721924
2018-08-28,2018-08-29 02:00:00,2.4398438930511475,2.6568453311920166
2018-08-28,2018-08-29 02:15:00,2.759766101837158,2.8632731437683105
2018-08-28,2018-08-29 02:30:00,3.7828121185302734,3.0993802547454834
2018-08-28,2018-08-29 02:45:00,3.786328077316284,3.3083155155181885
2018-08-28,2018-08-29 03:00:00,3.7722649574279785,3.478177070617676
2018-08-28,2018-08-29 03:15:00,3.638672113418579,3.6637520790100098
2018-08-28,2018-08-29 03:30:00,3.7546870708465576,3.8277037143707275
2018-08-28,2018-08-29 03:45:00,3.779297113418579,3.8949618339538574
2018-08-28,2018-08-29 04:00:00,3.67031192779541,3.8945555686950684
2018-08-28,2018-08-29 04:15:00,3.6140620708465576,3.846468687057495
2018-08-28,2018-08-29 04:30:00,3.726562023162842,3.8731331825256348
2018-08-28,2018-08-29 04:45:00,3.2941410541534424,3.786400318145752
2018-08-28,2018-08-29 05:00:00,3.5753910541534424,3.733349084854126
2018-08-28,2018-08-29 05:15:00,3.462891101837158,3.7127504348754883
2018-08-28,2018-08-29 05:30:00,3.3292970657348633,3.5398941040039062
2018-08-28,2018-08-29 05:45:00,3.4382810592651367,3.4883227348327637
2018-08-28,2018-08-29 06:00:00,3.5894529819488525,3.371502161026001
2018-08-28,2018-08-29 06:15:00,3.5015621185302734,3.324538469314575
2018-08-28,2018-08-29 06:30:00,3.375,3.169034004211426
2018-08-28,2018-08-29 06:45:00,3.2554690837860107,3.012636423110962
2018-08-28,2018-08-29 07:00:00,3.086719036102295,2.883404493331909
2018-08-28,2018-08-29 07:15:00,2.924999952316284,2.7242178916931152
2018-08-28,2018-08-29 07:30:00,2.682421922683716,2.514664888381958
2018-08-28,2018-08-29 07:45:00,2.460937976837158,2.3656370639801025
2018-08-28,2018-08-29 08:00:00,2.197266101837158,2.1149191856384277
2018-08-28,2018-08-29 08:15:00,1.9828120470046997,1.9067997932434082
2018-08-28,2018-08-29 08:30:00,1.694530963897705,1.6358637809753418
2018-08-28,2018-08-29 08:45:00,1.3957029581069946,1.3995367288589478
2018-08-28,2018-08-29 09:00:00,1.1988279819488525,1.162542462348938
2018-08-28,2018-08-29 09:15:00,0.9492189884185791,0.8420899510383606
2018-08-28,2018-08-29 09:30:00,0.7207030057907104,0.6222860217094421
2018-08-28,2018-08-29 09:45:00,0.4886719882488251,0.4906159043312073
2018-08-28,2018-08-29 10:00:00,0.3164060115814209,0.34844034910202026
2018-08-28,2018-08-29 10:15:00,0.17226600646972656,0.1982884705066681
2018-08-28,2018-08-29 10:30:00,0.03867200016975403,0.09054776281118393
2018-08-28,2018-08-29 10:45:00,0.0,0.014514475129544735
2018-08-28,2018-08-29 11:00:00,0.0,0.0
2018-08-28,2018-08-29 11:15:00,0.0,0.0
2018-08-28,2018-08-29 11:30:00,0.0,0.008137711323797703
2018-08-28,2018-08-29 11:45:00,0.0,0.0
2018-08-28,2018-08-29 12:00:00,0.0,0.0
2018-08-28,2018-08-29 12:15:00,0.0,0.0
2018-08-28,2018-08-29 12:30:00,0.0,0.03048337809741497
2018-08-28,2018-08-29 12:45:00,0.0,0.06294336169958115
2018-08-28,2018-08-29 13:00:00,0.0,0.0
2018-08-28,2018-08-29 13:15:00,0.0,0.02157355472445488
2018-08-28,2018-08-29 13:30:00,0.0,0.025873975828289986
2018-08-28,2018-08-29 13:45:00,0.0,0.030161645263433456
2018-08-28,2018-08-29 14:00:00,0.0,0.0
2018-08-28,2018-08-29 14:15:00,0.0,0.020638475194573402
2018-08-28,2018-08-29 14:30:00,0.0,0.0
2018-08-28,2018-08-29 14:45:00,0.0,0.0
2018-08-28,2018-08-29 15:00:00,0.0,0.029302410781383514
2018-08-28,2018-08-29 15:15:00,0.0,0.0
2018-08-28,2018-08-29 15:30:00,0.0,0.0
2018-08-28,2018-08-29 15:45:00,0.0,0.05292548984289169
2018-08-28,2018-08-29 16:00:00,0.0,0.01712104305624962
2018-08-28,2018-08-29 16:15:00,0.0,0.0
2018-08-28,2018-08-29 16:30:00,0.0,0.01725909113883972
2018-08-28,2018-08-29 16:45:00,0.0,0.0
2018-08-28,2018-08-29 17:00:00,0.0,0.0
2018-08-28,2018-08-29 17:15:00,0.0,0.0
2018-08-28,2018-08-29 17:30:00,0.0,0.002177261747419834
2018-08-28,2018-08-29 17:45:00,0.0,0.0
2018-08-28,2018-08-29 18:00:00,0.0,0.0
2018-08-28,2018-08-29 18:15:00,0.0,0.0
2018-08-28,2018-08-29 18:30:00,0.0,0.0
2018-08-28,2018-08-29 18:45:00,0.0,0.0
2018-08-28,2018-08-29 19:00:00,0.0,0.0
2018-08-28,2018-08-29 19:15:00,0.0,0.0
2018-08-28,2018-08-29 19:30:00,0.0,0.0
2018-08-28,2018-08-29 19:45:00,0.0,0.0
2018-08-28,2018-08-29 20:00:00,0.0,0.0
2018-08-28,2018-08-29 20:15:00,0.0,0.007057413458824158
2018-08-28,2018-08-29 20:30:00,0.0,0.01838003098964691
2018-08-28,2018-08-29 20:45:00,0.0,0.01727815717458725
2018-08-28,2018-08-29 21:00:00,0.0,0.0
2018-08-28,2018-08-29 21:15:00,0.0,0.03874394670128822
2018-08-28,2018-08-29 21:30:00,0.0,0.0
2018-08-28,2018-08-29 21:45:00,0.0,0.0
2018-08-28,2018-08-29 22:00:00,0.0,0.0503557063639164
2018-08-28,2018-08-29 22:15:00,0.0,0.05917639657855034
2018-08-28,2018-08-29 22:30:00,0.2003909945487976,0.17351171374320984
2018-08-28,2018-08-29 22:45:00,0.34453099966049194,0.2670591175556183
2018-08-28,2018-08-29 23:00:00,0.46406298875808716,0.4281795918941498
2018-08-28,2018-08-29 23:15:00,0.6328120231628418,0.5898857712745667
2018-08-28,2018-08-29 23:30:00,0.9597659707069397,0.7787131071090698
2018-08-28,2018-08-29 23:45:00,0.9140620231628418,0.9606151580810547
2018-08-29,2018-08-30 00:00:00,0.935155987739563,0.9927769899368286
2018-08-29,2018-08-30 00:15:00,0.7347660064697266,1.1791213750839233
2018-08-29,2018-08-30 00:30:00,1.694530963897705,1.328342318534851
2018-08-29,2018-08-30 00:45:00,1.033594012260437,1.3969517946243286
2018-08-29,2018-08-30 01:00:00,1.3746089935302734,1.472042202949524
2018-08-29,2018-08-30 01:15:00,2.348438024520874,1.5406144857406616
2018-08-29,2018-08-30 01:30:00,1.4695310592651367,1.5916625261306763
2018-08-29,2018-08-30 01:45:00,1.5222660303115845,1.6649318933486938
2018-08-29,2018-08-30 02:00:00,1.4378910064697266,1.6369420289993286
2018-08-29,2018-08-30 02:15:00,1.2867189645767212,1.6189491748809814
2018-08-29,2018-08-30 02:30:00,1.1953120231628418,1.5422307252883911
2018-08-29,2018-08-30 02:45:00,1.223436951637268,1.536441445350647
2018-08-29,2018-08-30 03:00:00,1.821094036102295,1.515104055404663
2018-08-29,2018-08-30 03:15:00,1.4097659587860107,1.5098543167114258
2018-08-29,2018-08-30 03:30:00,0.9597659707069397,1.508773922920227
2018-08-29,2018-08-30 03:45:00,1.0019530057907104,1.5119348764419556
2018-08-29,2018-08-30 04:00:00,0.9984380006790161,1.4614125490188599
2018-08-29,2018-08-30 04:15:00,1.2550779581069946,1.4453487396240234
2018-08-29,2018-08-30 04:30:00,1.8914060592651367,1.4620616436004639
2018-08-29,2018-08-30 04:45:00,1.3183590173721313,1.3276499509811401
2018-08-29,2018-08-30 05:00:00,1.2445310354232788,1.3362890481948853
2018-08-29,2018-08-30 05:15:00,1.3324220180511475,1.3611029386520386
2018-08-29,2018-08-30 05:30:00,1.230468988418579,1.2611275911331177
2018-08-29,2018-08-30 05:45:00,0.9386720061302185,1.2675186395645142
2018-08-29,2018-08-30 06:00:00,0.9773439764976501,1.2026294469833374
2018-08-29,2018-08-30 06:15:00,1.2867189645767212,1.184842586517334
2018-08-29,2018-08-30 06:30:00,1.167186975479126,1.1343731880187988
2018-08-29,2018-08-30 06:45:00,1.1636719703674316,1.0900574922561646
2018-08-29,2018-08-30 07:00:00,0.935155987739563,1.0860042572021484
2018-08-29,2018-08-30 07:15:00,0.892969012260437,1.0305982828140259
2018-08-29,2018-08-30 07:30:00,1.0054689645767212,0.9845699667930603
2018-08-29,2018-08-30 07:45:00,1.8492189645767212,0.9285514950752258
2018-08-29,2018-08-30 08:00:00,1.089843988418579,0.8572472333908081
2018-08-29,2018-08-30 08:15:00,1.4941409826278687,0.763643205165863
2018-08-29,2018-08-30 08:30:00,0.963280975818634,0.6296442747116089
2018-08-29,2018-08-30 08:45:00,0.5378909707069397,0.5188902020454407
2018-08-29,2018-08-30 09:00:00,0.24960899353027344,0.3888126015663147
2018-08-29,2018-08-30 09:15:00,0.16171899437904358,0.2312793731689453
2018-08-29,2018-08-30 09:30:00,0.042187999933958054,0.1383260190486908
2018-08-29,2018-08-30 09:45:00,0.052733998745679855,0.04231444001197815
2018-08-29,2018-08-30 10:00:00,0.010546999983489513,0.0
2018-08-29,2018-08-30 10:15:00,0.0,0.0
2018-08-29,2018-08-30 10:30:00,0.0,0.0
2018-08-29,2018-08-30 10:45:00,0.0,0.0
2018-08-29,2018-08-30 11:00:00,0.0,0.0
2018-08-29,2018-08-30 11:15:00,0.0,0.0
2018-08-29,2018-08-30 11:30:00,0.0,0.018487878143787384
2018-08-29,2018-08-30 11:45:00,0.0,0.014364113099873066
2018-08-29,2018-08-30 12:00:00,0.0,0.049290481954813004
2018-08-29,2018-08-30 12:15:00,0.0,0.02669334225356579
2018-08-29,2018-08-30 12:30:00,0.0,0.05894646793603897
2018-08-29,2018-08-30 12:45:00,0.0,0.061110418289899826
2018-08-29,2018-08-30 13:00:00,0.0,0.0
2018-08-29,2018-08-30 13:15:00,0.0,0.013294977135956287
2018-08-29,2018-08-30 13:30:00,0.0,0.0167765561491251
2018-08-29,2018-08-30 13:45:00,0.0,0.009665439836680889
2018-08-29,2018-08-30 14:00:00,0.0,0.0
2018-08-29,2018-08-30 14:15:00,0.0,0.0
2018-08-29,2018-08-30 14:30:00,0.0,0.0
2018-08-29,2018-08-30 14:45:00,0.0,0.0
2018-08-29,2018-08-30 15:00:00,0.0,0.0
2018-08-29,2018-08-30 15:15:00,0.0,0.01170719787478447
2018-08-29,2018-08-30 15:30:00,0.0,0.004065101034939289
2018-08-29,2018-08-30 15:45:00,0.0,0.03598100319504738
2018-08-29,2018-08-30 16:00:00,0.0,0.0030191990081220865
2018-08-29,2018-08-30 16:15:00,0.0,0.015269245952367783
2018-08-29,2018-08-30 16:30:00,0.0,0.012053155340254307
2018-08-29,2018-08-30 16:45:00,0.0,0.0
2018-08-29,2018-08-30 17:00:00,0.0,0.024285107851028442
2018-08-29,2018-08-30 17:15:00,0.0,0.011492066085338593
2018-08-29,2018-08-30 17:30:00,0.0,0.028167415410280228
2018-08-29,2018-08-30 17:45:00,0.0,0.011233408004045486
2018-08-29,2018-08-30 18:00:00,0.0,0.0
2018-08-29,2018-08-30 18:15:00,0.0,0.0
2018-08-29,2018-08-30 18:30:00,0.0,0.0
2018-08-29,2018-08-30 18:45:00,0.0,0.0
2018-08-29,2018-08-30 19:00:00,0.0,0.0
2018-08-29,2018-08-30 19:15:00,0.0,0.0
2018-08-29,2018-08-30 19:30:00,0.0,0.0
2018-08-29,2018-08-30 19:45:00,0.0,0.0
2018-08-29,2018-08-30 20:00:00,0.0,0.0
2018-08-29,2018-08-30 20:15:00,0.0,0.0
2018-08-29,2018-08-30 20:30:00,0.0,0.0
2018-08-29,2018-08-30 20:45:00,0.0,0.0
2018-08-29,2018-08-30 21:00:00,0.0,0.0
2018-08-29,2018-08-30 21:15:00,0.0,0.0
2018-08-29,2018-08-30 21:30:00,0.0,0.0
2018-08-29,2018-08-30 21:45:00,0.0,0.0
2018-08-29,2018-08-30 22:00:00,0.0,0.015408990904688835
2018-08-29,2018-08-30 22:15:00,0.0,0.003038631984964013
2018-08-29,2018-08-30 22:30:00,0.024608999490737915,0.09213151782751083
2018-08-29,2018-08-30 22:45:00,0.07734400033950806,0.13723599910736084
2018-08-29,2018-08-30 23:00:00,0.26367199420928955,0.19387011229991913
2018-08-29,2018-08-30 23:15:00,0.23906299471855164,0.3084518313407898
2018-08-29,2018-08-30 23:30:00,0.291797012090683,0.37660276889801025
2018-08-29,2018-08-30 23:45:00,0.30937498807907104,0.53305584192276
2018-08-30,2018-08-31 00:00:00,0.411327987909317,0.41558951139450073
2018-08-30,2018-08-31 00:15:00,0.5730469822883606,0.4969950020313263
2018-08-30,2018-08-31 00:30:00,0.5378909707069397,0.5901602506637573
2018-08-30,2018-08-31 00:45:00,0.4816409945487976,0.6099929213523865
2018-08-30,2018-08-31 01:00:00,1.1285159587860107,0.7269830107688904
2018-08-30,2018-08-31 01:15:00,1.1917970180511475,0.8311847448348999
2018-08-30,2018-08-31 01:30:00,1.2761720418930054,0.9014983177185059
2018-08-30,2018-08-31 01:45:00,0.5695310235023499,0.9849322438240051
2018-08-30,2018-08-31 02:00:00,0.4675779938697815,1.0398157835006714
2018-08-30,2018-08-31 02:15:00,0.48515599966049194,1.0909274816513062
2018-08-30,2018-08-31 02:30:00,0.9667969942092896,1.1395639181137085
2018-08-30,2018-08-31 02:45:00,1.8175779581069946,1.1862680912017822
2018-08-30,2018-08-31 03:00:00,2.091797113418579,1.1783360242843628
2018-08-30,2018-08-31 03:15:00,1.722656011581421,1.2415307760238647
2018-08-30,2018-08-31 03:30:00,1.0933589935302734,1.2434331178665161
2018-08-30,2018-08-31 03:45:00,1.1460939645767212,1.2224606275558472
2018-08-30,2018-08-31 04:00:00,1.364061951637268,1.2063782215118408
2018-08-30,2018-08-31 04:15:00,1.3746089935302734,1.1480976343154907
2018-08-30,2018-08-31 04:30:00,1.132030963897705,1.1110285520553589
2018-08-30,2018-08-31 04:45:00,0.5800780057907104,0.9723479151725769
2018-08-30,2018-08-31 05:00:00,0.7875000238418579,0.9167032241821289
2018-08-30,2018-08-31 05:15:00,0.7101560235023499,0.8989712595939636
2018-08-30,2018-08-31 05:30:00,0.5554689764976501,0.7937595248222351
2018-08-30,2018-08-31 05:45:00,0.6328120231628418,0.8004188537597656
2018-08-30,2018-08-31 06:00:00,1.1109369993209839,0.7390674352645874
2018-08-30,2018-08-31 06:15:00,1.082811951637268,0.7422127723693848
2018-08-30,2018-08-31 06:30:00,0.9210940003395081,0.7263514995574951
2018-08-30,2018-08-31 06:45:00,0.8402339816093445,0.7111648917198181
2018-08-30,2018-08-31 07:00:00,0.6398440003395081,0.6908894181251526
2018-08-30,2018-08-31 07:15:00,0.7628909945487976,0.620902955532074
2018-08-30,2018-08-31 07:30:00,0.8789060115814209,0.5924111008644104
2018-08-30,2018-08-31 07:45:00,0.6292970180511475,0.530134379863739
2018-08-30,2018-08-31 08:00:00,0.4464839994907379,0.456198513507843
2018-08-30,2018-08-31 08:15:00,0.3621090054512024,0.3840993642807007
2018-08-30,2018-08-31 08:30:00,0.37968701124191284,0.2595280110836029
2018-08-30,2018-08-31 08:45:00,0.42890599370002747,0.22913934290409088
2018-08-30,2018-08-31 09:00:00,0.3023439943790436,0.15471671521663666
2018-08-30,2018-08-31 09:15:00,0.21445299685001373,0.09266027063131332
2018-08-30,2018-08-31 09:30:00,0.18984399735927582,0.02036142349243164
2018-08-30,2018-08-31 09:45:00,0.049219001084566116,0.02788883075118065
2018-08-30,2018-08-31 10:00:00,0.049219001084566116,0.0033015182707458735
2018-08-30,2018-08-31 10:15:00,0.010546999983489513,0.0
2018-08-30,2018-08-31 10:30:00,0.0,0.0
2018-08-30,2018-08-31 10:45:00,0.0,0.0
2018-08-30,2018-08-31 11:00:00,0.0,0.0
2018-08-30,2018-08-31 11:15:00,0.0,0.025237439200282097
2018-08-30,2018-08-31 11:30:00,0.0,0.06210163235664368
2018-08-30,2018-08-31 11:45:00,0.0,0.06147128343582153
2018-08-30,2018-08-31 12:00:00,0.0,0.1148877814412117
2018-08-30,2018-08-31 12:15:00,0.0,0.0853239968419075
2018-08-30,2018-08-31 12:30:00,0.0,0.10625109821557999
2018-08-30,2018-08-31 12:45:00,0.0,0.09420004487037659
2018-08-30,2018-08-31 13:00:00,0.0,0.03333206847310066
2018-08-30,2018-08-31 13:15:00,0.0,0.034649819135665894
2018-08-30,2018-08-31 13:30:00,0.0,0.03244279697537422
2018-08-30,2018-08-31 13:45:00,0.0,0.004848224576562643
2018-08-30,2018-08-31 14:00:00,0.0,0.0
2018-08-30,2018-08-31 14:15:00,0.0,0.03770563378930092
2018-08-30,2018-08-31 14:30:00,0.0,0.00953334104269743
2018-08-30,2018-08-31 14:45:00,0.0,0.0215996652841568
2018-08-30,2018-08-31 15:00:00,0.0,0.022259337827563286
2018-08-30,2018-08-31 15:15:00,0.0,0.02387414313852787
2018-08-30,2018-08-31 15:30:00,0.0,0.022320033982396126
2018-08-30,2018-08-31 15:45:00,0.0,0.05125362426042557
2018-08-30,2018-08-31 16:00:00,0.0,0.024132996797561646
2018-08-30,2018-08-31 16:15:00,0.0,0.01875828392803669
2018-08-30,2018-08-31 16:30:00,0.0,0.04194166511297226
2018-08-30,2018-08-31 16:45:00,0.0,0.005967332050204277
2018-08-30,2018-08-31 17:00:00,0.0,0.03816056624054909
2018-08-30,2018-08-31 17:15:00,0.0,0.0567043237388134
2018-08-30,2018-08-31 17:30:00,0.0,0.05282139033079147
2018-08-30,2018-08-31 17:45:00,0.0,0.03580234572291374
2018-08-30,2018-08-31 18:00:00,0.0,0.04982207715511322
2018-08-30,2018-08-31 18:15:00,0.0,0.024541625753045082
2018-08-30,2018-08-31 18:30:00,0.0,0.005001914221793413
2018-08-30,2018-08-31 18:45:00,0.0,0.0
2018-08-30,2018-08-31 19:00:00,0.0,0.0
2018-08-30,2018-08-31 19:15:00,0.0,0.0
2018-08-30,2018-08-31 19:30:00,0.0,0.0
2018-08-30,2018-08-31 19:45:00,0.0,0.0
2018-08-30,2018-08-31 20:00:00,0.0,0.0
2018-08-30,2018-08-31 20:15:00,0.0,0.0
2018-08-30,2018-08-31 20:30:00,0.0,0.0
2018-08-30,2018-08-31 20:45:00,0.0,0.0
2018-08-30,2018-08-31 21:00:00,0.0,0.0
2018-08-30,2018-08-31 21:15:00,0.0,0.0
2018-08-30,2018-08-31 21:30:00,0.0,0.0
2018-08-30,2018-08-31 21:45:00,0.0,0.0
2018-08-30,2018-08-31 22:00:00,0.0,0.0
2018-08-30,2018-08-31 22:15:00,0.0,0.0
2018-08-30,2018-08-31 22:30:00,0.0,0.06477731466293335
2018-08-30,2018-08-31 22:45:00,0.052733998745679855,0.128701850771904
2018-08-30,2018-08-31 23:00:00,0.0703120008111,0.24648462235927582
2018-08-30,2018-08-31 23:15:00,0.25312501192092896,0.42319557070732117
2018-08-30,2018-08-31 23:30:00,0.4570310115814209,0.5237448215484619
2018-08-30,2018-08-31 23:45:00,0.7910159826278687,0.6539122462272644
2018-11-23,2018-11-24 00:00:00,0.2566410005092621,0.34489190578460693
2018-11-23,2018-11-24 00:15:00,0.42539098858833313,0.523833155632019
2018-11-23,2018-11-24 00:30:00,0.6503909826278687,0.7514022588729858
2018-11-23,2018-11-24 00:45:00,0.794530987739563,1.0183686017990112
2018-11-23,2018-11-24 01:00:00,1.1039060354232788,1.2071998119354248
2018-11-23,2018-11-24 01:15:00,1.3253910541534424,1.4782668352127075
2018-11-23,2018-11-24 01:30:00,1.490625023841858,1.7353638410568237
2018-11-23,2018-11-24 01:45:00,1.694530963897705,1.9676215648651123
2018-11-23,2018-11-24 02:00:00,1.835155963897705,2.2194693088531494
2018-11-23,2018-11-24 02:15:00,2.144531011581421,2.4085183143615723
2018-11-23,2018-11-24 02:30:00,2.3132810592651367,2.591052770614624
2018-11-23,2018-11-24 02:45:00,2.513672113418579,2.806267738342285
2018-11-23,2018-11-24 03:00:00,2.636718988418579,2.904787302017212
2018-11-23,2018-11-24 03:15:00,2.805469036102295,3.0689947605133057
2018-11-23,2018-11-24 03:30:00,2.8863279819488525,3.1948776245117188
2018-11-23,2018-11-24 03:45:00,2.9039061069488525,3.206531286239624
2018-11-23,2018-11-24 04:00:00,2.9390621185302734,3.208618640899658
2018-11-23,2018-11-24 04:15:00,2.9496090412139893,3.1589784622192383
2018-11-23,2018-11-24 04:30:00,2.865233898162842,3.159871816635132
2018-11-23,2018-11-24 04:45:00,2.707031011581421,3.0692038536071777
2018-11-23,2018-11-24 05:00:00,2.82656192779541,2.994413375854492
2018-11-23,2018-11-24 05:15:00,2.68593692779541,2.9004263877868652
2018-11-23,2018-11-24 05:30:00,2.3695309162139893,2.6625022888183594
2018-11-23,2018-11-24 05:45:00,2.242969036102295,2.5471560955047607
2018-11-23,2018-11-24 06:00:00,2.1867189407348633,2.31842041015625
2018-11-23,2018-11-24 06:15:00,1.6664060354232788,2.1393704414367676
2018-11-23,2018-11-24 06:30:00,1.6488280296325684,1.8510088920593262
2018-11-23,2018-11-24 06:45:00,1.5328119993209839,1.5715467929840088
2018-11-23,2018-11-24 07:00:00,1.314844012260437,1.2814396619796753
2018-11-23,2018-11-24 07:15:00,1.2937500476837158,1.0317356586456299
2018-11-23,2018-11-24 07:30:00,0.39375001192092896,0.7307015657424927
2018-11-23,2018-11-24 07:45:00,0.40781301259994507,0.52088862657547
2018-11-23,2018-11-24 08:00:00,0.5625,0.30135390162467957
2018-11-23,2018-11-24 08:15:00,0.2355470061302185,0.1967252492904663
2018-11-23,2018-11-24 08:30:00,0.1054690033197403,0.053952086716890335
2018-11-23,2018-11-24 08:45:00,0.007031000219285488,0.008726577274501324
2018-11-23,2018-11-24 09:00:00,0.0,0.0
2018-11-23,2018-11-24 09:15:00,0.0,0.0
2018-11-23,2018-11-24 09:30:00,0.0,0.0
2018-11-23,2018-11-24 09:45:00,0.0,0.0
2018-11-23,2018-11-24 10:00:00,0.0,0.014239470474421978
2018-11-23,2018-11-24 10:15:00,0.0,0.01752449758350849
2018-11-23,2018-11-24 10:30:00,0.0,0.005645971745252609
2018-11-23,2018-11-24 10:45:00,0.0,0.01624440588057041
2018-11-23,2018-11-24 11:00:00,0.0,0.04108988121151924
2018-11-23,2018-11-24 11:15:00,0.0,0.04294579476118088
2018-11-23,2018-11-24 11:30:00,0.0,0.06565093249082565
2018-11-23,2018-11-24 11:45:00,0.0,0.010666589252650738
2018-11-23,2018-11-24 12:00:00,0.0,0.013395012356340885
2018-11-23,2018-11-24 12:15:00,0.0,0.007790848612785339
2018-11-23,2018-11-24 12:30:00,0.0,0.02313198149204254
2018-11-23,2018-11-24 12:45:00,0.0,0.054263509809970856
2018-11-23,2018-11-24 13:00:00,0.0,0.007799955550581217
2018-11-23,2018-11-24 13:15:00,0.0,0.028169739991426468
2018-11-23,2018-11-24 13:30:00,0.0,0.06050021946430206
2018-11-23,2018-11-24 13:45:00,0.0,0.02623549848794937
2018-11-23,2018-11-24 14:00:00,0.0,0.023563943803310394
2018-11-23,2018-11-24 14:15:00,0.0,0.05368531122803688
2018-11-23,2018-11-24 14:30:00,0.0,0.037674110382795334
2018-11-23,2018-11-24 14:45:00,0.0,0.05374594405293465
2018-11-23,2018-11-24 15:00:00,0.0,0.0478842668235302
2018-11-23,2018-11-24 15:15:00,0.0,0.0
2018-11-23,2018-11-24 15:30:00,0.0,0.0
2018-11-23,2018-11-24 15:45:00,0.0,0.00997887086123228
2018-11-23,2018-11-24 16:00:00,0.0,0.0
2018-11-23,2018-11-24 16:15:00,0.0,0.0
2018-11-23,2018-11-24 16:30:00,0.0,0.0
2018-11-23,2018-11-24 16:45:00,0.0,0.0
2018-11-23,2018-11-24 17:00:00,0.0,0.0
2018-11-23,2018-11-24 17:15:00,0.0,0.0
2018-11-23,2018-11-24 17:30:00,0.0,0.006312764715403318
2018-11-23,2018-11-24 17:45:00,0.0,0.01990743726491928
2018-11-23,2018-11-24 18:00:00,0.0,0.05098556727170944
2018-11-23,2018-11-24 18:15:00,0.0,0.01995459385216236
2018-11-23,2018-11-24 18:30:00,0.0,0.0
2018-11-23,2018-11-24 18:45:00,0.0,0.0
2018-11-23,2018-11-24 19:00:00,0.0,0.0
2018-11-23,2018-11-24 19:15:00,0.0,0.0
2018-11-23,2018-11-24 19:30:00,0.0,0.0
2018-11-23,2018-11-24 19:45:00,0.0,0.0
2018-11-23,2018-11-24 20:00:00,0.0,0.0
2018-11-23,2018-11-24 20:15:00,0.0,0.0
2018-11-23,2018-11-24 20:30:00,0.0,0.0
2018-11-23,2018-11-24 20:45:00,0.0,0.0
2018-11-23,2018-11-24 21:00:00,0.0,0.0
2018-11-23,2018-11-24 21:15:00,0.0,0.0
2018-11-23,2018-11-24 21:30:00,0.0,0.0
2018-11-23,2018-11-24 21:45:00,0.0,0.0
2018-11-23,2018-11-24 22:00:00,0.0,0.0
2018-11-23,2018-11-24 22:15:00,0.0,0.0
2018-11-23,2018-11-24 22:30:00,0.0,0.0
2018-11-23,2018-11-24 22:45:00,0.0,0.0
2018-11-23,2018-11-24 23:00:00,0.0,0.014702838845551014
2018-11-23,2018-11-24 23:15:00,0.0,0.08627050369977951
2018-11-23,2018-11-24 23:30:00,0.04570300132036209,0.1859019547700882
2018-11-23,2018-11-24 23:45:00,0.140625,0.3111114799976349
2018-11-24,2018-11-25 00:00:00,0.27421900629997253,0.339503675699234
2018-11-24,2018-11-25 00:15:00,0.4816409945487976,0.49779340624809265
2018-11-24,2018-11-25 00:30:00,0.7066410183906555,0.7230560183525085
2018-11-24,2018-11-25 00:45:00,0.9210940003395081,0.9456648230552673
2018-11-24,2018-11-25 01:00:00,1.1039060354232788,1.1144770383834839
2018-11-24,2018-11-25 01:15:00,1.2550779581069946,1.321409821510315
2018-11-24,2018-11-25 01:30:00,1.4835939407348633,1.5629774332046509
2018-11-24,2018-11-25 01:45:00,1.6875,1.756851315498352
2018-11-24,2018-11-25 02:00:00,1.877344012260437,1.9408332109451294
2018-11-24,2018-11-25 02:15:00,2.1128900051116943,2.0887818336486816
2018-11-24,2018-11-25 02:30:00,2.3167970180511475,2.2073521614074707
2018-11-24,2018-11-25 02:45:00,2.4996089935302734,2.38616943359375
2018-11-24,2018-11-25 03:00:00,2.5875000953674316,2.459695339202881
2018-11-24,2018-11-25 03:15:00,2.636718988418579,2.5833497047424316
2018-11-24,2018-11-25 03:30:00,2.7527339458465576,2.65704083442688
2018-11-24,2018-11-25 03:45:00,2.7703120708465576,2.653873920440674
2018-11-24,2018-11-25 04:00:00,2.7914059162139893,2.6545305252075195
2018-11-24,2018-11-25 04:15:00,2.7562499046325684,2.595827579498291
2018-11-24,2018-11-25 04:30:00,2.7562499046325684,2.5906589031219482
2018-11-24,2018-11-25 04:45:00,2.654297113418579,2.513669013977051
2018-11-24,2018-11-25 05:00:00,2.559375047683716,2.4104089736938477
2018-11-24,2018-11-25 05:15:00,2.401171922683716,2.3471264839172363
2018-11-24,2018-11-25 05:30:00,2.2289059162139893,2.170201539993286
2018-11-24,2018-11-25 05:45:00,2.116405963897705,2.0756890773773193
2018-11-24,2018-11-25 06:00:00,2.003906011581421,1.9115873575210571
2018-11-24,2018-11-25 06:15:00,1.7683589458465576,1.7843924760818481
2018-11-24,2018-11-25 06:30:00,1.6066410541534424,1.5505625009536743
2018-11-24,2018-11-25 06:45:00,1.4097659587860107,1.3297659158706665
2018-11-24,2018-11-25 07:00:00,1.1847660541534424,1.1122609376907349
2018-11-24,2018-11-25 07:15:00,1.0054689645767212,0.9244057536125183
2018-11-24,2018-11-25 07:30:00,0.7875000238418579,0.7138439416885376
2018-11-24,2018-11-25 07:45:00,0.5976560115814209,0.5054501295089722
2018-11-24,2018-11-25 08:00:00,0.41835901141166687,0.3480967879295349
2018-11-24,2018-11-25 08:15:00,0.2566410005092621,0.22904515266418457
2018-11-24,2018-11-25 08:30:00,0.13710899651050568,0.09605666249990463
2018-11-24,2018-11-25 08:45:00,0.02812499925494194,0.06087386980652809
2018-11-24,2018-11-25 09:00:00,0.0,0.0
2018-11-24,2018-11-25 09:15:00,0.0,0.0
2018-11-24,2018-11-25 09:30:00,0.0,0.0
2018-11-24,2018-11-25 09:45:00,0.0,0.0
2018-11-24,2018-11-25 10:00:00,0.0,0.025119297206401825
2018-11-24,2018-11-25 10:15:00,0.0,0.021691109985113144
2018-11-24,2018-11-25 10:30:00,0.0,0.006606245879083872
2018-11-24,2018-11-25 10:45:00,0.0,0.03409375995397568
2018-11-24,2018-11-25 11:00:00,0.0,0.05507967621088028
2018-11-24,2018-11-25 11:15:00,0.0,0.06273892521858215
2018-11-24,2018-11-25 11:30:00,0.0,0.07903258502483368
2018-11-24,2018-11-25 11:45:00,0.0,0.001635790802538395
2018-11-24,2018-11-25 12:00:00,0.0,0.002659764839336276
2018-11-24,2018-11-25 12:15:00,0.0,0.008511588908731937
2018-11-24,2018-11-25 12:30:00,0.0,0.022890083491802216
2018-11-24,2018-11-25 12:45:00,0.0,0.0448325052857399
2018-11-24,2018-11-25 13:00:00,0.0,0.001484837499447167
2018-11-24,2018-11-25 13:15:00,0.0,0.009687591344118118
2018-11-24,2018-11-25 13:30:00,0.0,0.04369949549436569
2018-11-24,2018-11-25 13:45:00,0.0,0.02243410237133503
2018-11-24,2018-11-25 14:00:00,0.0,0.0023997901007533073
2018-11-24,2018-11-25 14:15:00,0.0,0.042674195021390915
2018-11-24,2018-11-25 14:30:00,0.0,0.028629405423998833
2018-11-24,2018-11-25 14:45:00,0.0,0.03618403151631355
2018-11-24,2018-11-25 15:00:00,0.0,0.04246274754405022
2018-11-24,2018-11-25 15:15:00,0.0,0.023963890969753265
2018-11-24,2018-11-25 15:30:00,0.0,0.0
2018-11-24,2018-11-25 15:45:00,0.0,0.04163804650306702
2018-11-24,2018-11-25 16:00:00,0.0,0.010098103433847427
2018-11-24,2018-11-25 16:15:00,0.0,0.0
2018-11-24,2018-11-25 16:30:00,0.0,0.0
2018-11-24,2018-11-25 16:45:00,0.0,0.0
2018-11-24,2018-11-25 17:00:00,0.0,0.0
2018-11-24,2018-11-25 17:15:00,0.0,0.017977681010961533
2018-11-24,2018-11-25 17:30:00,0.0,0.022049082443118095
2018-11-24,2018-11-25 17:45:00,0.0,0.03288058191537857
2018-11-24,2018-11-25 18:00:00,0.0,0.07500822097063065
2018-11-24,2018-11-25 18:15:00,0.0,0.04273374751210213
2018-11-24,2018-11-25 18:30:00,0.0,0.020837239921092987
2018-11-24,2018-11-25 18:45:00,0.0,0.011840143240988255
2018-11-24,2018-11-25 19:00:00,0.0,0.0026076743379235268
2018-11-24,2018-11-25 19:15:00,0.0,0.0
2018-11-24,2018-11-25 19:30:00,0.0,0.0
2018-11-24,2018-11-25 19:45:00,0.0,0.0
2018-11-24,2018-11-25 20:00:00,0.0,0.0
2018-11-24,2018-11-25 20:15:00,0.0,0.0
2018-11-24,2018-11-25 20:30:00,0.0,0.0
2018-11-24,2018-11-25 20:45:00,0.0,0.0
2018-11-24,2018-11-25 21:00:00,0.0,0.0
2018-11-24,2018-11-25 21:15:00,0.0,0.0
2018-11-24,2018-11-25 21:30:00,0.0,0.0
2018-11-24,2018-11-25 21:45:00,0.0,0.0
2018-11-24,2018-11-25 22:00:00,0.0,0.0
2018-11-24,2018-11-25 22:15:00,0.0,0.0
2018-11-24,2018-11-25 22:30:00,0.0,0.0
2018-11-24,2018-11-25 22:45:00,0.0,0.0
2018-11-24,2018-11-25 23:00:00,0.0,0.03217189759016037
2018-11-24,2018-11-25 23:15:00,0.0,0.0967167392373085
2018-11-24,2018-11-25 23:30:00,0.0,0.17655260860919952
2018-11-24,2018-11-25 23:45:00,0.09843800216913223,0.29878801107406616
2018-11-25,2018-11-26 00:00:00,0.22499999403953552,0.2835198938846588
2018-11-25,2018-11-26 00:15:00,0.3550780117511749,0.42949122190475464
2018-11-25,2018-11-26 00:30:00,0.5378909707069397,0.6018133163452148
2018-11-25,2018-11-26 00:45:00,0.7347660064697266,0.7624146342277527
2018-11-25,2018-11-26 01:00:00,1.1777340173721313,0.9257770776748657
2018-11-25,2018-11-26 01:15:00,1.209375023841858,1.0975664854049683
2018-11-25,2018-11-26 01:30:00,1.167186975479126,1.282004952430725
2018-11-25,2018-11-26 01:45:00,1.3605469465255737,1.4214023351669312
2018-11-25,2018-11-26 02:00:00,1.4835939407348633,1.579651117324829
2018-11-25,2018-11-26 02:15:00,1.2339839935302734,1.7253385782241821
2018-11-25,2018-11-26 02:30:00,1.9863280057907104,1.852837085723877
2018-11-25,2018-11-26 02:45:00,1.9441410303115845,2.044259786605835
2018-11-25,2018-11-26 03:00:00,2.010936975479126,2.105746269226074
2018-11-25,2018-11-26 03:15:00,2.119921922683716,2.287689208984375
2018-11-25,2018-11-26 03:30:00,2.1304690837860107,2.410318613052368
2018-11-25,2018-11-26 03:45:00,2.320312023162842,2.448218584060669
2018-11-25,2018-11-26 04:00:00,2.278125047683716,2.4521944522857666
2018-11-25,2018-11-26 04:15:00,2.366015911102295,2.4452576637268066
2018-11-25,2018-11-26 04:30:00,2.144531011581421,2.4336130619049072
2018-11-25,2018-11-26 04:45:00,2.583983898162842,2.3557870388031006
2018-11-25,2018-11-26 05:00:00,2.4679689407348633,2.285163402557373
2018-11-25,2018-11-26 05:15:00,2.3343749046325684,2.176405906677246
2018-11-25,2018-11-26 05:30:00,1.9828120470046997,1.9647763967514038
2018-11-25,2018-11-26 05:45:00,1.9722659587860107,1.831372618675232
2018-11-25,2018-11-26 06:00:00,1.722656011581421,1.6038254499435425
2018-11-25,2018-11-26 06:15:00,1.6664060354232788,1.4513388872146606
2018-11-25,2018-11-26 06:30:00,0.7734379768371582,1.19160795211792
2018-11-25,2018-11-26 06:45:00,0.9703119993209839,0.9684693217277527
2018-11-25,2018-11-26 07:00:00,0.6187499761581421,0.7585550546646118
2018-11-25,2018-11-26 07:15:00,0.6644530296325684,0.5835372805595398
2018-11-25,2018-11-26 07:30:00,0.47460898756980896,0.4240945279598236
2018-11-25,2018-11-26 07:45:00,0.33398398756980896,0.26849573850631714
2018-11-25,2018-11-26 08:00:00,0.27773401141166687,0.13416211307048798
2018-11-25,2018-11-26 08:15:00,0.14765599370002747,0.06650685518980026
2018-11-25,2018-11-26 08:30:00,0.06328099966049194,0.007428173907101154
2018-11-25,2018-11-26 08:45:00,0.0,0.0
2018-11-25,2018-11-26 09:00:00,0.0,0.0
2018-11-25,2018-11-26 09:15:00,0.0,0.0
2018-11-25,2018-11-26 09:30:00,0.0,0.0
2018-11-25,2018-11-26 09:45:00,0.0,0.0
2018-11-25,2018-11-26 10:00:00,0.0,0.0
2018-11-25,2018-11-26 10:15:00,0.0,0.0
2018-11-25,2018-11-26 10:30:00,0.0,0.0
2018-11-25,2018-11-26 10:45:00,0.0,0.0
2018-11-25,2018-11-26 11:00:00,0.0,0.029616467654705048
2018-11-25,2018-11-26 11:15:00,0.0,0.0326869897544384
2018-11-25,2018-11-26 11:30:00,0.0,0.06954053044319153
2018-11-25,2018-11-26 11:45:00,0.0,0.021372763440012932
2018-11-25,2018-11-26 12:00:00,0.0,0.0559103898704052
2018-11-25,2018-11-26 12:15:00,0.0,0.019210439175367355
2018-11-25,2018-11-26 12:30:00,0.0,0.04934639483690262
2018-11-25,2018-11-26 12:45:00,0.0,0.07171526551246643
2018-11-25,2018-11-26 13:00:00,0.0,0.01239798404276371
2018-11-25,2018-11-26 13:15:00,0.0,0.020847609266638756
2018-11-25,2018-11-26 13:30:00,0.0,0.03138492628931999
2018-11-25,2018-11-26 13:45:00,0.0,0.01756543479859829
2018-11-25,2018-11-26 14:00:00,0.0,0.0
2018-11-25,2018-11-26 14:15:00,0.0,0.019393639639019966
2018-11-25,2018-11-26 14:30:00,0.0,0.016576126217842102
2018-11-25,2018-11-26 14:45:00,0.0,0.02371841110289097
2018-11-25,2018-11-26 15:00:00,0.0,0.03404555469751358
2018-11-25,2018-11-26 15:15:00,0.0,0.020447200164198875
2018-11-25,2018-11-26 15:30:00,0.0,0.0
2018-11-25,2018-11-26 15:45:00,0.0,0.023559562861919403
2018-11-25,2018-11-26 16:00:00,0.0,0.013382009230554104
2018-11-25,2018-11-26 16:15:00,0.0,0.0
2018-11-25,2018-11-26 16:30:00,0.0,0.012857655994594097
2018-11-25,2018-11-26 16:45:00,0.0,0.0
2018-11-25,2018-11-26 17:00:00,0.0,0.0006542010814882815
2018-11-25,2018-11-26 17:15:00,0.0,0.04164179414510727
2018-11-25,2018-11-26 17:30:00,0.0,0.035719942301511765
2018-11-25,2018-11-26 17:45:00,0.0,0.04624301195144653
2018-11-25,2018-11-26 18:00:00,0.0,0.07780376076698303
2018-11-25,2018-11-26 18:15:00,0.0,0.08416131138801575
2018-11-25,2018-11-26 18:30:00,0.0,0.029808204621076584
2018-11-25,2018-11-26 18:45:00,0.0,0.0171111561357975
2018-11-25,2018-11-26 19:00:00,0.0,0.0
2018-11-25,2018-11-26 19:15:00,0.0,0.0
2018-11-25,2018-11-26 19:30:00,0.0,0.0
2018-11-25,2018-11-26 19:45:00,0.0,0.0
2018-11-25,2018-11-26 20:00:00,0.0,0.0
2018-11-25,2018-11-26 20:15:00,0.0,0.0
2018-11-25,2018-11-26 20:30:00,0.0,0.0
2018-11-25,2018-11-26 20:45:00,0.0,0.0
2018-11-25,2018-11-26 21:00:00,0.0,0.0
2018-11-25,2018-11-26 21:15:00,0.0,0.0
2018-11-25,2018-11-26 21:30:00,0.0,0.0
2018-11-25,2018-11-26 21:45:00,0.0,0.0
2018-11-25,2018-11-26 22:00:00,0.0,0.0
2018-11-25,2018-11-26 22:15:00,0.0,0.0
2018-11-25,2018-11-26 22:30:00,0.0,0.0
2018-11-25,2018-11-26 22:45:00,0.0,0.0
2018-11-25,2018-11-26 23:00:00,0.0,0.0
2018-11-25,2018-11-26 23:15:00,0.0,0.012159563601016998
2018-11-25,2018-11-26 23:30:00,0.0,0.07551124691963196
2018-11-25,2018-11-26 23:45:00,0.003515999997034669,0.16857416927814484
2018-11-26,2018-11-27 00:00:00,0.22499999403953552,0.17256754636764526
2018-11-26,2018-11-27 00:15:00,0.38320299983024597,0.3008192479610443
2018-11-26,2018-11-27 00:30:00,0.5027340054512024,0.4520251154899597
2018-11-26,2018-11-27 00:45:00,0.7664059996604919,0.6075029373168945
2018-11-26,2018-11-27 01:00:00,0.9035159945487976,0.7620038986206055
2018-11-26,2018-11-27 01:15:00,1.321874976158142,0.9384061694145203
2018-11-26,2018-11-27 01:30:00,1.040624976158142,1.0923711061477661
2018-11-26,2018-11-27 01:45:00,1.4695310592651367,1.2664918899536133
2018-11-26,2018-11-27 02:00:00,1.4941409826278687,1.4497411251068115
2018-11-26,2018-11-27 02:15:00,1.778905987739563,1.5943963527679443
2018-11-26,2018-11-27 02:30:00,1.835155963897705,1.749297022819519
2018-11-26,2018-11-27 02:45:00,2.0882809162139893,1.9403489828109741
2018-11-26,2018-11-27 03:00:00,2.0460939407348633,2.044957399368286
2018-11-26,2018-11-27 03:15:00,2.1656250953674316,2.2269678115844727
2018-11-26,2018-11-27 03:30:00,2.239453077316284,2.400845527648926
2018-11-26,2018-11-27 03:45:00,2.3343749046325684,2.436142921447754
2018-11-26,2018-11-27 04:00:00,2.4117190837860107,2.4849653244018555
2018-11-26,2018-11-27 04:15:00,2.5277340412139893,2.4908413887023926
2018-11-26,2018-11-27 04:30:00,2.5171871185302734,2.515627861022949
2018-11-26,2018-11-27 04:45:00,2.6085939407348633,2.4340014457702637
2018-11-26,2018-11-27 05:00:00,2.5980470180511475,2.378232002258301
2018-11-26,2018-11-27 05:15:00,2.520703077316284,2.297584295272827
2018-11-26,2018-11-27 05:30:00,2.137500047683716,2.0960421562194824
2018-11-26,2018-11-27 05:45:00,1.835155963897705,1.9626013040542603
2018-11-26,2018-11-27 06:00:00,1.6417969465255737,1.74184250831604
2018-11-26,2018-11-27 06:15:00,1.4730470180511475,1.5938608646392822
2018-11-26,2018-11-27 06:30:00,1.3113280534744263,1.3143490552902222
2018-11-26,2018-11-27 06:45:00,1.1636719703674316,1.0594286918640137
2018-11-26,2018-11-27 07:00:00,0.935155987739563,0.8704788088798523
2018-11-26,2018-11-27 07:15:00,0.8789060115814209,0.6645650863647461
2018-11-26,2018-11-27 07:30:00,0.6152340173721313,0.47451353073120117
2018-11-26,2018-11-27 07:45:00,0.471094012260437,0.34478285908699036
2018-11-26,2018-11-27 08:00:00,0.3621090054512024,0.1988936811685562
2018-11-26,2018-11-27 08:15:00,0.3375000059604645,0.1399850845336914
2018-11-26,2018-11-27 08:30:00,0.13359400629997253,0.05625158175826073
2018-11-26,2018-11-27 08:45:00,0.049219001084566116,0.016396012157201767
2018-11-26,2018-11-27 09:00:00,0.0,0.0
2018-11-26,2018-11-27 09:15:00,0.0,0.0
2018-11-26,2018-11-27 09:30:00,0.0,0.0
2018-11-26,2018-11-27 09:45:00,0.0,0.0
2018-11-26,2018-11-27 10:00:00,0.0,0.0
2018-11-26,2018-11-27 10:15:00,0.0,0.0
2018-11-26,2018-11-27 10:30:00,0.0,0.0
2018-11-26,2018-11-27 10:45:00,0.0,0.0
2018-11-26,2018-11-27 11:00:00,0.0,0.0
2018-11-26,2018-11-27 11:15:00,0.0,0.0
2018-11-26,2018-11-27 11:30:00,0.0,0.02364889532327652
2018-11-26,2018-11-27 11:45:00,0.0,0.0028013617265969515
2018-11-26,2018-11-27 12:00:00,0.0,0.031096259132027626
2018-11-26,2018-11-27 12:15:00,0.0,0.02193145640194416
2018-11-26,2018-11-27 12:30:00,0.0,0.04826953634619713
2018-11-26,2018-11-27 12:45:00,0.0,0.07573992758989334
2018-11-26,2018-11-27 13:00:00,0.0,0.015515042468905449
2018-11-26,2018-11-27 13:15:00,0.0,0.01531200110912323
2018-11-26,2018-11-27 13:30:00,0.0,0.027968227863311768
2018-11-26,2018-11-27 13:45:00,0.0,0.010930391028523445
2018-11-26,2018-11-27 14:00:00,0.0,0.009666677564382553
2018-11-26,2018-11-27 14:15:00,0.0,0.02407659962773323
2018-11-26,2018-11-27 14:30:00,0.0,0.017198456451296806
2018-11-26,2018-11-27 14:45:00,0.0,1.6213060007430613e-05
2018-11-26,2018-11-27 15:00:00,0.0,0.03269573673605919
2018-11-26,2018-11-27 15:15:00,0.0,0.0
2018-11-26,2018-11-27 15:30:00,0.0,0.008940252475440502
2018-11-26,2018-11-27 15:45:00,0.0,0.04430849850177765
2018-11-26,2018-11-27 16:00:00,0.0,0.03377501294016838
2018-11-26,2018-11-27 16:15:00,0.0,0.008262179791927338
2018-11-26,2018-11-27 16:30:00,0.0,0.023415178060531616
2018-11-26,2018-11-27 16:45:00,0.0,0.0038951055612415075
2018-11-26,2018-11-27 17:00:00,0.0,0.025235339999198914
2018-11-26,2018-11-27 17:15:00,0.0,0.020653700456023216
2018-11-26,2018-11-27 17:30:00,0.0,0.01722968928515911
2018-11-26,2018-11-27 17:45:00,0.0,0.020880138501524925
2018-11-26,2018-11-27 18:00:00,0.0,0.044912707060575485
2018-11-26,2018-11-27 18:15:00,0.0,0.011894728057086468
2018-11-26,2018-11-27 18:30:00,0.0,0.0
2018-11-26,2018-11-27 18:45:00,0.0,0.0
2018-11-26,2018-11-27 19:00:00,0.0,0.0
2018-11-26,2018-11-27 19:15:00,0.0,0.0
2018-11-26,2018-11-27 19:30:00,0.0,0.0
2018-11-26,2018-11-27 19:45:00,0.0,0.0
2018-11-26,2018-11-27 20:00:00,0.0,0.0
2018-11-26,2018-11-27 20:15:00,0.0,0.0
2018-11-26,2018-11-27 20:30:00,0.0,0.0
2018-11-26,2018-11-27 20:45:00,0.0,0.0
2018-11-26,2018-11-27 21:00:00,0.0,0.0
2018-11-26,2018-11-27 21:15:00,0.0,0.0
2018-11-26,2018-11-27 21:30:00,0.0,0.0
2018-11-26,2018-11-27 21:45:00,0.0,0.0
2018-11-26,2018-11-27 22:00:00,0.0,0.0
2018-11-26,2018-11-27 22:15:00,0.0,0.0
2018-11-26,2018-11-27 22:30:00,0.0,0.0
2018-11-26,2018-11-27 22:45:00,0.0,0.0
2018-11-26,2018-11-27 23:00:00,0.0,0.00014955931692384183
2018-11-26,2018-11-27 23:15:00,0.0,0.053288452327251434
2018-11-26,2018-11-27 23:30:00,0.014062000438570976,0.11216653138399124
2018-11-26,2018-11-27 23:45:00,0.10898400098085403,0.19357295334339142
2018-11-27,2018-11-28 00:00:00,0.21445299685001373,0.19822557270526886
2018-11-27,2018-11-28 00:15:00,0.3621090054512024,0.3163244128227234
2018-11-27,2018-11-28 00:30:00,0.5273439884185791,0.4955490529537201
2018-11-27,2018-11-28 00:45:00,0.6996089816093445,0.6448154449462891
2018-11-27,2018-11-28 01:00:00,0.8542969822883606,0.8037407398223877
2018-11-27,2018-11-28 01:15:00,1.040624976158142,0.9926835298538208
2018-11-27,2018-11-28 01:30:00,1.2796880006790161,1.1883646249771118
2018-11-27,2018-11-28 01:45:00,1.4730470180511475,1.362444281578064
2018-11-27,2018-11-28 02:00:00,1.652343988418579,1.5308057069778442
2018-11-27,2018-11-28 02:15:00,1.821094036102295,1.6856689453125
2018-11-27,2018-11-28 02:30:00,1.9792970418930054,1.8035374879837036
2018-11-27,2018-11-28 02:45:00,2.119921922683716,1.9496228694915771
2018-11-27,2018-11-28 03:00:00,2.1761720180511475,2.025374412536621
2018-11-27,2018-11-28 03:15:00,2.3238279819488525,2.1372084617614746
2018-11-27,2018-11-28 03:30:00,2.383594036102295,2.235560417175293
2018-11-27,2018-11-28 03:45:00,2.415234088897705,2.239015817642212
2018-11-27,2018-11-28 04:00:00,2.418750047683716,2.237597942352295
2018-11-27,2018-11-28 04:15:00,2.4820311069488525,2.210801124572754
2018-11-27,2018-11-28 04:30:00,2.4644529819488525,2.207247734069824
2018-11-27,2018-11-28 04:45:00,2.380078077316284,2.127455711364746
2018-11-27,2018-11-28 05:00:00,2.3449220657348633,2.075094699859619
2018-11-27,2018-11-28 05:15:00,2.1937499046325684,2.0241401195526123
2018-11-27,2018-11-28 05:30:00,2.074218988418579,1.862436056137085
2018-11-27,2018-11-28 05:45:00,1.9546869993209839,1.7820861339569092
2018-11-27,2018-11-28 06:00:00,1.7648439407348633,1.6576848030090332
2018-11-27,2018-11-28 06:15:00,1.6066410541534424,1.5372356176376343
2018-11-27,2018-11-28 06:30:00,1.5292969942092896,1.3450548648834229
2018-11-27,2018-11-28 06:45:00,1.371093988418579,1.1492620706558228
2018-11-27,2018-11-28 07:00:00,1.160156011581421,0.9642041921615601
2018-11-27,2018-11-28 07:15:00,0.9878910183906555,0.7603906989097595
2018-11-27,2018-11-28 07:30:00,0.7839840054512024,0.5451952815055847
2018-11-27,2018-11-28 07:45:00,0.5765630006790161,0.38712388277053833
2018-11-27,2018-11-28 08:00:00,0.42539098858833313,0.22612053155899048
2018-11-27,2018-11-28 08:15:00,0.2601560056209564,0.13166339695453644
2018-11-27,2018-11-28 08:30:00,0.13710899651050568,0.0
2018-11-27,2018-11-28 08:45:00,0.03867200016975403,0.0
2018-11-27,2018-11-28 09:00:00,0.0,0.0
2018-11-27,2018-11-28 09:15:00,0.0,0.0
2018-11-27,2018-11-28 09:30:00,0.0,0.0
2018-11-27,2018-11-28 09:45:00,0.0,0.0
2018-11-27,2018-11-28 10:00:00,0.0,0.0
2018-11-27,2018-11-28 10:15:00,0.0,0.007970920763909817
2018-11-27,2018-11-28 10:30:00,0.0,0.0
2018-11-27,2018-11-28 10:45:00,0.0,0.01223803125321865
2018-11-27,2018-11-28 11:00:00,0.0,0.021035170182585716
2018-11-27,2018-11-28 11:15:00,0.0,0.05601445585489273
2018-11-27,2018-11-28 11:30:00,0.0,0.07090090215206146
2018-11-27,2018-11-28 11:45:00,0.0,0.040524955838918686
2018-11-27,2018-11-28 12:00:00,0.0,0.026433153077960014
2018-11-27,2018-11-28 12:15:00,0.0,0.02364049293100834
2018-11-27,2018-11-28 12:30:00,0.0,0.049498334527015686
2018-11-27,2018-11-28 12:45:00,0.0,0.05549062043428421
2018-11-27,2018-11-28 13:00:00,0.0,0.002326769521459937
2018-11-27,2018-11-28 13:15:00,0.0,0.031146008521318436
2018-11-27,2018-11-28 13:30:00,0.0,0.026429222896695137
2018-11-27,2018-11-28 13:45:00,0.0,0.03145434707403183
2018-11-27,2018-11-28 14:00:00,0.0,0.01502554677426815
2018-11-27,2018-11-28 14:15:00,0.0,0.04109736159443855
2018-11-27,2018-11-28 14:30:00,0.0,0.05506138503551483
2018-11-27,2018-11-28 14:45:00,0.0,0.03529118373990059
2018-11-27,2018-11-28 15:00:00,0.0,0.042959343641996384
2018-11-27,2018-11-28 15:15:00,0.0,0.0
2018-11-27,2018-11-28 15:30:00,0.0,0.0
2018-11-27,2018-11-28 15:45:00,0.0,0.012541635893285275
2018-11-27,2018-11-28 16:00:00,0.0,0.0
2018-11-27,2018-11-28 16:15:00,0.0,0.0
2018-11-27,2018-11-28 16:30:00,0.0,0.013197801075875759
2018-11-27,2018-11-28 16:45:00,0.0,0.0
2018-11-27,2018-11-28 17:00:00,0.0,0.004363535437732935
2018-11-27,2018-11-28 17:15:00,0.0,0.03170229494571686
2018-11-27,2018-11-28 17:30:00,0.0,0.04879705235362053
2018-11-27,2018-11-28 17:45:00,0.0,0.03697799891233444
2018-11-27,2018-11-28 18:00:00,0.0,0.0760500580072403
2018-11-27,2018-11-28 18:15:00,0.0,0.0525699220597744
2018-11-27,2018-11-28 18:30:00,0.0,0.03113691508769989
2018-11-27,2018-11-28 18:45:00,0.0,0.004123548977077007
2018-11-27,2018-11-28 19:00:00,0.0,0.0
2018-11-27,2018-11-28 19:15:00,0.0,0.0
2018-11-27,2018-11-28 19:30:00,0.0,0.0
2018-11-27,2018-11-28 19:45:00,0.0,0.0
2018-11-27,2018-11-28 20:00:00,0.0,0.0
2018-11-27,2018-11-28 20:15:00,0.0,0.0
2018-11-27,2018-11-28 20:30:00,0.0,0.0
2018-11-27,2018-11-28 20:45:00,0.0,0.0
2018-11-27,2018-11-28 21:00:00,0.0,0.0
2018-11-27,2018-11-28 21:15:00,0.0,0.0
2018-11-27,2018-11-28 21:30:00,0.0,0.0
2018-11-27,2018-11-28 21:45:00,0.0,0.0
2018-11-27,2018-11-28 22:00:00,0.0,0.0
2018-11-27,2018-11-28 22:15:00,0.0,0.0
2018-11-27,2018-11-28 22:30:00,0.0,0.0
2018-11-27,2018-11-28 22:45:00,0.0,0.0
2018-11-27,2018-11-28 23:00:00,0.0,0.0
2018-11-27,2018-11-28 23:15:00,0.0,0.009549739770591259
2018-11-27,2018-11-28 23:30:00,0.021093999966979027,0.07513293623924255
2018-11-27,2018-11-28 23:45:00,0.031640999019145966,0.18432651460170746
2018-11-28,2018-11-29 00:00:00,0.23906299471855164,0.19282978773117065
2018-11-28,2018-11-29 00:15:00,0.3972660005092621,0.3084234893321991
2018-11-28,2018-11-29 00:30:00,0.583594024181366,0.494902104139328
2018-11-28,2018-11-29 00:45:00,0.7699220180511475,0.6484650373458862
2018-11-28,2018-11-29 01:00:00,0.9246090054512024,0.8049613833427429
2018-11-28,2018-11-29 01:15:00,1.1285159587860107,1.0031650066375732
2018-11-28,2018-11-29 01:30:00,1.3324220180511475,1.1863244771957397
2018-11-28,2018-11-29 01:45:00,1.5152339935302734,1.37370765209198
2018-11-28,2018-11-29 02:00:00,1.6839840412139893,1.5480949878692627
2018-11-28,2018-11-29 02:15:00,1.8175779581069946,1.7044004201889038
2018-11-28,2018-11-29 02:30:00,1.9863280057907104,1.8356348276138306
2018-11-28,2018-11-29 02:45:00,2.067188024520874,2.0013911724090576
2018-11-28,2018-11-29 03:00:00,2.2183589935302734,2.0699846744537354
2018-11-28,2018-11-29 03:15:00,2.348438024520874,2.2114884853363037
2018-11-28,2018-11-29 03:30:00,2.3941400051116943,2.321502923965454
2018-11-28,2018-11-29 03:45:00,2.348438024520874,2.318533182144165
2018-11-28,2018-11-29 04:00:00,2.460937976837158,2.337053060531616
2018-11-28,2018-11-29 04:15:00,2.4363279342651367,2.3078644275665283
2018-11-28,2018-11-29 04:30:00,2.3695309162139893,2.30133056640625
2018-11-28,2018-11-29 04:45:00,2.3238279819488525,2.2166554927825928
2018-11-28,2018-11-29 05:00:00,2.25,2.1610794067382812
2018-11-28,2018-11-29 05:15:00,2.144531011581421,2.091176748275757
2018-11-28,2018-11-29 05:30:00,2.091797113418579,1.9030042886734009
2018-11-28,2018-11-29 05:45:00,1.9582029581069946,1.8075041770935059
2018-11-28,2018-11-29 06:00:00,1.8246090412139893,1.6590434312820435
2018-11-28,2018-11-29 06:15:00,1.6277339458465576,1.5261811017990112
2018-11-28,2018-11-29 06:30:00,1.40625,1.2953444719314575
2018-11-28,2018-11-29 06:45:00,1.3429689407348633,1.1004536151885986
2018-11-28,2018-11-29 07:00:00,1.068750023841858,0.8982880115509033
2018-11-28,2018-11-29 07:15:00,0.8964840173721313,0.7024113535881042
2018-11-28,2018-11-29 07:30:00,0.6996089816093445,0.4908648431301117
2018-11-28,2018-11-29 07:45:00,0.5097659826278687,0.34400674700737
2018-11-28,2018-11-29 08:00:00,0.35859400033950806,0.17685362696647644
2018-11-28,2018-11-29 08:15:00,0.21796900033950806,0.1101832166314125
2018-11-28,2018-11-29 08:30:00,0.10898400098085403,0.0
2018-11-28,2018-11-29 08:45:00,0.0,0.0
2018-11-28,2018-11-29 09:00:00,0.0,0.0
2018-11-28,2018-11-29 09:15:00,0.0,0.0
2018-11-28,2018-11-29 09:30:00,0.0,0.0
2018-11-28,2018-11-29 09:45:00,0.0,0.0
2018-11-28,2018-11-29 10:00:00,0.0,0.0
2018-11-28,2018-11-29 10:15:00,0.0,0.0
2018-11-28,2018-11-29 10:30:00,0.0,0.0
2018-11-28,2018-11-29 10:45:00,0.0,0.0
2018-11-28,2018-11-29 11:00:00,0.0,0.0
2018-11-28,2018-11-29 11:15:00,0.0,0.0432182177901268
2018-11-28,2018-11-29 11:30:00,0.0,0.07219583541154861
2018-11-28,2018-11-29 11:45:00,0.0,0.03608739376068115
2018-11-28,2018-11-29 12:00:00,0.0,0.035620689392089844
2018-11-28,2018-11-29 12:15:00,0.0,0.031679313629865646
2018-11-28,2018-11-29 12:30:00,0.0,0.04728598892688751
2018-11-28,2018-11-29 12:45:00,0.0,0.055362191051244736
2018-11-28,2018-11-29 13:00:00,0.0,0.0
2018-11-28,2018-11-29 13:15:00,0.0,0.022282198071479797
2018-11-28,2018-11-29 13:30:00,0.0,0.004817861132323742
2018-11-28,2018-11-29 13:45:00,0.0,0.02330777607858181
2018-11-28,2018-11-29 14:00:00,0.0,0.01226973719894886
2018-11-28,2018-11-29 14:15:00,0.0,0.023687949404120445
2018-11-28,2018-11-29 14:30:00,0.0,0.04988853260874748
2018-11-28,2018-11-29 14:45:00,0.0,0.02418498881161213
2018-11-28,2018-11-29 15:00:00,0.0,0.04823605716228485
2018-11-28,2018-11-29 15:15:00,0.0,0.0
2018-11-28,2018-11-29 15:30:00,0.0,0.0
2018-11-28,2018-11-29 15:45:00,0.0,0.0023124597501009703
2018-11-28,2018-11-29 16:00:00,0.0,0.0
2018-11-28,2018-11-29 16:15:00,0.0,0.0
2018-11-28,2018-11-29 16:30:00,0.0,0.014226178638637066
2018-11-28,2018-11-29 16:45:00,0.0,0.0
2018-11-28,2018-11-29 17:00:00,0.0,0.0
2018-11-28,2018-11-29 17:15:00,0.0,0.024982597678899765
2018-11-28,2018-11-29 17:30:00,0.0,0.021420065313577652
2018-11-28,2018-11-29 17:45:00,0.0,0.022697152569890022
2018-11-28,2018-11-29 18:00:00,0.0,0.04840880259871483
2018-11-28,2018-11-29 18:15:00,0.0,0.038490474224090576
2018-11-28,2018-11-29 18:30:00,0.0,0.004226938355714083
2018-11-28,2018-11-29 18:45:00,0.0,0.0
2018-11-28,2018-11-29 19:00:00,0.0,0.0
2018-11-28,2018-11-29 19:15:00,0.0,0.0
2018-11-28,2018-11-29 19:30:00,0.0,0.0
2018-11-28,2018-11-29 19:45:00,0.0,0.0
2018-11-28,2018-11-29 20:00:00,0.0,0.0
2018-11-28,2018-11-29 20:15:00,0.0,0.0
2018-11-28,2018-11-29 20:30:00,0.0,0.0
2018-11-28,2018-11-29 20:45:00,0.0,0.0
2018-11-28,2018-11-29 21:00:00,0.0,0.0
2018-11-28,2018-11-29 21:15:00,0.0,0.0
2018-11-28,2018-11-29 21:30:00,0.0,0.0
2018-11-28,2018-11-29 21:45:00,0.0,0.0
2018-11-28,2018-11-29 22:00:00,0.0,0.0
2018-11-28,2018-11-29 22:15:00,0.0,0.0
2018-11-28,2018-11-29 22:30:00,0.0,0.0
2018-11-28,2018-11-29 22:45:00,0.0,0.0
2018-11-28,2018-11-29 23:00:00,0.0,0.0
2018-11-28,2018-11-29 23:15:00,0.0,0.0
2018-11-28,2018-11-29 23:30:00,0.014062000438570976,0.050515420734882355
2018-11-28,2018-11-29 23:45:00,0.1054690033197403,0.14718328416347504
2018-11-29,2018-11-30 00:00:00,0.22499999403953552,0.2006443440914154
2018-11-29,2018-11-30 00:15:00,0.3550780117511749,0.25306668877601624
2018-11-29,2018-11-30 00:30:00,0.513280987739563,0.3804190456867218
2018-11-29,2018-11-30 00:45:00,0.675000011920929,0.4730558693408966
2018-11-29,2018-11-30 01:00:00,0.8261719942092896,0.5846948027610779
2018-11-29,2018-11-30 01:15:00,0.956250011920929,0.7356417179107666
2018-11-29,2018-11-30 01:30:00,0.984375,0.8951496481895447
2018-11-29,2018-11-30 01:45:00,0.9175779819488525,1.0450665950775146
2018-11-29,2018-11-30 02:00:00,1.1917970180511475,1.210650086402893
2018-11-29,2018-11-30 02:15:00,1.2761720418930054,1.3883857727050781
2018-11-29,2018-11-30 02:30:00,1.5996090173721313,1.5540286302566528
2018-11-29,2018-11-30 02:45:00,1.9582029581069946,1.724226713180542
2018-11-29,2018-11-30 03:00:00,2.0636720657348633,1.8370769023895264
2018-11-29,2018-11-30 03:15:00,2.214843988418579,2.0009961128234863
2018-11-29,2018-11-30 03:30:00,2.2359371185302734,2.1404876708984375
2018-11-29,2018-11-30 03:45:00,2.3238279819488525,2.144843101501465
2018-11-29,2018-11-30 04:00:00,2.3238279819488525,2.1907801628112793
2018-11-29,2018-11-30 04:15:00,2.3062500953674316,2.173157215118408
2018-11-29,2018-11-30 04:30:00,2.3238279819488525,2.1484148502349854
2018-11-29,2018-11-30 04:45:00,2.0179688930511475,2.0473153591156006
2018-11-29,2018-11-30 05:00:00,1.589061975479126,1.9657821655273438
2018-11-29,2018-11-30 05:15:00,1.975780963897705,1.8696566820144653
2018-11-29,2018-11-30 05:30:00,1.680469036102295,1.678794264793396
2018-11-29,2018-11-30 05:45:00,1.5257810354232788,1.5475369691848755
2018-11-29,2018-11-30 06:00:00,1.6699219942092896,1.3880012035369873
2018-11-29,2018-11-30 06:15:00,1.490625023841858,1.2486084699630737
2018-11-29,2018-11-30 06:30:00,1.4167970418930054,1.014448642730713
2018-11-29,2018-11-30 06:45:00,0.9808589816093445,0.8245773315429688
2018-11-29,2018-11-30 07:00:00,0.8507810235023499,0.672759473323822
2018-11-29,2018-11-30 07:15:00,0.5730469822883606,0.4951696991920471
2018-11-29,2018-11-30 07:30:00,0.37968701124191284,0.326266884803772
2018-11-29,2018-11-30 07:45:00,0.24257799983024597,0.20789030194282532
2018-11-29,2018-11-30 08:00:00,0.2460940033197403,0.07714027911424637
2018-11-29,2018-11-30 08:15:00,0.1757809966802597,0.018658347427845
2018-11-29,2018-11-30 08:30:00,0.03515600040555,0.0
2018-11-29,2018-11-30 08:45:00,0.010546999983489513,0.0
2018-11-29,2018-11-30 09:00:00,0.0,0.0
2018-11-29,2018-11-30 09:15:00,0.0,0.0
2018-11-29,2018-11-30 09:30:00,0.0,0.0
2018-11-29,2018-11-30 09:45:00,0.0,0.0
2018-11-29,2018-11-30 10:00:00,0.0,0.0
2018-11-29,2018-11-30 10:15:00,0.0,0.0
2018-11-29,2018-11-30 10:30:00,0.0,0.0
2018-11-29,2018-11-30 10:45:00,0.0,0.0
2018-11-29,2018-11-30 11:00:00,0.0,0.0
2018-11-29,2018-11-30 11:15:00,0.0,0.029400676488876343
2018-11-29,2018-11-30 11:30:00,0.0,0.060767415910959244
2018-11-29,2018-11-30 11:45:00,0.0,0.05212601646780968
2018-11-29,2018-11-30 12:00:00,0.0,0.06570751965045929
2018-11-29,2018-11-30 12:15:00,0.0,0.04335493594408035
2018-11-29,2018-11-30 12:30:00,0.0,0.06747457385063171
2018-11-29,2018-11-30 12:45:00,0.0,0.07713933289051056
2018-11-29,2018-11-30 13:00:00,0.0,0.010878132656216621
2018-11-29,2018-11-30 13:15:00,0.0,0.021867714822292328
2018-11-29,2018-11-30 13:30:00,0.0,0.0
2018-11-29,2018-11-30 13:45:00,0.0,0.020216111093759537
2018-11-29,2018-11-30 14:00:00,0.0,0.014712127856910229
2018-11-29,2018-11-30 14:15:00,0.0,0.015960101038217545
2018-11-29,2018-11-30 14:30:00,0.0,0.04823188856244087
2018-11-29,2018-11-30 14:45:00,0.0,0.022868357598781586
2018-11-29,2018-11-30 15:00:00,0.0,0.05123287811875343
2018-11-29,2018-11-30 15:15:00,0.0,0.0
2018-11-29,2018-11-30 15:30:00,0.0,0.0
2018-11-29,2018-11-30 15:45:00,0.0,0.005644932854920626
2018-11-29,2018-11-30 16:00:00,0.0,0.008860993199050426
2018-11-29,2018-11-30 16:15:00,0.0,0.0
2018-11-29,2018-11-30 16:30:00,0.0,0.04437508434057236
2018-11-29,2018-11-30 16:45:00,0.0,0.0
2018-11-29,2018-11-30 17:00:00,0.0,0.0004887990653514862
2018-11-29,2018-11-30 17:15:00,0.0,0.036883559077978134
2018-11-29,2018-11-30 17:30:00,0.0,0.03394794836640358
2018-11-29,2018-11-30 17:45:00,0.0,0.02868281677365303
2018-11-29,2018-11-30 18:00:00,0.0,0.054970771074295044
2018-11-29,2018-11-30 18:15:00,0.0,0.033476583659648895
2018-11-29,2018-11-30 18:30:00,0.0,0.0048256488516926765
2018-11-29,2018-11-30 18:45:00,0.0,0.0
2018-11-29,2018-11-30 19:00:00,0.0,0.0
2018-11-29,2018-11-30 19:15:00,0.0,0.0
2018-11-29,2018-11-30 19:30:00,0.0,0.0
2018-11-29,2018-11-30 19:45:00,0.0,0.0
2018-11-29,2018-11-30 20:00:00,0.0,0.0
2018-11-29,2018-11-30 20:15:00,0.0,0.0
2018-11-29,2018-11-30 20:30:00,0.0,0.0
2018-11-29,2018-11-30 20:45:00,0.0,0.0
2018-11-29,2018-11-30 21:00:00,0.0,0.0
2018-11-29,2018-11-30 21:15:00,0.0,0.0
2018-11-29,2018-11-30 21:30:00,0.0,0.0
2018-11-29,2018-11-30 21:45:00,0.0,0.0017598166596144438
2018-11-29,2018-11-30 22:00:00,0.0,0.0
2018-11-29,2018-11-30 22:15:00,0.0,0.00555199570953846
2018-11-29,2018-11-30 22:30:00,0.0,0.008486405946314335
2018-11-29,2018-11-30 22:45:00,0.0,0.0070546153001487255
2018-11-29,2018-11-30 23:00:00,0.0,0.03475390747189522
2018-11-29,2018-11-30 23:15:00,0.0,0.07325515151023865
2018-11-29,2018-11-30 23:30:00,0.0,0.08880908787250519
2018-11-29,2018-11-30 23:45:00,0.0,0.16429327428340912
