起报时间,预报时间,实际功率 (MW),FusionModel_nwp (MW)
2019-02-21,2019-02-22 00:00:00,0.2355470061302185,0.18585655093193054
2019-02-21,2019-02-22 00:15:00,0.3621090054512024,0.3107921779155731
2019-02-21,2019-02-22 00:30:00,0.40781301259994507,0.4278638958930969
2019-02-21,2019-02-22 00:45:00,0.5484369993209839,0.5728910565376282
2019-02-21,2019-02-22 01:00:00,0.5765630006790161,0.7046321034431458
2019-02-21,2019-02-22 01:15:00,0.6468750238418579,0.8882896900177002
2019-02-21,2019-02-22 01:30:00,0.7382810115814209,1.0149261951446533
2019-02-21,2019-02-22 01:45:00,1.0546879768371582,1.1946601867675781
2019-02-21,2019-02-22 02:00:00,1.2937500476837158,1.3107362985610962
2019-02-21,2019-02-22 02:15:00,1.6628910303115845,1.388282060623169
2019-02-21,2019-02-22 02:30:00,2.021483898162842,1.4886491298675537
2019-02-21,2019-02-22 02:45:00,1.8140619993209839,1.6427617073059082
2019-02-21,2019-02-22 03:00:00,1.9722659587860107,1.7330090999603271
2019-02-21,2019-02-22 03:15:00,1.9968750476837158,1.8333103656768799
2019-02-21,2019-02-22 03:30:00,1.6628910303115845,1.887414813041687
2019-02-21,2019-02-22 03:45:00,1.652343988418579,1.9405964612960815
2019-02-21,2019-02-22 04:00:00,1.884374976158142,1.9677720069885254
2019-02-21,2019-02-22 04:15:00,2.010936975479126,2.001969337463379
2019-02-21,2019-02-22 04:30:00,2.26406192779541,2.022801399230957
2019-02-21,2019-02-22 04:45:00,2.1656250953674316,2.0177314281463623
2019-02-21,2019-02-22 05:00:00,2.366015911102295,2.0354843139648438
2019-02-21,2019-02-22 05:15:00,2.3449220657348633,1.9479436874389648
2019-02-21,2019-02-22 05:30:00,1.8070310354232788,1.9164369106292725
2019-02-21,2019-02-22 05:45:00,1.6769529581069946,1.8434697389602661
2019-02-21,2019-02-22 06:00:00,2.0531249046325684,1.8028533458709717
2019-02-21,2019-02-22 06:15:00,2.5910160541534424,1.6480542421340942
2019-02-21,2019-02-22 06:30:00,1.7156250476837158,1.5717746019363403
2019-02-21,2019-02-22 06:45:00,1.5011719465255737,1.395063042640686
2019-02-21,2019-02-22 07:00:00,1.3394529819488525,1.2630729675292969
2019-02-21,2019-02-22 07:15:00,1.2621090412139893,1.125833511352539
2019-02-21,2019-02-22 07:30:00,1.082811951637268,0.9949169754981995
2019-02-21,2019-02-22 07:45:00,1.0230469703674316,0.8274979591369629
2019-02-21,2019-02-22 08:00:00,1.4589840173721313,0.6921048760414124
2019-02-21,2019-02-22 08:15:00,1.6769529581069946,0.5744534730911255
2019-02-21,2019-02-22 08:30:00,1.5644530057907104,0.43822792172431946
2019-02-21,2019-02-22 08:45:00,1.1531250476837158,0.3261379301548004
2019-02-21,2019-02-22 09:00:00,0.5203120112419128,0.2339000254869461
2019-02-21,2019-02-22 09:15:00,0.1863279938697815,0.1749962568283081
2019-02-21,2019-02-22 09:30:00,0.16523399949073792,0.09454584121704102
2019-02-21,2019-02-22 09:45:00,0.09492199867963791,0.04627314582467079
2019-02-21,2019-02-22 10:00:00,0.0,0.009648190811276436
2019-02-21,2019-02-22 10:15:00,0.0,0.0
2019-02-21,2019-02-22 10:30:00,0.0,0.0
2019-02-21,2019-02-22 10:45:00,0.0,0.0
2019-02-21,2019-02-22 11:00:00,0.0,0.0
2019-02-21,2019-02-22 11:15:00,0.0,0.0
2019-02-21,2019-02-22 11:30:00,0.0,0.0
2019-02-21,2019-02-22 11:45:00,0.0,0.015096766874194145
2019-02-21,2019-02-22 12:00:00,0.0,0.027226395905017853
2019-02-21,2019-02-22 12:15:00,0.0,0.03526443615555763
2019-02-21,2019-02-22 12:30:00,0.0,0.03945965692400932
2019-02-21,2019-02-22 12:45:00,0.0,0.06212258338928223
2019-02-21,2019-02-22 13:00:00,0.0,0.07548308372497559
2019-02-21,2019-02-22 13:15:00,0.0,0.05474629998207092
2019-02-21,2019-02-22 13:30:00,0.0,0.0761956200003624
2019-02-21,2019-02-22 13:45:00,0.0,0.062166307121515274
2019-02-21,2019-02-22 14:00:00,0.0,0.05928422883152962
2019-02-21,2019-02-22 14:15:00,0.0,0.03319769352674484
2019-02-21,2019-02-22 14:30:00,0.0,0.03038245253264904
2019-02-21,2019-02-22 14:45:00,0.0,0.03777274861931801
2019-02-21,2019-02-22 15:00:00,0.0,0.02957812510430813
2019-02-21,2019-02-22 15:15:00,0.0,0.02943674474954605
2019-02-21,2019-02-22 15:30:00,0.0,0.026698580011725426
2019-02-21,2019-02-22 15:45:00,0.0,0.005803647916764021
2019-02-21,2019-02-22 16:00:00,0.0,0.0
2019-02-21,2019-02-22 16:15:00,0.0,0.019368764013051987
2019-02-21,2019-02-22 16:30:00,0.0,0.022607095539569855
2019-02-21,2019-02-22 16:45:00,0.0,0.002080081030726433
2019-02-21,2019-02-22 17:00:00,0.0,0.0
2019-02-21,2019-02-22 17:15:00,0.0,0.0
2019-02-21,2019-02-22 17:30:00,0.0,0.0
2019-02-21,2019-02-22 17:45:00,0.0,0.0
2019-02-21,2019-02-22 18:00:00,0.0,0.0
2019-02-21,2019-02-22 18:15:00,0.0,0.0
2019-02-21,2019-02-22 18:30:00,0.0,0.0
2019-02-21,2019-02-22 18:45:00,0.0,0.0
2019-02-21,2019-02-22 19:00:00,0.0,0.0
2019-02-21,2019-02-22 19:15:00,0.0,0.0
2019-02-21,2019-02-22 19:30:00,0.0,0.0
2019-02-21,2019-02-22 19:45:00,0.0,0.0
2019-02-21,2019-02-22 20:00:00,0.0,0.0
2019-02-21,2019-02-22 20:15:00,0.0,0.0
2019-02-21,2019-02-22 20:30:00,0.0,0.0
2019-02-21,2019-02-22 20:45:00,0.0,0.0
2019-02-21,2019-02-22 21:00:00,0.0,0.0
2019-02-21,2019-02-22 21:15:00,0.0,0.0
2019-02-21,2019-02-22 21:30:00,0.0,0.0
2019-02-21,2019-02-22 21:45:00,0.0,0.0
2019-02-21,2019-02-22 22:00:00,0.0,0.0
2019-02-21,2019-02-22 22:15:00,0.0,0.0
2019-02-21,2019-02-22 22:30:00,0.0,0.0
2019-02-21,2019-02-22 22:45:00,0.0,0.0
2019-02-21,2019-02-22 23:00:00,0.0,0.0
2019-02-21,2019-02-22 23:15:00,0.007031000219285488,0.04302419349551201
2019-02-21,2019-02-22 23:30:00,0.10898400098085403,0.08249110728502274
2019-02-21,2019-02-22 23:45:00,0.21796900033950806,0.18108223378658295
2019-02-22,2019-02-23 00:00:00,0.3515619933605194,0.3089975416660309
2019-02-22,2019-02-23 00:15:00,0.5203120112419128,0.43902185559272766
2019-02-22,2019-02-23 00:30:00,0.7347660064697266,0.6502411365509033
2019-02-22,2019-02-23 00:45:00,0.9949219822883606,0.8603374361991882
2019-02-22,2019-02-23 01:00:00,1.2410160303115845,1.0687108039855957
2019-02-22,2019-02-23 01:15:00,1.4800779819488525,1.3625452518463135
2019-02-22,2019-02-23 01:30:00,1.7121089696884155,1.5538736581802368
2019-02-22,2019-02-23 01:45:00,2.003906011581421,1.834269642829895
2019-02-22,2019-02-23 02:00:00,2.267577886581421,2.022193670272827
2019-02-22,2019-02-23 02:15:00,2.5769529342651367,2.173085927963257
2019-02-22,2019-02-23 02:30:00,2.784374952316284,2.326165199279785
2019-02-22,2019-02-23 02:45:00,3.005858898162842,2.527233600616455
2019-02-22,2019-02-23 03:00:00,3.128906011581421,2.6733083724975586
2019-02-22,2019-02-23 03:15:00,3.1746089458465576,2.816746473312378
2019-02-22,2019-02-23 03:30:00,3.364453077316284,2.9225997924804688
2019-02-22,2019-02-23 03:45:00,3.4558589458465576,2.9997997283935547
2019-02-22,2019-02-23 04:00:00,3.533202886581421,2.995920419692993
2019-02-22,2019-02-23 04:15:00,3.6140620708465576,3.0514960289001465
2019-02-22,2019-02-23 04:30:00,3.6070311069488525,3.0554113388061523
2019-02-22,2019-02-23 04:45:00,3.3433589935302734,3.025172710418701
2019-02-22,2019-02-23 05:00:00,3.4066410064697266,3.0391764640808105
2019-02-22,2019-02-23 05:15:00,3.5718750953674316,2.964296579360962
2019-02-22,2019-02-23 05:30:00,3.4945309162139893,2.9003524780273438
2019-02-22,2019-02-23 05:45:00,3.2906250953674316,2.846397876739502
2019-02-22,2019-02-23 06:00:00,3.3539059162139893,2.7847793102264404
2019-02-22,2019-02-23 06:15:00,3.244921922683716,2.5623912811279297
2019-02-22,2019-02-23 06:30:00,2.946094036102295,2.5124077796936035
2019-02-22,2019-02-23 06:45:00,2.960155963897705,2.313372850418091
2019-02-22,2019-02-23 07:00:00,2.6332030296325684,2.167647123336792
2019-02-22,2019-02-23 07:15:00,2.3871090412139893,1.9730544090270996
2019-02-22,2019-02-23 07:30:00,2.102344036102295,1.835589051246643
2019-02-22,2019-02-23 07:45:00,1.919530987739563,1.626701831817627
2019-02-22,2019-02-23 08:00:00,1.5082030296325684,1.4146099090576172
2019-02-22,2019-02-23 08:15:00,1.272655963897705,1.2521294355392456
2019-02-22,2019-02-23 08:30:00,1.0371090173721313,1.023727297782898
2019-02-22,2019-02-23 08:45:00,0.7136719822883606,0.8192264437675476
2019-02-22,2019-02-23 09:00:00,0.471094012260437,0.6522530913352966
2019-02-22,2019-02-23 09:15:00,0.31992200016975403,0.49484285712242126
2019-02-22,2019-02-23 09:30:00,0.1863279938697815,0.36817970871925354
2019-02-22,2019-02-23 09:45:00,0.014062000438570976,0.25477758049964905
2019-02-22,2019-02-23 10:00:00,0.0,0.17681311070919037
2019-02-22,2019-02-23 10:15:00,0.0,0.05588342621922493
2019-02-22,2019-02-23 10:30:00,0.0,0.03151404485106468
2019-02-22,2019-02-23 10:45:00,0.0,0.03038235940039158
2019-02-22,2019-02-23 11:00:00,0.0,0.0
2019-02-22,2019-02-23 11:15:00,0.0,0.001776317716576159
2019-02-22,2019-02-23 11:30:00,0.0,0.0
2019-02-22,2019-02-23 11:45:00,0.0,0.02393963374197483
2019-02-22,2019-02-23 12:00:00,0.0,0.0
2019-02-22,2019-02-23 12:15:00,0.0,0.008111941628158092
2019-02-22,2019-02-23 12:30:00,0.0,0.028792131692171097
2019-02-22,2019-02-23 12:45:00,0.0,0.03686853125691414
2019-02-22,2019-02-23 13:00:00,0.0,0.0252875704318285
2019-02-22,2019-02-23 13:15:00,0.0,0.045159317553043365
2019-02-22,2019-02-23 13:30:00,0.0,0.0026005913969129324
2019-02-22,2019-02-23 13:45:00,0.0,0.011450113728642464
2019-02-22,2019-02-23 14:00:00,0.0,0.0067550442181527615
2019-02-22,2019-02-23 14:15:00,0.0,0.0
2019-02-22,2019-02-23 14:30:00,0.0,0.0
2019-02-22,2019-02-23 14:45:00,0.0,0.0
2019-02-22,2019-02-23 15:00:00,0.0,0.0
2019-02-22,2019-02-23 15:15:00,0.0,0.02360798604786396
2019-02-22,2019-02-23 15:30:00,0.0,0.0
2019-02-22,2019-02-23 15:45:00,0.0,0.0
2019-02-22,2019-02-23 16:00:00,0.0,0.0
2019-02-22,2019-02-23 16:15:00,0.0,0.0021111543755978346
2019-02-22,2019-02-23 16:30:00,0.0,0.010985994711518288
2019-02-22,2019-02-23 16:45:00,0.0,0.0
2019-02-22,2019-02-23 17:00:00,0.0,0.0005114726955071092
2019-02-22,2019-02-23 17:15:00,0.0,0.0
2019-02-22,2019-02-23 17:30:00,0.0,0.0
2019-02-22,2019-02-23 17:45:00,0.0,0.0
2019-02-22,2019-02-23 18:00:00,0.0,0.0
2019-02-22,2019-02-23 18:15:00,0.0,0.0
2019-02-22,2019-02-23 18:30:00,0.0,0.0
2019-02-22,2019-02-23 18:45:00,0.0,0.0
2019-02-22,2019-02-23 19:00:00,0.0,0.0
2019-02-22,2019-02-23 19:15:00,0.0,0.0
2019-02-22,2019-02-23 19:30:00,0.0,0.0
2019-02-22,2019-02-23 19:45:00,0.0,0.025385743007063866
2019-02-22,2019-02-23 20:00:00,0.0,0.03277910500764847
2019-02-22,2019-02-23 20:15:00,0.0,0.03959042206406593
2019-02-22,2019-02-23 20:30:00,0.0,0.0028590743895620108
2019-02-22,2019-02-23 20:45:00,0.0,0.010345702059566975
2019-02-22,2019-02-23 21:00:00,0.0,0.02947668358683586
2019-02-22,2019-02-23 21:15:00,0.0,0.015585442073643208
2019-02-22,2019-02-23 21:30:00,0.0,0.0
2019-02-22,2019-02-23 21:45:00,0.0,0.0
2019-02-22,2019-02-23 22:00:00,0.0,0.0
2019-02-22,2019-02-23 22:15:00,0.0,0.0
2019-02-22,2019-02-23 22:30:00,0.0,0.0
2019-02-22,2019-02-23 22:45:00,0.0,0.0
2019-02-22,2019-02-23 23:00:00,0.0,0.0
2019-02-22,2019-02-23 23:15:00,0.03515600040555,0.00931051466614008
2019-02-22,2019-02-23 23:30:00,0.13359400629997253,0.07393549382686615
2019-02-22,2019-02-23 23:45:00,0.22851599752902985,0.15558943152427673
2019-02-23,2019-02-24 00:00:00,0.4007810056209564,0.3895966410636902
2019-02-23,2019-02-24 00:15:00,0.5730469822883606,0.5287775993347168
2019-02-23,2019-02-24 00:30:00,0.7699220180511475,0.7457680106163025
2019-02-23,2019-02-24 00:45:00,0.956250011920929,0.9631240963935852
2019-02-23,2019-02-24 01:00:00,1.209375023841858,1.1925755739212036
2019-02-23,2019-02-24 01:15:00,1.4660160541534424,1.4845713376998901
2019-02-23,2019-02-24 01:30:00,1.6136720180511475,1.6946043968200684
2019-02-23,2019-02-24 01:45:00,1.8808590173721313,1.9895410537719727
2019-02-23,2019-02-24 02:00:00,2.0777339935302734,2.1835124492645264
2019-02-23,2019-02-24 02:15:00,1.9968750476837158,2.355410099029541
2019-02-23,2019-02-24 02:30:00,2.3589839935302734,2.5283944606781006
2019-02-23,2019-02-24 02:45:00,2.5804688930511475,2.785444498062134
2019-02-23,2019-02-24 03:00:00,2.3519530296325684,2.9382405281066895
2019-02-23,2019-02-24 03:15:00,2.0531249046325684,3.085953712463379
2019-02-23,2019-02-24 03:30:00,2.26406192779541,3.1863479614257812
2019-02-23,2019-02-24 03:45:00,1.9582029581069946,3.2796335220336914
2019-02-23,2019-02-24 04:00:00,1.497655987739563,3.279399871826172
2019-02-23,2019-02-24 04:15:00,1.6347659826278687,3.3443171977996826
2019-02-23,2019-02-24 04:30:00,2.1410160064697266,3.3633615970611572
2019-02-23,2019-02-24 04:45:00,1.9230469465255737,3.334258794784546
2019-02-23,2019-02-24 05:00:00,2.489063024520874,3.315446376800537
2019-02-23,2019-02-24 05:15:00,2.242969036102295,3.2472472190856934
2019-02-23,2019-02-24 05:30:00,1.6101560592651367,3.1578969955444336
2019-02-23,2019-02-24 05:45:00,1.9968750476837158,3.0819075107574463
2019-02-23,2019-02-24 06:00:00,1.4695310592651367,3.0243680477142334
2019-02-23,2019-02-24 06:15:00,1.314844012260437,2.779177188873291
2019-02-23,2019-02-24 06:30:00,1.3816410303115845,2.689774751663208
2019-02-23,2019-02-24 06:45:00,1.2937500476837158,2.474179744720459
2019-02-23,2019-02-24 07:00:00,1.1425780057907104,2.2815396785736084
2019-02-23,2019-02-24 07:15:00,1.1636719703674316,2.0474636554718018
2019-02-23,2019-02-24 07:30:00,1.117969036102295,1.8720532655715942
2019-02-23,2019-02-24 07:45:00,1.082811951637268,1.6229497194290161
2019-02-23,2019-02-24 08:00:00,0.8085939884185791,1.3910020589828491
2019-02-23,2019-02-24 08:15:00,0.6152340173721313,1.1902600526809692
2019-02-23,2019-02-24 08:30:00,0.46406298875808716,0.9654787182807922
2019-02-23,2019-02-24 08:45:00,0.33398398756980896,0.7391396760940552
2019-02-23,2019-02-24 09:00:00,0.2355470061302185,0.5690034627914429
2019-02-23,2019-02-24 09:15:00,0.16875000298023224,0.42238691449165344
2019-02-23,2019-02-24 09:30:00,0.12656299769878387,0.26407450437545776
2019-02-23,2019-02-24 09:45:00,0.021093999966979027,0.174990713596344
2019-02-23,2019-02-24 10:00:00,0.0,0.0826699510216713
2019-02-23,2019-02-24 10:15:00,0.0,0.003851527813822031
2019-02-23,2019-02-24 10:30:00,0.0,0.0
2019-02-23,2019-02-24 10:45:00,0.0,0.0
2019-02-23,2019-02-24 11:00:00,0.0,0.0
2019-02-23,2019-02-24 11:15:00,0.0,0.0
2019-02-23,2019-02-24 11:30:00,0.0,0.0
2019-02-23,2019-02-24 11:45:00,0.0,0.008002029731869698
2019-02-23,2019-02-24 12:00:00,0.0,0.0
2019-02-23,2019-02-24 12:15:00,0.0,0.0
2019-02-23,2019-02-24 12:30:00,0.0,0.00714575219899416
2019-02-23,2019-02-24 12:45:00,0.0,0.04864746332168579
2019-02-23,2019-02-24 13:00:00,0.0,0.0451657809317112
2019-02-23,2019-02-24 13:15:00,0.0,0.03797658532857895
2019-02-23,2019-02-24 13:30:00,0.0,0.013424722477793694
2019-02-23,2019-02-24 13:45:00,0.0,0.020649245008826256
2019-02-23,2019-02-24 14:00:00,0.0,0.03497239574790001
2019-02-23,2019-02-24 14:15:00,0.0,0.0
2019-02-23,2019-02-24 14:30:00,0.0,0.004439333453774452
2019-02-23,2019-02-24 14:45:00,0.0,0.008482414297759533
2019-02-23,2019-02-24 15:00:00,0.0,0.0
2019-02-23,2019-02-24 15:15:00,0.0,0.020505119115114212
2019-02-23,2019-02-24 15:30:00,0.0,0.0
2019-02-23,2019-02-24 15:45:00,0.0,0.0
2019-02-23,2019-02-24 16:00:00,0.0,0.0
2019-02-23,2019-02-24 16:15:00,0.0,0.0
2019-02-23,2019-02-24 16:30:00,0.0,0.005326175596565008
2019-02-23,2019-02-24 16:45:00,0.0,0.0
2019-02-23,2019-02-24 17:00:00,0.0,0.0
2019-02-23,2019-02-24 17:15:00,0.0,0.0
2019-02-23,2019-02-24 17:30:00,0.0,0.0
2019-02-23,2019-02-24 17:45:00,0.0,0.0
2019-02-23,2019-02-24 18:00:00,0.0,0.0
2019-02-23,2019-02-24 18:15:00,0.0,0.0
2019-02-23,2019-02-24 18:30:00,0.0,0.0
2019-02-23,2019-02-24 18:45:00,0.0,0.0
2019-02-23,2019-02-24 19:00:00,0.0,0.0
2019-02-23,2019-02-24 19:15:00,0.0,0.0
2019-02-23,2019-02-24 19:30:00,0.0,0.0
2019-02-23,2019-02-24 19:45:00,0.0,0.0
2019-02-23,2019-02-24 20:00:00,0.0,0.0
2019-02-23,2019-02-24 20:15:00,0.0,0.0
2019-02-23,2019-02-24 20:30:00,0.0,0.0
2019-02-23,2019-02-24 20:45:00,0.0,0.0
2019-02-23,2019-02-24 21:00:00,0.0,0.0
2019-02-23,2019-02-24 21:15:00,0.0,0.022913312539458275
2019-02-23,2019-02-24 21:30:00,0.0,0.009078259579837322
2019-02-23,2019-02-24 21:45:00,0.0,0.0
2019-02-23,2019-02-24 22:00:00,0.0,0.0
2019-02-23,2019-02-24 22:15:00,0.0,0.0
2019-02-23,2019-02-24 22:30:00,0.0,0.0
2019-02-23,2019-02-24 22:45:00,0.0,0.0
2019-02-23,2019-02-24 23:00:00,0.0,0.0
2019-02-23,2019-02-24 23:15:00,0.007031000219285488,0.0
2019-02-23,2019-02-24 23:30:00,0.09140600264072418,0.032980311661958694
2019-02-23,2019-02-24 23:45:00,0.21445299685001373,0.13852493464946747
2019-02-24,2019-02-25 00:00:00,0.26718801259994507,0.2323962152004242
2019-02-24,2019-02-25 00:15:00,0.4781250059604645,0.30275750160217285
2019-02-24,2019-02-25 00:30:00,0.5730469822883606,0.41218701004981995
2019-02-24,2019-02-25 00:45:00,0.7277340292930603,0.5572670698165894
2019-02-24,2019-02-25 01:00:00,1.0089839696884155,0.6963744759559631
2019-02-24,2019-02-25 01:15:00,1.2269530296325684,0.9061910510063171
2019-02-24,2019-02-25 01:30:00,1.4308589696884155,1.0554231405258179
2019-02-24,2019-02-25 01:45:00,1.6664060354232788,1.2492752075195312
2019-02-24,2019-02-25 02:00:00,1.8562500476837158,1.4014464616775513
2019-02-24,2019-02-25 02:15:00,2.109375,1.5240399837493896
2019-02-24,2019-02-25 02:30:00,2.2113280296325684,1.667385220527649
2019-02-24,2019-02-25 02:45:00,2.3273439407348633,1.8781100511550903
2019-02-24,2019-02-25 03:00:00,2.397655963897705,2.0001156330108643
2019-02-24,2019-02-25 03:15:00,2.548827886581421,2.137024164199829
2019-02-24,2019-02-25 03:30:00,2.6085939407348633,2.208089828491211
2019-02-24,2019-02-25 03:45:00,2.707031011581421,2.288207530975342
2019-02-24,2019-02-25 04:00:00,2.742187976837158,2.312272548675537
2019-02-24,2019-02-25 04:15:00,2.794922113418579,2.3571078777313232
2019-02-24,2019-02-25 04:30:00,2.777343988418579,2.3857851028442383
2019-02-24,2019-02-25 04:45:00,2.707031011581421,2.3721067905426025
2019-02-24,2019-02-25 05:00:00,2.6683590412139893,2.370307683944702
2019-02-24,2019-02-25 05:15:00,2.6261720657348633,2.3308684825897217
2019-02-24,2019-02-25 05:30:00,2.2886719703674316,2.264326810836792
2019-02-24,2019-02-25 05:45:00,2.496093988418579,2.229546070098877
2019-02-24,2019-02-25 06:00:00,2.496093988418579,2.1952078342437744
2019-02-24,2019-02-25 06:15:00,2.373047113418579,2.0172293186187744
2019-02-24,2019-02-25 06:30:00,2.2464840412139893,1.9444423913955688
2019-02-24,2019-02-25 06:45:00,2.0425779819488525,1.80031418800354
2019-02-24,2019-02-25 07:00:00,1.9019529819488525,1.6563371419906616
2019-02-24,2019-02-25 07:15:00,1.736719012260437,1.4968104362487793
2019-02-24,2019-02-25 07:30:00,1.4695310592651367,1.3658925294876099
2019-02-24,2019-02-25 07:45:00,0.8578130006790161,1.1893941164016724
2019-02-24,2019-02-25 08:00:00,1.1636719703674316,1.0231125354766846
2019-02-24,2019-02-25 08:15:00,0.6011719703674316,0.877722442150116
2019-02-24,2019-02-25 08:30:00,0.6574220061302185,0.698436439037323
2019-02-24,2019-02-25 08:45:00,0.5238280296325684,0.5105851292610168
2019-02-24,2019-02-25 09:00:00,0.3761720061302185,0.40223532915115356
2019-02-24,2019-02-25 09:15:00,0.1511719971895218,0.289707213640213
2019-02-24,2019-02-25 09:30:00,0.09843800216913223,0.19313478469848633
2019-02-24,2019-02-25 09:45:00,0.010546999983489513,0.12778982520103455
2019-02-24,2019-02-25 10:00:00,0.0,0.0843108743429184
2019-02-24,2019-02-25 10:15:00,0.0,0.026409480720758438
2019-02-24,2019-02-25 10:30:00,0.0,0.0
2019-02-24,2019-02-25 10:45:00,0.0,0.0
2019-02-24,2019-02-25 11:00:00,0.0,0.0
2019-02-24,2019-02-25 11:15:00,0.0,0.017057642340660095
2019-02-24,2019-02-25 11:30:00,0.0,0.013456664979457855
2019-02-24,2019-02-25 11:45:00,0.0,0.03475039079785347
2019-02-24,2019-02-25 12:00:00,0.0,0.0051484182476997375
2019-02-24,2019-02-25 12:15:00,0.0,0.015899045392870903
2019-02-24,2019-02-25 12:30:00,0.0,0.01982760615646839
2019-02-24,2019-02-25 12:45:00,0.0,0.01211504451930523
2019-02-24,2019-02-25 13:00:00,0.0,0.02567475475370884
2019-02-24,2019-02-25 13:15:00,0.0,0.04082469269633293
2019-02-24,2019-02-25 13:30:00,0.0,0.010543406940996647
2019-02-24,2019-02-25 13:45:00,0.0,0.006926772650331259
2019-02-24,2019-02-25 14:00:00,0.0,0.022783691063523293
2019-02-24,2019-02-25 14:15:00,0.0,0.0
2019-02-24,2019-02-25 14:30:00,0.0,0.001771976356394589
2019-02-24,2019-02-25 14:45:00,0.0,0.0
2019-02-24,2019-02-25 15:00:00,0.0,0.0
2019-02-24,2019-02-25 15:15:00,0.0,0.0
2019-02-24,2019-02-25 15:30:00,0.0,0.0
2019-02-24,2019-02-25 15:45:00,0.0,0.0
2019-02-24,2019-02-25 16:00:00,0.0,0.0
2019-02-24,2019-02-25 16:15:00,0.0,0.0
2019-02-24,2019-02-25 16:30:00,0.0,0.0
2019-02-24,2019-02-25 16:45:00,0.0,0.0
2019-02-24,2019-02-25 17:00:00,0.0,0.0
2019-02-24,2019-02-25 17:15:00,0.0,0.0
2019-02-24,2019-02-25 17:30:00,0.0,0.0
2019-02-24,2019-02-25 17:45:00,0.0,0.0
2019-02-24,2019-02-25 18:00:00,0.0,0.0
2019-02-24,2019-02-25 18:15:00,0.0,0.0
2019-02-24,2019-02-25 18:30:00,0.0,0.0
2019-02-24,2019-02-25 18:45:00,0.0,0.0
2019-02-24,2019-02-25 19:00:00,0.0,0.0
2019-02-24,2019-02-25 19:15:00,0.0,0.0
2019-02-24,2019-02-25 19:30:00,0.0,0.0
2019-02-24,2019-02-25 19:45:00,0.0,0.0
2019-02-24,2019-02-25 20:00:00,0.0,0.0
2019-02-24,2019-02-25 20:15:00,0.0,0.0
2019-02-24,2019-02-25 20:30:00,0.0,0.0
2019-02-24,2019-02-25 20:45:00,0.0,0.0
2019-02-24,2019-02-25 21:00:00,0.0,0.0
2019-02-24,2019-02-25 21:15:00,0.0,0.031356047838926315
2019-02-24,2019-02-25 21:30:00,0.0,0.02949599362909794
2019-02-24,2019-02-25 21:45:00,0.0,0.024002818390727043
2019-02-24,2019-02-25 22:00:00,0.0,0.004859401844441891
2019-02-24,2019-02-25 22:15:00,0.0,0.010541534051299095
2019-02-24,2019-02-25 22:30:00,0.0,0.02264620177447796
2019-02-24,2019-02-25 22:45:00,0.0,0.007472991477698088
2019-02-24,2019-02-25 23:00:00,0.0,0.0
2019-02-24,2019-02-25 23:15:00,0.0,0.01712757535278797
2019-02-24,2019-02-25 23:30:00,0.05624999850988388,0.05691518262028694
2019-02-24,2019-02-25 23:45:00,0.20390599966049194,0.09272831678390503
2019-02-25,2019-02-26 00:00:00,0.23906299471855164,0.25719743967056274
2019-02-25,2019-02-26 00:15:00,0.28476598858833313,0.33143001794815063
2019-02-25,2019-02-26 00:30:00,0.330469012260437,0.47618770599365234
2019-02-25,2019-02-26 00:45:00,0.5660160183906555,0.5919479727745056
2019-02-25,2019-02-26 01:00:00,0.7277340292930603,0.7385282516479492
2019-02-25,2019-02-26 01:15:00,0.8050780296325684,0.9115113615989685
2019-02-25,2019-02-26 01:30:00,0.9316409826278687,1.0254873037338257
2019-02-25,2019-02-26 01:45:00,1.0863280296325684,1.2055035829544067
2019-02-25,2019-02-26 02:00:00,1.6980470418930054,1.3180233240127563
2019-02-25,2019-02-26 02:15:00,1.5011719465255737,1.4009087085723877
2019-02-25,2019-02-26 02:30:00,1.3183590173721313,1.5097756385803223
2019-02-25,2019-02-26 02:45:00,1.0968749523162842,1.6376665830612183
2019-02-25,2019-02-26 03:00:00,0.9808589816093445,1.7340363264083862
2019-02-25,2019-02-26 03:15:00,1.3886719942092896,1.8214795589447021
2019-02-25,2019-02-26 03:30:00,1.7015620470046997,1.885750412940979
2019-02-25,2019-02-26 03:45:00,1.771875023841858,1.9185676574707031
2019-02-25,2019-02-26 04:00:00,1.9863280057907104,1.9607174396514893
2019-02-25,2019-02-26 04:15:00,1.6558589935302734,1.9594619274139404
2019-02-25,2019-02-26 04:30:00,1.884374976158142,1.9551745653152466
2019-02-25,2019-02-26 04:45:00,1.771875023841858,1.9103052616119385
2019-02-25,2019-02-26 05:00:00,2.1304690837860107,1.8772752285003662
2019-02-25,2019-02-26 05:15:00,1.9054689407348633,1.777563452720642
2019-02-25,2019-02-26 05:30:00,1.7085939645767212,1.6922153234481812
2019-02-25,2019-02-26 05:45:00,1.490625023841858,1.6203057765960693
2019-02-25,2019-02-26 06:00:00,1.5714839696884155,1.5341540575027466
2019-02-25,2019-02-26 06:15:00,1.6699219942092896,1.3352864980697632
2019-02-25,2019-02-26 06:30:00,1.5257810354232788,1.2646359205245972
2019-02-25,2019-02-26 06:45:00,1.5644530057907104,1.098787784576416
2019-02-25,2019-02-26 07:00:00,1.3429689407348633,0.9570116996765137
2019-02-25,2019-02-26 07:15:00,1.3535159826278687,0.8230905532836914
2019-02-25,2019-02-26 07:30:00,1.2374999523162842,0.7059248089790344
2019-02-25,2019-02-26 07:45:00,0.9808589816093445,0.5954564809799194
2019-02-25,2019-02-26 08:00:00,0.9316409826278687,0.44430580735206604
2019-02-25,2019-02-26 08:15:00,0.9140620231628418,0.3706231415271759
2019-02-25,2019-02-26 08:30:00,0.675000011920929,0.2781517505645752
2019-02-25,2019-02-26 08:45:00,0.5378909707069397,0.15455980598926544
2019-02-25,2019-02-26 09:00:00,0.40781301259994507,0.12697744369506836
2019-02-25,2019-02-26 09:15:00,0.29531198740005493,0.07454241812229156
2019-02-25,2019-02-26 09:30:00,0.1511719971895218,0.028310080990195274
2019-02-25,2019-02-26 09:45:00,0.04570300132036209,0.019691811874508858
2019-02-25,2019-02-26 10:00:00,0.0,0.0
2019-02-25,2019-02-26 10:15:00,0.0,0.0
2019-02-25,2019-02-26 10:30:00,0.0,0.0
2019-02-25,2019-02-26 10:45:00,0.0,0.0
2019-02-25,2019-02-26 11:00:00,0.0,0.0
2019-02-25,2019-02-26 11:15:00,0.0,0.0
2019-02-25,2019-02-26 11:30:00,0.0,0.0
2019-02-25,2019-02-26 11:45:00,0.0,0.0032065236009657383
2019-02-25,2019-02-26 12:00:00,0.0,0.0
2019-02-25,2019-02-26 12:15:00,0.0,0.014025839976966381
2019-02-25,2019-02-26 12:30:00,0.0,0.0
2019-02-25,2019-02-26 12:45:00,0.0,0.016170958057045937
2019-02-25,2019-02-26 13:00:00,0.0,0.03272547945380211
2019-02-25,2019-02-26 13:15:00,0.0,0.03498724848031998
2019-02-25,2019-02-26 13:30:00,0.0,0.023466182872653008
2019-02-25,2019-02-26 13:45:00,0.0,0.02071385085582733
2019-02-25,2019-02-26 14:00:00,0.0,0.021879935637116432
2019-02-25,2019-02-26 14:15:00,0.0,0.0
2019-02-25,2019-02-26 14:30:00,0.0,0.01810319907963276
2019-02-25,2019-02-26 14:45:00,0.0,0.0
2019-02-25,2019-02-26 15:00:00,0.0,0.01892286352813244
2019-02-25,2019-02-26 15:15:00,0.0,0.0013070442946627736
2019-02-25,2019-02-26 15:30:00,0.0,0.0
2019-02-25,2019-02-26 15:45:00,0.0,0.0
2019-02-25,2019-02-26 16:00:00,0.0,0.001604074495844543
2019-02-25,2019-02-26 16:15:00,0.0,0.005312987137585878
2019-02-25,2019-02-26 16:30:00,0.0,0.00448793126270175
2019-02-25,2019-02-26 16:45:00,0.0,0.0012139027239754796
2019-02-25,2019-02-26 17:00:00,0.0,0.001050330582074821
2019-02-25,2019-02-26 17:15:00,0.0,0.002306060865521431
2019-02-25,2019-02-26 17:30:00,0.0,0.0
2019-02-25,2019-02-26 17:45:00,0.0,0.0
2019-02-25,2019-02-26 18:00:00,0.0,0.015813888981938362
2019-02-25,2019-02-26 18:15:00,0.0,0.0
2019-02-25,2019-02-26 18:30:00,0.0,0.0
2019-02-25,2019-02-26 18:45:00,0.0,0.0
2019-02-25,2019-02-26 19:00:00,0.0,0.0
2019-02-25,2019-02-26 19:15:00,0.0,0.0
2019-02-25,2019-02-26 19:30:00,0.0,0.0
2019-02-25,2019-02-26 19:45:00,0.0,0.0
2019-02-25,2019-02-26 20:00:00,0.0,0.0
2019-02-25,2019-02-26 20:15:00,0.0,0.0
2019-02-25,2019-02-26 20:30:00,0.0,0.0
2019-02-25,2019-02-26 20:45:00,0.0,0.0
2019-02-25,2019-02-26 21:00:00,0.0,0.0
2019-02-25,2019-02-26 21:15:00,0.0,0.0
2019-02-25,2019-02-26 21:30:00,0.0,0.0
2019-02-25,2019-02-26 21:45:00,0.0,0.0
2019-02-25,2019-02-26 22:00:00,0.0,0.0
2019-02-25,2019-02-26 22:15:00,0.0,0.0
2019-02-25,2019-02-26 22:30:00,0.0,0.0
2019-02-25,2019-02-26 22:45:00,0.0,0.0
2019-02-25,2019-02-26 23:00:00,0.0,0.0
2019-02-25,2019-02-26 23:15:00,0.0,0.01683024689555168
2019-02-25,2019-02-26 23:30:00,0.12304700165987015,0.07581645250320435
2019-02-25,2019-02-26 23:45:00,0.20742200314998627,0.13941045105457306
2019-02-26,2019-02-27 00:00:00,0.25312501192092896,0.3004383444786072
2019-02-26,2019-02-27 00:15:00,0.4675779938697815,0.3723222315311432
2019-02-26,2019-02-27 00:30:00,0.6890619993209839,0.5256394147872925
2019-02-26,2019-02-27 00:45:00,0.46054700016975403,0.6814743280410767
2019-02-26,2019-02-27 01:00:00,0.5378909707069397,0.860618531703949
2019-02-26,2019-02-27 01:15:00,0.6574220061302185,1.1159274578094482
2019-02-26,2019-02-27 01:30:00,0.8578130006790161,1.2450917959213257
2019-02-26,2019-02-27 01:45:00,1.0582029819488525,1.5001273155212402
2019-02-26,2019-02-27 02:00:00,1.652343988418579,1.6478466987609863
2019-02-26,2019-02-27 02:15:00,1.6207029819488525,1.8077300786972046
2019-02-26,2019-02-27 02:30:00,2.133984088897705,1.9314128160476685
2019-02-26,2019-02-27 02:45:00,2.1726560592651367,2.154444932937622
2019-02-26,2019-02-27 03:00:00,2.4749999046325684,2.3440892696380615
2019-02-26,2019-02-27 03:15:00,2.671875,2.4975428581237793
2019-02-26,2019-02-27 03:30:00,2.390625,2.6173670291900635
2019-02-26,2019-02-27 03:45:00,2.5945310592651367,2.7443671226501465
2019-02-26,2019-02-27 04:00:00,2.9496090412139893,2.7614476680755615
2019-02-26,2019-02-27 04:15:00,3.0339839458465576,2.857140302658081
2019-02-26,2019-02-27 04:30:00,2.7351560592651367,2.896254777908325
2019-02-26,2019-02-27 04:45:00,3.0093750953674316,2.9128074645996094
2019-02-26,2019-02-27 05:00:00,2.225390911102295,2.948245048522949
2019-02-26,2019-02-27 05:15:00,3.2097649574279785,2.9112460613250732
2019-02-26,2019-02-27 05:30:00,3.005858898162842,2.8663222789764404
2019-02-26,2019-02-27 05:45:00,2.9039061069488525,2.79948091506958
2019-02-26,2019-02-27 06:00:00,2.924999952316284,2.76911997795105
2019-02-26,2019-02-27 06:15:00,2.8511719703674316,2.553473472595215
2019-02-26,2019-02-27 06:30:00,2.664844036102295,2.4919629096984863
2019-02-26,2019-02-27 06:45:00,2.54531192779541,2.3050010204315186
2019-02-26,2019-02-27 07:00:00,2.373047113418579,2.151477813720703
2019-02-26,2019-02-27 07:15:00,2.1761720180511475,1.9276199340820312
2019-02-26,2019-02-27 07:30:00,1.9863280057907104,1.7945228815078735
2019-02-26,2019-02-27 07:45:00,1.8386720418930054,1.5748841762542725
2019-02-26,2019-02-27 08:00:00,1.546875,1.3674265146255493
2019-02-26,2019-02-27 08:15:00,1.3289060592651367,1.173001766204834
2019-02-26,2019-02-27 08:30:00,1.026561975479126,0.9596177935600281
2019-02-26,2019-02-27 08:45:00,0.7769529819488525,0.745132327079773
2019-02-26,2019-02-27 09:00:00,0.5167970061302185,0.5811687111854553
2019-02-26,2019-02-27 09:15:00,0.3410159945487976,0.4279286563396454
2019-02-26,2019-02-27 09:30:00,0.19687500596046448,0.29739195108413696
2019-02-26,2019-02-27 09:45:00,0.021093999966979027,0.16114023327827454
2019-02-26,2019-02-27 10:00:00,0.0,0.1137254610657692
2019-02-26,2019-02-27 10:15:00,0.0,0.017807865515351295
2019-02-26,2019-02-27 10:30:00,0.0,0.0016497817123308778
2019-02-26,2019-02-27 10:45:00,0.0,0.0
2019-02-26,2019-02-27 11:00:00,0.0,0.0
2019-02-26,2019-02-27 11:15:00,0.0,0.0
2019-02-26,2019-02-27 11:30:00,0.0,0.0
2019-02-26,2019-02-27 11:45:00,0.0,0.02540683187544346
2019-02-26,2019-02-27 12:00:00,0.0,0.021549176424741745
2019-02-26,2019-02-27 12:15:00,0.0,0.048134252429008484
2019-02-26,2019-02-27 12:30:00,0.0,0.06541303545236588
2019-02-26,2019-02-27 12:45:00,0.0,0.061376750469207764
2019-02-26,2019-02-27 13:00:00,0.0,0.05681879445910454
2019-02-26,2019-02-27 13:15:00,0.0,0.0681820884346962
2019-02-26,2019-02-27 13:30:00,0.0,0.017419924959540367
2019-02-26,2019-02-27 13:45:00,0.0,0.02784305065870285
2019-02-26,2019-02-27 14:00:00,0.0,0.02783222869038582
2019-02-26,2019-02-27 14:15:00,0.0,0.0
2019-02-26,2019-02-27 14:30:00,0.0,0.0
2019-02-26,2019-02-27 14:45:00,0.0,0.0
2019-02-26,2019-02-27 15:00:00,0.0,0.0
2019-02-26,2019-02-27 15:15:00,0.0,0.03669093921780586
2019-02-26,2019-02-27 15:30:00,0.0,0.007811392657458782
2019-02-26,2019-02-27 15:45:00,0.0,0.009999045170843601
2019-02-26,2019-02-27 16:00:00,0.0,0.013875468634068966
2019-02-26,2019-02-27 16:15:00,0.0,0.026166027411818504
2019-02-26,2019-02-27 16:30:00,0.0,0.044157154858112335
2019-02-26,2019-02-27 16:45:00,0.0,0.007702084723860025
2019-02-26,2019-02-27 17:00:00,0.0,0.018563419580459595
2019-02-26,2019-02-27 17:15:00,0.0,0.0
2019-02-26,2019-02-27 17:30:00,0.0,0.0
2019-02-26,2019-02-27 17:45:00,0.0,0.0
2019-02-26,2019-02-27 18:00:00,0.0,0.0
2019-02-26,2019-02-27 18:15:00,0.0,0.0
2019-02-26,2019-02-27 18:30:00,0.0,0.0
2019-02-26,2019-02-27 18:45:00,0.0,0.0
2019-02-26,2019-02-27 19:00:00,0.0,0.0
2019-02-26,2019-02-27 19:15:00,0.0,0.0
2019-02-26,2019-02-27 19:30:00,0.0,0.0
2019-02-26,2019-02-27 19:45:00,0.0,0.007011366542428732
2019-02-26,2019-02-27 20:00:00,0.0,0.0
2019-02-26,2019-02-27 20:15:00,0.0,0.002100023441016674
2019-02-26,2019-02-27 20:30:00,0.0,0.009890933521091938
2019-02-26,2019-02-27 20:45:00,0.0,0.015713972970843315
2019-02-26,2019-02-27 21:00:00,0.0,0.02993963472545147
2019-02-26,2019-02-27 21:15:00,0.0,0.0472642183303833
2019-02-26,2019-02-27 21:30:00,0.0,0.05415555089712143
2019-02-26,2019-02-27 21:45:00,0.0,0.0033451577182859182
2019-02-26,2019-02-27 22:00:00,0.0,0.004499114118516445
2019-02-26,2019-02-27 22:15:00,0.0,0.01916395127773285
2019-02-26,2019-02-27 22:30:00,0.0,0.0
2019-02-26,2019-02-27 22:45:00,0.0,0.0
2019-02-26,2019-02-27 23:00:00,0.0,0.0
2019-02-26,2019-02-27 23:15:00,0.03867200016975403,0.0
2019-02-26,2019-02-27 23:30:00,0.08437500149011612,0.026375073939561844
2019-02-26,2019-02-27 23:45:00,0.24257799983024597,0.0857844352722168
2019-02-27,2019-02-28 00:00:00,0.3480469882488251,0.24835620820522308
2019-02-27,2019-02-28 00:15:00,0.49921900033950806,0.34589043259620667
2019-02-27,2019-02-28 00:30:00,0.6433590054512024,0.4922260344028473
2019-02-27,2019-02-28 00:45:00,0.8050780296325684,0.6274226307868958
2019-02-27,2019-02-28 01:00:00,0.9914060235023499,0.7562888860702515
2019-02-27,2019-02-28 01:15:00,1.132030963897705,0.9607112407684326
2019-02-27,2019-02-28 01:30:00,1.3359379768371582,1.069534420967102
2019-02-27,2019-02-28 01:45:00,1.4800779819488525,1.2433791160583496
2019-02-27,2019-02-28 02:00:00,1.5328119993209839,1.3597445487976074
2019-02-27,2019-02-28 02:15:00,1.6347659826278687,1.4319270849227905
2019-02-27,2019-02-28 02:30:00,1.8105469942092896,1.5280178785324097
2019-02-27,2019-02-28 02:45:00,1.6839840412139893,1.6757564544677734
2019-02-27,2019-02-28 03:00:00,1.638280987739563,1.769669532775879
2019-02-27,2019-02-28 03:15:00,1.6839840412139893,1.8615009784698486
2019-02-27,2019-02-28 03:30:00,1.9476560354232788,1.926203727722168
2019-02-27,2019-02-28 03:45:00,1.9652340412139893,1.9739679098129272
2019-02-27,2019-02-28 04:00:00,2.133984088897705,1.9854143857955933
2019-02-27,2019-02-28 04:15:00,1.8597660064697266,2.023745059967041
2019-02-27,2019-02-28 04:30:00,1.3851560354232788,2.0164449214935303
2019-02-27,2019-02-28 04:45:00,1.2761720418930054,2.019638776779175
2019-02-27,2019-02-28 05:00:00,1.3816410303115845,2.0295917987823486
2019-02-27,2019-02-28 05:15:00,1.9863280057907104,1.9700642824172974
2019-02-27,2019-02-28 05:30:00,2.1867189407348633,1.9533900022506714
2019-02-27,2019-02-28 05:45:00,2.102344036102295,1.9082679748535156
2019-02-27,2019-02-28 06:00:00,2.003906011581421,1.8933751583099365
2019-02-27,2019-02-28 06:15:00,1.828125,1.7459614276885986
2019-02-27,2019-02-28 06:30:00,1.6875,1.7121965885162354
2019-02-27,2019-02-28 06:45:00,1.6488280296325684,1.575331449508667
2019-02-27,2019-02-28 07:00:00,1.553905963897705,1.4824488162994385
2019-02-27,2019-02-28 07:15:00,1.455469012260437,1.3453221321105957
2019-02-27,2019-02-28 07:30:00,1.3921869993209839,1.2565388679504395
2019-02-27,2019-02-28 07:45:00,1.1707030534744263,1.0953090190887451
2019-02-27,2019-02-28 08:00:00,1.075780987739563,0.9481181502342224
2019-02-27,2019-02-28 08:15:00,0.8894529938697815,0.8370447754859924
2019-02-27,2019-02-28 08:30:00,0.7101560235023499,0.6608672738075256
2019-02-27,2019-02-28 08:45:00,0.541405975818634,0.512239933013916
2019-02-27,2019-02-28 09:00:00,0.41484400629997253,0.3878840506076813
2019-02-27,2019-02-28 09:15:00,0.2460940033197403,0.2833266258239746
2019-02-27,2019-02-28 09:30:00,0.140625,0.18505549430847168
2019-02-27,2019-02-28 09:45:00,0.05624999850988388,0.1170361340045929
2019-02-27,2019-02-28 10:00:00,0.0,0.0707327276468277
2019-02-27,2019-02-28 10:15:00,0.0,0.0
2019-02-27,2019-02-28 10:30:00,0.0,0.0
2019-02-27,2019-02-28 10:45:00,0.0,0.0
2019-02-27,2019-02-28 11:00:00,0.0,0.0
2019-02-27,2019-02-28 11:15:00,0.0,0.0
2019-02-27,2019-02-28 11:30:00,0.0,0.0
2019-02-27,2019-02-28 11:45:00,0.0,0.0
2019-02-27,2019-02-28 12:00:00,0.0,0.0
2019-02-27,2019-02-28 12:15:00,0.0,0.0
2019-02-27,2019-02-28 12:30:00,0.0,0.011325542815029621
2019-02-27,2019-02-28 12:45:00,0.0,0.019322551786899567
2019-02-27,2019-02-28 13:00:00,0.0,0.0013674111105501652
2019-02-27,2019-02-28 13:15:00,0.0,0.032749950885772705
2019-02-27,2019-02-28 13:30:00,0.0,0.004354790784418583
2019-02-27,2019-02-28 13:45:00,0.0,0.026363959535956383
2019-02-27,2019-02-28 14:00:00,0.0,0.0
2019-02-27,2019-02-28 14:15:00,0.0,0.0
2019-02-27,2019-02-28 14:30:00,0.0,0.0
2019-02-27,2019-02-28 14:45:00,0.0,0.007517654448747635
2019-02-27,2019-02-28 15:00:00,0.0,0.0061819287948310375
2019-02-27,2019-02-28 15:15:00,0.0,0.0514477863907814
2019-02-27,2019-02-28 15:30:00,0.0,0.011757565662264824
2019-02-27,2019-02-28 15:45:00,0.0,0.025565259158611298
2019-02-27,2019-02-28 16:00:00,0.0,0.028657952323555946
2019-02-27,2019-02-28 16:15:00,0.0,0.027302876114845276
2019-02-27,2019-02-28 16:30:00,0.0,0.030564745888113976
2019-02-27,2019-02-28 16:45:00,0.0,0.02415093220770359
2019-02-27,2019-02-28 17:00:00,0.0,0.023647798225283623
2019-02-27,2019-02-28 17:15:00,0.0,0.004184533376246691
2019-02-27,2019-02-28 17:30:00,0.0,0.017536276951432228
2019-02-27,2019-02-28 17:45:00,0.0,0.015466210432350636
2019-02-27,2019-02-28 18:00:00,0.0,0.0
2019-02-27,2019-02-28 18:15:00,0.0,0.0
2019-02-27,2019-02-28 18:30:00,0.0,0.026829201728105545
2019-02-27,2019-02-28 18:45:00,0.0,0.006676889955997467
2019-02-27,2019-02-28 19:00:00,0.0,0.04038171470165253
2019-02-27,2019-02-28 19:15:00,0.0,0.009138621389865875
2019-02-27,2019-02-28 19:30:00,0.0,0.009295638650655746
2019-02-27,2019-02-28 19:45:00,0.0,0.03200268745422363
2019-02-27,2019-02-28 20:00:00,0.0,0.03596992790699005
2019-02-27,2019-02-28 20:15:00,0.0,0.012653758749365807
2019-02-27,2019-02-28 20:30:00,0.0,0.0
2019-02-27,2019-02-28 20:45:00,0.0,0.0
2019-02-27,2019-02-28 21:00:00,0.0,0.0
2019-02-27,2019-02-28 21:15:00,0.0,0.0
2019-02-27,2019-02-28 21:30:00,0.0,0.0
2019-02-27,2019-02-28 21:45:00,0.0,0.0
2019-02-27,2019-02-28 22:00:00,0.0,0.0
2019-02-27,2019-02-28 22:15:00,0.0,0.0
2019-02-27,2019-02-28 22:30:00,0.0,0.0
2019-02-27,2019-02-28 22:45:00,0.0,0.0
2019-02-27,2019-02-28 23:00:00,0.0,0.0
2019-02-27,2019-02-28 23:15:00,0.04570300132036209,0.03293358162045479
2019-02-27,2019-02-28 23:30:00,0.11953099817037582,0.10418440401554108
2019-02-27,2019-02-28 23:45:00,0.2460940033197403,0.16006428003311157
2019-05-24,2019-05-25 00:00:00,1.8949220180511475,1.6782188415527344
2019-05-24,2019-05-25 00:15:00,2.133984088897705,1.8423011302947998
2019-05-24,2019-05-25 00:30:00,2.3765621185302734,2.1025028228759766
2019-05-24,2019-05-25 00:45:00,2.6050779819488525,2.3157618045806885
2019-05-24,2019-05-25 01:00:00,2.8687500953674316,2.510610342025757
2019-05-24,2019-05-25 01:15:00,3.0796871185302734,2.7615907192230225
2019-05-24,2019-05-25 01:30:00,3.244921922683716,2.881845712661743
2019-05-24,2019-05-25 01:45:00,3.417186975479126,3.0590600967407227
2019-05-24,2019-05-25 02:00:00,3.5542969703674316,3.1550638675689697
2019-05-24,2019-05-25 02:15:00,3.684375047683716,3.1922895908355713
2019-05-24,2019-05-25 02:30:00,3.7722649574279785,3.2280209064483643
2019-05-24,2019-05-25 02:45:00,3.81093692779541,3.337632179260254
2019-05-24,2019-05-25 03:00:00,3.8460938930511475,3.4222171306610107
2019-05-24,2019-05-25 03:15:00,3.779297113418579,3.4402055740356445
2019-05-24,2019-05-25 03:30:00,3.726562023162842,3.442507028579712
2019-05-24,2019-05-25 03:45:00,3.645703077316284,3.495558977127075
2019-05-24,2019-05-25 04:00:00,3.645703077316284,3.4009475708007812
2019-05-24,2019-05-25 04:15:00,3.6175780296325684,3.4656484127044678
2019-05-24,2019-05-25 04:30:00,3.6140620708465576,3.3981053829193115
2019-05-24,2019-05-25 04:45:00,3.666796922683716,3.4112675189971924
2019-05-24,2019-05-25 05:00:00,3.522655963897705,3.3653247356414795
2019-05-24,2019-05-25 05:15:00,3.698436975479126,3.3638532161712646
2019-05-24,2019-05-25 05:30:00,3.568358898162842,3.3265810012817383
2019-05-24,2019-05-25 05:45:00,3.649219036102295,3.3343911170959473
2019-05-24,2019-05-25 06:00:00,3.6140620708465576,3.395432233810425
2019-05-24,2019-05-25 06:15:00,3.4769530296325684,3.235948085784912
2019-05-24,2019-05-25 06:30:00,3.540234088897705,3.247870683670044
2019-05-24,2019-05-25 06:45:00,3.4066410064697266,3.159672260284424
2019-05-24,2019-05-25 07:00:00,3.339843988418579,3.0696887969970703
2019-05-24,2019-05-25 07:15:00,3.1921870708465576,2.9158716201782227
2019-05-24,2019-05-25 07:30:00,3.0093750953674316,2.8270299434661865
2019-05-24,2019-05-25 07:45:00,2.7914059162139893,2.6354668140411377
2019-05-24,2019-05-25 08:00:00,2.489063024520874,2.427767753601074
2019-05-24,2019-05-25 08:15:00,2.548827886581421,2.244511842727661
2019-05-24,2019-05-25 08:30:00,2.1937499046325684,1.9960211515426636
2019-05-24,2019-05-25 08:45:00,1.5679689645767212,1.7700568437576294
2019-05-24,2019-05-25 09:00:00,1.4589840173721313,1.5074201822280884
2019-05-24,2019-05-25 09:15:00,0.6468750238418579,1.2756493091583252
2019-05-24,2019-05-25 09:30:00,1.399219036102295,1.0220526456832886
2019-05-24,2019-05-25 09:45:00,0.8964840173721313,0.8362598419189453
2019-05-24,2019-05-25 10:00:00,0.611719012260437,0.6346189975738525
2019-05-24,2019-05-25 10:15:00,0.5554689764976501,0.43154504895210266
2019-05-24,2019-05-25 10:30:00,0.14414100348949432,0.30776461958885193
2019-05-24,2019-05-25 10:45:00,0.16875000298023224,0.22693097591400146
2019-05-24,2019-05-25 11:00:00,0.08789099752902985,0.1241111010313034
2019-05-24,2019-05-25 11:15:00,0.0,0.11095812916755676
2019-05-24,2019-05-25 11:30:00,0.0,0.009760897606611252
2019-05-24,2019-05-25 11:45:00,0.0,0.02387371100485325
2019-05-24,2019-05-25 12:00:00,0.0,0.0
2019-05-24,2019-05-25 12:15:00,0.0,0.0
2019-05-24,2019-05-25 12:30:00,0.0,0.0
2019-05-24,2019-05-25 12:45:00,0.0,0.039322588592767715
2019-05-24,2019-05-25 13:00:00,0.0,0.005041675176471472
2019-05-24,2019-05-25 13:15:00,0.0,0.0
2019-05-24,2019-05-25 13:30:00,0.0,0.0
2019-05-24,2019-05-25 13:45:00,0.0,0.011681674979627132
2019-05-24,2019-05-25 14:00:00,0.0,0.0316375233232975
2019-05-24,2019-05-25 14:15:00,0.0,0.0
2019-05-24,2019-05-25 14:30:00,0.0,0.013941235840320587
2019-05-24,2019-05-25 14:45:00,0.0,0.008025300689041615
2019-05-24,2019-05-25 15:00:00,0.0,0.0
2019-05-24,2019-05-25 15:15:00,0.0,0.009393781423568726
2019-05-24,2019-05-25 15:30:00,0.0,0.0
2019-05-24,2019-05-25 15:45:00,0.0,0.0
2019-05-24,2019-05-25 16:00:00,0.0,0.010817835107445717
2019-05-24,2019-05-25 16:15:00,0.0,0.034421563148498535
2019-05-24,2019-05-25 16:30:00,0.0,0.006224477663636208
2019-05-24,2019-05-25 16:45:00,0.0,0.0
2019-05-24,2019-05-25 17:00:00,0.0,0.0
2019-05-24,2019-05-25 17:15:00,0.0,0.0
2019-05-24,2019-05-25 17:30:00,0.0,0.0
2019-05-24,2019-05-25 17:45:00,0.0,0.0
2019-05-24,2019-05-25 18:00:00,0.0,0.0
2019-05-24,2019-05-25 18:15:00,0.0,0.0
2019-05-24,2019-05-25 18:30:00,0.0,0.0
2019-05-24,2019-05-25 18:45:00,0.0,0.0
2019-05-24,2019-05-25 19:00:00,0.0,0.00667282659560442
2019-05-24,2019-05-25 19:15:00,0.0,0.0
2019-05-24,2019-05-25 19:30:00,0.0,0.0
2019-05-24,2019-05-25 19:45:00,0.0,0.007118891458958387
2019-05-24,2019-05-25 20:00:00,0.0,0.017220163717865944
2019-05-24,2019-05-25 20:15:00,0.0,0.008367667905986309
2019-05-24,2019-05-25 20:30:00,0.0,0.023872723802924156
2019-05-24,2019-05-25 20:45:00,0.0,0.05118129774928093
2019-05-24,2019-05-25 21:00:00,0.0,0.01931716874241829
2019-05-24,2019-05-25 21:15:00,0.0,0.08590532094240189
2019-05-24,2019-05-25 21:30:00,0.05624999850988388,0.1309518814086914
2019-05-24,2019-05-25 21:45:00,0.1300780028104782,0.12320783734321594
2019-05-24,2019-05-25 22:00:00,0.24960899353027344,0.19291888177394867
2019-05-24,2019-05-25 22:15:00,0.3550780117511749,0.32224202156066895
2019-05-24,2019-05-25 22:30:00,0.541405975818634,0.40417224168777466
2019-05-24,2019-05-25 22:45:00,0.7734379768371582,0.5136653780937195
2019-05-24,2019-05-25 23:00:00,0.9527339935302734,0.6019229292869568
2019-05-24,2019-05-25 23:15:00,1.033594012260437,0.7701226472854614
2019-05-24,2019-05-25 23:30:00,1.209375023841858,0.9270585179328918
2019-05-24,2019-05-25 23:45:00,1.4730470180511475,1.0958144664764404
2019-05-25,2019-05-26 00:00:00,1.6734369993209839,1.110893726348877
2019-05-25,2019-05-26 00:15:00,1.9582029581069946,1.085814356803894
2019-05-25,2019-05-26 00:30:00,1.5996090173721313,1.1903278827667236
2019-05-25,2019-05-26 00:45:00,2.0882809162139893,1.2568906545639038
2019-05-25,2019-05-26 01:00:00,2.6121089458465576,1.3557144403457642
2019-05-25,2019-05-26 01:15:00,2.784374952316284,1.4650170803070068
2019-05-25,2019-05-26 01:30:00,2.661328077316284,1.5435452461242676
2019-05-25,2019-05-26 01:45:00,3.0128910541534424,1.5733139514923096
2019-05-25,2019-05-26 02:00:00,3.487499952316284,1.6742125749588013
2019-05-25,2019-05-26 02:15:00,1.9546869993209839,1.7696294784545898
2019-05-25,2019-05-26 02:30:00,3.2554690837860107,1.8373051881790161
2019-05-25,2019-05-26 02:45:00,3.5613279342651367,1.9034367799758911
2019-05-25,2019-05-26 03:00:00,1.9652340412139893,2.1007919311523438
2019-05-25,2019-05-26 03:15:00,2.337891101837158,2.0901150703430176
2019-05-25,2019-05-26 03:30:00,2.5101559162139893,2.1914918422698975
2019-05-25,2019-05-26 03:45:00,2.12343692779541,2.2662079334259033
2019-05-25,2019-05-26 04:00:00,3.2941410541534424,2.266974925994873
2019-05-25,2019-05-26 04:15:00,3.2660160064697266,2.356781244277954
2019-05-25,2019-05-26 04:30:00,2.373047113418579,2.301285982131958
2019-05-25,2019-05-26 04:45:00,3.779297113418579,2.300229787826538
2019-05-25,2019-05-26 05:00:00,3.4910149574279785,2.3305792808532715
2019-05-25,2019-05-26 05:15:00,3.287108898162842,2.298982620239258
2019-05-25,2019-05-26 05:30:00,2.696484088897705,2.295718193054199
2019-05-25,2019-05-26 05:45:00,1.3957029581069946,2.3411803245544434
2019-05-25,2019-05-26 06:00:00,2.647265911102295,2.365001678466797
2019-05-25,2019-05-26 06:15:00,1.7613279819488525,2.264862537384033
2019-05-25,2019-05-26 06:30:00,2.96718692779541,2.3938562870025635
2019-05-25,2019-05-26 06:45:00,2.8968749046325684,2.3551278114318848
2019-05-25,2019-05-26 07:00:00,2.6578121185302734,2.358555555343628
2019-05-25,2019-05-26 07:15:00,2.661328077316284,2.3063955307006836
2019-05-25,2019-05-26 07:30:00,2.489063024520874,2.280792236328125
2019-05-25,2019-05-26 07:45:00,0.48515599966049194,2.2315523624420166
2019-05-25,2019-05-26 08:00:00,0.5273439884185791,2.0960607528686523
2019-05-25,2019-05-26 08:15:00,0.7804690003395081,2.0281989574432373
2019-05-25,2019-05-26 08:30:00,0.24960899353027344,1.8599774837493896
2019-05-25,2019-05-26 08:45:00,1.2023439407348633,1.7038432359695435
2019-05-25,2019-05-26 09:00:00,1.2761720418930054,1.5095165967941284
2019-05-25,2019-05-26 09:15:00,1.2339839935302734,1.281282663345337
2019-05-25,2019-05-26 09:30:00,0.9175779819488525,1.066380500793457
2019-05-25,2019-05-26 09:45:00,0.46054700016975403,0.82476806640625
2019-05-25,2019-05-26 10:00:00,0.42890599370002747,0.7127524018287659
2019-05-25,2019-05-26 10:15:00,0.5519530177116394,0.47697705030441284
2019-05-25,2019-05-26 10:30:00,0.052733998745679855,0.3069777190685272
2019-05-25,2019-05-26 10:45:00,0.0,0.17150747776031494
2019-05-25,2019-05-26 11:00:00,0.0,0.07918938249349594
2019-05-25,2019-05-26 11:15:00,0.0,0.0030787326395511627
2019-05-25,2019-05-26 11:30:00,0.0,0.0
2019-05-25,2019-05-26 11:45:00,0.0,0.0
2019-05-25,2019-05-26 12:00:00,0.0,0.0
2019-05-25,2019-05-26 12:15:00,0.0,0.0
2019-05-25,2019-05-26 12:30:00,0.0,0.0
2019-05-25,2019-05-26 12:45:00,0.0,0.09436237812042236
2019-05-25,2019-05-26 13:00:00,0.0,0.05858147144317627
2019-05-25,2019-05-26 13:15:00,0.0,0.019216200336813927
2019-05-25,2019-05-26 13:30:00,0.0,0.03240069001913071
2019-05-25,2019-05-26 13:45:00,0.0,0.0
2019-05-25,2019-05-26 14:00:00,0.0,0.024808719754219055
2019-05-25,2019-05-26 14:15:00,0.0,0.0
2019-05-25,2019-05-26 14:30:00,0.0,0.02786463312804699
2019-05-25,2019-05-26 14:45:00,0.0,0.0
2019-05-25,2019-05-26 15:00:00,0.0,0.014114498160779476
2019-05-25,2019-05-26 15:15:00,0.0,0.0
2019-05-25,2019-05-26 15:30:00,0.0,0.0
2019-05-25,2019-05-26 15:45:00,0.0,0.0
2019-05-25,2019-05-26 16:00:00,0.0,0.0
2019-05-25,2019-05-26 16:15:00,0.0,0.0032744621858000755
2019-05-25,2019-05-26 16:30:00,0.0,0.0
2019-05-25,2019-05-26 16:45:00,0.0,0.0
2019-05-25,2019-05-26 17:00:00,0.0,0.0
2019-05-25,2019-05-26 17:15:00,0.0,0.010656651109457016
2019-05-25,2019-05-26 17:30:00,0.0,0.0
2019-05-25,2019-05-26 17:45:00,0.0,0.032911524176597595
2019-05-25,2019-05-26 18:00:00,0.0,0.01885991171002388
2019-05-25,2019-05-26 18:15:00,0.0,0.030222605913877487
2019-05-25,2019-05-26 18:30:00,0.0,0.06878072768449783
2019-05-25,2019-05-26 18:45:00,0.0,0.0
2019-05-25,2019-05-26 19:00:00,0.0,0.0
2019-05-25,2019-05-26 19:15:00,0.0,0.0
2019-05-25,2019-05-26 19:30:00,0.0,0.0
2019-05-25,2019-05-26 19:45:00,0.0,0.0
2019-05-25,2019-05-26 20:00:00,0.0,0.0
2019-05-25,2019-05-26 20:15:00,0.0,0.0
2019-05-25,2019-05-26 20:30:00,0.0,0.0
2019-05-25,2019-05-26 20:45:00,0.0,0.0
2019-05-25,2019-05-26 21:00:00,0.0,0.0
2019-05-25,2019-05-26 21:15:00,0.014062000438570976,0.06545375287532806
2019-05-25,2019-05-26 21:30:00,0.021093999966979027,0.18182314932346344
2019-05-25,2019-05-26 21:45:00,0.1757809966802597,0.24894462525844574
2019-05-25,2019-05-26 22:00:00,0.291797012090683,0.39894530177116394
2019-05-25,2019-05-26 22:15:00,0.4675779938697815,0.5751133561134338
2019-05-25,2019-05-26 22:30:00,0.5695310235023499,0.7283592224121094
2019-05-25,2019-05-26 22:45:00,1.0300780534744263,0.8160940408706665
2019-05-25,2019-05-26 23:00:00,1.3957029581069946,0.9995673298835754
2019-05-25,2019-05-26 23:15:00,1.4273439645767212,1.1479984521865845
2019-05-25,2019-05-26 23:30:00,1.8562500476837158,1.3024673461914062
2019-05-25,2019-05-26 23:45:00,2.1585938930511475,1.4157860279083252
2019-05-26,2019-05-27 00:00:00,1.8878910541534424,2.242547035217285
2019-05-26,2019-05-27 00:15:00,1.863281011581421,2.497746229171753
2019-05-26,2019-05-27 00:30:00,2.700000047683716,2.8145527839660645
2019-05-26,2019-05-27 00:45:00,2.9390621185302734,3.088742733001709
2019-05-26,2019-05-27 01:00:00,3.550781011581421,3.303471088409424
2019-05-26,2019-05-27 01:15:00,3.8425779342651367,3.5850319862365723
2019-05-26,2019-05-27 01:30:00,3.8425779342651367,3.758732795715332
2019-05-26,2019-05-27 01:45:00,4.23281192779541,3.8567423820495605
2019-05-26,2019-05-27 02:00:00,4.545702934265137,3.9794771671295166
2019-05-26,2019-05-27 02:15:00,4.682812213897705,3.9446518421173096
2019-05-26,2019-05-27 02:30:00,4.633594036102295,3.937894821166992
2019-05-26,2019-05-27 02:45:00,4.7390618324279785,3.9844884872436523
2019-05-26,2019-05-27 03:00:00,4.900781154632568,3.9992496967315674
2019-05-26,2019-05-27 03:15:00,4.964062213897705,3.948416233062744
2019-05-26,2019-05-27 03:30:00,4.92539119720459,3.8846805095672607
2019-05-26,2019-05-27 03:45:00,4.865624904632568,3.8754734992980957
2019-05-26,2019-05-27 04:00:00,4.798828125,3.8020670413970947
2019-05-26,2019-05-27 04:15:00,4.6160149574279785,3.805352210998535
2019-05-26,2019-05-27 04:30:00,4.50351619720459,3.7124404907226562
2019-05-26,2019-05-27 04:45:00,4.387499809265137,3.683755874633789
2019-05-26,2019-05-27 05:00:00,4.278514862060547,3.6724777221679688
2019-05-26,2019-05-27 05:15:00,4.36289119720459,3.605870485305786
2019-05-26,2019-05-27 05:30:00,4.187108993530273,3.5901565551757812
2019-05-26,2019-05-27 05:45:00,4.169530868530273,3.5770294666290283
2019-05-26,2019-05-27 06:00:00,3.9410150051116943,3.5985703468322754
2019-05-26,2019-05-27 06:15:00,3.6421871185302734,3.4204843044281006
2019-05-26,2019-05-27 06:30:00,3.4769530296325684,3.4505977630615234
2019-05-26,2019-05-27 06:45:00,2.7281250953674316,3.305136203765869
2019-05-26,2019-05-27 07:00:00,1.2199219465255737,3.1924262046813965
2019-05-26,2019-05-27 07:15:00,3.8882811069488525,3.064000368118286
2019-05-26,2019-05-27 07:30:00,3.5929689407348633,2.9010844230651855
2019-05-26,2019-05-27 07:45:00,3.4699220657348633,2.677950859069824
2019-05-26,2019-05-27 08:00:00,2.5101559162139893,2.430377721786499
2019-05-26,2019-05-27 08:15:00,2.0179688930511475,2.227285861968994
2019-05-26,2019-05-27 08:30:00,2.1691410541534424,1.9266358613967896
2019-05-26,2019-05-27 08:45:00,2.2113280296325684,1.6729323863983154
2019-05-26,2019-05-27 09:00:00,0.935155987739563,1.386063575744629
2019-05-26,2019-05-27 09:15:00,1.40625,1.060939073562622
2019-05-26,2019-05-27 09:30:00,1.0863280296325684,0.8306881785392761
2019-05-26,2019-05-27 09:45:00,0.9527339935302734,0.6120311617851257
2019-05-26,2019-05-27 10:00:00,0.6433590054512024,0.4156349003314972
2019-05-26,2019-05-27 10:15:00,0.5871090292930603,0.18397897481918335
2019-05-26,2019-05-27 10:30:00,0.48515599966049194,0.06286551803350449
2019-05-26,2019-05-27 10:45:00,0.40781301259994507,0.041127052158117294
2019-05-26,2019-05-27 11:00:00,0.2003909945487976,0.0
2019-05-26,2019-05-27 11:15:00,0.007031000219285488,0.0
2019-05-26,2019-05-27 11:30:00,0.0,0.0
2019-05-26,2019-05-27 11:45:00,0.0,0.0
2019-05-26,2019-05-27 12:00:00,0.0,0.0
2019-05-26,2019-05-27 12:15:00,0.0,0.0
2019-05-26,2019-05-27 12:30:00,0.0,0.0006770701729692519
2019-05-26,2019-05-27 12:45:00,0.0,0.06809978187084198
2019-05-26,2019-05-27 13:00:00,0.0,0.06319539994001389
2019-05-26,2019-05-27 13:15:00,0.0,0.0008290676050819457
2019-05-26,2019-05-27 13:30:00,0.0,0.03218430280685425
2019-05-26,2019-05-27 13:45:00,0.0,0.0005503387656062841
2019-05-26,2019-05-27 14:00:00,0.0,0.07285299897193909
2019-05-26,2019-05-27 14:15:00,0.0,0.009223924949765205
2019-05-26,2019-05-27 14:30:00,0.0,0.020812755450606346
2019-05-26,2019-05-27 14:45:00,0.0,0.01994391530752182
2019-05-26,2019-05-27 15:00:00,0.0,0.028614457696676254
2019-05-26,2019-05-27 15:15:00,0.0,0.02304653637111187
2019-05-26,2019-05-27 15:30:00,0.0,0.0
2019-05-26,2019-05-27 15:45:00,0.0,0.0
2019-05-26,2019-05-27 16:00:00,0.0,0.0
2019-05-26,2019-05-27 16:15:00,0.0,0.012513108551502228
2019-05-26,2019-05-27 16:30:00,0.0,0.0
2019-05-26,2019-05-27 16:45:00,0.0,0.0
2019-05-26,2019-05-27 17:00:00,0.0,0.0
2019-05-26,2019-05-27 17:15:00,0.0,0.0
2019-05-26,2019-05-27 17:30:00,0.0,0.0
2019-05-26,2019-05-27 17:45:00,0.0,0.0
2019-05-26,2019-05-27 18:00:00,0.0,0.0
2019-05-26,2019-05-27 18:15:00,0.0,0.0
2019-05-26,2019-05-27 18:30:00,0.0,0.0
2019-05-26,2019-05-27 18:45:00,0.0,0.0
2019-05-26,2019-05-27 19:00:00,0.0,0.0
2019-05-26,2019-05-27 19:15:00,0.0,0.0
2019-05-26,2019-05-27 19:30:00,0.0,0.0
2019-05-26,2019-05-27 19:45:00,0.0,0.0
2019-05-26,2019-05-27 20:00:00,0.0,0.009535728022456169
2019-05-26,2019-05-27 20:15:00,0.0,0.0
2019-05-26,2019-05-27 20:30:00,0.0,0.0
2019-05-26,2019-05-27 20:45:00,0.0,0.026502283290028572
2019-05-26,2019-05-27 21:00:00,0.0,0.053321968764066696
2019-05-26,2019-05-27 21:15:00,0.042187999933958054,0.14015984535217285
2019-05-26,2019-05-27 21:30:00,0.1757809966802597,0.23623661696910858
2019-05-26,2019-05-27 21:45:00,0.22499999403953552,0.3353430926799774
2019-05-26,2019-05-27 22:00:00,0.330469012260437,0.47569209337234497
2019-05-26,2019-05-27 22:15:00,0.4781250059604645,0.7251242995262146
2019-05-26,2019-05-27 22:30:00,0.703125,0.940741777420044
2019-05-26,2019-05-27 22:45:00,0.935155987739563,1.1129566431045532
2019-05-26,2019-05-27 23:00:00,1.2269530296325684,1.3487094640731812
2019-05-26,2019-05-27 23:15:00,1.539844036102295,1.6457710266113281
2019-05-26,2019-05-27 23:30:00,1.8562500476837158,1.9177652597427368
2019-05-26,2019-05-27 23:45:00,2.12343692779541,2.172959089279175
2019-05-27,2019-05-28 00:00:00,2.4117190837860107,2.3840558528900146
2019-05-27,2019-05-28 00:15:00,2.682421922683716,2.6396825313568115
2019-05-27,2019-05-28 00:30:00,2.9214839935302734,3.014434576034546
2019-05-27,2019-05-28 00:45:00,3.164062023162842,3.3241117000579834
2019-05-27,2019-05-28 01:00:00,3.3714840412139893,3.552597999572754
2019-05-27,2019-05-28 01:15:00,3.5789060592651367,3.8908956050872803
2019-05-27,2019-05-28 01:30:00,3.7195310592651367,4.005216598510742
2019-05-27,2019-05-28 01:45:00,3.8953120708465576,4.131792068481445
2019-05-27,2019-05-28 02:00:00,4.004296779632568,4.238397121429443
2019-05-27,2019-05-28 02:15:00,3.9375,4.250453472137451
2019-05-27,2019-05-28 02:30:00,4.018359184265137,4.23500919342041
2019-05-27,2019-05-28 02:45:00,4.095703125,4.321113586425781
2019-05-27,2019-05-28 03:00:00,4.130858898162842,4.390152931213379
2019-05-27,2019-05-28 03:15:00,4.229297161102295,4.369935512542725
2019-05-27,2019-05-28 03:30:00,4.257421970367432,4.368815898895264
2019-05-27,2019-05-28 03:45:00,4.267969131469727,4.426732540130615
2019-05-27,2019-05-28 04:00:00,4.21523380279541,4.334848403930664
2019-05-27,2019-05-28 04:15:00,4.225780963897705,4.3790812492370605
2019-05-27,2019-05-28 04:30:00,4.123827934265137,4.314949989318848
2019-05-27,2019-05-28 04:45:00,4.106249809265137,4.330348014831543
2019-05-27,2019-05-28 05:00:00,4.162499904632568,4.314144611358643
2019-05-27,2019-05-28 05:15:00,4.141406059265137,4.254383563995361
2019-05-27,2019-05-28 05:30:00,4.123827934265137,4.2422194480896
2019-05-27,2019-05-28 05:45:00,4.088672161102295,4.236358642578125
2019-05-27,2019-05-28 06:00:00,4.011328220367432,4.2933855056762695
2019-05-27,2019-05-28 06:15:00,3.9691410064697266,4.122391700744629
2019-05-27,2019-05-28 06:30:00,3.979686975479126,4.162236213684082
2019-05-27,2019-05-28 06:45:00,3.8460938930511475,4.036693096160889
2019-05-27,2019-05-28 07:00:00,3.761718988418579,3.9220118522644043
2019-05-27,2019-05-28 07:15:00,3.6140620708465576,3.7596683502197266
2019-05-27,2019-05-28 07:30:00,3.4242188930511475,3.6308445930480957
2019-05-27,2019-05-28 07:45:00,3.216797113418579,3.401416778564453
2019-05-27,2019-05-28 08:00:00,3.0269529819488525,3.147834539413452
2019-05-27,2019-05-28 08:15:00,2.7703120708465576,2.9058945178985596
2019-05-27,2019-05-28 08:30:00,2.53125,2.595531940460205
2019-05-27,2019-05-28 08:45:00,2.267577886581421,2.3039262294769287
2019-05-27,2019-05-28 09:00:00,1.96875,1.9607951641082764
2019-05-27,2019-05-28 09:15:00,1.6734369993209839,1.655666708946228
2019-05-27,2019-05-28 09:30:00,1.3675780296325684,1.316588044166565
2019-05-27,2019-05-28 09:45:00,1.068750023841858,1.064710021018982
2019-05-27,2019-05-28 10:00:00,0.8015620112419128,0.7966120839118958
2019-05-27,2019-05-28 10:15:00,0.5484369993209839,0.5159865021705627
2019-05-27,2019-05-28 10:30:00,0.26718801259994507,0.3479582965373993
2019-05-27,2019-05-28 10:45:00,0.15820300579071045,0.22863951325416565
2019-05-27,2019-05-28 11:00:00,0.10195299983024597,0.10204197466373444
2019-05-27,2019-05-28 11:15:00,0.014062000438570976,0.09733817726373672
2019-05-27,2019-05-28 11:30:00,0.0,0.0
2019-05-27,2019-05-28 11:45:00,0.0,0.017190514132380486
2019-05-27,2019-05-28 12:00:00,0.0,0.0
2019-05-27,2019-05-28 12:15:00,0.0,0.0
2019-05-27,2019-05-28 12:30:00,0.0,0.0
2019-05-27,2019-05-28 12:45:00,0.0,0.07952497899532318
2019-05-27,2019-05-28 13:00:00,0.0,0.04041442647576332
2019-05-27,2019-05-28 13:15:00,0.0,0.0
2019-05-27,2019-05-28 13:30:00,0.0,0.013723202981054783
2019-05-27,2019-05-28 13:45:00,0.0,0.015535589307546616
2019-05-27,2019-05-28 14:00:00,0.0,0.1242329478263855
2019-05-27,2019-05-28 14:15:00,0.0,0.025841685011982918
2019-05-27,2019-05-28 14:30:00,0.0,0.06098966673016548
2019-05-27,2019-05-28 14:45:00,0.0,0.0634525865316391
2019-05-27,2019-05-28 15:00:00,0.0,0.03360424190759659
2019-05-27,2019-05-28 15:15:00,0.0,0.06045060232281685
2019-05-27,2019-05-28 15:30:00,0.0,0.0
2019-05-27,2019-05-28 15:45:00,0.0,0.0
2019-05-27,2019-05-28 16:00:00,0.0,0.0241360105574131
2019-05-27,2019-05-28 16:15:00,0.0,0.051153071224689484
2019-05-27,2019-05-28 16:30:00,0.0,0.00932843517512083
2019-05-27,2019-05-28 16:45:00,0.0,0.0
2019-05-27,2019-05-28 17:00:00,0.0,0.0
2019-05-27,2019-05-28 17:15:00,0.0,0.0
2019-05-27,2019-05-28 17:30:00,0.0,0.0
2019-05-27,2019-05-28 17:45:00,0.0,0.0
2019-05-27,2019-05-28 18:00:00,0.0,0.0
2019-05-27,2019-05-28 18:15:00,0.0,0.0
2019-05-27,2019-05-28 18:30:00,0.0,0.0
2019-05-27,2019-05-28 18:45:00,0.0,0.0
2019-05-27,2019-05-28 19:00:00,0.0,0.0
2019-05-27,2019-05-28 19:15:00,0.0,0.0
2019-05-27,2019-05-28 19:30:00,0.0,0.0
2019-05-27,2019-05-28 19:45:00,0.0,0.0
2019-05-27,2019-05-28 20:00:00,0.0,0.0
2019-05-27,2019-05-28 20:15:00,0.0,0.0
2019-05-27,2019-05-28 20:30:00,0.0,0.0
2019-05-27,2019-05-28 20:45:00,0.0,0.018154326826334
2019-05-27,2019-05-28 21:00:00,0.0,0.03339232876896858
2019-05-27,2019-05-28 21:15:00,0.003515999997034669,0.10646729171276093
2019-05-27,2019-05-28 21:30:00,0.07734400033950806,0.22202907502651215
2019-05-27,2019-05-28 21:45:00,0.140625,0.309026837348938
2019-05-27,2019-05-28 22:00:00,0.2566410005092621,0.4477592706680298
2019-05-27,2019-05-28 22:15:00,0.39375001192092896,0.7053989768028259
2019-05-27,2019-05-28 22:30:00,0.6082029938697815,0.9269043803215027
2019-05-27,2019-05-28 22:45:00,0.8507810235023499,1.1425777673721313
2019-05-27,2019-05-28 23:00:00,1.1074219942092896,1.353995680809021
2019-05-27,2019-05-28 23:15:00,1.399219036102295,1.6853690147399902
2019-05-27,2019-05-28 23:30:00,1.6875,1.9571306705474854
2019-05-27,2019-05-28 23:45:00,1.9792970418930054,2.2522995471954346
2019-05-28,2019-05-29 00:00:00,2.26406192779541,2.117457151412964
2019-05-28,2019-05-29 00:15:00,2.538280963897705,2.3247053623199463
2019-05-28,2019-05-29 00:30:00,2.7878899574279785,2.6883552074432373
2019-05-28,2019-05-29 00:45:00,3.0093750953674316,2.95566725730896
2019-05-28,2019-05-29 01:00:00,3.223828077316284,3.1832163333892822
2019-05-28,2019-05-29 01:15:00,3.4347660541534424,3.5069313049316406
2019-05-28,2019-05-29 01:30:00,3.5999999046325684,3.637500762939453
2019-05-28,2019-05-29 01:45:00,3.708983898162842,3.780851125717163
2019-05-28,2019-05-29 02:00:00,3.839061975479126,3.8871772289276123
2019-05-28,2019-05-29 02:15:00,3.909374952316284,3.9197449684143066
2019-05-28,2019-05-29 02:30:00,3.9867188930511475,3.9317145347595215
2019-05-28,2019-05-29 02:45:00,4.032422065734863,4.042378902435303
2019-05-28,2019-05-29 03:00:00,4.050000190734863,4.130151748657227
2019-05-28,2019-05-29 03:15:00,4.071094036102295,4.130179405212402
2019-05-28,2019-05-29 03:30:00,4.085155963897705,4.131688117980957
2019-05-28,2019-05-29 03:45:00,4.06406307220459,4.182303428649902
2019-05-28,2019-05-29 04:00:00,4.028905868530273,4.093798637390137
2019-05-28,2019-05-29 04:15:00,4.014842987060547,4.140138626098633
2019-05-28,2019-05-29 04:30:00,4.102734088897705,4.086089611053467
2019-05-28,2019-05-29 04:45:00,4.07460880279541,4.06628942489624
2019-05-28,2019-05-29 05:00:00,4.120312213897705,4.030745983123779
2019-05-28,2019-05-29 05:15:00,4.099218845367432,3.980823516845703
2019-05-28,2019-05-29 05:30:00,4.057031154632568,3.941002607345581
2019-05-28,2019-05-29 05:45:00,4.109766006469727,3.9139413833618164
2019-05-28,2019-05-29 06:00:00,4.130858898162842,3.967442274093628
2019-05-28,2019-05-29 06:15:00,3.744141101837158,3.7650442123413086
2019-05-28,2019-05-29 06:30:00,3.948046922683716,3.789139747619629
2019-05-28,2019-05-29 06:45:00,3.796875,3.672454595565796
2019-05-28,2019-05-29 07:00:00,3.385546922683716,3.562699794769287
2019-05-28,2019-05-29 07:15:00,3.779297113418579,3.371126413345337
2019-05-28,2019-05-29 07:30:00,3.5648438930511475,3.270817756652832
2019-05-28,2019-05-29 07:45:00,3.128906011581421,3.0036823749542236
2019-05-28,2019-05-29 08:00:00,2.2957029342651367,2.7670772075653076
2019-05-28,2019-05-29 08:15:00,3.216797113418579,2.5583269596099854
2019-05-28,2019-05-29 08:30:00,2.6578121185302734,2.2414824962615967
2019-05-28,2019-05-29 08:45:00,2.54531192779541,1.9859769344329834
2019-05-28,2019-05-29 09:00:00,2.1304690837860107,1.6536959409713745
2019-05-28,2019-05-29 09:15:00,1.835155963897705,1.376255989074707
2019-05-28,2019-05-29 09:30:00,1.5433590412139893,1.0827432870864868
2019-05-28,2019-05-29 09:45:00,0.8085939884185791,0.8443963527679443
2019-05-28,2019-05-29 10:00:00,0.4007810056209564,0.59017413854599
2019-05-28,2019-05-29 10:15:00,0.41835901141166687,0.35347285866737366
2019-05-28,2019-05-29 10:30:00,0.37968701124191284,0.2265179604291916
2019-05-28,2019-05-29 10:45:00,0.18281200528144836,0.12467721849679947
2019-05-28,2019-05-29 11:00:00,0.11953099817037582,0.021621309220790863
2019-05-28,2019-05-29 11:15:00,0.042187999933958054,0.020127855241298676
2019-05-28,2019-05-29 11:30:00,0.0,0.0
2019-05-28,2019-05-29 11:45:00,0.0,0.0
2019-05-28,2019-05-29 12:00:00,0.0,0.0
2019-05-28,2019-05-29 12:15:00,0.0,0.0
2019-05-28,2019-05-29 12:30:00,0.0,0.0
2019-05-28,2019-05-29 12:45:00,0.0,0.025324979797005653
2019-05-28,2019-05-29 13:00:00,0.0,0.0
2019-05-28,2019-05-29 13:15:00,0.0,0.0
2019-05-28,2019-05-29 13:30:00,0.0,0.0
2019-05-28,2019-05-29 13:45:00,0.0,0.0
2019-05-28,2019-05-29 14:00:00,0.0,0.04065089672803879
2019-05-28,2019-05-29 14:15:00,0.0,0.0
2019-05-28,2019-05-29 14:30:00,0.0,0.0
2019-05-28,2019-05-29 14:45:00,0.0,0.0
2019-05-28,2019-05-29 15:00:00,0.0,0.0
2019-05-28,2019-05-29 15:15:00,0.0,0.0
2019-05-28,2019-05-29 15:30:00,0.0,0.0
2019-05-28,2019-05-29 15:45:00,0.0,0.0
2019-05-28,2019-05-29 16:00:00,0.0,0.0
2019-05-28,2019-05-29 16:15:00,0.0,0.016723113134503365
2019-05-28,2019-05-29 16:30:00,0.0,0.0
2019-05-28,2019-05-29 16:45:00,0.0,0.0
2019-05-28,2019-05-29 17:00:00,0.0,0.0
2019-05-28,2019-05-29 17:15:00,0.0,0.0
2019-05-28,2019-05-29 17:30:00,0.0,0.0
2019-05-28,2019-05-29 17:45:00,0.0,0.0
2019-05-28,2019-05-29 18:00:00,0.0,0.0
2019-05-28,2019-05-29 18:15:00,0.0,0.0
2019-05-28,2019-05-29 18:30:00,0.0,0.0
2019-05-28,2019-05-29 18:45:00,0.0,0.0
2019-05-28,2019-05-29 19:00:00,0.0,0.0
2019-05-28,2019-05-29 19:15:00,0.0,0.0
2019-05-28,2019-05-29 19:30:00,0.0,0.0
2019-05-28,2019-05-29 19:45:00,0.0,0.0
2019-05-28,2019-05-29 20:00:00,0.0,0.0
2019-05-28,2019-05-29 20:15:00,0.0,0.0
2019-05-28,2019-05-29 20:30:00,0.0,0.0
2019-05-28,2019-05-29 20:45:00,0.0,0.0
2019-05-28,2019-05-29 21:00:00,0.0,0.0
2019-05-28,2019-05-29 21:15:00,0.0,0.008929924108088017
2019-05-28,2019-05-29 21:30:00,0.0,0.05782005190849304
2019-05-28,2019-05-29 21:45:00,0.19335900247097015,0.0950869619846344
2019-05-28,2019-05-29 22:00:00,0.3023439943790436,0.18941734731197357
2019-05-28,2019-05-29 22:15:00,0.43945300579071045,0.3748554289340973
2019-05-28,2019-05-29 22:30:00,0.4816409945487976,0.5186625719070435
2019-05-28,2019-05-29 22:45:00,0.583594024181366,0.6690678596496582
2019-05-28,2019-05-29 23:00:00,0.984375,0.8306164145469666
2019-05-28,2019-05-29 23:15:00,0.8121089935302734,1.101566195487976
2019-05-28,2019-05-29 23:30:00,1.364061951637268,1.3058668375015259
2019-05-28,2019-05-29 23:45:00,1.4343750476837158,1.5462323427200317
2019-05-29,2019-05-30 00:00:00,1.9300780296325684,1.4801533222198486
2019-05-29,2019-05-30 00:15:00,2.383594036102295,1.6208244562149048
2019-05-29,2019-05-30 00:30:00,2.4468750953674316,1.8770142793655396
2019-05-29,2019-05-30 00:45:00,2.707031011581421,2.0708303451538086
2019-05-29,2019-05-30 01:00:00,3.058593988418579,2.255835771560669
2019-05-29,2019-05-30 01:15:00,3.2660160064697266,2.464958906173706
2019-05-29,2019-05-30 01:30:00,3.487499952316284,2.6146621704101562
2019-05-29,2019-05-30 01:45:00,3.666796922683716,2.7064433097839355
2019-05-29,2019-05-30 02:00:00,3.8636720180511475,2.8336195945739746
2019-05-29,2019-05-30 02:15:00,3.909374952316284,2.8735907077789307
2019-05-29,2019-05-30 02:30:00,3.9937500953674316,2.9122400283813477
2019-05-29,2019-05-30 02:45:00,3.8777339458465576,3.005929946899414
2019-05-29,2019-05-30 03:00:00,4.158984184265137,3.1168901920318604
2019-05-29,2019-05-30 03:15:00,4.187108993530273,3.1140449047088623
2019-05-29,2019-05-30 03:30:00,4.08164119720459,3.1082510948181152
2019-05-29,2019-05-30 03:45:00,4.09218692779541,3.1509459018707275
2019-05-29,2019-05-30 04:00:00,3.8917970657348633,3.121633291244507
2019-05-29,2019-05-30 04:15:00,3.779297113418579,3.153738260269165
2019-05-29,2019-05-30 04:30:00,2.900391101837158,3.0928852558135986
2019-05-29,2019-05-30 04:45:00,3.3785150051116943,3.1055665016174316
2019-05-29,2019-05-30 05:00:00,3.0093750953674316,3.098480701446533
2019-05-29,2019-05-30 05:15:00,4.07460880279541,3.0682175159454346
2019-05-29,2019-05-30 05:30:00,3.9128899574279785,3.078948974609375
2019-05-29,2019-05-30 05:45:00,3.7300779819488525,3.092963457107544
2019-05-29,2019-05-30 06:00:00,3.3082029819488525,3.137113332748413
2019-05-29,2019-05-30 06:15:00,3.8777339458465576,3.0289785861968994
2019-05-29,2019-05-30 06:30:00,2.267577886581421,3.108901262283325
2019-05-29,2019-05-30 06:45:00,1.357030987739563,3.0153536796569824
2019-05-29,2019-05-30 07:00:00,2.664844036102295,2.9898526668548584
2019-05-29,2019-05-30 07:15:00,2.506640911102295,2.883373498916626
2019-05-29,2019-05-30 07:30:00,3.4769530296325684,2.834228992462158
2019-05-29,2019-05-30 07:45:00,3.1535160541534424,2.662260055541992
2019-05-29,2019-05-30 08:00:00,2.963671922683716,2.4941649436950684
2019-05-29,2019-05-30 08:15:00,2.6261720657348633,2.3708364963531494
2019-05-29,2019-05-30 08:30:00,2.3238279819488525,2.1451289653778076
2019-05-29,2019-05-30 08:45:00,2.0355470180511475,1.9499346017837524
2019-05-29,2019-05-30 09:00:00,1.7156250476837158,1.6927913427352905
2019-05-29,2019-05-30 09:15:00,1.4800779819488525,1.4362226724624634
2019-05-29,2019-05-30 09:30:00,1.2410160303115845,1.1897438764572144
2019-05-29,2019-05-30 09:45:00,0.9105470180511475,0.9591472148895264
2019-05-29,2019-05-30 10:00:00,0.7136719822883606,0.7637529373168945
2019-05-29,2019-05-30 10:15:00,0.5238280296325684,0.5123432874679565
2019-05-29,2019-05-30 10:30:00,0.37968701124191284,0.3415031135082245
2019-05-29,2019-05-30 10:45:00,0.2566410005092621,0.2331349402666092
2019-05-29,2019-05-30 11:00:00,0.15468700230121613,0.10882432758808136
2019-05-29,2019-05-30 11:15:00,0.014062000438570976,0.06330195814371109
2019-05-29,2019-05-30 11:30:00,0.0,0.0
2019-05-29,2019-05-30 11:45:00,0.0,0.0
2019-05-29,2019-05-30 12:00:00,0.0,0.0
2019-05-29,2019-05-30 12:15:00,0.0,0.0
2019-05-29,2019-05-30 12:30:00,0.0,0.0
2019-05-29,2019-05-30 12:45:00,0.0,0.11170723289251328
2019-05-29,2019-05-30 13:00:00,0.0,0.08162423223257065
2019-05-29,2019-05-30 13:15:00,0.0,0.01665741764008999
2019-05-29,2019-05-30 13:30:00,0.0,0.06522578001022339
2019-05-29,2019-05-30 13:45:00,0.0,0.05452620983123779
2019-05-29,2019-05-30 14:00:00,0.0,0.07602114975452423
2019-05-29,2019-05-30 14:15:00,0.0,0.03204157575964928
2019-05-29,2019-05-30 14:30:00,0.0,0.03587277606129646
2019-05-29,2019-05-30 14:45:00,0.0,0.06907245516777039
2019-05-29,2019-05-30 15:00:00,0.0,0.0581253319978714
2019-05-29,2019-05-30 15:15:00,0.0,0.0243776123970747
2019-05-29,2019-05-30 15:30:00,0.0,0.0
2019-05-29,2019-05-30 15:45:00,0.0,0.0
2019-05-29,2019-05-30 16:00:00,0.0,0.0012901830486953259
2019-05-29,2019-05-30 16:15:00,0.0,0.05188533291220665
2019-05-29,2019-05-30 16:30:00,0.0,0.0
2019-05-29,2019-05-30 16:45:00,0.0,0.0
2019-05-29,2019-05-30 17:00:00,0.0,0.0
2019-05-29,2019-05-30 17:15:00,0.0,0.0
2019-05-29,2019-05-30 17:30:00,0.0,0.0
2019-05-29,2019-05-30 17:45:00,0.0,0.0
2019-05-29,2019-05-30 18:00:00,0.0,0.0
2019-05-29,2019-05-30 18:15:00,0.0,0.0
2019-05-29,2019-05-30 18:30:00,0.0,0.0
2019-05-29,2019-05-30 18:45:00,0.0,0.0
2019-05-29,2019-05-30 19:00:00,0.0,0.0
2019-05-29,2019-05-30 19:15:00,0.0,0.0
2019-05-29,2019-05-30 19:30:00,0.0,0.0
2019-05-29,2019-05-30 19:45:00,0.0,0.0
2019-05-29,2019-05-30 20:00:00,0.0,0.0
2019-05-29,2019-05-30 20:15:00,0.0,0.0
2019-05-29,2019-05-30 20:30:00,0.0,0.0
2019-05-29,2019-05-30 20:45:00,0.0,0.0053577786311507225
2019-05-29,2019-05-30 21:00:00,0.0,0.036680445075035095
2019-05-29,2019-05-30 21:15:00,0.024608999490737915,0.09488307684659958
2019-05-29,2019-05-30 21:30:00,0.0,0.1907201111316681
2019-05-29,2019-05-30 21:45:00,0.18984399735927582,0.2537846267223358
2019-05-29,2019-05-30 22:00:00,0.29882800579071045,0.38469794392585754
2019-05-29,2019-05-30 22:15:00,0.46054700016975403,0.5897238850593567
2019-05-29,2019-05-30 22:30:00,0.6609370112419128,0.7536844611167908
2019-05-29,2019-05-30 22:45:00,0.864844024181366,0.8511012196540833
2019-05-29,2019-05-30 23:00:00,1.1566410064697266,1.0433262586593628
2019-05-29,2019-05-30 23:15:00,1.4343750476837158,1.2658287286758423
2019-05-29,2019-05-30 23:30:00,1.7121089696884155,1.4556645154953003
2019-05-29,2019-05-30 23:45:00,2.0144529342651367,1.654799461364746
2019-05-30,2019-05-31 00:00:00,2.260546922683716,2.1020636558532715
2019-05-30,2019-05-31 00:15:00,2.5101559162139893,2.338225841522217
2019-05-30,2019-05-31 00:30:00,2.7667970657348633,2.7177274227142334
2019-05-30,2019-05-31 00:45:00,2.9988279342651367,2.9648759365081787
2019-05-30,2019-05-31 01:00:00,3.2308590412139893,3.2214205265045166
2019-05-30,2019-05-31 01:15:00,3.4382810592651367,3.5131032466888428
2019-05-30,2019-05-31 01:30:00,3.568358898162842,3.6242055892944336
2019-05-30,2019-05-31 01:45:00,3.744141101837158,3.8595409393310547
2019-05-30,2019-05-31 02:00:00,3.902343988418579,3.9393513202667236
2019-05-30,2019-05-31 02:15:00,4.014842987060547,3.9568393230438232
2019-05-30,2019-05-31 02:30:00,4.095703125,3.9393277168273926
2019-05-30,2019-05-31 02:45:00,4.169530868530273,4.007309913635254
2019-05-30,2019-05-31 03:00:00,4.23281192779541,4.086711406707764
2019-05-30,2019-05-31 03:15:00,4.22226619720459,4.098958969116211
2019-05-30,2019-05-31 03:30:00,4.169530868530273,4.1381683349609375
2019-05-30,2019-05-31 03:45:00,4.201171875,4.186903953552246
2019-05-30,2019-05-31 04:00:00,4.225780963897705,4.082261085510254
2019-05-30,2019-05-31 04:15:00,4.144921779632568,4.143365383148193
2019-05-30,2019-05-31 04:30:00,4.201171875,4.071852684020996
2019-05-30,2019-05-31 04:45:00,4.09218692779541,4.055761337280273
2019-05-30,2019-05-31 05:00:00,4.014842987060547,4.024089336395264
2019-05-30,2019-05-31 05:15:00,4.046483993530273,3.9873526096343994
2019-05-30,2019-05-31 05:30:00,4.050000190734863,3.930828332901001
2019-05-30,2019-05-31 05:45:00,3.9128899574279785,3.905707597732544
2019-05-30,2019-05-31 06:00:00,4.000781059265137,3.9267005920410156
2019-05-30,2019-05-31 06:15:00,3.9410150051116943,3.7254252433776855
2019-05-30,2019-05-31 06:30:00,3.8988280296325684,3.7407491207122803
2019-05-30,2019-05-31 06:45:00,3.8636720180511475,3.617650270462036
2019-05-30,2019-05-31 07:00:00,3.7160160541534424,3.517794370651245
2019-05-30,2019-05-31 07:15:00,2.988281011581421,3.3601255416870117
2019-05-30,2019-05-31 07:30:00,2.460937976837158,3.318577766418457
2019-05-30,2019-05-31 07:45:00,2.882812023162842,3.138564348220825
2019-05-30,2019-05-31 08:00:00,1.680469036102295,2.8958728313446045
2019-05-30,2019-05-31 08:15:00,1.026561975479126,2.7305355072021484
2019-05-30,2019-05-31 08:30:00,1.3605469465255737,2.5042104721069336
2019-05-30,2019-05-31 08:45:00,1.2480469942092896,2.2891879081726074
2019-05-30,2019-05-31 09:00:00,2.3414061069488525,2.0220749378204346
2019-05-30,2019-05-31 09:15:00,1.6488280296325684,1.769884705543518
2019-05-30,2019-05-31 09:30:00,1.089843988418579,1.4935054779052734
2019-05-30,2019-05-31 09:45:00,0.7558590173721313,1.2864586114883423
2019-05-30,2019-05-31 10:00:00,0.8753910064697266,0.9825745820999146
2019-05-30,2019-05-31 10:15:00,0.28125,0.7125579118728638
2019-05-30,2019-05-31 10:30:00,0.3269529938697815,0.5830420851707458
2019-05-30,2019-05-31 10:45:00,0.2214840054512024,0.4173334836959839
2019-05-30,2019-05-31 11:00:00,0.1300780028104782,0.2641235888004303
2019-05-30,2019-05-31 11:15:00,0.0,0.18310227990150452
2019-05-30,2019-05-31 11:30:00,0.0,0.08298522979021072
2019-05-30,2019-05-31 11:45:00,0.0,0.05761636048555374
2019-05-30,2019-05-31 12:00:00,0.0,0.0
2019-05-30,2019-05-31 12:15:00,0.0,0.0
2019-05-30,2019-05-31 12:30:00,0.0,0.0
2019-05-30,2019-05-31 12:45:00,0.0,0.054026227444410324
2019-05-30,2019-05-31 13:00:00,0.0,0.03228083625435829
2019-05-30,2019-05-31 13:15:00,0.0,0.0
2019-05-30,2019-05-31 13:30:00,0.0,0.0
2019-05-30,2019-05-31 13:45:00,0.0,0.0
2019-05-30,2019-05-31 14:00:00,0.0,0.08240648359060287
2019-05-30,2019-05-31 14:15:00,0.0,0.0
2019-05-30,2019-05-31 14:30:00,0.0,0.004297181032598019
2019-05-30,2019-05-31 14:45:00,0.0,0.0
2019-05-30,2019-05-31 15:00:00,0.0,0.009254880249500275
2019-05-30,2019-05-31 15:15:00,0.0,0.0
2019-05-30,2019-05-31 15:30:00,0.0,0.0
2019-05-30,2019-05-31 15:45:00,0.0,0.0
2019-05-30,2019-05-31 16:00:00,0.0,0.0
2019-05-30,2019-05-31 16:15:00,0.0,0.017175761982798576
2019-05-30,2019-05-31 16:30:00,0.0,0.0
2019-05-30,2019-05-31 16:45:00,0.0,0.0
2019-05-30,2019-05-31 17:00:00,0.0,0.0
2019-05-30,2019-05-31 17:15:00,0.0,0.0
2019-05-30,2019-05-31 17:30:00,0.0,0.0
2019-05-30,2019-05-31 17:45:00,0.0,0.0
2019-05-30,2019-05-31 18:00:00,0.0,0.0
2019-05-30,2019-05-31 18:15:00,0.0,0.0
2019-05-30,2019-05-31 18:30:00,0.0,0.0
2019-05-30,2019-05-31 18:45:00,0.0,0.0
2019-05-30,2019-05-31 19:00:00,0.0,0.0
2019-05-30,2019-05-31 19:15:00,0.0,0.0
2019-05-30,2019-05-31 19:30:00,0.0,0.0
2019-05-30,2019-05-31 19:45:00,0.0,0.0
2019-05-30,2019-05-31 20:00:00,0.0,0.0277920663356781
2019-05-30,2019-05-31 20:15:00,0.0,0.0091615105047822
2019-05-30,2019-05-31 20:30:00,0.0,0.01724473014473915
2019-05-30,2019-05-31 20:45:00,0.0,0.0152002377435565
2019-05-30,2019-05-31 21:00:00,0.0,0.0
2019-05-30,2019-05-31 21:15:00,0.0,0.05738307163119316
2019-05-30,2019-05-31 21:30:00,0.0,0.09127727895975113
2019-05-30,2019-05-31 21:45:00,0.0,0.11112859845161438
2019-05-30,2019-05-31 22:00:00,0.07734400033950806,0.17046962678432465
2019-05-30,2019-05-31 22:15:00,0.16875000298023224,0.3304527699947357
2019-05-30,2019-05-31 22:30:00,0.34453099966049194,0.4579453766345978
2019-05-30,2019-05-31 22:45:00,0.29882800579071045,0.602382481098175
2019-05-30,2019-05-31 23:00:00,0.3515619933605194,0.7164860963821411
2019-05-30,2019-05-31 23:15:00,0.29531198740005493,0.9246248006820679
2019-05-30,2019-05-31 23:30:00,0.5238280296325684,1.1165047883987427
2019-05-30,2019-05-31 23:45:00,0.8332030177116394,1.3196979761123657
2018-08-24,2018-08-25 00:00:00,1.321874976158142,0.992232620716095
2018-08-24,2018-08-25 00:15:00,1.5609370470046997,0.9920302629470825
2018-08-24,2018-08-25 00:30:00,1.792968988418579,1.1120296716690063
2018-08-24,2018-08-25 00:45:00,2.0179688930511475,1.1912322044372559
2018-08-24,2018-08-25 01:00:00,2.12343692779541,1.2648377418518066
2018-08-24,2018-08-25 01:15:00,2.4117190837860107,1.3924245834350586
2018-08-24,2018-08-25 01:30:00,2.654297113418579,1.446636438369751
2018-08-24,2018-08-25 01:45:00,2.794922113418579,1.5166114568710327
2018-08-24,2018-08-25 02:00:00,2.9285149574279785,1.569029688835144
2018-08-24,2018-08-25 02:15:00,3.118359088897705,1.6449627876281738
2018-08-24,2018-08-25 02:30:00,3.1957030296325684,1.669531226158142
2018-08-24,2018-08-25 02:45:00,3.462891101837158,1.77889883518219
2018-08-24,2018-08-25 03:00:00,3.5929689407348633,1.8700132369995117
2018-08-24,2018-08-25 03:15:00,3.6140620708465576,1.9072197675704956
2018-08-24,2018-08-25 03:30:00,3.7828121185302734,1.9377059936523438
2018-08-24,2018-08-25 03:45:00,3.526171922683716,1.9804503917694092
2018-08-24,2018-08-25 04:00:00,2.8792970180511475,1.9538499116897583
2018-08-24,2018-08-25 04:15:00,2.496093988418579,1.9957903623580933
2018-08-24,2018-08-25 04:30:00,4.028905868530273,1.9828639030456543
2018-08-24,2018-08-25 04:45:00,3.6949219703674316,1.9811490774154663
2018-08-24,2018-08-25 05:00:00,2.9039061069488525,1.9617810249328613
2018-08-24,2018-08-25 05:15:00,2.415234088897705,1.9258975982666016
2018-08-24,2018-08-25 05:30:00,3.965625047683716,1.9147285223007202
2018-08-24,2018-08-25 05:45:00,3.276561975479126,1.886723518371582
2018-08-24,2018-08-25 06:00:00,3.2132809162139893,1.90852952003479
2018-08-24,2018-08-25 06:15:00,2.629688024520874,1.7572436332702637
2018-08-24,2018-08-25 06:30:00,1.7999999523162842,1.7536470890045166
2018-08-24,2018-08-25 06:45:00,2.583983898162842,1.681753396987915
2018-08-24,2018-08-25 07:00:00,1.9933589696884155,1.6044952869415283
2018-08-24,2018-08-25 07:15:00,1.9160159826278687,1.516760230064392
2018-08-24,2018-08-25 07:30:00,2.7527339458465576,1.4268630743026733
2018-08-24,2018-08-25 07:45:00,1.8878910541534424,1.3083332777023315
2018-08-24,2018-08-25 08:00:00,1.3816410303115845,1.1982983350753784
2018-08-24,2018-08-25 08:15:00,1.8878910541534424,1.1055643558502197
2018-08-24,2018-08-25 08:30:00,1.638280987739563,0.9880996942520142
2018-08-24,2018-08-25 08:45:00,1.160156011581421,0.8269506096839905
2018-08-24,2018-08-25 09:00:00,0.5589839816093445,0.7207158803939819
2018-08-24,2018-08-25 09:15:00,0.8296869993209839,0.5904016494750977
2018-08-24,2018-08-25 09:30:00,0.4429689943790436,0.476905882358551
2018-08-24,2018-08-25 09:45:00,0.33398398756980896,0.36663976311683655
2018-08-24,2018-08-25 10:00:00,0.2355470061302185,0.35993656516075134
2018-08-24,2018-08-25 10:15:00,0.16523399949073792,0.2341299206018448
2018-08-24,2018-08-25 10:30:00,0.03867200016975403,0.15033631026744843
2018-08-24,2018-08-25 10:45:00,0.0,0.14406444132328033
2018-08-24,2018-08-25 11:00:00,0.0,0.0826575756072998
2018-08-24,2018-08-25 11:15:00,0.0,0.08904564380645752
2018-08-24,2018-08-25 11:30:00,0.0,0.00962683092802763
2018-08-24,2018-08-25 11:45:00,0.0,0.012399905361235142
2018-08-24,2018-08-25 12:00:00,0.0,0.0
2018-08-24,2018-08-25 12:15:00,0.0,0.0
2018-08-24,2018-08-25 12:30:00,0.0,0.0
2018-08-24,2018-08-25 12:45:00,0.0,0.018102694302797318
2018-08-24,2018-08-25 13:00:00,0.0,0.0
2018-08-24,2018-08-25 13:15:00,0.0,0.023169800639152527
2018-08-24,2018-08-25 13:30:00,0.0,0.0
2018-08-24,2018-08-25 13:45:00,0.0,0.020393365994095802
2018-08-24,2018-08-25 14:00:00,0.0,0.021868208423256874
2018-08-24,2018-08-25 14:15:00,0.0,0.0
2018-08-24,2018-08-25 14:30:00,0.0,0.008838936686515808
2018-08-24,2018-08-25 14:45:00,0.0,0.019677244126796722
2018-08-24,2018-08-25 15:00:00,0.0,0.0
2018-08-24,2018-08-25 15:15:00,0.0,0.023719172924757004
2018-08-24,2018-08-25 15:30:00,0.0,0.0
2018-08-24,2018-08-25 15:45:00,0.0,0.0
2018-08-24,2018-08-25 16:00:00,0.0,0.015417499467730522
2018-08-24,2018-08-25 16:15:00,0.0,0.01434333249926567
2018-08-24,2018-08-25 16:30:00,0.0,0.013318926095962524
2018-08-24,2018-08-25 16:45:00,0.0,0.0
2018-08-24,2018-08-25 17:00:00,0.0,0.0222619716078043
2018-08-24,2018-08-25 17:15:00,0.0,0.0
2018-08-24,2018-08-25 17:30:00,0.0,0.01812317781150341
2018-08-24,2018-08-25 17:45:00,0.0,0.013955577276647091
2018-08-24,2018-08-25 18:00:00,0.0,0.0
2018-08-24,2018-08-25 18:15:00,0.0,0.0
2018-08-24,2018-08-25 18:30:00,0.0,0.0048656463623046875
2018-08-24,2018-08-25 18:45:00,0.0,0.0
2018-08-24,2018-08-25 19:00:00,0.0,0.0
2018-08-24,2018-08-25 19:15:00,0.0,0.0
2018-08-24,2018-08-25 19:30:00,0.0,0.0
2018-08-24,2018-08-25 19:45:00,0.0,0.0
2018-08-24,2018-08-25 20:00:00,0.0,0.0
2018-08-24,2018-08-25 20:15:00,0.0,0.0
2018-08-24,2018-08-25 20:30:00,0.0,0.0
2018-08-24,2018-08-25 20:45:00,0.0,0.02029823698103428
2018-08-24,2018-08-25 21:00:00,0.0,0.03559040278196335
2018-08-24,2018-08-25 21:15:00,0.0,0.09339753538370132
2018-08-24,2018-08-25 21:30:00,0.0,0.15982584655284882
2018-08-24,2018-08-25 21:45:00,0.0,0.20759029686450958
2018-08-24,2018-08-25 22:00:00,0.0,0.28232938051223755
2018-08-24,2018-08-25 22:15:00,0.031640999019145966,0.40372076630592346
2018-08-24,2018-08-25 22:30:00,0.12304700165987015,0.4929637014865875
2018-08-24,2018-08-25 22:45:00,0.17226600646972656,0.5853378772735596
2018-08-24,2018-08-25 23:00:00,0.3550780117511749,0.6484159827232361
2018-08-24,2018-08-25 23:15:00,0.6503909826278687,0.7497044205665588
2018-08-24,2018-08-25 23:30:00,0.6398440003395081,0.8938350677490234
2018-08-24,2018-08-25 23:45:00,1.068750023841858,0.9352983832359314
2018-08-25,2018-08-26 00:00:00,1.2867189645767212,1.080280065536499
2018-08-25,2018-08-26 00:15:00,1.504686951637268,1.2066842317581177
2018-08-25,2018-08-26 00:30:00,1.7472660541534424,1.469922661781311
2018-08-25,2018-08-26 00:45:00,1.9160159826278687,1.6816720962524414
2018-08-25,2018-08-26 01:00:00,2.1691410541534424,1.8735853433609009
2018-08-25,2018-08-26 01:15:00,2.3097660541534424,2.182887077331543
2018-08-25,2018-08-26 01:30:00,2.636718988418579,2.3005003929138184
2018-08-25,2018-08-26 01:45:00,2.7703120708465576,2.516706705093384
2018-08-25,2018-08-26 02:00:00,2.8722660541534424,2.638230085372925
2018-08-25,2018-08-26 02:15:00,3.086719036102295,2.729343891143799
2018-08-25,2018-08-26 02:30:00,3.1886720657348633,2.7789578437805176
2018-08-25,2018-08-26 02:45:00,3.181641101837158,2.9511232376098633
2018-08-25,2018-08-26 03:00:00,3.3257811069488525,3.0665547847747803
2018-08-25,2018-08-26 03:15:00,3.3785150051116943,3.1302225589752197
2018-08-25,2018-08-26 03:30:00,3.357422113418579,3.0886499881744385
2018-08-25,2018-08-26 03:45:00,3.38906192779541,3.1626834869384766
2018-08-25,2018-08-26 04:00:00,3.403125047683716,3.100391387939453
2018-08-25,2018-08-26 04:15:00,3.4488279819488525,3.1251327991485596
2018-08-25,2018-08-26 04:30:00,3.427733898162842,3.108905792236328
2018-08-25,2018-08-26 04:45:00,3.3960940837860107,3.068110466003418
2018-08-25,2018-08-26 05:00:00,3.2730469703674316,3.0643272399902344
2018-08-25,2018-08-26 05:15:00,3.403125047683716,3.0180859565734863
2018-08-25,2018-08-26 05:30:00,3.364453077316284,2.9544384479522705
2018-08-25,2018-08-26 05:45:00,2.9742190837860107,2.9105162620544434
2018-08-25,2018-08-26 06:00:00,3.058593988418579,2.9215803146362305
2018-08-25,2018-08-26 06:15:00,2.0636720657348633,2.714979410171509
2018-08-25,2018-08-26 06:30:00,2.882812023162842,2.6798346042633057
2018-08-25,2018-08-26 06:45:00,2.443358898162842,2.5511019229888916
2018-08-25,2018-08-26 07:00:00,2.239453077316284,2.4387261867523193
2018-08-25,2018-08-26 07:15:00,2.373047113418579,2.2688794136047363
2018-08-25,2018-08-26 07:30:00,2.151561975479126,2.1431193351745605
2018-08-25,2018-08-26 07:45:00,1.9933589696884155,1.9798508882522583
2018-08-25,2018-08-26 08:00:00,1.7824219465255737,1.7999012470245361
2018-08-25,2018-08-26 08:15:00,1.5785160064697266,1.6182421445846558
2018-08-25,2018-08-26 08:30:00,1.3921869993209839,1.4337691068649292
2018-08-25,2018-08-26 08:45:00,1.019531011581421,1.2447919845581055
2018-08-25,2018-08-26 09:00:00,0.44999998807907104,1.0484037399291992
2018-08-25,2018-08-26 09:15:00,0.42539098858833313,0.8789528608322144
2018-08-25,2018-08-26 09:30:00,0.37968701124191284,0.7169532179832458
2018-08-25,2018-08-26 09:45:00,0.29882800579071045,0.5525658130645752
2018-08-25,2018-08-26 10:00:00,0.291797012090683,0.4647955298423767
2018-08-25,2018-08-26 10:15:00,0.1757809966802597,0.289072722196579
2018-08-25,2018-08-26 10:30:00,0.024608999490737915,0.2557847797870636
2018-08-25,2018-08-26 10:45:00,0.0,0.1654181331396103
2018-08-25,2018-08-26 11:00:00,0.0,0.1331966519355774
2018-08-25,2018-08-26 11:15:00,0.0,0.11441081762313843
2018-08-25,2018-08-26 11:30:00,0.0,0.05369562283158302
2018-08-25,2018-08-26 11:45:00,0.0,0.08826081454753876
2018-08-25,2018-08-26 12:00:00,0.0,0.0638156309723854
2018-08-25,2018-08-26 12:15:00,0.0,0.07619529217481613
2018-08-25,2018-08-26 12:30:00,0.0,0.09199701994657516
2018-08-25,2018-08-26 12:45:00,0.0,0.10736070573329926
2018-08-25,2018-08-26 13:00:00,0.0,0.08934959769248962
2018-08-25,2018-08-26 13:15:00,0.0,0.11494825035333633
2018-08-25,2018-08-26 13:30:00,0.0,0.03409339115023613
2018-08-25,2018-08-26 13:45:00,0.0,0.0857740044593811
2018-08-25,2018-08-26 14:00:00,0.0,0.09794715791940689
2018-08-25,2018-08-26 14:15:00,0.0,0.010796437039971352
2018-08-25,2018-08-26 14:30:00,0.0,0.014583421871066093
2018-08-25,2018-08-26 14:45:00,0.0,0.05029962211847305
2018-08-25,2018-08-26 15:00:00,0.0,0.036671072244644165
2018-08-25,2018-08-26 15:15:00,0.0,0.04586666449904442
2018-08-25,2018-08-26 15:30:00,0.0,0.018106289207935333
2018-08-25,2018-08-26 15:45:00,0.0,0.0
2018-08-25,2018-08-26 16:00:00,0.0,0.0134827746078372
2018-08-25,2018-08-26 16:15:00,0.0,0.01895076408982277
2018-08-25,2018-08-26 16:30:00,0.0,0.005867399740964174
2018-08-25,2018-08-26 16:45:00,0.0,0.0
2018-08-25,2018-08-26 17:00:00,0.0,0.0
2018-08-25,2018-08-26 17:15:00,0.0,0.0
2018-08-25,2018-08-26 17:30:00,0.0,0.0
2018-08-25,2018-08-26 17:45:00,0.0,0.0
2018-08-25,2018-08-26 18:00:00,0.0,0.0
2018-08-25,2018-08-26 18:15:00,0.0,0.0
2018-08-25,2018-08-26 18:30:00,0.0,0.0
2018-08-25,2018-08-26 18:45:00,0.0,0.0
2018-08-25,2018-08-26 19:00:00,0.0,0.0
2018-08-25,2018-08-26 19:15:00,0.0,0.0
2018-08-25,2018-08-26 19:30:00,0.0,0.0
2018-08-25,2018-08-26 19:45:00,0.0,0.0
2018-08-25,2018-08-26 20:00:00,0.0,0.0
2018-08-25,2018-08-26 20:15:00,0.0,0.0
2018-08-25,2018-08-26 20:30:00,0.0,0.0
2018-08-25,2018-08-26 20:45:00,0.0,0.0
2018-08-25,2018-08-26 21:00:00,0.0,0.009355910122394562
2018-08-25,2018-08-26 21:15:00,0.0,0.05220978707075119
2018-08-25,2018-08-26 21:30:00,0.0,0.06317964941263199
2018-08-25,2018-08-26 21:45:00,0.0,0.07241423428058624
2018-08-25,2018-08-26 22:00:00,0.0,0.10979296267032623
2018-08-25,2018-08-26 22:15:00,0.0,0.237904891371727
2018-08-25,2018-08-26 22:30:00,0.20390599966049194,0.2915384769439697
2018-08-25,2018-08-26 22:45:00,0.31992200016975403,0.37103787064552307
2018-08-25,2018-08-26 23:00:00,0.46054700016975403,0.43185028433799744
2018-08-25,2018-08-26 23:15:00,0.6328120231628418,0.565526008605957
2018-08-25,2018-08-26 23:30:00,0.8824219703674316,0.7077121734619141
2018-08-25,2018-08-26 23:45:00,1.125,0.7960790395736694
2018-08-26,2018-08-27 00:00:00,1.2972660064697266,1.2150713205337524
2018-08-26,2018-08-27 00:15:00,1.181249976158142,1.3027292490005493
2018-08-26,2018-08-27 00:30:00,1.8878910541534424,1.506076455116272
2018-08-26,2018-08-27 00:45:00,2.021483898162842,1.6257163286209106
2018-08-26,2018-08-27 01:00:00,2.285156011581421,1.7456631660461426
2018-08-26,2018-08-27 01:15:00,2.478516101837158,1.9448755979537964
2018-08-26,2018-08-27 01:30:00,2.6578121185302734,2.0540621280670166
2018-08-26,2018-08-27 01:45:00,2.8441410064697266,2.1347508430480957
2018-08-26,2018-08-27 02:00:00,3.121875047683716,2.196359157562256
2018-08-26,2018-08-27 02:15:00,3.287108898162842,2.213733196258545
2018-08-26,2018-08-27 02:30:00,2.3097660541534424,2.2548556327819824
2018-08-26,2018-08-27 02:45:00,3.427733898162842,2.2910656929016113
2018-08-26,2018-08-27 03:00:00,2.2113280296325684,2.3579747676849365
2018-08-26,2018-08-27 03:15:00,3.4699220657348633,2.37642765045166
2018-08-26,2018-08-27 03:30:00,3.1500000953674316,2.324770212173462
2018-08-26,2018-08-27 03:45:00,3.410156011581421,2.3430793285369873
2018-08-26,2018-08-27 04:00:00,4.151953220367432,2.2892215251922607
2018-08-26,2018-08-27 04:15:00,3.67031192779541,2.2850301265716553
2018-08-26,2018-08-27 04:30:00,3.5964839458465576,2.2286577224731445
2018-08-26,2018-08-27 04:45:00,3.7230470180511475,2.186509847640991
2018-08-26,2018-08-27 05:00:00,2.5804688930511475,2.168450355529785
2018-08-26,2018-08-27 05:15:00,2.696484088897705,2.040182113647461
2018-08-26,2018-08-27 05:30:00,4.310155868530273,2.0012094974517822
2018-08-26,2018-08-27 05:45:00,2.8441410064697266,1.971453309059143
2018-08-26,2018-08-27 06:00:00,3.4839839935302734,1.9163140058517456
2018-08-26,2018-08-27 06:15:00,3.5964839458465576,1.730244755744934
2018-08-26,2018-08-27 06:30:00,3.3363280296325684,1.7133491039276123
2018-08-26,2018-08-27 06:45:00,3.367969036102295,1.5912338495254517
2018-08-26,2018-08-27 07:00:00,3.0269529819488525,1.4598793983459473
2018-08-26,2018-08-27 07:15:00,3.0550780296325684,1.3501273393630981
2018-08-26,2018-08-27 07:30:00,2.8968749046325684,1.2390700578689575
2018-08-26,2018-08-27 07:45:00,2.7351560592651367,1.0767396688461304
2018-08-26,2018-08-27 08:00:00,2.3765621185302734,0.9613869190216064
2018-08-26,2018-08-27 08:15:00,1.7015620470046997,0.8677875995635986
2018-08-26,2018-08-27 08:30:00,2.2886719703674316,0.71831214427948
2018-08-26,2018-08-27 08:45:00,2.0144529342651367,0.604182243347168
2018-08-26,2018-08-27 09:00:00,0.6679689884185791,0.504511833190918
2018-08-26,2018-08-27 09:15:00,0.5695310235023499,0.37825843691825867
2018-08-26,2018-08-27 09:30:00,0.5695310235023499,0.2867439389228821
2018-08-26,2018-08-27 09:45:00,0.4921880066394806,0.1775081753730774
2018-08-26,2018-08-27 10:00:00,0.42890599370002747,0.16277466714382172
2018-08-26,2018-08-27 10:15:00,0.15820300579071045,0.05736326798796654
2018-08-26,2018-08-27 10:30:00,0.03515600040555,0.02362375520169735
2018-08-26,2018-08-27 10:45:00,0.0,0.0043165422976017
2018-08-26,2018-08-27 11:00:00,0.0,0.003526731627061963
2018-08-26,2018-08-27 11:15:00,0.0,0.011079465970396996
2018-08-26,2018-08-27 11:30:00,0.0,0.0
2018-08-26,2018-08-27 11:45:00,0.0,0.0
2018-08-26,2018-08-27 12:00:00,0.0,0.0
2018-08-26,2018-08-27 12:15:00,0.0,0.003926482051610947
2018-08-26,2018-08-27 12:30:00,0.0,0.02192510850727558
2018-08-26,2018-08-27 12:45:00,0.0,0.04635670781135559
2018-08-26,2018-08-27 13:00:00,0.0,0.03957899287343025
2018-08-26,2018-08-27 13:15:00,0.0,0.05823517218232155
2018-08-26,2018-08-27 13:30:00,0.0,0.020680395886301994
2018-08-26,2018-08-27 13:45:00,0.0,0.033595599234104156
2018-08-26,2018-08-27 14:00:00,0.0,0.055671658366918564
2018-08-26,2018-08-27 14:15:00,0.0,0.018605710938572884
2018-08-26,2018-08-27 14:30:00,0.0,0.00274428678676486
2018-08-26,2018-08-27 14:45:00,0.0,0.0
2018-08-26,2018-08-27 15:00:00,0.0,0.001836808049120009
2018-08-26,2018-08-27 15:15:00,0.0,0.00513567216694355
2018-08-26,2018-08-27 15:30:00,0.0,0.0
2018-08-26,2018-08-27 15:45:00,0.0,0.0
2018-08-26,2018-08-27 16:00:00,0.0,0.0
2018-08-26,2018-08-27 16:15:00,0.0,0.0
2018-08-26,2018-08-27 16:30:00,0.0,0.0
2018-08-26,2018-08-27 16:45:00,0.0,0.0
2018-08-26,2018-08-27 17:00:00,0.0,0.0
2018-08-26,2018-08-27 17:15:00,0.0,0.0
2018-08-26,2018-08-27 17:30:00,0.0,0.0
2018-08-26,2018-08-27 17:45:00,0.0,0.0
2018-08-26,2018-08-27 18:00:00,0.0,0.0
2018-08-26,2018-08-27 18:15:00,0.0,0.0
2018-08-26,2018-08-27 18:30:00,0.0,0.0
2018-08-26,2018-08-27 18:45:00,0.0,0.0
2018-08-26,2018-08-27 19:00:00,0.0,0.0
2018-08-26,2018-08-27 19:15:00,0.0,0.0
2018-08-26,2018-08-27 19:30:00,0.0,0.0
2018-08-26,2018-08-27 19:45:00,0.0,0.0
2018-08-26,2018-08-27 20:00:00,0.0,0.0
2018-08-26,2018-08-27 20:15:00,0.0,0.0
2018-08-26,2018-08-27 20:30:00,0.0,0.0
2018-08-26,2018-08-27 20:45:00,0.0,0.0
2018-08-26,2018-08-27 21:00:00,0.0,0.0
2018-08-26,2018-08-27 21:15:00,0.0,0.0
2018-08-26,2018-08-27 21:30:00,0.0,0.03161223232746124
2018-08-26,2018-08-27 21:45:00,0.0,0.048139333724975586
2018-08-26,2018-08-27 22:00:00,0.003515999997034669,0.13027417659759521
2018-08-26,2018-08-27 22:15:00,0.0,0.26171019673347473
2018-08-26,2018-08-27 22:30:00,0.19687500596046448,0.3397965431213379
2018-08-26,2018-08-27 22:45:00,0.31992200016975403,0.38733619451522827
2018-08-26,2018-08-27 23:00:00,0.3410159945487976,0.5175182819366455
2018-08-26,2018-08-27 23:15:00,0.5519530177116394,0.6473318934440613
2018-08-26,2018-08-27 23:30:00,0.5660160183906555,0.8143549561500549
2018-08-26,2018-08-27 23:45:00,0.731249988079071,0.909413754940033
2018-08-27,2018-08-28 00:00:00,0.935155987739563,1.1198474168777466
2018-08-27,2018-08-28 00:15:00,1.8738280534744263,1.2962522506713867
2018-08-27,2018-08-28 00:30:00,1.2269530296325684,1.5448075532913208
2018-08-27,2018-08-28 00:45:00,1.4660160541534424,1.7406251430511475
2018-08-27,2018-08-28 01:00:00,1.7507810592651367,1.9514330625534058
2018-08-27,2018-08-28 01:15:00,2.742187976837158,2.204040288925171
2018-08-27,2018-08-28 01:30:00,2.8441410064697266,2.315772771835327
2018-08-27,2018-08-28 01:45:00,3.065624952316284,2.5468811988830566
2018-08-27,2018-08-28 02:00:00,3.258984088897705,2.634561061859131
2018-08-27,2018-08-28 02:15:00,3.4066410064697266,2.681025505065918
2018-08-27,2018-08-28 02:30:00,3.5999999046325684,2.7309465408325195
2018-08-27,2018-08-28 02:45:00,3.628124952316284,2.8338019847869873
2018-08-27,2018-08-28 03:00:00,3.6597650051116943,2.924865961074829
2018-08-27,2018-08-28 03:15:00,3.7335939407348633,2.98600435256958
2018-08-27,2018-08-28 03:30:00,3.789844036102295,2.983397960662842
2018-08-27,2018-08-28 03:45:00,3.7828121185302734,3.0513498783111572
2018-08-27,2018-08-28 04:00:00,3.867187976837158,2.992082357406616
2018-08-27,2018-08-28 04:15:00,3.825000047683716,3.0364201068878174
2018-08-27,2018-08-28 04:30:00,3.786328077316284,2.975355625152588
2018-08-27,2018-08-28 04:45:00,3.796875,2.9745616912841797
2018-08-27,2018-08-28 05:00:00,3.744141101837158,2.965595006942749
2018-08-27,2018-08-28 05:15:00,3.6527340412139893,2.940408229827881
2018-08-27,2018-08-28 05:30:00,3.628124952316284,2.9058291912078857
2018-08-27,2018-08-28 05:45:00,3.5964839458465576,2.852351427078247
2018-08-27,2018-08-28 06:00:00,3.515625,2.88521671295166
2018-08-27,2018-08-28 06:15:00,3.4347660541534424,2.7053287029266357
2018-08-27,2018-08-28 06:30:00,3.3257811069488525,2.6906750202178955
2018-08-27,2018-08-28 06:45:00,3.1851561069488525,2.565537452697754
2018-08-27,2018-08-28 07:00:00,3.0164060592651367,2.425023078918457
2018-08-27,2018-08-28 07:15:00,2.840625047683716,2.2344961166381836
2018-08-27,2018-08-28 07:30:00,2.629688024520874,2.160781145095825
2018-08-27,2018-08-28 07:45:00,2.425781011581421,1.9351434707641602
2018-08-27,2018-08-28 08:00:00,2.1832029819488525,1.7032328844070435
2018-08-27,2018-08-28 08:15:00,1.9160159826278687,1.5189549922943115
2018-08-27,2018-08-28 08:30:00,1.680469036102295,1.299951195716858
2018-08-27,2018-08-28 08:45:00,1.4449219703674316,1.0850435495376587
2018-08-27,2018-08-28 09:00:00,1.1496089696884155,0.8674484491348267
2018-08-27,2018-08-28 09:15:00,0.9246090054512024,0.7009668350219727
2018-08-27,2018-08-28 09:30:00,0.6785159707069397,0.494335800409317
2018-08-27,2018-08-28 09:45:00,0.4781250059604645,0.3517472743988037
2018-08-27,2018-08-28 10:00:00,0.3023439943790436,0.2040160447359085
2018-08-27,2018-08-28 10:15:00,0.16171899437904358,0.08155069500207901
2018-08-27,2018-08-28 10:30:00,0.03867200016975403,0.04495580121874809
2018-08-27,2018-08-28 10:45:00,0.0,0.011213326826691628
2018-08-27,2018-08-28 11:00:00,0.0,0.0
2018-08-27,2018-08-28 11:15:00,0.0,0.0
2018-08-27,2018-08-28 11:30:00,0.0,0.0
2018-08-27,2018-08-28 11:45:00,0.0,0.008584733121097088
2018-08-27,2018-08-28 12:00:00,0.0,0.002928746398538351
2018-08-27,2018-08-28 12:15:00,0.0,0.003023530123755336
2018-08-27,2018-08-28 12:30:00,0.0,0.04574788734316826
2018-08-27,2018-08-28 12:45:00,0.0,0.08546630293130875
2018-08-27,2018-08-28 13:00:00,0.0,0.05281519517302513
2018-08-27,2018-08-28 13:15:00,0.0,0.060439880937337875
2018-08-27,2018-08-28 13:30:00,0.0,0.02462134324014187
2018-08-27,2018-08-28 13:45:00,0.0,0.05722687765955925
2018-08-27,2018-08-28 14:00:00,0.0,0.03973660618066788
2018-08-27,2018-08-28 14:15:00,0.0,0.0
2018-08-27,2018-08-28 14:30:00,0.0,0.019221961498260498
2018-08-27,2018-08-28 14:45:00,0.0,0.03351373225450516
2018-08-27,2018-08-28 15:00:00,0.0,0.0
2018-08-27,2018-08-28 15:15:00,0.0,0.043107770383358
2018-08-27,2018-08-28 15:30:00,0.0,0.007029935717582703
2018-08-27,2018-08-28 15:45:00,0.0,0.01640878990292549
2018-08-27,2018-08-28 16:00:00,0.0,0.035085249692201614
2018-08-27,2018-08-28 16:15:00,0.0,0.05090341344475746
2018-08-27,2018-08-28 16:30:00,0.0,0.04912298172712326
2018-08-27,2018-08-28 16:45:00,0.0,0.016823995858430862
2018-08-27,2018-08-28 17:00:00,0.0,0.0
2018-08-27,2018-08-28 17:15:00,0.0,0.0
2018-08-27,2018-08-28 17:30:00,0.0,0.0
2018-08-27,2018-08-28 17:45:00,0.0,0.0
2018-08-27,2018-08-28 18:00:00,0.0,0.0
2018-08-27,2018-08-28 18:15:00,0.0,0.0
2018-08-27,2018-08-28 18:30:00,0.0,0.0
2018-08-27,2018-08-28 18:45:00,0.0,0.0
2018-08-27,2018-08-28 19:00:00,0.0,0.0
2018-08-27,2018-08-28 19:15:00,0.0,0.0
2018-08-27,2018-08-28 19:30:00,0.0,0.0
2018-08-27,2018-08-28 19:45:00,0.0,0.015127443708479404
2018-08-27,2018-08-28 20:00:00,0.0,0.03589816391468048
2018-08-27,2018-08-28 20:15:00,0.0,0.014615765772759914
2018-08-27,2018-08-28 20:30:00,0.0,0.06730079650878906
2018-08-27,2018-08-28 20:45:00,0.0,0.06496863067150116
2018-08-27,2018-08-28 21:00:00,0.0,0.05038026347756386
2018-08-27,2018-08-28 21:15:00,0.0,0.06560155749320984
2018-08-27,2018-08-28 21:30:00,0.0,0.11143942922353745
2018-08-27,2018-08-28 21:45:00,0.0,0.05149959400296211
2018-08-27,2018-08-28 22:00:00,0.0,0.07517746090888977
2018-08-27,2018-08-28 22:15:00,0.0,0.14464382827281952
2018-08-27,2018-08-28 22:30:00,0.0,0.16662836074829102
2018-08-27,2018-08-28 22:45:00,0.21796900033950806,0.22381436824798584
2018-08-27,2018-08-28 23:00:00,0.3164060115814209,0.26003724336624146
2018-08-27,2018-08-28 23:15:00,0.3058589994907379,0.3373320698738098
2018-08-27,2018-08-28 23:30:00,0.28125,0.4533759653568268
2018-08-27,2018-08-28 23:45:00,0.4007810056209564,0.5884482860565186
2018-08-28,2018-08-29 00:00:00,0.28828099370002747,0.6459476947784424
2018-08-28,2018-08-29 00:15:00,0.5203120112419128,0.7224252223968506
2018-08-28,2018-08-29 00:30:00,0.7593749761581421,0.8936307430267334
2018-08-28,2018-08-29 00:45:00,1.0863280296325684,1.0153073072433472
2018-08-28,2018-08-29 01:00:00,1.3816410303115845,1.1393100023269653
2018-08-28,2018-08-29 01:15:00,2.566406011581421,1.3065602779388428
2018-08-28,2018-08-29 01:30:00,2.3871090412139893,1.4384567737579346
2018-08-28,2018-08-29 01:45:00,2.292186975479126,1.5074454545974731
2018-08-28,2018-08-29 02:00:00,2.4398438930511475,1.5879946947097778
2018-08-28,2018-08-29 02:15:00,2.759766101837158,1.6681462526321411
2018-08-28,2018-08-29 02:30:00,3.7828121185302734,1.72176194190979
2018-08-28,2018-08-29 02:45:00,3.786328077316284,1.7897394895553589
2018-08-28,2018-08-29 03:00:00,3.7722649574279785,1.8549548387527466
2018-08-28,2018-08-29 03:15:00,3.638672113418579,1.9069637060165405
2018-08-28,2018-08-29 03:30:00,3.7546870708465576,1.9194897413253784
2018-08-28,2018-08-29 03:45:00,3.779297113418579,1.9228620529174805
2018-08-28,2018-08-29 04:00:00,3.67031192779541,1.8801672458648682
2018-08-28,2018-08-29 04:15:00,3.6140620708465576,1.8990496397018433
2018-08-28,2018-08-29 04:30:00,3.726562023162842,1.8405863046646118
2018-08-28,2018-08-29 04:45:00,3.2941410541534424,1.8462105989456177
2018-08-28,2018-08-29 05:00:00,3.5753910541534424,1.8280572891235352
2018-08-28,2018-08-29 05:15:00,3.462891101837158,1.7795655727386475
2018-08-28,2018-08-29 05:30:00,3.3292970657348633,1.7510457038879395
2018-08-28,2018-08-29 05:45:00,3.4382810592651367,1.7500011920928955
2018-08-28,2018-08-29 06:00:00,3.5894529819488525,1.7467507123947144
2018-08-28,2018-08-29 06:15:00,3.5015621185302734,1.6163495779037476
2018-08-28,2018-08-29 06:30:00,3.375,1.6615005731582642
2018-08-28,2018-08-29 06:45:00,3.2554690837860107,1.568497896194458
2018-08-28,2018-08-29 07:00:00,3.086719036102295,1.5041457414627075
2018-08-28,2018-08-29 07:15:00,2.924999952316284,1.450132966041565
2018-08-28,2018-08-29 07:30:00,2.682421922683716,1.3877476453781128
2018-08-28,2018-08-29 07:45:00,2.460937976837158,1.2799785137176514
2018-08-28,2018-08-29 08:00:00,2.197266101837158,1.1907480955123901
2018-08-28,2018-08-29 08:15:00,1.9828120470046997,1.1259359121322632
2018-08-28,2018-08-29 08:30:00,1.694530963897705,1.0099294185638428
2018-08-28,2018-08-29 08:45:00,1.3957029581069946,0.9036841988563538
2018-08-28,2018-08-29 09:00:00,1.1988279819488525,0.793475329875946
2018-08-28,2018-08-29 09:15:00,0.9492189884185791,0.6830310225486755
2018-08-28,2018-08-29 09:30:00,0.7207030057907104,0.5759178400039673
2018-08-28,2018-08-29 09:45:00,0.4886719882488251,0.4446517825126648
2018-08-28,2018-08-29 10:00:00,0.3164060115814209,0.3910037875175476
2018-08-28,2018-08-29 10:15:00,0.17226600646972656,0.26290363073349
2018-08-28,2018-08-29 10:30:00,0.03867200016975403,0.21380013227462769
2018-08-28,2018-08-29 10:45:00,0.0,0.15447638928890228
2018-08-28,2018-08-29 11:00:00,0.0,0.09691916406154633
2018-08-28,2018-08-29 11:15:00,0.0,0.0894307866692543
2018-08-28,2018-08-29 11:30:00,0.0,0.00019867171067744493
2018-08-28,2018-08-29 11:45:00,0.0,0.0015929125947877765
2018-08-28,2018-08-29 12:00:00,0.0,0.013059007935225964
2018-08-28,2018-08-29 12:15:00,0.0,0.0
2018-08-28,2018-08-29 12:30:00,0.0,0.0
2018-08-28,2018-08-29 12:45:00,0.0,0.01775336265563965
2018-08-28,2018-08-29 13:00:00,0.0,0.015987461432814598
2018-08-28,2018-08-29 13:15:00,0.0,0.008306477218866348
2018-08-28,2018-08-29 13:30:00,0.0,0.00989439059048891
2018-08-28,2018-08-29 13:45:00,0.0,0.0
2018-08-28,2018-08-29 14:00:00,0.0,0.023544326424598694
2018-08-28,2018-08-29 14:15:00,0.0,0.0032007729168981314
2018-08-28,2018-08-29 14:30:00,0.0,0.0
2018-08-28,2018-08-29 14:45:00,0.0,0.0
2018-08-28,2018-08-29 15:00:00,0.0,0.0
2018-08-28,2018-08-29 15:15:00,0.0,0.0
2018-08-28,2018-08-29 15:30:00,0.0,0.0
2018-08-28,2018-08-29 15:45:00,0.0,0.0
2018-08-28,2018-08-29 16:00:00,0.0,0.0
2018-08-28,2018-08-29 16:15:00,0.0,0.0018330634338781238
2018-08-28,2018-08-29 16:30:00,0.0,0.0
2018-08-28,2018-08-29 16:45:00,0.0,0.0
2018-08-28,2018-08-29 17:00:00,0.0,0.0
2018-08-28,2018-08-29 17:15:00,0.0,0.0
2018-08-28,2018-08-29 17:30:00,0.0,0.0
2018-08-28,2018-08-29 17:45:00,0.0,0.0
2018-08-28,2018-08-29 18:00:00,0.0,0.0
2018-08-28,2018-08-29 18:15:00,0.0,0.0
2018-08-28,2018-08-29 18:30:00,0.0,0.0
2018-08-28,2018-08-29 18:45:00,0.0,0.0
2018-08-28,2018-08-29 19:00:00,0.0,0.0
2018-08-28,2018-08-29 19:15:00,0.0,0.0
2018-08-28,2018-08-29 19:30:00,0.0,0.0
2018-08-28,2018-08-29 19:45:00,0.0,0.0
2018-08-28,2018-08-29 20:00:00,0.0,0.0
2018-08-28,2018-08-29 20:15:00,0.0,0.0
2018-08-28,2018-08-29 20:30:00,0.0,0.0
2018-08-28,2018-08-29 20:45:00,0.0,0.0
2018-08-28,2018-08-29 21:00:00,0.0,0.0
2018-08-28,2018-08-29 21:15:00,0.0,0.0
2018-08-28,2018-08-29 21:30:00,0.0,0.06136341020464897
2018-08-28,2018-08-29 21:45:00,0.0,0.08800340443849564
2018-08-28,2018-08-29 22:00:00,0.0,0.12707416713237762
2018-08-28,2018-08-29 22:15:00,0.0,0.21392162144184113
2018-08-28,2018-08-29 22:30:00,0.2003909945487976,0.2811577618122101
2018-08-28,2018-08-29 22:45:00,0.34453099966049194,0.32184696197509766
2018-08-28,2018-08-29 23:00:00,0.46406298875808716,0.40403276681900024
2018-08-28,2018-08-29 23:15:00,0.6328120231628418,0.5030083656311035
2018-08-28,2018-08-29 23:30:00,0.9597659707069397,0.6223365664482117
2018-08-28,2018-08-29 23:45:00,0.9140620231628418,0.6990222930908203
2018-08-29,2018-08-30 00:00:00,0.935155987739563,1.141294240951538
2018-08-29,2018-08-30 00:15:00,0.7347660064697266,1.2505645751953125
2018-08-29,2018-08-30 00:30:00,1.694530963897705,1.4347316026687622
2018-08-29,2018-08-30 00:45:00,1.033594012260437,1.5288183689117432
2018-08-29,2018-08-30 01:00:00,1.3746089935302734,1.6516079902648926
2018-08-29,2018-08-30 01:15:00,2.348438024520874,1.8135393857955933
2018-08-29,2018-08-30 01:30:00,1.4695310592651367,1.9091613292694092
2018-08-29,2018-08-30 01:45:00,1.5222660303115845,1.9916114807128906
2018-08-29,2018-08-30 02:00:00,1.4378910064697266,2.0050086975097656
2018-08-29,2018-08-30 02:15:00,1.2867189645767212,2.0329675674438477
2018-08-29,2018-08-30 02:30:00,1.1953120231628418,2.041267156600952
2018-08-29,2018-08-30 02:45:00,1.223436951637268,2.052527904510498
2018-08-29,2018-08-30 03:00:00,1.821094036102295,2.087573528289795
2018-08-29,2018-08-30 03:15:00,1.4097659587860107,2.1038577556610107
2018-08-29,2018-08-30 03:30:00,0.9597659707069397,2.074885845184326
2018-08-29,2018-08-30 03:45:00,1.0019530057907104,2.0651016235351562
2018-08-29,2018-08-30 04:00:00,0.9984380006790161,2.0102486610412598
2018-08-29,2018-08-30 04:15:00,1.2550779581069946,2.0280747413635254
2018-08-29,2018-08-30 04:30:00,1.8914060592651367,1.9550623893737793
2018-08-29,2018-08-30 04:45:00,1.3183590173721313,1.9602049589157104
2018-08-29,2018-08-30 05:00:00,1.2445310354232788,1.897529125213623
2018-08-29,2018-08-30 05:15:00,1.3324220180511475,1.8101376295089722
2018-08-29,2018-08-30 05:30:00,1.230468988418579,1.7380008697509766
2018-08-29,2018-08-30 05:45:00,0.9386720061302185,1.674182653427124
2018-08-29,2018-08-30 06:00:00,0.9773439764976501,1.630232572555542
2018-08-29,2018-08-30 06:15:00,1.2867189645767212,1.4310935735702515
2018-08-29,2018-08-30 06:30:00,1.167186975479126,1.3871088027954102
2018-08-29,2018-08-30 06:45:00,1.1636719703674316,1.227783203125
2018-08-29,2018-08-30 07:00:00,0.935155987739563,1.0619752407073975
2018-08-29,2018-08-30 07:15:00,0.892969012260437,0.9362364411354065
2018-08-29,2018-08-30 07:30:00,1.0054689645767212,0.8031705617904663
2018-08-29,2018-08-30 07:45:00,1.8492189645767212,0.6356813311576843
2018-08-29,2018-08-30 08:00:00,1.089843988418579,0.5204282999038696
2018-08-29,2018-08-30 08:15:00,1.4941409826278687,0.41780924797058105
2018-08-29,2018-08-30 08:30:00,0.963280975818634,0.3265102505683899
2018-08-29,2018-08-30 08:45:00,0.5378909707069397,0.23304177820682526
2018-08-29,2018-08-30 09:00:00,0.24960899353027344,0.171089306473732
2018-08-29,2018-08-30 09:15:00,0.16171899437904358,0.1254539042711258
2018-08-29,2018-08-30 09:30:00,0.042187999933958054,0.06045002490282059
2018-08-29,2018-08-30 09:45:00,0.052733998745679855,0.008832404389977455
2018-08-29,2018-08-30 10:00:00,0.010546999983489513,0.0
2018-08-29,2018-08-30 10:15:00,0.0,0.0
2018-08-29,2018-08-30 10:30:00,0.0,0.0
2018-08-29,2018-08-30 10:45:00,0.0,0.0
2018-08-29,2018-08-30 11:00:00,0.0,0.0
2018-08-29,2018-08-30 11:15:00,0.0,0.007800436578691006
2018-08-29,2018-08-30 11:30:00,0.0,0.0
2018-08-29,2018-08-30 11:45:00,0.0,0.0034092485439032316
2018-08-29,2018-08-30 12:00:00,0.0,0.019656367599964142
2018-08-29,2018-08-30 12:15:00,0.0,0.015176967717707157
2018-08-29,2018-08-30 12:30:00,0.0,0.018232563510537148
2018-08-29,2018-08-30 12:45:00,0.0,0.029206208884716034
2018-08-29,2018-08-30 13:00:00,0.0,0.019394852221012115
2018-08-29,2018-08-30 13:15:00,0.0,0.02781418338418007
2018-08-29,2018-08-30 13:30:00,0.0,0.019971156492829323
2018-08-29,2018-08-30 13:45:00,0.0,0.024812772870063782
2018-08-29,2018-08-30 14:00:00,0.0,0.0330025888979435
2018-08-29,2018-08-30 14:15:00,0.0,0.004944613203406334
2018-08-29,2018-08-30 14:30:00,0.0,0.010399299673736095
2018-08-29,2018-08-30 14:45:00,0.0,0.03037617728114128
2018-08-29,2018-08-30 15:00:00,0.0,0.0
2018-08-29,2018-08-30 15:15:00,0.0,0.014429829083383083
2018-08-29,2018-08-30 15:30:00,0.0,0.0005468872841447592
2018-08-29,2018-08-30 15:45:00,0.0,0.0
2018-08-29,2018-08-30 16:00:00,0.0,0.0007262957515195012
2018-08-29,2018-08-30 16:15:00,0.0,0.001118495361879468
2018-08-29,2018-08-30 16:30:00,0.0,0.0
2018-08-29,2018-08-30 16:45:00,0.0,0.0
2018-08-29,2018-08-30 17:00:00,0.0,0.0
2018-08-29,2018-08-30 17:15:00,0.0,0.0
2018-08-29,2018-08-30 17:30:00,0.0,0.0
2018-08-29,2018-08-30 17:45:00,0.0,0.0
2018-08-29,2018-08-30 18:00:00,0.0,0.0
2018-08-29,2018-08-30 18:15:00,0.0,0.0
2018-08-29,2018-08-30 18:30:00,0.0,0.0
2018-08-29,2018-08-30 18:45:00,0.0,0.0
2018-08-29,2018-08-30 19:00:00,0.0,0.0
2018-08-29,2018-08-30 19:15:00,0.0,0.0
2018-08-29,2018-08-30 19:30:00,0.0,0.0
2018-08-29,2018-08-30 19:45:00,0.0,0.0
2018-08-29,2018-08-30 20:00:00,0.0,0.0
2018-08-29,2018-08-30 20:15:00,0.0,0.0
2018-08-29,2018-08-30 20:30:00,0.0,0.0
2018-08-29,2018-08-30 20:45:00,0.0,0.0
2018-08-29,2018-08-30 21:00:00,0.0,0.0
2018-08-29,2018-08-30 21:15:00,0.0,0.0
2018-08-29,2018-08-30 21:30:00,0.0,0.0
2018-08-29,2018-08-30 21:45:00,0.0,0.0188578050583601
2018-08-29,2018-08-30 22:00:00,0.0,0.045399170368909836
2018-08-29,2018-08-30 22:15:00,0.0,0.11941010504961014
2018-08-29,2018-08-30 22:30:00,0.024608999490737915,0.16470259428024292
2018-08-29,2018-08-30 22:45:00,0.07734400033950806,0.2140911966562271
2018-08-29,2018-08-30 23:00:00,0.26367199420928955,0.25721773505210876
2018-08-29,2018-08-30 23:15:00,0.23906299471855164,0.3412037491798401
2018-08-29,2018-08-30 23:30:00,0.291797012090683,0.4648476243019104
2018-08-29,2018-08-30 23:45:00,0.30937498807907104,0.5493614673614502
2018-08-30,2018-08-31 00:00:00,0.411327987909317,0.5910780429840088
2018-08-30,2018-08-31 00:15:00,0.5730469822883606,0.6645262837409973
2018-08-30,2018-08-31 00:30:00,0.5378909707069397,0.7644412517547607
2018-08-30,2018-08-31 00:45:00,0.4816409945487976,0.8684837818145752
2018-08-30,2018-08-31 01:00:00,1.1285159587860107,0.9403902292251587
2018-08-30,2018-08-31 01:15:00,1.1917970180511475,1.100386142730713
2018-08-30,2018-08-31 01:30:00,1.2761720418930054,1.1635606288909912
2018-08-30,2018-08-31 01:45:00,0.5695310235023499,1.2331525087356567
2018-08-30,2018-08-31 02:00:00,0.4675779938697815,1.2978788614273071
2018-08-30,2018-08-31 02:15:00,0.48515599966049194,1.3360610008239746
2018-08-30,2018-08-31 02:30:00,0.9667969942092896,1.3606079816818237
2018-08-30,2018-08-31 02:45:00,1.8175779581069946,1.468640685081482
2018-08-30,2018-08-31 03:00:00,2.091797113418579,1.5325980186462402
2018-08-30,2018-08-31 03:15:00,1.722656011581421,1.5986788272857666
2018-08-30,2018-08-31 03:30:00,1.0933589935302734,1.6055127382278442
2018-08-30,2018-08-31 03:45:00,1.1460939645767212,1.6829867362976074
2018-08-30,2018-08-31 04:00:00,1.364061951637268,1.6592674255371094
2018-08-30,2018-08-31 04:15:00,1.3746089935302734,1.7384077310562134
2018-08-30,2018-08-31 04:30:00,1.132030963897705,1.7452096939086914
2018-08-30,2018-08-31 04:45:00,0.5800780057907104,1.8228355646133423
2018-08-30,2018-08-31 05:00:00,0.7875000238418579,1.82895827293396
2018-08-30,2018-08-31 05:15:00,0.7101560235023499,1.8369865417480469
2018-08-30,2018-08-31 05:30:00,0.5554689764976501,1.8378137350082397
2018-08-30,2018-08-31 05:45:00,0.6328120231628418,1.8751198053359985
2018-08-30,2018-08-31 06:00:00,1.1109369993209839,1.9293498992919922
2018-08-30,2018-08-31 06:15:00,1.082811951637268,1.8266420364379883
2018-08-30,2018-08-31 06:30:00,0.9210940003395081,1.8787753582000732
2018-08-30,2018-08-31 06:45:00,0.8402339816093445,1.7976353168487549
2018-08-30,2018-08-31 07:00:00,0.6398440003395081,1.7397706508636475
2018-08-30,2018-08-31 07:15:00,0.7628909945487976,1.6580712795257568
2018-08-30,2018-08-31 07:30:00,0.8789060115814209,1.57856023311615
2018-08-30,2018-08-31 07:45:00,0.6292970180511475,1.476075530052185
2018-08-30,2018-08-31 08:00:00,0.4464839994907379,1.382743239402771
2018-08-30,2018-08-31 08:15:00,0.3621090054512024,1.2623249292373657
2018-08-30,2018-08-31 08:30:00,0.37968701124191284,1.1249723434448242
2018-08-30,2018-08-31 08:45:00,0.42890599370002747,0.9518985152244568
2018-08-30,2018-08-31 09:00:00,0.3023439943790436,0.8659893274307251
2018-08-30,2018-08-31 09:15:00,0.21445299685001373,0.7472708821296692
2018-08-30,2018-08-31 09:30:00,0.18984399735927582,0.6231642365455627
2018-08-30,2018-08-31 09:45:00,0.049219001084566116,0.5104218125343323
2018-08-30,2018-08-31 10:00:00,0.049219001084566116,0.5052116513252258
2018-08-30,2018-08-31 10:15:00,0.010546999983489513,0.38143390417099
2018-08-30,2018-08-31 10:30:00,0.0,0.30752649903297424
2018-08-30,2018-08-31 10:45:00,0.0,0.2776394784450531
2018-08-30,2018-08-31 11:00:00,0.0,0.19762691855430603
2018-08-30,2018-08-31 11:15:00,0.0,0.18129292130470276
2018-08-30,2018-08-31 11:30:00,0.0,0.13731637597084045
2018-08-30,2018-08-31 11:45:00,0.0,0.12198688089847565
2018-08-30,2018-08-31 12:00:00,0.0,0.0793348029255867
2018-08-30,2018-08-31 12:15:00,0.0,0.011445165611803532
2018-08-30,2018-08-31 12:30:00,0.0,0.026207372546195984
2018-08-30,2018-08-31 12:45:00,0.0,0.012238622643053532
2018-08-30,2018-08-31 13:00:00,0.0,0.004479552153497934
2018-08-30,2018-08-31 13:15:00,0.0,0.003143975744023919
2018-08-30,2018-08-31 13:30:00,0.0,0.0
2018-08-30,2018-08-31 13:45:00,0.0,0.0
2018-08-30,2018-08-31 14:00:00,0.0,0.05480547249317169
2018-08-30,2018-08-31 14:15:00,0.0,0.0
2018-08-30,2018-08-31 14:30:00,0.0,0.025411050766706467
2018-08-30,2018-08-31 14:45:00,0.0,0.0
2018-08-30,2018-08-31 15:00:00,0.0,0.0
2018-08-30,2018-08-31 15:15:00,0.0,0.0
2018-08-30,2018-08-31 15:30:00,0.0,0.0
2018-08-30,2018-08-31 15:45:00,0.0,0.0
2018-08-30,2018-08-31 16:00:00,0.0,0.0
2018-08-30,2018-08-31 16:15:00,0.0,0.0
2018-08-30,2018-08-31 16:30:00,0.0,0.0
2018-08-30,2018-08-31 16:45:00,0.0,0.0
2018-08-30,2018-08-31 17:00:00,0.0,0.0
2018-08-30,2018-08-31 17:15:00,0.0,0.0
2018-08-30,2018-08-31 17:30:00,0.0,0.0
2018-08-30,2018-08-31 17:45:00,0.0,0.0
2018-08-30,2018-08-31 18:00:00,0.0,0.0
2018-08-30,2018-08-31 18:15:00,0.0,0.0
2018-08-30,2018-08-31 18:30:00,0.0,0.0
2018-08-30,2018-08-31 18:45:00,0.0,0.0
2018-08-30,2018-08-31 19:00:00,0.0,0.0
2018-08-30,2018-08-31 19:15:00,0.0,0.0
2018-08-30,2018-08-31 19:30:00,0.0,0.0
2018-08-30,2018-08-31 19:45:00,0.0,0.0
2018-08-30,2018-08-31 20:00:00,0.0,0.0
2018-08-30,2018-08-31 20:15:00,0.0,0.0
2018-08-30,2018-08-31 20:30:00,0.0,0.015220895409584045
2018-08-30,2018-08-31 20:45:00,0.0,0.02006750926375389
2018-08-30,2018-08-31 21:00:00,0.0,0.0
2018-08-30,2018-08-31 21:15:00,0.0,0.0
2018-08-30,2018-08-31 21:30:00,0.0,0.061273105442523956
2018-08-30,2018-08-31 21:45:00,0.0,0.07061433792114258
2018-08-30,2018-08-31 22:00:00,0.0,0.10395068675279617
2018-08-30,2018-08-31 22:15:00,0.0,0.12734133005142212
2018-08-30,2018-08-31 22:30:00,0.0,0.22719968855381012
2018-08-30,2018-08-31 22:45:00,0.052733998745679855,0.29672643542289734
2018-08-30,2018-08-31 23:00:00,0.0703120008111,0.3321358263492584
2018-08-30,2018-08-31 23:15:00,0.25312501192092896,0.39313387870788574
2018-08-30,2018-08-31 23:30:00,0.4570310115814209,0.5271111726760864
2018-08-30,2018-08-31 23:45:00,0.7910159826278687,0.5505866408348083
2018-11-23,2018-11-24 00:00:00,0.2566410005092621,0.16997568309307098
2018-11-23,2018-11-24 00:15:00,0.42539098858833313,0.19723084568977356
2018-11-23,2018-11-24 00:30:00,0.6503909826278687,0.29139184951782227
2018-11-23,2018-11-24 00:45:00,0.794530987739563,0.36585167050361633
2018-11-23,2018-11-24 01:00:00,1.1039060354232788,0.48001691699028015
2018-11-23,2018-11-24 01:15:00,1.3253910541534424,0.6329723596572876
2018-11-23,2018-11-24 01:30:00,1.490625023841858,0.7256969809532166
2018-11-23,2018-11-24 01:45:00,1.694530963897705,0.8727701306343079
2018-11-23,2018-11-24 02:00:00,1.835155963897705,0.9721316695213318
2018-11-23,2018-11-24 02:15:00,2.144531011581421,1.0726730823516846
2018-11-23,2018-11-24 02:30:00,2.3132810592651367,1.177586317062378
2018-11-23,2018-11-24 02:45:00,2.513672113418579,1.3358120918273926
2018-11-23,2018-11-24 03:00:00,2.636718988418579,1.4430150985717773
2018-11-23,2018-11-24 03:15:00,2.805469036102295,1.5782289505004883
2018-11-23,2018-11-24 03:30:00,2.8863279819488525,1.6477195024490356
2018-11-23,2018-11-24 03:45:00,2.9039061069488525,1.7130100727081299
2018-11-23,2018-11-24 04:00:00,2.9390621185302734,1.7705957889556885
2018-11-23,2018-11-24 04:15:00,2.9496090412139893,1.8002183437347412
2018-11-23,2018-11-24 04:30:00,2.865233898162842,1.8260070085525513
2018-11-23,2018-11-24 04:45:00,2.707031011581421,1.799972653388977
2018-11-23,2018-11-24 05:00:00,2.82656192779541,1.791300892829895
2018-11-23,2018-11-24 05:15:00,2.68593692779541,1.7230477333068848
2018-11-23,2018-11-24 05:30:00,2.3695309162139893,1.640163540840149
2018-11-23,2018-11-24 05:45:00,2.242969036102295,1.5515689849853516
2018-11-23,2018-11-24 06:00:00,2.1867189407348633,1.471056580543518
2018-11-23,2018-11-24 06:15:00,1.6664060354232788,1.2592307329177856
2018-11-23,2018-11-24 06:30:00,1.6488280296325684,1.1656123399734497
2018-11-23,2018-11-24 06:45:00,1.5328119993209839,1.0039844512939453
2018-11-23,2018-11-24 07:00:00,1.314844012260437,0.8581739068031311
2018-11-23,2018-11-24 07:15:00,1.2937500476837158,0.6827859878540039
2018-11-23,2018-11-24 07:30:00,0.39375001192092896,0.5989734530448914
2018-11-23,2018-11-24 07:45:00,0.40781301259994507,0.4452880024909973
2018-11-23,2018-11-24 08:00:00,0.5625,0.3191055357456207
2018-11-23,2018-11-24 08:15:00,0.2355470061302185,0.2372659146785736
2018-11-23,2018-11-24 08:30:00,0.1054690033197403,0.1543939858675003
2018-11-23,2018-11-24 08:45:00,0.007031000219285488,0.05885081738233566
2018-11-23,2018-11-24 09:00:00,0.0,0.03265374153852463
2018-11-23,2018-11-24 09:15:00,0.0,0.012008415535092354
2018-11-23,2018-11-24 09:30:00,0.0,0.0
2018-11-23,2018-11-24 09:45:00,0.0,0.0
2018-11-23,2018-11-24 10:00:00,0.0,0.0007463614456355572
2018-11-23,2018-11-24 10:15:00,0.0,0.001098722917959094
2018-11-23,2018-11-24 10:30:00,0.0,0.00598435802385211
2018-11-23,2018-11-24 10:45:00,0.0,0.018055938184261322
2018-11-23,2018-11-24 11:00:00,0.0,0.03225886821746826
2018-11-23,2018-11-24 11:15:00,0.0,0.03732873871922493
2018-11-23,2018-11-24 11:30:00,0.0,0.03521287068724632
2018-11-23,2018-11-24 11:45:00,0.0,0.03894856572151184
2018-11-23,2018-11-24 12:00:00,0.0,0.022164706140756607
2018-11-23,2018-11-24 12:15:00,0.0,0.032525621354579926
2018-11-23,2018-11-24 12:30:00,0.0,0.012648748233914375
2018-11-23,2018-11-24 12:45:00,0.0,0.0
2018-11-23,2018-11-24 13:00:00,0.0,0.0
2018-11-23,2018-11-24 13:15:00,0.0,0.02122880145907402
2018-11-23,2018-11-24 13:30:00,0.0,0.0
2018-11-23,2018-11-24 13:45:00,0.0,0.0
2018-11-23,2018-11-24 14:00:00,0.0,0.006025291513651609
2018-11-23,2018-11-24 14:15:00,0.0,0.0
2018-11-23,2018-11-24 14:30:00,0.0,0.0
2018-11-23,2018-11-24 14:45:00,0.0,0.0
2018-11-23,2018-11-24 15:00:00,0.0,0.0043717860244214535
2018-11-23,2018-11-24 15:15:00,0.0,0.013750321231782436
2018-11-23,2018-11-24 15:30:00,0.0,0.0
2018-11-23,2018-11-24 15:45:00,0.0,0.0
2018-11-23,2018-11-24 16:00:00,0.0,0.009110638871788979
2018-11-23,2018-11-24 16:15:00,0.0,0.00479869544506073
2018-11-23,2018-11-24 16:30:00,0.0,0.004201322328299284
2018-11-23,2018-11-24 16:45:00,0.0,0.0
2018-11-23,2018-11-24 17:00:00,0.0,0.0
2018-11-23,2018-11-24 17:15:00,0.0,0.0
2018-11-23,2018-11-24 17:30:00,0.0,0.0
2018-11-23,2018-11-24 17:45:00,0.0,0.0
2018-11-23,2018-11-24 18:00:00,0.0,0.0
2018-11-23,2018-11-24 18:15:00,0.0,0.0
2018-11-23,2018-11-24 18:30:00,0.0,0.0
2018-11-23,2018-11-24 18:45:00,0.0,0.0
2018-11-23,2018-11-24 19:00:00,0.0,0.0
2018-11-23,2018-11-24 19:15:00,0.0,0.0
2018-11-23,2018-11-24 19:30:00,0.0,0.0
2018-11-23,2018-11-24 19:45:00,0.0,0.0
2018-11-23,2018-11-24 20:00:00,0.0,0.0
2018-11-23,2018-11-24 20:15:00,0.0,0.0
2018-11-23,2018-11-24 20:30:00,0.0,0.0
2018-11-23,2018-11-24 20:45:00,0.0,0.0
2018-11-23,2018-11-24 21:00:00,0.0,0.0
2018-11-23,2018-11-24 21:15:00,0.0,0.01831018179655075
2018-11-23,2018-11-24 21:30:00,0.0,0.03500879183411598
2018-11-23,2018-11-24 21:45:00,0.0,0.014277368783950806
2018-11-23,2018-11-24 22:00:00,0.0,0.012689990922808647
2018-11-23,2018-11-24 22:15:00,0.0,0.02159949392080307
2018-11-23,2018-11-24 22:30:00,0.0,0.03182374686002731
2018-11-23,2018-11-24 22:45:00,0.0,0.03714515641331673
2018-11-23,2018-11-24 23:00:00,0.0,0.025617705658078194
2018-11-23,2018-11-24 23:15:00,0.0,0.03731674700975418
2018-11-23,2018-11-24 23:30:00,0.04570300132036209,0.092217355966568
2018-11-23,2018-11-24 23:45:00,0.140625,0.09844251722097397
2018-11-24,2018-11-25 00:00:00,0.27421900629997253,0.32624828815460205
2018-11-24,2018-11-25 00:15:00,0.4816409945487976,0.4547486901283264
2018-11-24,2018-11-25 00:30:00,0.7066410183906555,0.6105965971946716
2018-11-24,2018-11-25 00:45:00,0.9210940003395081,0.8129166960716248
2018-11-24,2018-11-25 01:00:00,1.1039060354232788,0.9436632990837097
2018-11-24,2018-11-25 01:15:00,1.2550779581069946,1.1931194067001343
2018-11-24,2018-11-25 01:30:00,1.4835939407348633,1.34993314743042
2018-11-24,2018-11-25 01:45:00,1.6875,1.5549854040145874
2018-11-24,2018-11-25 02:00:00,1.877344012260437,1.7142034769058228
2018-11-24,2018-11-25 02:15:00,2.1128900051116943,1.7920022010803223
2018-11-24,2018-11-25 02:30:00,2.3167970180511475,1.932064175605774
2018-11-24,2018-11-25 02:45:00,2.4996089935302734,2.1014206409454346
2018-11-24,2018-11-25 03:00:00,2.5875000953674316,2.1706767082214355
2018-11-24,2018-11-25 03:15:00,2.636718988418579,2.2773244380950928
2018-11-24,2018-11-25 03:30:00,2.7527339458465576,2.290034770965576
2018-11-24,2018-11-25 03:45:00,2.7703120708465576,2.332005023956299
2018-11-24,2018-11-25 04:00:00,2.7914059162139893,2.3033199310302734
2018-11-24,2018-11-25 04:15:00,2.7562499046325684,2.3092918395996094
2018-11-24,2018-11-25 04:30:00,2.7562499046325684,2.2558393478393555
2018-11-24,2018-11-25 04:45:00,2.654297113418579,2.2267301082611084
2018-11-24,2018-11-25 05:00:00,2.559375047683716,2.153843641281128
2018-11-24,2018-11-25 05:15:00,2.401171922683716,2.0496232509613037
2018-11-24,2018-11-25 05:30:00,2.2289059162139893,1.9465059041976929
2018-11-24,2018-11-25 05:45:00,2.116405963897705,1.8575663566589355
2018-11-24,2018-11-25 06:00:00,2.003906011581421,1.756739854812622
2018-11-24,2018-11-25 06:15:00,1.7683589458465576,1.5350935459136963
2018-11-24,2018-11-25 06:30:00,1.6066410541534424,1.4272687435150146
2018-11-24,2018-11-25 06:45:00,1.4097659587860107,1.2404208183288574
2018-11-24,2018-11-25 07:00:00,1.1847660541534424,1.0815140008926392
2018-11-24,2018-11-25 07:15:00,1.0054689645767212,0.8884076476097107
2018-11-24,2018-11-25 07:30:00,0.7875000238418579,0.7528743743896484
2018-11-24,2018-11-25 07:45:00,0.5976560115814209,0.6024441719055176
2018-11-24,2018-11-25 08:00:00,0.41835901141166687,0.45553186535835266
2018-11-24,2018-11-25 08:15:00,0.2566410005092621,0.3464742600917816
2018-11-24,2018-11-25 08:30:00,0.13710899651050568,0.23737451434135437
2018-11-24,2018-11-25 08:45:00,0.02812499925494194,0.10963530838489532
2018-11-24,2018-11-25 09:00:00,0.0,0.06920377910137177
2018-11-24,2018-11-25 09:15:00,0.0,0.012437032535672188
2018-11-24,2018-11-25 09:30:00,0.0,0.0
2018-11-24,2018-11-25 09:45:00,0.0,0.005988400895148516
2018-11-24,2018-11-25 10:00:00,0.0,0.0
2018-11-24,2018-11-25 10:15:00,0.0,0.0
2018-11-24,2018-11-25 10:30:00,0.0,0.0
2018-11-24,2018-11-25 10:45:00,0.0,0.007129786070436239
2018-11-24,2018-11-25 11:00:00,0.0,0.0
2018-11-24,2018-11-25 11:15:00,0.0,0.01036889012902975
2018-11-24,2018-11-25 11:30:00,0.0,0.009625810198485851
2018-11-24,2018-11-25 11:45:00,0.0,0.022748980671167374
2018-11-24,2018-11-25 12:00:00,0.0,0.002308174967765808
2018-11-24,2018-11-25 12:15:00,0.0,0.0
2018-11-24,2018-11-25 12:30:00,0.0,0.0
2018-11-24,2018-11-25 12:45:00,0.0,0.0027992732357233763
2018-11-24,2018-11-25 13:00:00,0.0,0.0006227728445082903
2018-11-24,2018-11-25 13:15:00,0.0,0.018866056576371193
2018-11-24,2018-11-25 13:30:00,0.0,0.0
2018-11-24,2018-11-25 13:45:00,0.0,0.027746163308620453
2018-11-24,2018-11-25 14:00:00,0.0,0.0
2018-11-24,2018-11-25 14:15:00,0.0,0.0
2018-11-24,2018-11-25 14:30:00,0.0,0.005917787551879883
2018-11-24,2018-11-25 14:45:00,0.0,0.006206474732607603
2018-11-24,2018-11-25 15:00:00,0.0,0.0
2018-11-24,2018-11-25 15:15:00,0.0,0.033419933170080185
2018-11-24,2018-11-25 15:30:00,0.0,0.0005228506051935256
2018-11-24,2018-11-25 15:45:00,0.0,0.013180662877857685
2018-11-24,2018-11-25 16:00:00,0.0,0.016623612493276596
2018-11-24,2018-11-25 16:15:00,0.0,0.0
2018-11-24,2018-11-25 16:30:00,0.0,0.006536579225212336
2018-11-24,2018-11-25 16:45:00,0.0,0.005202450789511204
2018-11-24,2018-11-25 17:00:00,0.0,0.0245974138379097
2018-11-24,2018-11-25 17:15:00,0.0,0.0
2018-11-24,2018-11-25 17:30:00,0.0,0.0
2018-11-24,2018-11-25 17:45:00,0.0,0.0
2018-11-24,2018-11-25 18:00:00,0.0,0.0
2018-11-24,2018-11-25 18:15:00,0.0,0.0
2018-11-24,2018-11-25 18:30:00,0.0,0.0
2018-11-24,2018-11-25 18:45:00,0.0,0.0
2018-11-24,2018-11-25 19:00:00,0.0,0.0
2018-11-24,2018-11-25 19:15:00,0.0,0.0
2018-11-24,2018-11-25 19:30:00,0.0,0.0
2018-11-24,2018-11-25 19:45:00,0.0,0.01181047409772873
2018-11-24,2018-11-25 20:00:00,0.0,0.0
2018-11-24,2018-11-25 20:15:00,0.0,0.0
2018-11-24,2018-11-25 20:30:00,0.0,0.0
2018-11-24,2018-11-25 20:45:00,0.0,0.0
2018-11-24,2018-11-25 21:00:00,0.0,0.0
2018-11-24,2018-11-25 21:15:00,0.0,0.0
2018-11-24,2018-11-25 21:30:00,0.0,0.0
2018-11-24,2018-11-25 21:45:00,0.0,0.0
2018-11-24,2018-11-25 22:00:00,0.0,0.0
2018-11-24,2018-11-25 22:15:00,0.0,0.0
2018-11-24,2018-11-25 22:30:00,0.0,0.0
2018-11-24,2018-11-25 22:45:00,0.0,0.0
2018-11-24,2018-11-25 23:00:00,0.0,0.0
2018-11-24,2018-11-25 23:15:00,0.0,0.03432130068540573
2018-11-24,2018-11-25 23:30:00,0.0,0.10459472984075546
2018-11-24,2018-11-25 23:45:00,0.09843800216913223,0.20073042809963226
2018-11-25,2018-11-26 00:00:00,0.22499999403953552,0.26442551612854004
2018-11-25,2018-11-26 00:15:00,0.3550780117511749,0.3921138644218445
2018-11-25,2018-11-26 00:30:00,0.5378909707069397,0.560800313949585
2018-11-25,2018-11-26 00:45:00,0.7347660064697266,0.7544093132019043
2018-11-25,2018-11-26 01:00:00,1.1777340173721313,0.8938592672348022
2018-11-25,2018-11-26 01:15:00,1.209375023841858,1.1305302381515503
2018-11-25,2018-11-26 01:30:00,1.167186975479126,1.2396665811538696
2018-11-25,2018-11-26 01:45:00,1.3605469465255737,1.4663342237472534
2018-11-25,2018-11-26 02:00:00,1.4835939407348633,1.595117211341858
2018-11-25,2018-11-26 02:15:00,1.2339839935302734,1.7180792093276978
2018-11-25,2018-11-26 02:30:00,1.9863280057907104,1.8111793994903564
2018-11-25,2018-11-26 02:45:00,1.9441410303115845,1.9879127740859985
2018-11-25,2018-11-26 03:00:00,2.010936975479126,2.1098926067352295
2018-11-25,2018-11-26 03:15:00,2.119921922683716,2.227416753768921
2018-11-25,2018-11-26 03:30:00,2.1304690837860107,2.258282423019409
2018-11-25,2018-11-26 03:45:00,2.320312023162842,2.337792158126831
2018-11-25,2018-11-26 04:00:00,2.278125047683716,2.3464462757110596
2018-11-25,2018-11-26 04:15:00,2.366015911102295,2.382030487060547
2018-11-25,2018-11-26 04:30:00,2.144531011581421,2.3740367889404297
2018-11-25,2018-11-26 04:45:00,2.583983898162842,2.345161199569702
2018-11-25,2018-11-26 05:00:00,2.4679689407348633,2.3153724670410156
2018-11-25,2018-11-26 05:15:00,2.3343749046325684,2.222348690032959
2018-11-25,2018-11-26 05:30:00,1.9828120470046997,2.142667293548584
2018-11-25,2018-11-26 05:45:00,1.9722659587860107,2.0469207763671875
2018-11-25,2018-11-26 06:00:00,1.722656011581421,1.9451414346694946
2018-11-25,2018-11-26 06:15:00,1.6664060354232788,1.7208377122879028
2018-11-25,2018-11-26 06:30:00,0.7734379768371582,1.6084263324737549
2018-11-25,2018-11-26 06:45:00,0.9703119993209839,1.3833030462265015
2018-11-25,2018-11-26 07:00:00,0.6187499761581421,1.210221529006958
2018-11-25,2018-11-26 07:15:00,0.6644530296325684,1.0057581663131714
2018-11-25,2018-11-26 07:30:00,0.47460898756980896,0.8532265424728394
2018-11-25,2018-11-26 07:45:00,0.33398398756980896,0.7062039375305176
2018-11-25,2018-11-26 08:00:00,0.27773401141166687,0.542792797088623
2018-11-25,2018-11-26 08:15:00,0.14765599370002747,0.43474793434143066
2018-11-25,2018-11-26 08:30:00,0.06328099966049194,0.3314580023288727
2018-11-25,2018-11-26 08:45:00,0.0,0.21536768972873688
2018-11-25,2018-11-26 09:00:00,0.0,0.15716615319252014
2018-11-25,2018-11-26 09:15:00,0.0,0.11748417466878891
2018-11-25,2018-11-26 09:30:00,0.0,0.07581651210784912
2018-11-25,2018-11-26 09:45:00,0.0,0.08713943511247635
2018-11-25,2018-11-26 10:00:00,0.0,0.04373343288898468
2018-11-25,2018-11-26 10:15:00,0.0,0.01886068657040596
2018-11-25,2018-11-26 10:30:00,0.0,0.06219691410660744
2018-11-25,2018-11-26 10:45:00,0.0,0.06519778072834015
2018-11-25,2018-11-26 11:00:00,0.0,0.021746672689914703
2018-11-25,2018-11-26 11:15:00,0.0,0.055079858750104904
2018-11-25,2018-11-26 11:30:00,0.0,0.043188389390707016
2018-11-25,2018-11-26 11:45:00,0.0,0.09100281447172165
2018-11-25,2018-11-26 12:00:00,0.0,0.07219154387712479
2018-11-25,2018-11-26 12:15:00,0.0,0.06649825721979141
2018-11-25,2018-11-26 12:30:00,0.0,0.051864881068468094
2018-11-25,2018-11-26 12:45:00,0.0,0.08225128054618835
2018-11-25,2018-11-26 13:00:00,0.0,0.09527764469385147
2018-11-25,2018-11-26 13:15:00,0.0,0.07442257553339005
2018-11-25,2018-11-26 13:30:00,0.0,0.04927920550107956
2018-11-25,2018-11-26 13:45:00,0.0,0.06464207172393799
2018-11-25,2018-11-26 14:00:00,0.0,0.05152883008122444
2018-11-25,2018-11-26 14:15:00,0.0,0.022518984973430634
2018-11-25,2018-11-26 14:30:00,0.0,0.01709654927253723
2018-11-25,2018-11-26 14:45:00,0.0,0.03680393472313881
2018-11-25,2018-11-26 15:00:00,0.0,0.00322378589771688
2018-11-25,2018-11-26 15:15:00,0.0,0.020282456651329994
2018-11-25,2018-11-26 15:30:00,0.0,0.006910261698067188
2018-11-25,2018-11-26 15:45:00,0.0,0.00559536786749959
2018-11-25,2018-11-26 16:00:00,0.0,0.016407545655965805
2018-11-25,2018-11-26 16:15:00,0.0,0.0
2018-11-25,2018-11-26 16:30:00,0.0,0.017274027690291405
2018-11-25,2018-11-26 16:45:00,0.0,0.01520124264061451
2018-11-25,2018-11-26 17:00:00,0.0,0.02127830497920513
2018-11-25,2018-11-26 17:15:00,0.0,0.0
2018-11-25,2018-11-26 17:30:00,0.0,0.0019618626683950424
2018-11-25,2018-11-26 17:45:00,0.0,0.0
2018-11-25,2018-11-26 18:00:00,0.0,0.0
2018-11-25,2018-11-26 18:15:00,0.0,0.0
2018-11-25,2018-11-26 18:30:00,0.0,0.0
2018-11-25,2018-11-26 18:45:00,0.0,0.002742203650996089
2018-11-25,2018-11-26 19:00:00,0.0,0.0
2018-11-25,2018-11-26 19:15:00,0.0,0.0
2018-11-25,2018-11-26 19:30:00,0.0,0.0
2018-11-25,2018-11-26 19:45:00,0.0,0.021077390760183334
2018-11-25,2018-11-26 20:00:00,0.0,0.0
2018-11-25,2018-11-26 20:15:00,0.0,0.0
2018-11-25,2018-11-26 20:30:00,0.0,0.0
2018-11-25,2018-11-26 20:45:00,0.0,0.0
2018-11-25,2018-11-26 21:00:00,0.0,0.0
2018-11-25,2018-11-26 21:15:00,0.0,0.0
2018-11-25,2018-11-26 21:30:00,0.0,0.0
2018-11-25,2018-11-26 21:45:00,0.0,0.0
2018-11-25,2018-11-26 22:00:00,0.0,0.0
2018-11-25,2018-11-26 22:15:00,0.0,0.0
2018-11-25,2018-11-26 22:30:00,0.0,0.0
2018-11-25,2018-11-26 22:45:00,0.0,0.0
2018-11-25,2018-11-26 23:00:00,0.0,0.0008658247534185648
2018-11-25,2018-11-26 23:15:00,0.0,0.07391050457954407
2018-11-25,2018-11-26 23:30:00,0.0,0.11329275369644165
2018-11-25,2018-11-26 23:45:00,0.003515999997034669,0.2565605640411377
2018-11-26,2018-11-27 00:00:00,0.22499999403953552,0.3765321969985962
2018-11-26,2018-11-27 00:15:00,0.38320299983024597,0.5116766691207886
2018-11-26,2018-11-27 00:30:00,0.5027340054512024,0.7003065347671509
2018-11-26,2018-11-27 00:45:00,0.7664059996604919,0.9260058999061584
2018-11-26,2018-11-27 01:00:00,0.9035159945487976,1.1048508882522583
2018-11-26,2018-11-27 01:15:00,1.321874976158142,1.4025107622146606
2018-11-26,2018-11-27 01:30:00,1.040624976158142,1.5999008417129517
2018-11-26,2018-11-27 01:45:00,1.4695310592651367,1.8447362184524536
2018-11-26,2018-11-27 02:00:00,1.4941409826278687,2.018010139465332
2018-11-26,2018-11-27 02:15:00,1.778905987739563,2.1354622840881348
2018-11-26,2018-11-27 02:30:00,1.835155963897705,2.2993814945220947
2018-11-26,2018-11-27 02:45:00,2.0882809162139893,2.4736721515655518
2018-11-26,2018-11-27 03:00:00,2.0460939407348633,2.5669052600860596
2018-11-26,2018-11-27 03:15:00,2.1656250953674316,2.666015386581421
2018-11-26,2018-11-27 03:30:00,2.239453077316284,2.672752857208252
2018-11-26,2018-11-27 03:45:00,2.3343749046325684,2.6893327236175537
2018-11-26,2018-11-27 04:00:00,2.4117190837860107,2.662893056869507
2018-11-26,2018-11-27 04:15:00,2.5277340412139893,2.6536149978637695
2018-11-26,2018-11-27 04:30:00,2.5171871185302734,2.5885777473449707
2018-11-26,2018-11-27 04:45:00,2.6085939407348633,2.488233804702759
2018-11-26,2018-11-27 05:00:00,2.5980470180511475,2.3930912017822266
2018-11-26,2018-11-27 05:15:00,2.520703077316284,2.2784900665283203
2018-11-26,2018-11-27 05:30:00,2.137500047683716,2.0917019844055176
2018-11-26,2018-11-27 05:45:00,1.835155963897705,1.997029423713684
2018-11-26,2018-11-27 06:00:00,1.6417969465255737,1.845616102218628
2018-11-26,2018-11-27 06:15:00,1.4730470180511475,1.5977052450180054
2018-11-26,2018-11-27 06:30:00,1.3113280534744263,1.4682366847991943
2018-11-26,2018-11-27 06:45:00,1.1636719703674316,1.271920084953308
2018-11-26,2018-11-27 07:00:00,0.935155987739563,1.0760136842727661
2018-11-26,2018-11-27 07:15:00,0.8789060115814209,0.8665162324905396
2018-11-26,2018-11-27 07:30:00,0.6152340173721313,0.7104281783103943
2018-11-26,2018-11-27 07:45:00,0.471094012260437,0.5593435764312744
2018-11-26,2018-11-27 08:00:00,0.3621090054512024,0.3883169889450073
2018-11-26,2018-11-27 08:15:00,0.3375000059604645,0.2730632722377777
2018-11-26,2018-11-27 08:30:00,0.13359400629997253,0.19776159524917603
2018-11-26,2018-11-27 08:45:00,0.049219001084566116,0.08777319639921188
2018-11-26,2018-11-27 09:00:00,0.0,0.03782644867897034
2018-11-26,2018-11-27 09:15:00,0.0,0.031788792461156845
2018-11-26,2018-11-27 09:30:00,0.0,0.0
2018-11-26,2018-11-27 09:45:00,0.0,0.006630771327763796
2018-11-26,2018-11-27 10:00:00,0.0,0.0
2018-11-26,2018-11-27 10:15:00,0.0,0.010989842005074024
2018-11-26,2018-11-27 10:30:00,0.0,0.008908706717193127
2018-11-26,2018-11-27 10:45:00,0.0,0.0013952490407973528
2018-11-26,2018-11-27 11:00:00,0.0,0.009943543933331966
2018-11-26,2018-11-27 11:15:00,0.0,0.03032556176185608
2018-11-26,2018-11-27 11:30:00,0.0,0.03392840176820755
2018-11-26,2018-11-27 11:45:00,0.0,0.045473065227270126
2018-11-26,2018-11-27 12:00:00,0.0,0.008605035953223705
2018-11-26,2018-11-27 12:15:00,0.0,0.02024206705391407
2018-11-26,2018-11-27 12:30:00,0.0,0.00804964080452919
2018-11-26,2018-11-27 12:45:00,0.0,0.01207391545176506
2018-11-26,2018-11-27 13:00:00,0.0,0.03134165704250336
2018-11-26,2018-11-27 13:15:00,0.0,0.03321784362196922
2018-11-26,2018-11-27 13:30:00,0.0,0.02162155695259571
2018-11-26,2018-11-27 13:45:00,0.0,0.03961938992142677
2018-11-26,2018-11-27 14:00:00,0.0,0.024691874161362648
2018-11-26,2018-11-27 14:15:00,0.0,0.0
2018-11-26,2018-11-27 14:30:00,0.0,0.033465977758169174
2018-11-26,2018-11-27 14:45:00,0.0,0.030054735019803047
2018-11-26,2018-11-27 15:00:00,0.0,0.042681168764829636
2018-11-26,2018-11-27 15:15:00,0.0,0.027258187532424927
2018-11-26,2018-11-27 15:30:00,0.0,0.004272820428013802
2018-11-26,2018-11-27 15:45:00,0.0,0.0
2018-11-26,2018-11-27 16:00:00,0.0,0.041896820068359375
2018-11-26,2018-11-27 16:15:00,0.0,0.025961801409721375
2018-11-26,2018-11-27 16:30:00,0.0,0.021333567798137665
2018-11-26,2018-11-27 16:45:00,0.0,0.019388781860470772
2018-11-26,2018-11-27 17:00:00,0.0,0.02721330337226391
2018-11-26,2018-11-27 17:15:00,0.0,0.0
2018-11-26,2018-11-27 17:30:00,0.0,0.0
2018-11-26,2018-11-27 17:45:00,0.0,0.0
2018-11-26,2018-11-27 18:00:00,0.0,0.0
2018-11-26,2018-11-27 18:15:00,0.0,0.0
2018-11-26,2018-11-27 18:30:00,0.0,0.0
2018-11-26,2018-11-27 18:45:00,0.0,0.0
2018-11-26,2018-11-27 19:00:00,0.0,0.0
2018-11-26,2018-11-27 19:15:00,0.0,0.0
2018-11-26,2018-11-27 19:30:00,0.0,0.0
2018-11-26,2018-11-27 19:45:00,0.0,0.0
2018-11-26,2018-11-27 20:00:00,0.0,0.0
2018-11-26,2018-11-27 20:15:00,0.0,0.0
2018-11-26,2018-11-27 20:30:00,0.0,0.0
2018-11-26,2018-11-27 20:45:00,0.0,0.0
2018-11-26,2018-11-27 21:00:00,0.0,0.0
2018-11-26,2018-11-27 21:15:00,0.0,0.024827081710100174
2018-11-26,2018-11-27 21:30:00,0.0,0.017135819420218468
2018-11-26,2018-11-27 21:45:00,0.0,0.016972769051790237
2018-11-26,2018-11-27 22:00:00,0.0,0.005833790171891451
2018-11-26,2018-11-27 22:15:00,0.0,0.011935018934309483
2018-11-26,2018-11-27 22:30:00,0.0,0.02000848762691021
2018-11-26,2018-11-27 22:45:00,0.0,0.0
2018-11-26,2018-11-27 23:00:00,0.0,0.0
2018-11-26,2018-11-27 23:15:00,0.0,0.013947593979537487
2018-11-26,2018-11-27 23:30:00,0.014062000438570976,0.08027953654527664
2018-11-26,2018-11-27 23:45:00,0.10898400098085403,0.17636315524578094
2018-11-27,2018-11-28 00:00:00,0.21445299685001373,0.22615496814250946
2018-11-27,2018-11-28 00:15:00,0.3621090054512024,0.3485102653503418
2018-11-27,2018-11-28 00:30:00,0.5273439884185791,0.47598129510879517
2018-11-27,2018-11-28 00:45:00,0.6996089816093445,0.6558306217193604
2018-11-27,2018-11-28 01:00:00,0.8542969822883606,0.7857010364532471
2018-11-27,2018-11-28 01:15:00,1.040624976158142,1.005358099937439
2018-11-27,2018-11-28 01:30:00,1.2796880006790161,1.151911973953247
2018-11-27,2018-11-28 01:45:00,1.4730470180511475,1.3573943376541138
2018-11-27,2018-11-28 02:00:00,1.652343988418579,1.495500922203064
2018-11-27,2018-11-28 02:15:00,1.821094036102295,1.5957304239273071
2018-11-27,2018-11-28 02:30:00,1.9792970418930054,1.7314802408218384
2018-11-27,2018-11-28 02:45:00,2.119921922683716,1.9170888662338257
2018-11-27,2018-11-28 03:00:00,2.1761720180511475,2.012939214706421
2018-11-27,2018-11-28 03:15:00,2.3238279819488525,2.132547378540039
2018-11-27,2018-11-28 03:30:00,2.383594036102295,2.1633105278015137
2018-11-27,2018-11-28 03:45:00,2.415234088897705,2.2124669551849365
2018-11-27,2018-11-28 04:00:00,2.418750047683716,2.2194535732269287
2018-11-27,2018-11-28 04:15:00,2.4820311069488525,2.2348155975341797
2018-11-27,2018-11-28 04:30:00,2.4644529819488525,2.2108817100524902
2018-11-27,2018-11-28 04:45:00,2.380078077316284,2.172276020050049
2018-11-27,2018-11-28 05:00:00,2.3449220657348633,2.1135125160217285
2018-11-27,2018-11-28 05:15:00,2.1937499046325684,2.0050082206726074
2018-11-27,2018-11-28 05:30:00,2.074218988418579,1.8939932584762573
2018-11-27,2018-11-28 05:45:00,1.9546869993209839,1.7847554683685303
2018-11-27,2018-11-28 06:00:00,1.7648439407348633,1.6829798221588135
2018-11-27,2018-11-28 06:15:00,1.6066410541534424,1.4709064960479736
2018-11-27,2018-11-28 06:30:00,1.5292969942092896,1.3382337093353271
2018-11-27,2018-11-28 06:45:00,1.371093988418579,1.1365966796875
2018-11-27,2018-11-28 07:00:00,1.160156011581421,0.9644181728363037
2018-11-27,2018-11-28 07:15:00,0.9878910183906555,0.7686774730682373
2018-11-27,2018-11-28 07:30:00,0.7839840054512024,0.6463450193405151
2018-11-27,2018-11-28 07:45:00,0.5765630006790161,0.4742191433906555
2018-11-27,2018-11-28 08:00:00,0.42539098858833313,0.33713963627815247
2018-11-27,2018-11-28 08:15:00,0.2601560056209564,0.2361786812543869
2018-11-27,2018-11-28 08:30:00,0.13710899651050568,0.14834177494049072
2018-11-27,2018-11-28 08:45:00,0.03867200016975403,0.05885238200426102
2018-11-27,2018-11-28 09:00:00,0.0,0.013734807260334492
2018-11-27,2018-11-28 09:15:00,0.0,0.010106044821441174
2018-11-27,2018-11-28 09:30:00,0.0,0.0
2018-11-27,2018-11-28 09:45:00,0.0,0.0
2018-11-27,2018-11-28 10:00:00,0.0,0.0
2018-11-27,2018-11-28 10:15:00,0.0,0.0
2018-11-27,2018-11-28 10:30:00,0.0,0.0
2018-11-27,2018-11-28 10:45:00,0.0,0.0
2018-11-27,2018-11-28 11:00:00,0.0,0.0
2018-11-27,2018-11-28 11:15:00,0.0,0.01866767182946205
2018-11-27,2018-11-28 11:30:00,0.0,0.013793637044727802
2018-11-27,2018-11-28 11:45:00,0.0,0.0349002368748188
2018-11-27,2018-11-28 12:00:00,0.0,0.01406161766499281
2018-11-27,2018-11-28 12:15:00,0.0,0.012668119743466377
2018-11-27,2018-11-28 12:30:00,0.0,0.0
2018-11-27,2018-11-28 12:45:00,0.0,0.016686130315065384
2018-11-27,2018-11-28 13:00:00,0.0,0.03089740127325058
2018-11-27,2018-11-28 13:15:00,0.0,0.02623692899942398
2018-11-27,2018-11-28 13:30:00,0.0,0.02877030149102211
2018-11-27,2018-11-28 13:45:00,0.0,0.02549641579389572
2018-11-27,2018-11-28 14:00:00,0.0,0.023490872234106064
2018-11-27,2018-11-28 14:15:00,0.0,0.0020819997880607843
2018-11-27,2018-11-28 14:30:00,0.0,0.018956976011395454
2018-11-27,2018-11-28 14:45:00,0.0,0.030868124216794968
2018-11-27,2018-11-28 15:00:00,0.0,0.019159825518727303
2018-11-27,2018-11-28 15:15:00,0.0,0.03544829413294792
2018-11-27,2018-11-28 15:30:00,0.0,0.01635636016726494
2018-11-27,2018-11-28 15:45:00,0.0,0.007496894337236881
2018-11-27,2018-11-28 16:00:00,0.0,0.02440076880156994
2018-11-27,2018-11-28 16:15:00,0.0,0.028735879808664322
2018-11-27,2018-11-28 16:30:00,0.0,0.041468214243650436
2018-11-27,2018-11-28 16:45:00,0.0,0.025010090321302414
2018-11-27,2018-11-28 17:00:00,0.0,0.03472786024212837
2018-11-27,2018-11-28 17:15:00,0.0,0.0014213380636647344
2018-11-27,2018-11-28 17:30:00,0.0,0.007656720466911793
2018-11-27,2018-11-28 17:45:00,0.0,0.0
2018-11-27,2018-11-28 18:00:00,0.0,0.0
2018-11-27,2018-11-28 18:15:00,0.0,0.0
2018-11-27,2018-11-28 18:30:00,0.0,0.0
2018-11-27,2018-11-28 18:45:00,0.0,0.0
2018-11-27,2018-11-28 19:00:00,0.0,0.0
2018-11-27,2018-11-28 19:15:00,0.0,0.0
2018-11-27,2018-11-28 19:30:00,0.0,0.0
2018-11-27,2018-11-28 19:45:00,0.0,0.0
2018-11-27,2018-11-28 20:00:00,0.0,0.0
2018-11-27,2018-11-28 20:15:00,0.0,0.0
2018-11-27,2018-11-28 20:30:00,0.0,0.0
2018-11-27,2018-11-28 20:45:00,0.0,0.0
2018-11-27,2018-11-28 21:00:00,0.0,0.0
2018-11-27,2018-11-28 21:15:00,0.0,0.0
2018-11-27,2018-11-28 21:30:00,0.0,0.0
2018-11-27,2018-11-28 21:45:00,0.0,0.0
2018-11-27,2018-11-28 22:00:00,0.0,0.0
2018-11-27,2018-11-28 22:15:00,0.0,0.0
2018-11-27,2018-11-28 22:30:00,0.0,0.0
2018-11-27,2018-11-28 22:45:00,0.0,0.0
2018-11-27,2018-11-28 23:00:00,0.0,0.0
2018-11-27,2018-11-28 23:15:00,0.0,0.0196515042334795
2018-11-27,2018-11-28 23:30:00,0.021093999966979027,0.05633851885795593
2018-11-27,2018-11-28 23:45:00,0.031640999019145966,0.1624082773923874
2018-11-28,2018-11-29 00:00:00,0.23906299471855164,0.1318029910326004
2018-11-28,2018-11-29 00:15:00,0.3972660005092621,0.20874743163585663
2018-11-28,2018-11-29 00:30:00,0.583594024181366,0.3207608163356781
2018-11-28,2018-11-29 00:45:00,0.7699220180511475,0.4521491825580597
2018-11-28,2018-11-29 01:00:00,0.9246090054512024,0.5847997665405273
2018-11-28,2018-11-29 01:15:00,1.1285159587860107,0.8141406178474426
2018-11-28,2018-11-29 01:30:00,1.3324220180511475,0.9317112565040588
2018-11-28,2018-11-29 01:45:00,1.5152339935302734,1.1539514064788818
2018-11-28,2018-11-29 02:00:00,1.6839840412139893,1.2847137451171875
2018-11-28,2018-11-29 02:15:00,1.8175779581069946,1.4122029542922974
2018-11-28,2018-11-29 02:30:00,1.9863280057907104,1.5787770748138428
2018-11-28,2018-11-29 02:45:00,2.067188024520874,1.778834581375122
2018-11-28,2018-11-29 03:00:00,2.2183589935302734,1.9248660802841187
2018-11-28,2018-11-29 03:15:00,2.348438024520874,2.068514823913574
2018-11-28,2018-11-29 03:30:00,2.3941400051116943,2.150071620941162
2018-11-28,2018-11-29 03:45:00,2.348438024520874,2.231935501098633
2018-11-28,2018-11-29 04:00:00,2.460937976837158,2.2554807662963867
2018-11-28,2018-11-29 04:15:00,2.4363279342651367,2.3099324703216553
2018-11-28,2018-11-29 04:30:00,2.3695309162139893,2.3198060989379883
2018-11-28,2018-11-29 04:45:00,2.3238279819488525,2.2999839782714844
2018-11-28,2018-11-29 05:00:00,2.25,2.25544810295105
2018-11-28,2018-11-29 05:15:00,2.144531011581421,2.1607630252838135
2018-11-28,2018-11-29 05:30:00,2.091797113418579,2.0254199504852295
2018-11-28,2018-11-29 05:45:00,1.9582029581069946,1.9071877002716064
2018-11-28,2018-11-29 06:00:00,1.8246090412139893,1.811178207397461
2018-11-28,2018-11-29 06:15:00,1.6277339458465576,1.5550683736801147
2018-11-28,2018-11-29 06:30:00,1.40625,1.454599380493164
2018-11-28,2018-11-29 06:45:00,1.3429689407348633,1.228508710861206
2018-11-28,2018-11-29 07:00:00,1.068750023841858,1.0342754125595093
2018-11-28,2018-11-29 07:15:00,0.8964840173721313,0.8382383584976196
2018-11-28,2018-11-29 07:30:00,0.6996089816093445,0.6875796318054199
2018-11-28,2018-11-29 07:45:00,0.5097659826278687,0.5290913581848145
2018-11-28,2018-11-29 08:00:00,0.35859400033950806,0.3879159390926361
2018-11-28,2018-11-29 08:15:00,0.21796900033950806,0.27676907181739807
2018-11-28,2018-11-29 08:30:00,0.10898400098085403,0.17436978220939636
2018-11-28,2018-11-29 08:45:00,0.0,0.06843045353889465
2018-11-28,2018-11-29 09:00:00,0.0,0.046021800488233566
2018-11-28,2018-11-29 09:15:00,0.0,0.04051593318581581
2018-11-28,2018-11-29 09:30:00,0.0,0.0
2018-11-28,2018-11-29 09:45:00,0.0,0.0
2018-11-28,2018-11-29 10:00:00,0.0,0.012357478961348534
2018-11-28,2018-11-29 10:15:00,0.0,0.022753918543457985
2018-11-28,2018-11-29 10:30:00,0.0,0.018573254346847534
2018-11-28,2018-11-29 10:45:00,0.0,0.016086524352431297
2018-11-28,2018-11-29 11:00:00,0.0,0.027565987780690193
2018-11-28,2018-11-29 11:15:00,0.0,0.056711722165346146
2018-11-28,2018-11-29 11:30:00,0.0,0.04969466105103493
2018-11-28,2018-11-29 11:45:00,0.0,0.04686302691698074
2018-11-28,2018-11-29 12:00:00,0.0,0.04587407410144806
2018-11-28,2018-11-29 12:15:00,0.0,0.03205583244562149
2018-11-28,2018-11-29 12:30:00,0.0,0.007975406013429165
2018-11-28,2018-11-29 12:45:00,0.0,0.021910207346081734
2018-11-28,2018-11-29 13:00:00,0.0,0.02384016290307045
2018-11-28,2018-11-29 13:15:00,0.0,0.02696279250085354
2018-11-28,2018-11-29 13:30:00,0.0,0.019380800426006317
2018-11-28,2018-11-29 13:45:00,0.0,0.04567624256014824
2018-11-28,2018-11-29 14:00:00,0.0,0.06485041230916977
2018-11-28,2018-11-29 14:15:00,0.0,0.03297979384660721
2018-11-28,2018-11-29 14:30:00,0.0,0.06952715665102005
2018-11-28,2018-11-29 14:45:00,0.0,0.06732551753520966
2018-11-28,2018-11-29 15:00:00,0.0,0.06349305063486099
2018-11-28,2018-11-29 15:15:00,0.0,0.08292675763368607
2018-11-28,2018-11-29 15:30:00,0.0,0.07549361139535904
2018-11-28,2018-11-29 15:45:00,0.0,0.06512273848056793
2018-11-28,2018-11-29 16:00:00,0.0,0.07845548540353775
2018-11-28,2018-11-29 16:15:00,0.0,0.07538468390703201
2018-11-28,2018-11-29 16:30:00,0.0,0.06580570340156555
2018-11-28,2018-11-29 16:45:00,0.0,0.047489237040281296
2018-11-28,2018-11-29 17:00:00,0.0,0.03820517286658287
2018-11-28,2018-11-29 17:15:00,0.0,0.00845467858016491
2018-11-28,2018-11-29 17:30:00,0.0,0.0
2018-11-28,2018-11-29 17:45:00,0.0,0.0
2018-11-28,2018-11-29 18:00:00,0.0,0.0
2018-11-28,2018-11-29 18:15:00,0.0,0.0
2018-11-28,2018-11-29 18:30:00,0.0,0.0
2018-11-28,2018-11-29 18:45:00,0.0,0.0
2018-11-28,2018-11-29 19:00:00,0.0,0.0
2018-11-28,2018-11-29 19:15:00,0.0,0.0
2018-11-28,2018-11-29 19:30:00,0.0,0.0
2018-11-28,2018-11-29 19:45:00,0.0,0.0
2018-11-28,2018-11-29 20:00:00,0.0,0.0
2018-11-28,2018-11-29 20:15:00,0.0,0.0
2018-11-28,2018-11-29 20:30:00,0.0,0.0029121474362909794
2018-11-28,2018-11-29 20:45:00,0.0,0.00589116383343935
2018-11-28,2018-11-29 21:00:00,0.0,0.0
2018-11-28,2018-11-29 21:15:00,0.0,0.023797109723091125
2018-11-28,2018-11-29 21:30:00,0.0,0.03078206069767475
2018-11-28,2018-11-29 21:45:00,0.0,0.0
2018-11-28,2018-11-29 22:00:00,0.0,0.0
2018-11-28,2018-11-29 22:15:00,0.0,0.0
2018-11-28,2018-11-29 22:30:00,0.0,0.0
2018-11-28,2018-11-29 22:45:00,0.0,0.0
2018-11-28,2018-11-29 23:00:00,0.0,0.0
2018-11-28,2018-11-29 23:15:00,0.0,0.0
2018-11-28,2018-11-29 23:30:00,0.014062000438570976,0.0
2018-11-28,2018-11-29 23:45:00,0.1054690033197403,0.0
2018-11-29,2018-11-30 00:00:00,0.22499999403953552,0.14869394898414612
2018-11-29,2018-11-30 00:15:00,0.3550780117511749,0.2630869150161743
2018-11-29,2018-11-30 00:30:00,0.513280987739563,0.3720526099205017
2018-11-29,2018-11-30 00:45:00,0.675000011920929,0.5715386867523193
2018-11-29,2018-11-30 01:00:00,0.8261719942092896,0.6955680847167969
2018-11-29,2018-11-30 01:15:00,0.956250011920929,0.9604918956756592
2018-11-29,2018-11-30 01:30:00,0.984375,1.1021013259887695
2018-11-29,2018-11-30 01:45:00,0.9175779819488525,1.3148189783096313
2018-11-29,2018-11-30 02:00:00,1.1917970180511475,1.4620451927185059
2018-11-29,2018-11-30 02:15:00,1.2761720418930054,1.5610992908477783
2018-11-29,2018-11-30 02:30:00,1.5996090173721313,1.741904854774475
2018-11-29,2018-11-30 02:45:00,1.9582029581069946,1.9579211473464966
2018-11-29,2018-11-30 03:00:00,2.0636720657348633,2.075291872024536
2018-11-29,2018-11-30 03:15:00,2.214843988418579,2.2160637378692627
2018-11-29,2018-11-30 03:30:00,2.2359371185302734,2.2425858974456787
2018-11-29,2018-11-30 03:45:00,2.3238279819488525,2.3396992683410645
2018-11-29,2018-11-30 04:00:00,2.3238279819488525,2.321531057357788
2018-11-29,2018-11-30 04:15:00,2.3062500953674316,2.3620314598083496
2018-11-29,2018-11-30 04:30:00,2.3238279819488525,2.335409641265869
2018-11-29,2018-11-30 04:45:00,2.0179688930511475,2.3098671436309814
2018-11-29,2018-11-30 05:00:00,1.589061975479126,2.2486252784729004
2018-11-29,2018-11-30 05:15:00,1.975780963897705,2.1610729694366455
2018-11-29,2018-11-30 05:30:00,1.680469036102295,2.0449652671813965
2018-11-29,2018-11-30 05:45:00,1.5257810354232788,1.9505579471588135
2018-11-29,2018-11-30 06:00:00,1.6699219942092896,1.8504087924957275
2018-11-29,2018-11-30 06:15:00,1.490625023841858,1.633331298828125
2018-11-29,2018-11-30 06:30:00,1.4167970418930054,1.4931877851486206
2018-11-29,2018-11-30 06:45:00,0.9808589816093445,1.2966268062591553
2018-11-29,2018-11-30 07:00:00,0.8507810235023499,1.1107577085494995
2018-11-29,2018-11-30 07:15:00,0.5730469822883606,0.8829053044319153
2018-11-29,2018-11-30 07:30:00,0.37968701124191284,0.7678921222686768
2018-11-29,2018-11-30 07:45:00,0.24257799983024597,0.5616416335105896
2018-11-29,2018-11-30 08:00:00,0.2460940033197403,0.45222511887550354
2018-11-29,2018-11-30 08:15:00,0.1757809966802597,0.3283102214336395
2018-11-29,2018-11-30 08:30:00,0.03515600040555,0.2069995254278183
2018-11-29,2018-11-30 08:45:00,0.010546999983489513,0.09672711789608002
2018-11-29,2018-11-30 09:00:00,0.0,0.056284915655851364
2018-11-29,2018-11-30 09:15:00,0.0,0.0464392751455307
2018-11-29,2018-11-30 09:30:00,0.0,0.0073926206678152084
2018-11-29,2018-11-30 09:45:00,0.0,0.025932831689715385
2018-11-29,2018-11-30 10:00:00,0.0,0.020961282774806023
2018-11-29,2018-11-30 10:15:00,0.0,0.012181069701910019
2018-11-29,2018-11-30 10:30:00,0.0,0.03130630776286125
2018-11-29,2018-11-30 10:45:00,0.0,0.03580554574728012
2018-11-29,2018-11-30 11:00:00,0.0,0.02227635495364666
2018-11-29,2018-11-30 11:15:00,0.0,0.06873718649148941
2018-11-29,2018-11-30 11:30:00,0.0,0.044618312269449234
2018-11-29,2018-11-30 11:45:00,0.0,0.05261382833123207
2018-11-29,2018-11-30 12:00:00,0.0,0.01735820807516575
2018-11-29,2018-11-30 12:15:00,0.0,0.01563488319516182
2018-11-29,2018-11-30 12:30:00,0.0,0.0
2018-11-29,2018-11-30 12:45:00,0.0,0.0
2018-11-29,2018-11-30 13:00:00,0.0,0.0
2018-11-29,2018-11-30 13:15:00,0.0,0.026272442191839218
2018-11-29,2018-11-30 13:30:00,0.0,0.010619019158184528
2018-11-29,2018-11-30 13:45:00,0.0,0.00948433205485344
2018-11-29,2018-11-30 14:00:00,0.0,0.022236479446291924
2018-11-29,2018-11-30 14:15:00,0.0,0.034660231322050095
2018-11-29,2018-11-30 14:30:00,0.0,0.024976836517453194
2018-11-29,2018-11-30 14:45:00,0.0,0.0440053716301918
2018-11-29,2018-11-30 15:00:00,0.0,0.01539006270468235
2018-11-29,2018-11-30 15:15:00,0.0,0.060142964124679565
2018-11-29,2018-11-30 15:30:00,0.0,0.0387524850666523
2018-11-29,2018-11-30 15:45:00,0.0,0.025564169511198997
2018-11-29,2018-11-30 16:00:00,0.0,0.04137737676501274
2018-11-29,2018-11-30 16:15:00,0.0,0.030733048915863037
2018-11-29,2018-11-30 16:30:00,0.0,0.04200137406587601
2018-11-29,2018-11-30 16:45:00,0.0,0.0
2018-11-29,2018-11-30 17:00:00,0.0,0.03378940746188164
2018-11-29,2018-11-30 17:15:00,0.0,0.0
2018-11-29,2018-11-30 17:30:00,0.0,0.0
2018-11-29,2018-11-30 17:45:00,0.0,0.0
2018-11-29,2018-11-30 18:00:00,0.0,0.0
2018-11-29,2018-11-30 18:15:00,0.0,0.0
2018-11-29,2018-11-30 18:30:00,0.0,0.0
2018-11-29,2018-11-30 18:45:00,0.0,0.0
2018-11-29,2018-11-30 19:00:00,0.0,0.0
2018-11-29,2018-11-30 19:15:00,0.0,0.0
2018-11-29,2018-11-30 19:30:00,0.0,0.0
2018-11-29,2018-11-30 19:45:00,0.0,0.0
2018-11-29,2018-11-30 20:00:00,0.0,0.0
2018-11-29,2018-11-30 20:15:00,0.0,0.0
2018-11-29,2018-11-30 20:30:00,0.0,0.0
2018-11-29,2018-11-30 20:45:00,0.0,0.0
2018-11-29,2018-11-30 21:00:00,0.0,0.0
2018-11-29,2018-11-30 21:15:00,0.0,0.0
2018-11-29,2018-11-30 21:30:00,0.0,0.0
2018-11-29,2018-11-30 21:45:00,0.0,0.0
2018-11-29,2018-11-30 22:00:00,0.0,0.0
2018-11-29,2018-11-30 22:15:00,0.0,0.0
2018-11-29,2018-11-30 22:30:00,0.0,0.0
2018-11-29,2018-11-30 22:45:00,0.0,0.0
2018-11-29,2018-11-30 23:00:00,0.0,0.0
2018-11-29,2018-11-30 23:15:00,0.0,0.0
2018-11-29,2018-11-30 23:30:00,0.0,0.0
2018-11-29,2018-11-30 23:45:00,0.0,0.03372569754719734
