Time,Global_Radiation,Wind_speed,Wind_Direction,Temperature,Humidity,Pressure,Actual_Power,Date,Cluster
2017-02-07 08:00:00,-1.0,-0.668208857,-0.307754286,-0.513897597,0.331916816,-0.223892405,0.0353329999999999,2017-02-07,1
2017-02-07 08:15:00,-1.0,-0.668208857,-0.308810046,-0.513479624,0.323807764,-0.212025316,0.0,2017-02-07,1
2017-02-07 08:30:00,-1.0,-0.66688698,-0.31181063,-0.51138976,0.311798156,-0.199367089,0.0,2017-02-07,1
2017-02-07 08:45:00,-0.931834992,-0.6655651020000001,-0.316255939,-0.50846395,0.296524399,-0.1859177219999999,0.025,2017-02-07,1
2017-02-07 09:00:00,-0.8662932320000001,-0.662921348,-0.321868141,-0.504284222,0.2786023689999999,-0.172468354,0.231,2017-02-07,1
2017-02-07 09:15:00,-0.797319553,-0.660277594,-0.328258272,-0.49968652,0.258709532,-0.159810127,0.4933329999999999,2017-02-07,1
2017-02-07 09:30:00,-0.73799075,-0.65763384,-0.334981802,-0.494252874,0.2374822939999999,-0.146360759,0.913,2017-02-07,1
2017-02-07 09:45:00,-0.6846776659999999,-0.653668209,-0.341760898,-0.488401254,0.21559812,-0.134493671,0.710667,2017-02-07,1
2017-02-07 10:00:00,-0.626216704,-0.651024455,-0.348095463,-0.481713689,0.193652358,-0.1242088609999999,0.955,2017-02-07,1
2017-02-07 10:15:00,-0.564501336,-0.649702578,-0.353707665,-0.4750261229999999,0.172343003,-0.115506329,1.28567,2017-02-07,1
2017-02-07 10:30:00,-0.501385588,-0.647058824,-0.358208541,-0.4683385579999999,0.1522859309999999,-0.108386076,1.4280000000000002,2017-02-07,1
2017-02-07 10:45:00,-0.43870376,-0.645736946,-0.361153558,-0.4616509929999999,0.13413808,-0.103639241,1.98567,2017-02-07,1
2017-02-07 11:00:00,-0.378349326,-0.645736946,-0.362264885,-0.454963427,0.118556384,-0.1020569619999999,2.199,2017-02-07,1
2017-02-07 11:15:00,-0.32217631,-0.652346332,-0.349595755,-0.447021944,0.10398062,-0.102848101,2.54667,2017-02-07,1
2017-02-07 11:30:00,-0.272019014,-0.669530734,-0.314700081,-0.437408568,0.088645275,-0.105221519,3.033,2017-02-07,1
2017-02-07 11:45:00,-0.229790633,-0.695968275,-0.262023171,-0.426123302,0.072940404,-0.1075949369999999,3.3956699999999995,2017-02-07,1
2017-02-07 12:00:00,-0.197305746,-0.729015202,-0.195899203,-0.413584117,0.057256061,-0.111550633,3.50967,2017-02-07,1
2017-02-07 12:15:00,-0.176457826,-0.767349636,-0.120940183,-0.400626959,0.041961775,-0.115506329,2.98367,2017-02-07,1
2017-02-07 12:30:00,-0.169100896,-0.808327826,-0.041480288,-0.387669801,0.0274681279999999,-0.120253165,3.154,2017-02-07,1
2017-02-07 12:45:00,-0.170442106,-0.8479841370000001,0.037979607,-0.375130617,0.014165178,-0.125,2.614,2017-02-07,1
2017-02-07 13:00:00,-0.174347393,-0.8863185720000001,0.112994193,-0.36384535,0.002401922,-0.128955696,2.504,2017-02-07,1
2017-02-07 13:15:00,-0.180678692,-0.919365499,0.179062596,-0.353814002,-0.0074110569999999,-0.1337025319999999,2.41867,2017-02-07,1
2017-02-07 13:30:00,-0.189238765,-0.94580304,0.231795071,-0.346290491,-0.014904231,-0.136867089,2.298,2017-02-07,1
2017-02-07 13:45:00,-0.199909271,-0.962987442,0.266690745,-0.341274817,-0.019687545,-0.140031646,1.88633,2017-02-07,1
2017-02-07 14:00:00,-0.212492973,-0.969596827,0.279304309,-0.339602926,-0.0213709429999999,-0.141613924,1.80467,2017-02-07,1
2017-02-07 14:15:00,-0.226851806,-0.961665565,0.265579418,-0.339602926,-0.019954425,-0.143196203,1.6056700000000002,2017-02-07,1
2017-02-07 14:30:00,-0.242808256,-0.936549901,0.227516462,-0.340020899,-0.015951223,-0.144778481,1.48833,2017-02-07,1
2017-02-07 14:45:00,-0.260204534,-0.90085922,0.169949712,-0.340020899,-0.0096076859999999,-0.146360759,1.89367,2017-02-07,1
2017-02-07 15:00:00,-0.278882851,-0.854593523,0.097546745,-0.340438871,-0.001211225,-0.147151899,1.908,2017-02-07,1
2017-02-07 15:15:00,-0.298665694,-0.803040317,0.0150862669999999,-0.340856844,0.00897128,-0.148734177,1.89,2017-02-07,1
2017-02-07 15:30:00,-0.319414996,-0.748843358,-0.072653016,-0.341274817,0.02063189,-0.149525316,1.88933,2017-02-07,1
2017-02-07 15:45:00,-0.340953245,-0.693324521,-0.161003528,-0.34169279,0.033524255,-0.151107595,1.751,2017-02-07,1
2017-02-07 16:00:00,-0.363280441,-0.641771315,-0.245130998,-0.342528736,0.047360966,-0.151898734,1.54133,2017-02-07,1
2017-02-07 16:15:00,-0.3908541339999999,-0.596827495,-0.320367849,-0.343364681,0.0618751409999999,-0.152689873,1.36067,2017-02-07,1
2017-02-07 16:30:00,-0.425449453,-0.5598149370000001,-0.38187981,-0.3437826539999999,0.076758843,-0.152689873,1.16833,2017-02-07,1
2017-02-07 16:45:00,-0.466454966,-0.53602115,-0.424999305,-0.3450365729999999,0.0917451909999999,-0.153481013,1.634,2017-02-07,1
2017-02-07 17:00:00,-0.513298685,-0.526768011,-0.444947629,-0.3458725179999999,0.106567305,-0.153481013,1.29333,2017-02-07,1
2017-02-07 17:15:00,-0.565369178,-0.529411765,-0.451115495,-0.348798328,0.123976104,-0.151107595,1.27833,2017-02-07,1
2017-02-07 17:30:00,-0.622094457,-0.53602115,-0.456116467,-0.355067921,0.146168217,-0.14556962,1.154,2017-02-07,1
2017-02-07 17:45:00,-0.682882812,-0.545274289,-0.460228378,-0.3642633229999999,0.172055593,-0.136075949,0.5720000000000001,2017-02-07,1
2017-02-07 18:00:00,-0.747122809,-0.557171183,-0.463617926,-0.375548589,0.200509125,-0.1242088609999999,0.031667,2017-02-07,1
2017-02-10 08:00:00,-1.0,-0.596827495,-0.516906065,-0.611703239,0.03584406,-0.0276898729999999,0.0,2017-02-10,1
2017-02-10 08:15:00,-1.0,-0.592861864,-0.519684383,-0.610449321,0.032805732,-0.02056962,0.0,2017-02-10,1
2017-02-10 08:30:00,-0.976528831,-0.583608724,-0.523018365,-0.607523511,0.025045678,-0.011075949,0.053333,2017-02-10,1
2017-02-10 08:45:00,-0.92978373,-0.570389954,-0.526685744,-0.60292581,0.013282421,0.0,0.259333,2017-02-10,1
2017-02-10 09:00:00,-0.869705427,-0.551883675,-0.530630956,-0.59707419,-0.001744986,0.012658228,0.515333,2017-02-10,1
2017-02-10 09:15:00,-0.806964428,-0.532055519,-0.534631734,-0.589968652,-0.019338548,0.026107595,0.955333,2017-02-10,1
2017-02-10 09:30:00,-0.752250964,-0.510905486,-0.5385769460000001,-0.582027168,-0.0387386829999999,0.039556962,1.02267,2017-02-10,1
2017-02-10 09:45:00,-0.702744549,-0.49107733,-0.5422998920000001,-0.573249739,-0.059206339,0.05221519,1.147,2017-02-10,1
2017-02-10 10:00:00,-0.649392018,-0.471249174,-0.545633873,-0.563636364,-0.080064051,0.0640822779999999,1.3603299999999998,2017-02-10,1
2017-02-10 10:15:00,-0.5935148570000001,-0.452742895,-0.548523324,-0.5544409610000001,-0.1005522369999999,0.075158228,1.49167,2017-02-10,1
2017-02-10 10:30:00,-0.536434552,-0.4395241239999999,-0.550745978,-0.544827586,-0.119931843,0.08306962,1.506,2017-02-10,1
2017-02-10 10:45:00,-0.479452865,-0.430270985,-0.55224627,-0.535632184,-0.137504876,0.087816456,1.78667,2017-02-10,1
2017-02-10 11:00:00,-0.423911007,-0.4263053539999999,-0.552746367,-0.526436782,-0.152511753,0.090189873,2.02467,2017-02-10,1
2017-02-10 11:15:00,-0.3711107389999999,-0.430270985,-0.552524102,-0.517241379,-0.1666564019999999,0.088607595,2.12067,2017-02-10,1
2017-02-10 11:30:00,-0.322373547,-0.4395241239999999,-0.551857306,-0.506374086,-0.181786455,0.083860759,2.59633,2017-02-10,1
2017-02-10 11:45:00,-0.279001193,-0.454064772,-0.550857111,-0.494670846,-0.197470797,0.075949367,2.39733,2017-02-10,1
2017-02-10 12:00:00,-0.242354612,-0.472571051,-0.549523518,-0.482131661,-0.213339903,0.066455696,3.67967,2017-02-10,1
2017-02-10 12:15:00,-0.213715841,-0.493721084,-0.5480232270000001,-0.469174504,-0.22890107,0.0561708859999999,3.936,2017-02-10,1
2017-02-10 12:30:00,-0.194406367,-0.516192994,-0.546356236,-0.456217346,-0.243784771,0.044303797,4.01733,2017-02-10,1
2017-02-10 12:45:00,-0.180501178,-0.538664904,-0.544522546,-0.443678161,-0.257518836,0.032436709,4.77367,2017-02-10,1
2017-02-10 13:00:00,-0.1671877,-0.5598149370000001,-0.5427444229999999,-0.4315569489999999,-0.269733736,0.02056962,4.209,2017-02-10,1
2017-02-10 13:15:00,-0.154584274,-0.5796430929999999,-0.540966299,-0.420689655,-0.279957299,0.0087025319999999,4.32967,2017-02-10,1
2017-02-10 13:30:00,-0.142730348,-0.595505618,-0.5392993079999999,-0.41107628,-0.287778941,-0.000791139,4.877,2017-02-10,1
2017-02-10 13:45:00,-0.131685092,-0.6074025120000001,-0.53774345,-0.403134796,-0.292788077,-0.0087025319999999,5.07967,2017-02-10,1
2017-02-10 14:00:00,-0.121547125,-0.61269002,-0.536465424,-0.397283177,-0.294553592,-0.014240506,4.17667,2017-02-10,1
2017-02-10 14:15:00,-0.112375618,-0.614011897,-0.5354096629999999,-0.3922675029999999,-0.294430416,-0.018987342,4.16667,2017-02-10,1
2017-02-10 14:30:00,-0.104229741,-0.615333774,-0.534520601,-0.387669801,-0.294101948,-0.022943038,3.2783300000000004,2017-02-10,1
2017-02-10 14:45:00,-0.097188391,-0.616655651,-0.533742672,-0.383490073,-0.293527129,-0.026898734,3.612330000000001,2017-02-10,1
2017-02-10 15:00:00,-0.09133046,-0.6179775279999999,-0.532964743,-0.378892372,-0.292726489,-0.03085443,2.774,2017-02-10,1
2017-02-10 15:15:00,-0.0867151209999999,-0.619299405,-0.532297947,-0.375130617,-0.291741085,-0.034810127,4.013999999999999,2017-02-10,1
2017-02-10 15:30:00,-0.0834212679999999,-0.619299405,-0.5315755839999999,-0.371368861,-0.29052986,-0.037974684,3.60533,2017-02-10,1
2017-02-10 15:45:00,-0.081508072,-0.620621282,-0.530797655,-0.368443051,-0.289113342,-0.041139241,3.3956699999999995,2017-02-10,1
2017-02-10 16:00:00,-0.081725032,-0.620621282,-0.5299085929999999,-0.365517241,-0.287512061,-0.0435126579999999,3.74033,2017-02-10,1
2017-02-10 16:15:00,-0.1047425569999999,-0.621943159,-0.528908399,-0.363427377,-0.285705487,-0.045886076,4.308669999999999,2017-02-10,1
2017-02-10 16:30:00,-0.156083273,-0.623265036,-0.5276859389999999,-0.361755486,-0.283714151,-0.047468354,2.25233,2017-02-10,1
2017-02-10 16:45:00,-0.230086488,-0.624586913,-0.526241214,-0.360501567,-0.281538051,-0.048259494,1.6123299999999998,2017-02-10,1
2017-02-10 17:00:00,-0.321032337,-0.62590879,-0.524518656,-0.360083595,-0.279197717,-0.0490506329999999,1.10133,2017-02-10,1
2017-02-10 17:15:00,-0.4232206779999999,-0.631196299,-0.520962409,-0.362173459,-0.271417134,-0.045886076,1.005,2017-02-10,1
2017-02-10 17:30:00,-0.530971095,-0.640449438,-0.514294446,-0.367607106,-0.254193098,-0.037974684,1.42433,2017-02-10,1
2017-02-10 17:45:00,-0.638583446,-0.653668209,-0.504848165,-0.375966562,-0.229455359,-0.025316456,0.703333,2017-02-10,1
2017-02-10 18:00:00,-0.740337866,-0.669530734,-0.49301253,-0.386833856,-0.199154195,-0.009493671,0.344667,2017-02-10,1
2017-02-21 08:00:00,-1.0,-0.805684071,0.6365404379999999,-0.437408568,0.62259038,-0.259493671,0.0,2017-02-21,1
2017-02-21 08:15:00,-0.9755032,-0.805684071,0.615480788,-0.435736677,0.604853113,-0.252373418,0.0,2017-02-21,1
2017-02-21 08:30:00,-0.912091597,-0.8070059479999999,0.556691579,-0.430721003,0.583235819,-0.245253165,0.0,2017-02-21,1
2017-02-21 08:45:00,-0.82497214,-0.808327826,0.46706304,-0.422779519,0.558272259,-0.237341772,0.0,2017-02-21,1
2017-02-21 09:00:00,-0.7293123340000001,-0.8096497029999999,0.353263134,-0.412330199,0.530516721,-0.2302215189999999,0.0,2017-02-21,1
2017-02-21 09:15:00,-0.6402796820000001,-0.812293457,0.222015392,-0.400626959,0.500564554,-0.223101266,0.0,2017-02-21,1
2017-02-21 09:30:00,-0.57306141,-0.8136153340000001,0.080154474,-0.387251829,0.468949519,-0.215981013,0.0,2017-02-21,1
2017-02-21 09:45:00,-0.521010641,-0.816259088,-0.065540522,-0.373040752,0.436246433,-0.210443038,0.0,2017-02-21,1
2017-02-21 10:00:00,-0.468072307,-0.817580965,-0.2084572,-0.358829676,0.403009587,-0.204905063,0.0,2017-02-21,1
2017-02-21 10:15:00,-0.415311486,-0.820224719,-0.341705332,-0.3446186,0.369793271,-0.200158228,0.0,2017-02-21,1
2017-02-21 10:30:00,-0.363714362,-0.8215465959999999,-0.458616953,-0.331243469,0.337192831,-0.196993671,0.0,2017-02-21,1
2017-02-21 10:45:00,-0.314346012,-0.822868473,-0.552357403,-0.319122257,0.3057215,-0.194620253,0.0,2017-02-21,1
2017-02-21 11:00:00,-0.268212345,-0.822868473,-0.616203151,-0.308672936,0.275974626,-0.193829114,0.0,2017-02-21,1
2017-02-21 11:15:00,-0.226338991,-0.8215465959999999,-0.662545495,-0.298641588,0.245098643,-0.1962025319999999,0.0,2017-02-21,1
2017-02-21 11:30:00,-0.189791028,-0.816259088,-0.707776512,-0.287774295,0.2107326889999999,-0.201740506,0.0,2017-02-21,1
2017-02-21 11:45:00,-0.15955464,-0.8096497029999999,-0.751396105,-0.276489028,0.174026401,-0.2096518989999999,0.0,2017-02-21,1
2017-02-21 12:00:00,-0.136694904,-0.80171844,-0.7927374770000001,-0.265203762,0.136170475,-0.2199367089999999,0.0,2017-02-21,1
2017-02-21 12:15:00,-0.12221773,-0.791143424,-0.831356097,-0.254336468,0.098335078,-0.232594937,0.0,2017-02-21,1
2017-02-21 12:30:00,-0.11716847,-0.781890284,-0.8666407359999999,-0.243469175,0.061710907,-0.246044304,0.0,2017-02-21,1
2017-02-21 12:45:00,-0.117306535,-0.7713152679999999,-0.8980357290000001,-0.233437827,0.0274681279999999,-0.259493671,0.0,2017-02-21,1
2017-02-21 13:00:00,-0.117779904,-0.762062128,-0.924985414,-0.2246603969999999,-0.003182033,-0.2737341769999999,0.0,2017-02-21,1
2017-02-21 13:15:00,-0.11856885,-0.752808989,-0.94687856,-0.217554859,-0.029089939,-0.286392405,0.0,2017-02-21,1
2017-02-21 13:30:00,-0.119653652,-0.746199603,-0.963270636,-0.211703239,-0.049044364,-0.2982594939999999,0.0,2017-02-21,1
2017-02-21 13:45:00,-0.1210737569999999,-0.7422339720000001,-0.973494846,-0.208359457,-0.06189567,-0.308544304,0.0,2017-02-21,1
2017-02-21 14:00:00,-0.122829163,-0.740912095,-0.976995527,-0.206687565,-0.066432633,-0.316455696,0.0,2017-02-21,1
2017-02-21 14:15:00,-0.124900149,-0.743555849,-0.966882449,-0.207105538,-0.066083636,-0.32278481,0.0,2017-02-21,1
2017-02-21 14:30:00,-0.127306437,-0.752808989,-0.938765871,-0.2079414839999999,-0.065077703,-0.329113924,0.0,2017-02-21,1
2017-02-21 14:45:00,-0.1300480269999999,-0.767349636,-0.8962020390000001,-0.208777429,-0.063414834,-0.335443038,0.0,2017-02-21,1
2017-02-21 15:00:00,-0.133144644,-0.785855915,-0.842524935,-0.210449321,-0.061136088,-0.341772152,0.0,2017-02-21,1
2017-02-21 15:15:00,-0.136556839,-0.805684071,-0.781290807,-0.212121212,-0.058261994,-0.347310127,0.0,2017-02-21,1
2017-02-21 15:30:00,-0.140343784,-0.826834104,-0.715944767,-0.214211076,-0.054813081,-0.352848101,0.0,2017-02-21,1
2017-02-21 15:45:00,-0.144466031,-0.8479841370000001,-0.649931931,-0.216718913,-0.050809879,-0.358386076,0.0,2017-02-21,1
2017-02-21 16:15:00,-0.174939103,-0.8863185720000001,-0.5296863279999999,-0.22215256,-0.04126378,-0.3662974679999999,0.0,2017-02-21,1
2017-02-21 16:30:00,-0.225747281,-0.90085922,-0.482399355,-0.225496343,-0.035761943,-0.368670886,0.0,2017-02-21,1
2017-02-21 16:45:00,-0.296515813,-0.91011236,-0.44828161,-0.228840125,-0.029808462,-0.370253165,0.0,2017-02-21,1
2017-02-21 17:00:00,-0.3818009679999999,-0.912756114,-0.430778207,-0.232183908,-0.023423867,-0.371044304,0.0,2017-02-21,1
2017-02-21 17:15:00,-0.4762181829999999,-0.903502974,-0.42294335,-0.237199582,-0.008745458,-0.369462025,0.0,2017-02-21,1
2017-02-21 17:30:00,-0.5742842770000001,-0.874421679,-0.415664157,-0.244723093,0.020221305,-0.363924051,0.0,2017-02-21,1
2017-02-21 17:45:00,-0.670555517,-0.8307997359999999,-0.408885061,-0.254336468,0.060581799,-0.356803797,0.0,2017-02-21,1
2017-02-21 18:00:00,-0.759627617,-0.7752808990000001,-0.402717195,-0.265621735,0.109544045,-0.346518987,0.1103329999999999,2017-02-21,1
2017-04-26 08:00:00,-0.853946214,-0.554527429,-0.586030617,-0.168652038,0.580628605,0.331487342,0.053333,2017-04-26,1
2017-04-26 08:15:00,-0.811205018,-0.553205552,-0.5877531739999999,-0.168234065,0.579376322,0.3409810129999999,0.22,2017-04-26,1
2017-04-26 08:30:00,-0.7670437179999999,-0.549239921,-0.5895868639999999,-0.166562173,0.575783704,0.352056962,0.287667,2017-04-26,1
2017-04-26 08:45:00,-0.722882417,-0.543952412,-0.59147612,-0.164054336,0.5700971029999999,0.363132911,0.7140000000000001,2017-04-26,1
2017-04-26 09:00:00,-0.6801806690000001,-0.53602115,-0.59330981,-0.160710554,0.562501283,0.375,1.048,2017-04-26,1
2017-04-26 09:15:00,-0.640358576,-0.526768011,-0.5951435,-0.156948798,0.5532836529999999,0.386867089,1.58433,2017-04-26,1
2017-04-26 09:30:00,-0.604855968,-0.514871117,-0.5968660570000001,-0.152351097,0.542628975,0.3979430379999999,2.34433,2017-04-26,1
2017-04-26 09:45:00,-0.5703592670000001,-0.5042960999999999,-0.598421915,-0.147335423,0.53080413,0.409018987,3.74,2017-04-26,1
2017-04-26 10:00:00,-0.533239317,-0.49107733,-0.599811074,-0.142319749,0.518034941,0.417721519,4.58567,2017-04-26,1
2017-04-26 10:15:00,-0.494363961,-0.4778585589999999,-0.6009779679999999,-0.1368861019999999,0.5045266979999999,0.425632911,3.687,2017-04-26,1
2017-04-26 10:30:00,-0.454640487,-0.4646397879999999,-0.60186703,-0.131452456,0.4905462829999999,0.431962025,4.26567,2017-04-26,1
2017-04-26 10:45:00,-0.415015631,-0.450099141,-0.602422693,-0.126436782,0.476298988,0.435917722,6.532,2017-04-26,1
2017-04-26 11:00:00,-0.376357235,-0.43688037,-0.602644959,-0.121421108,0.4620311629999999,0.4375,5.321000000000001,2017-04-26,1
2017-04-26 11:15:00,-0.3395725879999999,-0.421017845,-0.6012558000000001,-0.115987461,0.444807128,0.436708861,3.761330000000001,2017-04-26,1
2017-04-26 11:30:00,-0.305588702,-0.402511566,-0.597532854,-0.109717868,0.422307076,0.436708861,3.758,2017-04-26,1
2017-04-26 11:45:00,-0.275293143,-0.380039656,-0.591753952,-0.10261233,0.3956601179999999,0.435126582,4.351,2017-04-26,1
2017-04-26 12:00:00,-0.249612923,-0.354923992,-0.584419193,-0.095506792,0.36601589,0.434335443,6.244330000000001,2017-04-26,1
2017-04-26 12:15:00,-0.229415883,-0.328486451,-0.575861973,-0.087983281,0.3345445589999999,0.432753165,7.20367,2017-04-26,1
2017-04-26 12:30:00,-0.215648761,-0.302048909,-0.566526825,-0.080041797,0.302375234,0.431170886,6.90833,2017-04-26,1
2017-04-26 12:45:00,-0.205589688,-0.276933245,-0.556802712,-0.072518286,0.270678081,0.4287974679999999,5.91033,2017-04-26,1
2017-04-26 13:00:00,-0.195944813,-0.253139458,-0.547134165,-0.0654127479999999,0.2406027389999999,0.42721519,7.28133,2017-04-26,1
2017-04-26 13:15:00,-0.18679303,-0.231989425,-0.537910149,-0.058725183,0.213278315,0.424841772,8.06633,2017-04-26,1
2017-04-26 13:30:00,-0.178173785,-0.213483146,-0.5295196289999999,-0.05245559,0.189874977,0.422468354,7.175,2017-04-26,1
2017-04-26 13:45:00,-0.170126527,-0.200264375,-0.522407135,-0.047439916,0.171521833,0.420886076,5.81433,2017-04-26,1
2017-04-26 14:00:00,-0.162749874,-0.192333113,-0.516961631,-0.043260188,0.15938905,0.418512658,5.67933,2017-04-26,1
2017-04-26 14:15:00,-0.156043826,-0.188367482,-0.5125163229999999,-0.039916405,0.150889943,0.416139241,5.89633,2017-04-26,1
2017-04-26 14:30:00,-0.150107001,-0.1830799739999999,-0.508293279,-0.036572623,0.142739833,0.412974684,7.03267,2017-04-26,1
2017-04-26 14:45:00,-0.144959123,-0.1791143419999999,-0.504292501,-0.03322884,0.135000308,0.409810127,7.10767,2017-04-26,1
2017-04-26 15:00:00,-0.140679086,-0.175148711,-0.500402856,-0.029885057,0.127774014,0.40585443,7.867669999999999,2017-04-26,1
2017-04-26 15:15:00,-0.137286615,-0.17118308,-0.496791043,-0.0269592479999999,0.12110201,0.401898734,8.81933,2017-04-26,1
2017-04-26 15:30:00,-0.134880327,-0.167217449,-0.493345928,-0.0240334379999999,0.115107471,0.3979430379999999,8.333,2017-04-26,1
2017-04-26 15:45:00,-0.133479946,-0.164573695,-0.4901230789999999,-0.021525601,0.109810926,0.393987342,5.683330000000001,2017-04-26,1
2017-04-26 16:00:00,-0.1336180119999999,-0.161929941,-0.487122496,-0.0194357369999999,0.105315021,0.390822785,4.42933,2017-04-26,1
2017-04-26 16:15:00,-0.149771699,-0.160608063,-0.4843997439999999,-0.017345873,0.101681345,0.387658228,5.811,2017-04-26,1
2017-04-26 16:30:00,-0.185885741,-0.159286186,-0.481843692,-0.016091954,0.098992014,0.38528481,7.08633,2017-04-26,1
2017-04-26 16:45:00,-0.2380154039999999,-0.157964309,-0.479565471,-0.015256008,0.097329145,0.383702532,5.19667,2017-04-26,1
2017-04-26 17:00:00,-0.30213706,-0.157964309,-0.477509516,-0.014838036,0.0967543269999999,0.382911392,4.38333,2017-04-26,1
2017-04-26 17:15:00,-0.374345421,-0.160608063,-0.475675826,-0.016509927,0.100531707,0.384493671,4.90867,2017-04-26,1
2017-04-26 17:30:00,-0.450656305,-0.165895572,-0.474064401,-0.01985371,0.111165856,0.387658228,3.95333,2017-04-26,1
2017-04-26 17:45:00,-0.5270855320000001,-0.175148711,-0.47256411,-0.025705329,0.127630309,0.3931962029999999,2.394,2017-04-26,1
2017-04-26 18:00:00,-0.59970809,-0.187045605,-0.471230517,-0.032810867,0.148919135,0.400316456,1.94667,2017-04-26,1
2017-05-02 08:00:00,-0.402392481,-0.283542631,0.6806045620000001,-0.0106583069999999,0.318141693,0.032436709,3.46667,2017-05-02,1
2017-05-02 08:15:00,-0.357225274,-0.2729676139999999,0.680048898,-0.006060606,0.28293404,0.038765823,3.4563300000000003,2017-05-02,1
2017-05-02 08:30:00,-0.317639865,-0.241242564,0.67849304,0.003970742,0.229065304,0.045094937,3.82533,2017-05-02,1
2017-05-02 08:45:00,-0.28172306,-0.19365499,0.676103687,0.017763845,0.160661863,0.0506329109999999,4.67767,2017-05-02,1
2017-05-02 09:00:00,-0.247581385,-0.132848645,0.6730475370000001,0.034900731,0.081891154,0.056962025,2.582,2017-05-02,1
2017-05-02 09:15:00,-0.213321368,-0.065432915,0.669546856,0.054127482,-0.003140974,0.0625,3.49167,2017-05-02,1
2017-05-02 09:30:00,-0.1770100889999999,0.005948447,0.66582391,0.07460815,-0.090267085,0.067246835,3.85767,2017-05-02,1
2017-05-02 09:45:00,-0.138568653,-0.6386107600394471,0.661989831,0.094670846,-0.175360801,0.071993671,2.08133,2017-05-02,1
2017-05-02 10:00:00,-0.0996144019999999,-0.6386107600394471,0.658266885,0.114315569,-0.254254686,0.075949367,2.60033,2017-05-02,1
2017-05-02 10:15:00,-0.060896835,-0.6386107600394471,0.6548773370000001,0.131870428,-0.32284289,0.079113924,2.43267,2017-05-02,1
2017-05-02 10:30:00,-0.023165452,-0.6386107600394471,0.65193232,0.146499478,-0.376957977,0.081487342,1.69767,2017-05-02,1
2017-05-02 10:45:00,0.012889419,-0.6386107600394471,0.649709666,0.156948798,-0.412473569,0.08306962,2.24133,2017-05-02,1
2017-05-02 11:00:00,0.046498555,-0.6386107600394471,0.648320507,0.162800418,-0.425222229,0.083860759,1.88267,2017-05-02,1
2017-05-02 11:15:00,0.07693218,-0.6386107600394471,0.647431445,0.165726228,-0.424791115,0.08306962,1.52,2017-05-02,1
2017-05-02 11:30:00,0.103499965,-0.6386107600394471,0.646542383,0.168234065,-0.423518302,0.081487342,1.261,2017-05-02,1
2017-05-02 11:45:00,0.125412964,-0.6386107600394471,0.6457644539999999,0.170741902,-0.421506436,0.079113924,2.16633,2017-05-02,1
2017-05-02 12:00:00,0.141980848,-0.6386107600394471,0.644986525,0.1732497389999999,-0.418796576,0.076740506,1.6869999999999998,2017-05-02,1
2017-05-02 12:15:00,0.152473841,-0.6386107600394471,0.644319729,0.175339603,-0.4154708379999999,0.073575949,2.16333,2017-05-02,1
2017-05-02 12:30:00,0.156122721,-0.6386107600394471,0.6436529329999999,0.177011494,-0.411590811,0.0696202529999999,1.85067,2017-05-02,1
2017-05-02 12:45:00,0.150974842,-0.6386107600394471,0.643097269,0.178683386,-0.407238611,0.066455696,1.69433,2017-05-02,1
2017-05-02 13:00:00,0.136339878,-0.6386107600394471,0.642652738,0.179937304,-0.402496356,0.063291139,1.82933,2017-05-02,1
2017-05-02 13:15:00,0.113381525,-0.6386107600394471,0.642263774,0.181191223,-0.397405104,0.060917722,1.29967,2017-05-02,1
2017-05-02 13:30:00,0.08332265,-0.6386107600394471,0.641985942,0.182027168,-0.392046971,0.058544304,1.094,2017-05-02,1
2017-05-02 13:45:00,0.047326949,-0.6386107600394471,0.6418192429999999,0.182445141,-0.386504075,0.056962025,0.852333,2017-05-02,1
2017-05-02 14:00:00,0.0066172919999999,-0.6386107600394471,0.6417636760000001,0.182445141,-0.380817474,0.0561708859999999,1.21467,2017-05-02,1
2017-05-02 14:15:00,-0.037622903,-0.6386107600394471,0.642486039,0.181609195,-0.374227587,0.0561708859999999,1.833,2017-05-02,1
2017-05-02 14:30:00,-0.084210215,-0.6386107600394471,0.644597561,0.178683386,-0.365954302,0.056962025,2.24167,2017-05-02,1
2017-05-02 14:45:00,-0.131961223,-0.6386107600394471,0.647709277,0.174085684,-0.356202911,0.056962025,1.78333,2017-05-02,1
2017-05-02 15:00:00,-0.179653061,-0.6386107600394471,0.6516544879999999,0.168234065,-0.345137649,0.057753165,3.38867,2017-05-02,1
2017-05-02 15:15:00,-0.226102307,-0.6386107600394471,0.656155364,0.161546499,-0.332922748,0.058544304,4.333,2017-05-02,1
2017-05-02 15:30:00,-0.270125541,-0.6386107600394471,0.660878504,0.1536050159999999,-0.319763503,0.059335443,4.369,2017-05-02,1
2017-05-02 15:45:00,-0.31051962,-0.6386107600394471,0.665601645,0.1456635319999999,-0.3058036169999999,0.060126582,4.40767,2017-05-02,1
2017-05-02 16:00:00,-0.346180018,-0.6386107600394471,0.670046954,0.137304075,-0.291227854,0.060917722,4.5393300000000005,2017-05-02,1
2017-05-02 16:15:00,-0.378724076,-0.6386107600394471,0.673992165,0.128944619,-0.276220977,0.061708861,2.7276700000000003,2017-05-02,1
2017-05-02 16:30:00,-0.4097099629999999,-0.6386107600394471,0.6771594479999999,0.121421108,-0.260947219,0.063291139,3.28533,2017-05-02,1
2017-05-02 16:45:00,-0.439749115,-0.6386107600394471,0.6792154029999999,0.1138975969999999,-0.245591345,0.0640822779999999,2.792,2017-05-02,1
2017-05-02 17:00:00,-0.46943324,-0.6386107600394471,0.679993332,0.107628004,-0.2303381169999999,0.065664557,2.465,2017-05-02,1
2017-05-02 17:15:00,-0.499334326,-0.6386107600394471,0.654043842,0.1021943569999999,-0.2149411839999999,0.068037975,2.50067,2017-05-02,1
2017-05-02 17:30:00,-0.53008353,-0.6386107600394471,0.582418804,0.096760711,-0.199051549,0.071202532,2.43667,2017-05-02,1
2017-05-02 17:45:00,-0.562233114,-0.6386107600394471,0.474175534,0.092163009,-0.182628154,0.075158228,2.021,2017-05-02,1
2017-05-02 18:00:00,-0.5964142370000001,-0.020489095,0.338538049,0.087147335,-0.165588881,0.080696203,1.616,2017-05-02,1
2017-05-31 08:00:00,-0.8879498229999999,-0.49107733,-0.946822993,0.138557994,0.680318614,0.0870253159999999,0.922,2017-05-31,1
2017-05-31 08:15:00,-0.871164979,-0.492399207,-0.945100436,0.138557994,0.678121985,0.09414557,0.880667,2017-05-31,1
2017-05-31 08:30:00,-0.853630635,-0.496364838,-0.940432862,0.139393939,0.6719426820000001,0.101265823,1.6183299999999998,2017-05-31,1
2017-05-31 08:45:00,-0.835267897,-0.501652346,-0.933431501,0.140229885,0.662376055,0.109968354,1.33767,2017-05-31,1
2017-05-31 09:00:00,-0.816037317,-0.509583609,-0.924596449,0.141065831,0.65001745,0.117879747,1.33067,2017-05-31,1
2017-05-31 09:15:00,-0.795840278,-0.517514871,-0.914538938,0.1427377219999999,0.635441687,0.126582278,1.73133,2017-05-31,1
2017-05-31 09:30:00,-0.774617607,-0.526768011,-0.903925763,0.144409613,0.619285172,0.134493671,1.55733,2017-05-31,1
2017-05-31 09:45:00,-0.749075453,-0.53602115,-0.8933125890000001,0.146081505,0.602102195,0.142405063,1.72,2017-05-31,1
2017-05-31 10:00:00,-0.717123105,-0.545274289,-0.883310644,0.148171369,0.584529162,0.148734177,2.04233,2017-05-31,1
2017-05-31 10:15:00,-0.6803976290000001,-0.554527429,-0.874475592,0.150261233,0.567120363,0.155063291,2.085,2017-05-31,1
2017-05-31 10:30:00,-0.640536089,-0.562458691,-0.867418665,0.15276907,0.550491675,0.159018987,1.97133,2017-05-31,1
2017-05-31 10:45:00,-0.5991952739999999,-0.5690680770000001,-0.86275109,0.154858934,0.535258976,0.162183544,2.14733,2017-05-31,1
2017-05-31 11:00:00,-0.558031972,-0.574355585,-0.8610841,0.157366771,0.521976556,0.162974684,1.43633,2017-05-31,1
2017-05-31 11:15:00,-0.5186635239999999,-0.578321216,-0.861473064,0.161128527,0.5102954160000001,0.162974684,1.11733,2017-05-31,1
2017-05-31 11:30:00,-0.482766442,-0.582286847,-0.862528825,0.165726228,0.499291741,0.162183544,1.457,2017-05-31,1
2017-05-31 11:45:00,-0.451977791,-0.586252479,-0.8641402490000001,0.17199582,0.488801297,0.160601266,1.639,2017-05-31,1
2017-05-31 12:00:00,-0.427934636,-0.59021811,-0.866140638,0.179101358,0.478639322,0.159018987,3.1630000000000003,2017-05-31,1
2017-05-31 12:15:00,-0.4123134879999999,-0.594183741,-0.8683632929999999,0.186624869,0.468621051,0.157436709,2.78467,2017-05-31,1
2017-05-31 12:30:00,-0.406731689,-0.596827495,-0.870808213,0.194566353,0.45860278,0.155063291,2.64267,2017-05-31,1
2017-05-31 12:45:00,-0.40754036,-0.600793126,-0.873197566,0.202507837,0.448379216,0.152689873,2.376,2017-05-31,1
2017-05-31 13:00:00,-0.409887476,-0.60343688,-0.8754757870000001,0.210449321,0.437786126,0.150316456,1.92433,2017-05-31,1
2017-05-31 13:15:00,-0.413694145,-0.604758757,-0.8774761759999999,0.217972832,0.426638747,0.147943038,2.317,2017-05-31,1
2017-05-31 13:30:00,-0.4188223,-0.606080635,-0.8790320340000001,0.224242424,0.414752315,0.14556962,3.13933,2017-05-31,1
2017-05-31 13:45:00,-0.425212769,-0.6074025120000001,-0.880087795,0.229676071,0.401983125,0.143196203,3.947,2017-05-31,1
2017-05-31 14:00:00,-0.432747212,-0.6074025120000001,-0.8804767590000001,0.2338557989999999,0.388125885,0.140822785,3.79333,2017-05-31,1
2017-05-31 14:15:00,-0.441346732,-0.6074025120000001,-0.8780874059999999,0.237199582,0.371127671,0.138449367,2.416,2017-05-31,1
2017-05-31 14:30:00,-0.450873266,-0.604758757,-0.871197177,0.240543365,0.349777258,0.13528481,2.541,2017-05-31,1
2017-05-31 14:45:00,-0.46126764,-0.602115003,-0.860083905,0.243887147,0.325224282,0.132911392,2.08733,2017-05-31,1
2017-05-31 15:00:00,-0.472411515,-0.596827495,-0.845080988,0.246812957,0.298536265,0.129746835,2.81467,2017-05-31,1
2017-05-31 15:15:00,-0.484186546,-0.592861864,-0.8265218240000001,0.249738767,0.270821786,0.126582278,2.36833,2017-05-31,1
2017-05-31 15:30:00,-0.496533565,-0.587574356,-0.8048509429999999,0.252664577,0.243230482,0.123417722,1.77933,2017-05-31,1
2017-05-31 15:45:00,-0.5093342270000001,-0.582286847,-0.780290612,0.254754441,0.2168298739999999,0.121044304,1.70833,2017-05-31,1
2017-05-31 16:00:00,-0.522627982,-0.578321216,-0.753174228,0.256844305,0.192728542,0.117879747,1.2673299999999998,2017-05-31,1
2017-05-31 16:15:00,-0.540635694,-0.573033708,-0.723946323,0.258516196,0.172076122,0.116297468,1.284,2017-05-31,1
2017-05-31 16:30:00,-0.564481613,-0.570389954,-0.6928291609999999,0.259770115,0.1559401369999999,0.113924051,0.913333,2017-05-31,1
2017-05-31 16:45:00,-0.592962594,-0.5677462,-0.660211708,0.260606061,0.145449693,0.113132911,0.496667,2017-05-31,1
2017-05-31 17:00:00,-0.6247965999999999,-0.5677462,-0.626427361,0.261024033,0.1416928409999999,0.113132911,0.410667,2017-05-31,1
2017-05-31 17:15:00,-0.658819933,-0.574355585,-0.578751424,0.260606061,0.144751699,0.113132911,0.517,2017-05-31,1
2017-05-31 17:30:00,-0.693750555,-0.594183741,-0.507293085,0.258934169,0.15341504,0.115506329,0.493667,2017-05-31,1
2017-05-31 17:45:00,-0.728405045,-0.624586913,-0.41699775,0.2560083589999999,0.166964341,0.117879747,0.620667,2017-05-31,1
2017-05-31 18:00:00,-0.76152109,-0.661599471,-0.312644125,0.252664577,0.18464002,0.121835443,1.27,2017-05-31,1
2017-06-02 08:00:00,-0.7299040440000001,-0.70257766,-0.679382102,0.178265413,0.60413459,-0.045094937,0.7743329999999999,2017-06-02,1
2017-06-02 08:15:00,-0.691048412,-0.695968275,-0.676437085,0.185788924,0.579745848,-0.04193038,0.7809999999999999,2017-06-02,1
2017-06-02 08:30:00,-0.653257857,-0.686715135,-0.668213264,0.19414838,0.550491675,-0.037974684,1.31,2017-06-02,1
2017-06-02 08:45:00,-0.617202986,-0.6748182420000001,-0.655766399,0.20292581,0.517542239,-0.034810127,2.041,2017-06-02,1
2017-06-02 09:00:00,-0.5835544029999999,-0.661599471,-0.640152252,0.212121212,0.482026647,-0.03085443,3.549,2017-06-02,1
2017-06-02 09:15:00,-0.552962989,-0.648380701,-0.622482149,0.2217345869999999,0.445135596,-0.026898734,3.70767,2017-06-02,1
2017-06-02 09:30:00,-0.526099348,-0.633840053,-0.603756286,0.231347962,0.408039252,-0.023734177,3.811,2017-06-02,1
2017-06-02 09:45:00,-0.50075443,-0.6179775279999999,-0.585030423,0.240961338,0.371866724,-0.02056962,2.4530000000000003,2017-06-02,1
2017-06-02 10:00:00,-0.474679737,-0.60343688,-0.567304754,0.249738767,0.337829238,-0.017405063,1.80267,2017-06-02,1
2017-06-02 10:15:00,-0.44842753,-0.5888962329999999,-0.551746173,0.258098224,0.307035372,-0.015031646,1.58333,2017-06-02,1
2017-06-02 10:30:00,-0.4225500729999999,-0.574355585,-0.5392993079999999,0.265621735,0.280696352,-0.013449367,2.65633,2017-06-02,1
2017-06-02 10:45:00,-0.3976193529999999,-0.561136814,-0.5310754870000001,0.271891327,0.259941286,-0.0118670889999999,3.08733,2017-06-02,1
2017-06-02 11:00:00,-0.374207355,-0.5505617979999999,-0.52813047,0.277324974,0.245940342,-0.0118670889999999,2.724,2017-06-02,1
2017-06-02 11:15:00,-0.352846619,-0.539986781,-0.529853027,0.281504702,0.235901542,-0.0118670889999999,3.65633,2017-06-02,1
2017-06-02 11:30:00,-0.334128855,-0.529411765,-0.5349095660000001,0.286102403,0.226252797,-0.013449367,3.26067,2017-06-02,1
2017-06-02 11:45:00,-0.318586602,-0.520158625,-0.542855555,0.2902821319999999,0.217117284,-0.015822785,1.58533,2017-06-02,1
2017-06-02 12:00:00,-0.306791846,-0.5122273629999999,-0.553246465,0.29446186,0.208556589,-0.018196203,2.139,2017-06-02,1
2017-06-02 12:15:00,-0.299296851,-0.5029742229999999,-0.565637763,0.298223615,0.200693888,-0.02056962,2.55067,2017-06-02,1
2017-06-02 12:30:00,-0.296673603,-0.495042961,-0.5796404860000001,0.301985371,0.19359077,-0.023734177,2.196,2017-06-02,1
2017-06-02 12:45:00,-0.297482273,-0.485789822,-0.594921235,0.305329154,0.187329351,-0.026898734,1.599,2017-06-02,1
2017-06-02 13:00:00,-0.299809667,-0.4778585589999999,-0.610979913,0.307836991,0.182012276,-0.029272152,1.70833,2017-06-02,1
2017-06-02 13:15:00,-0.3036360589999999,-0.46860542,-0.627427555,0.310344828,0.177721665,-0.03164557,1.844,2017-06-02,1
2017-06-02 13:30:00,-0.308843108,-0.45935228,-0.643819632,0.312016719,0.174539632,-0.034018987,1.4780000000000002,2017-06-02,1
2017-06-02 13:45:00,-0.315411091,-0.450099141,-0.659822743,0.313270637,0.1725688239999999,-0.034810127,2.778,2017-06-02,1
2017-06-02 14:00:00,-0.3232216639999999,-0.440846001,-0.674936793,0.313270637,0.171911888,-0.035601266,2.54233,2017-06-02,1
2017-06-02 14:15:00,-0.332215659,-0.4289491079999999,-0.6914955690000001,0.312016719,0.175196568,-0.035601266,2.07,2017-06-02,1
2017-06-02 14:30:00,-0.342333902,-0.415730337,-0.7112216259999999,0.308672936,0.184434727,-0.035601266,3.18967,2017-06-02,1
2017-06-02 14:45:00,-0.3534974999999999,-0.402511566,-0.7333370379999999,0.3032392889999999,0.198723081,-0.035601266,2.65833,2017-06-02,1
2017-06-02 15:00:00,-0.3656275579999999,-0.386649042,-0.756952741,0.296133751,0.217137813,-0.035601266,1.89967,2017-06-02,1
2017-06-02 15:15:00,-0.378664905,-0.372108394,-0.781124107,0.287774295,0.238734577,-0.035601266,1.06067,2017-06-02,1
2017-06-02 15:30:00,-0.392530646,-0.356245869,-0.8049620759999999,0.2785788919999999,0.262589559,-0.035601266,0.8486670000000001,2017-06-02,1
2017-06-02 15:45:00,-0.40716561,-0.343027098,-0.827577585,0.2685475439999999,0.28779947,-0.034810127,0.799333,2017-06-02,1
2017-06-02 16:00:00,-0.422806481,-0.329808328,-0.848137138,0.258098224,0.3134199669999999,-0.034810127,0.743667,2017-06-02,1
2017-06-02 16:15:00,-0.449512332,-0.319233311,-0.865640541,0.248066876,0.338547761,-0.034810127,0.791667,2017-06-02,1
2017-06-02 16:30:00,-0.489531661,-0.3113020489999999,-0.8792542990000001,0.238035528,0.362259038,-0.034810127,1.1443299999999998,2017-06-02,1
2017-06-02 16:45:00,-0.539471997,-0.306014541,-0.888089351,0.229258098,0.383609452,-0.034810127,1.7453299999999998,2017-06-02,1
2017-06-02 17:00:00,-0.595901421,-0.303370787,-0.891256633,0.220898642,0.401695716,-0.034810127,0.943333,2017-06-02,1
2017-06-02 17:15:00,-0.6554669089999999,-0.313945803,-0.8898674740000001,0.213375131,0.417421116,-0.033227848,1.11,2017-06-02,1
2017-06-02 17:30:00,-0.714736541,-0.343027098,-0.8858666959999999,0.20585162,0.432427994,-0.028481013,0.811333,2017-06-02,1
2017-06-02 17:45:00,-0.7703375709999999,-0.386649042,-0.8793098659999999,0.197910136,0.4468395229999999,-0.021360759,0.943333,2017-06-02,1
2017-06-02 18:00:00,-0.818838079,-0.440846001,-0.870363682,0.189968652,0.46075835,-0.012658228,0.611333,2017-06-02,1
2017-06-03 08:00:00,-0.8363526990000001,-0.825512227,-0.701275248,0.107210031,0.610396009,0.125791139,0.0,2017-06-03,1
2017-06-03 08:15:00,-0.816313449,-0.822868473,-0.699663824,0.109717868,0.611011886,0.128955696,0.0,2017-06-03,1
2017-06-03 08:30:00,-0.7961558559999999,-0.816259088,-0.6979968329999999,0.112225705,0.612736343,0.132911392,0.0,2017-06-03,1
2017-06-03 08:45:00,-0.77576158,-0.8070059479999999,-0.696218709,0.115151515,0.615405145,0.136867089,0.0,2017-06-03,1
2017-06-03 09:00:00,-0.755091173,-0.796430932,-0.69421832,0.118077325,0.618833528,0.141613924,0.0,2017-06-03,1
2017-06-03 09:15:00,-0.734026292,-0.7832121609999999,-0.6920512320000001,0.121003135,0.622898319,0.14556962,0.0,2017-06-03,1
2017-06-03 09:30:00,-0.71252749,-0.7686715140000001,-0.689606312,0.123928945,0.6274147520000001,0.149525316,0.0,2017-06-03,1
2017-06-03 09:45:00,-0.688760466,-0.755452743,-0.6867724279999999,0.127272727,0.632218595,0.153481013,0.0,2017-06-03,1
2017-06-03 10:00:00,-0.661660141,-0.7422339720000001,-0.683549579,0.130198537,0.637145614,0.15664557,0.0,2017-06-03,1
2017-06-03 10:15:00,-0.632291595,-0.7303370790000001,-0.679882199,0.133124347,0.642011045,0.159810127,0.0,2017-06-03,1
2017-06-03 10:30:00,-0.601641009,-0.721083939,-0.6756591559999999,0.136050157,0.6466917120000001,0.162183544,0.0,2017-06-03,1
2017-06-03 10:45:00,-0.5707340160000001,-0.7157964309999999,-0.670880449,0.138975967,0.651002854,0.163765823,0.0,2017-06-03,1
2017-06-03 11:00:00,-0.540635694,-0.7131526770000001,-0.665490512,0.141901776,0.654759705,0.163765823,0.0,2017-06-03,1
2017-06-03 11:15:00,-0.5123322260000001,-0.717118308,-0.6455421889999999,0.144827586,0.658413911,0.162974684,0.0,2017-06-03,1
2017-06-03 11:30:00,-0.486888689,-0.72504957,-0.600144473,0.147335423,0.662396584,0.161392405,0.0,2017-06-03,1
2017-06-03 11:45:00,-0.4653109929999999,-0.739590218,-0.5334092739999999,0.150261233,0.666605079,0.158227848,0.0,2017-06-03,1
2017-06-03 12:00:00,-0.448605043,-0.75677462,-0.449559637,0.153187043,0.67091622,0.153481013,0.0,2017-06-03,1
2017-06-03 12:15:00,-0.437855642,-0.7752808990000001,-0.352763037,0.156112853,0.6751657740000001,0.148734177,0.0,2017-06-03,1
2017-06-03 12:30:00,-0.43402925,-0.796430932,-0.247242519,0.159038662,0.679271622,0.143987342,0.0,2017-06-03,1
2017-06-03 12:45:00,-0.434147592,-0.816259088,-0.13716556,0.161964472,0.683069533,0.138449367,0.0,2017-06-03,1
2017-06-03 18:00:00,-0.744460114,-0.63516193,0.580529547,0.16907001,0.481472357,0.085443038,0.0,2017-06-03,1
2017-06-04 08:00:00,-0.606473309,-0.434236616,0.532353513,0.067920585,0.568762702,0.05221519,0.0,2017-06-04,1
2017-06-04 08:15:00,-0.555093145,-0.38268341,0.542411024,0.07460815,0.535731149,0.05221519,0.0,2017-06-04,1
2017-06-04 08:30:00,-0.5064348479999999,-0.3165895569999999,0.551246076,0.081713689,0.500359262,0.05221519,0.0,2017-06-04,1
2017-06-04 08:45:00,-0.4615240479999999,-0.23859881,0.559025366,0.0892372,0.4634066229999999,0.05221519,0.0,2017-06-04,1
2017-06-04 09:00:00,-0.421327206,-0.155320555,0.566026727,0.096760711,0.425591755,0.05221519,0.0,2017-06-04,1
2017-06-04 09:15:00,-0.386889676,-0.066754792,0.572416859,0.104284222,0.387694771,0.05221519,0.0,2017-06-04,1
2017-06-04 09:30:00,-0.359177917,-0.6386107600394471,0.5785291579999999,0.1118077319999999,0.350393135,0.05221519,0.0,2017-06-04,1
2017-06-04 09:45:00,-0.335213657,-0.6386107600394471,0.584641458,0.119331243,0.314466958,0.05221519,0.0,2017-06-04,1
2017-06-04 10:00:00,-0.31148608,-0.6386107600394471,0.59086489,0.126436782,0.280655293,0.051424051,0.0,2017-06-04,1
2017-06-04 10:15:00,-0.288350214,-0.6386107600394471,0.597532854,0.13354232,0.249656135,0.051424051,0.0,2017-06-04,1
2017-06-04 10:30:00,-0.266180807,-0.6386107600394471,0.60492318,0.139393939,0.222249595,0.051424051,0.0,2017-06-04,1
2017-06-04 10:45:00,-0.245313163,-0.6386107600394471,0.613202567,0.145245559,0.199154195,0.0506329109999999,0.0,2017-06-04,1
2017-06-04 11:00:00,-0.226102307,-0.6386107600394471,0.622648848,0.14984326,0.181129519,0.0506329109999999,0.0,2017-06-04,1
2017-06-04 11:15:00,-0.208883542,-0.6386107600394471,0.6342622179999999,0.154440961,0.165937879,0.049841772,0.0,2017-06-04,1
2017-06-04 11:30:00,-0.194011893,-0.6386107600394471,0.648376073,0.159038662,0.151033647,0.047468354,0.0,2017-06-04,1
2017-06-04 11:45:00,-0.181842388,-0.6386107600394471,0.664545884,0.163636364,0.136622118,0.0435126579999999,0.0,2017-06-04,1
2017-06-04 12:00:00,-0.172710328,-0.6386107600394471,0.68216042,0.167816092,0.122888054,0.038765823,0.0,2017-06-04,1
2017-06-04 12:15:00,-0.166990464,-0.6386107600394471,0.700608452,0.172413793,0.1100367469999999,0.034018987,0.0,2017-06-04,1
2017-06-04 12:30:00,-0.164998373,-0.6386107600394471,0.719445448,0.176175549,0.098252961,0.029272152,0.0,2017-06-04,1
2017-06-04 12:45:00,-0.165096991,-0.6386107600394471,0.738004612,0.179937304,0.087741988,0.023734177,0.0,2017-06-04,1
2017-06-04 13:00:00,-0.165373123,-0.6386107600394471,0.755841414,0.182863114,0.0787091209999999,0.018987342,0.0,2017-06-04,1
2017-06-04 13:15:00,-0.1658267669999999,-0.009914078,0.772289056,0.185370951,0.071339123,0.014240506,0.0,2017-06-04,1
2017-06-04 13:30:00,-0.166477648,-0.058823529,0.786847443,0.187460815,0.065837285,0.011075949,0.0,2017-06-04,1
2017-06-04 13:45:00,-0.167325766,-0.102445473,0.798960909,0.188714734,0.062388372,0.0087025319999999,0.0,2017-06-04,1
2017-06-04 14:00:00,-0.1683513969999999,-0.13945803,0.8080737920000001,0.189132706,0.061177147,0.007911392,0.0,2017-06-04,1
2017-06-04 14:15:00,-0.169593988,-0.169861203,0.815464118,0.189132706,0.0618751409999999,0.007911392,0.0,2017-06-04,1
2017-06-04 14:30:00,-0.171014093,-0.198942498,0.822687745,0.189132706,0.063845949,0.007911392,0.0,2017-06-04,1
2017-06-04 14:45:00,-0.172651157,-0.2280237939999999,0.8296891059999999,0.188714734,0.067007452,0.0087025319999999,0.0,2017-06-04,1
2017-06-04 15:00:00,-0.174465735,-0.255783212,0.8364126359999999,0.188296761,0.071277535,0.0087025319999999,0.0,2017-06-04,1
2017-06-04 15:15:00,-0.176497273,-0.282220753,0.842691634,0.187878788,0.076553551,0.009493671,0.0,2017-06-04,1
2017-06-04 15:30:00,-0.178745772,-0.307336418,0.84841497,0.187460815,0.082753382,0.009493671,0.0,2017-06-04,1
2017-06-04 15:45:00,-0.181171783,-0.332452082,0.8535826409999999,0.186624869,0.089733325,0.01028481,0.0,2017-06-04,1
2017-06-04 16:00:00,-0.1841303339999999,-0.356245869,0.8579723840000001,0.1862068969999999,0.097452321,0.011075949,0.0,2017-06-04,1
2017-06-04 16:15:00,-0.196852102,-0.381361533,0.861584197,0.185370951,0.105766665,0.0118670889999999,0.0,2017-06-04,1
2017-06-04 16:30:00,-0.222118125,-0.405155321,0.8642513820000001,0.184535005,0.114614769,0.012658228,0.0,2017-06-04,1
2017-06-04 16:45:00,-0.257699628,-0.4289491079999999,0.8659739390000001,0.1832810869999999,0.123873458,0.014240506,0.0,2017-06-04,1
2017-06-04 17:00:00,-0.30138756,-0.452742895,0.8665296029999999,0.182445141,0.133460615,0.015031646,0.0,2017-06-04,1
2017-06-04 17:15:00,-0.350953146,-0.4778585589999999,0.8316339290000001,0.179937304,0.145983453,0.017405063,0.0,2017-06-04,1
2017-06-04 17:30:00,-0.4041478879999999,-0.505617978,0.7351707279999999,0.17492163,0.163556486,0.021360759,0.0,2017-06-04,1
2017-06-04 17:45:00,-0.458762734,-0.534699273,0.589420165,0.167816092,0.185338014,0.026898734,0.0,2017-06-04,1
2017-06-05 08:00:00,-0.435528249,-0.035029742,0.554857889,0.032392894,0.117919977,0.181962025,0.0,2017-06-05,1
2017-06-05 08:15:00,-0.3696906339999999,-0.029742234,0.555413553,0.042424242,0.104555439,0.181962025,0.0,2017-06-05,1
2017-06-05 08:30:00,-0.3044447289999999,-0.012557832,0.556580446,0.05245559,0.092155776,0.181962025,0.0,2017-06-05,1
2017-06-05 08:45:00,-0.239691916,0.0138797089999999,0.558303003,0.063322884,0.080454107,0.182753165,0.0,2017-06-05,1
2017-06-05 09:00:00,-0.175274406,-0.6386107600394471,0.560414525,0.074190178,0.06922461,0.182753165,0.0,2017-06-05,1
2017-06-05 09:15:00,-0.111073855,-0.6386107600394471,0.5629705779999999,0.085057471,0.058159348,0.182753165,0.0,2017-06-05,1
2017-06-05 09:30:00,-0.0469522,-0.6386107600394471,0.565915595,0.096342738,0.047053027,0.182753165,0.0,2017-06-05,1
2017-06-05 09:45:00,0.0214297689999999,-0.6386107600394471,0.569138444,0.107628004,0.035638767,0.182753165,0.0,2017-06-05,1
2017-06-05 10:00:00,0.09675447,-0.6386107600394471,0.5726391239999999,0.118913271,0.023670218,0.182753165,0.0,2017-06-05,1
2017-06-05 10:15:00,0.176536721,-0.6386107600394471,0.5763065039999999,0.129780564,0.0108804989999999,0.182753165,0.0,2017-06-05,1
2017-06-05 10:30:00,0.258330786,-0.6386107600394471,0.5801405829999999,0.140647858,-0.00297674,0.182753165,0.0,2017-06-05,1
2017-06-05 10:45:00,0.33969093,-0.6386107600394471,0.5840302279999999,0.151515152,-0.018147852,0.182753165,0.0,2017-06-05,1
2017-06-05 11:00:00,0.418151695,-0.6386107600394471,0.588031006,0.161546499,-0.034899715,0.182753165,0.0,2017-06-05,1
2017-06-05 11:15:00,0.491267345,-0.6386107600394471,0.592643014,0.17199582,-0.056065365,0.181962025,0.0,2017-06-05,1
2017-06-05 11:30:00,0.556592144,-0.6386107600394471,0.5984774820000001,0.182863114,-0.083307672,0.178797468,0.0,2017-06-05,1
2017-06-05 11:45:00,0.611680358,-0.6386107600394471,0.605256578,0.19414838,-0.1152101169999999,0.174841772,0.0,2017-06-05,1
2017-06-05 12:00:00,0.654046804,-0.6386107600394471,0.612758036,0.205433647,-0.150376712,0.170094937,0.0,2017-06-05,1
2017-06-05 12:15:00,0.6812851940000001,-0.6386107600394471,0.620815159,0.21630094,-0.187390938,0.163765823,0.0,2017-06-05,1
2017-06-05 12:30:00,0.6909103459999999,-0.6386107600394471,0.629094546,0.227168234,-0.224795221,0.157436709,0.0,2017-06-05,1
2017-06-05 12:45:00,0.688109585,-0.6386107600394471,0.6374850670000001,0.237617555,-0.26119357,0.151107595,0.0,2017-06-05,1
2017-06-05 13:00:00,0.679963708,-0.6386107600394471,0.6457088879999999,0.24723093,-0.29512841,0.144778481,0.0,2017-06-05,1
2017-06-05 13:15:00,0.666886914,-0.6386107600394471,0.653543745,0.2560083589999999,-0.325224282,0.140031646,0.0,2017-06-05,1
2017-06-05 13:30:00,0.649214505,-0.6386107600394471,0.6608229379999999,0.26353187,-0.3500441379999999,0.13528481,0.0,2017-06-05,1
2017-06-05 13:45:00,0.627360677,-0.6386107600394471,0.667213069,0.269801463,-0.368150931,0.132120253,0.0,2017-06-05,1
2017-06-05 14:00:00,0.601719904,-0.6386107600394471,0.67254744,0.274817137,-0.378128144,0.130537975,0.0,2017-06-05,1
2017-06-05 14:15:00,0.5726274889999999,-0.6386107600394471,0.6774372790000001,0.2785788919999999,-0.3834041589999999,0.130537975,0.0,2017-06-05,1
2017-06-05 14:30:00,0.5405173520000001,-0.6386107600394471,0.682382686,0.282340648,-0.388351707,0.129746835,0.0,2017-06-05,1
2017-06-05 14:45:00,0.505744519,-0.6386107600394471,0.687328092,0.286102403,-0.392950258,0.129746835,0.0,2017-06-05,1
2017-06-05 15:00:00,0.468683741,-0.6386107600394471,0.692217931,0.289864159,-0.397158753,0.129746835,0.0,2017-06-05,1
2017-06-05 15:15:00,0.429749214,-0.6386107600394471,0.696885506,0.292789969,-0.400956663,0.128955696,0.0,2017-06-05,1
2017-06-05 15:30:00,0.389295964,-0.6386107600394471,0.701275248,0.295715778,-0.404323459,0.128955696,0.0,2017-06-05,1
2017-06-05 15:45:00,0.347718464,-0.6386107600394471,0.705276026,0.298641588,-0.407238611,0.128955696,0.0,2017-06-05,1
2017-06-05 16:00:00,0.305016716,-0.6386107600394471,0.70872114,0.300731452,-0.409681591,0.1281645569999999,0.0,2017-06-05,1
2017-06-05 16:15:00,0.249395963,-0.6386107600394471,0.7116105909999999,0.302821317,-0.41163187,0.1281645569999999,0.0,2017-06-05,1
2017-06-05 16:30:00,0.177818759,-0.6386107600394471,0.713833245,0.304075235,-0.413048387,0.1281645569999999,0.0,2017-06-05,1
2017-06-05 16:45:00,0.093914261,-0.6386107600394471,0.715222404,0.304911181,-0.413910616,0.1281645569999999,0.0,2017-06-05,1
2017-06-05 17:00:00,0.001252453,-0.6386107600394471,0.715666935,0.304911181,-0.414198025,0.1281645569999999,0.0,2017-06-05,1
2017-06-05 17:15:00,-0.0965966809999999,-0.6386107600394471,0.714555608,0.303657262,-0.412042454,0.128955696,0.0,2017-06-05,1
2017-06-05 17:30:00,-0.196003984,-0.6386107600394471,0.7112771929999999,0.299059561,-0.405904211,0.131329114,0.0,2017-06-05,1
2017-06-05 17:45:00,-0.2934191969999999,-0.6386107600394471,0.7062206540000001,0.291954023,-0.396234937,0.136075949,0.0,2017-06-05,1
2017-06-05 18:00:00,-0.385213164,-0.6386107600394471,0.699774956,0.282340648,-0.383527335,0.140822785,0.0,2017-06-05,1
2017-06-06 08:00:00,-0.283300954,-0.693324521,0.561136888,0.054127482,0.078955472,0.446993671,0.0,2017-06-06,1
2017-06-06 08:15:00,-0.1916845,-0.7157964309999999,0.559969994,0.066666667,0.065919402,0.448575949,0.0,2017-06-06,1
2017-06-06 08:30:00,-0.102355993,-0.7382683409999999,0.55835857,0.0812957159999999,0.051076759,0.450158228,0.0,2017-06-06,1
2017-06-06 08:45:00,-0.016183272,-0.762062128,0.556413747,0.0975966559999999,0.034673893,0.450949367,0.0,2017-06-06,1
2017-06-06 09:00:00,0.065946095,-0.784534038,0.554302225,0.115151515,0.016875038,0.452531646,0.0,2017-06-06,1
2017-06-06 09:15:00,0.1431839919999999,-0.805684071,0.552024005,0.13354232,-0.0020734539999999,0.453322785,0.0,2017-06-06,1
2017-06-06 09:30:00,0.21462313,-0.826834104,0.549745784,0.152351097,-0.02198682,0.454113924,0.0,2017-06-06,1
2017-06-06 09:45:00,0.28521415,-0.8453403829999999,0.547523129,0.171159875,-0.04263924,0.4549050629999999,0.0,2017-06-06,1
2017-06-06 10:00:00,0.359256812,-0.862524785,0.545467174,0.1895506789999999,-0.06380489,0.4556962029999999,0.0,2017-06-06,1
2017-06-06 10:15:00,0.434936539,-0.877065433,0.543689051,0.207523511,-0.085299008,0.456487342,0.0,2017-06-06,1
2017-06-06 10:30:00,0.510399306,-0.887640449,0.5422998920000001,0.2246603969999999,-0.1069163019999999,0.457278481,0.0,2017-06-06,1
2017-06-06 10:45:00,0.583830534,-0.896893589,0.54141083,0.240125392,-0.12843095,0.457278481,0.0,2017-06-06,1
2017-06-06 11:00:00,0.653415647,-0.90085922,0.541077432,0.254336468,-0.14961713,0.457278481,0.0,2017-06-06,1
2017-06-06 11:15:00,0.717300618,-0.903502974,0.546022838,0.267293626,-0.171768184,0.4556962029999999,0.0,2017-06-06,1
2017-06-06 11:30:00,0.773670871,-0.906146728,0.559803295,0.280250784,-0.195931104,0.450949367,0.0,2017-06-06,1
2017-06-06 11:45:00,0.820692104,-0.908790482,0.580696246,0.292789969,-0.221531071,0.4438291139999999,0.0,2017-06-06,1
2017-06-06 12:00:00,0.856549738,-0.911434237,0.607090268,0.304911181,-0.248075383,0.434335443,0.0,2017-06-06,1
2017-06-06 12:15:00,0.8794094729999999,-0.912756114,0.637262801,0.317032393,-0.275009751,0.4232594939999999,0.0,2017-06-06,1
2017-06-06 12:30:00,0.8874172840000001,-0.914077991,0.669657989,0.328735632,-0.301800415,0.410601266,0.0,2017-06-06,1
2017-06-06 12:45:00,0.8855632590000001,-0.915399868,0.702553274,0.339602926,-0.327913613,0.397151899,0.0,2017-06-06,1
2017-06-06 13:00:00,0.880080078,-0.916721745,0.734337232,0.3496342739999999,-0.352795057,0.383702532,0.0,2017-06-06,1
2017-06-06 13:15:00,0.871145255,-0.918043622,0.7632873059999999,0.359247649,-0.375952044,0.371044304,0.0,2017-06-06,1
2017-06-06 13:30:00,0.858956026,-0.919365499,0.7877365040000001,0.3680250779999999,-0.396809755,0.357594937,0.0,2017-06-06,1
2017-06-06 13:45:00,0.8436899040000001,-0.919365499,0.80612897,0.375548589,-0.414854961,0.346518987,0.0,2017-06-06,1
2017-06-06 14:00:00,0.825524403,-0.919365499,0.816686578,0.382236155,-0.42953337,0.336234177,0.0,2017-06-06,1
2017-06-06 14:15:00,0.804637035,-0.918043622,0.822687745,0.388505747,-0.442384677,0.325949367,0.0,2017-06-06,1
2017-06-06 14:30:00,0.781205314,-0.915399868,0.8283555140000001,0.39477534,-0.455194925,0.315664557,0.0,2017-06-06,1
2017-06-06 14:45:00,0.755387028,-0.908790482,0.833634318,0.400626959,-0.4677382929999999,0.304588608,0.0,2017-06-06,1
2017-06-06 15:00:00,0.727399138,-0.902181097,0.838579724,0.406478579,-0.4798300179999999,0.292721519,0.0,2017-06-06,1
2017-06-06 15:15:00,0.697419158,-0.894249835,0.8430805990000001,0.411912226,-0.491264807,0.28164557,0.0,2017-06-06,1
2017-06-06 15:30:00,0.665585152,-0.8836748179999999,0.8470813770000001,0.4169279,-0.501816838,0.271360759,0.0,2017-06-06,1
2017-06-06 15:45:00,0.6321140820000001,-0.874421679,0.8506376240000001,0.421943574,-0.511301349,0.261075949,0.0,2017-06-06,1
2017-06-06 16:00:00,0.596611473,-0.863846662,0.8535826409999999,0.4257053289999999,-0.519533576,0.252373418,0.0,2017-06-06,1
2017-06-06 16:15:00,0.542075522,-0.8519497690000001,0.855971995,0.429049112,-0.526267168,0.244462025,0.0,2017-06-06,1
2017-06-06 16:30:00,0.464068402,-0.841374752,0.857694552,0.4315569489999999,-0.5313378910000001,0.238132911,0.0,2017-06-06,1
2017-06-06 16:45:00,0.367599925,-0.8307997359999999,0.8587503129999999,0.43322884,-0.534519924,0.233386076,0.0,2017-06-06,1
2017-06-06 17:00:00,0.2576207339999999,-0.820224719,0.859139277,0.4336468129999999,-0.535628503,0.231012658,0.0,2017-06-06,1
2017-06-06 17:15:00,0.13914064,-0.81097158,0.8364126359999999,0.431138976,-0.527211513,0.22943038,0.0,2017-06-06,1
2017-06-06 17:30:00,0.017110285,-0.799074686,0.773344817,0.424033438,-0.503787646,0.228639241,0.0,2017-06-06,1
2017-06-06 17:45:00,-0.103460518,-0.787177792,0.677603979,0.413584117,-0.4680257029999999,0.227848101,0.0,2017-06-06,1
2017-06-06 18:00:00,-0.217601404,-0.7752808990000001,0.556802712,0.399373041,-0.422656074,0.226265823,0.0,2017-06-06,1
2017-06-07 08:00:00,-0.310736581,-0.871777925,0.50323674,0.122257053,0.0406068439999999,0.27056962,0.0,2017-06-07,1
2017-06-07 08:15:00,-0.224090492,-0.871777925,0.47545356,0.137722048,0.0239576279999999,0.272151899,0.0,2017-06-07,1
2017-06-07 08:30:00,-0.139042021,-0.874421679,0.398494152,0.1536050159999999,0.008252756,0.274525316,0.0,2017-06-07,1
2017-06-07 08:45:00,-0.056123707,-0.877065433,0.282304893,0.169905956,-0.00677465,0.276107595,0.0,2017-06-07,1
2017-06-07 09:00:00,0.024112188,-0.879709187,0.136609896,0.1862068969999999,-0.021329884,0.277689873,0.0,2017-06-07,1
2017-06-07 09:15:00,0.101133125,-0.8836748179999999,-0.028700025,0.203343783,-0.035659297,0.279272152,0.0,2017-06-07,1
2017-06-07 09:30:00,0.174367117,-0.8863185720000001,-0.2038451919999999,0.220480669,-0.049988709,0.28085443,0.0,2017-06-07,1
2017-06-07 09:45:00,0.248725358,-0.8902842040000001,-0.378990359,0.237199582,-0.064564472,0.28164557,0.0,2017-06-07,1
2017-06-07 10:00:00,0.328073688,-0.894249835,-0.5443558470000001,0.254336468,-0.079591879,0.282436709,0.0,2017-06-07,1
2017-06-07 10:15:00,0.410203055,-0.896893589,-0.6899952770000001,0.271473354,-0.095337809,0.283227848,0.0,2017-06-07,1
2017-06-07 10:30:00,0.492924133,-0.899537343,-0.8062401020000001,0.288192268,-0.112028084,0.284018987,0.0,2017-06-07,1
2017-06-07 10:45:00,0.5741067639999999,-0.90085922,-0.883143945,0.304493208,-0.1298679969999999,0.2848101269999999,0.0,2017-06-07,1
2017-06-07 11:00:00,0.651522174,-0.902181097,-0.910982691,0.320376176,-0.149124428,0.2848101269999999,0.0,2017-06-07,1
2017-06-07 11:15:00,0.723020483,-0.894249835,-0.8801433609999999,0.3370950889999999,-0.17242512,0.283227848,0.0,2017-06-07,1
2017-06-07 11:30:00,0.786392639,-0.871777925,-0.794626733,0.355067921,-0.201268707,0.277689873,0.0,2017-06-07,1
2017-06-07 11:45:00,0.839488762,-0.840052875,-0.665101548,0.374712644,-0.234218144,0.269778481,0.0,2017-06-07,1
2017-06-07 12:00:00,0.880099802,-0.799074686,-0.502069847,0.394357367,-0.269836382,0.26028481,0.0,2017-06-07,1
2017-06-07 12:15:00,0.906075877,-0.752808989,-0.316200372,0.41400209,-0.306665845,0.2484177219999999,0.0,2017-06-07,1
2017-06-07 12:30:00,0.91522766,-0.7038995370000001,-0.117995166,0.43322884,-0.343269487,0.236550633,0.0,2017-06-07,1
2017-06-07 12:45:00,0.911992978,-0.654990086,0.081877032,0.450783699,-0.378189731,0.223101266,0.0,2017-06-07,1
2017-06-07 13:00:00,0.902584787,-0.608724389,0.272914178,0.466666667,-0.410010059,0.210443038,0.0,2017-06-07,1
2017-06-07 13:15:00,0.8874961790000001,-0.5677462,0.444447531,0.480041797,-0.437272895,0.19778481,0.0,2017-06-07,1
2017-06-07 13:30:00,0.867161073,-0.53602115,0.5859194839999999,0.490073145,-0.458541192,0.1859177219999999,0.0,2017-06-07,1
2017-06-07 13:45:00,0.84205284,-0.51354924,0.6867724279999999,0.496760711,-0.4723573729999999,0.176424051,0.0,2017-06-07,1
2017-06-07 14:00:00,0.8126645690000001,-0.506939855,0.736393188,0.499268548,-0.477284392,0.169303797,0.0,2017-06-07,1
2017-06-07 14:15:00,0.779430183,-0.506939855,0.7562303779999999,0.498850575,-0.477243333,0.162974684,0.0,2017-06-07,1
2017-06-07 14:30:00,0.7428230490000001,-0.506939855,0.77467841,0.498850575,-0.477099628,0.15585443,0.0,2017-06-07,1
2017-06-07 14:45:00,0.703316535,-0.509583609,0.7916817159999999,0.498432602,-0.476873807,0.149525316,0.0,2017-06-07,1
2017-06-07 15:00:00,0.661364286,-0.510905486,0.80718473,0.498014629,-0.476545339,0.143196203,0.0,2017-06-07,1
2017-06-07 15:15:00,0.61743967,-0.51354924,0.821187453,0.4971786829999999,-0.476134754,0.137658228,0.0,2017-06-07,1
2017-06-07 15:30:00,0.572016055,-0.517514871,0.8334676190000001,0.496760711,-0.475621523,0.132120253,0.0,2017-06-07,1
2017-06-07 15:45:00,0.525527362,-0.520158625,0.8440807929999999,0.495924765,-0.475026175,0.126582278,0.0,2017-06-07,1
2017-06-07 16:00:00,0.478111656,-0.524124256,0.852915845,0.494670846,-0.47434871,0.122626582,0.0,2017-06-07,1
2017-06-07 16:15:00,0.418802576,-0.529411765,0.859917206,0.493834901,-0.4735891279999999,0.118670886,0.0,2017-06-07,1
2017-06-07 16:30:00,0.344582401,-0.533377396,0.864973745,0.492580982,-0.472726899,0.116297468,0.0,2017-06-07,1
2017-06-07 16:45:00,0.258587193,-0.538664904,0.868085461,0.491327064,-0.4717825539999999,0.113924051,0.0,2017-06-07,1
2017-06-07 17:00:00,0.163953018,-0.543952412,0.869141222,0.490073145,-0.4707355629999999,0.113924051,0.0,2017-06-07,1
2017-06-07 17:15:00,0.063796215,-0.553205552,0.8455255190000001,0.485893417,-0.460450412,0.113924051,0.0,2017-06-07,1
2017-06-07 17:30:00,-0.038707705,-0.566424323,0.78001278,0.476698015,-0.433926628,0.11471519,0.0,2017-06-07,1
2017-06-07 17:45:00,-0.140481849,-0.584930601,0.6803822970000001,0.463740857,-0.394407834,0.115506329,0.0,2017-06-07,1
2017-06-07 18:00:00,-0.23837043,-0.606080635,0.554524491,0.447857889,-0.345178707,0.117088608,0.0,2017-06-07,1
2017-06-13 08:00:00,-0.828581572,-0.8691341709999999,-0.5044592000000001,0.1745036569999999,0.477674447,0.265031646,1.80567,2017-06-13,1
2017-06-13 08:15:00,-0.801698208,-0.865168539,-0.509293474,0.176175549,0.47081768,0.268987342,4.267,2017-06-13,1
2017-06-13 08:30:00,-0.7741442390000001,-0.8519497690000001,-0.514072181,0.181609195,0.451684424,0.2737341769999999,3.64567,2017-06-13,1
2017-06-13 08:45:00,-0.746057731,-0.832121613,-0.518684189,0.189132706,0.422430252,0.278481013,3.987,2017-06-13,1
2017-06-13 09:00:00,-0.717596473,-0.808327826,-0.523073931,0.1991640539999999,0.3852107329999999,0.283227848,4.4030000000000005,2017-06-13,1
2017-06-13 09:15:00,-0.688918255,-0.7805684070000001,-0.527241408,0.211285266,0.342181437,0.287974684,3.449,2017-06-13,1
2017-06-13 09:30:00,-0.660180866,-0.750165235,-0.5310199210000001,0.224242424,0.295497937,0.292721519,2.609,2017-06-13,1
2017-06-13 09:45:00,-0.628287689,-0.718440185,-0.534409469,0.238035528,0.247315801,0.296677215,2.98333,2017-06-13,1
2017-06-13 10:00:00,-0.59116774,-0.686715135,-0.5372989189999999,0.251828631,0.1997906019999999,0.300632911,2.68467,2017-06-13,1
2017-06-13 10:15:00,-0.5503002929999999,-0.658955717,-0.539688273,0.265621735,0.155098438,0.303797468,2.68233,2017-06-13,1
2017-06-13 10:30:00,-0.507243518,-0.632518176,-0.541466396,0.27816092,0.115353822,0.306170886,2.088,2017-06-13,1
2017-06-13 10:45:00,-0.463516139,-0.61269002,-0.542577723,0.289446186,0.082732853,0.306962025,2.079,2017-06-13,1
2017-06-13 11:00:00,-0.420656601,-0.5981493720000001,-0.5429666879999999,0.299059561,0.059411632,0.307753165,2.47567,2017-06-13,1
2017-06-13 11:15:00,-0.380183627,-0.587574356,-0.542411024,0.307836991,0.0414690729999999,0.307753165,2.64533,2017-06-13,1
2017-06-13 11:30:00,-0.3436553879999999,-0.576999339,-0.5409107329999999,0.317032393,0.023711277,0.306170886,3.339,2017-06-13,1
2017-06-13 11:45:00,-0.312551158,-0.566424323,-0.5386325120000001,0.326645768,0.006405124,0.304588608,3.04067,2017-06-13,1
2017-06-13 12:00:00,-0.288468556,-0.557171183,-0.535743061,0.336259143,-0.010182505,0.30221519,3.007,2017-06-13,1
2017-06-13 12:15:00,-0.272886855,-0.547918044,-0.532464646,0.345454545,-0.02578473,0.299050633,2.7436700000000003,2017-06-13,1
2017-06-13 12:30:00,-0.267344504,-0.538664904,-0.5290195320000001,0.354231975,-0.040155201,0.295886076,3.272,2017-06-13,1
2017-06-13 12:45:00,-0.268843503,-0.532055519,-0.5255188510000001,0.362591432,-0.053027037,0.292721519,4.057,2017-06-13,1
2017-06-13 13:00:00,-0.27318271,-0.525446134,-0.522296002,0.36969697,-0.064133358,0.288765823,3.78933,2017-06-13,1
2017-06-13 13:15:00,-0.280105719,-0.520158625,-0.519406551,0.375548589,-0.073227813,0.2848101269999999,3.02967,2017-06-13,1
2017-06-13 13:30:00,-0.289356121,-0.516192994,-0.517128331,0.38014629,-0.080064051,0.28164557,2.55467,2017-06-13,1
2017-06-13 13:45:00,-0.300638061,-0.51354924,-0.515572472,0.3830720999999999,-0.084334134,0.277689873,4.36733,2017-06-13,1
2017-06-13 14:00:00,-0.3137345789999999,-0.51354924,-0.515016809,0.3843260189999999,-0.08581224,0.274525316,3.932,2017-06-13,1
2017-06-13 14:15:00,-0.328369543,-0.51354924,-0.515683605,0.383908046,-0.085627476,0.27056962,5.513999999999999,2017-06-13,1
2017-06-13 14:30:00,-0.344286545,-0.514871117,-0.517461729,0.383908046,-0.085052658,0.266613924,6.099,2017-06-13,1
2017-06-13 14:45:00,-0.361229179,-0.517514871,-0.52018448,0.383490073,-0.084149371,0.261867089,6.8420000000000005,2017-06-13,1
2017-06-13 15:00:00,-0.378941036,-0.5214805020000001,-0.523574028,0.382654127,-0.082938145,0.2563291139999999,4.74233,2017-06-13,1
2017-06-13 15:15:00,-0.397145985,-0.525446134,-0.5274081070000001,0.381818182,-0.08146004,0.250791139,4.62467,2017-06-13,1
2017-06-13 15:30:00,-0.415587617,-0.529411765,-0.5314644510000001,0.380982236,-0.079735583,0.246044304,3.96033,2017-06-13,1
2017-06-13 15:45:00,-0.43402925,-0.534699273,-0.535576362,0.38014629,-0.077805834,0.240506329,3.823,2017-06-13,1
2017-06-13 16:00:00,-0.4522539229999999,-0.538664904,-0.539410441,0.378892372,-0.075732381,0.236550633,3.10633,2017-06-13,1
2017-06-13 16:15:00,-0.472391791,-0.543952412,-0.542799989,0.378056426,-0.073494693,0.232594937,2.32433,2017-06-13,1
2017-06-13 16:30:00,-0.495172631,-0.547918044,-0.545522741,0.376802508,-0.071174889,0.22943038,2.583,2017-06-13,1
2017-06-13 16:45:00,-0.520241418,-0.551883675,-0.547300864,0.375548589,-0.068793496,0.227848101,3.08433,2017-06-13,1
2017-06-13 17:00:00,-0.547164229,-0.554527429,-0.547912094,0.3738766979999999,-0.066371046,0.227056962,2.19433,2017-06-13,1
2017-06-13 17:15:00,-0.575566316,-0.557171183,-0.546022838,0.37262278,-0.063763832,0.227056962,2.20933,2017-06-13,1
2017-06-13 17:30:00,-0.605033481,-0.5598149370000001,-0.540855166,0.370532915,-0.06080762,0.228639241,2.09267,2017-06-13,1
2017-06-13 17:45:00,-0.635171251,-0.562458691,-0.532964743,0.368443051,-0.057481883,0.231012658,1.54433,2017-06-13,1
2017-06-13 18:00:00,-0.665585152,-0.563780568,-0.523073931,0.365517241,-0.05376609,0.233386076,1.69267,2017-06-13,1
2017-06-26 09:30:00,0.174130433,-0.799074686,-0.137721224,0.394357367,-0.00162181,0.284018987,0.0,2017-06-26,1
2017-06-26 09:45:00,0.2415853889999999,-0.7924653009999999,-0.174728419,0.416509927,-0.034407013,0.282436709,0.0,2017-06-26,1
2017-06-26 10:00:00,0.312136961,-0.787177792,-0.212958075,0.438244514,-0.066453163,0.28164557,0.0,2017-06-26,1
2017-06-26 10:15:00,0.384088914,-0.781890284,-0.251187731,0.459143156,-0.097123853,0.280063291,0.0,2017-06-26,1
2017-06-26 10:30:00,0.455725289,-0.777924653,-0.288250493,0.4787878789999999,-0.125823736,0.278481013,0.0,2017-06-26,1
2017-06-26 10:45:00,0.525349849,-0.7752808990000001,-0.322868336,0.4963427379999999,-0.151916405,0.276898734,0.0,2017-06-26,1
2017-06-26 11:00:00,0.591246635,-0.7752808990000001,-0.353929931,0.51138976,-0.174785983,0.275316456,0.0,2017-06-26,1
2017-06-26 11:15:00,0.651699687,-0.7752808990000001,-0.383880199,0.5251828629999999,-0.195746341,0.271360759,0.0,2017-06-26,1
2017-06-26 11:30:00,0.704993047,-0.7752808990000001,-0.415664157,0.539393939,-0.216480877,0.263449367,0.0,2017-06-26,1
2017-06-26 11:45:00,0.749410755,-0.7766027759999999,-0.448670575,0.553605016,-0.2367842989999999,0.253164557,0.0,2017-06-26,1
2017-06-26 12:00:00,0.7832762990000001,-0.7766027759999999,-0.482232656,0.567816092,-0.256512903,0.240506329,0.0,2017-06-26,1
2017-06-26 12:15:00,0.804834272,-0.777924653,-0.515850304,0.581609195,-0.275481924,0.2254746839999999,0.0,2017-06-26,1
2017-06-26 12:30:00,0.812408162,-0.777924653,-0.548856722,0.5945663529999999,-0.2935066,0.210443038,0.0,2017-06-26,1
2017-06-26 12:45:00,0.807260283,-0.77924653,-0.58064068,0.6062695920000001,-0.310402168,0.194620253,0.0,2017-06-26,1
2017-06-26 13:00:00,0.7925069770000001,-0.77924653,-0.610646515,0.6167189129999999,-0.326004393,0.179588608,0.0,2017-06-26,1
2017-06-26 13:15:00,0.769114703,-0.7805684070000001,-0.638262996,0.625496343,-0.340149042,0.165348101,0.0,2017-06-26,1
2017-06-26 13:30:00,0.7380696440000001,-0.7805684070000001,-0.662823327,0.632183908,-0.352651352,0.153481013,0.0,2017-06-26,1
2017-06-26 13:45:00,0.700357985,-0.7805684070000001,-0.6838274109999999,0.636363636,-0.363326559,0.143987342,0.0,2017-06-26,1
2017-06-26 14:00:00,0.6569856310000001,-0.7805684070000001,-0.700552885,0.637617555,-0.372010429,0.138449367,0.0,2017-06-26,1
2017-06-26 14:15:00,0.608938768,-0.77924653,-0.715000139,0.637199582,-0.37958572,0.1337025319999999,0.0,2017-06-26,1
2017-06-26 14:30:00,0.557203578,-0.772637145,-0.7292251270000001,0.635945664,-0.387017306,0.129746835,0.0,2017-06-26,1
2017-06-26 14:45:00,0.502766245,-0.762062128,-0.7430611509999999,0.633855799,-0.394202542,0.125791139,0.0,2017-06-26,1
2017-06-26 15:00:00,0.446593229,-0.750165235,-0.7562303779999999,0.63092999,-0.40101825,0.122626582,0.0,2017-06-26,1
2017-06-26 15:15:00,0.389710161,-0.735624587,-0.768677243,0.627586207,-0.407402845,0.118670886,0.0,2017-06-26,1
2017-06-26 15:30:00,0.3330835,-0.719762062,-0.780068347,0.6238244510000001,-0.41325368,0.116297468,0.0,2017-06-26,1
2017-06-26 15:45:00,0.277719155,-0.7038995370000001,-0.790292557,0.61922675,-0.4184681079999999,0.113132911,0.0,2017-06-26,1
2017-06-26 16:00:00,0.2243863469999999,-0.688037013,-0.7991276079999999,0.614629049,-0.4229434829999999,0.110759494,0.0,2017-06-26,1
2017-06-26 16:15:00,0.167858305,-0.673496365,-0.806295669,0.609613375,-0.426577159,0.109177215,0.0,2017-06-26,1
2017-06-26 16:30:00,0.106083766,-0.660277594,-0.811685606,0.604179728,-0.429307549,0.1075949369999999,0.0,2017-06-26,1
2017-06-26 16:45:00,0.040167257,-0.649702578,-0.8150751540000001,0.599164054,-0.431011476,0.1068037969999999,0.0,2017-06-26,1
2017-06-26 17:00:00,-0.028924764,-0.643093192,-0.816242047,0.593730408,-0.431606824,0.1068037969999999,0.0,2017-06-26,1
2017-06-26 17:15:00,-0.100107494,-0.637805684,-0.8085183229999999,0.5878787879999999,-0.4286506129999999,0.1075949369999999,0.0,2017-06-26,1
2017-06-26 17:30:00,-0.172335579,-0.632518176,-0.787180841,0.5811912229999999,-0.4202336229999999,0.109968354,0.0,2017-06-26,1
2017-06-26 17:45:00,-0.24460311,-0.6272306679999999,-0.754785653,0.573249739,-0.407094907,0.113132911,0.0,2017-06-26,1
2017-06-26 18:00:00,-0.315864735,-0.621943159,-0.714111077,0.564472309,-0.389973517,0.117879747,0.0,2017-06-26,1
2017-06-27 08:00:00,-0.297718957,-0.7329808329999999,0.887422554,0.310344828,0.351316951,0.212816456,0.0,2017-06-27,1
2017-06-27 08:15:00,-0.208449621,-0.729015202,0.86047287,0.319958203,0.331732052,0.215189873,0.0,2017-06-27,1
2017-06-27 08:30:00,-0.122158559,-0.726371447,0.7856805490000001,0.333751306,0.301369301,0.217563291,0.0,2017-06-27,1
2017-06-27 08:45:00,-0.039851678,-0.723727693,0.67193621,0.350888192,0.262384266,0.2199367089999999,0.0,2017-06-27,1
2017-06-27 09:00:00,0.037484837,-0.721083939,0.528186036,0.370114943,0.2168298739999999,0.221518987,0.0,2017-06-27,1
2017-06-27 09:15:00,0.108904251,-0.717118308,0.363376212,0.3910135839999999,0.166861694,0.223892405,0.0,2017-06-27,1
2017-06-27 09:30:00,0.173380933,-0.714474554,0.186508488,0.4131661439999999,0.114532652,0.2254746839999999,0.0,2017-06-27,1
2017-06-27 09:45:00,0.235549945,-0.7118308000000001,0.006473481,0.434900731,0.061998317,0.227056962,0.0,2017-06-27,1
2017-06-27 10:00:00,0.299750496,-0.7091870459999999,-0.167782624,0.456635319,0.011332143,0.228639241,0.0,2017-06-27,1
2017-06-27 10:15:00,0.36456248,-0.7078651690000001,-0.3273136439999999,0.476698015,-0.035330829,0.22943038,0.0,2017-06-27,1
2017-06-27 10:30:00,0.42854607,-0.705221414,-0.463173395,0.494252874,-0.075917144,0.2302215189999999,0.0,2017-06-27,1
2017-06-27 10:45:00,0.490320608,-0.705221414,-0.566360126,0.509299896,-0.1082917619999999,0.231012658,0.0,2017-06-27,1
2017-06-27 11:00:00,0.548446268,-0.7038995370000001,-0.628038785,0.520585162,-0.130360699,0.231012658,0.0,2017-06-27,1
2017-06-27 11:15:00,0.601522667,-0.7078651690000001,-0.664212486,0.529780564,-0.145367576,0.22943038,0.0,2017-06-27,1
2017-06-27 11:30:00,0.648109979,-0.717118308,-0.697052205,0.538557994,-0.158218883,0.2246835439999999,0.0,2017-06-27,1
2017-06-27 11:45:00,0.686807822,-0.7303370790000001,-0.7268357740000001,0.546499478,-0.169304675,0.217563291,0.0,2017-06-27,1
2017-06-27 12:00:00,0.716215816,-0.746199603,-0.753841025,0.5544409610000001,-0.178973948,0.2088607589999999,0.0,2017-06-27,1
2017-06-27 12:15:00,0.734894133,-0.7660277590000001,-0.77817909,0.561546499,-0.1876372889999999,0.1985759489999999,0.0,2017-06-27,1
2017-06-27 12:30:00,0.741422668,-0.785855915,-0.8001833690000001,0.568652038,-0.195684753,0.186708861,0.0,2017-06-27,1
2017-06-27 12:45:00,0.738898038,-0.805684071,-0.8200761259999999,0.5745036570000001,-0.203485866,0.174841772,0.0,2017-06-27,1
2017-06-27 13:00:00,0.731541109,-0.825512227,-0.83802406,0.580355277,-0.211430683,0.163765823,0.0,2017-06-27,1
2017-06-27 13:15:00,0.719628012,-0.841374752,-0.8543050040000001,0.585370951,-0.219909261,0.152689873,0.0,2017-06-27,1
2017-06-27 13:30:00,0.7035334959999999,-0.854593523,-0.869141222,0.589550679,-0.229291125,0.142405063,0.0,2017-06-27,1
2017-06-27 13:45:00,0.683553417,-0.863846662,-0.88275498,0.593312435,-0.239966332,0.1337025319999999,0.0,2017-06-27,1
2017-06-27 14:00:00,0.660003353,-0.866490416,-0.89542411,0.596238245,-0.2523249369999999,0.127373418,0.0,2017-06-27,1
2017-06-27 14:15:00,0.633198884,-0.8572372770000001,-0.907704276,0.598746082,-0.268091396,0.121835443,0.0,2017-06-27,1
2017-06-27 14:30:00,0.6034753110000001,-0.828155981,-0.919928875,0.6012539179999999,-0.288045821,0.116297468,0.0,2017-06-27,1
2017-06-27 14:45:00,0.57112849,-0.784534038,-0.931931209,0.603343783,-0.311100162,0.110759494,0.0,2017-06-27,1
2017-06-27 15:00:00,0.536493723,-0.729015202,-0.943433445,0.605433647,-0.336227957,0.106012658,0.0,2017-06-27,1
2017-06-27 15:15:00,0.499906313,-0.66688698,-0.954324452,0.607523511,-0.3623616839999999,0.101265823,0.0,2017-06-27,1
2017-06-27 15:30:00,0.461662114,-0.602115003,-0.96443753,0.609613375,-0.388433824,0.0965189869999999,0.0,2017-06-27,1
2017-06-27 15:45:00,0.422076705,-0.53602115,-0.973494846,0.611285266,-0.413397385,0.091772152,0.0,2017-06-27,1
2017-06-27 16:00:00,0.381031745,-0.473892928,-0.981329703,0.612539185,-0.436205375,0.088607595,0.0,2017-06-27,1
2017-06-27 16:15:00,0.325134861,-0.418374091,-0.987775401,0.613793103,-0.455769744,0.085443038,0.0,2017-06-27,1
2017-06-27 16:30:00,0.25099358,-0.3747521479999999,-0.992609674,0.614629049,-0.471064031,0.08306962,0.0,2017-06-27,1
2017-06-27 16:45:00,0.162749874,-0.34699273,-0.995665824,0.615047022,-0.4810207139999999,0.081487342,0.0,2017-06-27,1
2017-06-27 17:00:00,0.064506267,-0.3364177129999999,-0.996721585,0.615464995,-0.484572273,0.081487342,0.0,2017-06-27,1
2017-06-27 17:15:00,-0.03959527,-0.3364177129999999,-0.98977579,0.613375131,-0.4791114939999999,0.082278481,0.0,2017-06-27,1
2017-06-27 17:30:00,-0.145412767,-0.3364177129999999,-0.970549829,0.608359457,-0.463735091,0.086234177,0.0,2017-06-27,1
2017-06-27 17:45:00,-0.2488437,-0.33773959,-0.941488623,0.6,-0.439839051,0.090981013,0.0,2017-06-27,1
2017-06-27 18:00:00,-0.345746097,-0.339061467,-0.904981524,0.589550679,-0.40890148,0.0981012659999999,0.0,2017-06-27,1
2017-06-28 08:00:00,-0.385331506,-0.7369464640000001,0.636429306,0.29738767,0.435548439,0.305379747,0.0,2017-06-28,1
2017-06-28 08:15:00,-0.308192227,-0.7382683409999999,0.582418804,0.309926855,0.409969001,0.308544304,0.0,2017-06-28,1
2017-06-28 08:30:00,-0.232906973,-0.7382683409999999,0.481454727,0.324137931,0.378169202,0.311708861,0.0,2017-06-28,1
2017-06-28 08:45:00,-0.160008284,-0.739590218,0.343427889,0.3391849529999999,0.34129868,0.315664557,0.0,2017-06-28,1
2017-06-28 09:00:00,-0.090028698,-0.740912095,0.178062401,0.354649948,0.300507072,0.3188291139999999,0.0,2017-06-28,1
2017-06-28 09:15:00,-0.0235204779999999,-0.740912095,-0.004695357,0.370950888,0.256964546,0.321993671,0.0,2017-06-28,1
2017-06-28 09:30:00,0.038983836,-0.7422339720000001,-0.195065707,0.387251829,0.211800209,0.324367089,0.0,2017-06-28,1
2017-06-28 09:45:00,0.101606493,-0.7422339720000001,-0.383157836,0.403552769,0.166204759,0.326740506,0.0,2017-06-28,1
2017-06-28 10:00:00,0.167739963,-0.7422339720000001,-0.559136499,0.4190177639999999,0.121286773,0.329113924,0.0,2017-06-28,1
2017-06-28 10:15:00,0.2356485639999999,-0.743555849,-0.7131108829999999,0.434482759,0.078236949,0.330696203,0.0,2017-06-28,1
2017-06-28 10:30:00,0.303655782,-0.743555849,-0.8353013090000001,0.448693835,0.0381843939999999,0.332278481,0.0,2017-06-28,1
2017-06-28 10:45:00,0.37004566,-0.743555849,-0.915816964,0.4616509929999999,0.002278746,0.33306962,0.0,2017-06-28,1
2017-06-28 11:00:00,0.433102238,-0.743555849,-0.944878171,0.473354232,-0.028309827,0.333860759,0.0,2017-06-28,1
2017-06-28 11:15:00,0.491129279,-0.7382683409999999,-0.911371656,0.484221526,-0.056517008,0.332278481,0.0,2017-06-28,1
2017-06-28 11:30:00,0.5424502720000001,-0.72504957,-0.818742533,0.495506792,-0.085586418,0.327531646,0.0,2017-06-28,1
2017-06-28 11:45:00,0.58530981,-0.7038995370000001,-0.678826438,0.5072100310000001,-0.114922707,0.321202532,0.0,2017-06-28,1
2017-06-28 12:00:00,0.618051104,-0.6774619959999999,-0.503459006,0.5189132710000001,-0.143868941,0.313291139,0.0,2017-06-28,1
2017-06-28 12:15:00,0.638938472,-0.647058824,-0.304420304,0.529780564,-0.171768184,0.3030063289999999,0.0,2017-06-28,1
2017-06-28 12:30:00,0.646275678,-0.615333774,-0.093545967,0.540229885,-0.198025087,0.29193038,0.0,2017-06-28,1
2017-06-28 12:45:00,0.6452106,-0.584930601,0.117328369,0.54984326,-0.221982714,0.280063291,0.0,2017-06-28,1
2017-06-28 13:00:00,0.642035088,-0.554527429,0.316367071,0.558202717,-0.2430251889999999,0.268196203,0.0,2017-06-28,1
2017-06-28 13:15:00,0.636828039,-0.528089888,0.4917345039999999,0.565308255,-0.260475047,0.2563291139999999,0.0,2017-06-28,1
2017-06-28 13:30:00,0.629628899,-0.506939855,0.631650599,0.5707419020000001,-0.273736938,0.245253165,0.0,2017-06-28,1
2017-06-28 13:45:00,0.620516563,-0.493721084,0.7242797209999999,0.574085684,-0.282153928,0.234968354,0.0,2017-06-28,1
2017-06-28 14:00:00,0.609550202,-0.488433576,0.757786236,0.575339603,-0.285110139,0.226265823,0.0,2017-06-28,1
2017-06-28 14:15:00,0.596788986,-0.493721084,0.7324479759999999,0.574085684,-0.280511589,0.217563291,0.0,2017-06-28,1
2017-06-28 14:30:00,0.582292088,-0.506939855,0.662434362,0.570323929,-0.267762928,0.2088607589999999,0.0,2017-06-28,1
2017-06-28 14:45:00,0.5661186770000001,-0.526768011,0.55652488,0.564472309,-0.2485270269999999,0.199367089,0.0,2017-06-28,1
2017-06-28 15:00:00,0.548347649,-0.551883675,0.4236657129999999,0.557366771,-0.224405165,0.189082278,0.0,2017-06-28,1
2017-06-28 15:15:00,0.5289987279999999,-0.5796430929999999,0.2727474789999999,0.549007315,-0.197039683,0.179588608,0.0,2017-06-28,1
2017-06-28 15:30:00,0.508190255,-0.610046266,0.112549662,0.539811912,-0.168031861,0.170886076,0.0,2017-06-28,1
2017-06-28 15:45:00,0.48592223,-0.640449438,-0.047925986,0.5301985370000001,-0.13902404,0.162183544,0.0,2017-06-28,1
2017-06-28 16:00:00,0.461583219,-0.668208857,-0.199899981,0.520167189,-0.111658558,0.154272152,0.0,2017-06-28,1
2017-06-28 16:15:00,0.413457461,-0.693324521,-0.334426138,0.510971787,-0.087536696,0.147943038,0.0,2017-06-28,1
2017-06-28 16:30:00,0.336101222,-0.7131526770000001,-0.442669408,0.50261233,-0.068300794,0.143196203,0.0,2017-06-28,1
2017-06-28 16:45:00,0.236141655,-0.726371447,-0.5157391720000001,0.4950888189999999,-0.055552134,0.140031646,0.0,2017-06-28,1
2017-06-28 17:00:00,0.120265086,-0.731658956,-0.544744811,0.4892372,-0.050953583,0.138449367,0.0,2017-06-28,1
2017-06-28 17:15:00,-0.004960503,-0.727693325,-0.548634457,0.4846394979999999,-0.0514257559999999,0.1392405059999999,0.0,2017-06-28,1
2017-06-28 17:30:00,-0.132868512,-0.714474554,-0.552190704,0.48045977,-0.052719098,0.141613924,0.0,2017-06-28,1
2017-06-28 17:45:00,-0.25685151,-0.695968275,-0.555413553,0.477115987,-0.054669377,0.144778481,0.0,2017-06-28,1
2017-06-28 18:00:00,-0.370262621,-0.672174488,-0.558303003,0.473772205,-0.0571328859999999,0.148734177,0.0,2017-06-28,1
2017-06-29 08:00:00,-0.347757912,-0.825512227,0.569694107,0.278996865,0.335037261,0.245253165,0.0,2017-06-29,1
2017-06-29 08:15:00,-0.26190077,-0.82419035,0.550634846,0.292789969,0.307589661,0.245253165,0.0,2017-06-29,1
2017-06-29 08:30:00,-0.17750318,-0.82419035,0.497680104,0.307419018,0.277781199,0.244462025,0.0,2017-06-29,1
2017-06-29 08:45:00,-0.095235747,-0.822868473,0.417497847,0.322884013,0.246166164,0.243670886,0.0,2017-06-29,1
2017-06-29 09:00:00,-0.015769075,-0.8215465959999999,0.3165893369999999,0.3391849529999999,0.213339903,0.2428797469999999,0.0,2017-06-29,1
2017-06-29 09:15:00,0.060226231,-0.8215465959999999,0.201511405,0.355903866,0.179877235,0.242088608,0.0,2017-06-29,1
2017-06-29 09:30:00,0.132079565,-0.8215465959999999,0.078820882,0.37262278,0.14635298,0.241297468,0.0,2017-06-29,1
2017-06-29 09:45:00,0.204741571,-0.820224719,-0.044925402,0.389341693,0.113362485,0.23971519,0.0,2017-06-29,1
2017-06-29 10:00:00,0.282216152,-0.820224719,-0.16311505,0.406060606,0.081480569,0.238132911,0.0,2017-06-29,1
2017-06-29 10:15:00,0.362353428,-0.8189028420000001,-0.2693023639999999,0.421943574,0.0513025809999999,0.236550633,0.0,2017-06-29,1
2017-06-29 10:30:00,0.443082415,-0.8189028420000001,-0.3568749479999999,0.437826541,0.023403338,0.234968354,0.0,2017-06-29,1
2017-06-29 10:45:00,0.522233509,-0.817580965,-0.419220404,0.45245559,-0.00164234,0.232594937,0.0,2017-06-29,1
2017-06-29 11:00:00,0.5977159989999999,-0.816259088,-0.449893035,0.465830721,-0.023239104,0.231012658,0.0,2017-06-29,1
2017-06-29 11:15:00,0.667380006,-0.8136153340000001,-0.461728669,0.479205852,-0.042516064,0.226265823,0.0,2017-06-29,1
2017-06-29 11:30:00,0.729154545,-0.808327826,-0.472119579,0.492998955,-0.060992384,0.21914557,0.0,2017-06-29,1
2017-06-29 11:45:00,0.780889735,-0.80171844,-0.481232462,0.5072100310000001,-0.078627004,0.2096518989999999,0.0,2017-06-29,1
2017-06-29 12:00:00,0.82045542,-0.7924653009999999,-0.489289584,0.521421108,-0.095440455,0.196993671,0.0,2017-06-29,1
2017-06-29 12:15:00,0.84576089,-0.781890284,-0.496290945,0.535214211,-0.111412207,0.182753165,0.0,2017-06-29,1
2017-06-29 12:30:00,0.8546562659999999,-0.769993391,-0.502514378,0.548589342,-0.126542259,0.167721519,0.0,2017-06-29,1
2017-06-29 12:45:00,0.8535714640000001,-0.75677462,-0.50812658,0.560710554,-0.140830613,0.151107595,0.0,2017-06-29,1
2017-06-29 13:00:00,0.850356505,-0.743555849,-0.513183119,0.57199582,-0.154277268,0.13528481,0.0,2017-06-29,1
2017-06-29 13:15:00,0.8450508379999999,-0.729015202,-0.51790626,0.581609195,-0.166882224,0.118670886,0.0,2017-06-29,1
2017-06-29 13:30:00,0.837733356,-0.7131526770000001,-0.522462701,0.589132706,-0.1786044219999999,0.103639241,0.0,2017-06-29,1
2017-06-29 13:45:00,0.8284435059999999,-0.6986120290000001,-0.526963576,0.5949843260000001,-0.1894643919999999,0.089398734,0.0,2017-06-29,1
2017-06-29 14:00:00,0.8172404609999999,-0.682749504,-0.5315755839999999,0.598328109,-0.1994621339999999,0.077531646,0.0,2017-06-29,1
2017-06-29 14:15:00,0.8041833909999999,-0.664243225,-0.536409857,0.600417973,-0.209172466,0.065664557,0.0,2017-06-29,1
2017-06-29 14:30:00,0.7893314659999999,-0.639127561,-0.541355264,0.602089864,-0.219047032,0.053006329,0.0,2017-06-29,1
2017-06-29 14:45:00,0.772724135,-0.608724389,-0.546356236,0.604179728,-0.22890107,0.039556962,0.0,2017-06-29,1
2017-06-29 15:00:00,0.754420568,-0.575677462,-0.551246076,0.605433647,-0.238529285,0.026107595,0.0,2017-06-29,1
2017-06-29 15:15:00,0.73449966,-0.5413086579999999,-0.555969216,0.607105538,-0.247726386,0.013449367,0.0,2017-06-29,1
2017-06-29 15:30:00,0.7129811340000001,-0.506939855,-0.560414525,0.608359457,-0.256348669,0.000791139,0.0,2017-06-29,1
2017-06-29 15:45:00,0.68996361,-0.473892928,-0.564415303,0.609613375,-0.264149781,-0.011075949,0.0,2017-06-29,1
2017-06-29 16:00:00,0.664677863,-0.4421678779999999,-0.56797155,0.610449321,-0.27098602,-0.021360759,0.0,2017-06-29,1
2017-06-29 16:15:00,0.613041292,-0.415730337,-0.570916567,0.610867294,-0.276611032,-0.030063291,0.0,2017-06-29,1
2017-06-29 16:30:00,0.5289987279999999,-0.395902181,-0.573139222,0.611703239,-0.280881115,-0.036392405,0.0,2017-06-29,1
2017-06-29 16:45:00,0.419709865,-0.381361533,-0.574583947,0.612121212,-0.283590975,-0.041139241,0.0,2017-06-29,1
2017-06-29 17:00:00,0.292393566,-0.377395902,-0.575028478,0.612121212,-0.284535321,-0.042721519,0.0,2017-06-29,1
2017-06-29 17:15:00,0.1542489719999999,-0.377395902,-0.5741949820000001,0.610449321,-0.282277104,-0.04193038,0.0,2017-06-29,1
2017-06-29 17:30:00,0.0125146689999999,-0.377395902,-0.571861195,0.60585162,-0.27587198,-0.041139241,0.0,2017-06-29,1
2017-06-29 17:45:00,-0.125649648,-0.377395902,-0.568138249,0.598746082,-0.265874238,-0.039556962,0.0,2017-06-29,1
2017-06-29 18:00:00,-0.253005394,-0.377395902,-0.563303976,0.589132706,-0.252817639,-0.037974684,0.0,2017-06-29,1
2017-06-30 08:00:00,-0.3054111889999999,-0.914077991,-0.778067958,0.306165099,0.157972532,0.111550633,0.0,2017-06-30,1
2017-06-30 08:15:00,-0.214721748,-0.911434237,-0.771900092,0.315360502,0.150253536,0.113132911,0.0,2017-06-30,1
2017-06-30 08:30:00,-0.126695003,-0.902181097,-0.754896785,0.327899687,0.137032703,0.11471519,0.0,2017-06-30,1
2017-06-30 08:45:00,-0.042376308,-0.888962327,-0.729280693,0.343364681,0.119069615,0.117088608,0.0,2017-06-30,1
2017-06-30 09:00:00,0.037287601,-0.873099802,-0.697107771,0.3613375129999999,0.097062265,0.118670886,0.0,2017-06-30,1
2017-06-30 09:15:00,0.1112710919999999,-0.8519497690000001,-0.660656239,0.3805642629999999,0.071770237,0.121044304,0.0,2017-06-30,1
2017-06-30 09:30:00,0.178607706,-0.829477859,-0.621982052,0.401044932,0.043932582,0.122626582,0.0,2017-06-30,1
2017-06-30 09:45:00,0.244070571,-0.805684071,-0.583307865,0.421943574,0.014267825,0.1242088609999999,0.0,2017-06-30,1
2017-06-30 10:00:00,0.312058066,-0.7805684070000001,-0.5468563329999999,0.442842215,-0.016464454,0.125791139,0.0,2017-06-30,1
2017-06-30 10:15:00,0.381012022,-0.755452743,-0.514683411,0.462904911,-0.047566258,0.126582278,0.0,2017-06-30,1
2017-06-30 10:30:00,0.449354543,-0.7303370790000001,-0.489067319,0.482131661,-0.078278007,0.127373418,0.0,2017-06-30,1
2017-06-30 10:45:00,0.5155077370000001,-0.7065432909999999,-0.472064012,0.49968652,-0.1078606469999999,0.1281645569999999,0.0,2017-06-30,1
2017-06-30 11:00:00,0.57795288,-0.685393258,-0.465951713,0.514733542,-0.135595656,0.1281645569999999,0.0,2017-06-30,1
2017-06-30 11:15:00,0.6350726320000001,-0.6655651020000001,-0.46767427,0.528526646,-0.1647677119999999,0.126582278,0.0,2017-06-30,1
2017-06-30 11:30:00,0.685308823,-0.643093192,-0.472452977,0.542737722,-0.198312496,0.122626582,0.0,2017-06-30,1
2017-06-30 11:45:00,0.727123007,-0.620621282,-0.479676604,0.557366771,-0.23487508,0.117088608,0.0,2017-06-30,1
2017-06-30 12:00:00,0.758917565,-0.596827495,-0.48873392,0.571577847,-0.273182649,0.109177215,0.0,2017-06-30,1
2017-06-30 12:15:00,0.779154052,-0.573033708,-0.499013697,0.5857889239999999,-0.311900803,0.099683544,0.0,2017-06-30,1
2017-06-30 12:30:00,0.786254573,-0.549239921,-0.509849137,0.598746082,-0.34971567,0.088607595,0.0,2017-06-30,1
2017-06-30 12:45:00,0.7858206529999999,-0.526768011,-0.520740144,0.611285266,-0.3853339079999999,0.077531646,0.0,2017-06-30,1
2017-06-30 13:00:00,0.7845780609999999,-0.5042960999999999,-0.5310199210000001,0.622570533,-0.417400587,0.065664557,0.0,2017-06-30,1
2017-06-30 13:15:00,0.7824873520000001,-0.484467944,-0.540077237,0.632183908,-0.444642894,0.053797468,0.0,2017-06-30,1
2017-06-30 13:30:00,0.779548525,-0.4672835429999999,-0.547300864,0.640543365,-0.465726427,0.042721519,0.0,2017-06-30,1
2017-06-30 13:45:00,0.775781304,-0.4514210179999999,-0.552079571,0.6468129570000001,-0.479337316,0.03164557,0.0,2017-06-30,1
2017-06-30 14:00:00,0.7711856890000001,-0.438202247,-0.553802128,0.650992685,-0.484161688,0.022151899,0.0,2017-06-30,1
2017-06-30 14:15:00,0.765761679,-0.427627231,-0.553746562,0.6535005220000001,-0.4838742789999999,0.012658228,0.0,2017-06-30,1
2017-06-30 14:30:00,0.7594895509999999,-0.418374091,-0.553579863,0.656426332,-0.48303258,0.002373418,0.0,2017-06-30,1
2017-06-30 14:45:00,0.75238903,-0.409120952,-0.553302031,0.658934169,-0.481657121,-0.009493671,0.0,2017-06-30,1
2017-06-30 15:00:00,0.744460114,-0.4011896889999999,-0.552913066,0.661024033,-0.4798300179999999,-0.021360759,0.0,2017-06-30,1
2017-06-30 15:15:00,0.7357028040000001,-0.394580304,-0.552357403,0.66353187,-0.477530743,-0.033227848,0.0,2017-06-30,1
2017-06-30 15:30:00,0.7261170990000001,-0.386649042,-0.551746173,0.665203762,-0.474841412,-0.045094937,0.0,2017-06-30,1
2017-06-30 15:45:00,0.715703001,-0.380039656,-0.55102381,0.666875653,-0.4717825539999999,-0.0561708859999999,0.0,2017-06-30,1
2017-06-30 16:00:00,0.703651838,-0.373430271,-0.550190315,0.668129572,-0.4683952289999999,-0.065664557,0.0,2017-06-30,1
2017-06-30 16:15:00,0.6654273629999999,-0.368142763,-0.549301253,0.66938349,-0.464720494,-0.073575949,0.0,2017-06-30,1
2017-06-30 16:30:00,0.594323527,-0.361533377,-0.5482454920000001,0.670219436,-0.460799409,-0.079905063,0.0,2017-06-30,1
2017-06-30 16:45:00,0.497164722,-0.354923992,-0.547134165,0.670637409,-0.456652501,-0.083860759,0.0,2017-06-30,1
2017-06-30 17:00:00,0.380676719,-0.348314607,-0.545967271,0.6710553810000001,-0.452320831,-0.085443038,0.0,2017-06-30,1
2017-06-30 17:15:00,0.251664185,-0.340383344,-0.541966493,0.66938349,-0.44692164,-0.085443038,0.0,2017-06-30,1
2017-06-30 17:30:00,0.116872615,-0.332452082,-0.5330758760000001,0.665203762,-0.439633758,-0.084651899,0.0,2017-06-30,1
2017-06-30 17:45:00,-0.016913048,-0.32452082,-0.5203511789999999,0.658934169,-0.43062142,-0.08306962,0.0,2017-06-30,1
2017-06-30 18:00:00,-0.142927585,-0.31526768,-0.504737032,0.65015674,-0.42002833,-0.081487342,0.0,2017-06-30,1
2017-07-01 08:00:00,-0.318704944,-0.7686715140000001,-0.43744617,0.332497388,0.2261090919999999,0.015822785,0.0,2017-07-01,1
2017-07-01 08:15:00,-0.232177197,-0.764705882,-0.435167949,0.345454545,0.206708957,0.015822785,0.0,2017-07-01,1
2017-07-01 08:30:00,-0.14714845,-0.7541308659999999,-0.433000861,0.360501567,0.178275954,0.015822785,0.0,2017-07-01,1
2017-07-01 08:45:00,-0.064072346,-0.7369464640000001,-0.431000472,0.377638454,0.1423497769999999,0.015822785,0.0,2017-07-01,1
2017-07-01 09:00:00,0.01665664,-0.717118308,-0.429111216,0.396447231,0.100511178,0.015822785,0.0,2017-07-01,1
2017-07-01 09:15:00,0.0945651419999999,-0.6920026440000001,-0.427388659,0.416509927,0.054320379,0.015822785,0.0,2017-07-01,1
2017-07-01 09:30:00,0.169238962,-0.664243225,-0.425832801,0.437408568,0.005317074,0.015822785,0.0,2017-07-01,1
2017-07-01 09:45:00,0.245628741,-0.6364838070000001,-0.424443642,0.45830721,-0.044938515,0.015822785,0.0,2017-07-01,1
2017-07-01 10:00:00,0.327462254,-0.6074025120000001,-0.423276748,0.479623824,-0.094886165,0.015822785,0.0,2017-07-01,1
2017-07-01 10:15:00,0.412451554,-0.578321216,-0.422387686,0.500522466,-0.142965655,0.015822785,0.0,2017-07-01,1
2017-07-01 10:30:00,0.498269248,-0.551883675,-0.421665324,0.520167189,-0.187596231,0.015822785,0.0,2017-07-01,1
2017-07-01 10:45:00,0.58262739,-0.528089888,-0.421276359,0.5389759670000001,-0.22725873,0.015822785,0.0,2017-07-01,1
2017-07-01 11:00:00,0.6632183110000001,-0.508261732,-0.42110966,0.556530825,-0.260351871,0.015822785,0.0,2017-07-01,1
2017-07-01 11:15:00,0.7377146179999999,-0.492399207,-0.421776457,0.573249739,-0.28997557,0.014240506,0.0,2017-07-01,1
2017-07-01 11:30:00,0.803848088,-0.476536682,-0.4236657129999999,0.591222571,-0.319886679,0.0087025319999999,0.0,2017-07-01,1
2017-07-01 11:45:00,0.859291328,-0.461996034,-0.426499597,0.6100313479999999,-0.349633553,0.000791139,0.0,2017-07-01,1
2017-07-01 12:00:00,0.901756393,-0.447455387,-0.430111411,0.6284221529999999,-0.3787850789999999,-0.009493671,0.0,2017-07-01,1
2017-07-01 12:15:00,0.928915888,-0.434236616,-0.434278888,0.6468129570000001,-0.406869085,-0.021360759,0.0,2017-07-01,1
2017-07-01 12:30:00,0.938481869,-0.421017845,-0.438835329,0.664785789,-0.433454456,-0.034810127,0.0,2017-07-01,1
2017-07-01 12:45:00,0.936746186,-0.407799075,-0.4435029029999999,0.6810867290000001,-0.4580690189999999,-0.0490506329999999,0.0,2017-07-01,1
2017-07-01 13:00:00,0.931637755,-0.394580304,-0.448114911,0.695715778,-0.480261132,-0.063291139,0.0,2017-07-01,1
2017-07-01 13:15:00,0.923294642,-0.380039656,-0.452393521,0.7086729359999999,-0.49959968,-0.077531646,0.0,2017-07-01,1
2017-07-01 13:30:00,0.91189436,-0.365499009,-0.4562276,0.7187042840000001,-0.51561249,-0.090189873,0.0,2017-07-01,1
2017-07-01 13:45:00,0.897574975,-0.3496364839999999,-0.459339316,0.725809822,-0.5278479189999999,-0.102848101,0.0,2017-07-01,1
2017-07-01 14:00:00,0.880513999,-0.332452082,-0.46156197,0.729989551,-0.535874854,-0.113132911,0.0,2017-07-01,1
2017-07-01 14:15:00,0.8608494990000001,-0.3113020489999999,-0.463228961,0.731661442,-0.5414998670000001,-0.122626582,0.0,2017-07-01,1
2017-07-01 14:30:00,0.838739263,-0.287508262,-0.464840386,0.7333333329999999,-0.546796411,-0.132911392,0.0,2017-07-01,1
2017-07-01 14:45:00,0.814360805,-0.259748843,-0.46645181,0.735005225,-0.551764489,-0.143987342,0.0,2017-07-01,1
2017-07-01 15:00:00,0.787832467,-0.230667548,-0.467952102,0.736259143,-0.556363039,-0.155063291,0.0,2017-07-01,1
2017-07-01 15:15:00,0.7593514859999999,-0.200264375,-0.469396827,0.737931034,-0.560530476,-0.165348101,0.0,2017-07-01,1
2017-07-01 15:30:00,0.7290362029999999,-0.169861203,-0.4706748529999999,0.73876698,-0.564266798,-0.175632911,0.0,2017-07-01,1
2017-07-01 15:45:00,0.697083855,-0.142101785,-0.471841747,0.740020899,-0.5675309479999999,-0.1851265819999999,0.0,2017-07-01,1
2017-07-01 16:00:00,0.663021075,-0.115664243,-0.4728975079999999,0.7408568440000001,-0.570261337,-0.193829114,0.0,2017-07-01,1
2017-07-01 16:15:00,0.609175452,-0.09451421,-0.473731003,0.741274817,-0.572457966,-0.200158228,0.0,2017-07-01,1
2017-07-01 16:30:00,0.530911924,-0.077329808,-0.4743422329999999,0.74169279,-0.574059247,-0.205696203,0.0,2017-07-01,1
2017-07-01 16:45:00,0.433378369,-0.065432915,-0.4747311979999999,0.742110763,-0.575044651,-0.2096518989999999,0.0,2017-07-01,1
2017-07-01 17:00:00,0.3217423889999999,-0.061467284,-0.47484233,0.742110763,-0.5753936479999999,-0.210443038,0.0,2017-07-01,1
2017-07-01 17:15:00,0.201151862,-0.061467284,-0.474008835,0.7404388709999999,-0.573279136,-0.210443038,0.0,2017-07-01,1
2017-07-01 17:30:00,0.076794114,-0.062789161,-0.471730614,0.736259143,-0.567264068,-0.2096518989999999,0.0,2017-07-01,1
2017-07-01 17:45:00,-0.046222424,-0.064111038,-0.4682299339999999,0.729153605,-0.557738498,-0.20806962,0.0,2017-07-01,1
2017-07-01 18:00:00,-0.162690703,-0.066754792,-0.463895758,0.719958203,-0.545174601,-0.205696203,0.0,2017-07-01,1
2017-07-02 08:00:00,-0.653731226,-0.5981493720000001,-0.596254827,0.396029258,-0.033298434,-0.040348101,0.0,2017-07-02,1
2017-07-02 08:15:00,-0.610299701,-0.586252479,-0.570027505,0.401462905,-0.043665702,-0.034018987,0.0,2017-07-02,1
2017-07-02 08:30:00,-0.5704184379999999,-0.573033708,-0.497513405,0.407732497,-0.055059432,-0.026107595,0.0,2017-07-02,1
2017-07-02 08:45:00,-0.53513279,-0.557171183,-0.3879365429999999,0.41400209,-0.0671100979999999,-0.017405063,0.0,2017-07-02,1
2017-07-02 09:00:00,-0.505547283,-0.539986781,-0.250576501,0.420689655,-0.079468703,-0.0087025319999999,0.0,2017-07-02,1
2017-07-02 09:15:00,-0.4827467179999999,-0.5214805020000001,-0.094712861,0.4269592479999999,-0.091724662,0.001582278,0.0,2017-07-02,1
2017-07-02 09:30:00,-0.467776452,-0.501652346,0.070430361,0.43322884,-0.103549506,0.011075949,0.0,2017-07-02,1
2017-07-02 09:45:00,-0.45734263,-0.4805023129999999,0.2355735839999999,0.43908046,-0.1145531809999999,0.021360759,0.0,2017-07-02,1
2017-07-02 10:00:00,-0.447441347,-0.45935228,0.391437224,0.444514107,-0.124386689,0.03085443,0.0,2017-07-02,1
2017-07-02 10:15:00,-0.438131774,-0.43688037,0.528797266,0.448693835,-0.132659974,0.039556962,0.0,2017-07-02,1
2017-07-02 10:30:00,-0.429492806,-0.41440846,0.6383741279999999,0.452037618,-0.139044569,0.047468354,0.0,2017-07-02,1
2017-07-02 10:45:00,-0.421623061,-0.3906146729999999,0.710888228,0.454545455,-0.143129889,0.054588608,0.0,2017-07-02,1
2017-07-02 11:00:00,-0.4145422629999999,-0.368142763,0.737171117,0.454963427,-0.144587465,0.060126582,0.0,2017-07-02,1
2017-07-02 11:15:00,-0.408368754,-0.341705221,0.735337427,0.453709509,-0.13984521,0.064873418,0.0,2017-07-02,1
2017-07-02 11:30:00,-0.403161705,-0.309980172,0.730336454,0.450365726,-0.126685964,0.068829114,0.0,2017-07-02,1
2017-07-02 11:45:00,-0.398980286,-0.274289491,0.7228349959999999,0.444932079,-0.106608364,0.07278481,0.0,2017-07-02,1
2017-07-02 12:00:00,-0.395903393,-0.237276933,0.7133331479999999,0.438244514,-0.08119316,0.075949367,0.0,2017-07-02,1
2017-07-02 12:15:00,-0.393990197,-0.197620621,0.702664407,0.43030303,-0.051938987,0.079113924,0.0,2017-07-02,1
2017-07-02 12:30:00,-0.39335904,-0.159286186,0.691273303,0.422361546,-0.0203855389999999,0.082278481,0.0,2017-07-02,1
2017-07-02 12:45:00,-0.394581907,-0.123595506,0.6799377659999999,0.4144200629999999,0.011927491,0.085443038,0.0,2017-07-02,1
2017-07-02 13:00:00,-0.398112445,-0.090548579,0.669213458,0.406478579,0.043460409,0.087816456,0.0,2017-07-02,1
2017-07-02 13:15:00,-0.403733691,-0.062789161,0.659767177,0.399791014,0.072673523,0.090981013,0.0,2017-07-02,1
2017-07-02 13:30:00,-0.411189239,-0.04031725,0.652210152,0.394357367,0.098047669,0.09414557,0.0,2017-07-02,1
2017-07-02 13:45:00,-0.420281851,-0.025776603,0.64720918,0.3910135839999999,0.118022623,0.0981012659999999,0.0,2017-07-02,1
2017-07-02 14:00:00,-0.430774844,-0.020489095,0.6454310560000001,0.389341693,0.131079222,0.101265823,0.0,2017-07-02,1
2017-07-02 14:15:00,-0.4424315339999999,-0.035029742,0.646820215,0.389759666,0.139639917,0.105221519,0.0,2017-07-02,1
2017-07-02 14:30:00,-0.45503496,-0.074686054,0.650654294,0.390177638,0.147194679,0.109968354,0.0,2017-07-02,1
2017-07-02 14:45:00,-0.468348438,-0.134170522,0.6564887620000001,0.390595611,0.153928271,0.113924051,0.0,2017-07-02,1
2017-07-02 15:00:00,-0.482135285,-0.208195638,0.663823521,0.391431557,0.159943339,0.118670886,0.0,2017-07-02,1
2017-07-02 15:15:00,-0.496198262,-0.29279577,0.672102909,0.39184953,0.165404118,0.123417722,0.0,2017-07-02,1
2017-07-02 15:30:00,-0.510300687,-0.38268341,0.6808823940000001,0.392685475,0.170413254,0.1281645569999999,0.0,2017-07-02,1
2017-07-02 15:45:00,-0.524205876,-0.471249174,0.6896618790000001,0.393521421,0.17513498,0.132911392,0.0,2017-07-02,1
2017-07-02 16:00:00,-0.537716591,-0.555849306,0.697941266,0.394357367,0.179692472,0.137658228,0.0,2017-07-02,1
2017-07-02 16:15:00,-0.551700674,-0.631196299,0.705276026,0.395193312,0.184229435,0.142405063,0.0,2017-07-02,1
2017-07-02 16:30:00,-0.5666314929999999,-0.68935889,0.7110549270000001,0.395611285,0.1888690439999999,0.147151899,0.0,2017-07-02,1
2017-07-02 16:45:00,-0.5825287720000001,-0.729015202,0.7149445729999999,0.396029258,0.1937550039999999,0.151898734,0.0,2017-07-02,1
2017-07-02 17:00:00,-0.599392511,-0.743555849,0.7163337320000001,0.396029258,0.199051549,0.15664557,0.0,2017-07-02,1
2017-07-02 17:15:00,-0.617281881,-0.740912095,0.694996249,0.395611285,0.204265977,0.161392405,0.0,2017-07-02,1
2017-07-02 17:30:00,-0.636177158,-0.7329808329999999,0.6358180760000001,0.394357367,0.209028761,0.166139241,0.0,2017-07-02,1
2017-07-02 17:45:00,-0.656098066,-0.722405816,0.5461895370000001,0.39184953,0.213483607,0.170094937,0.0,2017-07-02,1
2017-07-02 18:00:00,-0.677064329,-0.7091870459999999,0.4335009589999999,0.38892372,0.21775369,0.174841772,0.0,2017-07-02,1
2017-07-03 08:00:00,-0.464068402,-0.763384005,-0.534576168,0.266875653,0.679497444,0.292721519,0.0,2017-07-03,1
2017-07-03 08:15:00,-0.3856668079999999,-0.764705882,-0.549523518,0.2723093,0.65599146,0.293512658,0.0,2017-07-03,1
2017-07-03 08:30:00,-0.308488082,-0.764705882,-0.568193815,0.281086729,0.62094804,0.294303797,0.0,2017-07-03,1
2017-07-03 08:45:00,-0.2335184069999999,-0.767349636,-0.58964243,0.292789969,0.5764816979999999,0.295094937,0.0,2017-07-03,1
2017-07-03 09:00:00,-0.161803138,-0.769993391,-0.612980302,0.307001045,0.524727474,0.295886076,0.0,2017-07-03,1
2017-07-03 09:15:00,-0.094367906,-0.772637145,-0.637151668,0.322884013,0.467861469,0.296677215,0.0,2017-07-03,1
2017-07-03 09:30:00,-0.032218617,-0.7752808990000001,-0.661211902,0.340020899,0.4079981929999999,0.297468354,0.0,2017-07-03,1
2017-07-03 09:45:00,0.028293607,-0.777924653,-0.6842719420000001,0.3584117029999999,0.347293219,0.2982594939999999,0.0,2017-07-03,1
2017-07-03 10:00:00,0.09073875,-0.7805684070000001,-0.70522046,0.376384535,0.287902117,0.2982594939999999,0.0,2017-07-03,1
2017-07-03 10:15:00,0.153972841,-0.781890284,-0.723279527,0.394357367,0.231939398,0.299050633,0.0,2017-07-03,1
2017-07-03 10:30:00,0.216812457,-0.784534038,-0.7373378159999999,0.41107628,0.181560633,0.299050633,0.0,2017-07-03,1
2017-07-03 10:45:00,0.278113628,-0.785855915,-0.746450699,0.426541275,0.138921394,0.299050633,0.0,2017-07-03,1
2017-07-03 11:00:00,0.3367323789999999,-0.785855915,-0.7497291140000001,0.4394984329999999,0.10615672,0.299050633,0.0,2017-07-03,1
2017-07-03 11:15:00,0.391505015,-0.785855915,-0.749284583,0.451619645,0.0796534659999999,0.297468354,0.0,2017-07-03,1
2017-07-03 11:30:00,0.4412678379999999,-0.784534038,-0.7478954240000001,0.46415883,0.0544024959999999,0.293512658,0.0,2017-07-03,1
2017-07-03 11:45:00,0.484876875,-0.7832121609999999,-0.745728336,0.476698015,0.0304243389999999,0.287183544,0.0,2017-07-03,1
2017-07-03 12:00:00,0.52116843,-0.7805684070000001,-0.742783319,0.488819227,0.007780583,0.279272152,0.0,2017-07-03,1
2017-07-03 12:15:00,0.548978807,-0.777924653,-0.7391715059999999,0.500940439,-0.013487713,0.268987342,0.0,2017-07-03,1
2017-07-03 12:30:00,0.5671443079999999,-0.773959022,-0.7349484620000001,0.512643678,-0.033360021,0.257911392,0.0,2017-07-03,1
2017-07-03 12:45:00,0.579826629,-0.769993391,-0.730114189,0.5235109720000001,-0.051795282,0.246044304,0.0,2017-07-03,1
2017-07-03 13:00:00,0.591877792,-0.7660277590000001,-0.724779818,0.53354232,-0.068752438,0.234177215,0.0,2017-07-03,1
2017-07-03 13:15:00,0.6032189029999999,-0.760740251,-0.719056483,0.542737722,-0.0841698999999999,0.222310127,0.0,2017-07-03,1
2017-07-03 13:30:00,0.6138499620000001,-0.755452743,-0.712944184,0.550679206,-0.098047669,0.210443038,0.0,2017-07-03,1
2017-07-03 13:45:00,0.62367235,-0.750165235,-0.706498486,0.556948798,-0.1103241569999999,0.200158228,0.0,2017-07-03,1
2017-07-03 14:00:00,0.632646621,-0.7448777259999999,-0.6998305229999999,0.561964472,-0.120978834,0.1906645569999999,0.0,2017-07-03,1
2017-07-03 14:15:00,0.640733326,-0.7369464640000001,-0.690050843,0.5661442010000001,-0.130791813,0.181170886,0.0,2017-07-03,1
2017-07-03 14:30:00,0.647893019,-0.726371447,-0.6751590590000001,0.570323929,-0.140502145,0.170094937,0.0,2017-07-03,1
2017-07-03 14:45:00,0.6540270810000001,-0.7131526770000001,-0.656099797,0.5745036570000001,-0.149966127,0.159018987,0.0,2017-07-03,1
2017-07-03 15:00:00,0.659135511,-0.697290152,-0.6340955189999999,0.57784744,-0.159040053,0.147151899,0.0,2017-07-03,1
2017-07-03 15:15:00,0.663119693,-0.678783873,-0.610146417,0.581609195,-0.167580218,0.136075949,0.0,2017-07-03,1
2017-07-03 15:30:00,0.665979625,-0.658955717,-0.5853638210000001,0.584535005,-0.175442918,0.125,0.0,2017-07-03,1
2017-07-03 15:45:00,0.66761669,-0.639127561,-0.5609146220000001,0.587460815,-0.182504978,0.11471519,0.0,2017-07-03,1
2017-07-03 16:00:00,0.667064427,-0.6179775279999999,-0.537799016,0.589550679,-0.188581635,0.105221519,0.0,2017-07-03,1
2017-07-03 16:15:00,0.635171251,-0.596827495,-0.517128331,0.591640543,-0.193570241,0.097310127,0.0,2017-07-03,1
2017-07-03 16:30:00,0.564284376,-0.576999339,-0.500013892,0.5928944620000001,-0.197306563,0.091772152,0.0,2017-07-03,1
2017-07-03 16:45:00,0.462648297,-0.557171183,-0.487567027,0.59414838,-0.199667426,0.087816456,0.0,2017-07-03,1
2017-07-03 17:00:00,0.338468062,-0.537343027,-0.480899064,0.59414838,-0.200488596,0.086234177,0.0,2017-07-03,1
2017-07-03 17:15:00,0.200047337,-0.518836748,-0.477509516,0.5924764889999999,-0.196136396,0.086234177,0.0,2017-07-03,1
2017-07-03 17:30:00,0.0556108909999999,-0.496364838,-0.4743978,0.587460815,-0.18381885,0.0870253159999999,0.0,2017-07-03,1
2017-07-03 17:45:00,-0.086596779,-0.472571051,-0.471452782,0.579519331,-0.164624007,0.087816456,0.0,2017-07-03,1
2017-07-03 18:00:00,-0.218311456,-0.447455387,-0.468785597,0.56907001,-0.139660446,0.089398734,0.0,2017-07-03,1
2017-07-04 08:00:00,-0.4106567,-0.438202247,-0.531131053,0.291954023,0.4392231729999999,0.176424051,0.0,2017-07-04,1
2017-07-04 08:15:00,-0.324030335,-0.427627231,-0.5276859389999999,0.302821317,0.425550697,0.176424051,0.0,2017-07-04,1
2017-07-04 08:30:00,-0.239159377,-0.418374091,-0.5216292060000001,0.316196447,0.4036665229999999,0.175632911,0.0,2017-07-04,1
2017-07-04 08:45:00,-0.1572864169999999,-0.409120952,-0.513516517,0.332079415,0.3748845229999999,0.174050633,0.0,2017-07-04,1
2017-07-04 09:00:00,-0.079713218,-0.4011896889999999,-0.503903537,0.3496342739999999,0.340559627,0.171677215,0.0,2017-07-04,1
2017-07-04 09:15:00,-0.00768237,-0.393258427,-0.493290362,0.368443051,0.301985178,0.168512658,0.0,2017-07-04,1
2017-07-04 09:30:00,0.057563535,-0.386649042,-0.482232656,0.388087774,0.260495576,0.166139241,0.0,2017-07-04,1
2017-07-04 09:45:00,0.120994862,-0.378717779,-0.4712860829999999,0.40815047,0.217404693,0.162183544,0.0,2017-07-04,1
2017-07-04 10:00:00,0.187345292,-0.372108394,-0.46095074,0.4277951929999999,0.174026401,0.158227848,0.0,2017-07-04,1
2017-07-04 10:15:00,0.2550172089999999,-0.365499009,-0.451782291,0.447021944,0.1316951,0.154272152,0.0,2017-07-04,1
2017-07-04 10:30:00,0.322412994,-0.358889623,-0.444280832,0.465412748,0.091724662,0.150316456,0.0,2017-07-04,1
2017-07-04 10:45:00,0.387895583,-0.353602115,-0.439057595,0.481713689,0.055428959,0.14556962,0.0,2017-07-04,1
2017-07-04 11:00:00,0.449867358,-0.34699273,-0.436612675,0.4963427379999999,0.02416292,0.140822785,0.0,2017-07-04,1
2017-07-04 11:15:00,0.506730703,-0.340383344,-0.4357236129999999,0.510135841,-0.005317074,0.134493671,0.0,2017-07-04,1
2017-07-04 11:30:00,0.556848552,-0.332452082,-0.434890118,0.52476489,-0.036521525,0.126582278,0.0,2017-07-04,1
2017-07-04 11:45:00,0.5986430110000001,-0.32452082,-0.434167755,0.539393939,-0.068649792,0.116297468,0.0,2017-07-04,1
2017-07-04 12:00:00,0.630496741,-0.3165895569999999,-0.4335009589999999,0.554022989,-0.100860175,0.10443038,0.0,2017-07-04,1
2017-07-04 12:15:00,0.650772675,-0.309980172,-0.432889729,0.568234065,-0.132352035,0.091772152,0.0,2017-07-04,1
2017-07-04 12:30:00,0.65789292,-0.302048909,-0.432334065,0.582027168,-0.162324732,0.077531646,0.0,2017-07-04,1
2017-07-04 12:45:00,0.651798306,-0.295439524,-0.4318895339999999,0.5945663529999999,-0.189916035,0.0640822779999999,0.0,2017-07-04,1
2017-07-04 13:00:00,0.634342857,-0.288830139,-0.43150057,0.605433647,-0.214325306,0.0506329109999999,0.0,2017-07-04,1
2017-07-04 13:15:00,0.606690269,-0.284864508,-0.431222738,0.614629049,-0.234731375,0.037974684,0.0,2017-07-04,1
2017-07-04 13:30:00,0.5700436879999999,-0.280898876,-0.431000472,0.6217345870000001,-0.2503336,0.026107595,0.0,2017-07-04,1
2017-07-04 13:45:00,0.525606256,-0.2782551219999999,-0.43088934,0.625914316,-0.260290284,0.015822785,0.0,2017-07-04,1
2017-07-04 14:00:00,0.474581119,-0.276933245,-0.430833773,0.627586207,-0.263780255,0.007120253,0.0,2017-07-04,1
2017-07-04 14:15:00,0.418151695,-0.2782551219999999,-0.43088934,0.626750261,-0.260741927,0.0,0.0,2017-07-04,1
2017-07-04 14:30:00,0.357501405,-0.280898876,-0.431056039,0.6238244510000001,-0.252037527,-0.007911392,0.0,2017-07-04,1
2017-07-04 14:45:00,0.293853118,-0.286186385,-0.43133387,0.619644723,-0.2382829339999999,-0.015031646,0.0,2017-07-04,1
2017-07-04 15:00:00,0.228390253,-0.29279577,-0.431722835,0.613793103,-0.220114553,-0.022943038,0.0,2017-07-04,1
2017-07-04 15:15:00,0.16229623,-0.299405155,-0.432167366,0.606687565,-0.198168791,-0.030063291,0.0,2017-07-04,1
2017-07-04 15:30:00,0.096793917,-0.308658295,-0.432667463,0.598328109,-0.173061526,-0.036392405,0.0,2017-07-04,1
2017-07-04 15:45:00,0.033047011,-0.317911434,-0.433278693,0.589550679,-0.145449693,-0.042721519,0.0,2017-07-04,1
2017-07-04 16:00:00,-0.0280569229999999,-0.327164574,-0.4339454889999999,0.579937304,-0.11592864,-0.047468354,0.0,2017-07-04,1
2017-07-04 16:15:00,-0.095945799,-0.33773959,-0.434667852,0.569905956,-0.085155304,-0.05221519,0.0,2017-07-04,1
2017-07-04 16:30:00,-0.173163973,-0.34699273,-0.435445781,0.559874608,-0.053745561,-0.055379747,0.0,2017-07-04,1
2017-07-04 16:45:00,-0.25663455,-0.357567746,-0.43622371,0.549425287,-0.022335817,-0.056962025,0.0,2017-07-04,1
2017-07-04 17:00:00,-0.343359533,-0.366820886,-0.437001639,0.539393939,0.008458048,-0.057753165,0.0,2017-07-04,1
2017-07-04 17:15:00,-0.430242305,-0.376074025,-0.437890701,0.528108673,0.0427418859999999,-0.056962025,0.0,2017-07-04,1
2017-07-04 17:30:00,-0.514284869,-0.386649042,-0.438835329,0.513479624,0.084026195,-0.054588608,0.0,2017-07-04,1
2017-07-04 17:45:00,-0.592430055,-0.397224058,-0.4400022229999999,0.4971786829999999,0.130853401,-0.0506329109999999,0.0,2017-07-04,1
2017-07-04 18:00:00,-0.661640418,-0.407799075,-0.4412802489999999,0.479205852,0.181704338,-0.045094937,0.0,2017-07-04,1
2017-07-05 08:15:00,-0.365785347,-0.353602115,0.631094935,0.321630094,0.343762189,0.166139241,0.0,2017-07-05,1
2017-07-05 08:30:00,-0.290007002,-0.304692664,0.635762509,0.3379310339999999,0.291966907,0.167721519,0.0,2017-07-05,1
2017-07-05 08:45:00,-0.21580655,-0.253139458,0.639429889,0.356739812,0.233355916,0.168512658,0.0,2017-07-05,1
2017-07-05 09:00:00,-0.143775702,-0.200264375,0.642374906,0.377220481,0.170125844,0.170094937,0.0,2017-07-05,1
2017-07-05 09:15:00,-0.074486445,-0.147389293,0.644819826,0.3989550679999999,0.104432264,0.170886076,0.0,2017-07-05,1
2017-07-05 09:30:00,-0.008530488,-0.098479841,0.646931348,0.421525601,0.038471803,0.171677215,0.0,2017-07-05,1
2017-07-05 09:45:00,0.058707508,-0.050892267,0.648987303,0.443678161,-0.025599967,0.172468354,0.0,2017-07-05,1
2017-07-05 10:00:00,0.130935592,-0.009914078,0.651154391,0.465412748,-0.085565889,0.173259494,0.0,2017-07-05,1
2017-07-05 10:15:00,0.20608278,-0.6386107600394471,0.653710444,0.485893417,-0.139249861,0.173259494,0.0,2017-07-05,1
2017-07-05 10:30:00,0.282078086,-0.6386107600394471,0.65682216,0.5047021939999999,-0.184496315,0.174050633,0.0,2017-07-05,1
2017-07-05 10:45:00,0.3568702479999999,-0.6386107600394471,0.6608229379999999,0.520585162,-0.21910862,0.174050633,0.0,2017-07-05,1
2017-07-05 11:00:00,0.42838828,-0.6386107600394471,0.66582391,0.533124347,-0.240910677,0.174050633,0.0,2017-07-05,1
2017-07-05 11:15:00,0.494561198,-0.6386107600394471,0.673936599,0.543991641,-0.254973209,0.174050633,0.0,2017-07-05,1
2017-07-05 11:30:00,0.553337738,-0.6386107600394471,0.686494596,0.554858934,-0.267865575,0.172468354,0.0,2017-07-05,1
2017-07-05 11:45:00,0.6026469170000001,-0.6386107600394471,0.702553274,0.5657262279999999,-0.279649361,0.171677215,0.0,2017-07-05,1
2017-07-05 12:00:00,0.640417747,-0.6386107600394471,0.7213347040000001,0.575757576,-0.290365626,0.169303797,0.0,2017-07-05,1
2017-07-05 12:15:00,0.664579245,-0.6386107600394471,0.741894257,0.5857889239999999,-0.300055429,0.16693038,0.0,2017-07-05,1
2017-07-05 12:30:00,0.6730998709999999,-0.0006609389999999,0.7632873059999999,0.5949843260000001,-0.308759828,0.164556962,0.0,2017-07-05,1
2017-07-05 12:45:00,0.673020976,-0.021810972,0.784680355,0.603343783,-0.316540412,0.161392405,0.0,2017-07-05,1
2017-07-05 13:00:00,0.672744845,-0.044282882,0.805239908,0.610449321,-0.323458767,0.159018987,0.0,2017-07-05,1
2017-07-05 13:15:00,0.6722912,-0.066754792,0.8239657709999999,0.61630094,-0.329535423,0.15585443,0.0,2017-07-05,1
2017-07-05 13:30:00,0.6716600429999999,-0.087904825,0.8400244490000001,0.620480669,-0.334811439,0.152689873,0.0,2017-07-05,1
2017-07-05 13:45:00,0.670831649,-0.1077329809999999,0.85252688,0.623406479,-0.339368931,0.149525316,0.0,2017-07-05,1
2017-07-05 14:00:00,0.669806018,-0.12623926,0.8605840020000001,0.624242424,-0.343228429,0.146360759,0.0,2017-07-05,1
2017-07-05 14:15:00,0.66858315,-0.142101785,0.866029506,0.624242424,-0.34673893,0.143196203,0.0,2017-07-05,1
2017-07-05 14:30:00,0.667163046,-0.157964309,0.871197177,0.6238244510000001,-0.350126255,0.1392405059999999,0.0,2017-07-05,1
2017-07-05 14:45:00,0.665545705,-0.175148711,0.8761425829999999,0.623406479,-0.353390405,0.13528481,0.0,2017-07-05,1
2017-07-05 15:00:00,0.66369168,-0.191011236,0.880754591,0.622988506,-0.356469791,0.130537975,0.0,2017-07-05,1
2017-07-05 15:15:00,0.661640418,-0.206873761,0.8850332009999999,0.62215256,-0.359323356,0.125791139,0.0,2017-07-05,1
2017-07-05 15:30:00,0.659372196,-0.222736286,0.88886728,0.6213166139999999,-0.36193057,0.121044304,0.0,2017-07-05,1
2017-07-05 15:45:00,0.656887013,-0.23859881,0.892256828,0.620480669,-0.364250375,0.117088608,0.0,2017-07-05,1
2017-07-05 16:00:00,0.65321841,-0.255783212,0.895090712,0.61922675,-0.366221182,0.113132911,0.0,2017-07-05,1
2017-07-05 16:15:00,0.618899222,-0.271645737,0.8974244990000001,0.6179728320000001,-0.367822463,0.109177215,0.0,2017-07-05,1
2017-07-05 16:30:00,0.546059704,-0.288830139,0.8991470559999999,0.61630094,-0.369013159,0.1068037969999999,0.0,2017-07-05,1
2017-07-05 16:45:00,0.4428851789999999,-0.306014541,0.900202817,0.615047022,-0.369752212,0.105221519,0.0,2017-07-05,1
2017-07-05 17:00:00,0.317639865,-0.323198942,0.900536215,0.613375131,-0.370019092,0.10443038,0.0,2017-07-05,1
2017-07-05 17:15:00,0.178548535,-0.340383344,0.86397355,0.611285266,-0.369772741,0.105221519,0.0,2017-07-05,1
2017-07-05 17:30:00,0.033835958,-0.3602114999999999,0.762898341,0.607523511,-0.369074747,0.1075949369999999,0.0,2017-07-05,1
2017-07-05 17:45:00,-0.10825337,-0.378717779,0.610201984,0.60292581,-0.36790458,0.111550633,0.0,2017-07-05,1
2017-07-05 18:00:00,-0.239514403,-0.399867812,0.4188314389999999,0.597492163,-0.3663032989999999,0.116297468,0.0,2017-07-05,1
2017-07-08 08:00:00,-0.829291624,-0.561136814,0.872808602,0.3024033439999999,0.162468436,0.405063291,0.647667,2017-07-08,1
2017-07-08 08:15:00,-0.807536415,-0.571711831,0.8434695640000001,0.3024033439999999,0.178275954,0.412183544,1.16567,2017-07-08,1
2017-07-08 08:30:00,-0.785130324,-0.594183741,0.7623982440000001,0.301985371,0.194863583,0.420886076,0.702333,2017-07-08,1
2017-07-08 08:45:00,-0.7618366679999999,-0.624586913,0.63987442,0.301985371,0.21177968,0.431170886,0.938667,2017-07-08,1
2017-07-08 09:00:00,-0.737339868,-0.662921348,0.486289001,0.301567398,0.2286547189999999,0.441455696,1.31433,2017-07-08,1
2017-07-08 09:15:00,-0.711422964,-0.705221414,0.312032895,0.301567398,0.245057585,0.451740506,1.57,2017-07-08,1
2017-07-08 09:30:00,-0.683770377,-0.750165235,0.1274414469999999,0.301567398,0.260618751,0.462025316,1.03433,2017-07-08,1
2017-07-08 09:45:00,-0.650910741,-0.795109055,-0.057205568,0.301149425,0.274886576,0.472310127,1.39267,2017-07-08,1
2017-07-08 10:00:00,-0.61083224,-0.836087244,-0.231461673,0.301149425,0.287471002,0.481012658,1.86233,2017-07-08,1
2017-07-08 10:15:00,-0.5654283489999999,-0.873099802,-0.385047092,0.301149425,0.297961446,0.488924051,2.98133,2017-07-08,1
2017-07-08 10:30:00,-0.51665171,-0.902181097,-0.50751535,0.301149425,0.305967851,0.494462025,4.489669999999999,2017-07-08,1
2017-07-08 10:45:00,-0.466435242,-0.922009253,-0.588642236,0.301149425,0.311059104,0.498417722,3.17,2017-07-08,1
2017-07-08 11:00:00,-0.416652696,-0.928618638,-0.617981274,0.301149425,0.312865677,0.5,4.4593300000000005,2017-07-08,1
2017-07-08 11:15:00,-0.3692567129999999,-0.916721745,-0.614147195,0.301985371,0.306645316,0.499208861,3.591,2017-07-08,1
2017-07-08 11:30:00,-0.326180215,-0.884996695,-0.603645153,0.305329154,0.2894623389999999,0.498417722,4.59,2017-07-08,1
2017-07-08 11:45:00,-0.289316673,-0.837409121,-0.587808741,0.310344828,0.263513375,0.496835443,3.70467,2017-07-08,1
2017-07-08 12:00:00,-0.260618732,-0.7766027759999999,-0.567860417,0.31661442,0.230974523,0.494462025,3.13133,2017-07-08,1
2017-07-08 12:15:00,-0.241979862,-0.7091870459999999,-0.545300475,0.323719958,0.194042413,0.492088608,5.608,2017-07-08,1
2017-07-08 12:30:00,-0.235332985,-0.6364838070000001,-0.52140694,0.331243469,0.154934204,0.488924051,4.04333,2017-07-08,1
2017-07-08 12:45:00,-0.236141655,-0.563780568,-0.497457839,0.338349007,0.115805465,0.4857594939999999,2.46367,2017-07-08,1
2017-07-08 13:00:00,-0.238488772,-0.495042961,-0.474897897,0.345454545,0.078893884,0.482594937,3.02,2017-07-08,1
2017-07-08 13:15:00,-0.242295441,-0.435558493,-0.45500514,0.3517241379999999,0.046355033,0.47943038,3.10367,2017-07-08,1
2017-07-08 13:30:00,-0.247522214,-0.3879709189999999,-0.439113161,0.356739812,0.0203855389999999,0.476265823,2.83233,2017-07-08,1
2017-07-08 13:45:00,-0.254031025,-0.356245869,-0.428611119,0.360083595,0.003202562,0.473101266,3.88767,2017-07-08,1
2017-07-08 14:00:00,-0.261782428,-0.344348976,-0.42477704,0.3613375129999999,-0.003017799,0.469936709,4.254,2017-07-08,1
2017-07-08 14:15:00,-0.270697528,-0.34699273,-0.426221765,0.36091954,0.001868161,0.4659810129999999,4.99033,2017-07-08,1
2017-07-08 14:30:00,-0.280677705,-0.356245869,-0.430111411,0.360083595,0.015376404,0.462025316,5.08,2017-07-08,1
2017-07-08 14:45:00,-0.29166379,-0.370786517,-0.4359458779999999,0.3584117029999999,0.035782472,0.457278481,4.33467,2017-07-08,1
2017-07-08 15:00:00,-0.303576888,-0.3879709189999999,-0.4432806379999999,0.356739812,0.06136191,0.452531646,3.792,2017-07-08,1
2017-07-08 15:15:00,-0.31631838,-0.407799075,-0.451615592,0.354231975,0.090369732,0.44778481,3.773,2017-07-08,1
2017-07-08 15:30:00,-0.329809371,-0.4289491079999999,-0.460450643,0.3517241379999999,0.121122539,0.442246835,2.96033,2017-07-08,1
2017-07-08 15:45:00,-0.34399069,-0.450099141,-0.469285694,0.349216301,0.151875346,0.4375,3.76233,2017-07-08,1
2017-07-08 16:00:00,-0.359020128,-0.469927297,-0.477620648,0.346708464,0.180883168,0.433544304,4.234,2017-07-08,1
2017-07-08 16:15:00,-0.382136271,-0.487111699,-0.484955408,0.3437826539999999,0.206462606,0.429588608,3.31667,2017-07-08,1
2017-07-08 16:30:00,-0.415133973,-0.501652346,-0.490845442,0.341274817,0.226868674,0.426424051,4.10733,2017-07-08,1
2017-07-08 16:45:00,-0.455843631,-0.510905486,-0.494735087,0.3391849529999999,0.240356388,0.424841772,5.20267,2017-07-08,1
2017-07-08 17:00:00,-0.502075916,-0.51354924,-0.496124246,0.3370950889999999,0.245242348,0.4240506329999999,5.70067,2017-07-08,1
2017-07-08 17:15:00,-0.551621779,-0.51354924,-0.494790654,0.335423197,0.244339061,0.424841772,5.337999999999999,2017-07-08,1
2017-07-08 17:30:00,-0.602291891,-0.51354924,-0.49117884,0.333751306,0.241855022,0.42721519,4.221,2017-07-08,1
2017-07-08 17:45:00,-0.651896924,-0.51354924,-0.485622204,0.332079415,0.238077642,0.430379747,3.03433,2017-07-08,1
2017-07-08 18:00:00,-0.6982278279999999,-0.51354924,-0.478731976,0.330825496,0.233355916,0.434335443,1.541,2017-07-08,1
2017-08-06 08:00:00,-0.644500547,-0.584930601,-0.404606451,0.361755486,0.913736117,0.182753165,0.778,2017-08-06,1
2017-08-06 08:15:00,-0.618268064,-0.600793126,-0.396771594,0.36677116,0.901151691,0.182753165,0.911333,2017-08-06,1
2017-08-06 08:30:00,-0.595171645,-0.621943159,-0.384546995,0.37262278,0.885344173,0.184335443,1.04267,2017-08-06,1
2017-08-06 08:45:00,-0.573633396,-0.647058824,-0.3683216179999999,0.379310345,0.8666009729999999,0.1851265819999999,1.351,2017-08-06,1
2017-08-06 09:00:00,-0.552134594,-0.6748182420000001,-0.3484844279999999,0.3864158829999999,0.8451273840000001,0.1875,1.64667,2017-08-06,1
2017-08-06 09:15:00,-0.529136794,-0.70257766,-0.3252576889999999,0.39477534,0.8212313440000001,0.189082278,2.32667,2017-08-06,1
2017-08-06 09:30:00,-0.503081824,-0.731658956,-0.299085933,0.403552769,0.795138675,0.191455696,2.39533,2017-08-06,1
2017-08-06 09:45:00,-0.476159012,-0.758096497,-0.270302559,0.412748171,0.7670957279999999,0.193829114,2.1186700000000003,2017-08-06,1
2017-08-06 10:00:00,-0.4513466339999999,-0.7832121609999999,-0.2392409639999999,0.422779519,0.737389912,0.195411392,1.848,2017-08-06,1
2017-08-06 10:15:00,-0.4282502139999999,-0.8043621940000001,-0.2061789789999999,0.432810867,0.706247049,0.196993671,2.56033,2017-08-06,1
2017-08-06 10:30:00,-0.406475281,-0.8215465959999999,-0.171561137,0.443678161,0.673934019,0.1985759489999999,2.798,2017-08-06,1
2017-08-06 10:45:00,-0.3856668079999999,-0.832121613,-0.135665268,0.454545455,0.640717702,0.199367089,2.73733,2017-08-06,1
2017-08-06 11:00:00,-0.365390874,-0.836087244,-0.098880338,0.465412748,0.606823921,0.200158228,2.58,2017-08-06,1
2017-08-06 11:15:00,-0.3452924529999999,-0.82419035,-0.051537799,0.478369906,0.566032313,0.1985759489999999,3.39,2017-08-06,1
2017-08-06 11:30:00,-0.324977071,-0.787177792,0.013585975,0.494670846,0.513805917,0.194620253,5.06767,2017-08-06,1
2017-08-06 11:45:00,-0.304050256,-0.7329808329999999,0.092212375,0.513479624,0.453018825,0.188291139,7.202000000000001,2017-08-06,1
2017-08-06 12:00:00,-0.282137257,-0.664243225,0.180229489,0.53354232,0.386504075,0.1803797469999999,6.53833,2017-08-06,1
2017-08-06 12:15:00,-0.258843601,-0.586252479,0.273525408,0.5544409610000001,0.31713576,0.171677215,5.63,2017-08-06,1
2017-08-06 12:30:00,-0.233794539,-0.5042960999999999,0.367821521,0.575339603,0.247767445,0.162183544,6.63933,2017-08-06,1
2017-08-06 12:45:00,-0.204879636,-0.421017845,0.4590614839999999,0.595402299,0.181232165,0.152689873,7.3235,2017-08-06,1
2017-08-06 13:00:00,-0.171014093,-0.343027098,0.543022254,0.613375131,0.120404016,0.143987342,6.00367,2017-08-06,1
2017-08-06 13:15:00,-0.133401051,-0.274289491,0.615591921,0.628840125,0.068136561,0.136075949,6.672000000000001,2017-08-06,1
2017-08-06 13:30:00,-0.093145038,-0.220092531,0.67254744,0.640961338,0.027242307,0.129746835,7.58933,2017-08-06,1
2017-08-06 13:45:00,-0.0514294729999999,-0.1830799739999999,0.7097769009999999,0.648902821,0.000636407,0.125791139,6.33033,2017-08-06,1
2017-08-06 14:00:00,-0.009418053,-0.168539326,0.723112827,0.651828631,-0.008868633,0.1242088609999999,5.736330000000001,2017-08-06,1
2017-08-06 14:15:00,0.0317452489999999,-0.168539326,0.693495958,0.65015674,-0.003715793,0.1242088609999999,5.013999999999999,2017-08-06,1
2017-08-06 14:30:00,0.07091646,-0.167217449,0.611535576,0.645141066,0.010634148,0.125,4.823,2017-08-06,1
2017-08-06 14:45:00,0.106931884,-0.165895572,0.487622593,0.637617555,0.032538852,0.126582278,4.428,2017-08-06,1
2017-08-06 15:00:00,0.1386081009999999,-0.165895572,0.332036785,0.627586207,0.060335448,0.1281645569999999,4.52767,2017-08-06,1
2017-08-06 15:15:00,0.16482086,-0.164573695,0.155224627,0.615882968,0.092381598,0.130537975,3.946,2017-08-06,1
2017-08-06 15:30:00,0.184406465,-0.164573695,-0.032478537,0.602507837,0.127055491,0.132911392,4.20833,2017-08-06,1
2017-08-06 15:45:00,0.196220945,-0.164573695,-0.220737366,0.5882967610000001,0.162673729,0.136075949,3.124,2017-08-06,1
2017-08-06 16:00:00,0.198035522,-0.164573695,-0.3991609479999999,0.574085684,0.197573443,0.1392405059999999,2.82233,2017-08-06,1
2017-08-06 16:15:00,0.157424483,-0.163251818,-0.557413942,0.559456635,0.230153353,0.142405063,2.84,2017-08-06,1
2017-08-06 16:30:00,0.068589067,-0.163251818,-0.685105437,0.5456635320000001,0.258730061,0.146360759,2.75833,2017-08-06,1
2017-08-06 16:45:00,-0.0561434309999999,-0.163251818,-0.771955658,0.532288401,0.281681756,0.150316456,1.73833,2017-08-06,1
2017-08-06 17:00:00,-0.204366821,-0.163251818,-0.8075181290000001,0.520585162,0.29732504,0.154272152,1.21867,2017-08-06,1
2017-08-06 17:15:00,-0.363734085,-0.167217449,-0.813741561,0.509299896,0.308349243,0.160601266,1.161,2017-08-06,1
2017-08-06 17:30:00,-0.521898206,-0.177792465,-0.8195204620000001,0.497596656,0.318552278,0.170094937,0.900667,2017-08-06,1
2017-08-06 17:45:00,-0.666472717,-0.192333113,-0.8247437,0.485057471,0.32799573,0.181962025,0.641667,2017-08-06,1
2017-08-06 18:00:00,-0.7851106,-0.213483146,-0.829411274,0.472518286,0.3367001289999999,0.195411392,0.773333,2017-08-06,1
2017-08-22 08:00:00,-0.947535034,-0.828155981,-0.512683022,0.264785789,0.85988791,0.19778481,0.119333,2017-08-22,1
2017-08-22 08:15:00,-0.929665388,-0.820224719,-0.494790654,0.266039707,0.855699945,0.206487342,0.0,2017-08-22,1
2017-08-22 08:30:00,-0.910592598,-0.797752809,-0.445003195,0.2685475439999999,0.849972286,0.217563291,0.0,2017-08-22,1
2017-08-22 08:45:00,-0.8908492029999999,-0.7660277590000001,-0.369099547,0.271891327,0.842869167,0.228639241,0.0,2017-08-22,1
2017-08-22 09:00:00,-0.8710071890000001,-0.72504957,-0.272914178,0.276489028,0.8344727059999999,0.240506329,0.0,2017-08-22,1
2017-08-22 09:15:00,-0.851599097,-0.678783873,-0.1621704219999999,0.281504702,0.824906079,0.252373418,0.0,2017-08-22,1
2017-08-22 09:30:00,-0.833157464,-0.628552545,-0.04281388,0.287356322,0.81429246,0.264240506,0.0,2017-08-22,1
2017-08-22 09:45:00,-0.8148736209999999,-0.5796430929999999,0.079432112,0.293625914,0.802734495,0.275316456,0.0,2017-08-22,1
2017-08-22 10:00:00,-0.7955641459999999,-0.533377396,0.198733087,0.30031348,0.7903553609999999,0.285601266,0.0,2017-08-22,1
2017-08-22 10:15:00,-0.7753276590000001,-0.492399207,0.309310144,0.306583072,0.777257704,0.295094937,0.0,2017-08-22,1
2017-08-22 10:30:00,-0.754243055,-0.45935228,0.405328814,0.313270637,0.763585227,0.30221519,0.0,2017-08-22,1
2017-08-22 10:45:00,-0.73234978,-0.438202247,0.481010196,0.31954023,0.749420049,0.307753165,0.0,2017-08-22,1
2017-08-22 11:00:00,-0.7097464520000001,-0.430270985,0.530464257,0.32539185,0.734885344,0.310917722,0.0,2017-08-22,1
2017-08-22 11:15:00,-0.6865119670000001,-0.430270985,0.564526436,0.331243469,0.716696434,0.313291139,0.0,2017-08-22,1
2017-08-22 11:30:00,-0.662685772,-0.430270985,0.597477287,0.3379310339999999,0.692471926,0.314873418,0.0,2017-08-22,1
2017-08-22 11:45:00,-0.638386209,-0.431592862,0.6289834129999999,0.3458725179999999,0.663628339,0.316455696,0.0,2017-08-22,1
2017-08-22 12:00:00,-0.613652725,-0.432914739,0.65865585,0.353814002,0.6316437770000001,0.318037975,0.0,2017-08-22,1
2017-08-22 12:15:00,-0.588564215,-0.434236616,0.686161198,0.361755486,0.597975817,0.3188291139999999,0.0,2017-08-22,1
2017-08-22 12:30:00,-0.5632192979999999,-0.435558493,0.71116606,0.369278997,0.564082035,0.320411392,0.0,2017-08-22,1
2017-08-22 12:45:00,-0.535191961,-0.43688037,0.7333370379999999,0.376802508,0.531399479,0.321202532,0.0,2017-08-22,1
2017-08-22 13:00:00,-0.502766245,-0.43688037,0.7522295999999999,0.383490073,0.501385724,0.321993671,0.0,2017-08-22,1
2017-08-22 13:15:00,-0.466967781,-0.438202247,0.7675659159999999,0.38892372,0.475518877,0.32278481,0.0,2017-08-22,1
2017-08-22 13:30:00,-0.428901096,-0.4395241239999999,0.778957019,0.393521421,0.455256513,0.323575949,0.0,2017-08-22,1
2017-08-22 13:45:00,-0.389591819,-0.4395241239999999,0.786013947,0.396447231,0.442015151,0.323575949,0.0,2017-08-22,1
2017-08-22 14:00:00,-0.350124752,-0.440846001,0.788458867,0.397283177,0.437272895,0.324367089,0.0,2017-08-22,1
2017-08-22 14:15:00,-0.311545251,-0.4395241239999999,0.7632873059999999,0.397283177,0.439182115,0.325158228,0.0,2017-08-22,1
2017-08-22 14:30:00,-0.274918393,-0.438202247,0.69360709,0.3968652039999999,0.4445402479999999,0.325158228,0.0,2017-08-22,1
2017-08-22 14:45:00,-0.2412895339999999,-0.435558493,0.588364404,0.396447231,0.452834062,0.325158228,0.0,2017-08-22,1
2017-08-22 15:00:00,-0.211763198,-0.432914739,0.456449865,0.395611285,0.463570857,0.325949367,0.0,2017-08-22,1
2017-08-22 15:15:00,-0.187345292,-0.4289491079999999,0.306698525,0.39477534,0.4762374,0.325949367,0.0,2017-08-22,1
2017-08-22 15:30:00,-0.16912062,-0.424983477,0.148112133,0.393939394,0.490320461,0.325949367,0.0,2017-08-22,1
2017-08-22 15:45:00,-0.158154259,-0.419695968,-0.010474259,0.392685475,0.5053273389999999,0.325949367,0.0,2017-08-22,1
2017-08-22 16:00:00,-0.155767695,-0.415730337,-0.160225599,0.391431557,0.520703742,0.325949367,0.0,2017-08-22,1
2017-08-22 16:15:00,-0.170639343,-0.411764706,-0.292140138,0.390177638,0.5359775,0.326740506,0.0,2017-08-22,1
2017-08-22 16:30:00,-0.203972347,-0.407799075,-0.3973828239999999,0.388505747,0.55063538,0.326740506,0.0,2017-08-22,1
2017-08-22 16:45:00,-0.252137553,-0.4038334429999999,-0.467007474,0.386833856,0.564164152,0.327531646,0.0,2017-08-22,1
2017-08-22 17:00:00,-0.311584698,-0.4011896889999999,-0.492234601,0.3851619639999999,0.576030055,0.327531646,0.0,2017-08-22,1
2017-08-22 17:15:00,-0.378724076,-0.398545935,-0.4919567689999999,0.382654127,0.586848966,0.329113924,0.0,2017-08-22,1
2017-08-22 17:30:00,-0.449965977,-0.395902181,-0.491289973,0.3784743989999999,0.597503644,0.33306962,0.0,2017-08-22,1
2017-08-22 17:45:00,-0.521720693,-0.393258427,-0.490178646,0.373458725,0.608055675,0.337816456,0.0,2017-08-22,1
2017-08-22 18:00:00,-0.59041824,-0.3906146729999999,-0.488845053,0.36677116,0.618484531,0.344936709,0.0,2017-08-22,1
2017-08-23 08:00:00,-0.936095305,-0.793787178,-0.556024783,0.166144201,0.90632506,0.5498417720000001,0.0,2017-08-23,1
2017-08-23 08:15:00,-0.913925898,-0.7924653009999999,-0.554413358,0.167816092,0.902978793,0.555379747,0.0,2017-08-23,1
2017-08-23 08:30:00,-0.890178598,-0.7898215470000001,-0.549968049,0.171159875,0.896183614,0.560126582,0.0,2017-08-23,1
2017-08-23 08:45:00,-0.865543732,-0.785855915,-0.543300086,0.17492163,0.886309047,0.5656645570000001,0.0,2017-08-23,1
2017-08-23 09:00:00,-0.840672183,-0.77924653,-0.5349651320000001,0.179519331,0.873827267,0.571202532,0.0,2017-08-23,1
2017-08-23 09:15:00,-0.8162542779999999,-0.772637145,-0.525463285,0.184952978,0.859107799,0.575949367,0.0,2017-08-23,1
2017-08-23 09:30:00,-0.792940898,-0.7660277590000001,-0.515350207,0.191222571,0.842643345,0.5814873420000001,0.0,2017-08-23,1
2017-08-23 09:45:00,-0.767694599,-0.758096497,-0.505292696,0.197910136,0.8248034320000001,0.586234177,0.0,2017-08-23,1
2017-08-23 10:00:00,-0.737773789,-0.750165235,-0.4957908479999999,0.204597701,0.806039704,0.5901898729999999,0.0,2017-08-23,1
2017-08-23 10:15:00,-0.70436189,-0.743555849,-0.487455894,0.211703239,0.786762744,0.59335443,0.0,2017-08-23,1
2017-08-23 10:30:00,-0.668622597,-0.7369464640000001,-0.480732365,0.2188087769999999,0.7674241959999999,0.5965189870000001,0.0,2017-08-23,1
2017-08-23 10:45:00,-0.631778779,-0.7303370790000001,-0.476342622,0.225914316,0.748414116,0.598101266,0.0,2017-08-23,1
2017-08-23 11:00:00,-0.5949941320000001,-0.72504957,-0.4747311979999999,0.233019854,0.730184147,0.598101266,0.0,2017-08-23,1
2017-08-23 11:15:00,-0.5594718000000001,-0.721083939,-0.474786764,0.240125392,0.7108045409999999,0.5973101270000001,0.0,2017-08-23,1
2017-08-23 11:30:00,-0.5263557560000001,-0.717118308,-0.47484233,0.248902821,0.688550841,0.59335443,0.0,2017-08-23,1
2017-08-23 11:45:00,-0.496868867,-0.7118308000000001,-0.4749534629999999,0.258098224,0.66414157,0.587816456,0.0,2017-08-23,1
2017-08-23 12:00:00,-0.472194554,-0.7065432909999999,-0.475064596,0.268129572,0.638254193,0.580696203,0.0,2017-08-23,1
2017-08-23 12:15:00,-0.45347679,-0.70257766,-0.475175729,0.2785788919999999,0.611586705,0.571993671,0.0,2017-08-23,1
2017-08-23 12:30:00,-0.441958166,-0.6986120290000001,-0.475342428,0.289028213,0.584878159,0.5625,0.0,2017-08-23,1
2017-08-23 12:45:00,-0.434581513,-0.6946463979999999,-0.475509127,0.299059561,0.55878549,0.55221519,0.0,2017-08-23,1
2017-08-23 13:00:00,-0.42757961,-0.690680767,-0.475620259,0.308672936,0.534047751,0.541139241,0.0,2017-08-23,1
2017-08-23 13:15:00,-0.42097218,-0.688037013,-0.475786959,0.317868339,0.511362937,0.53085443,0.0,2017-08-23,1
2017-08-23 13:30:00,-0.414798671,-0.685393258,-0.475842525,0.3258098219999999,0.491408511,0.519778481,0.0,2017-08-23,1
2017-08-23 13:45:00,-0.409078806,-0.684071381,-0.4759536579999999,0.332079415,0.474923529,0.51028481,0.0,2017-08-23,1
2017-08-23 14:00:00,-0.403871757,-0.684071381,-0.4759536579999999,0.3370950889999999,0.462585453,0.501582278,0.0,2017-08-23,1
2017-08-23 14:15:00,-0.399157799,-0.684071381,-0.47484233,0.341274817,0.45262877,0.492088608,0.0,2017-08-23,1
2017-08-23 14:30:00,-0.3950158279999999,-0.685393258,-0.471675048,0.345454545,0.4428979079999999,0.481803797,0.0,2017-08-23,1
2017-08-23 14:45:00,-0.391445844,-0.685393258,-0.467007474,0.349216301,0.433536573,0.471518987,0.0,2017-08-23,1
2017-08-23 15:00:00,-0.3884872929999999,-0.686715135,-0.4610618729999999,0.352978056,0.424626881,0.459651899,0.0,2017-08-23,1
2017-08-23 15:15:00,-0.3861599,-0.688037013,-0.454338344,0.356739812,0.416312537,0.448575949,0.0,2017-08-23,1
2017-08-23 15:30:00,-0.384503111,-0.68935889,-0.447281416,0.360083595,0.408716717,0.4375,0.0,2017-08-23,1
2017-08-23 15:45:00,-0.383556375,-0.6920026440000001,-0.440168922,0.363009404,0.401962596,0.42721519,0.0,2017-08-23,1
2017-08-23 16:00:00,-0.383516928,-0.693324521,-0.433445392,0.365099269,0.396173349,0.417721519,0.0,2017-08-23,1
2017-08-23 16:15:00,-0.390104634,-0.695968275,-0.427555358,0.3671891329999999,0.3914516229999999,0.409810127,0.0,2017-08-23,1
2017-08-23 16:30:00,-0.405134072,-0.697290152,-0.422832217,0.368861024,0.387920593,0.4034810129999999,0.0,2017-08-23,1
2017-08-23 16:45:00,-0.427362649,-0.6999339059999999,-0.419720501,0.36969697,0.385723964,0.399525316,0.0,2017-08-23,1
2017-08-23 17:00:00,-0.455547776,-0.701255783,-0.4185536079999999,0.370114943,0.384964382,0.3979430379999999,0.0,2017-08-23,1
2017-08-23 17:15:00,-0.488486307,-0.7038995370000001,-0.4206651289999999,0.369278997,0.389686108,0.398734177,0.0,2017-08-23,1
2017-08-23 17:30:00,-0.524915928,-0.7078651690000001,-0.426444031,0.366353187,0.402947999,0.400316456,0.0,2017-08-23,1
2017-08-23 17:45:00,-0.563594047,-0.7118308000000001,-0.435223516,0.361755486,0.423354068,0.402689873,0.0,2017-08-23,1
2017-08-23 18:00:00,-0.603317522,-0.7157964309999999,-0.446225655,0.355903866,0.449508325,0.405063291,0.0,2017-08-23,1
2017-08-24 08:00:00,-0.903393458,-0.496364838,-0.470785986,0.194984326,0.90306091,0.481012658,0.0,2017-08-24,1
2017-08-24 08:15:00,-0.869093993,-0.493721084,-0.469285694,0.196238245,0.8992835290000001,0.481803797,0.0,2017-08-24,1
2017-08-24 08:30:00,-0.8320923859999999,-0.485789822,-0.466840775,0.1991640539999999,0.888587793,0.481803797,0.0,2017-08-24,1
2017-08-24 08:45:00,-0.79343399,-0.472571051,-0.463617926,0.203761755,0.871938577,0.482594937,0.0,2017-08-24,1
2017-08-24 09:00:00,-0.7541049890000001,-0.456708526,-0.459839413,0.209613375,0.850321283,0.483386076,0.0,2017-08-24,1
2017-08-24 09:15:00,-0.715091567,-0.4395241239999999,-0.455727503,0.217136886,0.824700786,0.483386076,0.0,2017-08-24,1
2017-08-24 09:30:00,-0.677419355,-0.419695968,-0.4514488929999999,0.22507837,0.796041962,0.484177215,0.0,2017-08-24,1
2017-08-24 09:45:00,-0.635427659,-0.4011896889999999,-0.447281416,0.234273772,0.7653302129999999,0.484177215,0.0,2017-08-24,1
2017-08-24 10:00:00,-0.584284179,-0.38268341,-0.443391771,0.24430512,0.733509885,0.484177215,0.0,2017-08-24,1
2017-08-24 10:15:00,-0.526276861,-0.366820886,-0.4400022229999999,0.254336468,0.7015663809999999,0.484968354,0.0,2017-08-24,1
2017-08-24 10:30:00,-0.463634481,-0.353602115,-0.437335037,0.264785789,0.670444048,0.484968354,0.0,2017-08-24,1
2017-08-24 10:45:00,-0.39862526,-0.3456708529999999,-0.43561248,0.27523511,0.6411488160000001,0.484968354,0.0,2017-08-24,1
2017-08-24 11:00:00,-0.333497697,-0.343027098,-0.434945684,0.285266458,0.614645563,0.484968354,0.0,2017-08-24,1
2017-08-24 11:15:00,-0.270480567,-0.344348976,-0.435279082,0.29738767,0.587752253,0.482594937,0.0,2017-08-24,1
2017-08-24 11:30:00,-0.211861816,-0.348314607,-0.436279277,0.313270637,0.55743056,0.475474684,0.0,2017-08-24,1
2017-08-24 11:45:00,-0.159870218,-0.353602115,-0.437890701,0.331661442,0.5247685329999999,0.464398734,0.0,2017-08-24,1
2017-08-24 12:00:00,-0.116754273,-0.361533377,-0.4400022229999999,0.3517241379999999,0.490854222,0.450949367,0.0,2017-08-24,1
2017-08-24 12:15:00,-0.084782201,-0.36946464,-0.442669408,0.37262278,0.456816735,0.434335443,0.0,2017-08-24,1
2017-08-24 12:30:00,-0.066202503,-0.380039656,-0.445781124,0.393521421,0.423744124,0.41693038,0.0,2017-08-24,1
2017-08-24 12:45:00,-0.055374207,-0.389292796,-0.449281805,0.413584117,0.392744965,0.399525316,0.0,2017-08-24,1
2017-08-24 13:00:00,-0.045117898,-0.399867812,-0.45317145,0.431974922,0.364886781,0.3813291139999999,0.0,2017-08-24,1
2017-08-24 13:15:00,-0.03551247,-0.410442829,-0.457338927,0.447857889,0.341319209,0.36471519,0.0,2017-08-24,1
2017-08-24 13:30:00,-0.026577647,-0.421017845,-0.461784236,0.459979101,0.323130299,0.349683544,0.0,2017-08-24,1
2017-08-24 13:45:00,-0.018333153,-0.430270985,-0.46645181,0.4683385579999999,0.311387572,0.337025316,0.0,2017-08-24,1
2017-08-24 14:00:00,-0.010857881,-0.438202247,-0.4712860829999999,0.470846395,0.307240664,0.327531646,0.0,2017-08-24,1
2017-08-24 14:15:00,-0.004132109,-0.44613351,-0.47850971,0.470846395,0.308267127,0.319620253,0.0,2017-08-24,1
2017-08-24 14:30:00,0.001784992,-0.454064772,-0.489622982,0.470010449,0.311243867,0.3125,0.0,2017-08-24,1
2017-08-24 14:45:00,0.006834252,-0.461996034,-0.50384797,0.4683385579999999,0.31604771,0.305379747,0.0,2017-08-24,1
2017-08-24 15:00:00,0.01101567,-0.471249174,-0.5202956129999999,0.4662486939999999,0.322493893,0.2982594939999999,0.0,2017-08-24,1
2017-08-24 15:15:00,0.0142898,-0.479180436,-0.538021282,0.46415883,0.33043871,0.29193038,0.0,2017-08-24,1
2017-08-24 15:30:00,0.016597469,-0.487111699,-0.556302614,0.46123302,0.339738457,0.285601266,0.0,2017-08-24,1
2017-08-24 15:45:00,0.017938679,-0.495042961,-0.57408385,0.457889237,0.35024943,0.280063291,0.0,2017-08-24,1
2017-08-24 16:00:00,0.017485035,-0.501652346,-0.590642625,0.454127482,0.361807395,0.275316456,0.0,2017-08-24,1
2017-08-24 16:15:00,-0.007978225,-0.508261732,-0.605034312,0.450365726,0.374289175,0.271360759,0.0,2017-08-24,1
2017-08-24 16:30:00,-0.06430903,-0.51354924,-0.61636985,0.446185998,0.3875100079999999,0.268196203,0.0,2017-08-24,1
2017-08-24 16:45:00,-0.144525202,-0.517514871,-0.623871308,0.441588297,0.401346718,0.266613924,0.0,2017-08-24,1
2017-08-24 17:00:00,-0.2415853889999999,-0.5214805020000001,-0.626538494,0.436990596,0.415635072,0.265822785,0.0,2017-08-24,1
2017-08-24 17:15:00,-0.348527135,-0.524124256,-0.622704415,0.429885057,0.436349079,0.267405063,0.0,2017-08-24,1
2017-08-24 17:30:00,-0.458348537,-0.525446134,-0.612035674,0.418599791,0.467964115,0.272943038,0.0,2017-08-24,1
2017-08-24 17:45:00,-0.564067416,-0.528089888,-0.595921429,0.403970742,0.508078257,0.28085443,0.0,2017-08-24,1
2017-08-24 18:00:00,-0.6586621429999999,-0.529411765,-0.575639708,0.387251829,0.554227998,0.29193038,0.0,2017-08-24,1
2017-08-25 08:00:00,-0.937475962,-0.514871117,-0.469452394,0.188296761,0.813717641,0.469936709,0.0,2017-08-25,1
2017-08-25 08:15:00,-0.915819371,-0.499008592,-0.46889673,0.189132706,0.8063065840000001,0.472310127,0.0,2017-08-25,1
2017-08-25 08:30:00,-0.89282157,-0.4778585589999999,-0.467340872,0.190386625,0.7991829359999999,0.473892405,0.0,2017-08-25,1
2017-08-25 08:45:00,-0.869212335,-0.452742895,-0.4649515179999999,0.192058516,0.792244052,0.475474684,0.0,2017-08-25,1
2017-08-25 09:00:00,-0.845701719,-0.423661599,-0.462006501,0.194566353,0.785407813,0.477848101,0.0,2017-08-25,1
2017-08-25 09:15:00,-0.823058944,-0.393258427,-0.458616953,0.19707419,0.778592104,0.47943038,0.0,2017-08-25,1
2017-08-25 09:30:00,-0.802013787,-0.361533377,-0.45500514,0.2,0.7717148079999999,0.481012658,0.0,2017-08-25,1
2017-08-25 11:15:00,-0.643257956,-0.234633179,-0.439779957,0.223824451,0.714540863,0.484968354,0.0,2017-08-25,1
2017-08-25 11:30:00,-0.619057011,-0.231989425,-0.4396688239999999,0.227168234,0.703804069,0.478639241,0.0,2017-08-25,1
2017-08-25 11:45:00,-0.594895514,-0.230667548,-0.439557692,0.2305120169999999,0.6922666340000001,0.46835443,0.0,2017-08-25,1
2017-08-25 12:00:00,-0.5709509770000001,-0.229345671,-0.439502125,0.234273772,0.6800927920000001,0.4556962029999999,0.0,2017-08-25,1
2017-08-25 12:15:00,-0.547322019,-0.2280237939999999,-0.4394465589999999,0.237617555,0.66738519,0.440664557,0.0,2017-08-25,1
2017-08-25 12:30:00,-0.5241861520000001,-0.226701917,-0.4393909929999999,0.24137931,0.654267003,0.4240506329999999,0.0,2017-08-25,1
2017-08-25 12:45:00,-0.499847142,-0.22538004,-0.439335426,0.2455590389999999,0.640861407,0.40585443,0.0,2017-08-25,1
2017-08-25 13:00:00,-0.473042672,-0.22538004,-0.4392242939999999,0.249738767,0.627291577,0.387658228,0.0,2017-08-25,1
2017-08-25 13:15:00,-0.444443349,-0.224058163,-0.439168727,0.253918495,0.613680688,0.369462025,0.0,2017-08-25,1
2017-08-25 13:30:00,-0.414778947,-0.224058163,-0.439057595,0.258516196,0.6001519160000001,0.352056962,0.0,2017-08-25,1
2017-08-25 13:45:00,-0.384720072,-0.224058163,-0.438946462,0.26353187,0.5868079079999999,0.335443038,0.0,2017-08-25,1
2017-08-25 14:00:00,-0.3549964989999999,-0.222736286,-0.438779763,0.2685475439999999,0.573812896,0.321993671,0.0,2017-08-25,1
2017-08-25 14:15:00,-0.326298557,-0.224058163,-0.438279665,0.274817137,0.559955657,0.307753165,0.0,2017-08-25,1
2017-08-25 14:30:00,-0.299336298,-0.2280237939999999,-0.437279471,0.282758621,0.54439449,0.292721519,0.0,2017-08-25,1
2017-08-25 14:45:00,-0.274780328,-0.233311302,-0.435834746,0.291954023,0.527683685,0.277689873,0.0,2017-08-25,1
2017-08-25 15:00:00,-0.253380144,-0.239920687,-0.434056622,0.301985371,0.510377533,0.261075949,0.0,2017-08-25,1
2017-08-25 15:15:00,-0.235786629,-0.24785195,-0.4321117999999999,0.312434692,0.493009792,0.245253165,0.0,2017-08-25,1
2017-08-25 15:30:00,-0.222729559,-0.257105089,-0.4300558439999999,0.322884013,0.476175812,0.2302215189999999,0.0,2017-08-25,1
2017-08-25 15:45:00,-0.214918985,-0.266358229,-0.428055455,0.332915361,0.460388824,0.215981013,0.0,2017-08-25,1
2017-08-25 16:00:00,-0.21328192,-0.275611368,-0.4261106329999999,0.342110763,0.446244175,0.202531646,0.0,2017-08-25,1
2017-08-25 16:15:00,-0.2264376089999999,-0.283542631,-0.424443642,0.3496342739999999,0.434255096,0.192246835,0.0,2017-08-25,1
2017-08-25 16:30:00,-0.255963945,-0.29279577,-0.423110049,0.355903866,0.425016937,0.183544304,0.0,2017-08-25,1
2017-08-25 16:45:00,-0.298784036,-0.299405155,-0.422220987,0.359665622,0.419063456,0.178797468,0.0,2017-08-25,1
2017-08-25 17:00:00,-0.351801264,-0.304692664,-0.421943156,0.3613375129999999,0.416948944,0.176424051,0.0,2017-08-25,1
2017-08-25 17:15:00,-0.411997909,-0.309980172,-0.422165421,0.358829676,0.422532898,0.176424051,0.0,2017-08-25,1
2017-08-25 17:30:00,-0.476237907,-0.313945803,-0.422721085,0.352560084,0.4381145939999999,0.17721519,0.0,2017-08-25,1
2017-08-25 17:45:00,-0.541503535,-0.317911434,-0.423610146,0.342946708,0.461907988,0.17721519,0.0,2017-08-25,1
2017-08-25 18:00:00,-0.604678455,-0.323198942,-0.424721474,0.330407524,0.492085976,0.178006329,0.0,2017-08-25,1
2017-08-26 08:00:00,-0.935109121,-0.772637145,0.501458617,0.196238245,0.909117037,0.188291139,0.0,2017-08-26,1
2017-08-26 08:15:00,-0.911105413,-0.7766027759999999,0.474286667,0.200835946,0.90199339,0.193037975,0.0,2017-08-26,1
2017-08-26 08:30:00,-0.884794036,-0.787177792,0.3991609479999999,0.206269592,0.889183141,0.19778481,0.0,2017-08-26,1
2017-08-26 08:45:00,-0.856786422,-0.803040317,0.285638874,0.212539185,0.871486933,0.202531646,0.0,2017-08-26,1
2017-08-26 09:00:00,-0.8276940070000001,-0.82419035,0.143388992,0.219644723,0.849725935,0.20806962,0.0,2017-08-26,1
2017-08-26 09:15:00,-0.7980887759999999,-0.8479841370000001,-0.01808685,0.2275862069999999,0.824721316,0.212816456,0.0,2017-08-26,1
2017-08-26 09:30:00,-0.76856244,-0.871777925,-0.189175673,0.2359456639999999,0.797253187,0.217563291,0.0,2017-08-26,1
2017-08-26 09:45:00,-0.732073648,-0.896893589,-0.36020893,0.245141066,0.7681427190000001,0.222310127,0.0,2017-08-26,1
2017-08-26 10:00:00,-0.68313922,-0.920687376,-0.5216847720000001,0.254336468,0.7382110820000001,0.2254746839999999,0.0,2017-08-26,1
2017-08-26 10:15:00,-0.624737429,-0.940515532,-0.66399022,0.263949843,0.708258915,0.22943038,0.0,2017-08-26,1
2017-08-26 10:30:00,-0.559866274,-0.957699934,-0.777456728,0.273563218,0.6791073879999999,0.231803797,0.0,2017-08-26,1
2017-08-26 10:45:00,-0.491464581,-0.96827495,-0.852638013,0.283176594,0.651557143,0.233386076,0.0,2017-08-26,1
2017-08-26 11:00:00,-0.42253035,-0.972240582,-0.8798099629999999,0.292789969,0.626429349,0.233386076,0.0,2017-08-26,1
2017-08-26 11:15:00,-0.35602213,-0.966953073,-0.87558692,0.3032392889999999,0.600932028,0.231803797,0.0,2017-08-26,1
2017-08-26 11:30:00,-0.29493792,-0.953734303,-0.863862418,0.316196447,0.572437437,0.227056962,0.0,2017-08-26,1
2017-08-26 11:45:00,-0.2422559939999999,-0.933906147,-0.8456922179999999,0.329989551,0.541930981,0.21914557,0.0,2017-08-26,1
2017-08-26 12:00:00,-0.200934902,-0.907468605,-0.822409913,0.3450365729999999,0.510398062,0.2088607589999999,0.0,2017-08-26,1
2017-08-26 12:15:00,-0.17395292,-0.87838731,-0.79512683,0.360083595,0.478865143,0.19778481,0.0,2017-08-26,1
2017-08-26 12:30:00,-0.164308044,-0.84666226,-0.7650654290000001,0.375130617,0.4483176279999999,0.1851265819999999,0.0,2017-08-26,1
2017-08-26 12:45:00,-0.16541257,-0.8149372109999999,-0.7333926040000001,0.389341693,0.419720392,0.171677215,0.0,2017-08-26,1
2017-08-26 13:00:00,-0.168647252,-0.784534038,-0.7013308140000001,0.4027168229999999,0.394099895,0.159018987,0.0,2017-08-26,1
2017-08-26 13:15:00,-0.173893749,-0.758096497,-0.670158086,0.41400209,0.372462072,0.146360759,0.0,2017-08-26,1
2017-08-26 13:30:00,-0.181033718,-0.735624587,-0.640930181,0.423197492,0.3557512679999999,0.136075949,0.0,2017-08-26,1
2017-08-26 13:45:00,-0.189948817,-0.718440185,-0.614980691,0.429467085,0.344993944,0.126582278,0.0,2017-08-26,1
2017-08-26 14:00:00,-0.200520705,-0.7118308000000001,-0.593365377,0.4323928939999999,0.341196034,0.119462025,0.0,2017-08-26,1
2017-08-26 14:15:00,-0.212631039,-0.7078651690000001,-0.573750451,0.4336468129999999,0.34211985,0.113924051,0.0,2017-08-26,1
2017-08-26 14:30:00,-0.226161478,-0.705221414,-0.553024199,0.434900731,0.3447475929999999,0.109177215,0.0,2017-08-26,1
2017-08-26 14:45:00,-0.240993679,-0.70257766,-0.531853416,0.435736677,0.348956088,0.103639241,0.0,2017-08-26,1
2017-08-26 15:00:00,-0.256989576,-0.6999339059999999,-0.5106826329999999,0.436572623,0.354560572,0.0981012659999999,0.0,2017-08-26,1
2017-08-26 15:15:00,-0.274070275,-0.697290152,-0.4900675129999999,0.437408568,0.36139681,0.09335443,0.0,2017-08-26,1
2017-08-26 15:30:00,-0.292097711,-0.695968275,-0.470508154,0.437826541,0.369341627,0.088607595,0.0,2017-08-26,1
2017-08-26 15:45:00,-0.310953541,-0.6946463979999999,-0.452504654,0.438662487,0.378169202,0.084651899,0.0,2017-08-26,1
2017-08-26 16:00:00,-0.330815278,-0.693324521,-0.436612675,0.43908046,0.387776888,0.081487342,0.0,2017-08-26,1
2017-08-26 16:15:00,-0.3605585739999999,-0.6920026440000001,-0.423387881,0.4394984329999999,0.397979922,0.078322785,0.0,2017-08-26,1
2017-08-26 16:30:00,-0.402353034,-0.690680767,-0.413219237,0.439916405,0.408614071,0.075949367,0.0,2017-08-26,1
2017-08-26 16:45:00,-0.453397895,-0.690680767,-0.4067735389999999,0.439916405,0.419515099,0.074367089,0.0,2017-08-26,1
2017-08-26 17:00:00,-0.510872674,-0.690680767,-0.404550885,0.439916405,0.430539303,0.074367089,0.0,2017-08-26,1
2017-08-26 17:15:00,-0.5719766079999999,-0.6946463979999999,-0.415497458,0.438662487,0.4433084929999999,0.074367089,0.0,2017-08-26,1
2017-08-26 17:30:00,-0.633908936,-0.7065432909999999,-0.44583669,0.434900731,0.459218657,0.075158228,0.0,2017-08-26,1
2017-08-26 17:45:00,-0.6938491729999999,-0.72504957,-0.491623371,0.429049112,0.4777976229999999,0.076740506,0.0,2017-08-26,1
2017-08-26 18:00:00,-0.748996558,-0.748843358,-0.549023421,0.421525601,0.498573218,0.078322785,0.0,2017-08-26,1
2017-08-27 08:00:00,-0.955720358,-0.682749504,-0.511293863,0.228840125,0.977233069,0.16693038,0.0,2017-08-27,1
2017-08-27 08:15:00,-0.939329987,-0.68935889,-0.526352346,0.229258098,0.976617191,0.174841772,0.0,2017-08-27,1
2017-08-27 08:30:00,-0.921519512,-0.695968275,-0.547300864,0.23092999,0.974892735,0.183544304,0.0,2017-08-27,1
2017-08-27 08:45:00,-0.902742577,-0.701255783,-0.57286139,0.2338557989999999,0.972121287,0.193037975,0.0,2017-08-27,1
2017-08-27 09:00:00,-0.883433102,-0.7078651690000001,-0.601589198,0.237199582,0.968364435,0.202531646,0.0,2017-08-27,1
2017-08-27 09:15:00,-0.864084181,-0.7131526770000001,-0.6321506960000001,0.24137931,0.963765885,0.212025316,0.0,2017-08-27,1
2017-08-27 09:30:00,-0.8451494559999999,-0.718440185,-0.663101159,0.2463949839999999,0.958366693,0.220727848,0.0,2017-08-27,1
2017-08-27 09:45:00,-0.822920878,-0.723727693,-0.693106993,0.251410658,0.952269508,0.22943038,0.0,2017-08-27,1
2017-08-27 10:00:00,-0.794420173,-0.727693325,-0.72077904,0.257262278,0.945576974,0.237341772,0.0,2017-08-27,1
2017-08-27 10:15:00,-0.7612449579999999,-0.731658956,-0.744672575,0.262695925,0.938350681,0.243670886,0.0,2017-08-27,1
2017-08-27 10:30:00,-0.724913955,-0.73430271,-0.763454005,0.268129572,0.930713802,0.2484177219999999,0.0,2017-08-27,1
2017-08-27 10:45:00,-0.6870247829999999,-0.735624587,-0.775789737,0.273981191,0.922707397,0.252373418,0.0,2017-08-27,1
2017-08-27 11:00:00,-0.649115886,-0.735624587,-0.7801794790000001,0.278996865,0.914454641,0.253164557,0.0,2017-08-27,1
2017-08-27 11:15:00,-0.61276516,-0.73430271,-0.77756786,0.2844305119999999,0.903533083,0.252373418,0.0,2017-08-27,1
2017-08-27 11:30:00,-0.57951105,-0.731658956,-0.770233101,0.291118077,0.888012974,0.25,0.0,2017-08-27,1
2017-08-27 11:45:00,-0.55093145,-0.727693325,-0.759008696,0.298641588,0.8687360140000001,0.246044304,0.0,2017-08-27,1
2017-08-27 12:00:00,-0.528584531,-0.721083939,-0.7445614429999999,0.306583072,0.8465644309999999,0.241297468,0.0,2017-08-27,1
2017-08-27 12:15:00,-0.514048185,-0.7131526770000001,-0.7276692690000001,0.3149425289999999,0.8223399229999999,0.235759494,0.0,2017-08-27,1
2017-08-27 12:30:00,-0.508841136,-0.7038995370000001,-0.709110105,0.322884013,0.79690419,0.2302215189999999,0.0,2017-08-27,1
2017-08-27 12:45:00,-0.5091961620000001,-0.6946463979999999,-0.689606312,0.330825496,0.77109893,0.2246835439999999,0.0,2017-08-27,1
2017-08-27 13:00:00,-0.510241516,-0.684071381,-0.669991387,0.337513062,0.7457658429999999,0.21914557,0.0,2017-08-27,1
2017-08-27 13:15:00,-0.511937752,-0.673496365,-0.650932126,0.3437826539999999,0.721767157,0.2143987339999999,0.0,2017-08-27,1
2017-08-27 13:30:00,-0.5143243160000001,-0.662921348,-0.633262023,0.348380355,0.699944571,0.210443038,0.0,2017-08-27,1
2017-08-27 13:45:00,-0.517322314,-0.651024455,-0.617647876,0.351306165,0.6811397840000001,0.20806962,0.0,2017-08-27,1
2017-08-27 14:00:00,-0.52095147,-0.640449438,-0.60492318,0.352142111,0.666173965,0.207278481,0.0,2017-08-27,1
2017-08-27 14:15:00,-0.525172336,-0.628552545,-0.593754341,0.352142111,0.653302129,0.207278481,0.0,2017-08-27,1
2017-08-27 14:30:00,-0.529984911,-0.614011897,-0.582363237,0.351306165,0.640307117,0.207278481,0.0,2017-08-27,1
2017-08-27 14:45:00,-0.53534975,-0.596827495,-0.5710276999999999,0.3504702189999999,0.627435282,0.20806962,0.0,2017-08-27,1
2017-08-27 15:00:00,-0.541286575,-0.5796430929999999,-0.559858861,0.3496342739999999,0.6149124429999999,0.20806962,0.0,2017-08-27,1
2017-08-27 15:15:00,-0.547736216,-0.5598149370000001,-0.549078988,0.347962382,0.602984952,0.2088607589999999,0.0,2017-08-27,1
2017-08-27 15:30:00,-0.554698672,-0.5413086579999999,-0.5387992110000001,0.346290491,0.591878631,0.210443038,0.0,2017-08-27,1
2017-08-27 15:45:00,-0.562173943,-0.5214805020000001,-0.5292417970000001,0.344200627,0.581839831,0.211234177,0.0,2017-08-27,1
2017-08-27 16:00:00,-0.570398714,-0.5029742229999999,-0.520629011,0.342110763,0.573094373,0.212025316,0.0,2017-08-27,1
2017-08-27 16:15:00,-0.588347255,-0.487111699,-0.51301642,0.339602926,0.565868079,0.213607595,0.0,2017-08-27,1
2017-08-27 16:30:00,-0.618070828,-0.471249174,-0.506681855,0.3370950889999999,0.560427829,0.215189873,0.0,2017-08-27,1
2017-08-27 16:45:00,-0.6566700529999999,-0.45935228,-0.501792015,0.334587252,0.556978916,0.216772152,0.0,2017-08-27,1
2017-08-27 17:00:00,-0.701206103,-0.450099141,-0.498458034,0.331661442,0.55578822,0.21835443,0.0,2017-08-27,1
2017-08-27 17:15:00,-0.748799322,-0.4421678779999999,-0.4961798129999999,0.327481714,0.5600788320000001,0.221518987,0.0,2017-08-27,1
2017-08-27 17:30:00,-0.796510883,-0.434236616,-0.494179424,0.320794148,0.572006323,0.227056962,0.0,2017-08-27,1
2017-08-27 17:45:00,-0.841441406,-0.4263053539999999,-0.492456867,0.312016719,0.590154175,0.234968354,0.0,2017-08-27,1
2017-08-27 18:00:00,-0.880652065,-0.419695968,-0.490956575,0.301985371,0.613064811,0.244462025,0.0,2017-08-27,1
2017-08-28 08:00:00,-0.960434315,-0.448777264,-0.448392743,0.135214211,0.821867751,0.390822785,0.0,2017-08-28,1
2017-08-28 08:15:00,-0.94595714,-0.447455387,-0.448837274,0.135632184,0.822627333,0.393987342,0.0,2017-08-28,1
2017-08-28 08:30:00,-0.930434611,-0.4421678779999999,-0.450004167,0.136050157,0.823653795,0.3979430379999999,0.0,2017-08-28,1
2017-08-28 08:45:00,-0.914340095,-0.435558493,-0.451837857,0.137304075,0.82486502,0.402689873,0.0,2017-08-28,1
2017-08-28 09:00:00,-0.8981864079999999,-0.424983477,-0.454171644,0.138557994,0.826178892,0.407436709,0.0,2017-08-28,1
2017-08-28 09:15:00,-0.882446919,-0.41440846,-0.456727697,0.140647858,0.82757488,0.412183544,0.0,2017-08-28,1
2017-08-28 09:30:00,-0.867614718,-0.402511566,-0.459506015,0.142319749,0.828991398,0.416139241,0.0,2017-08-28,1
2017-08-28 09:45:00,-0.852762793,-0.39193655,-0.462228767,0.144409613,0.830346328,0.420886076,0.0,2017-08-28,1
2017-08-28 10:00:00,-0.8367866190000001,-0.381361533,-0.464840386,0.146499478,0.831578083,0.424841772,0.0,2017-08-28,1
2017-08-28 10:15:00,-0.819883433,-0.370786517,-0.467118606,0.149007315,0.8326456040000001,0.4280063289999999,0.0,2017-08-28,1
2017-08-28 10:30:00,-0.8022307470000001,-0.364177132,-0.468952296,0.151515152,0.833487303,0.430379747,0.0,2017-08-28,1
2017-08-28 10:45:00,-0.784045522,-0.358889623,-0.470174756,0.1536050159999999,0.834041592,0.431962025,0.0,2017-08-28,1
2017-08-28 11:00:00,-0.765505271,-0.357567746,-0.470619287,0.156112853,0.834226355,0.432753165,0.0,2017-08-28,1
2017-08-28 11:15:00,-0.7468072309999999,-0.357567746,-0.470174756,0.15862069,0.831495966,0.431170886,0.0,2017-08-28,1
2017-08-28 11:30:00,-0.7281683609999999,-0.358889623,-0.46889673,0.161546499,0.823818029,0.426424051,0.0,2017-08-28,1
2017-08-28 11:45:00,-0.7097464520000001,-0.361533377,-0.46706304,0.164472309,0.8120137140000001,0.420094937,0.0,2017-08-28,1
2017-08-28 12:00:00,-0.691778188,-0.365499009,-0.464673687,0.167816092,0.79690419,0.411392405,0.0,2017-08-28,1
2017-08-28 12:15:00,-0.674421357,-0.368142763,-0.462006501,0.171577847,0.779290099,0.401898734,0.0,2017-08-28,1
2017-08-28 12:30:00,-0.6579126439999999,-0.372108394,-0.459172617,0.175339603,0.75997208,0.390822785,0.0,2017-08-28,1
2017-08-28 12:45:00,-0.641048905,-0.376074025,-0.456394299,0.178683386,0.739812363,0.379746835,0.0,2017-08-28,1
2017-08-28 13:00:00,-0.622843956,-0.380039656,-0.453671547,0.182445141,0.719570528,0.367879747,0.0,2017-08-28,1
2017-08-28 13:15:00,-0.603711995,-0.3840052879999999,-0.45133776,0.185788924,0.7000882759999999,0.357594937,0.0,2017-08-28,1
2017-08-28 13:30:00,-0.584086942,-0.386649042,-0.4494485039999999,0.189132706,0.682166246,0.347310127,0.0,2017-08-28,1
2017-08-28 13:45:00,-0.564382994,-0.3879709189999999,-0.448226044,0.191640543,0.6666256079999999,0.339398734,0.7246670000000001,2017-08-28,1
2017-08-28 14:00:00,-0.545034073,-0.3879709189999999,-0.4477815129999999,0.19414838,0.654287533,0.33306962,2.30733,2017-08-28,1
2017-08-28 14:15:00,-0.526474098,-0.3879709189999999,-0.448059345,0.196656217,0.643571267,0.327531646,2.659,2017-08-28,1
2017-08-28 14:30:00,-0.509117267,-0.386649042,-0.4487817079999999,0.1991640539999999,0.632547063,0.321202532,2.66033,2017-08-28,1
2017-08-28 14:45:00,-0.493377777,-0.3840052879999999,-0.449948601,0.201253918,0.6214818010000001,0.315664557,1.923,2017-08-28,1
2017-08-28 15:00:00,-0.479709273,-0.380039656,-0.45133776,0.203761755,0.610580772,0.310126582,1.951,2017-08-28,1
2017-08-28 15:15:00,-0.4685062279999999,-0.376074025,-0.453004751,0.20585162,0.600069799,0.305379747,2.531,2017-08-28,1
2017-08-28 15:30:00,-0.460222286,-0.372108394,-0.454671742,0.208359457,0.590195233,0.300632911,2.51033,2017-08-28,1
2017-08-28 15:45:00,-0.455271644,-0.368142763,-0.456394299,0.210031348,0.581203424,0.295886076,2.767,2017-08-28,1
2017-08-28 16:00:00,-0.45444325,-0.364177132,-0.458005723,0.211703239,0.573320195,0.29193038,4.03733,2017-08-28,1
2017-08-28 16:15:00,-0.46899932,-0.361533377,-0.459450449,0.213375131,0.566791895,0.288765823,4.55933,2017-08-28,1
2017-08-28 16:30:00,-0.5010897329999999,-0.358889623,-0.460561776,0.214211076,0.5618238179999999,0.286392405,4.486669999999999,2017-08-28,1
2017-08-28 16:45:00,-0.546690861,-0.356245869,-0.461339705,0.215047022,0.558682844,0.2848101269999999,3.3360000000000003,2017-08-28,1
2017-08-28 17:00:00,-0.601719904,-0.356245869,-0.461617537,0.215464995,0.557574265,0.284018987,2.38833,2017-08-28,1
2017-08-28 17:15:00,-0.662113786,-0.364177132,-0.460061679,0.214629049,0.559791423,0.285601266,1.78733,2017-08-28,1
2017-08-28 17:30:00,-0.723769983,-0.385327165,-0.455727503,0.212539185,0.5660733720000001,0.289556962,2.116,2017-08-28,1
2017-08-28 17:45:00,-0.782664865,-0.419695968,-0.448948407,0.209613375,0.575845292,0.296677215,1.77733,2017-08-28,1
2017-08-28 18:00:00,-0.83469591,-0.460674157,-0.440168922,0.205433647,0.588532364,0.304588608,0.943,2017-08-28,1
2017-09-02 08:00:00,-0.903255392,-0.767349636,-0.665935043,0.142319749,0.658845025,0.25,1.11133,2017-09-02,1
2017-09-02 08:15:00,-0.8662537840000001,-0.763384005,-0.663823521,0.144827586,0.648785695,0.257120253,1.959,2017-09-02,1
2017-09-02 08:30:00,-0.8268458890000001,-0.7541308659999999,-0.657989053,0.1485893419999999,0.635585391,0.265031646,1.73633,2017-09-02,1
2017-09-02 08:45:00,-0.7865109809999999,-0.739590218,-0.649042869,0.1536050159999999,0.619839461,0.2737341769999999,1.83467,2017-09-02,1
2017-09-02 09:00:00,-0.746767783,-0.721083939,-0.6377073320000001,0.159874608,0.602081665,0.282436709,2.059,2017-09-02,1
2017-09-02 09:15:00,-0.709095571,-0.701255783,-0.6246492370000001,0.166562173,0.5828868220000001,0.29193038,2.49,2017-09-02,1
2017-09-02 09:30:00,-0.6750130670000001,-0.678783873,-0.610535382,0.174085684,0.562829751,0.300632911,2.467,2017-09-02,1
2017-09-02 09:45:00,-0.640358576,-0.654990086,-0.596032562,0.181609195,0.54248527,0.309335443,2.88,2017-09-02,1
2017-09-02 10:00:00,-0.600990128,-0.632518176,-0.58186314,0.189132706,0.522366611,0.316455696,3.055,2017-09-02,1
2017-09-02 10:15:00,-0.558386998,-0.611368143,-0.56858278,0.196238245,0.503089651,0.323575949,3.15633,2017-09-02,1
2017-09-02 10:30:00,-0.514028461,-0.594183741,-0.557024977,0.20292581,0.485188151,0.328322785,3.2943300000000004,2017-09-02,1
2017-09-02 10:45:00,-0.469374069,-0.5796430929999999,-0.547745395,0.208777429,0.469216399,0.331487342,3.5723300000000004,2017-09-02,1
2017-09-02 11:00:00,-0.425903098,-0.5690680770000001,-0.54141083,0.213793103,0.4557902729999999,0.332278481,3.58967,2017-09-02,1
2017-09-02 11:15:00,-0.3850750979999999,-0.562458691,-0.5372433529999999,0.217972832,0.444088604,0.331487342,3.55067,2017-09-02,1
2017-09-02 11:30:00,-0.348369345,-0.557171183,-0.533687106,0.22215256,0.432941225,0.329113924,3.073,2017-09-02,1
2017-09-02 11:45:00,-0.317245392,-0.5505617979999999,-0.530630956,0.225914316,0.422348135,0.324367089,3.02633,2017-09-02,1
2017-09-02 12:00:00,-0.293202237,-0.543952412,-0.528019337,0.229676071,0.4122272179999999,0.3188291139999999,2.823,2017-09-02,1
2017-09-02 12:15:00,-0.277699431,-0.538664904,-0.52568555,0.233437827,0.402578473,0.3125,2.667,2017-09-02,1
2017-09-02 12:30:00,-0.27221625,-0.534699273,-0.5234628960000001,0.2367816089999999,0.393319784,0.304588608,2.54967,2017-09-02,1
2017-09-02 12:45:00,-0.272788237,-0.529411765,-0.521240241,0.240125392,0.384451151,0.296677215,2.47733,2017-09-02,1
2017-09-02 13:00:00,-0.274484473,-0.526768011,-0.51896202,0.243051202,0.375890456,0.287974684,2.30367,2017-09-02,1
2017-09-02 13:15:00,-0.277285234,-0.522802379,-0.5164615339999999,0.2463949839999999,0.3676377,0.280063291,2.34367,2017-09-02,1
2017-09-02 13:30:00,-0.281151073,-0.5214805020000001,-0.513572083,0.2493207939999999,0.359631295,0.271360759,2.54267,2017-09-02,1
2017-09-02 13:45:00,-0.28602282,-0.520158625,-0.5102381020000001,0.252246604,0.351830182,0.262658228,2.45433,2017-09-02,1
2017-09-02 14:00:00,-0.291880751,-0.518836748,-0.506237324,0.2551724139999999,0.3442138329999999,0.254746835,2.49,2017-09-02,1
2017-09-02 14:15:00,-0.298665694,-0.518836748,-0.500680688,0.258516196,0.336351132,0.246835443,2.48067,2017-09-02,1
2017-09-02 14:30:00,-0.306377649,-0.518836748,-0.49301253,0.2618599789999999,0.328057318,0.237341772,2.568,2017-09-02,1
2017-09-02 14:45:00,-0.314957446,-0.520158625,-0.483677382,0.265203762,0.319537681,0.226265823,2.56567,2017-09-02,1
2017-09-02 15:00:00,-0.324365637,-0.520158625,-0.47317534,0.268965517,0.310976987,0.2143987339999999,2.65667,2017-09-02,1
2017-09-02 15:15:00,-0.334582499,-0.520158625,-0.462062068,0.2723093,0.3026421139999999,0.203322785,2.56,2017-09-02,1
2017-09-02 15:30:00,-0.345568584,-0.5214805020000001,-0.4508376629999999,0.275653083,0.294697296,0.191455696,2.45367,2017-09-02,1
2017-09-02 15:45:00,-0.357264721,-0.5214805020000001,-0.439946656,0.2785788919999999,0.287388885,0.1803797469999999,2.7260000000000004,2017-09-02,1
2017-09-02 16:00:00,-0.369986489,-0.522802379,-0.429889145,0.281504702,0.280942703,0.170886076,2.8406700000000003,2017-09-02,1
2017-09-02 16:15:00,-0.3939704739999999,-0.522802379,-0.421220793,0.283594566,0.275543512,0.162183544,3.28833,2017-09-02,1
2017-09-02 16:30:00,-0.431800475,-0.524124256,-0.414441697,0.285684431,0.271417134,0.15585443,3.20833,2017-09-02,1
2017-09-02 16:45:00,-0.4803009829999999,-0.525446134,-0.409996388,0.286520376,0.26878939,0.151898734,2.95067,2017-09-02,1
2017-09-02 17:00:00,-0.536395105,-0.525446134,-0.4083849639999999,0.286938349,0.267865575,0.150316456,2.88,2017-09-02,1
2017-09-02 17:15:00,-0.596946776,-0.526768011,-0.411107715,0.285684431,0.271006549,0.151107595,2.92,2017-09-02,1
2017-09-02 17:30:00,-0.658819933,-0.528089888,-0.41866474,0.282340648,0.279895711,0.151898734,2.94967,2017-09-02,1
2017-09-02 17:45:00,-0.7188982359999999,-0.529411765,-0.4300558439999999,0.276907001,0.293711893,0.153481013,2.942,2017-09-02,1
2017-09-02 18:00:00,-0.774065345,-0.532055519,-0.444336399,0.269801463,0.31169551,0.15664557,2.733,2017-09-02,1
2017-09-03 08:00:00,-0.933018412,-0.928618638,-0.421943156,0.105956113,0.874381557,0.305379747,0.1403329999999999,2017-09-03,1
2017-09-03 08:15:00,-0.905858917,-0.924653007,-0.417497847,0.109299896,0.8691055409999999,0.313291139,0.486,2017-09-03,1
2017-09-03 08:30:00,-0.875859212,-0.916721745,-0.413385936,0.113479624,0.859846852,0.321993671,0.972,2017-09-03,1
2017-09-03 08:45:00,-0.843768799,-0.903502974,-0.409551857,0.118077325,0.847098191,0.330696203,1.84833,2017-09-03,1
2017-09-03 09:00:00,-0.810337176,-0.8863185720000001,-0.406051177,0.123092999,0.8312701440000001,0.340189873,2.431,2017-09-03,1
2017-09-03 09:15:00,-0.776333567,-0.866490416,-0.402772761,0.128526646,0.812834883,0.349683544,2.58167,2017-09-03,1
2017-09-03 09:30:00,-0.74250747,-0.8453403829999999,-0.399716612,0.134378265,0.792244052,0.358386076,2.487,2017-09-03,1
2017-09-03 09:45:00,-0.7021133909999999,-0.8215465959999999,-0.396827161,0.141065831,0.7699492929999999,0.367088608,2.942,2017-09-03,1
2017-09-03 10:00:00,-0.649707597,-0.797752809,-0.394048843,0.147753396,0.7463611920000001,0.374208861,3.773,2017-09-03,1
2017-09-03 10:15:00,-0.587992229,-0.773959022,-0.391326091,0.154440961,0.72197245,0.380537975,2.73733,2017-09-03,1
2017-09-03 10:30:00,-0.519689155,-0.752808989,-0.388658906,0.161964472,0.697193652,0.38528481,2.66467,2017-09-03,1
2017-09-03 10:45:00,-0.4474807939999999,-0.7329808329999999,-0.386047287,0.16907001,0.672496972,0.388449367,2.85067,2017-09-03,1
2017-09-03 11:00:00,-0.374108737,-0.7157964309999999,-0.383324535,0.177011494,0.648334052,0.389240506,2.792,2017-09-03,1
2017-09-03 11:15:00,-0.302235678,-0.6999339059999999,-0.380490651,0.185788924,0.621933444,0.387658228,2.698,2017-09-03,1
2017-09-03 11:30:00,-0.2346032089999999,-0.685393258,-0.3774900679999999,0.19707419,0.590934286,0.383702532,2.69933,2017-09-03,1
2017-09-03 11:45:00,-0.1739134719999999,-0.670852611,-0.374378351,0.210031348,0.556404098,0.378164557,2.81767,2017-09-03,1
2017-09-03 12:00:00,-0.122868611,-0.6563119629999999,-0.371211069,0.224242424,0.5194104,0.370253165,2.69867,2017-09-03,1
2017-09-03 12:15:00,-0.084170768,-0.643093192,-0.3680993529999999,0.238871473,0.4810207139999999,0.3607594939999999,2.62867,2017-09-03,1
2017-09-03 12:30:00,-0.0605220859999999,-0.628552545,-0.365209902,0.253500522,0.442282031,0.350474684,2.54367,2017-09-03,1
2017-09-03 12:45:00,-0.0456701609999999,-0.615333774,-0.36248715,0.2677115989999999,0.4042824,0.339398734,2.85033,2017-09-03,1
2017-09-03 13:00:00,-0.031528289,-0.60343688,-0.36004223,0.281086729,0.3680893429999999,0.328322785,2.65033,2017-09-03,1
2017-09-03 13:15:00,-0.018195087,-0.59021811,-0.358041841,0.292371996,0.334729322,0.317246835,2.6630000000000003,2017-09-03,1
2017-09-03 13:30:00,-0.005710003,-0.578321216,-0.3564859829999999,0.301985371,0.305310915,0.306962025,2.58167,2017-09-03,1
2017-09-03 13:45:00,0.005848069,-0.566424323,-0.355541355,0.308254963,0.280860586,0.297468354,2.67667,2017-09-03,1
2017-09-03 14:00:00,0.01643968,-0.554527429,-0.355152391,0.312016719,0.262486913,0.289556962,2.53967,2017-09-03,1
2017-09-03 14:15:00,0.025985937,-0.542630535,-0.358208541,0.313270637,0.2475621519999999,0.28164557,2.38733,2017-09-03,1
2017-09-03 14:30:00,0.034407945,-0.529411765,-0.366543495,0.3149425289999999,0.232924801,0.272943038,2.35567,2017-09-03,1
2017-09-03 14:45:00,0.041666256,-0.516192994,-0.379212625,0.316196447,0.218780152,0.265031646,2.40767,2017-09-03,1
2017-09-03 15:00:00,0.0476819759999999,-0.5029742229999999,-0.394993471,0.317032393,0.205333498,0.2563291139999999,2.46533,2017-09-03,1
2017-09-03 15:15:00,0.052415657,-0.49107733,-0.412996972,0.318286311,0.192749071,0.2476265819999999,2.41767,2017-09-03,1
2017-09-03 15:30:00,0.055788404,-0.4778585589999999,-0.432000667,0.319122257,0.181211636,0.23971519,2.41267,2017-09-03,1
2017-09-03 15:45:00,0.057721324,-0.4672835429999999,-0.4510599279999999,0.319958203,0.1709470139999999,0.231803797,2.40267,2017-09-03,1
2017-09-03 16:00:00,0.057504364,-0.456708526,-0.4690078629999999,0.320794148,0.16209891,0.2246835439999999,2.52067,2017-09-03,1
2017-09-03 16:15:00,0.03432905,-0.448777264,-0.484844275,0.321212121,0.154893145,0.21914557,2.069,2017-09-03,1
2017-09-03 16:30:00,-0.017228627,-0.4421678779999999,-0.497457839,0.321630094,0.149514483,0.215189873,1.851,2017-09-03,1
2017-09-03 16:45:00,-0.091212118,-0.43688037,-0.505792793,0.322048067,0.146147687,0.212025316,1.952,2017-09-03,1
2017-09-03 17:00:00,-0.181645151,-0.435558493,-0.5088489429999999,0.322048067,0.14497752,0.211234177,2.046,2017-09-03,1
2017-09-03 17:15:00,-0.282551454,-0.438202247,-0.508293279,0.320376176,0.148713843,0.212025316,1.97133,2017-09-03,1
2017-09-03 17:30:00,-0.387994201,-0.44613351,-0.506737421,0.316196447,0.159224816,0.213607595,1.08467,2017-09-03,1
2017-09-03 17:45:00,-0.49199712,-0.456708526,-0.504403634,0.309926855,0.1754839769999999,0.215981013,0.647667,2017-09-03,1
2017-09-03 18:00:00,-0.588564215,-0.471249174,-0.501458617,0.301567398,0.196464864,0.21914557,0.382667,2017-09-03,1
2017-09-04 08:00:00,-0.964083194,-0.8426966290000001,-0.700997416,0.132288401,0.641641518,0.279272152,0.063333,2017-09-04,1
2017-09-04 08:15:00,-0.948974862,-0.840052875,-0.672880838,0.133124347,0.635462216,0.289556962,0.513667,2017-09-04,1
2017-09-04 08:30:00,-0.932051952,-0.832121613,-0.595199066,0.134378265,0.628441215,0.301424051,1.031,2017-09-04,1
2017-09-04 08:45:00,-0.913708938,-0.8189028420000001,-0.477842914,0.135632184,0.620537456,0.313291139,1.676,2017-09-04,1
2017-09-04 09:00:00,-0.8942613979999999,-0.803040317,-0.3307587589999999,0.1368861019999999,0.611709881,0.325158228,1.3723299999999998,2017-09-04,1
2017-09-04 09:15:00,-0.8741038059999999,-0.7832121609999999,-0.163837413,0.138975967,0.6019174310000001,0.337816456,1.601,2017-09-04,1
2017-09-04 09:30:00,-0.8535714640000001,-0.760740251,0.013030311,0.141065831,0.591119049,0.349683544,1.94967,2017-09-04,1
2017-09-04 09:45:00,-0.826983955,-0.7369464640000001,0.189898036,0.143155695,0.579253146,0.359968354,1.94,2017-09-04,1
2017-09-04 10:00:00,-0.789883729,-0.7118308000000001,0.356819382,0.1456635319999999,0.566258135,0.370253165,0.533333,2017-09-04,1
2017-09-04 10:15:00,-0.744519285,-0.686715135,0.503903537,0.1485893419999999,0.552134015,0.378164557,0.494,2017-09-04,1
2017-09-04 10:30:00,-0.693198292,-0.661599471,0.621259689,0.151515152,0.53679867,0.384493671,0.958,2017-09-04,1
2017-09-04 10:45:00,-0.638188972,-0.637805684,0.698941461,0.154858934,0.52023157,0.389240506,1.04233,2017-09-04,1
2017-09-04 11:00:00,-0.581720101,-0.615333774,0.7270580390000001,0.158202717,0.502371128,0.390822785,1.20133,2017-09-04,1
2017-09-04 11:15:00,-0.526099348,-0.592861864,0.72689134,0.164472309,0.47597052,0.389240506,1.29867,2017-09-04,1
2017-09-04 11:30:00,-0.473594935,-0.566424323,0.7263356759999999,0.1745036569999999,0.435856377,0.387658228,1.47267,2017-09-04,1
2017-09-04 11:45:00,-0.426475084,-0.53602115,0.725502181,0.187460815,0.385067028,0.383702532,1.81867,2017-09-04,1
2017-09-04 12:00:00,-0.3870080179999999,-0.505617978,0.7242797209999999,0.203343783,0.326681858,0.379746835,2.081,2017-09-04,1
2017-09-04 12:15:00,-0.3574422339999999,-0.473892928,0.722723863,0.220062696,0.263739196,0.374208861,2.1146700000000003,2017-09-04,1
2017-09-04 12:30:00,-0.3400854029999999,-0.443489755,0.720890173,0.237617555,0.199277371,0.368670886,2.099,2017-09-04,1
2017-09-04 12:45:00,-0.329829094,-0.41440846,0.718667519,0.254754441,0.136355238,0.363132911,2.12767,2017-09-04,1
2017-09-04 13:00:00,-0.320125048,-0.3879709189999999,0.716111466,0.270637409,0.078052185,0.356803797,2.15667,2017-09-04,1
2017-09-04 13:15:00,-0.310973265,-0.366820886,0.713277582,0.284848485,0.027386011,0.351265823,2.09333,2017-09-04,1
2017-09-04 13:30:00,-0.302432915,-0.3496364839999999,0.7101102990000001,0.295715778,-0.0125844269999999,0.346518987,1.99,2017-09-04,1
2017-09-04 13:45:00,-0.294543446,-0.33773959,0.7066096190000001,0.3032392889999999,-0.0388208,0.341772152,1.97767,2017-09-04,1
2017-09-04 14:00:00,-0.287344306,-0.333773959,0.70277554,0.305747126,-0.0482437229999999,0.338607595,1.952,2017-09-04,1
2017-09-04 14:15:00,-0.280855218,-0.335095836,0.672047343,0.305329154,-0.0418591279999999,0.336234177,1.996,2017-09-04,1
2017-09-04 14:30:00,-0.2751550769999999,-0.340383344,0.594254438,0.304493208,-0.0240808029999999,0.333860759,2.01533,2017-09-04,1
2017-09-04 14:45:00,-0.270243883,-0.34699273,0.478787542,0.302821317,0.00299727,0.330696203,2.13033,2017-09-04,1
2017-09-04 15:00:00,-0.266180807,-0.356245869,0.335204067,0.300731452,0.037322165,0.328322785,2.06,2017-09-04,1
2017-09-04 15:15:00,-0.263005296,-0.366820886,0.172950296,0.298641588,0.076820431,0.325949367,2.07967,2017-09-04,1
2017-09-04 15:30:00,-0.2607370739999999,-0.380039656,0.001528075,0.295715778,0.119439141,0.323575949,2.00033,2017-09-04,1
2017-09-04 15:45:00,-0.259435311,-0.394580304,-0.169505182,0.292371996,0.163063784,0.321202532,2.091,2017-09-04,1
2017-09-04 16:00:00,-0.25953393,-0.410442829,-0.3307587589999999,0.289028213,0.205661965,0.319620253,2.21467,2017-09-04,1
2017-09-04 16:15:00,-0.273478565,-0.4263053539999999,-0.472675242,0.285266458,0.245139702,0.318037975,2.10333,2017-09-04,1
2017-09-04 16:30:00,-0.304720861,-0.443489755,-0.585808352,0.281504702,0.279464597,0.317246835,2.13033,2017-09-04,1
2017-09-04 16:45:00,-0.349907792,-0.461996034,-0.660656239,0.277742947,0.306501612,0.316455696,2.14467,2017-09-04,1
2017-09-04 17:00:00,-0.405666611,-0.479180436,-0.687717056,0.273981191,0.324238878,0.315664557,2.129,2017-09-04,1
2017-09-04 17:15:00,-0.468644293,-0.500330469,-0.657766788,0.26938349,0.3364743079999999,0.317246835,2.1186700000000003,2017-09-04,1
2017-09-04 17:30:00,-0.535507539,-0.5307336420000001,-0.574861779,0.263949843,0.348319681,0.32278481,2.29967,2017-09-04,1
2017-09-04 17:45:00,-0.602883601,-0.566424323,-0.44950407,0.257680251,0.359651824,0.329905063,2.83,2017-09-04,1
2017-09-04 18:00:00,-0.6674194529999999,-0.6074025120000001,-0.292251271,0.250574713,0.370327031,0.340189873,1.744,2017-09-04,1
2017-09-05 08:00:00,-0.714618199,-0.7541308659999999,0.44050232,-0.004388715,0.521607029,0.587816456,1.629,2017-09-05,1
2017-09-05 08:15:00,-0.604994034,-0.767349636,0.437335037,0.005642633,0.504937283,0.591772152,1.98267,2017-09-05,1
2017-09-05 08:30:00,-0.490123372,-0.781890284,0.434278888,0.020689655,0.477202275,0.594936709,2.12833,2017-09-05,1
2017-09-05 08:45:00,-0.375351328,-0.796430932,0.431445003,0.040334378,0.44012646,0.598101266,2.352,2017-09-05,1
2017-09-05 09:00:00,-0.266042741,-0.81097158,0.428777818,0.063322884,0.3954958839999999,0.600474684,2.54233,2017-09-05,1
2017-09-05 09:15:00,-0.167523003,-0.825512227,0.4263328979999999,0.0892372,0.345076061,0.603639241,2.58967,2017-09-05,1
2017-09-05 09:30:00,-0.085156951,-0.840052875,0.42416581,0.116405434,0.2906119769999999,0.6060126579999999,2.92467,2017-09-05,1
2017-09-05 09:45:00,-0.009556119,-0.8532716459999999,0.422220987,0.144827586,0.233869147,0.608386076,2.92133,2017-09-05,1
2017-09-05 10:00:00,0.070817842,-0.865168539,0.4206095629999999,0.1732497389999999,0.176633615,0.610759494,2.515,2017-09-05,1
2017-09-05 10:15:00,0.153775604,-0.875743556,0.41927597,0.200417973,0.120650366,0.6123417720000001,2.85367,2017-09-05,1
2017-09-05 10:30:00,0.237167286,-0.8836748179999999,0.418331342,0.225914316,0.067684917,0.613132911,3.011,2017-09-05,1
2017-09-05 10:45:00,0.318843009,-0.887640449,0.417720112,0.248484848,0.019502782,0.613924051,2.78567,2017-09-05,1
2017-09-05 11:00:00,0.396613446,-0.8902842040000001,0.417497847,0.2677115989999999,-0.022109996,0.61471519,2.73367,2017-09-05,1
2017-09-05 11:15:00,0.468368162,-0.879709187,0.42233212,0.285266458,-0.0614850859999999,0.6123417720000001,2.54733,2017-09-05,1
2017-09-05 11:30:00,0.5318981079999999,-0.850627892,0.4355569139999999,0.303657262,-0.103344214,0.607594937,2.624,2017-09-05,1
2017-09-05 11:45:00,0.585073126,-0.808327826,0.4555608029999999,0.322048067,-0.146537743,0.598892405,2.56433,2017-09-05,1
2017-09-05 12:00:00,0.625743336,-0.7541308659999999,0.480732365,0.340438871,-0.189957094,0.588607595,3.06667,2017-09-05,1
2017-09-05 12:15:00,0.651719411,-0.693324521,0.509293474,0.35799373,-0.232473158,0.576740506,3.17133,2017-09-05,1
2017-09-05 12:30:00,0.660851471,-0.628552545,0.539632706,0.375130617,-0.272977356,0.5632911389999999,2.772,2017-09-05,1
2017-09-05 12:45:00,0.65826767,-0.563780568,0.570027505,0.390595611,-0.310320051,0.549050633,2.61,2017-09-05,1
2017-09-05 13:00:00,0.650752951,-0.5029742229999999,0.59881088,0.403970742,-0.343413192,0.535601266,2.733,2017-09-05,1
2017-09-05 13:15:00,0.63860317,-0.448777264,0.624315839,0.4152560079999999,-0.3710866129999999,0.521360759,3.2516700000000003,2017-09-05,1
2017-09-05 13:30:00,0.622133904,-0.406477198,0.644875392,0.424033438,-0.3922727929999999,0.508702532,2.874,2017-09-05,1
2017-09-05 13:45:00,0.6016804570000001,-0.377395902,0.658822549,0.429467085,-0.405781035,0.497626582,2.53233,2017-09-05,1
2017-09-05 14:00:00,0.5775189589999999,-0.366820886,0.664434751,0.431138976,-0.41054382,0.488132911,2.68933,2017-09-05,1
2017-09-05 14:15:00,0.550004438,-0.368142763,0.665323813,0.431138976,-0.410379586,0.480221519,2.86833,2017-09-05,1
2017-09-05 14:30:00,0.5194327470000001,-0.372108394,0.666157308,0.430721003,-0.409866355,0.471518987,3.05067,2017-09-05,1
2017-09-05 14:45:00,0.486119466,-0.376074025,0.666879671,0.43030303,-0.409024656,0.462816456,2.8480000000000003,2017-09-05,1
2017-09-05 15:00:00,0.4503801739999999,-0.3840052879999999,0.667546467,0.429885057,-0.407875018,0.454113924,2.76067,2017-09-05,1
2017-09-05 15:15:00,0.412530448,-0.39193655,0.668157697,0.429049112,-0.406417442,0.445411392,2.86167,2017-09-05,1
2017-09-05 15:30:00,0.372885869,-0.402511566,0.668657795,0.428213166,-0.404672456,0.4375,2.68667,2017-09-05,1
2017-09-05 15:45:00,0.331742291,-0.4130865829999999,0.669102325,0.4269592479999999,-0.402619532,0.430379747,2.26633,2017-09-05,1
2017-09-05 16:00:00,0.288981371,-0.424983477,0.669435724,0.4257053289999999,-0.400299727,0.4240506329999999,2.46167,2017-09-05,1
2017-09-05 16:15:00,0.230125936,-0.438202247,0.669713555,0.424451411,-0.3976925129999999,0.418512658,2.64733,2017-09-05,1
2017-09-05 16:30:00,0.151507382,-0.4514210179999999,0.669935821,0.422779519,-0.3948389479999999,0.414556962,2.44833,2017-09-05,1
2017-09-05 16:45:00,0.05748464,-0.465961666,0.670046954,0.4211076279999999,-0.391718503,0.412183544,2.252,2017-09-05,1
2017-09-05 17:00:00,-0.0476425279999999,-0.4805023129999999,0.67010252,0.419435737,-0.388372236,0.411392405,2.293,2017-09-05,1
2017-09-05 17:15:00,-0.159495468,-0.501652346,0.6435418,0.416091954,-0.3807148279999999,0.412183544,2.29833,2017-09-05,1
2017-09-05 17:30:00,-0.273715249,-0.532055519,0.5700830720000001,0.408986416,-0.3654616,0.413765823,2.14867,2017-09-05,1
2017-09-05 17:45:00,-0.385982387,-0.570389954,0.459172617,0.399791014,-0.34374166,0.417721519,2.086,2017-09-05,1
2017-09-05 18:00:00,-0.491918226,-0.614011897,0.320090018,0.387669801,-0.316725175,0.422468354,2.085,2017-09-05,1
2017-09-06 08:00:00,-0.706452599,-0.793787178,0.043980774,0.007314525,0.217651044,0.582278481,1.798,2017-09-06,1
2017-09-06 08:15:00,-0.591503042,-0.80171844,0.020698469,0.021525601,0.200078011,0.584651899,1.87433,2017-09-06,1
2017-09-06 08:30:00,-0.470715279,-0.8096497029999999,0.000250049,0.039498433,0.180616288,0.586234177,1.89333,2017-09-06,1
2017-09-06 08:45:00,-0.349750002,-0.816259088,-0.017809018,0.059561129,0.159676459,0.588607595,1.80233,2017-09-06,1
2017-09-06 09:00:00,-0.2342284589999999,-0.822868473,-0.034089962,0.082131661,0.1376075219999999,0.5909810129999999,1.77367,2017-09-06,1
2017-09-06 09:15:00,-0.12985079,-0.828155981,-0.049148446,0.105956113,0.11484059,0.59335443,2.24333,2017-09-06,1
2017-09-06 09:30:00,-0.042218519,-0.83344349,-0.063595699,0.13061651,0.091724662,0.594936709,2.20533,2017-09-06,1
2017-09-06 09:45:00,0.0385696389999999,-0.838730998,-0.077876254,0.155276907,0.068649792,0.5965189870000001,2.17367,2017-09-06,1
2017-09-06 10:00:00,0.124702912,-0.8426966290000001,-0.092601339,0.179937304,0.046026565,0.598101266,2.40367,2017-09-06,1
2017-09-06 10:15:00,0.213794736,-0.84666226,-0.108382185,0.203761755,0.024224508,0.598892405,2.52733,2017-09-06,1
2017-09-06 10:30:00,0.303497993,-0.850627892,-0.12571889,0.225914316,0.0036336759999999,0.600474684,2.41333,2017-09-06,1
2017-09-06 10:45:00,0.391465567,-0.8532716459999999,-0.145111549,0.2463949839999999,-0.0153558739999999,0.600474684,2.8110000000000004,2017-09-06,1
2017-09-06 11:00:00,0.475330618,-0.8559154,-0.167226961,0.26353187,-0.0323540879999999,0.601265823,2.78433,2017-09-06,1
2017-09-06 11:15:00,0.552765752,-0.858559154,-0.195621371,0.279414838,-0.047668904,0.598892405,2.826,2017-09-06,1
2017-09-06 11:30:00,0.621384404,-0.861202908,-0.232017337,0.295297806,-0.061957258,0.59335443,2.73633,2017-09-06,1
2017-09-06 11:45:00,0.6788591829999999,-0.863846662,-0.2745811689999999,0.311180773,-0.075403913,0.585443038,3.044,2017-09-06,1
2017-09-06 12:00:00,0.7228232459999999,-0.865168539,-0.321145778,0.326645768,-0.088152573,0.574367089,2.95733,2017-09-06,1
2017-09-06 12:15:00,0.750949202,-0.867812293,-0.369766343,0.341274817,-0.100408532,0.5617088610000001,3.07467,2017-09-06,1
2017-09-06 12:30:00,0.7608307609999999,-0.8691341709999999,-0.418498041,0.355485893,-0.112315493,0.548259494,3.05767,2017-09-06,1
2017-09-06 12:45:00,0.758917565,-0.871777925,-0.465173784,0.368443051,-0.124058221,0.533227848,3.107,2017-09-06,1
2017-09-06 13:00:00,0.753316042,-0.873099802,-0.507904315,0.3805642629999999,-0.135821478,0.518196203,3.17833,2017-09-06,1
2017-09-06 13:15:00,0.744164259,-0.874421679,-0.544633679,0.391431557,-0.147748968,0.5031645570000001,3.039,2017-09-06,1
2017-09-06 13:30:00,0.731659451,-0.874421679,-0.573417053,0.401044932,-0.160045986,0.488924051,2.89933,2017-09-06,1
2017-09-06 13:45:00,0.7159594090000001,-0.875743556,-0.59208735,0.408986416,-0.172856234,0.476265823,2.92533,2017-09-06,1
2017-09-06 14:00:00,0.697241645,-0.875743556,-0.59881088,0.4152560079999999,-0.186364476,0.465189873,2.98733,2017-09-06,1
2017-09-06 14:15:00,0.675663948,-0.873099802,-0.597977384,0.420689655,-0.201658763,0.4549050629999999,3.0810000000000004,2017-09-06,1
2017-09-06 14:30:00,0.651423556,-0.866490416,-0.595643597,0.4257053289999999,-0.219211266,0.4446202529999999,2.83533,2017-09-06,1
2017-09-06 14:45:00,0.624678258,-0.8572372770000001,-0.591920651,0.430721003,-0.238365051,0.432753165,2.98367,2017-09-06,1
2017-09-06 15:00:00,0.595605566,-0.8453403829999999,-0.586864112,0.435318704,-0.258401593,0.421677215,2.91733,2017-09-06,1
2017-09-06 15:15:00,0.564363271,-0.8307997359999999,-0.580585114,0.4394984329999999,-0.278663957,0.410601266,2.77633,2017-09-06,1
2017-09-06 15:30:00,0.531128884,-0.816259088,-0.573250354,0.443678161,-0.298454148,0.399525316,2.82467,2017-09-06,1
2017-09-06 15:45:00,0.496060197,-0.80171844,-0.5649154000000001,0.447021944,-0.317094701,0.390031646,2.99867,2017-09-06,1
2017-09-06 16:00:00,0.458703563,-0.787177792,-0.555746951,0.4499477529999999,-0.333867094,0.380537975,3.03733,2017-09-06,1
2017-09-06 16:15:00,0.398763326,-0.7752808990000001,-0.545800572,0.45245559,-0.3481143889999999,0.373417722,3.18667,2017-09-06,1
2017-09-06 16:30:00,0.31111133,-0.7660277590000001,-0.5351873979999999,0.454545455,-0.3591385929999999,0.367088608,3.267,2017-09-06,1
2017-09-06 16:45:00,0.201881638,-0.759418374,-0.524129692,0.4553814,-0.366262241,0.362341772,4.803,2017-09-06,1
2017-09-06 17:00:00,0.077188588,-0.75677462,-0.512571889,0.4557993729999999,-0.3687873379999999,0.359968354,4.21833,2017-09-06,1
2017-09-06 17:15:00,-0.0568534829999999,-0.758096497,-0.495346317,0.451619645,-0.358748537,0.359177215,3.83667,2017-09-06,1
2017-09-06 17:30:00,-0.1941499589999999,-0.758096497,-0.4683966329999999,0.4394984329999999,-0.33097247,0.358386076,3.89567,2017-09-06,1
2017-09-06 17:45:00,-0.328566779,-0.760740251,-0.4338899229999999,0.4211076279999999,-0.289010696,0.357594937,4.163,2017-09-06,1
2017-09-06 18:00:00,-0.453989606,-0.763384005,-0.393993276,0.397701149,-0.236414773,0.356012658,4.38667,2017-09-06,1
2017-09-07 08:00:00,-0.6981686570000001,-0.962987442,-0.597032756,0.125600836,0.108230174,0.329113924,1.91267,2017-09-07,1
2017-09-07 08:15:00,-0.5902407270000001,-0.959021811,-0.597755119,0.138557994,0.104411735,0.329113924,2.754,2017-09-07,1
2017-09-07 08:30:00,-0.484403507,-0.947124917,-0.599755508,0.155276907,0.093839174,0.329113924,2.58833,2017-09-07,1
2017-09-07 08:45:00,-0.388467569,-0.929940516,-0.6028116579999999,0.175339603,0.077887951,0.328322785,2.75833,2017-09-07,1
2017-09-07 09:00:00,-0.310243489,-0.907468605,-0.60659017,0.19707419,0.057871939,0.327531646,3.16333,2017-09-07,1
2017-09-07 09:15:00,-0.257581286,-0.879709187,-0.610924346,0.220062696,0.035166595,0.326740506,3.13933,2017-09-07,1
2017-09-07 09:30:00,-0.238291536,-0.8519497690000001,-0.615536354,0.243469175,0.01112685,0.325949367,2.62033,2017-09-07,1
2017-09-07 09:45:00,-0.2401258369999999,-0.8215465959999999,-0.620092796,0.265621735,-0.0129334239999999,0.324367089,2.531,2017-09-07,1
2017-09-07 10:00:00,-0.245372334,-0.791143424,-0.6244269720000001,0.286102403,-0.035638767,0.323575949,2.49567,2017-09-07,1
2017-09-07 10:15:00,-0.253636552,-0.762062128,-0.6282610510000001,0.303657262,-0.05565478,0.321993671,2.47567,2017-09-07,1
2017-09-07 10:30:00,-0.264524019,-0.735624587,-0.631261634,0.317032393,-0.071606003,0.320411392,2.81167,2017-09-07,1
2017-09-07 10:45:00,-0.27764026,-0.7131526770000001,-0.63331759,0.326227795,-0.082178563,0.3188291139999999,2.6186700000000003,2017-09-07,1
2017-09-07 11:00:00,-0.292571079,-0.695968275,-0.6340399520000001,0.329571578,-0.085997003,0.317246835,3.01833,2017-09-07,1
2017-09-07 11:15:00,-0.308941726,-0.682749504,-0.60903509,0.329153605,-0.085668535,0.314082278,2.838,2017-09-07,1
2017-09-07 11:30:00,-0.326338005,-0.669530734,-0.539910538,0.329153605,-0.08470366,0.310126582,1.98233,2017-09-07,1
2017-09-07 11:45:00,-0.3443851639999999,-0.65763384,-0.435279082,0.329153605,-0.083102379,0.304588608,1.146,2017-09-07,1
2017-09-07 12:00:00,-0.362669007,-0.645736946,-0.303920207,0.328735632,-0.08090575,0.297468354,1.08633,2017-09-07,1
2017-09-07 12:15:00,-0.380795061,-0.63516193,-0.154502264,0.328735632,-0.078134302,0.290348101,1.482,2017-09-07,1
2017-09-07 12:30:00,-0.398388576,-0.624586913,0.004250827,0.328317659,-0.074767506,0.283227848,0.687667,2017-09-07,1
2017-09-07 12:45:00,-0.416810485,-0.614011897,0.16372628,0.327899687,-0.0708464209999999,0.276107595,0.699667,2017-09-07,1
2017-09-07 13:00:00,-0.43752034,-0.604758757,0.315144611,0.327481714,-0.066412104,0.269778481,1.283,2017-09-07,1
2017-09-07 13:15:00,-0.460163115,-0.595505618,0.449781902,0.327063741,-0.061423498,0.263449367,1.77367,2017-09-07,1
2017-09-07 13:30:00,-0.484423231,-0.586252479,0.559025366,0.326645768,-0.055962719,0.258702532,2.19567,2017-09-07,1
2017-09-07 13:45:00,-0.509945661,-0.576999339,0.6340955189999999,0.3258098219999999,-0.050009238,0.255537975,2.9410000000000003,2017-09-07,1
2017-09-07 14:00:00,-0.536414828,-0.5690680770000001,0.666324007,0.32539185,-0.043583585,0.254746835,3.334,2017-09-07,1
2017-09-07 14:15:00,-0.5634954289999999,-0.5598149370000001,0.673936599,0.322884013,-0.0247377389999999,0.254746835,3.21233,2017-09-07,1
2017-09-07 14:30:00,-0.590852161,-0.549239921,0.68093796,0.317868339,0.015540638,0.255537975,4.143330000000001,2017-09-07,1
2017-09-07 14:45:00,-0.618129999,-0.539986781,0.687328092,0.309926855,0.072878816,0.257120253,3.993,2017-09-07,1
2017-09-07 15:00:00,-0.645033086,-0.529411765,0.693106993,0.30031348,0.142883538,0.257911392,3.99,2017-09-07,1
2017-09-07 15:15:00,-0.671186675,-0.518836748,0.698274665,0.289028213,0.2210999569999999,0.26028481,4.035,2017-09-07,1
2017-09-07 15:30:00,-0.6962949079999999,-0.509583609,0.70277554,0.276489028,0.303196403,0.261867089,3.25,2017-09-07,1
2017-09-07 15:45:00,-0.7200027609999999,-0.501652346,0.7066096190000001,0.26353187,0.384718031,0.264240506,3.12867,2017-09-07,1
2017-09-07 16:00:00,-0.7420143790000001,-0.493721084,0.7097769009999999,0.250574713,0.461292111,0.267405063,3.449,2017-09-07,1
2017-09-07 16:15:00,-0.7631581540000001,-0.487111699,0.712277387,0.238035528,0.528504855,0.269778481,3.57667,2017-09-07,1
2017-09-07 16:30:00,-0.7839469040000001,-0.48182419,0.714111077,0.225914316,0.5819630060000001,0.272943038,3.192,2017-09-07,1
2017-09-07 16:45:00,-0.804301733,-0.479180436,0.7151668379999999,0.215464995,0.617273306,0.276107595,3.12133,2017-09-07,1
2017-09-07 17:00:00,-0.824222641,-0.4778585589999999,0.715555803,0.206269592,0.630021966,0.279272152,3.544,2017-09-07,1
2017-09-07 17:15:00,-0.8436504570000001,-0.4805023129999999,0.6861056320000001,0.1983281089999999,0.62747634,0.283227848,3.67433,2017-09-07,1
2017-09-07 17:30:00,-0.862565458,-0.487111699,0.60475648,0.190804598,0.620496397,0.289556962,2.353,2017-09-07,1
2017-09-07 17:45:00,-0.880908472,-0.497686715,0.481843692,0.182863114,0.609944366,0.296677215,1.36333,2017-09-07,1
2017-09-07 18:00:00,-0.898659777,-0.510905486,0.327758175,0.175339603,0.596703003,0.305379747,0.904333,2017-09-07,1
2017-09-08 08:00:00,-0.725052021,-0.405155321,0.6303170060000001,0.036990596,0.59898175,0.431170886,0.929667,2017-09-08,1
2017-09-08 08:15:00,-0.616749342,-0.415730337,0.627983219,0.043260188,0.5885734229999999,0.431170886,1.393,2017-09-08,1
2017-09-08 08:30:00,-0.503732705,-0.44613351,0.623926875,0.0562173459999999,0.562501283,0.431170886,2.0096700000000003,2017-09-08,1
2017-09-08 08:45:00,-0.391721975,-0.492399207,0.618092407,0.075026123,0.523824188,0.431170886,1.869,2017-09-08,1
2017-09-08 09:00:00,-0.286476465,-0.5505617979999999,0.610590948,0.0975966559999999,0.475580464,0.431962025,2.65667,2017-09-08,1
2017-09-08 09:15:00,-0.193735762,-0.615333774,0.601478065,0.123510972,0.4208495,0.431962025,3.31,2017-09-08,1
2017-09-08 09:30:00,-0.119239455,-0.685393258,0.590809324,0.151515152,0.362628564,0.431962025,3.4563300000000003,2017-09-08,1
2017-09-08 09:45:00,-0.05399355,-0.7541308659999999,0.5785291579999999,0.179937304,0.304017573,0.431962025,3.466,2017-09-08,1
2017-09-08 10:00:00,0.013757261,-0.820224719,0.5648042670000001,0.2079414839999999,0.248034325,0.431962025,3.55467,2017-09-08,1
2017-09-08 10:15:00,0.082474532,-0.877065433,0.549634651,0.234273772,0.197737677,0.431962025,3.51767,2017-09-08,1
2017-09-08 10:30:00,0.150600093,-0.92333113,0.5330758760000001,0.257680251,0.156165958,0.431962025,3.47567,2017-09-08,1
2017-09-08 10:45:00,0.21655605,-0.953734303,0.515183508,0.276907001,0.126378025,0.431962025,3.4083300000000003,2017-09-08,1
2017-09-08 11:00:00,0.278784233,-0.965631196,0.495957547,0.2907001039999999,0.1114327359999999,0.431962025,3.632,2017-09-08,1
2017-09-08 11:15:00,0.335726472,-0.957699934,0.461839802,0.301985371,0.105520314,0.429588608,3.692,2017-09-08,1
2017-09-08 11:30:00,0.385824597,-0.939193655,0.40232823,0.312852665,0.1006754119999999,0.4240506329999999,3.4883300000000004,2017-09-08,1
2017-09-08 11:45:00,0.427500715,-0.911434237,0.322145973,0.323719958,0.096733797,0.414556962,3.74433,2017-09-08,1
2017-09-08 12:00:00,0.459196655,-0.875743556,0.22601617,0.333751306,0.093490177,0.402689873,3.88867,2017-09-08,1
2017-09-08 12:15:00,0.479373971,-0.834765367,0.118661962,0.343364681,0.090718729,0.388449367,4.279,2017-09-08,1
2017-09-08 12:30:00,0.486435045,-0.7924653009999999,0.00480649,0.352142111,0.08825522,0.373417722,4.25033,2017-09-08,1
2017-09-08 12:45:00,0.478624471,-0.748843358,-0.1108826719999999,0.360083595,0.085914886,0.357594937,3.91433,2017-09-08,1
2017-09-08 13:00:00,0.4563958939999999,-0.7091870459999999,-0.22357125,0.3671891329999999,0.083471906,0.341772152,4.11333,2017-09-08,1
2017-09-08 13:15:00,0.4215244429999999,-0.673496365,-0.328647237,0.37262278,0.080741516,0.326740506,4.34267,2017-09-08,1
2017-09-08 13:30:00,0.375785249,-0.644415069,-0.421331926,0.377220481,0.077538954,0.3125,4.33033,2017-09-08,1
2017-09-08 13:45:00,0.32099289,-0.62590879,-0.496902175,0.3797283179999999,0.073638398,0.301424051,4.332669999999999,2017-09-08,1
2017-09-08 14:00:00,0.258902772,-0.619299405,-0.550634846,0.3805642629999999,0.0688961429999999,0.29193038,4.59467,2017-09-08,1
2017-09-08 14:15:00,0.191290027,-0.620621282,-0.591031589,0.3805642629999999,0.062080434,0.284018987,4.63333,2017-09-08,1
2017-09-08 14:30:00,0.119969231,-0.62590879,-0.629539077,0.38014629,0.052554864,0.276107595,4.579,2017-09-08,1
2017-09-08 14:45:00,0.046715516,-0.632518176,-0.665990609,0.3797283179999999,0.040976371,0.268987342,4.958,2017-09-08,1
2017-09-08 15:00:00,-0.026695989,-0.641771315,-0.700219487,0.378892372,0.027940301,0.261075949,6.03,2017-09-08,1
2017-09-08 15:15:00,-0.098470429,-0.652346332,-0.732114578,0.378056426,0.014103591,0.253955696,3.88533,2017-09-08,1
2017-09-08 15:30:00,-0.166832674,-0.664243225,-0.7614536159999999,0.377220481,6.159999999999999e-05,0.246835443,4.30433,2017-09-08,1
2017-09-08 15:45:00,-0.2300075939999999,-0.676140119,-0.788069902,0.375966562,-0.013528772,0.240506329,5.380669999999999,2017-09-08,1
2017-09-08 16:00:00,-0.286377846,-0.688037013,-0.811796738,0.374294671,-0.02607214,0.235759494,4.986000000000001,2017-09-08,1
2017-09-08 16:15:00,-0.34065739,-0.6986120290000001,-0.832578557,0.373040752,-0.036911581,0.231012658,3.87133,2017-09-08,1
2017-09-08 16:30:00,-0.395351131,-0.7091870459999999,-0.85008196,0.371368861,-0.045431217,0.227848101,3.80333,2017-09-08,1
2017-09-08 16:45:00,-0.45014349,-0.718440185,-0.864306949,0.36969697,-0.050994642,0.2254746839999999,4.181,2017-09-08,1
2017-09-08 17:00:00,-0.504699165,-0.72504957,-0.874920123,0.367607106,-0.052985979,0.2246835439999999,4.33833,2017-09-08,1
2017-09-08 17:15:00,-0.558722301,-0.731658956,-0.883644042,0.363427377,-0.045759685,0.226265823,3.51567,2017-09-08,1
2017-09-08 17:30:00,-0.611897319,-0.7369464640000001,-0.89192343,0.355903866,-0.025702613,0.22943038,2.38733,2017-09-08,1
2017-09-08 17:45:00,-0.663888916,-0.7422339720000001,-0.8998138529999999,0.345454545,0.004824372,0.234177215,1.93533,2017-09-08,1
2017-09-08 18:00:00,-0.714381515,-0.748843358,-0.907148612,0.332915361,0.043378292,0.241297468,4.131,2017-09-08,1
2017-09-09 08:00:00,-0.952406781,-0.616655651,-0.939265968,0.078369906,0.7845045270000001,0.45806962,0.616667,2017-09-09,1
2017-09-09 08:15:00,-0.930868532,-0.614011897,-0.902481038,0.078787879,0.783457535,0.46914557,0.676333,2017-09-09,1
2017-09-09 08:30:00,-0.90647035,-0.610046266,-0.800683466,0.08045977,0.7804397359999999,0.482594937,1.31867,2017-09-09,1
2017-09-09 08:45:00,-0.8797447759999999,-0.602115003,-0.646931348,0.082967607,0.775553776,0.496044304,1.90533,2017-09-09,1
2017-09-09 09:00:00,-0.851224347,-0.591539987,-0.454227211,0.08631139,0.7688817720000001,0.511075949,2.222,2017-09-09,1
2017-09-09 09:15:00,-0.8214218790000001,-0.578321216,-0.235518017,0.090073145,0.760567428,0.525316456,3.04467,2017-09-09,1
2017-09-09 09:30:00,-0.790850189,-0.563780568,-0.003806296,0.094670846,0.7507133909999999,0.539556962,3.208,2017-09-09,1
2017-09-09 09:45:00,-0.7492135190000001,-0.547918044,0.227905426,0.100104493,0.739422307,0.55221519,3.198,2017-09-09,1
2017-09-09 10:00:00,-0.6885632290000001,-0.532055519,0.44661462,0.105956113,0.7268378809999999,0.564082278,3.17633,2017-09-09,1
2017-09-09 10:15:00,-0.61313991,-0.51354924,0.639374323,0.112225705,0.713042229,0.574367089,3.07667,2017-09-09,1
2017-09-09 10:30:00,-0.527105255,-0.495042961,0.793126441,0.118913271,0.698137998,0.582278481,3.65767,2017-09-09,1
2017-09-09 10:45:00,-0.4346604079999999,-0.4778585589999999,0.894868447,0.125600836,0.6822688920000001,0.587025316,3.717,2017-09-09,1
2017-09-09 11:00:00,-0.340006509,-0.45935228,0.931708943,0.132706374,0.6655375579999999,0.588607595,3.91633,2017-09-09,1
2017-09-09 11:15:00,-0.247344701,-0.438202247,0.930041953,0.1427377219999999,0.636283386,0.587816456,3.98533,2017-09-09,1
2017-09-09 11:30:00,-0.1608564019999999,-0.410442829,0.925485511,0.157784744,0.585801975,0.584651899,3.604330000000001,2017-09-09,1
2017-09-09 11:45:00,-0.084742754,-0.378717779,0.918595282,0.176593521,0.51860976,0.579905063,3.449,2017-09-09,1
2017-09-09 12:00:00,-0.0232048989999999,-0.343027098,0.909871364,0.1983281089999999,0.439243703,0.573575949,3.643,2017-09-09,1
2017-09-09 12:15:00,0.019595468,-0.306014541,0.899924985,0.22215256,0.352240767,0.566455696,3.24667,2017-09-09,1
2017-09-09 12:30:00,0.039417757,-0.269001983,0.889256244,0.245977011,0.262137915,0.558544304,3.41267,2017-09-09,1
2017-09-09 12:45:00,0.046143529,-0.233311302,0.878531937,0.269801463,0.173472111,0.550632911,3.67167,2017-09-09,1
2017-09-09 13:00:00,0.052415657,-0.200264375,0.868196594,0.291954023,0.090759787,0.542721519,4.021669999999999,2017-09-09,1
2017-09-09 13:15:00,0.058194692,-0.172504957,0.858861445,0.311598746,0.018537907,0.5348101270000001,3.631,2017-09-09,1
2017-09-09 13:30:00,0.06350036,-0.150033047,0.851137721,0.327481714,-0.038677096,0.5284810129999999,2.942,2017-09-09,1
2017-09-09 13:45:00,0.068332659,-0.135492399,0.8454699520000001,0.338349007,-0.0763072,0.523734177,3.18167,2017-09-09,1
2017-09-09 14:00:00,0.072671867,-0.131526768,0.842524935,0.3437826539999999,-0.08987703,0.519778481,3.097,2017-09-09,1
2017-09-09 14:15:00,0.076498259,-0.132848645,0.8412469090000001,0.3458725179999999,-0.089651208,0.517405063,3.5073300000000005,2017-09-09,1
2017-09-09 14:30:00,0.07983156,-0.13945803,0.8401911479999999,0.34754441,-0.089035331,0.514240506,3.119,2017-09-09,1
2017-09-09 14:45:00,0.082652045,-0.151354924,0.839357653,0.349216301,-0.088008869,0.511867089,2.33767,2017-09-09,1
2017-09-09 15:00:00,0.0849399909999999,-0.164573695,0.83863529,0.350888192,-0.08661288,0.509493671,2.35333,2017-09-09,1
2017-09-09 15:15:00,0.0867151209999999,-0.181758096,0.83802406,0.352142111,-0.084826836,0.507120253,2.26067,2017-09-09,1
2017-09-09 15:30:00,0.087957712,-0.201586252,0.837523963,0.353396029,-0.082671265,0.504746835,2.694,2017-09-09,1
2017-09-09 15:45:00,0.088667765,-0.222736286,0.836968299,0.354231975,-0.080187227,0.5031645570000001,3.57667,2017-09-09,1
2017-09-09 16:00:00,0.088174673,-0.245208196,0.8364126359999999,0.355067921,-0.077333662,0.501582278,3.11367,2017-09-09,1
2017-09-09 16:15:00,0.065965819,-0.269001983,0.835801406,0.355903866,-0.074172158,0.5,2.8686700000000003,2017-09-09,1
2017-09-09 16:30:00,0.016360785,-0.29279577,0.835079043,0.356321839,-0.070702716,0.499208861,3.00667,2017-09-09,1
2017-09-09 16:45:00,-0.055176971,-0.3165895569999999,0.834134415,0.356321839,-0.066904806,0.498417722,3.073,2017-09-09,1
2017-09-09 17:00:00,-0.143203716,-0.340383344,0.833023088,0.356739812,-0.062819486,0.498417722,2.75233,2017-09-09,1
2017-09-09 17:15:00,-0.242216546,-0.366820886,0.831745062,0.353396029,-0.053786619,0.5007911389999999,2.934,2017-09-09,1
2017-09-09 17:30:00,-0.346791452,-0.399867812,0.830355903,0.3446186,-0.035967235,0.505537975,3.05267,2017-09-09,1
2017-09-09 17:45:00,-0.451445252,-0.438202247,0.8288000440000001,0.331243469,-0.010695736,0.513449367,3.317,2017-09-09,1
2017-09-09 18:00:00,-0.550694766,-0.4805023129999999,0.8270219209999999,0.314106583,0.020734536,0.523734177,3.56767,2017-09-09,1
2017-09-10 08:00:00,-0.724519482,-0.506939855,0.5234628960000001,-0.019017764,0.281620168,0.7768987340000001,1.857,2017-09-10,1
2017-09-10 08:15:00,-0.610516662,-0.522802379,0.507070819,-0.0068965519999999,0.260249225,0.7800632909999999,2.44167,2017-09-10,1
2017-09-10 08:30:00,-0.489965582,-0.545274289,0.479176507,0.009822362,0.234074439,0.7824367090000001,3.484,2017-09-10,1
2017-09-10 08:45:00,-0.368763622,-0.574355585,0.441613647,0.031138976,0.204163331,0.7856012659999999,3.27767,2017-09-10,1
2017-09-10 09:00:00,-0.25276871,-0.608724389,0.396215931,0.054963427,0.171583421,0.787974684,3.08733,2017-09-10,1
2017-09-10 09:15:00,-0.147819055,-0.645736946,0.344761481,0.0812957159999999,0.1373817,0.791139241,3.4233300000000004,2017-09-10,1
2017-09-10 09:30:00,-0.059812033,-0.682749504,0.289139555,0.108881923,0.10264622,0.7935126579999999,2.9856700000000003,2017-09-10,1
2017-09-10 09:45:00,0.021232532,-0.719762062,0.231183841,0.1368861019999999,0.06842397,0.795094937,2.92067,2017-09-10,1
2017-09-10 10:00:00,0.10766166,-0.7541308659999999,0.17272803,0.164472309,0.035803001,0.797468354,2.894,2017-09-10,1
2017-09-10 10:15:00,0.197088786,-0.784534038,0.115550246,0.191222571,0.005809776,0.799050633,2.84233,2017-09-10,1
2017-09-10 10:30:00,0.28714707,-0.8070059479999999,0.06159531,0.215882968,-0.020447127,0.7998417720000001,2.781,2017-09-10,1
2017-09-10 10:45:00,0.37546967,-0.822868473,0.012585781,0.237199582,-0.041941245,0.8006329109999999,2.781,2017-09-10,1
2017-09-10 11:00:00,0.459689747,-0.828155981,-0.029589087,0.2551724139999999,-0.057584529,0.8006329109999999,2.657,2017-09-10,1
2017-09-10 11:15:00,0.537460183,-0.828155981,-0.0687633709999999,0.271055381,-0.069347786,0.799050633,2.80767,2017-09-10,1
2017-09-10 11:30:00,0.606374691,-0.82419035,-0.109493513,0.286520376,-0.080064051,0.7927215190000001,2.943,2017-09-10,1
2017-09-10 11:45:00,0.664105877,-0.820224719,-0.150946017,0.301985371,-0.089794913,0.7840189870000001,2.41133,2017-09-10,1
2017-09-10 12:00:00,0.7082671770000001,-0.8149372109999999,-0.192231823,0.317032393,-0.098684075,0.772151899,2.299,2017-09-10,1
2017-09-10 12:15:00,0.736511474,-0.808327826,-0.232684133,0.331661442,-0.1068136559999999,0.758702532,2.28667,2017-09-10,1
2017-09-10 12:30:00,0.746452205,-0.800396563,-0.271302753,0.3450365729999999,-0.114327359,0.743670886,2.347,2017-09-10,1
2017-09-10 12:45:00,0.74459818,-0.7924653009999999,-0.307365321,0.3575757579999999,-0.1213073019999999,0.727848101,2.313,2017-09-10,1
2017-09-10 13:00:00,0.739193894,-0.7832121609999999,-0.339982774,0.368861024,-0.12789719,0.712025316,2.3766700000000003,2017-09-10,1
2017-09-10 13:15:00,0.7303774120000001,-0.773959022,-0.3683771839999999,0.378892372,-0.134199667,0.696202532,2.44467,2017-09-10,1
2017-09-10 13:30:00,0.7183065259999999,-0.763384005,-0.391715056,0.387251829,-0.140317382,0.681170886,2.406,2017-09-10,1
2017-09-10 13:45:00,0.703119299,-0.7541308659999999,-0.4091628929999999,0.393521421,-0.146373509,0.66693038,2.373,2017-09-10,1
2017-09-10 14:00:00,0.685012968,-0.7448777259999999,-0.419831634,0.398119122,-0.152491224,0.65585443,2.41267,2017-09-10,1
2017-09-10 14:15:00,0.6641256,-0.73430271,-0.426221765,0.401044932,-0.158855289,0.644778481,2.403,2017-09-10,1
2017-09-10 14:30:00,0.640634708,-0.721083939,-0.431389437,0.404388715,-0.165547823,0.633702532,2.40733,2017-09-10,1
2017-09-10 14:45:00,0.614658633,-0.705221414,-0.43561248,0.407314525,-0.1723635319999999,0.6218354429999999,2.325,2017-09-10,1
2017-09-10 15:00:00,0.586394611,-0.688037013,-0.439002028,0.409822362,-0.179179241,0.6099683539999999,2.382,2017-09-10,1
2017-09-10 15:15:00,0.55598071,-0.670852611,-0.441947045,0.412330199,-0.185789657,0.598101266,2.443,2017-09-10,1
2017-09-10 15:30:00,0.523574718,-0.652346332,-0.444558664,0.4144200629999999,-0.192051077,0.587025316,2.31233,2017-09-10,1
2017-09-10 15:45:00,0.489354148,-0.6364838070000001,-0.447114717,0.416509927,-0.197799265,0.576740506,2.33867,2017-09-10,1
2017-09-10 16:00:00,0.452786462,-0.620621282,-0.449893035,0.418181818,-0.202890518,0.568037975,2.40767,2017-09-10,1
2017-09-10 16:15:00,0.393102632,-0.6074025120000001,-0.453060317,0.419435737,-0.207119542,0.560126582,2.61367,2017-09-10,1
2017-09-10 16:30:00,0.305036439,-0.596827495,-0.456949962,0.420271682,-0.210342633,0.553006329,2.53767,2017-09-10,1
2017-09-10 16:45:00,0.194840288,-0.59021811,-0.461673103,0.4211076279999999,-0.2123955569999999,0.549050633,2.62533,2017-09-10,1
2017-09-10 17:00:00,0.068746857,-0.587574356,-0.467507571,0.4211076279999999,-0.21313461,0.546677215,2.76533,2017-09-10,1
2017-09-10 17:15:00,-0.06699145,-0.5888962329999999,-0.477176118,0.4169279,-0.205415615,0.545094937,2.80333,2017-09-10,1
2017-09-10 17:30:00,-0.206122228,-0.592861864,-0.4924013,0.406060606,-0.184147318,0.544303797,2.902,2017-09-10,1
2017-09-10 17:45:00,-0.34243252,-0.599471249,-0.511960659,0.38892372,-0.151977993,0.5435126579999999,3.00267,2017-09-10,1
2017-09-10 18:00:00,-0.4696699239999999,-0.608724389,-0.534576168,0.367607106,-0.111679087,0.542721519,3.06533,2017-09-10,1
2017-09-11 08:00:00,-0.731107188,-0.660277594,0.626205095,-0.009404389,0.3982262729999999,0.505537975,1.81867,2017-09-11,1
2017-09-11 08:15:00,-0.617715802,-0.6655651020000001,0.586864112,-0.0027168229999999,0.3880232389999999,0.509493671,2.16233,2017-09-11,1
2017-09-11 08:30:00,-0.4975986429999999,-0.681427627,0.524074126,0.012748171,0.35975447,0.513449367,2.02433,2017-09-11,1
2017-09-11 08:45:00,-0.3766728139999999,-0.7038995370000001,0.442669408,0.035736677,0.316992055,0.518196203,1.85667,2017-09-11,1
2017-09-11 09:00:00,-0.260894863,-0.7329808329999999,0.3473731,0.0654127479999999,0.263205436,0.523734177,1.70767,2017-09-11,1
2017-09-11 09:15:00,-0.156162168,-0.764705882,0.243075042,0.098850575,0.201987231,0.5284810129999999,1.55933,2017-09-11,1
2017-09-11 09:30:00,-0.068431278,-0.799074686,0.134498375,0.135632184,0.136806881,0.532436709,1.521,2017-09-11,1
2017-09-11 09:45:00,0.012238538,-0.83344349,0.0263662379999999,0.173667712,0.0712364759999999,0.537183544,1.941,2017-09-11,1
2017-09-11 10:00:00,0.098233745,-0.866490416,-0.076375962,0.211703239,0.008786516,0.541139241,2.46767,2017-09-11,1
2017-09-11 10:15:00,0.1871677789999999,-0.8955717120000001,-0.1691162169999999,0.248066876,-0.047011969,0.544303797,2.18667,2017-09-11,1
2017-09-11 10:30:00,0.2766935239999999,-0.918043622,-0.246909121,0.280668757,-0.092648478,0.546677215,2.109,2017-09-11,1
2017-09-11 10:45:00,0.364503309,-0.933906147,-0.3050870999999999,0.308672936,-0.124550923,0.548259494,1.78433,2017-09-11,1
2017-09-11 11:00:00,0.44821057,-0.939193655,-0.338815881,0.330407524,-0.1392293319999999,0.549050633,1.808,2017-09-11,1
2017-09-11 11:15:00,0.525468191,-0.936549901,-0.358152974,0.347962382,-0.143602061,0.5474683539999999,1.91733,2017-09-11,1
2017-09-11 11:30:00,0.593948778,-0.927296761,-0.376323174,0.365517241,-0.147092033,0.542721519,2.11733,2017-09-11,1
2017-09-11 11:45:00,0.651305214,-0.915399868,-0.393215347,0.382236155,-0.149863481,0.536392405,2.139,2017-09-11,1
2017-09-11 12:00:00,0.6951706590000001,-0.899537343,-0.408718362,0.398537095,-0.152101168,0.5276898729999999,2.33133,2017-09-11,1
2017-09-11 12:15:00,0.72321772,-0.8810310640000001,-0.422832217,0.41400209,-0.153928271,0.517405063,2.38367,2017-09-11,1
2017-09-11 12:30:00,0.733079555,-0.861202908,-0.435445781,0.428631139,-0.15557061,0.506329114,2.24,2017-09-11,1
2017-09-11 12:45:00,0.73122553,-0.840052875,-0.446503487,0.44200627,-0.157130833,0.494462025,2.382,2017-09-11,1
2017-09-11 13:00:00,0.7257226259999999,-0.817580965,-0.455838635,0.454127482,-0.15883476,0.482594937,2.215,2017-09-11,1
2017-09-11 13:15:00,0.7167680790000001,-0.797752809,-0.463451227,0.464576803,-0.160826097,0.4707278479999999,2.149,2017-09-11,1
2017-09-11 13:30:00,0.7044999559999999,-0.77924653,-0.469285694,0.473772205,-0.1632690769999999,0.459651899,2.09767,2017-09-11,1
2017-09-11 13:45:00,0.689115492,-0.762062128,-0.473230906,0.481295716,-0.166327934,0.449367089,2.10033,2017-09-11,1
2017-09-11 14:00:00,0.670752754,-0.748843358,-0.475175729,0.4867293629999999,-0.170166903,0.440664557,2.104,2017-09-11,1
2017-09-11 14:15:00,0.649569531,-0.7382683409999999,-0.476009224,0.490909091,-0.176859436,0.432753165,2.103,2017-09-11,1
2017-09-11 14:30:00,0.62576306,-0.729015202,-0.47667602,0.4950888189999999,-0.187698877,0.4232594939999999,2.171,2017-09-11,1
2017-09-11 14:45:00,0.599471406,-0.718440185,-0.477176118,0.499268548,-0.201802468,0.414556962,2.21733,2017-09-11,1
2017-09-11 15:00:00,0.5708720820000001,-0.7091870459999999,-0.477565082,0.503030303,-0.2182463919999999,0.405063291,2.28633,2017-09-11,1
2017-09-11 15:15:00,0.540103155,-0.701255783,-0.47789848,0.506374086,-0.236147893,0.39556962,2.327,2017-09-11,1
2017-09-11 15:30:00,0.50736186,-0.6920026440000001,-0.478176312,0.509717868,-0.254583154,0.386867089,2.42533,2017-09-11,1
2017-09-11 15:45:00,0.4728059879999999,-0.684071381,-0.4784541439999999,0.512225705,-0.272648888,0.378955696,2.55033,2017-09-11,1
2017-09-11 16:00:00,0.4359029989999999,-0.676140119,-0.478787542,0.514733542,-0.289482868,0.371835443,2.59633,2017-09-11,1
2017-09-11 16:15:00,0.376199446,-0.668208857,-0.479176507,0.5164054339999999,-0.3041202189999999,0.3655063289999999,2.71367,2017-09-11,1
2017-09-11 16:30:00,0.2884882789999999,-0.661599471,-0.479676604,0.518077325,-0.315719242,0.3607594939999999,2.74,2017-09-11,1
2017-09-11 16:45:00,0.178943008,-0.654990086,-0.4802878339999999,0.5189132710000001,-0.323335592,0.358386076,2.853,2017-09-11,1
2017-09-11 17:00:00,0.053697695,-0.647058824,-0.481121329,0.5189132710000001,-0.326065981,0.356803797,3.01167,2017-09-11,1
2017-09-11 17:15:00,-0.081074151,-0.640449438,-0.484455311,0.514315569,-0.323397179,0.357594937,3.03633,2017-09-11,1
2017-09-11 17:30:00,-0.219199022,-0.632518176,-0.4919567689999999,0.500940439,-0.315986122,0.359968354,3.1146700000000003,2017-09-11,1
2017-09-11 17:45:00,-0.354542855,-0.624586913,-0.50279221,0.48045977,-0.304818214,0.363132911,3.21167,2017-09-11,1
2017-09-11 18:00:00,-0.480932141,-0.616655651,-0.51607257,0.454963427,-0.29079674,0.367879747,3.3636699999999995,2017-09-11,1
2017-09-12 08:00:00,-0.7405745509999999,-0.837409121,-0.345983941,0.153187043,0.361253105,0.439082278,1.77667,2017-09-12,1
2017-09-12 08:15:00,-0.631108174,-0.83344349,-0.346372906,0.166144201,0.329473835,0.439082278,1.975,2017-09-12,1
2017-09-12 08:30:00,-0.515073816,-0.8215465959999999,-0.347539799,0.182027168,0.29270596,0.438291139,1.86533,2017-09-12,1
2017-09-12 08:45:00,-0.398191339,-0.803040317,-0.349317923,0.2,0.2522633489999999,0.4375,1.759,2017-09-12,1
2017-09-12 09:00:00,-0.286160886,-0.7805684070000001,-0.35165171,0.220062696,0.2095009339999999,0.435917722,1.69733,2017-09-12,1
2017-09-12 09:15:00,-0.18470232,-0.752808989,-0.354541161,0.240961338,0.165753115,0.434335443,1.55367,2017-09-12,1
2017-09-12 09:30:00,-0.099515784,-0.723727693,-0.357819576,0.263113898,0.122354294,0.431962025,1.47933,2017-09-12,1
2017-09-12 09:45:00,-0.020956401,-0.6920026440000001,-0.361431389,0.285266458,0.080659399,0.429588608,1.4933299999999998,2017-09-12,1
2017-09-12 10:00:00,0.06290865,-0.658955717,-0.365265468,0.307419018,0.0420028329999999,0.426424051,1.44667,2017-09-12,1
2017-09-12 10:15:00,0.1497322509999999,-0.6272306679999999,-0.369266246,0.328735632,0.007739525,0.4232594939999999,1.83333,2017-09-12,1
2017-09-12 10:30:00,0.237246181,-0.5981493720000001,-0.373378157,0.349216301,-0.020816653,0.420094937,2.30833,2017-09-12,1
2017-09-12 10:45:00,0.3231033219999999,-0.570389954,-0.3774900679999999,0.368443051,-0.0423313009999999,0.416139241,2.127,2017-09-12,1
2017-09-12 11:00:00,0.40501573,-0.547918044,-0.381490845,0.385579937,-0.055408429,0.412183544,2.43867,2017-09-12,1
2017-09-12 11:15:00,0.480656009,-0.526768011,-0.3858805879999999,0.401462905,-0.063414834,0.40664557,2.47567,2017-09-12,1
2017-09-12 11:30:00,0.547736216,-0.506939855,-0.391048259,0.418599791,-0.070538482,0.396360759,2.315,2017-09-12,1
2017-09-12 11:45:00,0.603909232,-0.487111699,-0.396882727,0.435736677,-0.076902548,0.383702532,2.41467,2017-09-12,1
2017-09-12 12:00:00,0.646906835,-0.4672835429999999,-0.403161726,0.45245559,-0.08254809,0.367879747,2.39533,2017-09-12,1
2017-09-12 12:15:00,0.674401633,-0.447455387,-0.409829689,0.469174504,-0.087618813,0.350474684,2.23767,2017-09-12,1
2017-09-12 12:30:00,0.684085956,-0.4289491079999999,-0.416608785,0.485057471,-0.092155776,0.331487342,2.29467,2017-09-12,1
2017-09-12 12:45:00,0.681462707,-0.411764706,-0.423443447,0.5001044929999999,-0.096241095,0.311708861,2.26233,2017-09-12,1
2017-09-12 13:00:00,0.673770476,-0.393258427,-0.430166977,0.513479624,-0.0999979469999999,0.29193038,2.281,2017-09-12,1
2017-09-12 13:15:00,0.661344563,-0.377395902,-0.436612675,0.5251828629999999,-0.103467389,0.272151899,2.27733,2017-09-12,1
2017-09-12 13:30:00,0.6444611,-0.3602114999999999,-0.442613842,0.534796238,-0.106752068,0.253955696,2.33167,2017-09-12,1
2017-09-12 13:45:00,0.62345539,-0.3456708529999999,-0.448059345,0.541901776,-0.10995463,0.237341772,2.24933,2017-09-12,1
2017-09-12 14:00:00,0.598603564,-0.331130205,-0.452782485,0.54691745,-0.113116134,0.223101266,2.287,2017-09-12,1
2017-09-12 14:15:00,0.570240925,-0.3165895569999999,-0.4571722279999999,0.54984326,-0.116380284,0.2096518989999999,2.20367,2017-09-12,1
2017-09-12 14:30:00,0.5386436029999999,-0.302048909,-0.461673103,0.55276907,-0.1196854919999999,0.195411392,2.142,2017-09-12,1
2017-09-12 14:45:00,0.504146902,-0.286186385,-0.466285111,0.55569488,-0.1229907,0.1803797469999999,2.37533,2017-09-12,1
2017-09-12 15:00:00,0.467026952,-0.27032386,-0.470785986,0.558202717,-0.1262343209999999,0.165348101,2.255,2017-09-12,1
2017-09-12 15:15:00,0.4275993329999999,-0.255783212,-0.475175729,0.560292581,-0.129354766,0.150316456,2.38033,2017-09-12,1
2017-09-12 15:30:00,0.3861599,-0.241242564,-0.479287639,0.562382445,-0.132249389,0.136867089,2.43567,2017-09-12,1
2017-09-12 15:45:00,0.343043954,-0.2280237939999999,-0.483010585,0.564054336,-0.134897662,0.123417722,2.4656700000000003,2017-09-12,1
2017-09-12 16:00:00,0.297935918,-0.2161268999999999,-0.486344567,0.5657262279999999,-0.137217466,0.1123417719999999,2.47433,2017-09-12,1
2017-09-12 16:15:00,0.232650566,-0.206873761,-0.489067319,0.566980146,-0.139126686,0.102848101,2.47633,2017-09-12,1
2017-09-12 16:30:00,0.142868414,-0.200264375,-0.491123274,0.567816092,-0.140584262,0.095727848,2.66733,2017-09-12,1
2017-09-12 16:45:00,0.034388221,-0.194976867,-0.492456867,0.568234065,-0.141487549,0.090981013,2.71867,2017-09-12,1
2017-09-12 17:00:00,-0.086892634,-0.19365499,-0.492956964,0.568652038,-0.141816017,0.089398734,3.26433,2017-09-12,1
2017-09-12 17:15:00,-0.215175393,-0.197620621,-0.492790265,0.5661442010000001,-0.1378744019999999,0.090189873,2.06,2017-09-12,1
2017-09-12 17:30:00,-0.344562677,-0.209517515,-0.492456867,0.5590386620000001,-0.126644906,0.09335443,1.68867,2017-09-12,1
2017-09-12 17:45:00,-0.469236004,-0.226701917,-0.491845637,0.548171369,-0.109051344,0.098892405,1.07267,2017-09-12,1
2017-09-12 18:00:00,-0.583337442,-0.24785195,-0.491012141,0.5339602929999999,-0.085955944,0.105221519,0.595,2017-09-12,1
2017-09-13 08:00:00,-0.7737892129999999,-0.233311302,0.6360403410000001,0.184952978,0.209583051,0.44778481,0.501667,2017-09-13,1
2017-09-13 08:15:00,-0.67556533,-0.23859881,0.638096297,0.189968652,0.190839851,0.454113924,0.7773329999999999,2017-09-13,1
2017-09-13 08:30:00,-0.570517056,-0.253139458,0.6437084989999999,0.201671891,0.163556486,0.4604430379999999,0.99,2017-09-13,1
2017-09-13 08:45:00,-0.46357531,-0.276933245,0.652265718,0.2188087769999999,0.129436883,0.466772152,1.17867,2017-09-13,1
2017-09-13 09:00:00,-0.359710457,-0.307336418,0.662990026,0.2397074189999999,0.090184968,0.472310127,1.41733,2017-09-13,1
2017-09-13 09:15:00,-0.263853414,-0.343027098,0.6751034920000001,0.264367816,0.04750467,0.478639241,1.61467,2017-09-13,1
2017-09-13 09:30:00,-0.18099427,-0.381361533,0.687994888,0.2907001039999999,0.003079387,0.484177215,2.20567,2017-09-13,1
2017-09-13 09:45:00,-0.101744559,-0.422339722,0.700830717,0.317868339,-0.041366426,0.488924051,2.39633,2017-09-13,1
2017-09-13 10:00:00,-0.015275983,-0.4646397879999999,0.71299975,0.3450365729999999,-0.084128842,0.492879747,3.4763300000000004,2017-09-13,1
2017-09-13 10:15:00,0.075729036,-0.5042960999999999,0.723724057,0.371368861,-0.123503931,0.496835443,3.29633,2017-09-13,1
2017-09-13 10:30:00,0.168568357,-0.5413086579999999,0.7322257109999999,0.395193312,-0.157808298,0.499208861,3.093,2017-09-13,1
2017-09-13 10:45:00,0.260559561,-0.575677462,0.737893479,0.415673981,-0.185317485,0.5007911389999999,2.62733,2017-09-13,1
2017-09-13 11:00:00,0.349020227,-0.60343688,0.739949435,0.431974922,-0.2043480939999999,0.501582278,2.79533,2017-09-13,1
2017-09-13 11:15:00,0.431228489,-0.628552545,0.739671603,0.445768025,-0.218390097,0.5,2.986,2017-09-13,1
2017-09-13 11:30:00,0.504541375,-0.654990086,0.73894924,0.459979101,-0.232021515,0.493670886,3.08333,2017-09-13,1
2017-09-13 11:45:00,0.566237019,-0.681427627,0.73772678,0.473772205,-0.245098643,0.484968354,3.1306700000000003,2017-09-13,1
2017-09-13 12:00:00,0.613652725,-0.7078651690000001,0.736004223,0.487565308,-0.257436719,0.473101266,3.157,2017-09-13,1
2017-09-13 12:15:00,0.6440666270000001,-0.73430271,0.733837135,0.500940439,-0.268892037,0.459651899,3.08267,2017-09-13,1
2017-09-13 12:30:00,0.654796304,-0.759418374,0.73116995,0.513479624,-0.279341422,0.4446202529999999,3.00867,2017-09-13,1
2017-09-13 12:45:00,0.652390016,-0.781890284,0.728058234,0.524346917,-0.288579582,0.4287974679999999,3.23867,2017-09-13,1
2017-09-13 13:00:00,0.645309218,-0.803040317,0.7245019859999999,0.534378265,-0.29650387,0.412974684,3.208,2017-09-13,1
2017-09-13 13:15:00,0.633849765,-0.8189028420000001,0.720501209,0.542319749,-0.302929523,0.397151899,3.06767,2017-09-13,1
2017-09-13 13:30:00,0.618248341,-0.832121613,0.716000333,0.548589342,-0.307692308,0.382911392,2.926,2017-09-13,1
2017-09-13 13:45:00,0.59874163,-0.840052875,0.711110494,0.5523510970000001,-0.310669048,0.369462025,3.00133,2017-09-13,1
2017-09-13 14:00:00,0.575625487,-0.8426966290000001,0.7057761229999999,0.554022989,-0.31169551,0.359177215,2.72467,2017-09-13,1
2017-09-13 14:15:00,0.549136596,-0.83344349,0.6763815190000001,0.553605016,-0.3103611089999999,0.349683544,2.85233,2017-09-13,1
2017-09-13 14:30:00,0.519551089,-0.8070059479999999,0.60492318,0.553187043,-0.306481082,0.339398734,2.73233,2017-09-13,1
2017-09-13 14:45:00,0.487085926,-0.767349636,0.499958325,0.5523510970000001,-0.30030178,0.329113924,3.05967,2017-09-13,1
2017-09-13 15:00:00,0.452036962,-0.718440185,0.369877476,0.551515152,-0.292049024,0.318037975,3.107,2017-09-13,1
2017-09-13 15:15:00,0.414660605,-0.661599471,0.223293418,0.550261233,-0.2819896939999999,0.308544304,2.95933,2017-09-13,1
2017-09-13 15:30:00,0.375173815,-0.602115003,0.068652238,0.548589342,-0.270329084,0.299050633,3.02367,2017-09-13,1
2017-09-13 15:45:00,0.333892171,-0.542630535,-0.085488845,0.54691745,-0.257313543,0.289556962,2.80367,2017-09-13,1
2017-09-13 16:00:00,0.2903028569999999,-0.485789822,-0.23073931,0.544827586,-0.243189423,0.282436709,2.757,2017-09-13,1
2017-09-13 16:15:00,0.2229859669999999,-0.43688037,-0.358486372,0.542319749,-0.228203075,0.275316456,2.95267,2017-09-13,1
2017-09-13 16:30:00,0.1270105819999999,-0.397224058,-0.460228378,0.539811912,-0.212559791,0.27056962,2.857,2017-09-13,1
2017-09-13 16:45:00,0.009575842,-0.370786517,-0.52751924,0.537304075,-0.196505923,0.267405063,2.83467,2017-09-13,1
2017-09-13 17:00:00,-0.122138835,-0.361533377,-0.551857306,0.534378265,-0.18028782,0.266613924,2.789,2017-09-13,1
2017-09-13 17:15:00,-0.260954034,-0.3628552539999999,-0.532964743,0.529362591,-0.159696988,0.268196203,2.74,2017-09-13,1
2017-09-13 17:30:00,-0.399670615,-0.366820886,-0.4804545329999999,0.520167189,-0.131510336,0.2737341769999999,2.71033,2017-09-13,1
2017-09-13 17:45:00,-0.531089437,-0.373430271,-0.400716806,0.508045977,-0.097411262,0.28164557,1.79233,2017-09-13,1
2017-09-13 18:00:00,-0.6480508079999999,-0.38268341,-0.300030561,0.492998955,-0.059083164,0.29193038,1.462,2017-09-13,1
2017-09-14 08:00:00,-0.936844804,-0.982815598,0.544078015,0.169487983,0.742645398,0.5751582279999999,0.1973329999999999,2017-09-14,1
2017-09-14 08:15:00,-0.908501889,-0.978849967,0.5180729589999999,0.1703239289999999,0.7278438140000001,0.579905063,0.219667,2017-09-14,1
2017-09-14 08:30:00,-0.87783158,-0.969596827,0.446225655,0.172413793,0.710886658,0.584651899,0.6559999999999999,2017-09-14,1
2017-09-14 08:45:00,-0.84613564,-0.953734303,0.337704554,0.175339603,0.6923487509999999,0.5901898729999999,1.217,2017-09-14,1
2017-09-14 09:00:00,-0.81481445,-0.933906147,0.201622538,0.179519331,0.6727843809999999,0.594936709,1.555,2017-09-14,1
2017-09-14 09:15:00,-0.785169772,-0.911434237,0.047203623,0.1841170319999999,0.65272731,0.599683544,1.808,2017-09-14,1
2017-09-14 09:30:00,-0.758562539,-0.887640449,-0.116383741,0.1895506789999999,0.632752356,0.60443038,2.25833,2017-09-14,1
2017-09-14 09:45:00,-0.733079555,-0.862524785,-0.279971105,0.1954022989999999,0.613413808,0.608386076,2.52733,2017-09-14,1
2017-09-14 10:00:00,-0.706196191,-0.838730998,-0.434334454,0.201253918,0.595265956,0.6123417720000001,2.06367,2017-09-14,1
2017-09-14 10:15:00,-0.6783266440000001,-0.816259088,-0.57041647,0.207523511,0.57886309,0.61471519,0.806333,2017-09-14,1
2017-09-14 10:30:00,-0.649865386,-0.796430932,-0.6789931379999999,0.213375131,0.5647595000000001,0.617088608,0.639667,2017-09-14,1
2017-09-14 10:45:00,-0.621266062,-0.7805684070000001,-0.7508404409999999,0.2188087769999999,0.553509474,0.618670886,1.18133,2017-09-14,1
2017-09-14 11:00:00,-0.592923147,-0.7713152679999999,-0.776845498,0.223824451,0.545667303,0.619462025,2.85767,2017-09-14,1
2017-09-14 11:15:00,-0.565270559,-0.764705882,-0.7738449140000001,0.228840125,0.540227053,0.618670886,3.28767,2017-09-14,1
2017-09-14 11:30:00,-0.5387224979999999,-0.759418374,-0.7656210929999999,0.2338557989999999,0.535731149,0.615506329,3.2516700000000003,2017-09-14,1
2017-09-14 11:45:00,-0.513693159,-0.7541308659999999,-0.752951963,0.238871473,0.531974297,0.610759494,3.18867,2017-09-14,1
2017-09-14 12:00:00,-0.49059674,-0.750165235,-0.736726586,0.24430512,0.528771735,0.60443038,2.62933,2017-09-14,1
2017-09-14 12:15:00,-0.469886885,-0.7475214809999999,-0.717834023,0.2493207939999999,0.525979758,0.5965189870000001,2.83933,2017-09-14,1
2017-09-14 12:30:00,-0.451938344,-0.743555849,-0.6972189040000001,0.254754441,0.523372544,0.588607595,2.90067,2017-09-14,1
2017-09-14 12:45:00,-0.435350736,-0.740912095,-0.6756591559999999,0.259770115,0.520806389,0.579113924,2.81433,2017-09-14,1
2017-09-14 13:00:00,-0.418565892,-0.7369464640000001,-0.654099408,0.265203762,0.518075999,0.569620253,2.59933,2017-09-14,1
2017-09-14 13:15:00,-0.401820495,-0.7329808329999999,-0.633428722,0.270219436,0.515017142,0.560126582,2.43233,2017-09-14,1
2017-09-14 13:30:00,-0.385331506,-0.729015202,-0.61453616,0.27523511,0.511445053,0.550632911,2.327,2017-09-14,1
2017-09-14 13:45:00,-0.369375055,-0.723727693,-0.598255216,0.280250784,0.5071955,0.541139241,2.5340000000000003,2017-09-14,1
2017-09-14 14:00:00,-0.354148381,-0.718440185,-0.585474953,0.284848485,0.502063189,0.532436709,2.1,2017-09-14,1
2017-09-14 14:15:00,-0.339888167,-0.710508923,-0.574583947,0.289864159,0.49442631,0.522943038,2.14933,2017-09-14,1
2017-09-14 14:30:00,-0.32685082,-0.6999339059999999,-0.563470675,0.295297806,0.483237872,0.511867089,1.88533,2017-09-14,1
2017-09-14 14:45:00,-0.315253301,-0.686715135,-0.552357403,0.300731452,0.469319045,0.5,2.02833,2017-09-14,1
2017-09-14 15:00:00,-0.305352018,-0.672174488,-0.54141083,0.306583072,0.453470469,0.487341772,2.07567,2017-09-14,1
2017-09-14 15:15:00,-0.297363931,-0.6563119629999999,-0.530908788,0.312016719,0.4364927839999999,0.473892405,2.196,2017-09-14,1
2017-09-14 15:30:00,-0.291525725,-0.641771315,-0.521129108,0.317450366,0.419186631,0.461234177,2.16033,2017-09-14,1
2017-09-14 15:45:00,-0.288093806,-0.62590879,-0.512182924,0.32246604,0.402352651,0.449367089,2.34333,2017-09-14,1
2017-09-14 16:00:00,-0.287521819,-0.610046266,-0.504403634,0.327063741,0.386770955,0.438291139,2.2236700000000003,2017-09-14,1
2017-09-14 16:15:00,-0.29789647,-0.596827495,-0.49790237,0.330825496,0.373283242,0.4287974679999999,2.40733,2017-09-14,1
2017-09-14 16:30:00,-0.321485981,-0.584930601,-0.49301253,0.333751306,0.362649094,0.421677215,2.3846700000000003,2017-09-14,1
2017-09-14 16:45:00,-0.356160196,-0.575677462,-0.4899008139999999,0.335423197,0.355669151,0.41693038,2.5780000000000003,2017-09-14,1
2017-09-14 17:00:00,-0.399867851,-0.5690680770000001,-0.488845053,0.336259143,0.353164583,0.414556962,2.61033,2017-09-14,1
2017-09-14 17:15:00,-0.450478792,-0.565102445,-0.48934515,0.334587252,0.3568393179999999,0.416139241,2.6830000000000003,2017-09-14,1
2017-09-14 17:30:00,-0.5059220320000001,-0.561136814,-0.490678743,0.329571578,0.3671449979999999,0.418512658,2.75067,2017-09-14,1
2017-09-14 17:45:00,-0.5641265870000001,-0.555849306,-0.4927346979999999,0.322048067,0.383075691,0.422468354,3.06533,2017-09-14,1
2017-09-14 18:00:00,-0.622962298,-0.553205552,-0.495290751,0.312434692,0.403604935,0.42721519,2.95,2017-09-14,1
2017-09-15 08:00:00,-0.819469236,-0.654990086,0.706665185,0.106792059,0.817885077,0.568037975,1.7453299999999998,2017-09-15,1
2017-09-15 08:15:00,-0.7386219070000001,-0.658955717,0.6828827829999999,0.1109717869999999,0.805752294,0.57278481,1.96733,2017-09-15,1
2017-09-15 08:30:00,-0.652330845,-0.669530734,0.617147779,0.120585162,0.781260906,0.576740506,3.275,2017-09-15,1
2017-09-15 08:45:00,-0.564994428,-0.686715135,0.5177951270000001,0.134796238,0.746484367,0.5814873420000001,3.22,2017-09-15,1
2017-09-15 09:00:00,-0.481011035,-0.7078651690000001,0.39332648,0.15276907,0.703455072,0.585443038,3.02867,2017-09-15,1
2017-09-15 09:15:00,-0.404798769,-0.731658956,0.252021226,0.173667712,0.654205416,0.5901898729999999,2.957,2017-09-15,1
2017-09-15 09:30:00,-0.340775732,-0.75677462,0.102325452,0.196656217,0.600829381,0.59414557,2.929,2017-09-15,1
2017-09-15 09:45:00,-0.281703336,-0.7832121609999999,-0.047370322,0.220480669,0.545338835,0.5973101270000001,3.258,2017-09-15,1
2017-09-15 10:00:00,-0.2185678639999999,-0.8070059479999999,-0.188675576,0.244723093,0.48980723,0.600474684,3.07733,2017-09-15,1
2017-09-15 10:15:00,-0.153124723,-0.828155981,-0.313199789,0.268129572,0.436266962,0.602848101,2.92667,2017-09-15,1
2017-09-15 10:30:00,-0.087129318,-0.844018506,-0.4124968739999999,0.289864159,0.3867914839999999,0.605221519,2.86,2017-09-15,1
2017-09-15 10:45:00,-0.0223173339999999,-0.8559154,-0.478287445,0.309508882,0.343413192,0.6060126579999999,2.73633,2017-09-15,1
2017-09-15 11:00:00,0.039516376,-0.8598810309999999,-0.502069847,0.32539185,0.308205539,0.606803797,2.71533,2017-09-15,1
2017-09-15 11:15:00,0.0966558519999999,-0.858559154,-0.500291723,0.339602926,0.27749379,0.60443038,2.806,2017-09-15,1
2017-09-15 11:30:00,0.147345687,-0.8559154,-0.4954018839999999,0.354649948,0.246617807,0.598101266,2.9760000000000004,2017-09-15,1
2017-09-15 11:45:00,0.189810751,-0.850627892,-0.487955991,0.36969697,0.215967646,0.587816456,2.75267,2017-09-15,1
2017-09-15 12:00:00,0.222315362,-0.844018506,-0.478731976,0.384743992,0.18599495,0.5751582279999999,2.13767,2017-09-15,1
2017-09-15 12:15:00,0.243104111,-0.836087244,-0.468174367,0.3989550679999999,0.157151362,0.560917722,1.99767,2017-09-15,1
2017-09-15 12:30:00,0.250421593,-0.828155981,-0.457061095,0.412748171,0.1298679969999999,0.544303797,2.36567,2017-09-15,1
2017-09-15 12:45:00,0.2498890539999999,-0.8189028420000001,-0.445892257,0.4257053289999999,0.104555439,0.5276898729999999,2.378,2017-09-15,1
2017-09-15 13:00:00,0.248311161,-0.808327826,-0.435390215,0.436990596,0.081706391,0.511075949,2.55667,2017-09-15,1
2017-09-15 13:15:00,0.2456879119999999,-0.799074686,-0.4261106329999999,0.446603971,0.061690378,0.494462025,2.31533,2017-09-15,1
2017-09-15 13:30:00,0.242039033,-0.7898215470000001,-0.41866474,0.454545455,0.045000103,0.47943038,2.633,2017-09-15,1
2017-09-15 13:45:00,0.237364523,-0.7805684070000001,-0.413774901,0.459979101,0.03204615,0.466772152,2.38833,2017-09-15,1
2017-09-15 14:00:00,0.231684106,-0.7713152679999999,-0.411996777,0.463322884,0.023280163,0.456487342,2.13967,2017-09-15,1
2017-09-15 14:15:00,0.224997781,-0.763384005,-0.416664351,0.464994775,0.016875038,0.446993671,2.02567,2017-09-15,1
2017-09-15 14:30:00,0.2173449969999999,-0.752808989,-0.429555747,0.4662486939999999,0.010818912,0.4375,1.902,2017-09-15,1
2017-09-15 14:45:00,0.208706029,-0.7422339720000001,-0.449059539,0.467920585,0.005111782,0.4280063289999999,2.23767,2017-09-15,1
2017-09-15 15:00:00,0.199100601,-0.7303370790000001,-0.473453171,0.469174504,-0.000164234,0.418512658,3.2436700000000003,2017-09-15,1
2017-09-15 15:15:00,0.188548436,-0.719762062,-0.501125219,0.470428422,-0.004988606,0.409810127,3.605,2017-09-15,1
2017-09-15 15:30:00,0.177049536,-0.7078651690000001,-0.530464257,0.471264368,-0.0092997469999999,0.401107595,2.38167,2017-09-15,1
2017-09-15 15:45:00,0.164623623,-0.697290152,-0.559803295,0.472518286,-0.013077128,0.393987342,1.931,2017-09-15,1
2017-09-15 16:00:00,0.150619816,-0.688037013,-0.5874753420000001,0.4729362589999999,-0.016259161,0.386867089,3.1306700000000003,2017-09-15,1
2017-09-15 16:15:00,0.114624116,-0.678783873,-0.611868975,0.473772205,-0.018825317,0.3813291139999999,3.1146700000000003,2017-09-15,1
2017-09-15 16:30:00,0.05125196,-0.672174488,-0.631372767,0.4741901779999999,-0.020693478,0.376582278,2.79833,2017-09-15,1
2017-09-15 16:45:00,-0.033796511,-0.668208857,-0.644264162,0.4741901779999999,-0.021863645,0.374208861,2.94467,2017-09-15,1
2017-09-15 17:00:00,-0.134722537,-0.6655651020000001,-0.6489317370000001,0.47460815,-0.0222537,0.373417722,3.498,2017-09-15,1
2017-09-15 17:15:00,-0.245786531,-0.6655651020000001,-0.6472647460000001,0.471264368,-0.015253228,0.374208861,2.94333,2017-09-15,1
2017-09-15 17:30:00,-0.3612489029999999,-0.664243225,-0.642652738,0.462904911,0.004311141,0.3773734179999999,2.7260000000000004,2017-09-15,1
2017-09-15 17:45:00,-0.475330618,-0.664243225,-0.635484678,0.4499477529999999,0.034304367,0.382911392,3.325,2017-09-15,1
2017-09-15 18:00:00,-0.582311812,-0.662921348,-0.6262606620000001,0.4336468129999999,0.072550348,0.389240506,3.61333,2017-09-15,1
2017-09-18 08:00:00,-0.832624925,-0.578321216,-0.461395271,0.146499478,0.865656628,0.473892405,0.0,2017-09-18,1
2017-09-18 08:15:00,-0.755899843,-0.576999339,-0.461450838,0.151515152,0.853852313,0.476265823,0.0,2017-09-18,1
2017-09-18 08:30:00,-0.674717212,-0.575677462,-0.461673103,0.159874608,0.8319681390000001,0.477848101,0.0,2017-09-18,1
2017-09-18 08:45:00,-0.593810712,-0.574355585,-0.462006501,0.169905956,0.801728562,0.47943038,0.032,2017-09-18,1
2017-09-18 09:00:00,-0.517894301,-0.573033708,-0.462395466,0.182027168,0.7649606859999999,0.481012658,0.193667,2017-09-18,1
2017-09-18 09:15:00,-0.45170166,-0.570389954,-0.462839997,0.195820272,0.723388968,0.482594937,0.148667,2017-09-18,1
2017-09-18 09:30:00,-0.400005917,-0.5690680770000001,-0.463340094,0.210031348,0.678819979,0.483386076,0.419667,2017-09-18,1
2017-09-18 09:45:00,-0.35623909,-0.5677462,-0.463840191,0.2246603969999999,0.632978177,0.484968354,0.462333,2017-09-18,1
2017-09-18 10:00:00,-0.311308567,-0.565102445,-0.464284722,0.2397074189999999,0.587649607,0.4857594939999999,0.812667,2017-09-18,1
2017-09-18 10:15:00,-0.266200531,-0.563780568,-0.464673687,0.253500522,0.544620312,0.4865506329999999,0.662667,2017-09-18,1
2017-09-18 10:30:00,-0.22182227,-0.561136814,-0.465007085,0.266875653,0.505635277,0.487341772,0.413,2017-09-18,1
2017-09-18 10:45:00,-0.179140245,-0.55849306,-0.46522935,0.2785788919999999,0.472460019,0.487341772,0.423,2017-09-18,1
2017-09-18 11:00:00,-0.139081469,-0.555849306,-0.465284917,0.288192268,0.446880581,0.487341772,0.462333,2017-09-18,1
2017-09-18 11:15:00,-0.102592677,-0.553205552,-0.464229156,0.296969697,0.42546858,0.484968354,0.829667,2017-09-18,1
2017-09-18 11:30:00,-0.070640329,-0.5505617979999999,-0.461339705,0.305747126,0.403912874,0.477056962,1.43933,2017-09-18,1
2017-09-18 11:45:00,-0.044131715,-0.547918044,-0.456949962,0.3149425289999999,0.38256246,0.4659810129999999,2.22833,2017-09-18,1
2017-09-18 12:00:00,-0.024033294,-0.545274289,-0.451393326,0.324137931,0.3618484529999999,0.451740506,3.19133,2017-09-18,1
2017-09-18 12:15:00,-0.011272078,-0.5413086579999999,-0.445169894,0.332497388,0.34209932,0.434335443,3.4993300000000005,2017-09-18,1
2017-09-18 12:30:00,-0.006814528,-0.537343027,-0.438501931,0.340856844,0.323746176,0.416139241,3.075,2017-09-18,1
2017-09-18 12:45:00,-0.009694184,-0.533377396,-0.4318895339999999,0.348380355,0.307158547,0.397151899,4.75167,2017-09-18,1
2017-09-18 13:00:00,-0.0180175739999999,-0.529411765,-0.425610535,0.354649948,0.292726489,0.378955696,6.28633,2017-09-18,1
2017-09-18 13:15:00,-0.031271881,-0.524124256,-0.420109466,0.360083595,0.280840057,0.3607594939999999,6.13433,2017-09-18,1
2017-09-18 13:30:00,-0.048964014,-0.518836748,-0.415664157,0.3642633229999999,0.271868777,0.344936709,5.037,2017-09-18,1
2017-09-18 13:45:00,-0.070600882,-0.5122273629999999,-0.412774706,0.3671891329999999,0.266202706,0.332278481,4.026669999999999,2017-09-18,1
2017-09-18 14:00:00,-0.095689392,-0.505617978,-0.411718945,0.3680250779999999,0.264211369,0.32278481,3.04633,2017-09-18,1
2017-09-18 14:15:00,-0.123736452,-0.495042961,-0.411830078,0.367607106,0.26445772,0.314873418,2.9810000000000003,2017-09-18,1
2017-09-18 14:30:00,-0.154229248,-0.476536682,-0.4120523439999999,0.366353187,0.265155714,0.307753165,2.99167,2017-09-18,1
2017-09-18 14:45:00,-0.186714135,-0.4514210179999999,-0.4124968739999999,0.3642633229999999,0.266305352,0.300632911,4.16533,2017-09-18,1
2017-09-18 15:00:00,-0.220658573,-0.423661599,-0.4130525379999999,0.3613375129999999,0.2678861039999999,0.293512658,5.10267,2017-09-18,1
2017-09-18 15:15:00,-0.255569472,-0.39193655,-0.413774901,0.35799373,0.269856911,0.286392405,3.695,2017-09-18,1
2017-09-18 15:30:00,-0.290973462,-0.3602114999999999,-0.414608396,0.354231975,0.272197245,0.28085443,2.73067,2017-09-18,1
2017-09-18 15:45:00,-0.326357728,-0.328486451,-0.415608591,0.3496342739999999,0.274927634,0.275316456,2.346,2017-09-18,1
2017-09-18 16:00:00,-0.36144614,-0.299405155,-0.4167199179999999,0.3450365729999999,0.277965963,0.27056962,2.01533,2017-09-18,1
2017-09-18 16:15:00,-0.40233331,-0.274289491,-0.4179423779999999,0.340020899,0.281353288,0.266613924,2.1,2017-09-18,1
2017-09-18 16:30:00,-0.450656305,-0.253139458,-0.41927597,0.334587252,0.285028022,0.263449367,1.937,2017-09-18,1
2017-09-18 16:45:00,-0.504541375,-0.239920687,-0.420720696,0.329153605,0.288969637,0.261867089,1.915,2017-09-18,1
2017-09-18 17:00:00,-0.562114772,-0.235955056,-0.422220987,0.323719958,0.293178132,0.261075949,1.1840000000000002,2017-09-18,1
2017-09-18 17:15:00,-0.62152247,-0.235955056,-0.424721474,0.317032393,0.300322309,0.262658228,1.104,2017-09-18,1
2017-09-18 17:30:00,-0.6808907209999999,-0.23859881,-0.428833384,0.307836991,0.312578268,0.267405063,0.682667,2017-09-18,1
2017-09-18 17:45:00,-0.738345776,-0.242564442,-0.434445587,0.29738767,0.329186426,0.274525316,0.556,2017-09-18,1
2017-09-18 18:00:00,-0.792013885,-0.246530073,-0.4412246829999999,0.285266458,0.3493461439999999,0.284018987,0.495,2017-09-18,1
2017-09-22 08:00:00,-0.785623416,-0.6946463979999999,-0.529853027,0.009822362,0.655888814,0.352848101,0.869667,2017-09-22,1
2017-09-22 08:15:00,-0.680121498,-0.6946463979999999,-0.5332981410000001,0.018599791,0.63942436,0.356803797,1.715,2017-09-22,1
2017-09-22 08:30:00,-0.566927348,-0.695968275,-0.5370766539999999,0.031556949,0.614974031,0.3615506329999999,1.47267,2017-09-22,1
2017-09-22 08:45:00,-0.452707567,-0.6986120290000001,-0.5411329979999999,0.047439916,0.583933814,0.3662974679999999,3.277,2017-09-22,1
2017-09-22 09:00:00,-0.344049861,-0.701255783,-0.545244909,0.065830721,0.547822874,0.371044304,2.93533,2017-09-22,1
2017-09-22 09:15:00,-0.247561661,-0.705221414,-0.549301253,0.0858934169999999,0.5080577279999999,0.375,2.68567,2017-09-22,1
2017-09-22 09:30:00,-0.169889843,-0.7091870459999999,-0.553246465,0.107628004,0.466095954,0.378955696,3.4560000000000004,2017-09-22,1
2017-09-22 09:45:00,-0.101823453,-0.7131526770000001,-0.556913844,0.130198537,0.423395126,0.382911392,3.14833,2017-09-22,1
2017-09-22 10:00:00,-0.030857684,-0.717118308,-0.560247826,0.152351097,0.3814128229999999,0.386075949,3.03067,2017-09-22,1
2017-09-22 10:15:00,0.041330953,-0.722405816,-0.5629705779999999,0.1745036569999999,0.341606619,0.388449367,3.0056700000000003,2017-09-22,1
2017-09-22 10:30:00,0.113065946,-0.726371447,-0.565137666,0.1954022989999999,0.3054135619999999,0.390822785,2.819,2017-09-22,1
2017-09-22 10:45:00,0.1826510589999999,-0.731658956,-0.566471258,0.214629049,0.274311757,0.3924050629999999,2.83867,2017-09-22,1
2017-09-22 11:00:00,0.248409779,-0.735624587,-0.566971356,0.231765935,0.249738252,0.3924050629999999,2.83133,2017-09-22,1
2017-09-22 11:15:00,0.308665595,-0.740912095,-0.564859834,0.247648903,0.2290447739999999,0.390031646,2.84567,2017-09-22,1
2017-09-22 11:30:00,0.361741995,-0.7475214809999999,-0.558858667,0.265203762,0.208741352,0.383702532,2.79667,2017-09-22,1
2017-09-22 11:45:00,0.405942742,-0.755452743,-0.5498569170000001,0.282758621,0.189033278,0.374208861,2.7436700000000003,2017-09-22,1
2017-09-22 12:00:00,0.439591326,-0.763384005,-0.538410246,0.300731452,0.170105315,0.3615506329999999,2.68733,2017-09-22,1
2017-09-22 12:15:00,0.461030956,-0.772637145,-0.525407718,0.318286311,0.152142227,0.347310127,2.692,2017-09-22,1
2017-09-22 12:30:00,0.468545675,-0.7805684070000001,-0.511460562,0.335423197,0.135308247,0.330696203,2.587,2017-09-22,1
2017-09-22 12:45:00,0.464660112,-0.78849967,-0.49729114,0.350888192,0.1198497259999999,0.314082278,2.60433,2017-09-22,1
2017-09-22 13:00:00,0.453417619,-0.796430932,-0.483732948,0.3642633229999999,0.105910369,0.296677215,3.444,2017-09-22,1
2017-09-22 13:15:00,0.435488802,-0.803040317,-0.471397216,0.375966562,0.093695469,0.280063291,2.654,2017-09-22,1
2017-09-22 13:30:00,0.411524541,-0.808327826,-0.46111744,0.384743992,0.083389789,0.264240506,2.65433,2017-09-22,1
2017-09-22 13:45:00,0.382155995,-0.81097158,-0.4535048479999999,0.390177638,0.07519862,0.25,2.52267,2017-09-22,1
2017-09-22 14:00:00,0.348053767,-0.812293457,-0.449337371,0.3922675029999999,0.069286198,0.238132911,2.52133,2017-09-22,1
2017-09-22 14:15:00,0.309829292,-0.8096497029999999,-0.447392549,0.3922675029999999,0.064687648,0.227056962,2.54433,2017-09-22,1
2017-09-22 14:30:00,0.268192621,-0.80171844,-0.445781124,0.3922675029999999,0.060294389,0.215189873,2.526,2017-09-22,1
2017-09-22 14:45:00,0.223735466,-0.7898215470000001,-0.444503098,0.3922675029999999,0.056168011,0.203322785,2.61767,2017-09-22,1
2017-09-22 15:00:00,0.177128431,-0.773959022,-0.443391771,0.39184953,0.052287984,0.191455696,2.64067,2017-09-22,1
2017-09-22 15:15:00,0.12904212,-0.75677462,-0.442502709,0.39184953,0.048756954,0.1803797469999999,2.64533,2017-09-22,1
2017-09-22 15:30:00,0.080107691,-0.7382683409999999,-0.4416692129999999,0.391431557,0.045574921,0.168512658,2.55467,2017-09-22,1
2017-09-22 15:45:00,0.030956302,-0.719762062,-0.440891284,0.3910135839999999,0.042762415,0.159018987,2.66133,2017-09-22,1
2017-09-22 16:00:00,-0.017978126,-0.70257766,-0.4400022229999999,0.390595611,0.040401552,0.149525316,2.68567,2017-09-22,1
2017-09-22 16:15:00,-0.07419059,-0.686715135,-0.439002028,0.390177638,0.038492332,0.142405063,2.70633,2017-09-22,1
2017-09-22 16:30:00,-0.139969034,-0.6748182420000001,-0.437835135,0.389759666,0.0370963439999999,0.136075949,2.44633,2017-09-22,1
2017-09-22 16:45:00,-0.213360815,-0.66688698,-0.436390409,0.389341693,0.036213586,0.132911392,2.471,2017-09-22,1
2017-09-22 17:00:00,-0.292452737,-0.664243225,-0.434612286,0.388505747,0.035926177,0.131329114,2.64633,2017-09-22,1
2017-09-22 17:15:00,-0.3752724329999999,-0.6655651020000001,-0.431778401,0.386833856,0.036439408,0.131329114,2.70533,2017-09-22,1
2017-09-22 17:30:00,-0.459946154,-0.670852611,-0.427444225,0.381818182,0.037979101,0.132911392,2.806,2017-09-22,1
2017-09-22 17:45:00,-0.54448181,-0.6774619959999999,-0.421943156,0.374712644,0.040504198,0.134493671,3.04633,2017-09-22,1
2017-09-22 18:00:00,-0.6269662029999999,-0.686715135,-0.415608591,0.365517241,0.043932582,0.136867089,3.184,2017-09-22,1
2017-09-23 08:00:00,-0.8449522190000001,-0.952412426,-0.460784041,0.094670846,0.699924042,0.227056962,0.336,2017-09-23,1
2017-09-23 08:15:00,-0.7648346659999999,-0.951090549,-0.461339705,0.098850575,0.688386607,0.234177215,0.890333,2017-09-23,1
2017-09-23 08:30:00,-0.676788197,-0.943159286,-0.462839997,0.1080459769999999,0.669725524,0.242088608,1.67967,2017-09-23,1
2017-09-23 08:45:00,-0.585250639,-0.931262393,-0.465118217,0.121421108,0.644967256,0.250791139,2.44333,2017-09-23,1
2017-09-23 09:00:00,-0.494600645,-0.916721745,-0.468007668,0.138557994,0.615220381,0.259493671,2.7060000000000004,2017-09-23,1
2017-09-23 09:15:00,-0.409256319,-0.899537343,-0.4712860829999999,0.157784744,0.5815729510000001,0.268196203,3.25,2017-09-23,1
2017-09-23 09:30:00,-0.333576592,-0.879709187,-0.474786764,0.179101358,0.5451130129999999,0.276898734,3.2516700000000003,2017-09-23,1
2017-09-23 09:45:00,-0.258843601,-0.858559154,-0.4782318779999999,0.201671891,0.506887561,0.285601266,2.98267,2017-09-23,1
2017-09-23 10:00:00,-0.175234958,-0.836087244,-0.481510294,0.224242424,0.468005173,0.292721519,2.80633,2017-09-23,1
2017-09-23 10:15:00,-0.08568949,-0.8149372109999999,-0.4843997439999999,0.2463949839999999,0.4295539,0.299050633,2.65067,2017-09-23,1
2017-09-23 10:30:00,0.006834252,-0.793787178,-0.486733532,0.2677115989999999,0.39260126,0.303797468,2.68533,2017-09-23,1
2017-09-23 10:45:00,0.099436889,-0.773959022,-0.4882338229999999,0.286520376,0.358235306,0.306962025,2.5540000000000003,2017-09-23,1
2017-09-23 11:00:00,0.189199318,-0.755452743,-0.488789487,0.302821317,0.327544087,0.307753165,2.51733,2017-09-23,1
2017-09-23 11:15:00,0.2731629869999999,-0.7382683409999999,-0.4878448589999999,0.318286311,0.2984746769999999,0.306170886,2.54567,2017-09-23,1
2017-09-23 11:30:00,0.34844824,-0.718440185,-0.48523324,0.334587252,0.268563569,0.30221519,2.48133,2017-09-23,1
2017-09-23 11:45:00,0.4120768039999999,-0.6986120290000001,-0.481288028,0.351306165,0.2382008169999999,0.295094937,2.43333,2017-09-23,1
2017-09-23 12:00:00,0.461149298,-0.6774619959999999,-0.476231489,0.368443051,0.207797007,0.286392405,2.37833,2017-09-23,1
2017-09-23 12:15:00,0.49274662,-0.6563119629999999,-0.470397022,0.3851619639999999,0.177742194,0.275316456,2.323,2017-09-23,1
2017-09-23 12:30:00,0.5039299420000001,-0.63516193,-0.464118023,0.401044932,0.148446963,0.263449367,2.32633,2017-09-23,1
2017-09-23 12:45:00,0.501444759,-0.616655651,-0.457672325,0.416091954,0.120321899,0.250791139,2.62,2017-09-23,1
2017-09-23 13:00:00,0.494147001,-0.5981493720000001,-0.4512821939999999,0.429049112,0.0937570569999999,0.237341772,2.40867,2017-09-23,1
2017-09-23 13:15:00,0.482352245,-0.582286847,-0.44539216,0.439916405,0.069163023,0.223892405,2.29133,2017-09-23,1
2017-09-23 13:30:00,0.466336624,-0.570389954,-0.440168922,0.448275862,0.046950381,0.210443038,2.685,2017-09-23,1
2017-09-23 13:45:00,0.446356545,-0.561136814,-0.4359458779999999,0.453709509,0.027509187,0.1985759489999999,2.66933,2017-09-23,1
2017-09-23 14:00:00,0.42274731,-0.555849306,-0.433056428,0.4553814,0.011229496,0.1875,2.90733,2017-09-23,1
2017-09-23 14:15:00,0.3957653279999999,-0.553205552,-0.430944906,0.4553814,-0.0033667959999999,0.175632911,2.52833,2017-09-23,1
2017-09-23 14:30:00,0.365706453,-0.5505617979999999,-0.428888951,0.4553814,-0.017901501,0.162974684,2.5580000000000003,2017-09-23,1
2017-09-23 14:45:00,0.33286654,-0.547918044,-0.426888562,0.454963427,-0.032169325,0.149525316,2.338,2017-09-23,1
2017-09-23 15:00:00,0.297501997,-0.545274289,-0.424999305,0.454545455,-0.04588286,0.13528481,2.501,2017-09-23,1
2017-09-23 15:15:00,0.259908679,-0.543952412,-0.423221182,0.453709509,-0.058877872,0.121044304,2.44433,2017-09-23,1
2017-09-23 15:45:00,0.179238864,-0.539986781,-0.420109466,0.45245559,-0.081665332,0.09414557,2.5275,2017-09-23,1
2017-09-23 16:00:00,0.136044023,-0.538664904,-0.418887006,0.451619645,-0.091006138,0.082278481,2.4896700000000003,2017-09-23,1
2017-09-23 16:15:00,0.071271486,-0.537343027,-0.417886811,0.450365726,-0.098684075,0.071993671,2.9210000000000003,2017-09-23,1
2017-09-23 16:30:00,-0.019496849,-0.537343027,-0.417108882,0.4491118079999999,-0.104452793,0.0640822779999999,4.295669999999999,2017-09-23,1
2017-09-23 16:45:00,-0.1295352119999999,-0.53602115,-0.416664351,0.447857889,-0.108086469,0.059335443,4.15667,2017-09-23,1
2017-09-23 17:00:00,-0.252157277,-0.53602115,-0.416497652,0.446603971,-0.109338753,0.057753165,3.28067,2017-09-23,1
2017-09-23 17:15:00,-0.380676719,-0.538664904,-0.418998139,0.4432601879999999,-0.1014965819999999,0.059335443,2.79833,2017-09-23,1
2017-09-23 17:30:00,-0.508387491,-0.546596167,-0.425888367,0.436572623,-0.079735583,0.063291139,1.91367,2017-09-23,1
2017-09-23 17:45:00,-0.628622992,-0.55849306,-0.436279277,0.426541275,-0.046806676,0.0696202529999999,1.59767,2017-09-23,1
2017-09-23 18:00:00,-0.7346574490000001,-0.573033708,-0.449337371,0.4144200629999999,-0.00544025,0.077531646,1.3090000000000002,2017-09-23,1
2017-09-24 08:00:00,-0.868522007,-0.7752808990000001,-0.56369294,0.132706374,0.796041962,0.166139241,0.648333,2017-09-24,1
2017-09-24 08:15:00,-0.805228745,-0.7752808990000001,-0.58369683,0.134796238,0.790170598,0.172468354,0.739667,2017-09-24,1
2017-09-24 08:30:00,-0.740791511,-0.7752808990000001,-0.610479816,0.141483804,0.773973025,0.179588608,0.7979999999999999,2017-09-24,1
2017-09-24 08:45:00,-0.680851274,-0.773959022,-0.642430473,0.151515152,0.749481637,0.188291139,0.928333,2017-09-24,1
2017-09-24 09:00:00,-0.631068727,-0.772637145,-0.677937377,0.163636364,0.718790417,0.196993671,1.527,2017-09-24,1
2017-09-24 09:15:00,-0.597065118,-0.7713152679999999,-0.7153891029999999,0.17784744,0.6839728190000001,0.205696203,2.69733,2017-09-24,1
2017-09-24 09:30:00,-0.584481415,-0.769993391,-0.753118662,0.192894462,0.647081768,0.2143987339999999,3.4273300000000004,2017-09-24,1
2017-09-24 09:45:00,-0.58671019,-0.7686715140000001,-0.7895146279999999,0.2079414839999999,0.610190717,0.222310127,3.528,2017-09-24,1
2017-09-24 10:00:00,-0.592844252,-0.7660277590000001,-0.82291001,0.22215256,0.57535259,0.2302215189999999,3.76733,2017-09-24,1
2017-09-24 10:15:00,-0.602134101,-0.763384005,-0.8517489509999999,0.234691745,0.54466137,0.236550633,3.14133,2017-09-24,1
2017-09-24 10:30:00,-0.6137710670000001,-0.760740251,-0.87436446,0.245141066,0.520190511,0.241297468,2.99833,2017-09-24,1
2017-09-24 10:45:00,-0.6269662029999999,-0.758096497,-0.889145112,0.252246604,0.503972409,0.244462025,3.267,2017-09-24,1
2017-09-24 11:00:00,-0.640950286,-0.7541308659999999,-0.8944239159999999,0.2551724139999999,0.498121574,0.245253165,3.31333,2017-09-24,1
2017-09-24 11:15:00,-0.654934369,-0.746199603,-0.865084878,0.255590387,0.498634805,0.245253165,4.553669999999999,2017-09-24,1
2017-09-24 11:30:00,-0.668129506,-0.731658956,-0.7840135579999999,0.2560083589999999,0.500071852,0.244462025,3.115,2017-09-24,1
2017-09-24 11:45:00,-0.6797664720000001,-0.7091870459999999,-0.661323035,0.256426332,0.502247952,0.2428797469999999,2.54267,2017-09-24,1
2017-09-24 12:00:00,-0.6890563209999999,-0.684071381,-0.5072375179999999,0.256844305,0.504978342,0.242088608,2.635,2017-09-24,1
2017-09-24 12:15:00,-0.695190383,-0.654990086,-0.331870086,0.256844305,0.508078257,0.23971519,6.13667,2017-09-24,1
2017-09-24 12:30:00,-0.697419158,-0.624586913,-0.14555608,0.256844305,0.511362937,0.238132911,4.01933,2017-09-24,1
2017-09-24 12:45:00,-0.693218016,-0.594183741,0.041646987,0.257262278,0.514647616,0.235759494,3.468,2017-09-24,1
2017-09-24 13:00:00,-0.6814824309999999,-0.566424323,0.2194593389999999,0.257262278,0.517747531,0.233386076,5.124,2017-09-24,1
2017-09-24 13:15:00,-0.6634944429999999,-0.5413086579999999,0.3777678989999999,0.257680251,0.520477921,0.231012658,3.0946700000000003,2017-09-24,1
2017-09-24 13:30:00,-0.6405163660000001,-0.5214805020000001,0.50629289,0.258098224,0.522654021,0.227848101,2.97167,2017-09-24,1
2017-09-24 13:45:00,-0.6138499620000001,-0.509583609,0.594865668,0.258516196,0.5240910679999999,0.2254746839999999,2.31033,2017-09-24,1
2017-09-24 14:00:00,-0.584737823,-0.5042960999999999,0.633373156,0.258934169,0.5246042989999999,0.223101266,2.30033,2017-09-24,1
2017-09-24 14:15:00,-0.554481711,-0.5122273629999999,0.642986136,0.261442006,0.517624356,0.220727848,2.938,2017-09-24,1
2017-09-24 14:30:00,-0.524343941,-0.532055519,0.65193232,0.266875653,0.498285808,0.216772152,4.05633,2017-09-24,1
2017-09-24 14:45:00,-0.495626276,-0.562458691,0.660045009,0.274399164,0.469072694,0.212816456,4.840330000000001,2017-09-24,1
2017-09-24 15:00:00,-0.469571306,-0.600793126,0.667379768,0.284012539,0.432448523,0.20806962,3.625,2017-09-24,1
2017-09-24 15:15:00,-0.4475005179999999,-0.645736946,0.673936599,0.294879833,0.3908973329999999,0.203322785,3.94333,2017-09-24,1
2017-09-24 15:30:00,-0.430656502,-0.6920026440000001,0.679659934,0.306165099,0.346862105,0.1985759489999999,3.95033,2017-09-24,1
2017-09-24 15:45:00,-0.420321299,-0.7382683409999999,0.684549774,0.317450366,0.302847406,0.194620253,3.31967,2017-09-24,1
2017-09-24 16:00:00,-0.418013629,-0.781890284,0.6886061179999999,0.327899687,0.261296216,0.189873418,2.44367,2017-09-24,1
2017-09-24 16:15:00,-0.431129871,-0.820224719,0.6917734,0.3370950889999999,0.224672045,0.186708861,1.87867,2017-09-24,1
2017-09-24 16:30:00,-0.460439246,-0.850627892,0.694051621,0.3446186,0.195458931,0.183544304,2.275,2017-09-24,1
2017-09-24 16:45:00,-0.50268735,-0.870456048,0.69544078,0.3496342739999999,0.176120383,0.181962025,2.833,2017-09-24,1
2017-09-24 17:00:00,-0.5546000529999999,-0.87838731,0.6959408770000001,0.351306165,0.169140441,0.181170886,2.88133,2017-09-24,1
2017-09-24 17:15:00,-0.612962397,-0.875743556,0.678159642,0.348380355,0.1801030569999999,0.182753165,1.226,2017-09-24,1
2017-09-24 17:30:00,-0.674519975,-0.870456048,0.6288167139999999,0.340856844,0.2106505719999999,0.1859177219999999,1.46533,2017-09-24,1
2017-09-24 17:45:00,-0.736018382,-0.861202908,0.553968827,0.328735632,0.257210897,0.191455696,1.30267,2017-09-24,1
2017-09-24 18:00:00,-0.794203213,-0.849306015,0.459506015,0.31368861,0.3162119439999999,0.19778481,0.81,2017-09-24,1
2017-09-25 08:00:00,-0.80879873,-0.717118308,-0.438224099,0.134378265,0.958366693,0.258702532,1.665,2017-09-25,1
2017-09-25 08:15:00,-0.710890425,-0.7118308000000001,-0.432834162,0.139393939,0.944550512,0.261075949,2.259,2017-09-25,1
2017-09-25 08:30:00,-0.605743533,-0.701255783,-0.427333093,0.149425287,0.916281743,0.263449367,2.24167,2017-09-25,1
2017-09-25 08:45:00,-0.499866865,-0.690680767,-0.421887589,0.164054336,0.876044425,0.265822785,2.60167,2017-09-25,1
2017-09-25 09:00:00,-0.39980868,-0.6774619959999999,-0.416553219,0.182445141,0.8263431259999999,0.268196203,2.40867,2017-09-25,1
2017-09-25 09:15:00,-0.312136961,-0.662921348,-0.41149668,0.203343783,0.7696413540000001,0.27056962,2.524,2017-09-25,1
2017-09-25 09:30:00,-0.243380243,-0.648380701,-0.4067735389999999,0.225914316,0.708423149,0.272943038,2.47867,2017-09-25,1
2017-09-25 09:45:00,-0.184978452,-0.63516193,-0.40249493,0.249738767,0.645234136,0.275316456,2.38733,2017-09-25,1
2017-09-25 10:00:00,-0.1248607019999999,-0.621943159,-0.398716417,0.273145246,0.5824967670000001,0.276898734,2.65133,2017-09-25,1
2017-09-25 10:15:00,-0.064368201,-0.611368143,-0.395660267,0.295715778,0.522756667,0.278481013,2.65467,2017-09-25,1
2017-09-25 10:30:00,-0.004743543,-0.602115003,-0.39332648,0.316196447,0.468477346,0.280063291,2.81667,2017-09-25,1
2017-09-25 10:45:00,0.052711512,-0.596827495,-0.3918261879999999,0.334169279,0.422142842,0.280063291,2.53,2017-09-25,1
2017-09-25 11:00:00,0.1066952,-0.594183741,-0.391326091,0.348380355,0.3862577239999999,0.28085443,2.41967,2017-09-25,1
2017-09-25 11:15:00,0.15590576,-0.595505618,-0.392381852,0.36091954,0.356079736,0.278481013,2.529,2017-09-25,1
2017-09-25 11:30:00,0.199080877,-0.600793126,-0.3953268689999999,0.373458725,0.32555275,0.271360759,2.436,2017-09-25,1
2017-09-25 11:45:00,0.234899064,-0.608724389,-0.400105576,0.38599791,0.295231057,0.261075949,2.54067,2017-09-25,1
2017-09-25 12:00:00,0.262078283,-0.6179775279999999,-0.406384575,0.398537095,0.265710004,0.2476265819999999,2.7,2017-09-25,1
2017-09-25 12:15:00,0.2793562189999999,-0.6272306679999999,-0.4141082989999999,0.410240334,0.237543881,0.232594937,2.35967,2017-09-25,1
2017-09-25 12:30:00,0.285391663,-0.639127561,-0.422998916,0.421525601,0.211307508,0.215981013,2.80667,2017-09-25,1
2017-09-25 12:45:00,0.281387758,-0.649702578,-0.432945295,0.4315569489999999,0.187534643,0.1985759489999999,2.52933,2017-09-25,1
2017-09-25 13:00:00,0.269829686,-0.660277594,-0.443669602,0.4403343779999999,0.166841165,0.181170886,2.9530000000000003,2017-09-25,1
2017-09-25 13:15:00,0.25136833,-0.669530734,-0.455060706,0.447857889,0.149740305,0.164556962,2.85633,2017-09-25,1
2017-09-25 13:30:00,0.22671374,-0.6774619959999999,-0.466896341,0.453291536,0.136827411,0.150316456,2.44467,2017-09-25,1
2017-09-25 13:45:00,0.1965168,-0.681427627,-0.479009807,0.456635319,0.128677301,0.137658228,3.076,2017-09-25,1
2017-09-25 14:00:00,0.161467836,-0.684071381,-0.49117884,0.457889237,0.125823736,0.1281645569999999,2.81867,2017-09-25,1
2017-09-25 14:15:00,0.12221773,-0.681427627,-0.506737421,0.457889237,0.126665435,0.120253165,2.92833,2017-09-25,1
2017-09-25 14:30:00,0.07945681,-0.676140119,-0.528186036,0.456635319,0.1290878859999999,0.113132911,2.79267,2017-09-25,1
2017-09-25 14:45:00,0.033855682,-0.668208857,-0.554135526,0.4553814,0.1329884419999999,0.105221519,2.90433,2017-09-25,1
2017-09-25 15:00:00,-0.0139347739999999,-0.65763384,-0.583196733,0.453291536,0.13820287,0.097310127,2.35167,2017-09-25,1
2017-09-25 15:15:00,-0.063204505,-0.644415069,-0.614036063,0.450783699,0.144628523,0.090981013,3.4113300000000004,2017-09-25,1
2017-09-25 15:30:00,-0.113282906,-0.631196299,-0.645153224,0.447439916,0.152142227,0.083860759,3.62133,2017-09-25,1
2017-09-25 15:45:00,-0.163519097,-0.615333774,-0.6753257579999999,0.444096134,0.160600275,0.078322785,4.38167,2017-09-25,1
2017-09-25 16:00:00,-0.213696117,-0.600793126,-0.703108938,0.4403343779999999,0.169879493,0.07278481,2.51467,2017-09-25,1
2017-09-25 16:15:00,-0.277285234,-0.586252479,-0.727113605,0.43615465,0.179856706,0.068829114,1.705,2017-09-25,1
2017-09-25 16:30:00,-0.35698859,-0.571711831,-0.7459506020000001,0.431974922,0.190408737,0.065664557,2.53533,2017-09-25,1
2017-09-25 16:45:00,-0.447678031,-0.55849306,-0.758230767,0.4269592479999999,0.201391883,0.063291139,4.272,2017-09-25,1
2017-09-25 17:00:00,-0.544245126,-0.546596167,-0.762676076,0.422361546,0.212682967,0.0625,3.967330000000001,2017-09-25,1
2017-09-25 17:15:00,-0.64156172,-0.53602115,-0.734337232,0.4144200629999999,0.227730903,0.064873418,2.02333,2017-09-25,1
2017-09-25 17:30:00,-0.7344799359999999,-0.524124256,-0.656099797,0.401880878,0.249183963,0.071202532,0.898,2017-09-25,1
2017-09-25 17:45:00,-0.817891342,-0.5122273629999999,-0.537910149,0.3851619639999999,0.275789863,0.081487342,0.857667,2017-09-25,1
2017-09-25 18:00:00,-0.886667784,-0.500330469,-0.3897702329999999,0.365935214,0.306255261,0.09414557,0.481333,2017-09-25,1
2017-10-02 08:00:00,-0.8547154370000001,-0.5214805020000001,-0.514461145,0.082967607,0.69672148,0.398734177,0.166667,2017-10-02,1
2017-10-02 08:15:00,-0.7680101770000001,-0.5214805020000001,-0.514016614,0.087565308,0.681858307,0.409810127,0.3083329999999999,2017-10-02,1
2017-10-02 08:30:00,-0.67244899,-0.522802379,-0.5127385879999999,0.093416928,0.65517029,0.421677215,0.690333,2017-10-02,1
2017-10-02 08:45:00,-0.57424483,-0.522802379,-0.5106826329999999,0.1005224659999999,0.618895116,0.433544304,1.2446700000000002,2017-10-02,1
2017-10-02 09:00:00,-0.479610655,-0.524124256,-0.508015447,0.10846395,0.575270473,0.445411392,1.551,2017-10-02,1
2017-10-02 09:15:00,-0.3947791439999999,-0.525446134,-0.504792599,0.117241379,0.5265340479999999,0.457278481,1.7619999999999998,2017-10-02,1
2017-10-02 09:30:00,-0.325982978,-0.526768011,-0.501125219,0.126854754,0.474902999,0.46835443,1.297,2017-10-02,1
2017-10-02 09:45:00,-0.265273518,-0.528089888,-0.497180007,0.13646813,0.422615015,0.478639241,1.44,2017-10-02,1
2017-10-02 10:00:00,-0.201585783,-0.529411765,-0.492901397,0.146499478,0.371907783,0.487341772,2.12633,2017-10-02,1
2017-10-02 10:15:00,-0.136477944,-0.5307336420000001,-0.488567221,0.156530825,0.324977931,0.495253165,2.12467,2017-10-02,1
2017-10-02 10:30:00,-0.071547618,-0.532055519,-0.4841219129999999,0.166144201,0.284083677,0.5007911389999999,0.809333,2017-10-02,1
2017-10-02 10:45:00,-0.008372698,-0.533377396,-0.47973217,0.175339603,0.251442179,0.503955696,0.805,2017-10-02,1
2017-10-02 11:00:00,0.051488644,-0.534699273,-0.475564693,0.18369906,0.229291125,0.505537975,1.22967,2017-10-02,1
2017-10-02 11:15:00,0.106458516,-0.53602115,-0.470785986,0.192058516,0.21342202,0.5031645570000001,0.909333,2017-10-02,1
2017-10-02 11:30:00,0.154959024,-0.537343027,-0.4649515179999999,0.201671891,0.198189321,0.497626582,0.814333,2017-10-02,1
2017-10-02 11:45:00,0.195431998,-0.538664904,-0.458227989,0.211703239,0.183716204,0.488132911,1.1236700000000002,2017-10-02,1
2017-10-02 12:00:00,0.22627982,-0.539986781,-0.451004362,0.22215256,0.170105315,0.476265823,1.54667,2017-10-02,1
2017-10-02 12:15:00,0.24594432,-0.5413086579999999,-0.4435029029999999,0.232183908,0.157500359,0.462025316,1.93233,2017-10-02,1
2017-10-02 12:30:00,0.252847605,-0.543952412,-0.436057011,0.242215256,0.146003983,0.446993671,4.36767,2017-10-02,1
2017-10-02 12:45:00,0.251111922,-0.545274289,-0.429000083,0.251410658,0.135739361,0.430379747,2.46067,2017-10-02,1
2017-10-02 13:00:00,0.246003491,-0.546596167,-0.422554386,0.259770115,0.126829669,0.412974684,3.3033300000000003,2017-10-02,1
2017-10-02 13:15:00,0.237699825,-0.547918044,-0.41699775,0.26645768,0.119357024,0.396360759,3.4483300000000003,2017-10-02,1
2017-10-02 13:30:00,0.226378438,-0.547918044,-0.4126635729999999,0.271891327,0.11350619,0.380537975,3.80567,2017-10-02,1
2017-10-02 13:45:00,0.212236566,-0.549239921,-0.409885255,0.27523511,0.109318224,0.3655063289999999,3.4886699999999995,2017-10-02,1
2017-10-02 14:00:00,0.195431998,-0.549239921,-0.408885061,0.276489028,0.10697789,0.352848101,3.60967,2017-10-02,1
2017-10-02 14:15:00,0.176161971,-0.543952412,-0.411885644,0.276489028,0.10562296,0.340189873,4.352,2017-10-02,1
2017-10-02 14:30:00,0.154564551,-0.528089888,-0.420165032,0.275653083,0.104370676,0.326740506,5.002,2017-10-02,1
2017-10-02 14:45:00,0.130856698,-0.505617978,-0.432667463,0.274399164,0.103200509,0.3125,5.20333,2017-10-02,1
2017-10-02 15:00:00,0.105196201,-0.476536682,-0.44828161,0.272727273,0.102153518,0.2982594939999999,5.444,2017-10-02,1
2017-10-02 15:15:00,0.077780298,-0.443489755,-0.466062846,0.270637409,0.101188643,0.284018987,4.673,2017-10-02,1
2017-10-02 15:30:00,0.048747054,-0.409120952,-0.484899842,0.268129572,0.100367473,0.269778481,4.36033,2017-10-02,1
2017-10-02 15:45:00,0.018313429,-0.3747521479999999,-0.503736838,0.265203762,0.09964895,0.257120253,3.08133,2017-10-02,1
2017-10-02 16:00:00,-0.013836155,-0.341705221,-0.521518073,0.2618599789999999,0.099033073,0.246044304,3.005,2017-10-02,1
2017-10-02 16:15:00,-0.0624155579999999,-0.312623926,-0.537187787,0.258516196,0.0985608999999999,0.235759494,2.27167,2017-10-02,1
2017-10-02 16:30:00,-0.131113105,-0.288830139,-0.549634651,0.254754441,0.098232432,0.228639241,1.884,2017-10-02,1
2017-10-02 16:45:00,-0.215510695,-0.2729676139999999,-0.557914039,0.250574713,0.09802714,0.223892405,1.462,2017-10-02,1
2017-10-02 17:00:00,-0.3111310539999999,-0.267680106,-0.5609146220000001,0.2463949839999999,0.097945023,0.222310127,1.66933,2017-10-02,1
2017-10-02 17:15:00,-0.413516632,-0.267680106,-0.557914039,0.2397074189999999,0.1024614559999999,0.2254746839999999,1.55933,2017-10-02,1
2017-10-02 17:30:00,-0.518229603,-0.266358229,-0.549579085,0.228840125,0.115189588,0.234177215,0.915,2017-10-02,1
2017-10-02 17:45:00,-0.620792694,-0.266358229,-0.5370210870000001,0.214629049,0.1348771319999999,0.2476265819999999,0.594,2017-10-02,1
2017-10-02 18:00:00,-0.716748356,-0.266358229,-0.521240241,0.197910136,0.160230749,0.264240506,0.235333,2017-10-02,1
2017-10-03 08:00:00,-0.941992683,-0.762062128,-0.332370183,-0.128944619,0.912011661,0.582278481,0.349667,2017-10-03,1
2017-10-03 08:15:00,-0.90587864,-0.762062128,-0.330981024,-0.123092999,0.8974564270000001,0.587025316,0.3779999999999999,2017-10-03,1
2017-10-03 08:30:00,-0.8653464959999999,-0.759418374,-0.327202512,-0.115569488,0.876947712,0.591772152,0.316333,2017-10-03,1
2017-10-03 08:45:00,-0.822802536,-0.755452743,-0.321534743,-0.1063740859999999,0.851532508,0.5965189870000001,0.818667,2017-10-03,1
2017-10-03 09:00:00,-0.780633327,-0.7514871120000001,-0.314422249,-0.095924765,0.822278335,0.601265823,1.45567,2017-10-03,1
2017-10-03 09:15:00,-0.741264879,-0.746199603,-0.30630956,-0.085057471,0.790252715,0.6060126579999999,2.001,2017-10-03,1
2017-10-03 09:30:00,-0.707044309,-0.740912095,-0.297752341,-0.073354232,0.756502638,0.610759494,3.73533,2017-10-03,1
2017-10-03 09:45:00,-0.674164949,-0.7369464640000001,-0.289195121,-0.06123302,0.722095625,0.61471519,2.93533,2017-10-03,1
2017-10-03 10:00:00,-0.637972012,-0.731658956,-0.281082433,-0.0495297809999999,0.688078668,0.618670886,4.245,2017-10-03,1
2017-10-03 10:15:00,-0.599629195,-0.727693325,-0.273969939,-0.037826541,0.6555192870000001,0.6218354429999999,6.85533,2017-10-03,1
2017-10-03 10:30:00,-0.560300194,-0.723727693,-0.26830217,-0.0269592479999999,0.6254644739999999,0.6242088610000001,6.297000000000001,2017-10-03,1
2017-10-03 10:45:00,-0.521188154,-0.721083939,-0.2645236569999999,-0.0169279,0.59896122,0.6257911389999999,5.46667,2017-10-03,1
2017-10-03 11:00:00,-0.483476494,-0.721083939,-0.263134498,-0.00815047,0.577097575,0.626582278,4.61533,2017-10-03,1
2017-10-03 11:15:00,-0.448328912,-0.72504957,-0.268746701,-0.0002089859999999,0.557492148,0.6242088610000001,4.646,2017-10-03,1
2017-10-03 11:30:00,-0.416928827,-0.7382683409999999,-0.284249715,0.00815047,0.537394018,0.618670886,5.010669999999999,2017-10-03,1
2017-10-03 11:45:00,-0.39045966,-0.758096497,-0.307643153,0.016509927,0.517213771,0.6099683539999999,4.949669999999999,2017-10-03,1
2017-10-03 12:00:00,-0.370085108,-0.7832121609999999,-0.336982191,0.024451411,0.497382521,0.598892405,5.6803300000000005,2017-10-03,1
2017-10-03 12:15:00,-0.357008314,-0.81097158,-0.370266441,0.032392894,0.478310854,0.586234177,5.40033,2017-10-03,1
2017-10-03 12:30:00,-0.352373251,-0.840052875,-0.405495513,0.039916405,0.460429882,0.57278481,6.143,2017-10-03,1
2017-10-03 12:45:00,-0.3534974999999999,-0.870456048,-0.440780152,0.047021944,0.4441296629999999,0.558544304,6.11733,2017-10-03,1
2017-10-03 13:00:00,-0.356771629,-0.8982154659999999,-0.474064401,0.053709509,0.429861838,0.544303797,5.47067,2017-10-03,1
2017-10-03 13:15:00,-0.3620575729999999,-0.922009253,-0.503347873,0.059561129,0.418036994,0.53164557,6.377330000000001,2017-10-03,1
2017-10-03 13:30:00,-0.369217266,-0.941837409,-0.526741311,0.064576803,0.4090657139999999,0.52056962,5.901330000000001,2017-10-03,1
2017-10-03 13:45:00,-0.3780929179999999,-0.95505618,-0.542244325,0.068756531,0.403379114,0.511075949,6.44267,2017-10-03,1
2017-10-03 14:00:00,-0.388546464,-0.960343688,-0.547856528,0.071682341,0.401387777,0.504746835,5.21067,2017-10-03,1
2017-10-03 14:15:00,-0.400439838,-0.959021811,-0.52079571,0.074190178,0.401983125,0.5,4.83967,2017-10-03,1
2017-10-03 14:30:00,-0.413634974,-0.956378057,-0.446058956,0.076698015,0.403707581,0.495253165,5.247669999999999,2017-10-03,1
2017-10-03 14:45:00,-0.427993807,-0.952412426,-0.333148112,0.079205852,0.406499559,0.4912974679999999,4.72233,2017-10-03,1
2017-10-03 15:00:00,-0.443358547,-0.948446794,-0.191620593,0.0812957159999999,0.410235881,0.4865506329999999,3.65767,2017-10-03,1
2017-10-03 15:15:00,-0.4595911279999999,-0.941837409,-0.031033812,0.08338558,0.41487549,0.482594937,3.42767,2017-10-03,1
2017-10-03 15:30:00,-0.476553486,-0.935228024,0.139110383,0.085057471,0.42031574,0.47943038,3.238,2017-10-03,1
2017-10-03 15:45:00,-0.494107553,-0.927296761,0.309254577,0.086729363,0.4264745129999999,0.476265823,3.20967,2017-10-03,1
2017-10-03 16:00:00,-0.512253331,-0.919365499,0.469896924,0.087983281,0.4332696929999999,0.473101266,3.33167,2017-10-03,1
2017-10-03 16:15:00,-0.535665329,-0.911434237,0.611424444,0.0892372,0.440619162,0.4707278479999999,2.91,2017-10-03,1
2017-10-03 16:30:00,-0.565763651,-0.902181097,0.724335287,0.090073145,0.4484408039999999,0.46914557,2.457,2017-10-03,1
2017-10-03 16:45:00,-0.6013648779999999,-0.892927958,0.799072042,0.090491118,0.456631972,0.46835443,2.41733,2017-10-03,1
2017-10-03 17:00:00,-0.641325036,-0.884996695,0.826077293,0.090909091,0.465131079,0.467563291,2.60567,2017-10-03,1
2017-10-03 17:15:00,-0.684460706,-0.874421679,0.80718473,0.090073145,0.476545339,0.469936709,2.13767,2017-10-03,1
2017-10-03 17:30:00,-0.729627913,-0.862524785,0.754896785,0.088401254,0.492927675,0.474683544,1.86333,2017-10-03,1
2017-10-03 17:45:00,-0.775643238,-0.84666226,0.6758814209999999,0.085475444,0.51343639,0.481803797,1.628,2017-10-03,1
2017-10-03 18:00:00,-0.821362708,-0.8307997359999999,0.576862168,0.081713689,0.537188725,0.4912974679999999,1.49033,2017-10-03,1
2017-10-16 08:00:00,-0.972524926,-0.3364177129999999,-0.478787542,-0.154858934,0.910040853,0.474683544,0.128667,2017-10-16,1
2017-10-16 08:15:00,-0.949112928,-0.33773959,-0.47728725,-0.154440961,0.911005728,0.475474684,0.806667,2017-10-16,1
2017-10-16 08:30:00,-0.921894261,-0.339061467,-0.475786959,-0.154440961,0.913715588,0.475474684,3.45567,2017-10-16,1
2017-10-16 08:45:00,-0.89303853,-0.343027098,-0.4742310999999999,-0.1536050159999999,0.917780378,0.476265823,4.71667,2017-10-16,1
2017-10-16 09:00:00,-0.8647745090000001,-0.348314607,-0.472730809,-0.153187043,0.922871631,0.476265823,4.132,2017-10-16,1
2017-10-16 09:15:00,-0.8393112490000001,-0.354923992,-0.47134165,-0.152351097,0.928660877,0.477056962,3.88933,2017-10-16,1
2017-10-16 09:30:00,-0.818818355,-0.3602114999999999,-0.470008057,-0.151515152,0.934799121,0.477056962,4.148,2017-10-16,1
2017-10-16 09:45:00,-0.801126222,-0.366820886,-0.468785597,-0.150261233,0.940916836,0.477056962,4.43433,2017-10-16,1
2017-10-16 10:00:00,-0.7828621020000001,-0.373430271,-0.467785403,-0.149007315,0.946706083,0.477056962,3.86333,2017-10-16,1
2017-10-16 10:15:00,-0.764361298,-0.380039656,-0.466896341,-0.147753396,0.951797335,0.477848101,4.079,2017-10-16,1
2017-10-16 10:30:00,-0.74599856,-0.386649042,-0.466229545,-0.146499478,0.955882655,0.477848101,3.76467,2017-10-16,1
2017-10-16 10:45:00,-0.728188085,-0.39193655,-0.46584058,-0.145245559,0.958571986,0.477848101,4.83,2017-10-16,1
2017-10-16 11:00:00,-0.711265175,-0.395902181,-0.465673881,-0.143991641,0.95953686,0.477848101,4.893669999999999,2017-10-16,1
2017-10-16 11:15:00,-0.6956243040000001,-0.398545935,-0.4673964379999999,-0.141901776,0.956395886,0.475474684,4.630669999999999,2017-10-16,1
2017-10-16 11:30:00,-0.681640221,-0.4011896889999999,-0.472175145,-0.1398119119999999,0.947527253,0.467563291,3.201,2017-10-16,1
2017-10-16 11:45:00,-0.669687676,-0.4038334429999999,-0.479398772,-0.1368861019999999,0.933895835,0.456487342,2.6660000000000004,2017-10-16,1
2017-10-16 12:00:00,-0.660121695,-0.406477198,-0.488567221,-0.13354232,0.91636386,0.441455696,3.90767,2017-10-16,1
2017-10-16 12:15:00,-0.6533367520000001,-0.409120952,-0.499069263,-0.129780564,0.895875675,0.424841772,4.718999999999999,2017-10-16,1
2017-10-16 12:30:00,-0.649707597,-0.410442829,-0.510404801,-0.126018809,0.8733140359999999,0.40585443,4.744,2017-10-16,1
2017-10-16 12:45:00,-0.647833848,-0.4130865829999999,-0.5219070370000001,-0.12183908,0.849623288,0.386867089,4.69233,2017-10-16,1
2017-10-16 13:00:00,-0.646078441,-0.415730337,-0.5330758760000001,-0.117659352,0.8256656609999999,0.367879747,4.53833,2017-10-16,1
2017-10-16 13:15:00,-0.6444611,-0.418374091,-0.543355652,-0.113479624,0.8024060270000001,0.348892405,3.98467,2017-10-16,1
2017-10-16 13:30:00,-0.6429621010000001,-0.421017845,-0.552135137,-0.109717868,0.780706617,0.332278481,5.79,2017-10-16,1
2017-10-16 13:45:00,-0.641581444,-0.423661599,-0.558858667,-0.10553814,0.761511774,0.318037975,7.38233,2017-10-16,1
2017-10-16 14:00:00,-0.640358576,-0.4263053539999999,-0.5629705779999999,-0.1021943569999999,0.7457042559999999,0.306962025,6.06533,2017-10-16,1
2017-10-16 14:15:00,-0.639254051,-0.430270985,-0.565582197,-0.098432602,0.7314364309999999,0.297468354,5.071330000000001,2017-10-16,1
2017-10-16 14:30:00,-0.638307315,-0.432914739,-0.568027116,-0.094252874,0.7165116709999999,0.287974684,3.853,2017-10-16,1
2017-10-16 14:45:00,-0.637498644,-0.43688037,-0.57041647,-0.090073145,0.701278972,0.278481013,3.71267,2017-10-16,1
2017-10-16 15:00:00,-0.636828039,-0.440846001,-0.5725835579999999,-0.085475444,0.68612839,0.268987342,3.657,2017-10-16,1
2017-10-16 15:15:00,-0.636315224,-0.444811633,-0.574583947,-0.080877743,0.671367864,0.26028481,3.5093300000000003,2017-10-16,1
2017-10-16 15:30:00,-0.635940474,-0.448777264,-0.576417637,-0.076698015,0.657407978,0.251582278,4.134,2017-10-16,1
2017-10-16 15:45:00,-0.635743237,-0.452742895,-0.577973495,-0.072518286,0.644618259,0.244462025,2.03667,2017-10-16,1
2017-10-16 16:00:00,-0.635940474,-0.458030403,-0.579307087,-0.068756531,0.633306645,0.238132911,1.891,2017-10-16,1
2017-10-16 16:15:00,-0.644007456,-0.463317911,-0.580418415,-0.065830721,0.623904252,0.232594937,1.61533,2017-10-16,1
2017-10-16 16:30:00,-0.662271575,-0.469927297,-0.581196344,-0.063322884,0.616719016,0.228639241,1.351,2017-10-16,1
2017-10-16 16:45:00,-0.6889379790000001,-0.476536682,-0.5816964410000001,-0.0620689659999999,0.612140995,0.2254746839999999,1.20767,2017-10-16,1
2017-10-16 17:00:00,-0.722270984,-0.484467944,-0.58186314,-0.06123302,0.610539714,0.2246835439999999,0.791667,2017-10-16,1
2017-10-16 17:15:00,-0.760534906,-0.496364838,-0.581029645,-0.061650993,0.612592638,0.2254746839999999,0.512333,2017-10-16,1
2017-10-16 17:30:00,-0.801954616,-0.517514871,-0.5785291579999999,-0.062486938,0.618443473,0.226265823,0.236,2017-10-16,1
2017-10-16 17:45:00,-0.844814154,-0.545274289,-0.5744172479999999,-0.06415883,0.627558457,0.228639241,0.0,2017-10-16,1
2017-10-16 18:00:00,-0.8873383890000001,-0.576999339,-0.568805045,-0.065830721,0.639465418,0.231012658,0.0,2017-10-16,1
2017-10-24 08:00:00,-0.97668662,-0.75677462,-0.542577723,-0.206269592,0.8686744270000001,0.033227848,0.0,2017-10-24,1
2017-10-24 08:15:00,-0.950394967,-0.7713152679999999,-0.542355458,-0.205433647,0.8640348179999999,0.04193038,0.0,2017-10-24,1
2017-10-24 08:30:00,-0.918146764,-0.7898215470000001,-0.541633095,-0.2020898639999999,0.851039806,0.0506329109999999,0.0,2017-10-24,1
2017-10-24 08:45:00,-0.882762497,-0.81097158,-0.540521768,-0.197492163,0.8311469690000001,0.060126582,0.0,2017-10-24,1
2017-10-24 09:00:00,-0.8470823759999999,-0.83344349,-0.53896591,-0.190804598,0.805813882,0.070411392,0.149333,2017-10-24,1
2017-10-24 09:15:00,-0.813966332,-0.8572372770000001,-0.536909955,-0.18369906,0.776498122,0.080696203,0.339667,2017-10-24,1
2017-10-24 09:30:00,-0.78623485,-0.882352941,-0.534465035,-0.175339603,0.7446162059999999,0.090189873,0.688333,2017-10-24,1
2017-10-24 09:45:00,-0.761442195,-0.904824851,-0.5315755839999999,-0.166562173,0.7116257109999999,0.099683544,0.830333,2017-10-24,1
2017-10-24 10:00:00,-0.7356239090000001,-0.925974884,-0.528297169,-0.157784744,0.678984213,0.1075949369999999,0.8759999999999999,2017-10-24,1
2017-10-24 10:15:00,-0.7092336370000001,-0.943159286,-0.524574223,-0.149007315,0.648128759,0.11471519,1.15767,2017-10-24,1
2017-10-24 10:30:00,-0.682803917,-0.957699934,-0.520462312,-0.140647858,0.620496397,0.120253165,1.1156700000000002,2017-10-24,1
2017-10-24 10:45:00,-0.656788395,-0.966953073,-0.515905871,-0.132706374,0.597544702,0.123417722,0.969333,2017-10-24,1
2017-10-24 11:00:00,-0.6317196079999999,-0.969596827,-0.510960465,-0.126018809,0.580731252,0.125,1.369,2017-10-24,1
2017-10-24 11:15:00,-0.608070926,-0.966953073,-0.482454922,-0.120585162,0.568639527,0.123417722,0.985333,2017-10-24,1
2017-10-24 11:30:00,-0.5863157170000001,-0.956378057,-0.412774706,-0.114733542,0.5585801970000001,0.121044304,0.863333,2017-10-24,1
2017-10-24 11:45:00,-0.566986519,-0.940515532,-0.310254772,-0.109717868,0.550122149,0.117879747,0.623,2017-10-24,1
2017-10-24 12:00:00,-0.550576424,-0.920687376,-0.183174506,-0.104702194,0.5427932089999999,0.113132911,0.504333,2017-10-24,1
2017-10-24 12:15:00,-0.537539078,-0.8955717120000001,-0.039868863,-0.09968652,0.536141734,0.1075949369999999,0.462,2017-10-24,1
2017-10-24 12:30:00,-0.528407018,-0.870456048,0.111327203,-0.094670846,0.529716081,0.1020569619999999,0.769667,2017-10-24,1
2017-10-24 12:45:00,-0.521503733,-0.841374752,0.262078738,-0.0896551719999999,0.523085135,0.095727848,1.21533,2017-10-24,1
2017-10-24 13:00:00,-0.514896303,-0.8136153340000001,0.404106354,-0.0842215259999999,0.515756195,0.090981013,1.42567,2017-10-24,1
2017-10-24 13:15:00,-0.508604452,-0.785855915,0.529075098,-0.079205852,0.507318675,0.086234177,2.08,2017-10-24,1
2017-10-24 13:30:00,-0.502667627,-0.759418374,0.6285944489999999,-0.073354232,0.497279875,0.082278481,2.294,2017-10-24,1
2017-10-24 13:45:00,-0.497125275,-0.735624587,0.6944405859999999,-0.067502612,0.485229209,0.079905063,2.915,2017-10-24,1
2017-10-24 14:00:00,-0.4920365679999999,-0.7157964309999999,0.718222988,-0.060815047,0.470673975,0.079113924,1.109,2017-10-24,1
2017-10-24 14:15:00,-0.487401505,-0.6986120290000001,0.716833829,-0.0532915359999999,0.442815791,0.079113924,1.876,2017-10-24,1
2017-10-24 14:30:00,-0.483298981,-0.682749504,0.71299975,-0.044096134,0.394140954,0.079905063,2.57433,2017-10-24,1
2017-10-24 14:45:00,-0.479728997,-0.668208857,0.707276415,-0.033646813,0.329042721,0.080696203,1.54133,2017-10-24,1
2017-10-24 15:00:00,-0.476770446,-0.654990086,0.699997222,-0.0227795189999999,0.251996469,0.082278481,0.811333,2017-10-24,1
2017-10-24 15:15:00,-0.474423329,-0.641771315,0.6918289670000001,-0.01107628,0.167415984,0.083860759,0.964333,2017-10-24,1
2017-10-24 15:30:00,-0.472746817,-0.628552545,0.6831050479999999,0.0002089859999999,0.079715054,0.086234177,1.33833,2017-10-24,1
2017-10-24 15:45:00,-0.471780357,-0.615333774,0.67438113,0.01107628,-0.006651475,0.088607595,1.2653299999999998,2017-10-24,1
2017-10-24 16:00:00,-0.471819805,-0.600793126,0.666212875,0.020689655,-0.087249287,0.090981013,1.11533,2017-10-24,1
2017-10-24 16:15:00,-0.48168164,-0.584930601,0.658933682,0.029049112,-0.157644064,0.09414557,1.04433,2017-10-24,1
2017-10-24 16:30:00,-0.5044427570000001,-0.5677462,0.65315478,0.035736677,-0.21342202,0.097310127,0.998,2017-10-24,1
2017-10-24 16:45:00,-0.538604156,-0.549239921,0.6493762679999999,0.039916405,-0.250148837,0.101265823,0.852,2017-10-24,1
2017-10-24 17:00:00,-0.58262739,-0.528089888,0.647987109,0.041588297,-0.26336967,0.105221519,0.67,2017-10-24,1
2017-10-24 17:15:00,-0.635033185,-0.497686715,0.648653905,0.038662487,-0.258524769,0.110759494,0.667667,2017-10-24,1
2017-10-24 17:30:00,-0.6942830940000001,-0.458030403,0.650543161,0.0307210029999999,-0.244975468,0.120253165,0.443667,2017-10-24,1
2017-10-24 17:45:00,-0.7588978409999999,-0.409120952,0.653377046,0.019017764,-0.224240931,0.132911392,0.191,2017-10-24,1
2017-10-24 18:00:00,-0.8273389809999999,-0.353602115,0.656988859,0.003970742,-0.197881382,0.147943038,0.186,2017-10-24,1
2017-12-29 08:00:00,-1.0,-0.389292796,0.703108938,-0.55862069,0.124920449,0.493670886,0.0,2017-12-29,1
2017-12-29 08:15:00,-1.0,-0.386649042,0.70216431,-0.555276907,0.11783786,0.5031645570000001,0.0,2017-12-29,1
2017-12-29 08:30:00,-1.0,-0.380039656,0.6994971240000001,-0.551097179,0.09800661,0.513449367,0.0,2017-12-29,1
2017-12-29 08:45:00,-1.0,-0.370786517,0.69544078,-0.5456635320000001,0.0676028,0.524525316,0.0,2017-12-29,1
2017-12-29 09:00:00,-0.950335796,-0.357567746,0.690273109,-0.539393939,0.028740941,0.536392405,0.0,2017-12-29,1
2017-12-29 09:15:00,-0.911105413,-0.341705221,0.684216375,-0.532288401,-0.016443924,0.548259494,0.0,2017-12-29,1
2017-12-29 09:30:00,-0.874695516,-0.32452082,0.677603979,-0.52476489,-0.065796227,0.5593354429999999,0.109667,2017-12-29,1
2017-12-29 09:45:00,-0.8396859990000001,-0.304692664,0.67071375,-0.517241379,-0.117180924,0.569620253,0.1969999999999999,2017-12-29,1
2017-12-29 10:00:00,-0.7993313679999999,-0.282220753,0.663767955,-0.509299896,-0.168442446,0.578322785,0.419667,2017-12-29,1
2017-12-29 10:15:00,-0.755248962,-0.259748843,0.6571555579999999,-0.501358412,-0.217466281,0.586234177,0.390667,2017-12-29,1
2017-12-29 10:30:00,-0.7090364,-0.237276933,0.651043258,-0.493834901,-0.262096857,0.592563291,0.678333,2017-12-29,1
2017-12-29 10:45:00,-0.662271575,-0.213483146,0.6457644539999999,-0.4867293629999999,-0.3001786039999999,0.5965189870000001,0.885,2017-12-29,1
2017-12-29 11:00:00,-0.616571829,-0.1896893589999999,0.6415969770000001,-0.48045977,-0.329597011,0.5973101270000001,1.05933,2017-12-29,1
2017-12-29 11:15:00,-0.573515054,-0.160608063,0.63804073,-0.473772205,-0.353164583,0.5965189870000001,1.107,2017-12-29,1
2017-12-29 11:30:00,-0.534718593,-0.120951751,0.63437335,-0.467502612,-0.375254049,0.59414557,1.34333,2017-12-29,1
2017-12-29 11:45:00,-0.501760338,-0.074686054,0.630705971,-0.460815047,-0.396009115,0.5909810129999999,1.6276700000000002,2017-12-29,1
2017-12-29 12:00:00,-0.476237907,-0.023132849,0.627094157,-0.454545455,-0.415552955,0.586234177,1.736,2017-12-29,1
2017-12-29 12:15:00,-0.459768641,-0.6386107600394471,0.623649043,-0.447857889,-0.434029275,0.5814873420000001,2.13133,2017-12-29,1
2017-12-29 12:30:00,-0.453910711,-0.6386107600394471,0.620426194,-0.441588297,-0.451581778,0.575949367,2.41967,2017-12-29,1
2017-12-29 12:45:00,-0.454344632,-0.6386107600394471,0.617425611,-0.435318704,-0.468333641,0.570411392,2.958,2017-12-29,1
2017-12-29 13:00:00,-0.45562667,-0.6386107600394471,0.614869558,-0.429467085,-0.4844490979999999,0.5656645570000001,3.262,2017-12-29,1
2017-12-29 13:15:00,-0.457776551,-0.6386107600394471,0.61270247,-0.424033438,-0.500030794,0.560917722,3.24,2017-12-29,1
2017-12-29 13:30:00,-0.460735101,-0.6386107600394471,0.611091045,-0.418599791,-0.515222434,0.556962025,3.3633300000000004,2017-12-29,1
2017-12-29 13:45:00,-0.464502322,-0.6386107600394471,0.610035285,-0.41400209,-0.5301882529999999,0.554588608,3.15967,2017-12-29,1
2017-12-29 14:00:00,-0.469078214,-0.6386107600394471,0.609701886,-0.409822362,-0.5450308970000001,0.553797468,3.17333,2017-12-29,1
2017-12-29 14:15:00,-0.4744430529999999,-0.6386107600394471,0.610313116,-0.405642633,-0.560509946,0.553797468,2.86567,2017-12-29,1
2017-12-29 14:30:00,-0.4805968379999999,-0.6386107600394471,0.611980107,-0.401462905,-0.576912812,0.553797468,2.76767,2017-12-29,1
2017-12-29 14:45:00,-0.4875001229999999,-0.6386107600394471,0.614480593,-0.397283177,-0.593828909,0.554588608,3.25867,2017-12-29,1
2017-12-29 15:00:00,-0.4951529079999999,-0.6386107600394471,0.617647876,-0.393521421,-0.610806594,0.554588608,3.42533,2017-12-29,1
2017-12-29 15:15:00,-0.5035354679999999,-0.6386107600394471,0.6212041229999999,-0.389341693,-0.627435282,0.554588608,3.3956699999999995,2017-12-29,1
2017-12-29 15:30:00,-0.512628081,-0.6386107600394471,0.625038202,-0.38599791,-0.643242799,0.554588608,2.765,2017-12-29,1
2017-12-29 15:45:00,-0.522450469,-0.6386107600394471,0.6288167139999999,-0.382654127,-0.657818563,0.555379747,1.97067,2017-12-29,1
2017-12-29 16:00:00,-0.533535172,-0.6386107600394471,0.6324285279999999,-0.3797283179999999,-0.670731457,0.555379747,1.99533,2017-12-29,1
2017-12-29 16:15:00,-0.563850455,-0.6386107600394471,0.63559581,-0.377220481,-0.6815298390000001,0.556170886,1.52367,2017-12-29,1
2017-12-29 16:30:00,-0.616433763,-0.6386107600394471,0.638096297,-0.375548589,-0.689782595,0.556170886,1.86467,2017-12-29,1
2017-12-29 16:45:00,-0.684026785,-0.6386107600394471,0.6397632870000001,-0.374294671,-0.695058611,0.556962025,1.98233,2017-12-29,1
2017-12-29 17:00:00,-0.7593514859999999,-0.6386107600394471,0.640374517,-0.3738766979999999,-0.6969062429999999,0.556962025,1.85067,2017-12-29,1
2017-12-29 17:15:00,-0.835169278,-0.6386107600394471,0.638262996,-0.376384535,-0.694606968,0.560126582,1.4953299999999998,2017-12-29,1
2017-12-29 17:30:00,-0.904202128,-0.6386107600394471,0.6324840939999999,-0.383908046,-0.688222373,0.566455696,1.199,2017-12-29,1
2017-12-29 17:45:00,-0.959231171,0.015201586,0.623704609,-0.395611285,-0.67851204,0.575949367,0.640667,2017-12-29,1
2017-12-29 18:00:00,-1.0,-0.0138797089999999,0.612758036,-0.410658307,-0.666215023,0.588607595,0.287,2017-12-29,1
2018-01-03 08:00:00,-1.0,-0.61269002,-0.407607035,-0.67816092,0.50610745,-0.186708861,0.0,2018-01-03,1
2018-01-03 08:15:00,-1.0,-0.61269002,-0.405940044,-0.676489028,0.49116216,-0.183544304,0.0,2018-01-03,1
2018-01-03 08:30:00,-1.0,-0.61269002,-0.404328619,-0.673981191,0.4739791829999999,-0.1803797469999999,0.0,2018-01-03,1
2018-01-03 08:45:00,-0.974773424,-0.61269002,-0.4028283279999999,-0.66938349,0.454886987,-0.17721519,0.0,2018-01-03,1
2018-01-03 09:00:00,-0.922683208,-0.614011897,-0.401383602,-0.6639498429999999,0.434255096,-0.174841772,0.0,2018-01-03,1
2018-01-03 09:15:00,-0.859271605,-0.614011897,-0.40005001,-0.6572622779999999,0.412391452,-0.171677215,0.0,2018-01-03,1
2018-01-03 09:30:00,-0.800455617,-0.614011897,-0.39882755,-0.649738767,0.389686108,-0.169303797,0.0,2018-01-03,1
2018-01-03 09:45:00,-0.74422343,-0.615333774,-0.397716223,-0.6417972829999999,0.3664470039999999,-0.166139241,0.0,2018-01-03,1
2018-01-03 10:00:00,-0.679608682,-0.615333774,-0.396827161,-0.6330198539999999,0.343064195,-0.164556962,0.026333,2018-01-03,1
2018-01-03 10:15:00,-0.609155728,-0.616655651,-0.396049232,-0.624242424,0.31984562,-0.162974684,0.0846669999999999,2018-01-03,1
2018-01-03 10:30:00,-0.535389197,-0.616655651,-0.3954935679999999,-0.615464995,0.297160806,-0.161392405,0.1143329999999999,2018-01-03,1
2018-01-03 10:45:00,-0.46083372,-0.6179775279999999,-0.39516017,-0.607105538,0.2753587489999999,-0.160601266,0.122,2018-01-03,1
2018-01-03 11:00:00,-0.388013925,-0.619299405,-0.395049037,-0.598746082,0.254767917,-0.159810127,0.133667,2018-01-03,1
2018-01-03 11:15:00,-0.319474167,-0.621943159,-0.395882533,-0.589968652,0.233622796,-0.163765823,0.211,2018-01-03,1
2018-01-03 11:30:00,-0.257719352,-0.631196299,-0.39821632,-0.579519331,0.210404221,-0.174050633,0.693333,2018-01-03,1
2018-01-03 11:45:00,-0.205293833,-0.643093192,-0.401939266,-0.568234065,0.185871774,-0.189873418,1.008,2018-01-03,1
2018-01-03 12:00:00,-0.164702518,-0.65763384,-0.406829106,-0.55569488,0.16074398,-0.2096518989999999,1.173,2018-01-03,1
2018-01-03 12:15:00,-0.138509482,-0.6748182420000001,-0.41271914,-0.543155695,0.135780419,-0.232594937,0.651667,2018-01-03,1
2018-01-03 12:30:00,-0.129219633,-0.6920026440000001,-0.419387103,-0.53061651,0.111740675,-0.257120253,0.970667,2018-01-03,1
2018-01-03 12:45:00,-0.130146645,-0.710508923,-0.426721863,-0.5189132710000001,0.089343269,-0.28164557,1.168,2018-01-03,1
2018-01-03 13:00:00,-0.132907959,-0.726371447,-0.434445587,-0.507628004,0.069347786,-0.306170886,0.884,2018-01-03,1
2018-01-03 13:15:00,-0.13742468,-0.740912095,-0.442447142,-0.498014629,0.052493277,-0.327531646,1.43133,2018-01-03,1
2018-01-03 13:30:00,-0.143677084,-0.752808989,-0.450559831,-0.490073145,0.039539324,-0.346518987,1.7280000000000002,2018-01-03,1
2018-01-03 13:45:00,-0.151566553,-0.760740251,-0.458505821,-0.4846394979999999,0.031204451,-0.3607594939999999,1.547,2018-01-03,1
2018-01-03 14:00:00,-0.161093086,-0.763384005,-0.466173978,-0.481713689,0.028268769,-0.368670886,1.197,2018-01-03,1
2018-01-03 14:15:00,-0.172138342,-0.762062128,-0.47484233,-0.480041797,0.028617766,-0.373417722,2.22233,2018-01-03,1
2018-01-03 14:30:00,-0.184682597,-0.760740251,-0.485566638,-0.4787878789999999,0.029685287,-0.378164557,1.505,2018-01-03,1
2018-01-03 14:45:00,-0.198686403,-0.758096497,-0.497735671,-0.477115987,0.031368685,-0.3821202529999999,1.34567,2018-01-03,1
2018-01-03 15:00:00,-0.214051143,-0.755452743,-0.5109048979999999,-0.476280042,0.033688489,-0.386075949,2.012,2018-01-03,1
2018-01-03 15:15:00,-0.230737369,-0.7514871120000001,-0.52446309,-0.4750261229999999,0.0365625829999999,-0.390031646,2.45667,2018-01-03,1
2018-01-03 15:30:00,-0.2487056339999999,-0.7475214809999999,-0.537965716,-0.4741901779999999,0.039970438,-0.3931962029999999,3.13133,2018-01-03,1
2018-01-03 15:45:00,-0.267896766,-0.743555849,-0.550857111,-0.473354232,0.043870994,-0.396360759,3.07033,2018-01-03,1
2018-01-03 16:00:00,-0.289060266,-0.739590218,-0.562581613,-0.472518286,0.048202665,-0.398734177,2.94133,2018-01-03,1
2018-01-03 16:15:00,-0.336633761,-0.7369464640000001,-0.5726391239999999,-0.472100313,0.052965449,-0.400316456,3.33767,2018-01-03,1
2018-01-03 16:30:00,-0.4149170129999999,-0.73430271,-0.580473981,-0.471682341,0.05809776,-0.401898734,3.4196699999999995,2018-01-03,1
2018-01-03 16:45:00,-0.5140876320000001,-0.731658956,-0.58553052,-0.471264368,0.063558539,-0.402689873,3.076,2018-01-03,1
2018-01-03 17:00:00,-0.624362679,-0.731658956,-0.58736421,-0.471264368,0.069306727,-0.4034810129999999,2.402,2018-01-03,1
2018-01-03 17:15:00,-0.735978935,-0.73430271,-0.578751424,-0.473354232,0.078934943,-0.401898734,1.47067,2018-01-03,1
2018-01-03 17:30:00,-0.839133736,-0.7422339720000001,-0.554580057,-0.4787878789999999,0.095173575,-0.3979430379999999,0.726667,2018-01-03,1
2018-01-03 17:45:00,-0.924024418,-0.752808989,-0.517183897,-0.487147335,0.116667693,-0.391613924,0.439667,2018-01-03,1
2018-01-03 18:00:00,-1.0,-0.7660277590000001,-0.468952296,-0.498014629,0.142021309,-0.383702532,0.1689999999999999,2018-01-03,1
2018-02-18 08:00:00,-1.0,-0.5888962329999999,-0.465451616,-0.578265413,0.508160374,-0.257911392,0.0,2018-02-18,1
2018-02-18 08:15:00,-1.0,-0.587574356,-0.466340677,-0.577011494,0.504465111,-0.2563291139999999,0.0,2018-02-18,1
2018-02-18 08:30:00,-0.964142365,-0.58096497,-0.468841164,-0.573667712,0.494138901,-0.254746835,0.017667,2018-02-18,1
2018-02-18 08:45:00,-0.920217749,-0.570389954,-0.472675242,-0.568234065,0.478290325,-0.253164557,0.1693329999999999,2018-02-18,1
2018-02-18 09:00:00,-0.86869952,-0.55849306,-0.477676215,-0.561546499,0.4580690189999999,-0.251582278,0.301667,2018-02-18,1
2018-02-18 09:15:00,-0.8171615659999999,-0.543952412,-0.483566249,-0.553605016,0.434583564,-0.25,0.8059999999999999,2018-02-18,1
2018-02-18 09:30:00,-0.773118608,-0.529411765,-0.4901230789999999,-0.544409613,0.408963068,-0.2484177219999999,1.344,2018-02-18,1
2018-02-18 09:45:00,-0.732961213,-0.514871117,-0.497180007,-0.534796238,0.382336639,-0.246835443,1.58733,2018-02-18,1
2018-02-18 10:00:00,-0.6889379790000001,-0.500330469,-0.504403634,-0.5251828629999999,0.355833385,-0.245253165,2.0780000000000003,2018-02-18,1
2018-02-18 10:15:00,-0.642469009,-0.488433576,-0.511627261,-0.515151515,0.330561885,-0.243670886,2.11267,2018-02-18,1
2018-02-18 10:30:00,-0.594915238,-0.479180436,-0.518573056,-0.505956113,0.307671778,-0.2428797469999999,2.01467,2018-02-18,1
2018-02-18 10:45:00,-0.547736216,-0.472571051,-0.52507432,-0.4971786829999999,0.288251114,-0.242088608,2.23467,2018-02-18,1
2018-02-18 11:00:00,-0.502292877,-0.469927297,-0.530853221,-0.4892372,0.273470058,-0.242088608,2.255,2018-02-18,1
2018-02-18 11:15:00,-0.459985602,-0.473892928,-0.5365765570000001,-0.482131661,0.261871035,-0.244462025,2.36267,2018-02-18,1
2018-02-18 11:30:00,-0.422234495,-0.484467944,-0.5429666879999999,-0.4750261229999999,0.25115477,-0.250791139,2.32467,2018-02-18,1
2018-02-18 11:45:00,-0.390439936,-0.501652346,-0.549745784,-0.467502612,0.241239145,-0.259493671,2.325,2018-02-18,1
2018-02-18 12:00:00,-0.365982584,-0.5214805020000001,-0.556691579,-0.459979101,0.231980456,-0.271360759,2.39567,2018-02-18,1
2018-02-18 12:15:00,-0.350282542,-0.545274289,-0.563637374,-0.452873563,0.223296586,-0.2848101269999999,2.4530000000000003,2018-02-18,1
2018-02-18 12:30:00,-0.34474019,-0.570389954,-0.570360904,-0.445350052,0.21504383,-0.2982594939999999,2.88733,2018-02-18,1
2018-02-18 12:45:00,-0.3451346629999999,-0.595505618,-0.576639902,-0.438244514,0.207119542,-0.3125,3.034,2018-02-18,1
2018-02-18 13:00:00,-0.3462589129999999,-0.619299405,-0.582252105,-0.4315569489999999,0.199400546,-0.325158228,3.201,2018-02-18,1
2018-02-18 13:15:00,-0.348152385,-0.640449438,-0.5870308120000001,-0.425287356,0.191784197,-0.337025316,4.18633,2018-02-18,1
2018-02-18 13:30:00,-0.35075591,-0.6563119629999999,-0.590642625,-0.4190177639999999,0.184167847,-0.346518987,4.86833,2018-02-18,1
2018-02-18 13:45:00,-0.354069486,-0.66688698,-0.593031978,-0.413584117,0.176407793,-0.352056962,4.33633,2018-02-18,1
2018-02-18 14:00:00,-0.358093115,-0.670852611,-0.593865474,-0.4085684429999999,0.168401388,-0.35443038,4.393669999999999,2018-02-18,1
2018-02-18 14:15:00,-0.362787349,-0.669530734,-0.569860806,-0.403552769,0.160661863,-0.35443038,3.85533,2018-02-18,1
2018-02-18 14:30:00,-0.368152188,-0.662921348,-0.503514572,-0.398537095,0.153599803,-0.35443038,4.06933,2018-02-18,1
2018-02-18 14:45:00,-0.374167908,-0.652346332,-0.403161726,-0.393521421,0.147050974,-0.353639241,4.601,2018-02-18,1
2018-02-18 15:00:00,-0.380834509,-0.637805684,-0.277137221,-0.38892372,0.140769025,-0.352848101,5.231330000000001,2018-02-18,1
2018-02-18 15:15:00,-0.388112543,-0.620621282,-0.133942711,-0.383908046,0.134589723,-0.352056962,5.6483300000000005,2018-02-18,1
2018-02-18 15:30:00,-0.396002012,-0.600793126,0.018142417,-0.3797283179999999,0.128287245,-0.350474684,5.42467,2018-02-18,1
2018-02-18 15:45:00,-0.404463467,-0.578321216,0.170672075,-0.375548589,0.121656299,-0.348892405,7.23733,2018-02-18,1
2018-02-18 16:00:00,-0.413812487,-0.555849306,0.315311311,-0.371786834,0.114512123,-0.347310127,5.381,2018-02-18,1
2018-02-18 16:15:00,-0.433003619,-0.5307336420000001,0.443669602,-0.368861024,0.106649422,-0.3457278479999999,4.59267,2018-02-18,1
2018-02-18 16:30:00,-0.464660112,-0.5042960999999999,0.54735643,-0.36677116,0.097862906,-0.34335443,4.24267,2018-02-18,1
2018-02-18 16:45:00,-0.506533466,-0.4778585589999999,0.61803684,-0.365517241,0.087926752,-0.341772152,4.015,2018-02-18,1
2018-02-18 17:00:00,-0.55635546,-0.452742895,0.64720918,-0.364681296,0.076676726,-0.339398734,3.866330000000001,2018-02-18,1
2018-02-18 17:15:00,-0.611897319,-0.419695968,0.652710249,-0.365935214,0.0600685679999999,-0.334651899,3.305,2018-02-18,1
2018-02-18 17:30:00,-0.6708710960000001,-0.376074025,0.657766788,-0.368443051,0.035371887,-0.325158228,2.68267,2018-02-18,1
2018-02-18 17:45:00,-0.731048017,-0.32452082,0.662378796,-0.372204807,0.004434317,-0.3125,2.23933,2018-02-18,1
2018-02-18 18:00:00,-0.7901795840000001,-0.267680106,0.666546273,-0.377220481,-0.030937571,-0.296677215,1.46633,2018-02-18,1
2018-04-13 08:00:00,-0.804814548,-0.53602115,-0.530186425,-0.342110763,0.815750036,0.20806962,0.408,2018-04-13,1
2018-04-13 08:15:00,-0.730061834,-0.53602115,-0.526130081,-0.341274817,0.81184948,0.215189873,0.322,2018-04-13,1
2018-04-13 08:30:00,-0.65031903,-0.538664904,-0.522073737,-0.338349007,0.804910595,0.223892405,0.937667,2018-04-13,1
2018-04-13 08:45:00,-0.568623584,-0.5413086579999999,-0.51790626,-0.334169279,0.7953234379999999,0.232594937,1.4926700000000002,2018-04-13,1
2018-04-13 09:00:00,-0.4879537679999999,-0.545274289,-0.513738783,-0.328735632,0.7834985940000001,0.241297468,1.081,2018-04-13,1
2018-04-13 09:15:00,-0.411287857,-0.549239921,-0.509460173,-0.32246604,0.769785059,0.25,1.16833,2018-04-13,1
2018-04-13 09:30:00,-0.341643574,-0.554527429,-0.505125997,-0.3149425289999999,0.7546344770000001,0.257911392,2.58967,2018-04-13,1
2018-04-13 09:45:00,-0.270500291,-0.55849306,-0.500736254,-0.307001045,0.738416374,0.265822785,2.672,2018-04-13,1
2018-04-13 10:00:00,-0.189337383,-0.562458691,-0.496290945,-0.299059561,0.7215413359999999,0.272943038,1.88667,2018-04-13,1
2018-04-13 10:15:00,-0.101251467,-0.566424323,-0.49179007,-0.2907001039999999,0.7043788879999999,0.279272152,1.84767,2018-04-13,1
2018-04-13 10:30:00,-0.009339158,-0.5690680770000001,-0.487233629,-0.282758621,0.687360145,0.283227848,1.902,2018-04-13,1
2018-04-13 10:45:00,0.083302926,-0.571711831,-0.482621621,-0.274817137,0.6708546320000001,0.286392405,1.795,2018-04-13,1
2018-04-13 11:00:00,0.173617617,-0.571711831,-0.477954047,-0.2677115989999999,0.655293466,0.287183544,1.92733,2018-04-13,1
2018-04-13 11:15:00,0.258488575,-0.571711831,-0.4743422329999999,-0.260188088,0.638685307,0.285601266,2.17633,2018-04-13,1
2018-04-13 11:30:00,0.334858631,-0.571711831,-0.470785986,-0.251828631,0.619346759,0.28164557,2.21933,2018-04-13,1
2018-04-13 11:45:00,0.399631167,-0.570389954,-0.467285305,-0.2426332289999999,0.598078463,0.274525316,2.89633,2018-04-13,1
2018-04-13 12:00:00,0.449709569,-0.5690680770000001,-0.463784625,-0.233019854,0.575681058,0.265822785,3.02,2018-04-13,1
2018-04-13 12:15:00,0.482036666,-0.566424323,-0.460283944,-0.223406479,0.552934655,0.2563291139999999,4.07,2018-04-13,1
2018-04-13 12:30:00,0.493496119,-0.565102445,-0.456894396,-0.213793103,0.530639897,0.245253165,4.58767,2018-04-13,1
2018-04-13 12:45:00,0.4901825429999999,-0.562458691,-0.453449282,-0.2050156739999999,0.5096179510000001,0.234177215,4.152,2018-04-13,1
2018-04-13 13:00:00,0.480616562,-0.5598149370000001,-0.4501153,-0.196656217,0.490607871,0.222310127,3.30833,2018-04-13,1
2018-04-13 13:15:00,0.465251822,-0.555849306,-0.446781319,-0.189968652,0.474451356,0.212025316,2.49133,2018-04-13,1
2018-04-13 13:30:00,0.444640585,-0.553205552,-0.4435029029999999,-0.184535005,0.461928517,0.202531646,3.96467,2018-04-13,1
2018-04-13 13:45:00,0.419216773,-0.549239921,-0.4402244879999999,-0.181191223,0.453819466,0.194620253,3.55267,2018-04-13,1
2018-04-13 14:00:00,0.389532648,-0.546596167,-0.437001639,-0.179937304,0.450945372,0.188291139,4.074669999999999,2018-04-13,1
2018-04-13 14:15:00,0.356081301,-0.5413086579999999,-0.438279665,-0.18077325,0.4514586029999999,0.183544304,4.84933,2018-04-13,1
2018-04-13 14:30:00,0.319316378,-0.533377396,-0.439557692,-0.182027168,0.452916179,0.178797468,4.2410000000000005,2018-04-13,1
2018-04-13 14:45:00,0.27979014,-0.522802379,-0.440724585,-0.184535005,0.455235984,0.174050633,3.88533,2018-04-13,1
2018-04-13 15:00:00,0.237956233,-0.510905486,-0.4418359129999999,-0.187878788,0.4583769579999999,0.169303797,3.793,2018-04-13,1
2018-04-13 15:15:00,0.194347196,-0.497686715,-0.44294724,-0.191640543,0.462236456,0.165348101,3.58233,2018-04-13,1
2018-04-13 15:30:00,0.14945612,-0.483146067,-0.443947434,-0.196238245,0.466752889,0.160601266,3.14867,2018-04-13,1
2018-04-13 15:45:00,0.103756373,-0.46860542,-0.444947629,-0.201253918,0.471844142,0.157436709,0.0,2018-04-13,1
2018-04-13 16:00:00,0.057386022,-0.454064772,-0.445892257,-0.206687565,0.477428096,0.154272152,2.7525,2018-04-13,1
2018-04-13 16:15:00,-0.000956598,-0.440846001,-0.446781319,-0.212121212,0.483443165,0.151107595,2.6106700000000003,2018-04-13,1
2018-04-13 16:30:00,-0.0740919709999999,-0.427627231,-0.44767038,-0.217972832,0.48980723,0.149525316,2.415,2018-04-13,1
2018-04-13 16:45:00,-0.158371219,-0.415730337,-0.448503876,-0.223824451,0.496438176,0.147943038,1.634,2018-04-13,1
2018-04-13 17:00:00,-0.250145462,-0.405155321,-0.449281805,-0.229676071,0.503274414,0.147943038,2.29767,2018-04-13,1
2018-04-13 17:15:00,-0.345765821,-0.395902181,-0.445669991,-0.2367816089999999,0.513005276,0.150316456,1.93633,2018-04-13,1
2018-04-13 17:30:00,-0.441622864,-0.386649042,-0.442113744,-0.2455590389999999,0.5276220979999999,0.15585443,1.4886700000000002,2018-04-13,1
2018-04-13 17:45:00,-0.5340677110000001,-0.377395902,-0.43866863,-0.2560083589999999,0.546057359,0.165348101,1.30267,2018-04-13,1
2018-04-13 18:00:00,-0.619451485,-0.366820886,-0.435279082,-0.267293626,0.567181951,0.178006329,1.34667,2018-04-13,1
2018-05-25 08:00:00,-0.573692567,-0.566424323,-0.577251132,0.159874608,0.4354047339999999,0.159018987,2.27167,2018-05-25,1
2018-05-25 08:15:00,-0.52020197,-0.561136814,-0.555524685,0.165308255,0.422183901,0.162183544,2.45167,2018-05-25,1
2018-05-25 08:30:00,-0.468348438,-0.557171183,-0.5330758760000001,0.171159875,0.408593541,0.164556962,1.717,2018-05-25,1
2018-05-25 08:45:00,-0.418486997,-0.553205552,-0.510126969,0.177011494,0.39479789,0.167721519,2.34367,2018-05-25,1
2018-05-25 09:00:00,-0.371031844,-0.549239921,-0.486900231,0.18369906,0.380920121,0.170094937,3.238,2018-05-25,1
2018-05-25 09:15:00,-0.326397176,-0.546596167,-0.463673492,0.189968652,0.3671449979999999,0.172468354,3.608,2018-05-25,1
2018-05-25 09:30:00,-0.284918295,-0.542630535,-0.440613453,0.19707419,0.353616226,0.174841772,3.554,2018-05-25,1
2018-05-25 09:45:00,-0.243932506,-0.539986781,-0.41805351,0.203761755,0.340498039,0.176424051,3.694,2018-05-25,1
2018-05-25 10:00:00,-0.201092691,-0.53602115,-0.396160365,0.210449321,0.327913613,0.178797468,1.99767,2018-05-25,1
2018-05-25 10:15:00,-0.157444207,-0.533377396,-0.375100714,0.217554859,0.316068239,0.179588608,1.41667,2018-05-25,1
2018-05-25 10:30:00,-0.1140126819999999,-0.529411765,-0.354985692,0.223824451,0.305064564,0.181170886,1.2453299999999998,2018-05-25,1
2018-05-25 10:45:00,-0.071823749,-0.524124256,-0.33592643,0.230094044,0.2950873519999999,0.181170886,3.58667,2018-05-25,1
2018-05-25 11:00:00,-0.031942486,-0.518836748,-0.3179229289999999,0.236363636,0.286300836,0.181962025,3.31567,2018-05-25,1
2018-05-25 11:15:00,0.004644925,-0.5122273629999999,-0.33164782,0.242215256,0.278007021,0.179588608,2.902,2018-05-25,1
2018-05-25 11:30:00,0.036893127,-0.5029742229999999,-0.3450393129999999,0.248484848,0.269569502,0.174050633,2.40467,2018-05-25,1
2018-05-25 11:45:00,0.0637567679999999,-0.492399207,-0.358041841,0.2551724139999999,0.261152512,0.165348101,3.071,2018-05-25,1
2018-05-25 12:00:00,0.084229939,-0.4805023129999999,-0.370710972,0.2618599789999999,0.252920285,0.155063291,2.54533,2018-05-25,1
2018-05-25 12:15:00,0.097267285,-0.4672835429999999,-0.382991137,0.2685475439999999,0.245016526,0.142405063,3.048,2018-05-25,1
2018-05-25 12:30:00,0.101843177,-0.454064772,-0.394826772,0.274817137,0.237646527,0.129746835,2.232,2018-05-25,1
2018-05-25 12:45:00,0.098864903,-0.4421678779999999,-0.406273442,0.280668757,0.230953994,0.117088608,2.397,2018-05-25,1
2018-05-25 13:00:00,0.0902653819999999,-0.430270985,-0.417275581,0.286102403,0.225103159,0.10443038,1.05267,2018-05-25,1
2018-05-25 13:15:00,0.076596878,-0.421017845,-0.42783319,0.2907001039999999,0.220258258,0.09414557,0.803333,2018-05-25,1
2018-05-25 13:30:00,0.058332758,-0.4130865829999999,-0.437946267,0.29446186,0.216583523,0.085443038,2.0580000000000003,2018-05-25,1
2018-05-25 13:45:00,0.036025286,-0.407799075,-0.44767038,0.29738767,0.214263719,0.079905063,2.559,2018-05-25,1
2018-05-25 14:00:00,0.0102069999999999,-0.406477198,-0.456949962,0.299059561,0.213463078,0.077531646,4.352,2018-05-25,1
2018-05-25 14:15:00,-0.018648731,-0.4130865829999999,-0.460283944,0.299895507,0.2136889,0.077531646,4.0760000000000005,2018-05-25,1
2018-05-25 14:30:00,-0.0499699209999999,-0.431592862,-0.46400689,0.301149425,0.214366365,0.078322785,6.19533,2018-05-25,1
2018-05-25 14:45:00,-0.083263479,-0.45935228,-0.468118801,0.301985371,0.215495473,0.078322785,4.49367,2018-05-25,1
2018-05-25 15:00:00,-0.117996864,-0.493721084,-0.472730809,0.3024033439999999,0.2170146369999999,0.079113924,2.004,2018-05-25,1
2018-05-25 15:15:00,-0.153637538,-0.533377396,-0.47789848,0.3032392889999999,0.218923857,0.079905063,0.787667,2018-05-25,1
2018-05-25 15:30:00,-0.1896924089999999,-0.575677462,-0.483788514,0.303657262,0.221223132,0.080696203,0.871667,2018-05-25,1
2018-05-25 15:45:00,-0.2256289389999999,-0.616655651,-0.490512044,0.304493208,0.223891934,0.082278481,1.41533,2018-05-25,1
2018-05-25 16:00:00,-0.261131547,-0.6563119629999999,-0.498291334,0.304911181,0.2268892039999999,0.083860759,1.6880000000000002,2018-05-25,1
2018-05-25 16:15:00,-0.302275125,-0.6920026440000001,-0.507348651,0.305329154,0.230214941,0.085443038,1.821,2018-05-25,1
2018-05-25 16:30:00,-0.3506375679999999,-0.719762062,-0.5180173920000001,0.305329154,0.233828088,0.0870253159999999,2.06,2018-05-25,1
2018-05-25 16:45:00,-0.404384572,-0.7382683409999999,-0.530686522,0.305747126,0.237728644,0.088607595,0.687667,2018-05-25,1
2018-05-25 17:00:00,-0.461622666,-0.7448777259999999,-0.546022838,0.305747126,0.24191661,0.090981013,0.652,2018-05-25,1
2018-05-25 17:15:00,-0.520478102,-0.73430271,-0.545133776,0.302821317,0.249553489,0.095727848,1.95467,2018-05-25,1
2018-05-25 17:30:00,-0.579057406,-0.7038995370000001,-0.544522546,0.29446186,0.263225965,0.106012658,2.7030000000000003,2018-05-25,1
2018-05-25 17:45:00,-0.63548683,-0.658955717,-0.544022449,0.281922675,0.281969165,0.120253165,3.005,2018-05-25,1
2018-05-25 18:00:00,-0.687872901,-0.602115003,-0.543577918,0.266039707,0.304838743,0.137658228,2.47733,2018-05-25,1
2018-06-07 08:00:00,-0.8909478209999999,-0.562458691,-0.569582974,-0.0002089859999999,0.742357989,0.575949367,0.442,2018-06-07,1
2018-06-07 08:15:00,-0.8749716470000001,-0.561136814,-0.573139222,-0.0002089859999999,0.743630802,0.578322785,0.318333,2018-06-07,1
2018-06-07 08:30:00,-0.8585023820000001,-0.561136814,-0.576695469,-0.0002089859999999,0.7471618320000001,0.579905063,0.513,2018-06-07,1
2018-06-07 08:45:00,-0.841579472,-0.561136814,-0.580251716,0.0002089859999999,0.7524789059999999,0.5814873420000001,0.799667,2018-06-07,1
2018-06-07 09:00:00,-0.824202917,-0.5598149370000001,-0.5838079629999999,0.0002089859999999,0.75917144,0.583860759,0.949333,2018-06-07,1
2018-06-07 09:15:00,-0.806352995,-0.55849306,-0.58736421,0.0002089859999999,0.7667467309999999,0.585443038,1.09133,2018-06-07,1
2018-06-07 09:30:00,-0.788069151,-0.557171183,-0.59086489,0.000626959,0.774773665,0.586234177,1.3903299999999998,2018-06-07,1
2018-06-07 09:45:00,-0.767201507,-0.555849306,-0.594365571,0.000626959,0.7828005990000001,0.587816456,1.6176700000000002,2018-06-07,1
2018-06-07 10:00:00,-0.742349681,-0.554527429,-0.597810685,0.001044932,0.79037589,0.589398734,2.0980000000000003,2018-06-07,1
2018-06-07 10:15:00,-0.714637923,-0.553205552,-0.6012558000000001,0.001044932,0.797047895,0.5901898729999999,1.3230000000000002,2018-06-07,1
2018-06-07 10:30:00,-0.6851707579999999,-0.551883675,-0.604700914,0.001462905,0.8023649690000001,0.5901898729999999,0.964667,2018-06-07,1
2018-06-07 10:45:00,-0.655032988,-0.549239921,-0.608090462,0.001462905,0.8058959990000001,0.5909810129999999,2.30833,2018-06-07,1
2018-06-07 11:00:00,-0.625329139,-0.547918044,-0.61148001,0.0018808779999999,0.807168812,0.5909810129999999,2.23867,2018-06-07,1
2018-06-07 11:15:00,-0.59718346,-0.546596167,-0.5984774820000001,0.0027168229999999,0.80478742,0.5909810129999999,1.83233,2018-06-07,1
2018-06-07 11:30:00,-0.571680753,-0.545274289,-0.585308254,0.003970742,0.798115415,0.5901898729999999,3.63133,2018-06-07,1
2018-06-07 11:45:00,-0.549905819,-0.542630535,-0.572083461,0.006060606,0.787871323,0.588607595,4.433,2018-06-07,1
2018-06-07 12:00:00,-0.533002633,-0.5413086579999999,-0.558858667,0.008568443,0.774794194,0.586234177,4.10933,2018-06-07,1
2018-06-07 12:15:00,-0.522055996,-0.538664904,-0.545578307,0.011494253,0.759582025,0.583860759,3.11567,2018-06-07,1
2018-06-07 12:30:00,-0.5181507089999999,-0.53602115,-0.53240908,0.014838036,0.742994396,0.5814873420000001,4.18633,2018-06-07,1
2018-06-07 12:45:00,-0.518347945,-0.534699273,-0.519295419,0.017763845,0.725729301,0.578322785,3.88467,2018-06-07,1
2018-06-07 13:00:00,-0.518939655,-0.532055519,-0.5063484570000001,0.020689655,0.708505266,0.575949367,4.26767,2018-06-07,1
2018-06-07 13:15:00,-0.519886392,-0.5307336420000001,-0.49362376,0.023615465,0.692081871,0.57278481,4.04833,2018-06-07,1
2018-06-07 13:30:00,-0.521227601,-0.529411765,-0.481065763,0.026123302,0.677136581,0.569620253,3.06733,2018-06-07,1
2018-06-07 13:45:00,-0.522904113,-0.528089888,-0.468785597,0.028213166,0.66440845,0.566455696,3.307,2018-06-07,1
2018-06-07 14:00:00,-0.524955375,-0.528089888,-0.456783263,0.029467085,0.65463653,0.5632911389999999,3.59667,2018-06-07,1
2018-06-07 14:15:00,-0.527341939,-0.528089888,-0.452226822,0.03030303,0.64648642,0.560126582,3.91167,2018-06-07,1
2018-06-07 14:30:00,-0.530063806,-0.528089888,-0.44767038,0.031138976,0.638213135,0.556170886,3.484,2018-06-07,1
2018-06-07 14:45:00,-0.5331406989999999,-0.528089888,-0.443113939,0.031974922,0.629980908,0.551424051,3.05333,2018-06-07,1
2018-06-07 15:00:00,-0.536513447,-0.528089888,-0.438557497,0.032810867,0.621974503,0.546677215,2.786,2018-06-07,1
2018-06-07 15:15:00,-0.540221497,-0.528089888,-0.434001056,0.033646813,0.614317095,0.54193038,2.23333,2018-06-07,1
2018-06-07 15:30:00,-0.544225402,-0.528089888,-0.429389048,0.034482759,0.607172918,0.537183544,1.822,2018-06-07,1
2018-06-07 15:45:00,-0.5485448860000001,-0.528089888,-0.424832606,0.034900731,0.6006856770000001,0.532436709,1.16633,2018-06-07,1
2018-06-07 16:00:00,-0.553298291,-0.528089888,-0.420276165,0.035318704,0.595040135,0.5284810129999999,1.48,2018-06-07,1
2018-06-07 16:15:00,-0.563081232,-0.528089888,-0.415664157,0.035736677,0.590379996,0.525316456,1.95233,2018-06-07,1
2018-06-07 16:30:00,-0.579254642,-0.528089888,-0.411107715,0.03615465,0.586869496,0.522151899,1.72,2018-06-07,1
2018-06-07 16:45:00,-0.600615379,-0.528089888,-0.4065512739999999,0.036572623,0.5846318079999999,0.52056962,1.50233,2018-06-07,1
2018-06-07 17:00:00,-0.625999744,-0.529411765,-0.401994832,0.036572623,0.5838516970000001,0.519778481,1.891,2018-06-07,1
2018-06-07 17:15:00,-0.654224317,-0.529411765,-0.397549524,0.035736677,0.58430334,0.52056962,1.47333,2018-06-07,1
2018-06-07 17:30:00,-0.684125403,-0.529411765,-0.393104215,0.034064786,0.585617212,0.522943038,1.39867,2018-06-07,1
2018-06-07 17:45:00,-0.7145393040000001,-0.5307336420000001,-0.38860334,0.031556949,0.587711195,0.526898734,1.518,2018-06-07,1
2018-06-07 18:00:00,-0.744262877,-0.5307336420000001,-0.3840468979999999,0.027795193,0.59054423,0.53085443,1.19167,2018-06-07,1
2018-06-15 08:00:00,-0.633672252,-0.424983477,0.672325174,0.21630094,0.372626306,-0.079113924,2.28667,2018-06-15,1
2018-06-15 08:15:00,-0.5838699820000001,-0.431592862,0.6754368909999999,0.222988506,0.355545975,-0.079113924,3.4363300000000003,2018-06-15,1
2018-06-15 08:30:00,-0.53400854,-0.4514210179999999,0.6789931379999999,0.233437827,0.329494365,-0.079113924,2.70067,2018-06-15,1
2018-06-15 08:45:00,-0.484285165,-0.48182419,0.6829383490000001,0.2463949839999999,0.296154873,-0.079113924,2.508,2018-06-15,1
2018-06-15 09:00:00,-0.434936539,-0.520158625,0.687439224,0.2618599789999999,0.257210897,-0.079113924,3.87367,2018-06-15,1
2018-06-15 09:15:00,-0.386199347,-0.562458691,0.6926068959999999,0.2785788919999999,0.214366365,-0.079905063,5.2973300000000005,2018-06-15,1
2018-06-15 09:30:00,-0.338329997,-0.608724389,0.698608063,0.296969697,0.1693252039999999,-0.079905063,5.005330000000001,2018-06-15,1
2018-06-15 09:45:00,-0.287541543,-0.653668209,0.70566499,0.315360502,0.123791341,-0.080696203,5.0473300000000005,2018-06-15,1
2018-06-15 10:00:00,-0.2311910139999999,-0.697290152,0.7139999440000001,0.334169279,0.079427645,-0.081487342,5.348669999999999,2018-06-15,1
2018-06-15 10:15:00,-0.171191606,-0.73430271,0.7240018890000001,0.3517241379999999,0.037938043,-0.082278481,4.859,2018-06-15,1
2018-06-15 10:30:00,-0.1094170669999999,-0.764705882,0.736282055,0.368443051,0.001046991,-0.08306962,4.71367,2018-06-15,1
2018-06-15 10:45:00,-0.047800318,-0.784534038,0.75161837,0.383490073,-0.02958264,-0.083860759,5.08033,2018-06-15,1
2018-06-15 11:00:00,0.01176517,-0.7924653009999999,0.771177729,0.396029258,-0.052246926,-0.084651899,3.491,2018-06-15,1
2018-06-15 11:15:00,0.067385923,-0.7924653009999999,0.799905537,0.407314525,-0.07033319,-0.0870253159999999,2.02067,2018-06-15,1
2018-06-15 11:30:00,0.117148746,-0.7924653009999999,0.8353013090000001,0.4190177639999999,-0.088193632,-0.09335443,2.86267,2018-06-15,1
2018-06-15 11:45:00,0.15917989,-0.7924653009999999,0.8786430690000001,0.431138976,-0.105602431,-0.1020569619999999,5.2170000000000005,2018-06-15,1
2018-06-15 12:00:00,0.191546434,-0.7924653009999999,0.930764315,0.442842215,-0.122272177,-0.113132911,6.1,2018-06-15,1
2018-06-15 12:15:00,0.212354908,-0.7924653009999999,0.99099825,0.454545455,-0.137956519,-0.125791139,6.39133,2018-06-15,1
2018-06-15 12:30:00,0.219731561,-0.7924653009999999,-0.944155808,0.465412748,-0.152368048,-0.138449367,4.90567,2018-06-15,1
2018-06-15 12:45:00,0.217187207,-0.7924653009999999,-0.878865335,0.4750261229999999,-0.165301472,-0.152689873,4.88333,2018-06-15,1
2018-06-15 13:00:00,0.20979083,-0.7924653009999999,-0.818686967,0.483803553,-0.176448851,-0.165348101,6.12167,2018-06-15,1
2018-06-15 13:15:00,0.19791718,-0.7924653009999999,-0.766621287,0.491327064,-0.185584365,-0.178006329,5.989,2018-06-15,1
2018-06-15 13:30:00,0.181941006,-0.7924653009999999,-0.723335093,0.496760711,-0.192420603,-0.188291139,6.62633,2018-06-15,1
2018-06-15 13:45:00,0.162256782,-0.7924653009999999,-0.687994888,0.5001044929999999,-0.196711215,-0.196993671,7.532999999999999,2018-06-15,1
2018-06-15 14:00:00,0.139199811,-0.7924653009999999,-0.65926708,0.501358412,-0.198189321,-0.202531646,5.683669999999999,2018-06-15,1
2018-06-15 14:15:00,0.113184288,-0.7898215470000001,-0.618481371,0.501358412,-0.197635031,-0.207278481,5.401330000000001,2018-06-15,1
2018-06-15 14:30:00,0.0845455169999999,-0.7832121609999999,-0.574917345,0.500940439,-0.196013221,-0.211234177,5.768330000000001,2018-06-15,1
2018-06-15 14:45:00,0.053658248,-0.773959022,-0.530186425,0.49968652,-0.193364948,-0.215189873,6.255669999999999,2018-06-15,1
2018-06-15 15:00:00,0.020936677,-0.762062128,-0.485900036,0.498850575,-0.189772331,-0.21914557,5.494669999999999,2018-06-15,1
2018-06-15 15:15:00,-0.013303616,-0.748843358,-0.443780735,0.4971786829999999,-0.185255897,-0.222310127,4.377330000000001,2018-06-15,1
2018-06-15 15:30:00,-0.048628712,-0.735624587,-0.4048842829999999,0.495506792,-0.1799182939999999,-0.2254746839999999,5.287999999999999,2018-06-15,1
2018-06-15 15:45:00,-0.08472303,-0.721083939,-0.3699330429999999,0.493416928,-0.17375952,-0.228639241,5.347,2018-06-15,1
2018-06-15 16:00:00,-0.121547125,-0.7078651690000001,-0.3390937129999999,0.491327064,-0.166882224,-0.231012658,4.345330000000001,2018-06-15,1
2018-06-15 16:15:00,-0.1699490139999999,-0.695968275,-0.312088462,0.488819227,-0.159327462,-0.232594937,4.72667,2018-06-15,1
2018-06-15 16:30:00,-0.232354711,-0.686715135,-0.288639458,0.48631139,-0.151136294,-0.234177215,6.728,2018-06-15,1
2018-06-15 16:45:00,-0.305036439,-0.68010575,-0.268246604,0.483803553,-0.142390836,-0.234968354,7.91233,2018-06-15,1
2018-06-15 17:00:00,-0.3841875329999999,-0.678783873,-0.250465368,0.4808777429999999,-0.133132147,-0.234968354,8.04867,2018-06-15,1
2018-06-15 17:15:00,-0.466080216,-0.682749504,-0.253521518,0.476698015,-0.118617971,-0.234177215,6.928,2018-06-15,1
2018-06-15 17:30:00,-0.546927545,-0.695968275,-0.256966632,0.470010449,-0.095009341,-0.22943038,6.21367,2018-06-15,1
2018-06-15 17:45:00,-0.622962298,-0.717118308,-0.261022977,0.46123302,-0.063763832,-0.223101266,5.89767,2018-06-15,1
2018-06-15 18:00:00,-0.6904369779999999,-0.7422339720000001,-0.265746117,0.451201672,-0.026277432,-0.2143987339999999,3.68467,2018-06-15,1
2018-06-17 08:00:00,-0.82475518,-0.60343688,-0.448170478,0.218390805,0.431278356,-0.055379747,1.21567,2018-06-17,1
2018-06-17 08:15:00,-0.8084831509999999,-0.620621282,-0.451004362,0.220480669,0.432735932,-0.051424051,1.22933,2018-06-17,1
2018-06-17 08:30:00,-0.7921519509999999,-0.640449438,-0.454171644,0.222570533,0.436780193,-0.046677215,1.44367,2018-06-17,1
2018-06-17 08:45:00,-0.775406554,-0.661599471,-0.457783458,0.224242424,0.4428773789999999,-0.041139241,2.51033,2018-06-17,1
2018-06-17 09:00:00,-0.757951105,-0.682749504,-0.461784236,0.225914316,0.450534787,-0.035601266,3.049,2018-06-17,1
2018-06-17 09:15:00,-0.7394108540000001,-0.705221414,-0.4663962439999999,0.2275862069999999,0.459218657,-0.029272152,2.49867,2018-06-17,1
2018-06-17 09:30:00,-0.719470222,-0.727693325,-0.471675048,0.229258098,0.4684157579999999,-0.023734177,4.71667,2018-06-17,1
2018-06-17 09:45:00,-0.696393527,-0.750165235,-0.4777873479999999,0.23092999,0.47759233,-0.018196203,4.133,2018-06-17,1
2018-06-17 10:00:00,-0.669431268,-0.7713152679999999,-0.485010974,0.233019854,0.4862762,-0.012658228,4.56267,2018-06-17,1
2018-06-17 10:15:00,-0.639707695,-0.7924653009999999,-0.4935681939999999,0.234691745,0.4939336079999999,-0.007911392,4.82667,2018-06-17,1
2018-06-17 10:30:00,-0.608366781,-0.812293457,-0.50384797,0.2367816089999999,0.500030794,-0.004746835,3.83767,2018-06-17,1
2018-06-17 10:45:00,-0.576493328,-0.8307997359999999,-0.516517101,0.238871473,0.504075055,-0.002373418,4.12333,2018-06-17,1
2018-06-17 11:00:00,-0.545251033,-0.8479841370000001,-0.532353513,0.24137931,0.505532631,-0.001582278,4.151,2018-06-17,1
2018-06-17 11:15:00,-0.515724697,-0.863846662,-0.533520407,0.243887147,0.505388927,-0.001582278,4.933669999999999,2018-06-17,1
2018-06-17 11:30:00,-0.489058293,-0.879709187,-0.5349651320000001,0.24723093,0.5050399289999999,-0.001582278,4.825,2018-06-17,1
2018-06-17 11:45:00,-0.466356348,-0.896893589,-0.536687689,0.250992685,0.504465111,-0.002373418,4.36533,2018-06-17,1
2018-06-17 12:00:00,-0.448743109,-0.914077991,-0.5387992110000001,0.254754441,0.503787646,-0.003164557,4.60267,2018-06-17,1
2018-06-17 12:15:00,-0.437362551,-0.929940516,-0.541577529,0.258934169,0.502987005,-0.003955696,5.532,2018-06-17,1
2018-06-17 12:30:00,-0.4333191979999999,-0.94580304,-0.545189342,0.263113898,0.5021453060000001,-0.004746835,5.956,2018-06-17,1
2018-06-17 12:45:00,-0.433713671,-0.960343688,-0.550190315,0.266875653,0.501324136,-0.005537975,7.641,2018-06-17,1
2018-06-17 13:00:00,-0.434897092,-0.972240582,-0.557636207,0.271055381,0.500523496,-0.007120253,6.96033,2018-06-17,1
2018-06-17 13:15:00,-0.436830012,-0.982815598,-0.569694107,0.274399164,0.499825501,-0.007911392,6.53833,2018-06-17,1
2018-06-17 13:30:00,-0.439472984,-0.990746861,-0.592643014,0.277742947,0.499271212,-0.009493671,6.40333,2018-06-17,1
2018-06-17 13:45:00,-0.44278656,-0.996034369,-0.651598922,0.280668757,0.498901685,-0.01028481,6.99367,2018-06-17,1
2018-06-17 14:00:00,-0.446770742,-0.997356246,-0.934598394,0.282758621,0.49877851,-0.0118670889999999,6.96967,2018-06-17,1
2018-06-17 14:15:00,-0.451366357,-0.996034369,0.7401717,0.284848485,0.499106978,-0.012658228,8.36567,2018-06-17,1
2018-06-17 14:30:00,-0.456573407,-0.993390615,0.636707137,0.286520376,0.500112911,-0.015031646,7.849,2018-06-17,1
2018-06-17 14:45:00,-0.462332719,-0.988103106,0.5970883229999999,0.28861024,0.501714192,-0.016613924,8.123,2018-06-17,1
2018-06-17 15:00:00,-0.468604846,-0.981493721,0.576806601,0.2902821319999999,0.503869762,-0.018987342,8.12133,2018-06-17,1
2018-06-17 15:15:00,-0.4754095129999999,-0.973562459,0.5645820020000001,0.291954023,0.506538564,-0.022151899,6.91933,2018-06-17,1
2018-06-17 15:30:00,-0.4826480999999999,-0.964309319,0.556469313,0.293625914,0.509679539,-0.024525316,6.789,2018-06-17,1
2018-06-17 15:45:00,-0.490360056,-0.953734303,0.550634846,0.294879833,0.513231098,-0.026898734,7.071330000000001,2018-06-17,1
2018-06-17 16:00:00,-0.49860455,-0.943159286,0.54630067,0.296133751,0.517172713,-0.029272152,6.497999999999999,2018-06-17,1
2018-06-17 16:15:00,-0.512095541,-0.93258427,0.542911122,0.296969697,0.521442795,-0.03085443,4.982,2018-06-17,1
2018-06-17 16:30:00,-0.532134792,-0.920687376,0.540243936,0.297805643,0.525979758,-0.032436709,4.93967,2018-06-17,1
2018-06-17 16:45:00,-0.557479709,-0.91011236,0.538021282,0.298223615,0.530783601,-0.033227848,4.87967,2018-06-17,1
2018-06-17 17:00:00,-0.586848256,-0.899537343,0.536187592,0.298641588,0.535751678,-0.034018987,4.34367,2018-06-17,1
2018-06-17 17:15:00,-0.619037288,-0.8863185720000001,0.465284917,0.297805643,0.5422799779999999,-0.033227848,3.27467,2018-06-17,1
2018-06-17 17:30:00,-0.652745042,-0.871777925,0.3587086379999999,0.294879833,0.551477079,-0.03164557,3.93,2018-06-17,1
2018-06-17 17:45:00,-0.6867486509999999,-0.854593523,0.223404551,0.291118077,0.562973456,-0.028481013,3.144,2018-06-17,1
2018-06-17 18:00:00,-0.7197858009999999,-0.834765367,0.09854694,0.285684431,0.576358523,-0.025316456,2.83767,2018-06-17,1
2018-07-01 08:00:00,-0.682409444,-0.758096497,-0.689773011,0.3931034479999999,0.609944366,-0.10443038,0.087667,2018-07-01,1
2018-07-01 08:15:00,-0.641956194,-0.75677462,-0.65804462,0.400626959,0.59760629,-0.10443038,0.078,2018-07-01,1
2018-07-01 08:30:00,-0.601502944,-0.7541308659999999,-0.624482538,0.408986416,0.5817782429999999,-0.10443038,0.049,2018-07-01,1
2018-07-01 08:45:00,-0.560970799,-0.748843358,-0.58964243,0.418181818,0.5632198070000001,-0.10443038,0.072667,2018-07-01,1
2018-07-01 09:00:00,-0.5203794829999999,-0.7422339720000001,-0.554413358,0.428631139,0.542649504,-0.105221519,0.0,2018-07-01,1
2018-07-01 09:15:00,-0.479689549,-0.735624587,-0.5196288170000001,0.43908046,0.520806389,-0.105221519,1.37667,2018-07-01,1
2018-07-01 09:30:00,-0.4388812729999999,-0.727693325,-0.4860111689999999,0.4499477529999999,0.498429513,-0.106012658,1.42933,2018-07-01,1
2018-07-01 09:45:00,-0.3947988679999999,-0.719762062,-0.454282777,0.460815047,0.476216871,-0.1068037969999999,1.36867,2018-07-01,1
2018-07-01 10:00:00,-0.345489689,-0.7118308000000001,-0.424832606,0.471682341,0.454907516,-0.1068037969999999,0.791667,2018-07-01,1
2018-07-01 10:15:00,-0.292669698,-0.705221414,-0.397827355,0.482131661,0.4352610289999999,-0.1075949369999999,0.621,2018-07-01,1
2018-07-01 10:30:00,-0.238074575,-0.6986120290000001,-0.373322591,0.492163009,0.417975406,-0.108386076,0.818333,2018-07-01,1
2018-07-01 10:45:00,-0.183420282,-0.693324521,-0.351262746,0.501358412,0.403769169,-0.109968354,1.72133,2018-07-01,1
2018-07-01 11:00:00,-0.130462224,-0.68935889,-0.331536688,0.509299896,0.393401901,-0.110759494,1.89367,2018-07-01,1
2018-07-01 11:15:00,-0.0808966379999999,-0.686715135,-0.358264107,0.517659352,0.385251791,-0.113924051,3.022,2018-07-01,1
2018-07-01 11:30:00,-0.03647893,-0.685393258,-0.387269747,0.526018809,0.377286445,-0.119462025,3.988,2018-07-01,1
2018-07-01 11:45:00,0.001094664,-0.684071381,-0.418275776,0.534378265,0.369608507,-0.128955696,3.33733,2018-07-01,1
2018-07-01 12:00:00,0.030068737,-0.682749504,-0.450948796,0.542737722,0.362300096,-0.140031646,4.32533,2018-07-01,1
2018-07-01 12:15:00,0.0487076059999999,-0.681427627,-0.48462201,0.551097179,0.3554638579999999,-0.152689873,4.050669999999999,2018-07-01,1
2018-07-01 12:30:00,0.055315036,-0.68010575,-0.518628622,0.5590386620000001,0.349243497,-0.165348101,4.33133,2018-07-01,1
2018-07-01 12:45:00,0.054526089,-0.678783873,-0.552135137,0.566562173,0.343680072,-0.178797468,3.91633,2018-07-01,1
2018-07-01 13:00:00,0.052178973,-0.6774619959999999,-0.584474759,0.572831766,0.3388967579999999,-0.192246835,4.25467,2018-07-01,1
2018-07-01 13:15:00,0.048332857,-0.676140119,-0.615091823,0.578265413,0.335016731,-0.203322785,4.198,2018-07-01,1
2018-07-01 13:30:00,0.043027189,-0.673496365,-0.6435973660000001,0.582445141,0.332122108,-0.213607595,4.887,2018-07-01,1
2018-07-01 13:45:00,0.036360588,-0.672174488,-0.669769122,0.584952978,0.330295005,-0.220727848,4.28233,2018-07-01,1
2018-07-01 14:00:00,0.028333054,-0.670852611,-0.69360709,0.5857889239999999,0.329679128,-0.2254746839999999,3.91133,2018-07-01,1
2018-07-01 14:15:00,0.019043205,-0.668208857,-0.720501209,0.585370951,0.333867094,-0.227848101,4.19467,2018-07-01,1
2018-07-01 14:30:00,0.008491041,-0.6655651020000001,-0.749229017,0.58369906,0.345486646,-0.231012658,4.739669999999999,2018-07-01,1
2018-07-01 14:45:00,-0.003205097,-0.664243225,-0.7793459840000001,0.581609195,0.362998091,-0.232594937,4.39133,2018-07-01,1
2018-07-01 15:00:00,-0.016045207,-0.661599471,-0.8104631459999999,0.578683386,0.384984911,-0.234968354,4.518330000000001,2018-07-01,1
2018-07-01 15:15:00,-0.029950395,-0.658955717,-0.8420248379999999,0.575339603,0.4099074129999999,-0.237341772,4.61333,2018-07-01,1
2018-07-01 15:30:00,-0.0448614909999999,-0.6563119629999999,-0.8734198320000001,0.571159875,0.43632855,-0.238924051,5.27767,2018-07-01,1
2018-07-01 15:45:00,-0.060739046,-0.652346332,-0.904036896,0.566980146,0.462749687,-0.240506329,4.18133,2018-07-01,1
2018-07-01 16:00:00,-0.077957811,-0.649702578,-0.933375934,0.561964472,0.487672189,-0.242088608,3.26567,2018-07-01,1
2018-07-01 16:15:00,-0.109850988,-0.645736946,-0.961047982,0.556948798,0.50963848,-0.2428797469999999,2.93333,2018-07-01,1
2018-07-01 16:30:00,-0.159672982,-0.640449438,-0.986830773,0.5519331239999999,0.527170454,-0.243670886,4.111669999999999,2018-07-01,1
2018-07-01 16:45:00,-0.223340993,-0.6364838070000001,0.989831356,0.54691745,0.538769477,-0.244462025,4.29,2018-07-01,1
2018-07-01 17:00:00,-0.296732774,-0.631196299,0.968104909,0.541901776,0.542977972,-0.244462025,4.663,2018-07-01,1
2018-07-01 17:15:00,-0.375745801,-0.621943159,0.955102381,0.53646813,0.5411919279999999,-0.2428797469999999,3.10733,2018-07-01,1
2018-07-01 17:30:00,-0.456257828,-0.604758757,0.943322313,0.5301985370000001,0.536223851,-0.238132911,2.944,2018-07-01,1
2018-07-01 17:45:00,-0.534205777,-0.583608724,0.932542439,0.5235109720000001,0.528751206,-0.231803797,3.08533,2018-07-01,1
2018-07-01 18:00:00,-0.6054279539999999,-0.55849306,0.922651627,0.5164054339999999,0.5193693420000001,-0.223101266,3.201,2018-07-01,1
2018-07-03 08:00:00,-0.865030917,-0.485789822,-0.4841219129999999,0.200417973,0.829319866,-0.201740506,0.24,2018-07-03,1
2018-07-03 08:15:00,-0.842979852,-0.483146067,-0.495513016,0.201671891,0.8236743240000001,-0.199367089,0.165,2018-07-03,1
2018-07-03 08:30:00,-0.821086577,-0.4805023129999999,-0.5067929879999999,0.205433647,0.808010511,-0.1962025319999999,0.284,2018-07-03,1
2018-07-03 08:45:00,-0.799745565,-0.473892928,-0.517850693,0.211703239,0.784340293,-0.191455696,0.762333,2018-07-03,1
2018-07-03 09:00:00,-0.779351288,-0.4672835429999999,-0.528797266,0.21922675,0.754675535,-0.1859177219999999,1.92933,2018-07-03,1
2018-07-03 09:15:00,-0.7602982220000001,-0.458030403,-0.539521574,0.2275862069999999,0.721028105,-0.1803797469999999,1.925,2018-07-03,1
2018-07-03 09:30:00,-0.7429216670000001,-0.450099141,-0.550079182,0.2367816089999999,0.685368808,-0.174050633,1.71433,2018-07-03,1
2018-07-03 09:45:00,-0.726984941,-0.440846001,-0.560358959,0.245977011,0.649709511,-0.167721519,2.68967,2018-07-03,1
2018-07-03 10:00:00,-0.7118371609999999,-0.432914739,-0.57041647,0.254336468,0.61606208,-0.162183544,2.94367,2018-07-03,1
2018-07-03 10:15:00,-0.697359987,-0.424983477,-0.5801961489999999,0.262277952,0.5863973229999999,-0.15664557,2.313,2018-07-03,1
2018-07-03 10:30:00,-0.683415351,-0.419695968,-0.5897535629999999,0.268129572,0.562727105,-0.152689873,2.05933,2018-07-03,1
2018-07-03 10:45:00,-0.669865189,-0.415730337,-0.599033145,0.2723093,0.547063292,-0.150316456,1.40767,2018-07-03,1
2018-07-03 11:00:00,-0.656571434,-0.41440846,-0.607979329,0.274399164,0.54139722,-0.149525316,1.08067,2018-07-03,1
2018-07-03 11:15:00,-0.643415745,-0.417052214,-0.605201011,0.274399164,0.543593849,-0.149525316,1.06967,2018-07-03,1
2018-07-03 11:30:00,-0.6302403329999999,-0.423661599,-0.602255994,0.274817137,0.549649976,-0.150316456,1.27233,2018-07-03,1
2018-07-03 11:45:00,-0.616926855,-0.432914739,-0.599199844,0.274817137,0.55878549,-0.151107595,2.31267,2018-07-03,1
2018-07-03 12:00:00,-0.603356969,-0.44613351,-0.596032562,0.27523511,0.570240808,-0.151898734,1.95667,2018-07-03,1
2018-07-03 12:15:00,-0.589353162,-0.45935228,-0.5927541470000001,0.27523511,0.583235819,-0.153481013,2.76333,2018-07-03,1
2018-07-03 12:30:00,-0.57483654,-0.473892928,-0.5893645989999999,0.27523511,0.597010942,-0.155063291,4.29533,2018-07-03,1
2018-07-03 12:45:00,-0.5587814720000001,-0.4897554529999999,-0.5858639179999999,0.275653083,0.610765536,-0.15664557,6.4303300000000005,2018-07-03,1
2018-07-03 13:00:00,-0.540675141,-0.5029742229999999,-0.5821965379999999,0.275653083,0.623781076,-0.158227848,8.19367,2018-07-03,1
2018-07-03 13:15:00,-0.521069812,-0.514871117,-0.5783624589999999,0.275653083,0.635215865,-0.159810127,7.90533,2018-07-03,1
2018-07-03 13:30:00,-0.500458575,-0.525446134,-0.5744172479999999,0.276071055,0.644371908,-0.162183544,7.77233,2018-07-03,1
2018-07-03 13:45:00,-0.479373971,-0.532055519,-0.5703053370000001,0.276071055,0.650407505,-0.163765823,8.196,2018-07-03,1
2018-07-03 14:00:00,-0.458368261,-0.534699273,-0.566026727,0.276489028,0.652604135,-0.166139241,6.14633,2018-07-03,1
2018-07-03 14:15:00,-0.437954261,-0.533377396,-0.557691773,0.277742947,0.647820821,-0.168512658,5.401,2018-07-03,1
2018-07-03 14:30:00,-0.418684234,-0.528089888,-0.549523518,0.280668757,0.634620517,-0.171677215,6.47933,2018-07-03,1
2018-07-03 14:45:00,-0.401070995,-0.522802379,-0.541521963,0.285266458,0.614686621,-0.175632911,6.30333,2018-07-03,1
2018-07-03 15:00:00,-0.385627361,-0.514871117,-0.533742672,0.2902821319999999,0.589702531,-0.179588608,5.2493300000000005,2018-07-03,1
2018-07-03 15:15:00,-0.372925316,-0.505617978,-0.526130081,0.2965517239999999,0.561331116,-0.183544304,5.019,2018-07-03,1
2018-07-03 15:30:00,-0.3634579539999999,-0.496364838,-0.518684189,0.302821317,0.531296832,-0.188291139,5.51667,2018-07-03,1
2018-07-03 15:45:00,-0.357777537,-0.487111699,-0.511404995,0.3090909089999999,0.501242019,-0.192246835,4.447,2018-07-03,1
2018-07-03 16:00:00,-0.3564757739999999,-0.479180436,-0.504348068,0.3149425289999999,0.4728706039999999,-0.1962025319999999,4.18167,2018-07-03,1
2018-07-03 16:15:00,-0.362097021,-0.471249174,-0.497457839,0.320376176,0.4478865139999999,-0.199367089,3.73667,2018-07-03,1
2018-07-03 16:30:00,-0.374917407,-0.4646397879999999,-0.490789876,0.324555904,0.427952619,-0.201740506,4.742,2018-07-03,1
2018-07-03 16:45:00,-0.393852132,-0.460674157,-0.484288612,0.327063741,0.414752315,-0.2041139239999999,4.79933,2018-07-03,1
2018-07-03 17:00:00,-0.417836116,-0.45935228,-0.477954047,0.328317659,0.409969001,-0.2041139239999999,4.726,2018-07-03,1
2018-07-03 17:15:00,-0.445824006,-0.460674157,-0.46889673,0.327063741,0.410708054,-0.203322785,4.31133,2018-07-03,1
2018-07-03 17:30:00,-0.476730999,-0.465961666,-0.459394882,0.324137931,0.412843095,-0.200949367,3.795,2018-07-03,1
2018-07-03 17:45:00,-0.509492017,-0.472571051,-0.4493929379999999,0.31954023,0.416189362,-0.19778481,4.198,2018-07-03,1
2018-07-03 18:00:00,-0.543041982,-0.483146067,-0.438946462,0.31368861,0.4206236779999999,-0.193037975,3.5853300000000004,2018-07-03,1
2018-08-12 08:00:00,-0.81309849,-0.8149372109999999,-0.934931792,0.267293626,0.842438053,0.140822785,0.839667,2018-08-12,1
2018-08-12 08:15:00,-0.759647341,-0.8096497029999999,-0.931875642,0.270637409,0.834513765,0.141613924,0.895667,2018-08-12,1
2018-08-12 08:30:00,-0.705150837,-0.800396563,-0.923651821,0.277742947,0.821539283,0.143196203,0.886667,2018-08-12,1
2018-08-12 08:45:00,-0.651620793,-0.78849967,-0.910482594,0.287774295,0.804315247,0.143987342,1.144,2018-08-12,1
2018-08-12 09:00:00,-0.601049299,-0.773959022,-0.892868058,0.30031348,0.783703886,0.146360759,1.45833,2018-08-12,1
2018-08-12 09:15:00,-0.555408724,-0.758096497,-0.871086045,0.314524556,0.760464782,0.147943038,1.69233,2018-08-12,1
2018-08-12 09:30:00,-0.516730604,-0.739590218,-0.8455255190000001,0.329571578,0.735480692,0.149525316,2.24333,2018-08-12,1
2018-08-12 09:45:00,-0.480616562,-0.719762062,-0.816575445,0.3450365729999999,0.709531728,0.151107595,1.99133,2018-08-12,1
2018-08-12 10:00:00,-0.442096232,-0.6999339059999999,-0.784569222,0.360083595,0.683439059,0.152689873,2.09267,2018-08-12,1
2018-08-12 10:15:00,-0.4022149679999999,-0.68010575,-0.7499513790000001,0.3738766979999999,0.658044384,0.154272152,1.5113299999999998,2018-08-12,1
2018-08-12 10:30:00,-0.36203785,-0.661599471,-0.712944184,0.38599791,0.634168874,0.155063291,1.547,2018-08-12,1
2018-08-12 10:45:00,-0.322629954,-0.643093192,-0.674047732,0.395611285,0.612633697,0.15585443,2.52333,2018-08-12,1
2018-08-12 11:00:00,-0.285036637,-0.62590879,-0.633595421,0.401880878,0.594239494,0.15585443,3.01,2018-08-12,1
2018-08-12 11:15:00,-0.250322975,-0.608724389,-0.573806018,0.406060606,0.577077046,0.155063291,4.482,2018-08-12,1
2018-08-12 11:30:00,-0.219554048,-0.591539987,-0.481343595,0.410240334,0.559011312,0.151898734,5.07533,2018-08-12,1
2018-08-12 11:45:00,-0.1937752089999999,-0.574355585,-0.36309838,0.4144200629999999,0.540473404,0.147151899,3.67,2018-08-12,1
2018-08-12 12:00:00,-0.174051538,-0.555849306,-0.225849471,0.418181818,0.5219354970000001,0.140822785,4.579330000000001,2018-08-12,1
2018-08-12 12:15:00,-0.161428388,-0.537343027,-0.076542661,0.421525601,0.503869762,0.134493671,5.06567,2018-08-12,1
2018-08-12 12:30:00,-0.156990562,-0.520158625,0.078042953,0.424869383,0.486707315,0.126582278,4.97767,2018-08-12,1
2018-08-12 12:45:00,-0.159140442,-0.5029742229999999,0.230961576,0.42737722,0.470940855,0.118670886,4.43533,2018-08-12,1
2018-08-12 13:00:00,-0.165392846,-0.485789822,0.375322979,0.429885057,0.457001499,0.110759494,4.10233,2018-08-12,1
2018-08-12 13:15:00,-0.1753533,-0.469927297,0.504348068,0.431974922,0.445361417,0.102848101,3.3673300000000004,2018-08-12,1
2018-08-12 13:30:00,-0.1887259489999999,-0.455386649,0.611146612,0.43322884,0.436472255,0.0965189869999999,3.832,2018-08-12,1
2018-08-12 13:45:00,-0.205136044,-0.4421678779999999,0.6888283829999999,0.434482759,0.4308061829999999,0.090981013,4.88167,2018-08-12,1
2018-08-12 14:00:00,-0.224287729,-0.430270985,0.730503153,0.434482759,0.428814847,0.086234177,4.11033,2018-08-12,1
2018-08-12 14:15:00,-0.245786531,-0.418374091,0.751340538,0.4336468129999999,0.43035454,0.08306962,5.49267,2018-08-12,1
2018-08-12 14:30:00,-0.269316871,-0.407799075,0.7707887640000001,0.43030303,0.43470674,0.079113924,7.03633,2018-08-12,1
2018-08-12 14:45:00,-0.294523723,-0.397224058,0.7888478320000001,0.425287356,0.441522449,0.075949367,7.276330000000001,2018-08-12,1
2018-08-12 15:00:00,-0.3210717839999999,-0.385327165,0.805406607,0.418599791,0.450432141,0.07278481,7.571330000000001,2018-08-12,1
2018-08-12 15:15:00,-0.348645477,-0.3747521479999999,0.820353958,0.41107628,0.4610662889999999,0.0696202529999999,6.604,2018-08-12,1
2018-08-12 15:30:00,-0.376850327,-0.365499009,0.833634318,0.402298851,0.473055367,0.066455696,6.58333,2018-08-12,1
2018-08-12 15:45:00,-0.4053904789999999,-0.356245869,0.8451365540000001,0.393521421,0.4860709079999999,0.0640822779999999,6.023,2018-08-12,1
2018-08-12 16:00:00,-0.434147592,-0.348314607,0.854693968,0.383908046,0.499702326,0.061708861,7.002669999999999,2018-08-12,1
2018-08-12 16:15:00,-0.470853345,-0.343027098,0.862362126,0.374712644,0.513621153,0.059335443,6.28067,2018-08-12,1
2018-08-12 16:30:00,-0.517164525,-0.33773959,0.8679187620000001,0.365517241,0.5274578639999999,0.057753165,5.901669999999999,2018-08-12,1
2018-08-12 16:45:00,-0.570300096,-0.335095836,0.87130831,0.357157785,0.540842931,0.056962025,5.191669999999999,2018-08-12,1
2018-08-12 17:00:00,-0.627479019,-0.333773959,0.872475204,0.3496342739999999,0.553406828,0.056962025,5.16967,2018-08-12,1
2018-08-12 17:15:00,-0.685939981,-0.333773959,0.8685855579999999,0.342528736,0.566483956,0.057753165,4.64133,2018-08-12,1
2018-08-12 17:30:00,-0.74288222,-0.3364177129999999,0.857916817,0.335005225,0.5813265999999999,0.060126582,4.70533,2018-08-12,1
2018-08-12 17:45:00,-0.795544423,-0.339061467,0.8418025729999999,0.327481714,0.597503644,0.0640822779999999,4.332669999999999,2018-08-12,1
2018-08-12 18:00:00,-0.841125827,-0.341705221,0.821631984,0.319958203,0.614501858,0.068829114,3.59533,2018-08-12,1
2018-08-20 08:00:00,-0.756826856,-0.8070059479999999,-0.590198094,0.331243469,0.788015027,0.237341772,0.886667,2018-08-20,1
2018-08-20 08:15:00,-0.680555419,-0.8070059479999999,-0.601811463,0.335005225,0.780131798,0.242088608,0.862,2018-08-20,1
2018-08-20 08:30:00,-0.601936865,-0.805684071,-0.6173144779999999,0.342946708,0.76379052,0.2476265819999999,1.79733,2018-08-20,1
2018-08-20 08:45:00,-0.5239100210000001,-0.805684071,-0.635706943,0.353814002,0.740469299,0.253164557,4.47133,2018-08-20,1
2018-08-20 09:00:00,-0.449492609,-0.8043621940000001,-0.65621093,0.3680250779999999,0.711666769,0.259493671,4.96067,2018-08-20,1
2018-08-20 09:15:00,-0.381662903,-0.803040317,-0.677770678,0.383490073,0.678819979,0.265031646,4.308669999999999,2018-08-20,1
2018-08-20 09:30:00,-0.323438625,-0.800396563,-0.699441558,0.400626959,0.6434480920000001,0.27056962,3.21467,2018-08-20,1
2018-08-20 09:45:00,-0.268251792,-0.799074686,-0.7203900759999999,0.418181818,0.607008684,0.276107595,1.39467,2018-08-20,1
2018-08-20 10:00:00,-0.208706029,-0.796430932,-0.7396160359999999,0.435318704,0.571020919,0.28164557,2.3406700000000003,2018-08-20,1
2018-08-20 10:15:00,-0.146596187,-0.793787178,-0.7562303779999999,0.452037618,0.536921845,0.285601266,4.678669999999999,2018-08-20,1
2018-08-20 10:30:00,-0.083598781,-0.791143424,-0.76917734,0.466666667,0.506210096,0.288765823,4.592,2018-08-20,1
2018-08-20 10:45:00,-0.021508664,-0.78849967,-0.777678993,0.4787878789999999,0.4803637779999999,0.290348101,2.448,2018-08-20,1
2018-08-20 11:00:00,0.037958206,-0.784534038,-0.780735143,0.487565308,0.460860996,0.291139241,1.86367,2018-08-20,1
2018-08-20 11:15:00,0.09304642,-0.7752808990000001,-0.749673548,0.494670846,0.446162058,0.290348101,1.187,2018-08-20,1
2018-08-20 11:30:00,0.142040019,-0.755452743,-0.663879088,0.500940439,0.433413397,0.287183544,0.614667,2018-08-20,1
2018-08-20 11:45:00,0.1831638739999999,-0.727693325,-0.534242769,0.506374086,0.422245489,0.28164557,0.732667,2018-08-20,1
2018-08-20 12:00:00,0.214702025,-0.6946463979999999,-0.371766732,0.51138976,0.412268276,0.275316456,1.015,2018-08-20,1
2018-08-20 12:15:00,0.234899064,-0.6563119629999999,-0.187341983,0.5164054339999999,0.403050646,0.267405063,1.367,2018-08-20,1
2018-08-20 12:30:00,0.242019309,-0.615333774,0.008029339,0.521003135,0.394223071,0.258702532,2.145,2018-08-20,1
2018-08-20 12:45:00,0.241348705,-0.574355585,0.203345095,0.5251828629999999,0.385395496,0.25,3.37467,2018-08-20,1
2018-08-20 13:00:00,0.239356614,-0.534699273,0.387769844,0.529362591,0.376136807,0.240506329,3.69633,2018-08-20,1
2018-08-20 13:15:00,0.236062761,-0.497686715,0.550245881,0.53354232,0.366077477,0.231012658,3.129,2018-08-20,1
2018-08-20 13:30:00,0.2314868689999999,-0.4672835429999999,0.679882199,0.538140021,0.354806922,0.222310127,3.55467,2018-08-20,1
2018-08-20 13:45:00,0.225648662,-0.444811633,0.765676659,0.542737722,0.341955616,0.213607595,0.0,2018-08-20,1
2018-08-20 14:00:00,0.218587588,-0.430270985,0.796738255,0.5477533960000001,0.327092443,0.206487342,3.0315,2018-08-20,1
2018-08-20 14:15:00,0.210303646,-0.422339722,0.795904759,0.553605016,0.3069737839999999,0.199367089,3.736,2018-08-20,1
2018-08-20 14:30:00,0.2008362839999999,-0.41440846,0.7934042729999999,0.559874608,0.279731477,0.192246835,4.079,2018-08-20,1
2018-08-20 14:45:00,0.190224948,-0.407799075,0.7893479290000001,0.566980146,0.247048921,0.183544304,3.00333,2018-08-20,1
2018-08-20 15:00:00,0.1784499169999999,-0.4011896889999999,0.783791293,0.574085684,0.210630042,0.175632911,4.957,2018-08-20,1
2018-08-20 15:15:00,0.165590083,-0.394580304,0.776734365,0.581609195,0.172158239,0.167721519,0.0,2018-08-20,1
2018-08-20 15:30:00,0.151606,-0.389292796,0.768343845,0.588714734,0.133337439,0.159810127,2.6895,2018-08-20,1
2018-08-20 15:45:00,0.1365765619999999,-0.3840052879999999,0.758675298,0.5949843260000001,0.09585104,0.152689873,3.878330000000001,2018-08-20,1
2018-08-20 16:00:00,0.119771994,-0.380039656,0.747728725,0.6012539179999999,0.061382439,0.14556962,2.563,2018-08-20,1
2018-08-20 16:15:00,0.079259573,-0.377395902,0.735559692,0.6062695920000001,0.031615036,0.140031646,2.263,2018-08-20,1
2018-08-20 16:30:00,0.0097336319999999,-0.3747521479999999,0.722334898,0.6100313479999999,0.008273285,0.136075949,1.34,2018-08-20,1
2018-08-20 16:45:00,-0.081922269,-0.373430271,0.7080543440000001,0.612539185,-0.006979943,0.1337025319999999,1.166,2018-08-20,1
2018-08-20 17:00:00,-0.188844291,-0.372108394,0.692773595,0.613375131,-0.012440722,0.132120253,0.920333,2018-08-20,1
2018-08-20 17:15:00,-0.304168598,-0.378717779,0.663101159,0.6100313479999999,0.000697994,0.1337025319999999,0.5273329999999999,2018-08-20,1
2018-08-20 17:30:00,-0.4209919029999999,-0.395902181,0.608534993,0.600835946,0.037281107,0.137658228,0.778667,2018-08-20,1
2018-08-20 17:45:00,-0.53245037,-0.422339722,0.5334092739999999,0.5862068970000001,0.09314118,0.143196203,0.590667,2018-08-20,1
2018-08-20 18:00:00,-0.6316604370000001,-0.455386649,0.4422804429999999,0.568234065,0.164049188,0.151107595,0.404333,2018-08-20,1
2018-08-27 08:00:00,-0.85258528,-0.993390615,-0.4122746089999999,0.30031348,0.886309047,0.115506329,0.0,2018-08-27,1
2018-08-27 08:15:00,-0.798897447,-0.992068738,-0.419109271,0.305329154,0.870953173,0.121044304,0.0,2018-08-27,1
2018-08-27 08:30:00,-0.7410479190000001,-0.989424983,-0.437890701,0.313270637,0.846379668,0.125791139,0.0,2018-08-27,1
2018-08-27 08:45:00,-0.6806934840000001,-0.984137475,-0.466229545,0.324137931,0.8141282259999999,0.131329114,0.0,2018-08-27,1
2018-08-27 09:00:00,-0.619510656,-0.978849967,-0.501847581,0.3370950889999999,0.77571801,0.136075949,0.0,2018-08-27,1
2018-08-27 09:15:00,-0.5591562210000001,-0.970918705,-0.542188759,0.3517241379999999,0.732688715,0.140822785,0.0,2018-08-27,1
2018-08-27 09:30:00,-0.501326417,-0.961665565,-0.584974856,0.367607106,0.6865595040000001,0.14556962,0.0,2018-08-27,1
2018-08-27 09:45:00,-0.436632775,-0.952412426,-0.627705387,0.3843260189999999,0.638849541,0.148734177,0.0,2018-08-27,1
2018-08-27 10:00:00,-0.3571463789999999,-0.941837409,-0.668102131,0.401462905,0.591119049,0.152689873,0.0,2018-08-27,1
2018-08-27 10:15:00,-0.266792241,-0.931262393,-0.703664601,0.418181818,0.544866663,0.155063291,0.0,2018-08-27,1
2018-08-27 10:30:00,-0.1694361989999999,-0.919365499,-0.732003445,0.434482759,0.501632075,0.157436709,0.0,2018-08-27,1
2018-08-27 10:45:00,-0.068963817,-0.907468605,-0.750784875,0.4499477529999999,0.46293445,0.159018987,0.0,2018-08-27,1
2018-08-27 11:00:00,0.0307196179999999,-0.8955717120000001,-0.7576195370000001,0.463740857,0.430334011,0.159018987,0.0,2018-08-27,1
2018-08-27 11:15:00,0.125748267,-0.882352941,-0.75589698,0.477115987,0.400340785,0.157436709,0.0,2018-08-27,1
2018-08-27 11:30:00,0.212197118,-0.863846662,-0.751118273,0.491745037,0.3690336879999999,0.153481013,0.0,2018-08-27,1
2018-08-27 11:45:00,0.2862200569999999,-0.841374752,-0.743561248,0.5072100310000001,0.337151773,0.147943038,0.0,2018-08-27,1
2018-08-27 12:00:00,0.343911796,-0.816259088,-0.733781569,0.523092999,0.305434091,0.140031646,0.0,2018-08-27,1
2018-08-27 12:15:00,0.381367048,-0.791143424,-0.7221681990000001,0.538557994,0.274640225,0.130537975,0.0,2018-08-27,1
2018-08-27 12:30:00,0.3947199729999999,-0.763384005,-0.709110105,0.553605016,0.245509228,0.120253165,0.0,2018-08-27,1
2018-08-27 12:45:00,0.394147987,-0.735624587,-0.695107382,0.567816092,0.218800682,0.109177215,0.0,2018-08-27,1
2018-08-27 13:00:00,0.392412304,-0.7091870459999999,-0.680437863,0.580355277,0.195274168,0.0981012659999999,0.0,2018-08-27,1
2018-08-27 13:15:00,0.389552371,-0.684071381,-0.665657211,0.591222571,0.17566874,0.087816456,0.0,2018-08-27,1
2018-08-27 13:30:00,0.3855879129999999,-0.661599471,-0.651154391,0.6,0.16074398,0.077531646,0.0,2018-08-27,1
2018-08-27 13:45:00,0.380499206,-0.641771315,-0.637262801,0.60585162,0.151218411,0.068037975,0.0,2018-08-27,1
2018-08-27 14:00:00,0.3743059729999999,-0.6272306679999999,-0.624538105,0.608777429,0.147892673,0.060126582,0.0,2018-08-27,1
2018-08-27 14:15:00,0.367047662,-0.614011897,-0.611313311,0.6100313479999999,0.148385375,0.05221519,0.0,2018-08-27,1
2018-08-27 14:30:00,0.358704549,-0.600793126,-0.596143695,0.610867294,0.149863481,0.044303797,0.0,2018-08-27,1
2018-08-27 14:45:00,0.349316082,-0.587574356,-0.579529353,0.611703239,0.152244873,0.035601266,0.0,2018-08-27,1
2018-08-27 15:00:00,0.33888226,-0.575677462,-0.562192649,0.612539185,0.155488493,0.0276898729999999,0.0,2018-08-27,1
2018-08-27 15:15:00,0.327403083,-0.563780568,-0.544633679,0.613375131,0.159573813,0.018987342,0.0,2018-08-27,1
2018-08-27 15:30:00,0.314917999,-0.551883675,-0.527463673,0.614211076,0.164398185,0.011075949,0.0,2018-08-27,1
2018-08-27 15:45:00,0.301427008,-0.542630535,-0.511349429,0.614629049,0.16996161,0.003955696,0.0,2018-08-27,1
2018-08-27 16:00:00,0.28618061,-0.533377396,-0.496791043,0.615047022,0.176181971,-0.003164557,0.0,2018-08-27,1
2018-08-27 16:15:00,0.246476859,-0.526768011,-0.484455311,0.615464995,0.183018209,-0.0087025319999999,0.0,2018-08-27,1
2018-08-27 16:30:00,0.176418379,-0.5214805020000001,-0.474897897,0.615882968,0.190408737,-0.012658228,0.0,2018-08-27,1
2018-08-27 16:45:00,0.0827112159999999,-0.517514871,-0.468730031,0.615882968,0.198333025,-0.015031646,0.0,2018-08-27,1
2018-08-27 17:00:00,-0.027997752,-0.517514871,-0.4665629429999999,0.615882968,0.206708957,-0.016613924,0.0,2018-08-27,1
2018-08-27 17:15:00,-0.149022199,-0.517514871,-0.466729642,0.613375131,0.220709901,-0.014240506,0.0,2018-08-27,1
2018-08-27 17:30:00,-0.273715249,-0.518836748,-0.467229739,0.60585162,0.24435959,-0.009493671,0.0,2018-08-27,1
2018-08-27 17:45:00,-0.395390578,-0.5214805020000001,-0.468007668,0.59414838,0.275892509,-0.001582278,0.0,2018-08-27,1
2018-08-27 18:00:00,-0.507381584,-0.525446134,-0.468952296,0.579101358,0.313584201,0.0087025319999999,0.0,2018-08-27,1
2018-09-04 08:00:00,-0.842092287,-0.697290152,-0.41744228,0.268965517,0.777216645,0.1803797469999999,0.6629999999999999,2018-09-04,1
2018-09-04 08:15:00,-0.784499167,-0.7118308000000001,-0.417831245,0.274399164,0.764755394,0.1851265819999999,1.21,2018-09-04,1
2018-09-04 08:30:00,-0.725683179,-0.726371447,-0.418998139,0.281922675,0.749194227,0.189082278,2.369,2018-09-04,1
2018-09-04 08:45:00,-0.668918452,-0.7422339720000001,-0.420942961,0.2907001039999999,0.73119008,0.193829114,2.529,2018-09-04,1
2018-09-04 09:00:00,-0.61743967,-0.758096497,-0.42355458,0.30031348,0.7113998890000001,0.1985759489999999,2.0580000000000003,2018-09-04,1
2018-09-04 09:15:00,-0.57446179,-0.773959022,-0.426832995,0.311180773,0.690439531,0.202531646,1.587,2018-09-04,1
2018-09-04 09:30:00,-0.5432392189999999,-0.7898215470000001,-0.430722641,0.32246604,0.669007,0.207278481,1.767,2018-09-04,1
2018-09-04 09:45:00,-0.520497825,-0.8043621940000001,-0.435279082,0.334169279,0.647697645,0.211234177,2.528,2018-09-04,1
2018-09-04 10:00:00,-0.500498023,-0.8189028420000001,-0.440335621,0.3450365729999999,0.627168401,0.2143987339999999,1.508,2018-09-04,1
2018-09-04 10:15:00,-0.482707271,-0.83344349,-0.4459478229999999,0.355903866,0.608096734,0.217563291,1.514,2018-09-04,1
2018-09-04 10:30:00,-0.46669165,-0.84666226,-0.452004556,0.365935214,0.591077991,0.21914557,1.96,2018-09-04,1
2018-09-04 10:45:00,-0.45191862,-0.8572372770000001,-0.458561387,0.374712644,0.576810166,0.220727848,2.282,2018-09-04,1
2018-09-04 11:00:00,-0.4379148129999999,-0.867812293,-0.4655627479999999,0.382236155,0.565888608,0.221518987,2.45,2018-09-04,1
2018-09-04 11:15:00,-0.4241871379999999,-0.875743556,-0.479454338,0.388505747,0.557348443,0.2199367089999999,4.555,2018-09-04,1
2018-09-04 11:30:00,-0.410242503,-0.884996695,-0.505292696,0.394357367,0.549691035,0.215981013,5.745,2018-09-04,1
2018-09-04 11:45:00,-0.395587815,-0.894249835,-0.5404662020000001,0.399791014,0.54277268,0.2088607589999999,4.602,2018-09-04,1
2018-09-04 12:00:00,-0.379729983,-0.903502974,-0.582529936,0.4048066879999999,0.5364702020000001,0.200949367,3.4960000000000004,2018-09-04,1
2018-09-04 12:15:00,-0.362175915,-0.911434237,-0.628927847,0.409822362,0.530660426,0.1906645569999999,2.901,2018-09-04,1
2018-09-04 12:30:00,-0.3424522439999999,-0.919365499,-0.677326147,0.4144200629999999,0.525220176,0.1803797469999999,3.704,2018-09-04,1
2018-09-04 12:45:00,-0.31846826,-0.927296761,-0.72505765,0.4190177639999999,0.520026277,0.169303797,4.512,2018-09-04,1
2018-09-04 13:00:00,-0.289277226,-0.933906147,-0.7697330040000001,0.423615465,0.514935025,0.158227848,5.598,2018-09-04,1
2018-09-04 13:15:00,-0.256023116,-0.937871778,-0.808796155,0.4277951929999999,0.5098437720000001,0.147943038,6.299,2018-09-04,1
2018-09-04 13:30:00,-0.219830179,-0.941837409,-0.8398021840000001,0.4323928939999999,0.504608815,0.1392405059999999,6.445,2018-09-04,1
2018-09-04 13:45:00,-0.181842388,-0.944481163,-0.860195038,0.436990596,0.499106978,0.131329114,6.55,2018-09-04,1
2018-09-04 14:00:00,-0.143203716,-0.94580304,-0.8675853640000001,0.441588297,0.493215085,0.125791139,7.551,2018-09-04,1
2018-09-04 14:15:00,-0.105058136,-0.939193655,-0.857361154,0.447021944,0.4865841389999999,0.121044304,5.191,2018-09-04,1
2018-09-04 14:30:00,-0.068569343,-0.92333113,-0.829189009,0.45245559,0.479173082,0.116297468,2.638,2018-09-04,1
2018-09-04 14:45:00,-0.034841865,-0.899537343,-0.7865696109999999,0.458725183,0.471228265,0.1123417719999999,0.747,2018-09-04,1
2018-09-04 15:00:00,-0.005019674,-0.8691341709999999,-0.7331703390000001,0.464994775,0.4629960379999999,0.1075949369999999,0.921,2018-09-04,1
2018-09-04 15:15:00,0.01971381,-0.83344349,-0.67254744,0.470846395,0.454763811,0.103639241,1.209,2018-09-04,1
2018-09-04 15:30:00,0.038273784,-0.796430932,-0.608368294,0.477115987,0.446777935,0.099683544,1.026,2018-09-04,1
2018-09-04 15:45:00,0.04947683,-0.759418374,-0.5441335820000001,0.482549634,0.439284761,0.0965189869999999,0.909,2018-09-04,1
2018-09-04 16:00:00,0.051646433,-0.72504957,-0.483566249,0.487565308,0.4325922279999999,0.09335443,1.415,2018-09-04,1
2018-09-04 16:15:00,0.027662449,-0.6946463979999999,-0.430166977,0.491745037,0.426926156,0.090981013,1.5759999999999998,2018-09-04,1
2018-09-04 16:30:00,-0.025630911,-0.669530734,-0.387547579,0.4950888189999999,0.422532898,0.089398734,1.885,2018-09-04,1
2018-09-04 16:45:00,-0.101961519,-0.653668209,-0.359319868,0.4971786829999999,0.419720392,0.088607595,2.2030000000000003,2018-09-04,1
2018-09-04 17:00:00,-0.195057248,-0.648380701,-0.349151224,0.498014629,0.418734988,0.087816456,2.798,2018-09-04,1
2018-09-04 17:15:00,-0.29864597,-0.648380701,-0.352318506,0.4963427379999999,0.42247131,0.088607595,2.489,2018-09-04,1
2018-09-04 17:30:00,-0.406455558,-0.648380701,-0.361097991,0.491745037,0.433023342,0.091772152,2.193,2018-09-04,1
2018-09-04 17:45:00,-0.512233607,-0.648380701,-0.374322785,0.4846394979999999,0.449344091,0.0965189869999999,1.862,2018-09-04,1
2018-09-04 18:00:00,-0.609668544,-0.648380701,-0.390937127,0.475444096,0.470386566,0.1020569619999999,1.285,2018-09-04,1
2018-09-14 08:00:00,-0.754361397,-0.518836748,-0.458227989,0.06415883,0.8352322879999999,0.352056962,2.004,2018-09-14,1
2018-09-14 08:15:00,-0.6499245570000001,-0.509583609,-0.45867252,0.075026123,0.8197942970000001,0.356803797,1.959,2018-09-14,1
2018-09-14 08:30:00,-0.541385193,-0.497686715,-0.459450449,0.0896551719999999,0.7884871999999999,0.362341772,0.984,2018-09-14,1
2018-09-14 08:45:00,-0.435271842,-0.484467944,-0.460561776,0.107210031,0.744410913,0.368670886,1.211,2018-09-14,1
2018-09-14 09:00:00,-0.338152484,-0.471249174,-0.461839802,0.126436782,0.690706411,0.375,1.639,2018-09-14,1
2018-09-14 09:15:00,-0.256595103,-0.455386649,-0.463228961,0.147335423,0.630514668,0.3813291139999999,2.405,2018-09-14,1
2018-09-14 09:30:00,-0.1971479569999999,-0.438202247,-0.4647292529999999,0.168652038,0.5669356,0.387658228,2.338,2018-09-14,1
2018-09-14 09:45:00,-0.150738158,-0.421017845,-0.466173978,0.1895506789999999,0.50311018,0.3931962029999999,3.039,2018-09-14,1
2018-09-14 10:00:00,-0.104466425,-0.402511566,-0.467563137,0.209613375,0.442179385,0.398734177,3.916,2018-09-14,1
2018-09-14 10:15:00,-0.05904281,-0.3840052879999999,-0.468730031,0.22800418,0.387243128,0.4034810129999999,4.6080000000000005,2018-09-14,1
2018-09-14 10:30:00,-0.015236536,-0.366820886,-0.469674659,0.243887147,0.341442385,0.407436709,2.577,2018-09-14,1
2018-09-14 10:45:00,0.026202897,-0.3496364839999999,-0.470341455,0.256844305,0.3078976,0.409018987,2.852,2018-09-14,1
2018-09-14 11:00:00,0.064545715,-0.332452082,-0.470563721,0.265203762,0.289749749,0.409810127,3.667,2018-09-14,1
2018-09-14 11:15:00,0.099042416,-0.31526768,-0.470341455,0.271473354,0.280573176,0.4082278479999999,4.706,2018-09-14,1
2018-09-14 11:30:00,0.128943502,-0.294117647,-0.469785792,0.277742947,0.271991953,0.401898734,5.122000000000001,2018-09-14,1
2018-09-14 11:45:00,0.153499472,-0.2729676139999999,-0.468952296,0.283594566,0.263985547,0.3931962029999999,6.256,2018-09-14,1
2018-09-14 12:00:00,0.1719805519999999,-0.250495704,-0.467896535,0.289028213,0.256636078,0.3821202529999999,6.392,2018-09-14,1
2018-09-14 12:15:00,0.183597795,-0.226701917,-0.466729642,0.294043887,0.249984603,0.368670886,8.246,2018-09-14,1
2018-09-14 12:30:00,0.187641148,-0.204230007,-0.465451616,0.298641588,0.244072181,0.353639241,8.533,2018-09-14,1
2018-09-14 12:45:00,0.178272404,-0.1830799739999999,-0.464229156,0.302821317,0.23893987,0.338607595,7.813,2018-09-14,1
2018-09-14 13:00:00,0.1517440659999999,-0.164573695,-0.463006696,0.306165099,0.234649258,0.32278481,8.347999999999999,2018-09-14,1
2018-09-14 13:15:00,0.1104624209999999,-0.14871117,-0.462006501,0.3090909089999999,0.231220874,0.308544304,6.557,2018-09-14,1
2018-09-14 13:30:00,0.056814035,-0.1368142759999999,-0.461173006,0.311180773,0.228716306,0.294303797,3.82,2018-09-14,1
2018-09-14 13:45:00,-0.006834252,-0.128883014,-0.460617342,0.312434692,0.227197142,0.283227848,2.157,2018-09-14,1
2018-09-14 14:00:00,-0.078076153,-0.12623926,-0.460395077,0.312852665,0.226663382,0.2737341769999999,2.855,2018-09-14,1
2018-09-14 14:15:00,-0.154544827,-0.131526768,-0.46111744,0.310344828,0.233889676,0.265031646,4.195,2018-09-14,1
2018-09-14 14:30:00,-0.233814262,-0.146067416,-0.463173395,0.304075235,0.254069923,0.257120253,2.458,2018-09-14,1
2018-09-14 14:45:00,-0.313537342,-0.167217449,-0.46645181,0.294043887,0.284904847,0.2484177219999999,1.128,2018-09-14,1
2018-09-14 15:00:00,-0.391307778,-0.196298744,-0.470897119,0.281504702,0.324115703,0.240506329,1.017,2018-09-14,1
2018-09-14 15:15:00,-0.46475873,-0.229345671,-0.4763981889999999,0.267293626,0.369403215,0.231803797,0.951,2018-09-14,1
2018-09-14 15:30:00,-0.531464187,-0.266358229,-0.48278832,0.252246604,0.418488637,0.2246835439999999,1.028,2018-09-14,1
2018-09-14 15:45:00,-0.589077031,-0.303370787,-0.4900675129999999,0.236363636,0.4691137529999999,0.217563291,1.083,2018-09-14,1
2018-09-14 16:00:00,-0.635467106,-0.341705221,-0.4980135029999999,0.221316614,0.518958757,0.212025316,0.485,2018-09-14,1
2018-09-14 16:15:00,-0.67793217,-0.378717779,-0.5065707220000001,0.207105538,0.565744904,0.206487342,0.521,2018-09-14,1
2018-09-14 16:30:00,-0.720121103,-0.411764706,-0.515628039,0.194984326,0.607213976,0.203322785,0.8009999999999999,2018-09-14,1
2018-09-14 16:45:00,-0.7613041290000001,-0.440846001,-0.525129886,0.185370951,0.64104617,0.200949367,1.108,2018-09-14,1
2018-09-14 17:00:00,-0.8007909190000001,-0.463317911,-0.5349095660000001,0.179519331,0.6649832689999999,0.200158228,0.985,2018-09-14,1
2018-09-14 17:15:00,-0.837891145,-0.48182419,-0.549023421,0.175757576,0.6827000059999999,0.201740506,0.955,2018-09-14,1
2018-09-14 17:30:00,-0.871875031,-0.500330469,-0.57041647,0.172831766,0.69943134,0.207278481,0.69,2018-09-14,1
2018-09-14 17:45:00,-0.902052248,-0.518836748,-0.597477287,0.1703239289999999,0.7151567409999999,0.215189873,0.909,2018-09-14,1
2018-09-14 18:00:00,-0.927752192,-0.53602115,-0.6285944489999999,0.168234065,0.729876209,0.226265823,0.8740000000000001,2018-09-14,1
2018-09-17 08:00:00,-0.864044733,-0.600793126,0.374600617,0.043260188,0.84061095,0.350474684,0.24,2018-09-17,1
2018-09-17 08:15:00,-0.801205116,-0.608724389,0.344594782,0.048693835,0.8329946009999999,0.359177215,1.116,2018-09-17,1
2018-09-17 08:30:00,-0.7333951340000001,-0.620621282,0.315033479,0.056635319,0.818398308,0.367879747,2.837,2018-09-17,1
2018-09-17 08:45:00,-0.663888916,-0.633840053,0.28586114,0.067084639,0.797930652,0.378164557,5.593,2018-09-17,1
2018-09-17 09:00:00,-0.595940868,-0.651024455,0.256911066,0.078787879,0.772659153,0.387658228,3.431,2018-09-17,1
2018-09-17 09:15:00,-0.53282512,-0.668208857,0.228127691,0.092163009,0.743712919,0.3979430379999999,1.954,2018-09-17,1
2018-09-17 09:30:00,-0.477835524,-0.685393258,0.199399883,0.106792059,0.71220053,0.40664557,2.266,2018-09-17,1
2018-09-17 09:45:00,-0.424759125,-0.70257766,0.1706165089999999,0.12183908,0.6791689759999999,0.415348101,2.199,2018-09-17,1
2018-09-17 10:00:00,-0.366396781,-0.718440185,0.141610869,0.1368861019999999,0.645747367,0.4232594939999999,1.881,2018-09-17,1
2018-09-17 10:15:00,-0.304641966,-0.7329808329999999,0.112382963,0.151933124,0.613023752,0.429588608,3.0460000000000003,2018-09-17,1
2018-09-17 10:30:00,-0.241388152,-0.743555849,0.082710527,0.166562173,0.582106711,0.434335443,3.114,2018-09-17,1
2018-09-17 10:45:00,-0.178528811,-0.750165235,0.052537993,0.179937304,0.554084293,0.4375,3.087,2018-09-17,1
2018-09-17 11:00:00,-0.117937693,-0.752808989,0.021809796,0.192058516,0.530065078,0.438291139,4.748,2018-09-17,1
2018-09-17 11:15:00,-0.061508269,-0.750165235,-0.010863223,0.203761755,0.507770319,0.436708861,5.917000000000001,2018-09-17,1
2018-09-17 11:30:00,-0.011094565,-0.740912095,-0.046203428,0.21630094,0.484551744,0.433544304,6.011,2018-09-17,1
2018-09-17 11:45:00,0.0313902229999999,-0.729015202,-0.08343289,0.229258098,0.460902055,0.4280063289999999,6.388,2018-09-17,1
2018-09-17 12:00:00,0.064052623,-0.7131526770000001,-0.1217181119999999,0.242215256,0.437293424,0.420886076,7.064,2018-09-17,1
2018-09-17 12:15:00,0.085058333,-0.6946463979999999,-0.1603367319999999,0.2551724139999999,0.414177496,0.412183544,4.328,2018-09-17,1
2018-09-17 12:30:00,0.092474433,-0.6748182420000001,-0.198510822,0.2677115989999999,0.392026442,0.402689873,4.313,2018-09-17,1
2018-09-17 12:45:00,0.092020789,-0.653668209,-0.235462451,0.279414838,0.371353493,0.3924050629999999,5.662000000000001,2018-09-17,1
2018-09-17 13:00:00,0.090679579,-0.633840053,-0.270358125,0.2902821319999999,0.3525897639999999,0.3821202529999999,4.2330000000000005,2018-09-17,1
2018-09-17 13:15:00,0.088450804,-0.614011897,-0.302475481,0.299477534,0.336248486,0.372626582,2.884,2018-09-17,1
2018-09-17 13:30:00,0.085354188,-0.5981493720000001,-0.330981024,0.307419018,0.322801831,0.363132911,2.553,2018-09-17,1
2018-09-17 13:45:00,0.081409454,-0.584930601,-0.355152391,0.313270637,0.312680914,0.353639241,3.401,2018-09-17,1
2018-09-17 14:00:00,0.076596878,-0.575677462,-0.374211652,0.31661442,0.306419495,0.346518987,2.887,2018-09-17,1
2018-09-17 14:15:00,0.070936184,-0.5690680770000001,-0.390381463,0.319122257,0.302313646,0.339398734,2.738,2018-09-17,1
2018-09-17 14:30:00,0.064427373,-0.563780568,-0.406273442,0.321630094,0.2984746769999999,0.331487342,2.593,2018-09-17,1
2018-09-17 14:45:00,0.057090167,-0.55849306,-0.42172089,0.323719958,0.294882059,0.323575949,3.262,2018-09-17,1
2018-09-17 15:00:00,0.04894429,-0.553205552,-0.436501542,0.32539185,0.291576851,0.314873418,2.849,2018-09-17,1
2018-09-17 15:15:00,0.03997002,-0.549239921,-0.450337566,0.327063741,0.288579582,0.306962025,1.724,2018-09-17,1
2018-09-17 15:30:00,0.0302068029999999,-0.545274289,-0.463062262,0.328735632,0.28591078,0.299050633,1.6,2018-09-17,1
2018-09-17 15:45:00,0.019634915,-0.542630535,-0.4743978,0.330407524,0.283570446,0.29193038,0.955,2018-09-17,1
2018-09-17 16:00:00,0.007702094,-0.538664904,-0.4841774789999999,0.331243469,0.281620168,0.2848101269999999,1.372,2018-09-17,1
2018-09-17 16:15:00,-0.02326407,-0.534699273,-0.492179035,0.332079415,0.280080475,0.280063291,1.157,2018-09-17,1
2018-09-17 16:30:00,-0.078036706,-0.5307336420000001,-0.498180202,0.332915361,0.278930837,0.275316456,1.3259999999999998,2018-09-17,1
2018-09-17 16:45:00,-0.151665171,-0.526768011,-0.501903148,0.333333333,0.278232843,0.272943038,0.685,2018-09-17,1
2018-09-17 17:00:00,-0.239238272,-0.522802379,-0.503181174,0.333333333,0.278007021,0.272151899,0.212,2018-09-17,1
2018-09-17 17:15:00,-0.33582509,-0.517514871,-0.503125608,0.331661442,0.282523455,0.2737341769999999,0.091,2018-09-17,1
2018-09-17 17:30:00,-0.436455262,-0.510905486,-0.502847776,0.326227795,0.295231057,0.277689873,0.122,2018-09-17,1
2018-09-17 17:45:00,-0.536257039,-0.5042960999999999,-0.502403245,0.318286311,0.314857014,0.2848101269999999,0.3,2018-09-17,1
2018-09-17 18:00:00,-0.6302403329999999,-0.497686715,-0.501792015,0.307836991,0.340107984,0.294303797,0.075,2018-09-17,1
2018-11-04 08:00:00,-0.979309869,-0.791143424,-0.084377518,-0.425287356,0.875777545,0.301424051,0.0,2018-11-04,1
2018-11-04 08:15:00,-0.938836895,-0.7832121609999999,-0.0902675519999999,-0.423615465,0.869085012,0.300632911,0.0,2018-11-04,1
2018-11-04 08:30:00,-0.883452826,-0.763384005,-0.1065484959999999,-0.418181818,0.850321283,0.299841772,0.0,2018-11-04,1
2018-11-04 08:45:00,-0.8190747629999999,-0.7329808329999999,-0.131275526,-0.410240334,0.82135452,0.299050633,0.0,2018-11-04,1
2018-11-04 09:00:00,-0.7516198070000001,-0.695968275,-0.162448254,-0.399373041,0.784093942,0.297468354,0.0,2018-11-04,1
2018-11-04 09:15:00,-0.686985335,-0.652346332,-0.19823299,-0.387251829,0.7404077109999999,0.295886076,0.0,2018-11-04,1
2018-11-04 09:30:00,-0.631068727,-0.6074025120000001,-0.236518212,-0.373040752,0.692225575,0.293512658,0.0,2018-11-04,1
2018-11-04 09:45:00,-0.577992327,-0.561136814,-0.275414664,-0.3584117029999999,0.641415697,0.290348101,0.0,2018-11-04,1
2018-11-04 10:00:00,-0.519274958,-0.518836748,-0.312977523,-0.342946708,0.589907824,0.287974684,0.0,2018-11-04,1
2018-11-04 10:15:00,-0.4568495379999999,-0.4805023129999999,-0.347261968,-0.327481714,0.539549588,0.2848101269999999,0.01,2018-11-04,1
2018-11-04 10:30:00,-0.392708159,-0.450099141,-0.376212041,-0.312434692,0.49227074,0.28085443,0.08,2018-11-04,1
2018-11-04 10:45:00,-0.328764016,-0.430270985,-0.397938488,-0.298641588,0.449939439,0.277689873,0.124,2018-11-04,1
2018-11-04 11:00:00,-0.267009201,-0.422339722,-0.4104409189999999,-0.286102403,0.414485435,0.2737341769999999,0.22,2018-11-04,1
2018-11-04 11:15:00,-0.209396357,-0.423661599,-0.417497847,-0.273563218,0.381843937,0.267405063,0.506,2018-11-04,1
2018-11-04 11:30:00,-0.157858404,-0.4263053539999999,-0.424221376,-0.259770115,0.347293219,0.257120253,0.8909999999999999,2018-11-04,1
2018-11-04 11:45:00,-0.114367708,-0.431592862,-0.430555941,-0.244723093,0.3117365689999999,0.244462025,1.709,2018-11-04,1
2018-11-04 12:00:00,-0.080876914,-0.43688037,-0.436334843,-0.229258098,0.276118331,0.228639241,2.98,2018-11-04,1
2018-11-04 12:15:00,-0.059358389,-0.4421678779999999,-0.4416692129999999,-0.213793103,0.241280204,0.211234177,5.237,2018-11-04,1
2018-11-04 12:30:00,-0.051745052,-0.448777264,-0.44644792,-0.198746082,0.208166533,0.192246835,6.353,2018-11-04,1
2018-11-04 12:45:00,-0.055689786,-0.455386649,-0.450615397,-0.184952978,0.177680606,0.173259494,5.403,2018-11-04,1
2018-11-04 13:00:00,-0.067011173,-0.461996034,-0.454116078,-0.172413793,0.15068465,0.155063291,4.324,2018-11-04,1
2018-11-04 13:15:00,-0.0849399909999999,-0.4672835429999999,-0.456894396,-0.161546499,0.12814354,0.137658228,4.523,2018-11-04,1
2018-11-04 13:30:00,-0.108766186,-0.471249174,-0.4590059179999999,-0.1536050159999999,0.110919505,0.121835443,5.737,2018-11-04,1
2018-11-04 13:45:00,-0.137700812,-0.473892928,-0.460228378,-0.148171369,0.09991583,0.108386076,5.271,2018-11-04,1
2018-11-04 14:00:00,-0.1709943689999999,-0.475214805,-0.4606729089999999,-0.146499478,0.096035803,0.098892405,4.484,2018-11-04,1
2018-11-04 14:15:00,-0.207897358,-0.472571051,-0.460617342,-0.148171369,0.0982734909999999,0.090981013,4.908,2018-11-04,1
2018-11-04 14:30:00,-0.2476602789999999,-0.4672835429999999,-0.46033951,-0.15276907,0.104678615,0.082278481,3.4560000000000004,2018-11-04,1
2018-11-04 14:45:00,-0.289553357,-0.45935228,-0.459950546,-0.159874608,0.114799532,0.074367089,3.052,2018-11-04,1
2018-11-04 15:00:00,-0.332767921,-0.450099141,-0.459450449,-0.169487983,0.128205128,0.067246835,2.251,2018-11-04,1
2018-11-04 15:15:00,-0.376593919,-0.4395241239999999,-0.458783652,-0.1803552769999999,0.144464289,0.060126582,1.199,2018-11-04,1
2018-11-04 15:30:00,-0.420281851,-0.427627231,-0.458005723,-0.1924764889999999,0.163104843,0.053006329,1.456,2018-11-04,1
2018-11-04 15:45:00,-0.463042771,-0.415730337,-0.457116662,-0.205433647,0.1836956739999999,0.047468354,1.1909999999999998,2018-11-04,1
2018-11-04 16:00:00,-0.5045019279999999,-0.4038334429999999,-0.456116467,-0.218390805,0.205785141,0.04193038,1.029,2018-11-04,1
2018-11-04 16:15:00,-0.554955079,-0.394580304,-0.455060706,-0.231347962,0.228942128,0.037974684,0.95,2018-11-04,1
2018-11-04 16:30:00,-0.616295697,-0.386649042,-0.453893813,-0.243469175,0.252714993,0.034810127,0.863,2018-11-04,1
2018-11-04 16:45:00,-0.68432264,-0.381361533,-0.4526713529999999,-0.254336468,0.27667262,0.032436709,0.6,2018-11-04,1
2018-11-04 17:00:00,-0.754874212,-0.380039656,-0.451393326,-0.26353187,0.300342838,0.03164557,0.345,2018-11-04,1
2018-11-04 17:15:00,-0.823709825,-0.380039656,-0.4492262379999999,-0.271891327,0.3288374289999999,0.034018987,0.1969999999999999,2018-11-04,1
2018-11-04 17:30:00,-0.8866480609999999,-0.38268341,-0.4457255579999999,-0.280668757,0.366077477,0.040348101,0.123,2018-11-04,1
2018-11-04 17:45:00,-0.939487776,-0.386649042,-0.44111355,-0.289028213,0.409948472,0.049841772,0.0,2018-11-04,1
2018-11-04 18:00:00,-0.97802783,-0.39193655,-0.4357236129999999,-0.29738767,0.458274312,0.061708861,0.0,2018-11-04,1
2018-11-06 08:00:00,-1.0,-0.906146728,-0.680104465,-0.5519331239999999,0.7640574,0.465189873,0.0,2018-11-06,1
2018-11-06 08:15:00,-0.940789539,-0.90085922,-0.680104465,-0.543573668,0.757364866,0.46914557,0.176,2018-11-06,1
2018-11-06 08:30:00,-0.88272305,-0.8863185720000001,-0.680048898,-0.5339602929999999,0.7449857320000001,0.473101266,0.418,2018-11-06,1
2018-11-06 08:45:00,-0.81406495,-0.863846662,-0.680048898,-0.5235109720000001,0.727864343,0.477056962,0.439,2018-11-06,1
2018-11-06 09:00:00,-0.741225432,-0.834765367,-0.679993332,-0.512225705,0.7069245140000001,0.481012658,0.604,2018-11-06,1
2018-11-06 09:15:00,-0.670575241,-0.803040317,-0.6799377659999999,-0.500522466,0.6831105909999999,0.484177215,1.222,2018-11-06,1
2018-11-06 09:30:00,-0.608485123,-0.7686715140000001,-0.679882199,-0.488819227,0.65734639,0.487341772,1.6669999999999998,2018-11-06,1
2018-11-06 09:45:00,-0.5483082020000001,-0.735624587,-0.679826633,-0.477115987,0.630535197,0.4905063289999999,2.3040000000000003,2018-11-06,1
2018-11-06 10:00:00,-0.480774351,-0.70257766,-0.679771067,-0.465412748,0.603641888,0.492879747,3.969,2018-11-06,1
2018-11-06 10:15:00,-0.408270135,-0.6748182420000001,-0.679659934,-0.454545455,0.577549219,0.495253165,6.204,2018-11-06,1
2018-11-06 10:30:00,-0.3332018419999999,-0.652346332,-0.6795488009999999,-0.444932079,0.553222065,0.496835443,6.292999999999999,2018-11-06,1
2018-11-06 10:45:00,-0.25797576,-0.637805684,-0.6794376679999999,-0.435736677,0.531584242,0.497626582,6.652,2018-11-06,1
2018-11-06 11:00:00,-0.184978452,-0.631196299,-0.6793265359999999,-0.428213166,0.5135390360000001,0.497626582,5.912000000000001,2018-11-06,1
2018-11-06 11:15:00,-0.1166162069999999,-0.633840053,-0.670213653,-0.4211076279999999,0.497238817,0.495253165,6.068,2018-11-06,1
2018-11-06 11:30:00,-0.055315036,-0.639127561,-0.6452643570000001,-0.41400209,0.480445895,0.487341772,5.228,2018-11-06,1
2018-11-06 11:45:00,-0.0034417809999999,-0.647058824,-0.607701498,-0.406896552,0.46348874,0.474683544,5.531000000000001,2018-11-06,1
2018-11-06 12:00:00,0.036577549,-0.65763384,-0.560581224,-0.399791014,0.446675289,0.458860759,5.115,2018-11-06,1
2018-11-06 12:15:00,0.062356387,-0.669530734,-0.507181952,-0.3931034479999999,0.4303955989999999,0.440664557,4.478,2018-11-06,1
2018-11-06 12:30:00,0.071468723,-0.682749504,-0.450559831,-0.386833856,0.414957607,0.420886076,5.521,2018-11-06,1
2018-11-06 12:45:00,0.06817487,-0.6946463979999999,-0.393993276,-0.381400209,0.4006897829999999,0.400316456,5.553999999999999,2018-11-06,1
2018-11-06 13:00:00,0.0586286129999999,-0.7065432909999999,-0.340594004,-0.376384535,0.387961651,0.378955696,5.127999999999999,2018-11-06,1
2018-11-06 13:15:00,0.043342768,-0.717118308,-0.293584864,-0.372204807,0.377101681,0.359177215,5.32,2018-11-06,1
2018-11-06 13:30:00,0.022889321,-0.726371447,-0.256077571,-0.368861024,0.368417811,0.3409810129999999,5.045,2018-11-06,1
2018-11-06 13:45:00,-0.002199189,-0.731658956,-0.231183841,-0.3671891329999999,0.362300096,0.325158228,4.508,2018-11-06,1
2018-11-06 14:00:00,-0.03142967,-0.7329808329999999,-0.222237657,-0.366353187,0.359056476,0.3125,3.982,2018-11-06,1
2018-11-06 14:15:00,-0.064249859,-0.7329808329999999,-0.2271274969999999,-0.366353187,0.357414136,0.301424051,4.032,2018-11-06,1
2018-11-06 14:30:00,-0.100107494,-0.7329808329999999,-0.240796822,-0.36677116,0.355874443,0.290348101,3.313,2018-11-06,1
2018-11-06 14:45:00,-0.138509482,-0.731658956,-0.261411941,-0.367607106,0.354478455,0.279272152,2.98,2018-11-06,1
2018-11-06 15:00:00,-0.178883837,-0.731658956,-0.287361431,-0.3680250779999999,0.353205641,0.268987342,2.654,2018-11-06,1
2018-11-06 15:15:00,-0.220717744,-0.7303370790000001,-0.316922735,-0.369278997,0.352056004,0.258702532,2.302,2018-11-06,1
2018-11-06 15:30:00,-0.263478664,-0.729015202,-0.348373295,-0.370532915,0.351050071,0.2484177219999999,2.117,2018-11-06,1
2018-11-06 15:45:00,-0.306634057,-0.727693325,-0.379990554,-0.371786834,0.350167313,0.23971519,1.631,2018-11-06,1
2018-11-06 16:00:00,-0.3501642,-0.726371447,-0.410051955,-0.373040752,0.34944879,0.231803797,1.182,2018-11-06,1
2018-11-06 16:15:00,-0.409394385,-0.723727693,-0.436890506,-0.374712644,0.3488945,0.2254746839999999,0.989,2018-11-06,1
2018-11-06 16:30:00,-0.486888689,-0.722405816,-0.4588392189999999,-0.376384535,0.348463386,0.220727848,0.7859999999999999,2018-11-06,1
2018-11-06 16:45:00,-0.576197473,-0.719762062,-0.474064401,-0.378056426,0.348217035,0.217563291,0.3929999999999999,2018-11-06,1
2018-11-06 17:00:00,-0.670851372,-0.718440185,-0.481010196,-0.3797283179999999,0.3481349179999999,0.216772152,0.196,2018-11-06,1
2018-11-06 17:15:00,-0.764400746,-0.7131526770000001,-0.482899453,-0.382236155,0.353041407,0.217563291,0.06,2018-11-06,1
2018-11-06 17:30:00,-0.8504354,-0.705221414,-0.4843997439999999,-0.38599791,0.366754942,0.222310127,0.026,2018-11-06,1
2018-11-06 17:45:00,-0.922466248,-0.6946463979999999,-0.485566638,-0.390595611,0.387859005,0.228639241,0.0,2018-11-06,1
2018-11-06 18:00:00,-0.974063372,-0.681427627,-0.4864557,-0.396029258,0.414854961,0.236550633,0.0,2018-11-06,1
2018-11-26 08:00:00,-1.0,-0.748843358,0.544244714,-0.475862069,-0.3332306869999999,0.413765823,0.0,2018-11-26,1
2018-11-26 08:15:00,-1.0,-0.7475214809999999,0.551968438,-0.472518286,-0.337849767,0.422468354,0.0,2018-11-26,1
2018-11-26 08:30:00,-0.949803256,-0.7475214809999999,0.559303198,-0.46415883,-0.3470468679999999,0.432753165,0.0819999999999999,2018-11-26,1
2018-11-26 08:45:00,-0.893906372,-0.7448777259999999,0.566304559,-0.451619645,-0.359857116,0.4438291139999999,0.436,2018-11-26,1
2018-11-26 09:00:00,-0.8294099659999999,-0.743555849,0.5728058229999999,-0.435736677,-0.375315637,0.4556962029999999,0.736,2018-11-26,1
2018-11-26 09:15:00,-0.765268587,-0.740912095,0.57880699,-0.4169279,-0.392519144,0.467563291,1.21,2018-11-26,1
2018-11-26 09:30:00,-0.710515675,-0.7369464640000001,0.584196927,-0.396029258,-0.410502761,0.47943038,1.86,2018-11-26,1
2018-11-26 09:45:00,-0.660437274,-0.7329808329999999,0.588920068,-0.374294671,-0.428301616,0.4905063289999999,2.506,2018-11-26,1
2018-11-26 10:00:00,-0.605526573,-0.729015202,0.5929764120000001,-0.352560084,-0.444991891,0.5007911389999999,3.284,2018-11-26,1
2018-11-26 10:15:00,-0.5475784260000001,-0.72504957,0.596199261,-0.330825496,-0.459629242,0.509493671,3.749,2018-11-26,1
2018-11-26 10:30:00,-0.48828907,-0.719762062,0.598588614,-0.3107627999999999,-0.4712487939999999,0.515822785,3.882,2018-11-26,1
2018-11-26 10:45:00,-0.429433635,-0.714474554,0.600088906,-0.292371996,-0.478926731,0.52056962,3.672,2018-11-26,1
2018-11-26 11:00:00,-0.372747803,-0.7091870459999999,0.600589003,-0.276907001,-0.48167765,0.522151899,4.117,2018-11-26,1
2018-11-26 11:15:00,-0.319986982,-0.6999339059999999,0.600589003,-0.262695925,-0.4815955329999999,0.5189873420000001,3.827,2018-11-26,1
2018-11-26 11:30:00,-0.272906579,-0.685393258,0.600477871,-0.247648903,-0.481369711,0.51028481,3.858,2018-11-26,1
2018-11-26 11:45:00,-0.233242276,-0.664243225,0.6003111720000001,-0.232183908,-0.480959126,0.496835443,4.922,2018-11-26,1
2018-11-26 12:00:00,-0.20274948,-0.640449438,0.600088906,-0.21630094,-0.480425366,0.481012658,5.7010000000000005,2018-11-26,1
2018-11-26 12:15:00,-0.1831638739999999,-0.61269002,0.599866641,-0.200835946,-0.479727372,0.462025316,6.636,2018-11-26,1
2018-11-26 12:30:00,-0.176260589,-0.586252479,0.599533243,-0.1862068969999999,-0.478906202,0.442246835,6.103,2018-11-26,1
2018-11-26 12:45:00,-0.178390746,-0.55849306,0.5991442779999999,-0.172831766,-0.477941327,0.422468354,4.85,2018-11-26,1
2018-11-26 13:00:00,-0.184623426,-0.533377396,0.5986997470000001,-0.161128527,-0.476853277,0.404272152,3.715,2018-11-26,1
2018-11-26 13:15:00,-0.194662775,-0.5122273629999999,0.59819965,-0.151097179,-0.475662581,0.387658228,4.125,2018-11-26,1
2018-11-26 13:30:00,-0.208212937,-0.493721084,0.597699553,-0.143573668,-0.47432818,0.375,4.035,2018-11-26,1
2018-11-26 13:45:00,-0.2249780569999999,-0.483146067,0.5970883229999999,-0.138557994,-0.4728911329999999,0.3662974679999999,3.573,2018-11-26,1
2018-11-26 14:00:00,-0.244662281,-0.479180436,0.596477093,-0.1368861019999999,-0.471371969,0.363132911,3.2880000000000003,2018-11-26,1
2018-11-26 14:15:00,-0.266969754,-0.483146067,0.594254438,-0.137304075,-0.468682638,0.363132911,3.753,2018-11-26,1
2018-11-26 14:30:00,-0.291624343,-0.497686715,0.5892534660000001,-0.138975967,-0.463981442,0.363132911,3.957,2018-11-26,1
2018-11-26 14:45:00,-0.318349918,-0.518836748,0.582085405,-0.141065831,-0.457412084,0.363132911,3.916,2018-11-26,1
2018-11-26 15:00:00,-0.346811175,-0.545274289,0.573305921,-0.144409613,-0.449200386,0.363924051,2.882,2018-11-26,1
2018-11-26 15:15:00,-0.376751709,-0.574355585,0.5634151079999999,-0.1485893419999999,-0.439551641,0.363924051,2.967,2018-11-26,1
2018-11-26 15:30:00,-0.407855938,-0.606080635,0.553079766,-0.153187043,-0.428671142,0.36471519,3.277,2018-11-26,1
2018-11-26 15:45:00,-0.4398477329999999,-0.637805684,0.5427444229999999,-0.158202717,-0.416723122,0.3655063289999999,2.697,2018-11-26,1
2018-11-26 16:00:00,-0.472983501,-0.668208857,0.53302031,-0.164054336,-0.4039334029999999,0.3662974679999999,2.668,2018-11-26,1
2018-11-26 16:15:00,-0.523574718,-0.693324521,0.524518656,-0.169905956,-0.3905072779999999,0.367088608,2.023,2018-11-26,1
2018-11-26 16:30:00,-0.593712094,-0.714474554,0.51773956,-0.176593521,-0.376629509,0.367879747,1.614,2018-11-26,1
2018-11-26 16:45:00,-0.675762566,-0.729015202,0.513238685,-0.1832810869999999,-0.362505389,0.368670886,1.286,2018-11-26,1
2018-11-26 17:00:00,-0.7621128,-0.73430271,0.511627261,-0.189968652,-0.348319681,0.369462025,1.095,2018-11-26,1
2018-11-26 17:15:00,-0.8451297320000001,-0.726371447,0.5120717920000001,-0.198746082,-0.3316909939999999,0.371835443,0.7959999999999999,2018-11-26,1
2018-11-26 17:30:00,-0.917200028,-0.7078651690000001,0.513294252,-0.2108672939999999,-0.310730636,0.375791139,0.467,2018-11-26,1
2018-11-26 17:45:00,-0.970710348,-0.68010575,0.515127942,-0.225914316,-0.286382953,0.3813291139999999,0.125,2018-11-26,1
2018-11-26 18:00:00,-1.0,-0.645736946,0.517461729,-0.243051202,-0.259653877,0.388449367,0.0,2018-11-26,1
2018-12-02 08:00:00,-1.0,-0.086582948,0.528963965,-0.539811912,-0.158301,-0.122626582,0.0,2018-12-02,1
2018-12-02 08:15:00,-1.0,-0.0892267019999999,0.538521379,-0.5339602929999999,-0.161421445,-0.1123417719999999,0.0,2018-12-02,1
2018-12-02 08:30:00,-0.956667094,-0.0958360869999999,0.547856528,-0.520167189,-0.170105315,-0.101265823,0.049,2018-12-02,1
2018-12-02 08:45:00,-0.8907900320000001,-0.106411104,0.556802712,-0.500522466,-0.183387736,-0.090189873,0.6629999999999999,2018-12-02,1
2018-12-02 09:00:00,-0.8106724790000001,-0.118307997,0.5652487979999999,-0.475862069,-0.200303833,-0.079905063,1.5419999999999998,2018-12-02,1
2018-12-02 09:15:00,-0.729529295,-0.132848645,0.573139222,-0.448275862,-0.2198271439999999,-0.0696202529999999,2.37,2018-12-02,1
2018-12-02 09:30:00,-0.660516168,-0.147389293,0.580307282,-0.418181818,-0.2409927939999999,-0.060126582,2.815,2018-12-02,1
2018-12-02 09:45:00,-0.598445775,-0.163251818,0.586697413,-0.388087774,-0.26283591,-0.051424051,2.639,2018-12-02,1
2018-12-02 10:00:00,-0.530714687,-0.176470588,0.592198483,-0.3584117029999999,-0.2843710869999999,-0.0435126579999999,2.884,2018-12-02,1
2018-12-02 10:15:00,-0.459453063,-0.1896893589999999,0.5966437920000001,-0.331661442,-0.304592392,-0.037183544,3.9,2018-12-02,1
2018-12-02 10:30:00,-0.38675161,-0.198942498,0.599977773,-0.308254963,-0.3225144219999999,-0.032436709,4.172,2018-12-02,1
2018-12-02 10:45:00,-0.314701038,-0.205551884,0.602089295,-0.289864159,-0.337192831,-0.030063291,5.324,2018-12-02,1
2018-12-02 11:00:00,-0.245431505,-0.208195638,0.602922791,-0.2785788919999999,-0.3476011579999999,-0.028481013,4.368,2018-12-02,1
2018-12-02 11:15:00,-0.181053441,-0.204230007,0.602978357,-0.270637409,-0.355545975,-0.03085443,5.115,2018-12-02,1
2018-12-02 11:30:00,-0.123657558,-0.194976867,0.6030339229999999,-0.26353187,-0.363408676,-0.038765823,4.863,2018-12-02,1
2018-12-02 11:45:00,-0.075334563,-0.1791143419999999,0.60308949,-0.256426332,-0.371025025,-0.0490506329999999,4.847,2018-12-02,1
2018-12-02 12:00:00,-0.038234337,-0.159286186,0.603145056,-0.249738767,-0.378333436,-0.063291139,5.874,2018-12-02,1
2018-12-02 12:15:00,-0.0144081419999999,-0.1368142759999999,0.603145056,-0.243469175,-0.3852107329999999,-0.079113924,6.082999999999999,2018-12-02,1
2018-12-02 12:30:00,-0.006005858,-0.113020489,0.603145056,-0.238035528,-0.391513211,-0.0965189869999999,6.757999999999999,2018-12-02,1
2018-12-02 12:45:00,-0.007623199,-0.0892267019999999,0.603200622,-0.233437827,-0.397158753,-0.113924051,6.301,2018-12-02,1
2018-12-02 13:00:00,-0.012337156,-0.066754792,0.603200622,-0.229258098,-0.4020447129999999,-0.131329114,7.112,2018-12-02,1
2018-12-02 13:15:00,-0.020029388,-0.048248513,0.603256189,-0.225914316,-0.406027386,-0.147151899,7.93,2018-12-02,1
2018-12-02 13:30:00,-0.030561829,-0.032385988,0.603311755,-0.223406479,-0.409004126,-0.160601266,7.616,2018-12-02,1
2018-12-02 13:45:00,-0.043776689,-0.021810972,0.603367321,-0.2217345869999999,-0.410872288,-0.171677215,8.526,2018-12-02,1
2018-12-02 14:00:00,-0.0595556259999999,-0.01784534,0.603422888,-0.221316614,-0.4115292229999999,-0.178006329,6.164,2018-12-02,1
2018-12-02 14:15:00,-0.077760574,-0.021810972,0.604256383,-0.22215256,-0.411447106,-0.182753165,7.572,2018-12-02,1
2018-12-02 14:30:00,-0.098233745,-0.033707865,0.606367905,-0.224242424,-0.411180226,-0.1875,7.332999999999999,2018-12-02,1
2018-12-02 14:45:00,-0.120817349,-0.052214144,0.609535187,-0.2275862069999999,-0.410749112,-0.191455696,4.671,2018-12-02,1
2018-12-02 15:00:00,-0.145412767,-0.073364177,0.613480399,-0.232183908,-0.410153764,-0.195411392,4.279,2018-12-02,1
2018-12-02 15:15:00,-0.17186221,-0.098479841,0.617925708,-0.238035528,-0.4093736529999999,-0.199367089,4.086,2018-12-02,1
2018-12-02 15:30:00,-0.200027613,-0.12623926,0.6225932820000001,-0.24430512,-0.408449837,-0.202531646,3.3080000000000003,2018-12-02,1
2018-12-02 15:45:00,-0.229751186,-0.152676801,0.627260856,-0.251828631,-0.407361787,-0.204905063,3.005,2018-12-02,1
2018-12-02 16:00:00,-0.261821876,-0.177792465,0.631706165,-0.259352142,-0.406130032,-0.20806962,2.567,2018-12-02,1
2018-12-02 16:15:00,-0.323162493,-0.200264375,0.63559581,-0.2677115989999999,-0.4047340439999999,-0.2096518989999999,2.425,2018-12-02,1
2018-12-02 16:30:00,-0.417461366,-0.2174487769999999,0.638707526,-0.276489028,-0.40319435,-0.211234177,1.381,2018-12-02,1
2018-12-02 16:45:00,-0.532627883,-0.229345671,0.640763482,-0.284848485,-0.401490423,-0.212025316,1.024,2018-12-02,1
2018-12-02 17:00:00,-0.656551711,-0.233311302,0.641485844,-0.293625914,-0.39966332,-0.212816456,1.007,2018-12-02,1
2018-12-02 17:15:00,-0.7771619609999999,-0.229345671,0.640874615,-0.304075235,-0.392950258,-0.211234177,0.431,2018-12-02,1
2018-12-02 17:30:00,-0.8823483,-0.2187706539999999,0.639096491,-0.317868339,-0.3776764999999999,-0.207278481,0.4029999999999999,2018-12-02,1
2018-12-02 17:45:00,-0.960020118,-0.201586252,0.6363737389999999,-0.333751306,-0.355320154,-0.200949367,0.221,2018-12-02,1
2018-12-02 18:00:00,-1.0,-0.181758096,0.632928625,-0.3517241379999999,-0.32744144,-0.193829114,0.021,2018-12-02,1
2018-12-28 08:00:00,-1.0,-0.669530734,-0.325368822,-0.757575758,0.492496561,0.0696202529999999,0.0,2018-12-28,1
2018-12-28 08:15:00,-1.0,-0.673496365,-0.32020115,-0.7567398120000001,0.489848289,0.075949367,0.0,2018-12-28,1
2018-12-28 08:30:00,-1.0,-0.6774619959999999,-0.3158669739999999,-0.754649948,0.482437232,0.08306962,0.0,2018-12-28,1
2018-12-28 08:45:00,-0.975108727,-0.681427627,-0.312088462,-0.751306165,0.470981914,0.090981013,0.0,2018-12-28,1
2018-12-28 09:00:00,-0.931263005,-0.686715135,-0.308698914,-0.746708464,0.456221387,0.0981012659999999,0.0,2018-12-28,1
2018-12-28 09:15:00,-0.880080078,-0.6920026440000001,-0.305476065,-0.741274817,0.438853647,0.106012658,0.0,2018-12-28,1
2018-12-28 09:30:00,-0.834360608,-0.695968275,-0.30219765,-0.735423197,0.419638275,0.113132911,0.0,2018-12-28,1
2018-12-28 09:45:00,-0.792763385,-0.70257766,-0.298696969,-0.729153605,0.3993143229999999,0.120253165,0.0,2018-12-28,1
2018-12-28 10:00:00,-0.746412757,-0.7078651690000001,-0.294807324,-0.72246604,0.378600316,0.125791139,0.0,2018-12-28,1
2018-12-28 10:15:00,-0.696906342,-0.714474554,-0.290250882,-0.715778474,0.358214777,0.131329114,0.03,2018-12-28,1
2018-12-28 10:30:00,-0.645822033,-0.721083939,-0.284916512,-0.709090909,0.3388967579999999,0.134493671,0.055,2018-12-28,1
2018-12-28 10:45:00,-0.594777172,-0.729015202,-0.278470814,-0.702403344,0.321385313,0.137658228,0.1119999999999999,2018-12-28,1
2018-12-28 11:00:00,-0.545349651,-0.7369464640000001,-0.270858222,-0.6965517240000001,0.306419495,0.138449367,0.153,2018-12-28,1
2018-12-28 11:15:00,-0.499156813,-0.748843358,-0.254688412,-0.691118077,0.2935066,0.13528481,0.309,2018-12-28,1
2018-12-28 11:30:00,-0.457776551,-0.764705882,-0.224460312,-0.684848485,0.281517522,0.1281645569999999,0.484,2018-12-28,1
2018-12-28 11:45:00,-0.422826205,-0.7832121609999999,-0.182563276,-0.678996865,0.270246967,0.117088608,0.483,2018-12-28,1
2018-12-28 12:00:00,-0.39588367,-0.805684071,-0.131275526,-0.672727273,0.259469114,0.102848101,0.5479999999999999,2018-12-28,1
2018-12-28 12:15:00,-0.378526839,-0.828155981,-0.07304198,-0.666039707,0.248958141,0.0870253159999999,0.607,2018-12-28,1
2018-12-28 12:30:00,-0.372392777,-0.8519497690000001,-0.010196427,-0.659770115,0.238467697,0.070411392,0.467,2018-12-28,1
2018-12-28 12:45:00,-0.3737931579999999,-0.874421679,0.0548717809999999,-0.65308255,0.22779249,0.053006329,0.449,2018-12-28,1
2018-12-28 13:00:00,-0.3778759579999999,-0.8955717120000001,0.119828856,-0.6468129570000001,0.2167066989999999,0.037183544,0.521,2018-12-28,1
2018-12-28 13:15:00,-0.384463664,-0.914077991,0.182285444,-0.6401253920000001,0.2049845,0.022943038,0.698,2018-12-28,1
2018-12-28 13:30:00,-0.393398487,-0.928618638,0.239852193,-0.633855799,0.192379545,0.0118670889999999,0.8109999999999999,2018-12-28,1
2018-12-28 13:45:00,-0.404483191,-0.937871778,0.290250882,-0.62800418,0.178707068,0.004746835,0.866,2018-12-28,1
2018-12-28 14:00:00,-0.417559985,-0.940515532,0.33103659,-0.6217345870000001,0.163700191,0.001582278,1.097,2018-12-28,1
2018-12-28 14:15:00,-0.432451356,-0.936549901,0.366988025,-0.615464995,0.14499805,0.002373418,1.101,2018-12-28,1
2018-12-28 14:30:00,-0.4489797929999999,-0.925974884,0.403995221,-0.608777429,0.121204656,0.002373418,0.8420000000000001,2018-12-28,1
2018-12-28 14:45:00,-0.466987505,-0.908790482,0.4412246829999999,-0.6012539179999999,0.093613352,0.003164557,0.747,2018-12-28,1
2018-12-28 15:00:00,-0.486277256,-0.887640449,0.47789848,-0.593730408,0.063476422,0.004746835,0.792,2018-12-28,1
2018-12-28 15:15:00,-0.506691256,-0.862524785,0.513238685,-0.586624869,0.032107737,0.006329114,0.741,2018-12-28,1
2018-12-28 15:30:00,-0.5280519920000001,-0.834765367,0.546467369,-0.579101358,0.000759582,0.007911392,0.635,2018-12-28,1
2018-12-28 15:45:00,-0.550201675,-0.805684071,0.576695469,-0.572831766,-0.029274702,0.009493671,0.485,2018-12-28,1
2018-12-28 16:00:00,-0.5733769879999999,-0.777924653,0.603256189,-0.566562173,-0.0567223009999999,0.0118670889999999,0.402,2018-12-28,1
2018-12-28 16:15:00,-0.610477214,-0.750165235,0.625260467,-0.561546499,-0.080310402,0.014240506,0.344,2018-12-28,1
2018-12-28 16:30:00,-0.663376101,-0.726371447,0.641985942,-0.557784744,-0.098725134,0.016613924,0.2689999999999999,2018-12-28,1
2018-12-28 16:45:00,-0.726373507,-0.705221414,0.652599116,-0.555276907,-0.1107142119999999,0.019778481,0.186,2018-12-28,1
2018-12-28 17:00:00,-0.793789016,-0.68935889,0.656266496,-0.5544409610000001,-0.115004824,0.022151899,0.136,2018-12-28,1
2018-12-28 17:15:00,-0.859961933,-0.676140119,0.655210735,-0.55569488,-0.113937304,0.026107595,0.066,2018-12-28,1
2018-12-28 17:30:00,-0.919192118,-0.6655651020000001,0.652210152,-0.55862069,-0.110898976,0.03085443,0.0,2018-12-28,1
2018-12-28 17:45:00,-0.965799154,-0.654990086,0.6477648429999999,-0.563218391,-0.106115662,0.037183544,0.0,2018-12-28,1
2018-12-28 18:00:00,-1.0,-0.647058824,0.6420970739999999,-0.5694879829999999,-0.099813184,0.044303797,0.0,2018-12-28,1
